ACCIDENT_NO,ACCIDENT_DATE,ACCIDENT_TIME,ACCIDENT_TYPE,ACCIDENT_TYPE_DESC,DAY_OF_WEEK,DAY_WEEK_DESC,DCA_CODE,DCA_DESC,LIGHT_CONDITION,NODE_ID,NO_OF_VEHICLES,NO_PERSONS_KILLED,NO_PERSONS_INJ_2,NO_PERSONS_INJ_3,NO_PERSONS_NOT_INJ,NO_PERSONS,POLICE_ATTEND,ROAD_GEOMETRY,ROAD_GEOMETRY_DESC,SEVERITY,SPEED_ZONE,RMA,AGE_GROUP,INJ_LEVEL,ROAD_USER_TYPE_DESC
T20120004622,2/26/2012,7:50:00,1,Collision with vehicle,1,Sunday,116,LEFT NEAR (INTERSECTIONS ONLY),1,41179,2,0,1,0,1,2,1,1,Cross intersection,2,60,Arterial Other,30-39,Serious injury,Bicyclists
T20120004627,1/13/2012,9:30:00,8,No collision and no object struck,6,Friday,170,OFF CARRIAGEWAY TO LEFT,1,250836,2,0,0,1,1,2,2,5,Not at intersection,3,60,Arterial Other,50-59,Other injury,Bicyclists
T20120004663,2/26/2012,16:00:00,1,Collision with vehicle,0,Sunday,133,LANE SIDE SWIPE (VEHICLES IN PARALLEL LANES),1,64156,2,0,0,2,0,2,1,1,Cross intersection,3,50,Local Road,30-39,Other injury,Bicyclists
T20120004691,2/2/2012,19:15:00,1,Collision with vehicle,5,Thursday,111,RIGHT FAR (INTERSECTIONS ONLY),1,52827,2,0,0,1,1,2,2,1,Cross intersection,3,40,Local Road,50-59,Other injury,Bicyclists
T20120004707,2/21/2012,19:00:00,1,Collision with vehicle,3,Tuesday,130,REAR END(VEHICLES IN SAME LANE),2,158,2,0,1,0,1,2,2,2,T intersection,2,50,Local Road,30-39,Serious injury,Bicyclists
T20120004748,2/27/2012,15:05:00,8,No collision and no object struck,2,Monday,170,OFF CARRIAGEWAY TO LEFT,1,250844,2,0,1,0,1,2,1,2,T intersection,2,100,Local Road,50-59,Serious injury,Bicyclists
T20120004795,2/24/2012,7:45:00,1,Collision with vehicle,6,Friday,113,RIGHT NEAR (INTERSECTIONS ONLY),1,250076,2,0,0,1,1,2,2,2,T intersection,3,999,Arterial Other,40-49,Other injury,Bicyclists
T20120004842,2/28/2012,9:10:00,1,Collision with vehicle,3,Tuesday,134,LANE CHANGE RIGHT (NOT OVERTAKING),1,250079,2,0,1,0,1,2,1,5,Not at intersection,2,40,Arterial Other,70+,Serious injury,Bicyclists
T20120004855,2/28/2012,8:20:00,1,Collision with vehicle,3,Tuesday,147,VEHICLE STRIKES ANOTHER VEH WHILE EMERGING FROM DRIVEWAY,1,250081,2,0,0,1,1,2,2,5,Not at intersection,3,999,Local Road,40-49,Other injury,Bicyclists
T20120004874,2/21/2012,19:00:00,8,No collision and no object struck,3,Tuesday,174,OUT OF CONTROL ON CARRIAGEWAY (ON STRAIGHT),1,250085,2,0,0,1,1,2,2,5,Not at intersection,3,60,Local Road,18-21,Other injury,Bicyclists
T20120004889,2/28/2012,14:40:00,1,Collision with vehicle,3,Tuesday,148,VEHICLE OFF FOOTPATH STRIKES VEH ON CARRIAGEWAY,1,44451,2,0,0,1,1,2,1,4,Multiple intersection,3,60,Arterial Highway,40-49,Other injury,Bicyclists
T20120004908,2/28/2012,20:25:00,1,Collision with vehicle,3,Tuesday,163,VEHICLE STRIKES DOOR OF PARKED/STATIONARY VEHICLE,1,250455,2,0,0,1,1,2,2,5,Not at intersection,3,60,Local Road,40-49,Other injury,Bicyclists
T20120004936,2/29/2012,8:30:00,1,Collision with vehicle,4,Wednesday,121,RIGHT THROUGH,1,36847,2,0,0,1,1,2,1,2,T intersection,3,50,Local Road,30-39,Other injury,Bicyclists
T20120004946,2/29/2012,12:45:00,1,Collision with vehicle,4,Wednesday,147,VEHICLE STRIKES ANOTHER VEH WHILE EMERGING FROM DRIVEWAY,1,70464,2,0,1,0,1,2,1,2,T intersection,2,50,Arterial Highway,30-39,Serious injury,Bicyclists
T20120004963,2/29/2012,14:45:00,1,Collision with vehicle,4,Wednesday,147,VEHICLE STRIKES ANOTHER VEH WHILE EMERGING FROM DRIVEWAY,1,41953,2,0,0,1,1,2,1,2,T intersection,3,999,Arterial Highway,65-69,Other injury,Bicyclists
T20120004974,2/29/2012,19:20:00,1,Collision with vehicle,4,Wednesday,143,ENTERING PARKING,1,250136,2,0,1,0,1,2,1,5,Not at intersection,2,50,Local Road,50-59,Serious injury,Bicyclists
T20120004981,2/14/2012,22:30:00,1,Collision with vehicle,3,Tuesday,113,RIGHT NEAR (INTERSECTIONS ONLY),3,250138,2,0,0,1,1,2,2,2,T intersection,3,50,Local Road,26-29,Other injury,Bicyclists
T20120004987,2/29/2012,18:38:00,1,Collision with vehicle,4,Wednesday,110,CROSS TRAFFIC(INTERSECTIONS ONLY),1,250140,2,0,1,0,1,2,1,1,Cross intersection,2,50,Local Road,18-21,Serious injury,Bicyclists
T20120004992,2/21/2012,17:00:00,1,Collision with vehicle,3,Tuesday,121,RIGHT THROUGH,2,250144,2,0,0,1,1,2,2,5,Not at intersection,3,60,Arterial Other,30-39,Other injury,Bicyclists
T20120005011,3/1/2012,7:30:00,1,Collision with vehicle,5,Thursday,142,LEAVING PARKING,3,250980,2,0,0,1,1,2,2,5,Not at intersection,3,70,Arterial Other,30-39,Other injury,Bicyclists
T20120005017,2/22/2012,7:00:00,1,Collision with vehicle,4,Wednesday,137,LEFT TURN SIDESWIPE,2,35627,2,0,0,1,1,2,2,1,Cross intersection,3,80,Arterial Other,30-39,Other injury,Bicyclists
T20120005074,2/18/2012,10:00:00,8,No collision and no object struck,7,Saturday,179,OTHER ACCIDENTS-OFF STRAIGHT NOT INCLUDED IN DCAs 170-175,1,250177,1,0,1,0,0,1,2,5,Not at intersection,2,50,Local Road,40-49,Serious injury,Bicyclists
T20120005127,2/29/2012,18:00:00,1,Collision with vehicle,4,Wednesday,121,RIGHT THROUGH,1,238179,2,0,0,1,1,2,2,2,T intersection,3,60,Arterial Other,40-49,Other injury,Bicyclists
T20120005141,2/24/2012,8:30:00,1,Collision with vehicle,6,Friday,116,LEFT NEAR (INTERSECTIONS ONLY),1,54934,2,0,0,1,1,2,2,2,T intersection,3,40,Local Road,13-15,Other injury,Bicyclists
T20120005162,3/2/2012,15:50:00,1,Collision with vehicle,6,Friday,110,CROSS TRAFFIC(INTERSECTIONS ONLY),1,36852,2,0,0,1,1,2,1,1,Cross intersection,3,50,Arterial Other,30-39,Other injury,Bicyclists
T20120005178,3/2/2012,18:20:00,1,Collision with vehicle,6,Friday,163,VEHICLE STRIKES DOOR OF PARKED/STATIONARY VEHICLE,1,250095,2,0,0,1,2,3,1,5,Not at intersection,3,60,Arterial Other,30-39,Other injury,Bicyclists
T20120005181,3/2/2012,16:00:00,1,Collision with vehicle,6,Friday,149,OTHER MANOEUVRING NOT INCLUDED IN DCAs 140-148,1,250098,2,0,0,1,1,2,1,5,Not at intersection,3,50,Local Road,26-29,Other injury,Bicyclists
T20120005210,3/3/2012,8:45:00,8,No collision and no object struck,7,Saturday,174,OUT OF CONTROL ON CARRIAGEWAY (ON STRAIGHT),1,250109,1,0,1,0,0,1,1,5,Not at intersection,2,60,Local Road,30-39,Serious injury,Bicyclists
T20120005224,3/3/2012,13:05:00,1,Collision with vehicle,7,Saturday,121,RIGHT THROUGH,1,65135,2,0,0,1,1,2,1,2,T intersection,3,50,Local Road,30-39,Other injury,Bicyclists
T20120005258,2/16/2012,8:55:00,1,Collision with vehicle,5,Thursday,137,LEFT TURN SIDESWIPE,1,250132,2,0,0,1,1,2,2,5,Not at intersection,3,60,Arterial Other,40-49,Other injury,Bicyclists
T20120005317,3/4/2012,10:45:00,8,No collision and no object struck,1,Sunday,174,OUT OF CONTROL ON CARRIAGEWAY (ON STRAIGHT),1,250152,1,0,0,1,0,1,1,5,Not at intersection,3,999,Arterial Other,70+,Other injury,Bicyclists
T20120005319,3/4/2012,11:30:00,8,No collision and no object struck,1,Sunday,174,OUT OF CONTROL ON CARRIAGEWAY (ON STRAIGHT),1,250153,1,0,1,0,0,1,1,5,Not at intersection,2,100,Uknown,40-49,Serious injury,Bicyclists
T20120005332,3/4/2012,13:30:00,1,Collision with vehicle,1,Sunday,147,VEHICLE STRIKES ANOTHER VEH WHILE EMERGING FROM DRIVEWAY,1,354461,2,0,1,0,1,2,2,5,Not at intersection,2,999,Arterial Other,16-17,Serious injury,Bicyclists
T20120005341,3/4/2012,17:25:00,1,Collision with vehicle,1,Sunday,130,REAR END(VEHICLES IN SAME LANE),1,252305,2,0,1,0,4,5,1,5,Not at intersection,2,60,Uknown,40-49,Serious injury,Bicyclists
T20120005347,3/4/2012,21:00:00,1,Collision with vehicle,1,Sunday,147,VEHICLE STRIKES ANOTHER VEH WHILE EMERGING FROM DRIVEWAY,3,250165,2,0,0,1,1,2,1,5,Not at intersection,3,60,Uknown,30-39,Other injury,Bicyclists
T20120005369,3/5/2012,8:35:00,1,Collision with vehicle,2,Monday,143,ENTERING PARKING,1,250176,2,0,0,1,1,2,1,5,Not at intersection,3,60,Arterial Other,40-49,Other injury,Bicyclists
T20120005423,3/5/2012,18:05:00,1,Collision with vehicle,2,Monday,163,VEHICLE STRIKES DOOR OF PARKED/STATIONARY VEHICLE,1,29415,2,0,0,1,3,4,1,2,T intersection,3,50,Arterial Other,30-39,Other injury,Bicyclists
T20120005431,3/5/2012,17:20:00,1,Collision with vehicle,2,Monday,147,VEHICLE STRIKES ANOTHER VEH WHILE EMERGING FROM DRIVEWAY,1,250568,2,0,0,1,1,2,2,5,Not at intersection,3,50,Local Road,0-4,Other injury,Bicyclists
T20120005448,2/25/2012,1:45:00,1,Collision with vehicle,7,Saturday,163,VEHICLE STRIKES DOOR OF PARKED/STATIONARY VEHICLE,6,250243,2,0,0,1,1,2,2,5,Not at intersection,3,999,Local Road,22-25,Other injury,Bicyclists
T20120005452,3/6/2012,4:25:00,1,Collision with vehicle,3,Tuesday,116,LEFT NEAR (INTERSECTIONS ONLY),3,29356,2,0,1,0,1,2,1,2,T intersection,2,60,Arterial Other,Unknown,Serious injury,Bicyclists
T20120005461,1/24/2012,17:30:00,4,Collision with a fixed object,3,Tuesday,179,OTHER ACCIDENTS-OFF STRAIGHT NOT INCLUDED IN DCAs 170-175,1,44629,1,0,1,0,0,1,1,2,T intersection,2,50,Local Road,30-39,Serious injury,Bicyclists
T20120005488,3/2/2012,18:15:00,1,Collision with vehicle,6,Friday,163,VEHICLE STRIKES DOOR OF PARKED/STATIONARY VEHICLE,1,251372,2,0,0,1,1,2,2,5,Not at intersection,3,60,Arterial Other,30-39,Other injury,Bicyclists
T20120005531,3/6/2012,15:00:00,1,Collision with vehicle,3,Tuesday,152,PULLING OUT (OVERTAKING),1,250263,2,0,1,0,1,2,1,2,T intersection,2,40,Local Road,40-49,Serious injury,Bicyclists
T20120005535,3/6/2012,19:05:00,1,Collision with vehicle,3,Tuesday,121,RIGHT THROUGH,1,37829,2,0,0,1,1,2,2,1,Cross intersection,3,60,Arterial Other,40-49,Other injury,Bicyclists
T20120005538,3/6/2012,20:06:00,1,Collision with vehicle,3,Tuesday,121,RIGHT THROUGH,3,45640,2,0,0,1,1,2,1,1,Cross intersection,3,50,Arterial Other,22-25,Other injury,Bicyclists
T20120005556,3/7/2012,9:00:00,1,Collision with vehicle,4,Wednesday,110,CROSS TRAFFIC(INTERSECTIONS ONLY),1,228035,2,0,0,1,1,2,1,1,Cross intersection,3,100,Arterial Highway,18-21,Other injury,Bicyclists
T20120005559,3/7/2012,8:10:00,8,No collision and no object struck,4,Wednesday,170,OFF CARRIAGEWAY TO LEFT,1,250271,2,0,0,1,1,2,2,5,Not at intersection,3,60,Local Road,26-29,Other injury,Bicyclists
T20120005567,3/6/2012,17:40:00,1,Collision with vehicle,3,Tuesday,133,LANE SIDE SWIPE (VEHICLES IN PARALLEL LANES),1,42110,2,0,1,0,1,2,2,1,Cross intersection,2,60,Arterial Other,40-49,Serious injury,Bicyclists
T20120005568,3/7/2012,6:55:00,1,Collision with vehicle,4,Wednesday,110,CROSS TRAFFIC(INTERSECTIONS ONLY),2,35556,2,0,1,0,1,2,2,1,Cross intersection,2,80,Arterial Highway,30-39,Serious injury,Bicyclists
T20120005577,3/4/2012,17:30:00,8,No collision and no object struck,1,Sunday,174,OUT OF CONTROL ON CARRIAGEWAY (ON STRAIGHT),1,37677,2,0,1,0,1,2,2,2,T intersection,2,60,Arterial Other,40-49,Serious injury,Bicyclists
T20120005591,3/7/2012,14:15:00,1,Collision with vehicle,4,Wednesday,160,VEHICLE COLLIDES WITH VEHICLE PARKED ON LEFT OF ROAD,1,250284,2,0,1,0,0,1,1,5,Not at intersection,2,60,Arterial Other,50-59,Serious injury,Bicyclists
T20120005601,3/7/2012,16:10:00,1,Collision with vehicle,4,Wednesday,121,RIGHT THROUGH,1,51545,3,0,0,2,2,4,1,2,T intersection,3,50,Arterial Highway,26-29,Other injury,Bicyclists
T20120005619,3/7/2012,18:45:00,8,No collision and no object struck,4,Wednesday,174,OUT OF CONTROL ON CARRIAGEWAY (ON STRAIGHT),1,250289,4,0,3,1,0,4,1,5,Not at intersection,2,60,Uknown,50-59,Other injury,Bicyclists
T20120005621,3/7/2012,16:58:00,1,Collision with vehicle,4,Wednesday,121,RIGHT THROUGH,1,222021,2,0,1,0,1,2,1,2,T intersection,2,60,Arterial Other,30-39,Serious injury,Bicyclists
T20120005651,3/8/2012,7:55:00,1,Collision with vehicle,5,Thursday,113,RIGHT NEAR (INTERSECTIONS ONLY),1,43103,2,0,1,0,1,2,1,2,T intersection,2,50,Local Road,60-64,Serious injury,Bicyclists
T20120005708,3/8/2012,17:45:00,1,Collision with vehicle,4,Thursday,133,LANE SIDE SWIPE (VEHICLES IN PARALLEL LANES),1,251898,2,0,0,1,1,2,1,5,Not at intersection,3,50,Local Road,30-39,Other injury,Bicyclists
T20120005713,3/8/2012,18:45:00,1,Collision with vehicle,5,Thursday,121,RIGHT THROUGH,2,37729,2,0,0,1,2,3,2,1,Cross intersection,3,40,Arterial Other,22-25,Other injury,Bicyclists
T20120005791,3/9/2012,15:45:00,1,Collision with vehicle,6,Friday,110,CROSS TRAFFIC(INTERSECTIONS ONLY),1,39122,3,0,0,1,2,3,1,1,Cross intersection,3,50,Local Road,16-17,Other injury,Bicyclists
T20120005822,3/9/2012,18:23:00,1,Collision with vehicle,6,Friday,148,VEHICLE OFF FOOTPATH STRIKES VEH ON CARRIAGEWAY,1,250400,2,0,1,0,1,2,1,5,Not at intersection,2,80,Arterial Other,70+,Serious injury,Bicyclists
T20120005843,3/10/2012,8:56:00,1,Collision with vehicle,7,Saturday,116,LEFT NEAR (INTERSECTIONS ONLY),1,51922,2,0,1,0,1,2,1,1,Cross intersection,2,60,Arterial Other,70+,Serious injury,Bicyclists
T20120005881,3/8/2012,8:00:00,1,Collision with vehicle,5,Thursday,116,LEFT NEAR (INTERSECTIONS ONLY),1,250423,2,0,0,1,1,2,2,2,T intersection,3,60,Local Road,30-39,Other injury,Bicyclists
T20120005892,3/10/2012,12:30:00,1,Collision with vehicle,7,Saturday,135,LANE CHANGE LEFT (NOT OVERTAKING),1,250849,2,0,0,1,3,4,2,5,Not at intersection,3,60,Arterial Other,22-25,Other injury,Bicyclists
T20120005949,3/11/2012,3:25:00,1,Collision with vehicle,1,Sunday,110,CROSS TRAFFIC(INTERSECTIONS ONLY),6,51019,2,0,0,1,1,2,2,1,Cross intersection,3,50,Local Road,18-21,Other injury,Bicyclists
T20120006040,3/12/2012,16:45:00,8,No collision and no object struck,2,Monday,174,OUT OF CONTROL ON CARRIAGEWAY (ON STRAIGHT),1,250419,1,0,0,1,0,1,1,2,T intersection,3,50,Local Road,50-59,Other injury,Bicyclists
T20120006060,3/12/2012,16:25:00,1,Collision with vehicle,2,Monday,163,VEHICLE STRIKES DOOR OF PARKED/STATIONARY VEHICLE,1,1412,2,0,2,0,1,3,1,5,Not at intersection,2,50,Local Road,22-25,Serious injury,Bicyclists
T20120006075,3/13/2012,7:50:00,1,Collision with vehicle,3,Tuesday,148,VEHICLE OFF FOOTPATH STRIKES VEH ON CARRIAGEWAY,1,250491,2,0,0,1,1,2,1,2,T intersection,3,60,Local Road,40-49,Other injury,Bicyclists
T20120006089,3/13/2012,11:30:00,1,Collision with vehicle,3,Tuesday,143,ENTERING PARKING,1,250318,2,0,0,1,1,2,1,5,Not at intersection,3,70,Arterial Highway,40-49,Other injury,Bicyclists
T20120006103,3/13/2012,7:35:00,1,Collision with vehicle,3,Tuesday,121,RIGHT THROUGH,1,36215,2,0,1,0,1,2,1,2,T intersection,2,60,Arterial Other,50-59,Serious injury,Bicyclists
T20120006118,3/13/2012,15:40:00,1,Collision with vehicle,3,Tuesday,160,VEHICLE COLLIDES WITH VEHICLE PARKED ON LEFT OF ROAD,1,250339,3,0,1,0,1,2,1,5,Not at intersection,2,60,Arterial Other,26-29,Serious injury,Bicyclists
T20120006168,3/14/2012,7:10:00,1,Collision with vehicle,4,Wednesday,136,RIGHT TURN SIDESWIPE,2,41884,2,0,0,1,1,2,1,2,T intersection,3,60,Arterial Other,40-49,Other injury,Bicyclists
T20120006195,3/14/2012,10:35:00,1,Collision with vehicle,4,Wednesday,110,CROSS TRAFFIC(INTERSECTIONS ONLY),1,41332,2,0,1,0,2,3,1,1,Cross intersection,2,50,Local Road,60-64,Serious injury,Bicyclists
T20120006212,3/11/2012,10:15:00,1,Collision with vehicle,1,Sunday,135,LANE CHANGE LEFT (NOT OVERTAKING),1,49681,2,0,0,1,1,2,1,2,T intersection,3,100,Uknown,50-59,Other injury,Bicyclists
T20120006224,3/14/2012,17:02:00,1,Collision with vehicle,4,Wednesday,133,LANE SIDE SWIPE (VEHICLES IN PARALLEL LANES),1,36570,3,0,1,0,3,4,1,2,T intersection,2,40,Local Road,50-59,Serious injury,Bicyclists
T20120006231,3/14/2012,18:10:00,1,Collision with vehicle,4,Wednesday,121,RIGHT THROUGH,1,46840,2,0,0,1,1,2,1,1,Cross intersection,3,70,Arterial Highway,26-29,Other injury,Bicyclists
T20120006244,3/14/2012,17:40:00,1,Collision with vehicle,4,Wednesday,137,LEFT TURN SIDESWIPE,1,37701,2,0,0,1,1,2,1,2,T intersection,3,40,Local Road,50-59,Other injury,Bicyclists
T20120006258,3/15/2012,7:55:00,1,Collision with vehicle,5,Thursday,121,RIGHT THROUGH,1,35407,2,0,0,1,1,2,1,2,T intersection,3,60,Arterial Other,30-39,Other injury,Bicyclists
T20120006281,3/15/2012,10:30:00,1,Collision with vehicle,5,Thursday,121,RIGHT THROUGH,1,70190,2,0,0,1,1,2,2,2,T intersection,3,60,Arterial Other,40-49,Other injury,Bicyclists
T20120006286,3/14/2012,19:30:00,1,Collision with vehicle,4,Wednesday,110,CROSS TRAFFIC(INTERSECTIONS ONLY),1,50109,2,0,0,1,1,2,2,1,Cross intersection,3,60,Arterial Other,22-25,Other injury,Bicyclists
T20120006296,3/15/2012,14:13:00,8,No collision and no object struck,5,Thursday,174,OUT OF CONTROL ON CARRIAGEWAY (ON STRAIGHT),1,250680,1,0,0,1,0,1,1,1,Cross intersection,3,40,Local Road,50-59,Other injury,Bicyclists
T20120006330,3/9/2012,16:20:00,1,Collision with vehicle,6,Friday,137,LEFT TURN SIDESWIPE,1,250541,2,0,0,1,1,2,1,2,T intersection,3,50,Local Road,30-39,Other injury,Bicyclists
T20120006331,3/15/2012,19:10:00,1,Collision with vehicle,5,Thursday,112,LEFT FAR (INTERSECTIONS ONLY),1,770,2,0,0,1,1,2,1,2,T intersection,3,60,Arterial Other,22-25,Other injury,Bicyclists
T20120006334,3/12/2012,11:30:00,1,Collision with vehicle,2,Monday,110,CROSS TRAFFIC(INTERSECTIONS ONLY),1,59323,2,0,0,1,1,2,2,1,Cross intersection,3,60,Arterial Highway,50-59,Other injury,Bicyclists
T20120006335,3/14/2012,17:00:00,1,Collision with vehicle,4,Wednesday,147,VEHICLE STRIKES ANOTHER VEH WHILE EMERGING FROM DRIVEWAY,1,250546,2,0,0,1,1,2,2,5,Not at intersection,3,999,Local Road,45424,Other injury,Bicyclists
T20120006336,3/14/2012,19:00:00,1,Collision with vehicle,4,Wednesday,163,VEHICLE STRIKES DOOR OF PARKED/STATIONARY VEHICLE,1,250550,2,0,0,2,0,2,2,5,Not at intersection,3,50,Local Road,22-25,Other injury,Bicyclists
T20120006386,3/16/2012,8:30:00,1,Collision with vehicle,6,Friday,132,RIGHT REAR.,1,40109,2,0,0,1,1,2,1,2,T intersection,3,50,Arterial Other,Unknown,Other injury,Bicyclists
T20120006455,3/11/2012,12:00:00,8,No collision and no object struck,1,Sunday,174,OUT OF CONTROL ON CARRIAGEWAY (ON STRAIGHT),1,250493,1,0,0,1,0,1,2,5,Not at intersection,3,60,Arterial Highway,30-39,Other injury,Bicyclists
T20120006536,3/17/2012,17:45:00,1,Collision with vehicle,7,Saturday,140,U TURN,1,250538,2,0,0,1,2,3,1,5,Not at intersection,3,50,Arterial Other,40-49,Other injury,Bicyclists
T20120006539,3/18/2012,10:05:00,1,Collision with vehicle,1,Sunday,116,LEFT NEAR (INTERSECTIONS ONLY),1,48998,2,0,1,0,2,3,1,1,Cross intersection,2,70,Arterial Highway,50-59,Serious injury,Bicyclists
T20120006546,3/18/2012,12:00:00,1,Collision with vehicle,1,Sunday,160,VEHICLE COLLIDES WITH VEHICLE PARKED ON LEFT OF ROAD,1,250547,2,0,1,0,0,1,2,2,T intersection,2,60,Arterial Other,70+,Serious injury,Bicyclists
T20120006559,3/18/2012,18:00:00,1,Collision with vehicle,1,Sunday,130,REAR END(VEHICLES IN SAME LANE),1,36230,2,0,0,1,2,3,1,1,Cross intersection,3,50,Arterial Other,30-39,Other injury,Bicyclists
T20120006560,3/18/2012,18:50:00,1,Collision with vehicle,1,Sunday,133,LANE SIDE SWIPE (VEHICLES IN PARALLEL LANES),1,242481,2,0,1,0,1,2,1,2,T intersection,2,60,Arterial Other,50-59,Serious injury,Bicyclists
T20120006582,3/19/2012,9:10:00,1,Collision with vehicle,2,Monday,121,RIGHT THROUGH,1,14250,2,0,0,1,1,2,1,2,T intersection,3,40,Local Road,30-39,Other injury,Bicyclists
T20120006591,3/17/2012,14:00:00,1,Collision with vehicle,7,Saturday,140,U TURN,1,250619,2,0,0,1,1,2,2,5,Not at intersection,3,60,Arterial Other,40-49,Other injury,Bicyclists
T20120006598,3/19/2012,9:00:00,1,Collision with vehicle,2,Monday,110,CROSS TRAFFIC(INTERSECTIONS ONLY),1,250622,2,0,0,1,2,3,1,1,Cross intersection,3,40,Local Road,45424,Other injury,Bicyclists
T20120006600,2/9/2012,19:00:00,8,No collision and no object struck,5,Thursday,174,OUT OF CONTROL ON CARRIAGEWAY (ON STRAIGHT),2,40485,1,0,0,1,0,1,2,2,T intersection,3,60,Arterial Other,30-39,Other injury,Bicyclists
T20120006604,3/19/2012,10:00:00,1,Collision with vehicle,2,Monday,163,VEHICLE STRIKES DOOR OF PARKED/STATIONARY VEHICLE,1,41162,2,0,0,2,0,2,2,1,Cross intersection,3,60,Local Road,40-49,Other injury,Bicyclists
T20120006633,3/19/2012,15:31:00,1,Collision with vehicle,2,Monday,163,VEHICLE STRIKES DOOR OF PARKED/STATIONARY VEHICLE,1,36496,2,0,1,0,1,2,1,1,Cross intersection,2,40,Local Road,26-29,Serious injury,Bicyclists
T20120006660,3/19/2012,6:00:00,1,Collision with vehicle,2,Monday,110,CROSS TRAFFIC(INTERSECTIONS ONLY),3,54978,2,0,0,1,1,2,1,1,Cross intersection,3,50,Arterial Highway,60-64,Other injury,Bicyclists
T20120006679,3/20/2012,8:15:00,1,Collision with vehicle,3,Tuesday,148,VEHICLE OFF FOOTPATH STRIKES VEH ON CARRIAGEWAY,1,61043,2,0,1,0,1,2,1,2,T intersection,2,40,Local Road,45424,Serious injury,Bicyclists
T20120006706,3/20/2012,8:20:00,1,Collision with vehicle,3,Tuesday,137,LEFT TURN SIDESWIPE,1,35838,2,0,1,0,1,2,1,2,T intersection,2,50,Local Road,30-39,Serious injury,Bicyclists
T20120006712,3/20/2012,13:30:00,1,Collision with vehicle,3,Tuesday,110,CROSS TRAFFIC(INTERSECTIONS ONLY),1,35138,2,0,0,1,1,2,1,1,Cross intersection,3,50,Local Road,30-39,Other injury,Bicyclists
T20120006713,3/20/2012,10:50:00,1,Collision with vehicle,3,Tuesday,148,VEHICLE OFF FOOTPATH STRIKES VEH ON CARRIAGEWAY,1,44342,3,0,0,1,4,5,1,1,Cross intersection,3,60,Local Road,22-25,Other injury,Bicyclists
T20120006716,3/20/2012,7:15:00,1,Collision with vehicle,3,Tuesday,134,LANE CHANGE RIGHT (NOT OVERTAKING),1,57475,2,0,0,1,1,2,1,1,Cross intersection,3,60,Arterial Other,50-59,Other injury,Bicyclists
T20120006739,3/20/2012,17:15:00,1,Collision with vehicle,3,Tuesday,137,LEFT TURN SIDESWIPE,1,36489,2,0,1,0,1,2,1,1,Cross intersection,2,60,Local Road,18-21,Serious injury,Bicyclists
T20120006756,3/20/2012,17:00:00,1,Collision with vehicle,3,Tuesday,110,CROSS TRAFFIC(INTERSECTIONS ONLY),1,29818,2,0,0,1,1,2,1,1,Cross intersection,3,60,Local Road,30-39,Other injury,Bicyclists
T20120006783,3/21/2012,1:18:00,8,No collision and no object struck,4,Wednesday,174,OUT OF CONTROL ON CARRIAGEWAY (ON STRAIGHT),3,273597,2,0,0,1,2,3,1,5,Not at intersection,3,60,Arterial Other,22-25,Other injury,Bicyclists
T20120006800,3/12/2012,14:15:00,8,No collision and no object struck,2,Monday,174,OUT OF CONTROL ON CARRIAGEWAY (ON STRAIGHT),1,35354,1,0,0,1,0,1,2,1,Cross intersection,3,50,Local Road,45424,Other injury,Bicyclists
T20120006818,3/20/2012,18:20:00,1,Collision with vehicle,3,Tuesday,139,OTHER SAME DIRECTION-MANOUEVRES NOT INCLUDED IN DCAs 130-137,1,47919,2,0,0,1,1,2,2,4,Multiple intersection,3,50,Arterial Other,22-25,Other injury,Bicyclists
T20120006834,3/21/2012,6:50:00,1,Collision with vehicle,3,Wednesday,133,LANE SIDE SWIPE (VEHICLES IN PARALLEL LANES),3,253516,2,0,0,1,1,2,2,1,Cross intersection,3,60,Arterial Highway,40-49,Other injury,Bicyclists
T20120006850,3/21/2012,11:15:00,1,Collision with vehicle,4,Wednesday,116,LEFT NEAR (INTERSECTIONS ONLY),1,73080,2,0,0,1,1,2,1,2,T intersection,3,50,Arterial Other,50-59,Other injury,Bicyclists
T20120006854,3/21/2012,14:42:00,1,Collision with vehicle,4,Wednesday,121,RIGHT THROUGH,1,36368,2,0,0,1,2,3,1,2,T intersection,3,60,Local Road,22-25,Other injury,Bicyclists
T20120006864,3/20/2012,21:45:00,1,Collision with vehicle,3,Tuesday,136,RIGHT TURN SIDESWIPE,3,36027,2,0,0,1,1,2,2,1,Cross intersection,3,40,Local Road,26-29,Other injury,Bicyclists
T20120006875,3/20/2012,17:45:00,1,Collision with vehicle,3,Tuesday,131,LEFT REAR,1,41137,2,0,0,1,1,2,1,1,Cross intersection,3,60,Arterial Other,50-59,Other injury,Bicyclists
T20120006930,3/7/2012,18:45:00,1,Collision with vehicle,4,Wednesday,121,RIGHT THROUGH,9,38890,2,0,0,1,1,2,2,1,Cross intersection,3,60,Arterial Other,22-25,Other injury,Bicyclists
T20120007005,3/21/2012,22:45:00,1,Collision with vehicle,4,Wednesday,130,REAR END(VEHICLES IN SAME LANE),3,43086,2,0,0,1,1,2,2,1,Cross intersection,3,60,Arterial Highway,50-59,Other injury,Bicyclists