ACCIDENT_NO,ACCIDENT_DATE,ACCIDENT_TIME,ACCIDENT_TYPE,ACCIDENT_TYPE_DESC,DAY_OF_WEEK,DAY_WEEK_DESC,DCA_CODE,DCA_DESC,LIGHT_CONDITION,NODE_ID,NO_OF_VEHICLES,NO_PERSONS_KILLED,NO_PERSONS_INJ_2,NO_PERSONS_INJ_3,NO_PERSONS_NOT_INJ,NO_PERSONS,POLICE_ATTEND,ROAD_GEOMETRY,ROAD_GEOMETRY_DESC,SEVERITY,SPEED_ZONE,RMA,AGE_GROUP,INJ_LEVEL,ROAD_USER_TYPE_DESC
T20120007023,3/23/2012,9:00:00,1,Collision with vehicle,6,Friday,163,VEHICLE STRIKES DOOR OF PARKED/STATIONARY VEHICLE,1,250629,2,0,0,1,2,3,2,5,Not at intersection,3,50,Uknown,40-49,Other injury,Bicyclists
T20120007034,3/22/2012,17:30:00,1,Collision with vehicle,5,Thursday,135,LANE CHANGE LEFT (NOT OVERTAKING),1,250633,2,0,1,0,1,2,1,5,Not at intersection,2,50,Local Road,40-49,Serious injury,Bicyclists
T20120007055,3/15/2012,9:45:00,1,Collision with vehicle,5,Thursday,135,LANE CHANGE LEFT (NOT OVERTAKING),1,252508,2,0,0,1,1,2,2,5,Not at intersection,3,50,Local Road,30-39,Other injury,Bicyclists
T20120007070,3/24/2012,11:30:00,1,Collision with vehicle,7,Saturday,140,U TURN,1,50339,2,0,0,1,1,2,1,2,T intersection,3,50,Local Road,40-49,Other injury,Bicyclists
T20120007144,3/25/2012,12:00:00,1,Collision with vehicle,1,Sunday,139,OTHER SAME DIRECTION-MANOUEVRES NOT INCLUDED IN DCAs 130-137,1,250769,2,0,0,1,3,4,1,1,Cross intersection,3,80,Local Road,40-49,Other injury,Bicyclists
T20120007151,3/25/2012,15:10:00,1,Collision with vehicle,1,Sunday,133,LANE SIDE SWIPE (VEHICLES IN PARALLEL LANES),1,250776,2,0,1,0,1,2,1,5,Not at intersection,2,60,Arterial Other,50-59,Serious injury,Bicyclists
T20120007152,3/25/2012,13:05:00,1,Collision with vehicle,1,Sunday,163,VEHICLE STRIKES DOOR OF PARKED/STATIONARY VEHICLE,1,250778,2,0,0,1,1,2,1,5,Not at intersection,3,50,Arterial Highway,60-64,Other injury,Bicyclists
T20120007166,3/25/2012,11:30:00,1,Collision with vehicle,1,Sunday,121,RIGHT THROUGH,1,250785,2,0,0,1,1,2,2,5,Not at intersection,3,60,Arterial Other,26-29,Other injury,Bicyclists
T20120007184,3/26/2012,8:25:00,1,Collision with vehicle,2,Monday,110,CROSS TRAFFIC(INTERSECTIONS ONLY),1,69130,2,0,1,0,2,3,1,4,Multiple intersection,2,40,Local Road,40-49,Serious injury,Bicyclists
T20120007202,3/20/2012,7:35:00,1,Collision with vehicle,3,Tuesday,110,CROSS TRAFFIC(INTERSECTIONS ONLY),9,29359,2,0,0,1,1,2,2,1,Cross intersection,3,50,Local Road,50-59,Other injury,Bicyclists
T20120007203,3/25/2012,10:00:00,1,Collision with vehicle,1,Sunday,139,OTHER SAME DIRECTION-MANOUEVRES NOT INCLUDED IN DCAs 130-137,1,46573,2,0,0,1,1,2,1,2,T intersection,3,60,Arterial Other,22-25,Other injury,Bicyclists
T20120007211,3/22/2012,10:30:00,1,Collision with vehicle,5,Thursday,121,RIGHT THROUGH,1,36510,2,0,0,1,1,2,2,1,Cross intersection,3,60,Local Road,40-49,Other injury,Bicyclists
T20120007218,3/26/2012,10:32:00,1,Collision with vehicle,2,Monday,113,RIGHT NEAR (INTERSECTIONS ONLY),1,52744,2,0,0,1,1,2,1,1,Cross intersection,3,60,Local Road,50-59,Other injury,Bicyclists
T20120007239,3/26/2012,17:55:00,4,Collision with a fixed object,2,Monday,171,LEFT OFF CARRIAGEWAY INTO OBJECT/PARKED VEHICLE,1,250670,1,0,1,0,0,1,2,5,Not at intersection,2,999,Local Road,26-29,Serious injury,Bicyclists
T20120007266,3/27/2012,8:50:00,1,Collision with vehicle,3,Tuesday,116,LEFT NEAR (INTERSECTIONS ONLY),1,52611,2,0,0,2,0,2,1,2,T intersection,3,50,Local Road,30-39,Other injury,Bicyclists
T20120007278,3/26/2012,6:00:00,8,No collision and no object struck,2,Monday,174,OUT OF CONTROL ON CARRIAGEWAY (ON STRAIGHT),3,207350,2,0,0,1,1,2,2,5,Not at intersection,3,40,Local Road,30-39,Other injury,Bicyclists
T20120007281,3/26/2012,17:50:00,1,Collision with vehicle,2,Monday,110,CROSS TRAFFIC(INTERSECTIONS ONLY),1,35606,2,0,0,1,1,2,1,1,Cross intersection,3,60,Arterial Other,40-49,Other injury,Bicyclists
T20120007285,3/24/2012,16:41:00,1,Collision with vehicle,7,Saturday,163,VEHICLE STRIKES DOOR OF PARKED/STATIONARY VEHICLE,1,66053,2,0,1,0,1,2,1,2,T intersection,2,40,Arterial Other,30-39,Serious injury,Bicyclists
T20120007397,3/28/2012,15:05:00,2,Struck Pedestrian,4,Wednesday,101,PED EMERGES FROM IN FRONT OF PARKED OR STATIONARY VEHICLE,1,36379,1,0,0,2,0,2,1,2,T intersection,3,40,Local Road,26-29,Other injury,Bicyclists
T20120007449,3/20/2012,7:27:00,1,Collision with vehicle,3,Tuesday,121,RIGHT THROUGH,1,227678,2,0,0,1,1,2,1,5,Not at intersection,3,60,Arterial Highway,26-29,Other injury,Bicyclists
T20120007464,3/29/2012,13:20:00,1,Collision with vehicle,5,Thursday,163,VEHICLE STRIKES DOOR OF PARKED/STATIONARY VEHICLE,1,250889,2,0,1,0,3,4,1,5,Not at intersection,2,40,Arterial Other,70+,Serious injury,Bicyclists
T20120007466,3/16/2012,17:30:00,8,No collision and no object struck,6,Friday,174,OUT OF CONTROL ON CARRIAGEWAY (ON STRAIGHT),1,250891,1,0,0,1,0,1,2,5,Not at intersection,3,40,Arterial Other,40-49,Other injury,Bicyclists
T20120007484,3/29/2012,17:20:00,1,Collision with vehicle,5,Thursday,134,LANE CHANGE RIGHT (NOT OVERTAKING),1,250893,2,0,1,0,1,2,1,5,Not at intersection,2,60,Arterial Highway,70+,Serious injury,Bicyclists
T20120007496,3/29/2012,18:00:00,1,Collision with vehicle,5,Thursday,147,VEHICLE STRIKES ANOTHER VEH WHILE EMERGING FROM DRIVEWAY,1,250898,2,0,1,0,1,2,2,5,Not at intersection,2,999,Uknown,50-59,Serious injury,Bicyclists
T20120007513,3/30/2012,8:25:00,1,Collision with vehicle,6,Friday,116,LEFT NEAR (INTERSECTIONS ONLY),1,250924,2,0,0,1,1,2,1,1,Cross intersection,3,50,Local Road,40-49,Other injury,Bicyclists
T20120007518,3/30/2012,8:46:00,1,Collision with vehicle,6,Friday,137,LEFT TURN SIDESWIPE,1,49911,2,0,1,0,1,2,1,2,T intersection,2,50,Local Road,40-49,Serious injury,Bicyclists
T20120007535,3/23/2012,1:30:00,1,Collision with vehicle,6,Friday,160,VEHICLE COLLIDES WITH VEHICLE PARKED ON LEFT OF ROAD,5,38651,2,0,0,1,0,1,2,2,T intersection,3,60,Arterial Highway,22-25,Other injury,Bicyclists
T20120007539,3/29/2012,18:25:00,1,Collision with vehicle,5,Thursday,121,RIGHT THROUGH,2,36827,2,0,0,1,1,2,2,2,T intersection,3,999,Arterial Other,26-29,Other injury,Bicyclists
T20120007551,3/30/2012,12:00:00,1,Collision with vehicle,6,Friday,130,REAR END(VEHICLES IN SAME LANE),1,251465,2,0,0,1,1,2,2,5,Not at intersection,3,50,Local Road,30-39,Other injury,Bicyclists
T20120007555,3/30/2012,7:35:00,1,Collision with vehicle,6,Friday,163,VEHICLE STRIKES DOOR OF PARKED/STATIONARY VEHICLE,1,36966,2,0,0,2,0,2,2,1,Cross intersection,3,40,Local Road,22-25,Other injury,Bicyclists
T20120007558,3/30/2012,15:30:00,1,Collision with vehicle,5,Friday,163,VEHICLE STRIKES DOOR OF PARKED/STATIONARY VEHICLE,1,609199,2,0,1,0,1,2,1,2,T intersection,2,60,Arterial Other,30-39,Serious injury,Bicyclists
T20120007577,3/30/2012,17:48:00,1,Collision with vehicle,6,Friday,121,RIGHT THROUGH,1,29364,2,0,0,1,1,2,1,2,T intersection,3,60,Arterial Highway,22-25,Other injury,Bicyclists
T20120007617,3/28/2012,16:25:00,1,Collision with vehicle,4,Wednesday,147,VEHICLE STRIKES ANOTHER VEH WHILE EMERGING FROM DRIVEWAY,1,250771,2,0,0,1,1,2,2,5,Not at intersection,3,999,Arterial Highway,18-21,Other injury,Bicyclists
T20120007624,3/31/2012,8:40:00,1,Collision with vehicle,7,Saturday,163,VEHICLE STRIKES DOOR OF PARKED/STATIONARY VEHICLE,1,39434,2,0,2,0,0,2,1,2,T intersection,2,70,Arterial Other,40-49,Serious injury,Bicyclists
T20120007646,3/31/2012,15:20:00,1,Collision with vehicle,7,Saturday,147,VEHICLE STRIKES ANOTHER VEH WHILE EMERGING FROM DRIVEWAY,1,250779,2,0,1,0,1,2,1,5,Not at intersection,2,60,Local Road,70+,Serious injury,Bicyclists
T20120007658,3/31/2012,13:15:00,1,Collision with vehicle,7,Saturday,130,REAR END(VEHICLES IN SAME LANE),1,37686,2,0,0,1,1,2,2,2,T intersection,3,50,Local Road,18-21,Other injury,Bicyclists
T20120007659,3/31/2012,18:30:00,1,Collision with vehicle,7,Saturday,110,CROSS TRAFFIC(INTERSECTIONS ONLY),1,64092,2,0,0,1,1,2,2,1,Cross intersection,3,40,Local Road,40-49,Other injury,Bicyclists
T20120007700,4/1/2012,8:30:00,1,Collision with vehicle,1,Sunday,113,RIGHT NEAR (INTERSECTIONS ONLY),1,44258,2,0,0,1,1,2,2,2,T intersection,3,60,Arterial Other,30-39,Other injury,Bicyclists
T20120007720,3/21/2012,12:27:00,1,Collision with vehicle,3,Wednesday,133,LANE SIDE SWIPE (VEHICLES IN PARALLEL LANES),1,35355,2,0,0,1,1,2,2,1,Cross intersection,3,50,Local Road,30-39,Other injury,Bicyclists
T20120007730,3/31/2012,18:25:00,1,Collision with vehicle,7,Saturday,116,LEFT NEAR (INTERSECTIONS ONLY),1,53315,2,0,0,1,1,2,1,1,Cross intersection,3,80,Arterial Other,40-49,Other injury,Bicyclists
T20120007746,4/1/2012,17:00:00,1,Collision with vehicle,1,Sunday,147,VEHICLE STRIKES ANOTHER VEH WHILE EMERGING FROM DRIVEWAY,2,250799,2,0,0,1,1,2,2,5,Not at intersection,3,999,Arterial Other,45424,Other injury,Bicyclists
T20120007762,3/29/2012,12:05:00,1,Collision with vehicle,5,Thursday,116,LEFT NEAR (INTERSECTIONS ONLY),1,250803,2,0,0,1,1,2,2,4,Multiple intersection,3,50,Uknown,30-39,Other injury,Bicyclists
T20120007772,4/2/2012,8:57:00,1,Collision with vehicle,2,Monday,110,CROSS TRAFFIC(INTERSECTIONS ONLY),1,45873,2,0,0,1,1,2,1,1,Cross intersection,3,50,Arterial Other,30-39,Other injury,Bicyclists
T20120007790,4/2/2012,10:30:00,1,Collision with vehicle,2,Monday,130,REAR END(VEHICLES IN SAME LANE),1,250956,2,0,1,0,1,2,1,5,Not at intersection,2,100,Local Road,50-59,Serious injury,Bicyclists
T20120007793,3/31/2012,9:10:00,1,Collision with vehicle,7,Saturday,133,LANE SIDE SWIPE (VEHICLES IN PARALLEL LANES),1,250816,2,0,0,1,1,2,2,5,Not at intersection,3,999,Arterial Other,50-59,Other injury,Bicyclists
T20120007812,3/30/2012,17:15:00,1,Collision with vehicle,6,Friday,163,VEHICLE STRIKES DOOR OF PARKED/STATIONARY VEHICLE,1,250821,2,0,1,0,2,3,2,5,Not at intersection,2,50,Local Road,40-49,Serious injury,Bicyclists
T20120007820,4/2/2012,17:30:00,1,Collision with vehicle,2,Monday,137,LEFT TURN SIDESWIPE,1,55209,2,0,0,1,1,2,2,1,Cross intersection,3,60,Arterial Other,50-59,Other injury,Bicyclists
T20120007822,4/2/2012,17:05:00,1,Collision with vehicle,2,Monday,163,VEHICLE STRIKES DOOR OF PARKED/STATIONARY VEHICLE,1,250822,2,0,1,0,1,2,1,5,Not at intersection,2,60,Local Road,50-59,Serious injury,Bicyclists
T20120007832,3/28/2012,6:15:00,1,Collision with vehicle,4,Wednesday,148,VEHICLE OFF FOOTPATH STRIKES VEH ON CARRIAGEWAY,2,250829,2,0,0,1,1,2,1,5,Not at intersection,3,60,Local Road,26-29,Other injury,Bicyclists
T20120007858,4/3/2012,7:00:00,1,Collision with vehicle,3,Tuesday,121,RIGHT THROUGH,1,250995,2,0,1,0,1,2,1,2,T intersection,2,50,Local Road,40-49,Serious injury,Bicyclists
T20120007864,4/2/2012,13:20:00,1,Collision with vehicle,2,Monday,121,RIGHT THROUGH,1,46534,2,0,0,1,1,2,2,2,T intersection,3,60,Local Road,40-49,Other injury,Bicyclists
T20120007883,3/29/2012,0:30:00,1,Collision with vehicle,5,Thursday,142,LEAVING PARKING,9,253194,2,0,0,1,1,2,2,5,Not at intersection,3,999,Local Road,22-25,Other injury,Bicyclists
T20120007888,4/3/2012,14:40:00,8,No collision and no object struck,3,Tuesday,184,OUT OF CONTROL ON CARRIAGEWAY (ON BEND),1,251794,1,0,0,1,0,1,1,5,Not at intersection,3,100,Arterial Other,50-59,Other injury,Bicyclists
T20120007894,1/6/2012,17:00:00,8,No collision and no object struck,6,Friday,174,OUT OF CONTROL ON CARRIAGEWAY (ON STRAIGHT),1,48006,2,0,0,1,1,2,2,2,T intersection,3,999,Arterial Other,50-59,Other injury,Bicyclists
T20120007896,3/30/2012,12:50:00,2,Struck Pedestrian,6,Friday,100,PED NEAR SIDE. PED HIT BY VEHICLE FROM THE RIGHT.,1,35363,1,0,0,1,1,2,2,1,Cross intersection,3,50,Local Road,Unknown,Not injured,Bicyclists
T20120007900,4/3/2012,17:40:00,1,Collision with vehicle,3,Tuesday,121,RIGHT THROUGH,2,66127,2,0,0,1,1,2,1,2,T intersection,3,50,Arterial Highway,40-49,Other injury,Bicyclists
T20120007908,4/3/2012,18:55:00,1,Collision with vehicle,3,Tuesday,110,CROSS TRAFFIC(INTERSECTIONS ONLY),3,41416,2,0,0,1,1,2,1,1,Cross intersection,3,60,Local Road,18-21,Other injury,Bicyclists
T20120007915,4/3/2012,15:00:00,1,Collision with vehicle,3,Tuesday,116,LEFT NEAR (INTERSECTIONS ONLY),1,68894,2,0,0,2,0,2,2,2,T intersection,3,50,Arterial Other,40-49,Other injury,Bicyclists
T20120007938,4/4/2012,7:30:00,1,Collision with vehicle,4,Wednesday,119,OTHER ADJACENT (INTERSECTIONS ONLY),1,41698,2,0,1,0,1,2,1,2,T intersection,2,70,Arterial Highway,30-39,Serious injury,Bicyclists
T20120007952,4/4/2012,9:45:00,1,Collision with vehicle,4,Wednesday,143,ENTERING PARKING,1,35317,2,0,0,1,1,2,2,2,T intersection,3,40,Local Road,22-25,Other injury,Bicyclists
T20120007954,4/4/2012,7:40:00,1,Collision with vehicle,4,Wednesday,110,CROSS TRAFFIC(INTERSECTIONS ONLY),9,29358,2,0,0,1,1,2,2,1,Cross intersection,3,50,Local Road,26-29,Other injury,Bicyclists
T20120007975,4/4/2012,14:05:00,1,Collision with vehicle,4,Wednesday,116,LEFT NEAR (INTERSECTIONS ONLY),1,251033,2,0,0,1,2,3,1,2,T intersection,3,50,Local Road,16-17,Other injury,Bicyclists
T20120008036,4/5/2012,7:30:00,1,Collision with vehicle,5,Thursday,110,CROSS TRAFFIC(INTERSECTIONS ONLY),1,41625,2,0,0,1,1,2,1,1,Cross intersection,3,50,Uknown,30-39,Other injury,Bicyclists
T20120008044,4/5/2012,8:50:00,8,No collision and no object struck,5,Thursday,174,OUT OF CONTROL ON CARRIAGEWAY (ON STRAIGHT),1,229,2,0,0,2,0,2,1,2,T intersection,3,30,Local Road,26-29,Other injury,Bicyclists
T20120008073,4/1/2012,17:40:00,1,Collision with vehicle,1,Sunday,130,REAR END(VEHICLES IN SAME LANE),1,42114,2,0,1,0,1,2,2,2,T intersection,2,60,Arterial Other,22-25,Serious injury,Bicyclists
T20120008092,4/5/2012,16:15:00,8,No collision and no object struck,5,Thursday,174,OUT OF CONTROL ON CARRIAGEWAY (ON STRAIGHT),1,75142,1,0,0,1,0,1,1,5,Not at intersection,3,30,Local Road,30-39,Other injury,Bicyclists
T20120008100,4/3/2012,7:30:00,1,Collision with vehicle,3,Tuesday,121,RIGHT THROUGH,1,46645,2,0,1,0,1,2,2,2,T intersection,2,60,Arterial Other,30-39,Serious injury,Bicyclists
T20120008104,4/5/2012,18:00:00,1,Collision with vehicle,5,Thursday,148,VEHICLE OFF FOOTPATH STRIKES VEH ON CARRIAGEWAY,1,278483,2,0,1,0,1,2,1,2,T intersection,2,50,Local Road,45424,Serious injury,Bicyclists
T20120008138,3/23/2012,17:00:00,1,Collision with vehicle,6,Friday,121,RIGHT THROUGH,1,36628,2,0,0,1,1,2,2,2,T intersection,3,60,Local Road,30-39,Other injury,Bicyclists
T20120008155,4/5/2012,18:30:00,1,Collision with vehicle,5,Thursday,121,RIGHT THROUGH,3,46622,2,0,0,1,1,2,9,2,T intersection,3,70,Arterial Other,30-39,Other injury,Bicyclists
T20120008177,4/5/2012,18:30:00,1,Collision with vehicle,5,Thursday,136,RIGHT TURN SIDESWIPE,2,251136,2,0,0,1,1,2,2,2,T intersection,3,50,Local Road,50-59,Other injury,Bicyclists
T20120008183,4/6/2012,15:30:00,1,Collision with vehicle,6,Friday,132,RIGHT REAR.,1,41129,2,0,0,1,1,2,1,2,T intersection,3,60,Arterial Other,18-21,Other injury,Bicyclists
T20120008185,4/6/2012,16:10:00,1,Collision with vehicle,6,Friday,113,RIGHT NEAR (INTERSECTIONS ONLY),1,251139,2,0,0,1,1,2,1,1,Cross intersection,3,50,Local Road,30-39,Other injury,Bicyclists
T20120008256,4/7/2012,16:45:00,1,Collision with vehicle,7,Saturday,110,CROSS TRAFFIC(INTERSECTIONS ONLY),1,251176,2,0,1,0,1,2,1,1,Cross intersection,2,50,Local Road,45424,Serious injury,Bicyclists
T20120008302,4/8/2012,12:42:00,2,Struck Pedestrian,1,Sunday,108,PED STRUCK WALKING TO/FROM OR BOARDING/ALIGHTING VEHICLE.,1,253294,1,0,0,1,1,2,1,5,Not at intersection,3,40,Local Road,18-21,Not injured,Bicyclists
T20120008303,4/8/2012,13:05:00,1,Collision with vehicle,1,Sunday,121,RIGHT THROUGH,1,42055,2,0,1,0,1,2,1,2,T intersection,2,60,Arterial Other,30-39,Serious injury,Bicyclists
T20120008317,4/8/2012,18:30:00,1,Collision with vehicle,1,Sunday,135,LANE CHANGE LEFT (NOT OVERTAKING),5,251054,2,0,1,0,1,2,2,2,T intersection,2,100,Arterial Highway,40-49,Serious injury,Bicyclists
T20120008460,4/10/2012,17:30:00,1,Collision with vehicle,3,Tuesday,135,LANE CHANGE LEFT (NOT OVERTAKING),1,251243,2,0,1,0,1,2,1,5,Not at intersection,2,50,Uknown,40-49,Serious injury,Bicyclists
T20120008469,3/20/2012,17:30:00,1,Collision with vehicle,2,Tuesday,133,LANE SIDE SWIPE (VEHICLES IN PARALLEL LANES),2,30521,2,0,0,1,1,2,2,2,T intersection,3,50,Arterial Other,18-21,Other injury,Bicyclists
T20120008497,4/10/2012,17:30:00,1,Collision with vehicle,2,Tuesday,133,LANE SIDE SWIPE (VEHICLES IN PARALLEL LANES),2,251265,2,0,0,1,1,2,2,5,Not at intersection,3,999,Arterial Other,26-29,Other injury,Bicyclists
T20120008530,4/11/2012,19:10:00,1,Collision with vehicle,4,Wednesday,121,RIGHT THROUGH,3,40287,2,0,1,0,2,3,1,2,T intersection,2,60,Arterial Other,22-25,Serious injury,Bicyclists
T20120008548,4/12/2012,8:20:00,1,Collision with vehicle,5,Thursday,137,LEFT TURN SIDESWIPE,1,36573,2,0,1,0,2,3,1,1,Cross intersection,2,50,Local Road,30-39,Serious injury,Bicyclists
T20120008549,4/11/2012,10:47:00,1,Collision with vehicle,4,Wednesday,147,VEHICLE STRIKES ANOTHER VEH WHILE EMERGING FROM DRIVEWAY,1,252370,2,0,0,1,1,2,1,5,Not at intersection,3,80,Arterial Highway,65-69,Other injury,Bicyclists
T20120008550,4/12/2012,8:00:00,1,Collision with vehicle,5,Thursday,121,RIGHT THROUGH,1,65851,2,0,0,1,1,2,1,1,Cross intersection,3,50,Arterial Other,30-39,Other injury,Bicyclists
T20120008567,4/12/2012,8:45:00,1,Collision with vehicle,5,Thursday,137,LEFT TURN SIDESWIPE,1,37730,2,0,1,0,1,2,1,2,T intersection,2,40,Arterial Other,30-39,Serious injury,Bicyclists
T20120008569,3/31/2012,18:40:00,1,Collision with vehicle,7,Saturday,163,VEHICLE STRIKES DOOR OF PARKED/STATIONARY VEHICLE,6,251121,2,0,1,0,2,3,2,5,Not at intersection,2,50,Local Road,40-49,Serious injury,Bicyclists
T20120008606,3/2/2012,19:20:00,1,Collision with vehicle,6,Friday,148,VEHICLE OFF FOOTPATH STRIKES VEH ON CARRIAGEWAY,2,252185,2,0,0,1,1,2,2,5,Not at intersection,3,50,Local Road,16-17,Other injury,Bicyclists
T20120008616,4/12/2012,17:59:00,1,Collision with vehicle,5,Thursday,135,LANE CHANGE LEFT (NOT OVERTAKING),2,36370,2,0,1,0,1,2,1,1,Cross intersection,2,50,Local Road,30-39,Serious injury,Bicyclists
T20120008648,4/13/2012,6:45:00,1,Collision with vehicle,5,Friday,133,LANE SIDE SWIPE (VEHICLES IN PARALLEL LANES),2,252901,2,0,0,1,1,2,2,5,Not at intersection,3,100,Arterial Other,30-39,Other injury,Bicyclists
T20120008658,4/13/2012,9:45:00,1,Collision with vehicle,6,Friday,147,VEHICLE STRIKES ANOTHER VEH WHILE EMERGING FROM DRIVEWAY,1,251053,2,0,0,1,1,2,1,5,Not at intersection,3,70,Arterial Other,13-15,Other injury,Bicyclists
T20120008659,4/4/2012,9:00:00,1,Collision with vehicle,4,Wednesday,121,RIGHT THROUGH,1,43309,3,0,0,1,2,3,2,2,T intersection,3,50,Local Road,65-69,Other injury,Bicyclists
T20120008666,4/5/2012,17:30:00,1,Collision with vehicle,5,Thursday,163,VEHICLE STRIKES DOOR OF PARKED/STATIONARY VEHICLE,1,46523,2,0,0,1,1,2,2,4,Multiple intersection,3,60,Arterial Other,40-49,Other injury,Bicyclists
T20120008725,4/13/2012,23:45:00,1,Collision with vehicle,6,Friday,133,LANE SIDE SWIPE (VEHICLES IN PARALLEL LANES),3,251163,2,0,1,0,0,1,1,5,Not at intersection,2,50,Local Road,26-29,Serious injury,Bicyclists
T20120008730,4/12/2012,12:45:00,1,Collision with vehicle,5,Thursday,147,VEHICLE STRIKES ANOTHER VEH WHILE EMERGING FROM DRIVEWAY,1,252241,2,0,1,0,1,2,2,5,Not at intersection,2,999,Local Road,50-59,Serious injury,Bicyclists
T20120008735,4/11/2012,17:30:00,1,Collision with vehicle,3,Wednesday,133,LANE SIDE SWIPE (VEHICLES IN PARALLEL LANES),1,251174,2,0,0,1,1,2,2,5,Not at intersection,3,60,Uknown,40-49,Other injury,Bicyclists
T20120008738,4/14/2012,9:10:00,8,No collision and no object struck,7,Saturday,184,OUT OF CONTROL ON CARRIAGEWAY (ON BEND),1,251194,1,0,0,1,0,1,1,5,Not at intersection,3,60,Arterial Highway,50-59,Other injury,Bicyclists
T20120008746,4/14/2012,11:37:00,1,Collision with vehicle,7,Saturday,142,LEAVING PARKING,1,78156,2,0,1,0,3,4,1,5,Not at intersection,2,40,Arterial Other,40-49,Serious injury,Bicyclists
T20120008752,4/14/2012,9:35:00,1,Collision with vehicle,7,Saturday,136,RIGHT TURN SIDESWIPE,1,29883,2,0,1,0,1,2,1,4,Multiple intersection,2,50,Local Road,60-64,Serious injury,Bicyclists
T20120008772,4/14/2012,9:50:00,1,Collision with vehicle,7,Saturday,148,VEHICLE OFF FOOTPATH STRIKES VEH ON CARRIAGEWAY,1,-10,2,0,0,1,1,2,1,5,Not at intersection,3,80,Uknown,45424,Other injury,Bicyclists
T20120008796,4/14/2012,17:40:00,1,Collision with vehicle,7,Saturday,133,LANE SIDE SWIPE (VEHICLES IN PARALLEL LANES),1,67236,2,0,1,0,2,3,1,2,T intersection,2,60,Local Road,65-69,Serious injury,Bicyclists
T20120008823,4/14/2012,21:20:00,4,Collision with a fixed object,7,Saturday,164,PERMANENT OBSTRUCTION ON CARRIAGEWAY,3,251298,1,0,1,0,0,1,1,5,Not at intersection,2,50,Uknown,40-49,Serious injury,Bicyclists
T20120008825,4/15/2012,10:09:00,8,No collision and no object struck,1,Sunday,174,OUT OF CONTROL ON CARRIAGEWAY (ON STRAIGHT),1,251299,1,0,1,0,0,1,1,5,Not at intersection,2,80,Arterial Other,30-39,Serious injury,Bicyclists
T20120008832,4/15/2012,12:00:00,1,Collision with vehicle,1,Sunday,132,RIGHT REAR.,1,478,2,0,0,1,1,2,1,4,Multiple intersection,3,60,Arterial Other,18-21,Other injury,Bicyclists
T20120008849,4/12/2012,10:16:00,1,Collision with vehicle,5,Thursday,137,LEFT TURN SIDESWIPE,1,251307,2,0,0,1,1,2,2,2,T intersection,3,60,Local Road,40-49,Other injury,Bicyclists
T20120008871,4/15/2012,18:20:00,1,Collision with vehicle,0,Sunday,121,RIGHT THROUGH,3,965,2,0,1,0,1,2,1,2,T intersection,2,60,Local Road,26-29,Serious injury,Bicyclists
T20120008896,4/16/2012,7:15:00,1,Collision with vehicle,2,Monday,147,VEHICLE STRIKES ANOTHER VEH WHILE EMERGING FROM DRIVEWAY,1,256779,2,0,0,1,1,2,1,5,Not at intersection,3,80,Arterial Other,30-39,Other injury,Bicyclists
T20120008897,4/16/2012,9:15:00,1,Collision with vehicle,2,Monday,116,LEFT NEAR (INTERSECTIONS ONLY),1,49625,2,0,1,0,1,2,1,2,T intersection,2,80,Local Road,50-59,Serious injury,Bicyclists
T20120008901,4/16/2012,11:35:00,8,No collision and no object struck,2,Monday,174,OUT OF CONTROL ON CARRIAGEWAY (ON STRAIGHT),1,41804,2,0,0,1,1,2,2,2,T intersection,3,70,Arterial Other,65-69,Other injury,Bicyclists
T20120008921,4/16/2012,13:36:00,1,Collision with vehicle,2,Monday,147,VEHICLE STRIKES ANOTHER VEH WHILE EMERGING FROM DRIVEWAY,1,36908,2,0,0,1,1,2,1,1,Cross intersection,3,60,Local Road,26-29,Other injury,Bicyclists
T20120008943,3/29/2012,12:00:00,1,Collision with vehicle,5,Thursday,135,LANE CHANGE LEFT (NOT OVERTAKING),1,251177,2,0,0,1,1,2,2,5,Not at intersection,3,999,Arterial Other,26-29,Other injury,Bicyclists
T20120008945,4/9/2012,12:40:00,1,Collision with vehicle,2,Monday,113,RIGHT NEAR (INTERSECTIONS ONLY),1,53286,2,0,1,0,1,2,1,2,T intersection,2,60,Arterial Highway,65-69,Serious injury,Bicyclists
T20120008968,2/9/2012,19:45:00,1,Collision with vehicle,5,Thursday,119,OTHER ADJACENT (INTERSECTIONS ONLY),1,40074,2,0,0,1,1,2,1,2,T intersection,3,50,Local Road,26-29,Other injury,Bicyclists
T20120008974,4/16/2012,15:20:00,1,Collision with vehicle,2,Monday,163,VEHICLE STRIKES DOOR OF PARKED/STATIONARY VEHICLE,1,65245,2,0,0,1,1,2,1,2,T intersection,3,40,Local Road,26-29,Other injury,Bicyclists
T20120008982,4/16/2012,19:00:00,1,Collision with vehicle,2,Monday,137,LEFT TURN SIDESWIPE,3,36085,2,0,0,1,1,2,2,1,Cross intersection,3,60,Arterial Other,40-49,Other injury,Bicyclists
T20120008996,4/17/2012,11:56:00,1,Collision with vehicle,3,Tuesday,139,OTHER SAME DIRECTION-MANOUEVRES NOT INCLUDED IN DCAs 130-137,1,57453,2,0,0,1,1,2,1,2,T intersection,3,60,Arterial Other,22-25,Other injury,Bicyclists