ACCIDENT_NO,ACCIDENT_DATE,ACCIDENT_TIME,ACCIDENT_TYPE,ACCIDENT_TYPE_DESC,DAY_OF_WEEK,DAY_WEEK_DESC,DCA_CODE,DCA_DESC,LIGHT_CONDITION,NODE_ID,NO_OF_VEHICLES,NO_PERSONS_KILLED,NO_PERSONS_INJ_2,NO_PERSONS_INJ_3,NO_PERSONS_NOT_INJ,NO_PERSONS,POLICE_ATTEND,ROAD_GEOMETRY,ROAD_GEOMETRY_DESC,SEVERITY,SPEED_ZONE,RMA,AGE_GROUP,INJ_LEVEL,ROAD_USER_TYPE_DESC
T20120009035,4/17/2012,16:35:00,1,Collision with vehicle,3,Tuesday,121,RIGHT THROUGH,1,39160,2,0,1,0,1,2,1,2,T intersection,2,60,Arterial Other,40-49,Serious injury,Bicyclists
T20120009042,4/17/2012,17:45:00,1,Collision with vehicle,3,Tuesday,121,RIGHT THROUGH,1,251255,2,0,0,1,1,2,1,2,T intersection,3,60,Arterial Other,30-39,Other injury,Bicyclists
T20120009047,4/11/2012,17:38:00,1,Collision with vehicle,4,Wednesday,137,LEFT TURN SIDESWIPE,1,251256,2,0,0,1,1,2,2,1,Cross intersection,3,60,Arterial Other,30-39,Other injury,Bicyclists
T20120009080,4/18/2012,9:10:00,1,Collision with vehicle,4,Wednesday,136,RIGHT TURN SIDESWIPE,1,36882,2,0,1,0,2,3,1,1,Cross intersection,2,50,Local Road,30-39,Serious injury,Bicyclists
T20120009143,4/18/2012,18:43:00,1,Collision with vehicle,4,Wednesday,110,CROSS TRAFFIC(INTERSECTIONS ONLY),3,41423,2,0,1,0,1,2,1,1,Cross intersection,2,60,Local Road,40-49,Serious injury,Bicyclists
T20120009149,4/18/2012,20:30:00,1,Collision with vehicle,3,Wednesday,133,LANE SIDE SWIPE (VEHICLES IN PARALLEL LANES),3,53184,2,0,0,1,1,2,1,4,Multiple intersection,3,50,Arterial Other,22-25,Other injury,Bicyclists
T20120009150,4/18/2012,20:48:00,1,Collision with vehicle,4,Wednesday,135,LANE CHANGE LEFT (NOT OVERTAKING),9,253804,2,0,0,1,1,2,2,5,Not at intersection,3,999,Arterial Other,30-39,Other injury,Bicyclists
T20120009157,4/18/2012,18:50:00,1,Collision with vehicle,4,Wednesday,121,RIGHT THROUGH,3,37735,2,0,0,1,1,2,1,2,T intersection,3,50,Arterial Other,22-25,Other injury,Bicyclists
T20120009159,4/18/2012,16:00:00,1,Collision with vehicle,4,Wednesday,137,LEFT TURN SIDESWIPE,1,42022,2,0,0,1,1,2,1,2,T intersection,3,50,Arterial Other,40-49,Other injury,Bicyclists
T20120009160,4/18/2012,18:30:00,1,Collision with vehicle,4,Wednesday,147,VEHICLE STRIKES ANOTHER VEH WHILE EMERGING FROM DRIVEWAY,3,251420,2,0,0,1,3,4,1,5,Not at intersection,3,50,Local Road,40-49,Other injury,Bicyclists
T20120009180,4/19/2012,7:40:00,1,Collision with vehicle,5,Thursday,121,RIGHT THROUGH,1,251425,2,0,0,1,1,2,2,5,Not at intersection,3,40,Arterial Other,50-59,Other injury,Bicyclists
T20120009190,4/19/2012,9:15:00,1,Collision with vehicle,5,Thursday,121,RIGHT THROUGH,1,57308,2,0,0,1,2,3,1,2,T intersection,3,60,Local Road,65-69,Other injury,Bicyclists
T20120009200,4/17/2012,9:30:00,1,Collision with vehicle,3,Tuesday,133,LANE SIDE SWIPE (VEHICLES IN PARALLEL LANES),1,38026,2,0,1,0,1,2,2,1,Cross intersection,2,60,Local Road,22-25,Serious injury,Bicyclists
T20120009202,4/14/2012,23:30:00,1,Collision with vehicle,7,Saturday,133,LANE SIDE SWIPE (VEHICLES IN PARALLEL LANES),6,252952,2,0,0,1,1,2,2,5,Not at intersection,3,999,Local Road,22-25,Other injury,Bicyclists
T20120009219,4/19/2012,9:55:00,1,Collision with vehicle,5,Thursday,163,VEHICLE STRIKES DOOR OF PARKED/STATIONARY VEHICLE,1,251445,2,0,0,1,1,2,1,5,Not at intersection,3,60,Arterial Other,40-49,Other injury,Bicyclists
T20120009233,4/17/2012,15:55:00,1,Collision with vehicle,3,Tuesday,137,LEFT TURN SIDESWIPE,1,36573,2,0,0,1,1,2,2,1,Cross intersection,3,50,Local Road,30-39,Other injury,Bicyclists
T20120009277,4/20/2012,6:30:00,1,Collision with vehicle,6,Friday,116,LEFT NEAR (INTERSECTIONS ONLY),3,42068,2,0,1,0,1,2,1,2,T intersection,2,50,Arterial Other,40-49,Serious injury,Bicyclists
T20120009280,4/4/2012,22:30:00,1,Collision with vehicle,4,Wednesday,130,REAR END(VEHICLES IN SAME LANE),3,37955,2,0,1,0,1,2,2,2,T intersection,2,40,Local Road,18-21,Serious injury,Bicyclists
T20120009288,4/20/2012,9:00:00,1,Collision with vehicle,5,Friday,133,LANE SIDE SWIPE (VEHICLES IN PARALLEL LANES),1,251240,2,0,0,1,1,2,2,5,Not at intersection,3,60,Arterial Other,30-39,Other injury,Bicyclists
T20120009302,4/19/2012,17:30:00,1,Collision with vehicle,4,Thursday,133,LANE SIDE SWIPE (VEHICLES IN PARALLEL LANES),2,251704,2,0,0,1,1,2,2,5,Not at intersection,3,60,Arterial Other,18-21,Other injury,Bicyclists
T20120009357,4/20/2012,15:00:00,1,Collision with vehicle,6,Friday,148,VEHICLE OFF FOOTPATH STRIKES VEH ON CARRIAGEWAY,1,251316,2,0,0,1,1,2,2,5,Not at intersection,3,50,Local Road,18-21,Other injury,Bicyclists
T20120009380,4/20/2012,11:20:00,1,Collision with vehicle,6,Friday,121,RIGHT THROUGH,1,251322,2,0,0,1,1,2,1,1,Cross intersection,3,50,Local Road,50-59,Other injury,Bicyclists
T20120009405,4/21/2012,9:37:00,1,Collision with vehicle,7,Saturday,110,CROSS TRAFFIC(INTERSECTIONS ONLY),1,50701,2,0,1,0,1,2,1,1,Cross intersection,2,50,Local Road,60-64,Serious injury,Bicyclists
T20120009418,4/21/2012,9:15:00,1,Collision with vehicle,7,Saturday,110,CROSS TRAFFIC(INTERSECTIONS ONLY),1,38025,2,0,0,1,1,2,2,1,Cross intersection,3,50,Local Road,50-59,Other injury,Bicyclists
T20120009425,3/31/2012,12:30:00,1,Collision with vehicle,7,Saturday,131,LEFT REAR,1,251335,2,0,0,1,1,2,2,5,Not at intersection,3,70,Arterial Highway,30-39,Other injury,Bicyclists
T20120009450,4/4/2012,8:30:00,1,Collision with vehicle,3,Wednesday,133,LANE SIDE SWIPE (VEHICLES IN PARALLEL LANES),1,254820,2,0,1,0,1,2,2,1,Cross intersection,2,50,Local Road,22-25,Serious injury,Bicyclists
T20120009481,4/21/2012,10:05:00,1,Collision with vehicle,7,Saturday,137,LEFT TURN SIDESWIPE,1,56100,2,0,0,1,1,2,1,2,T intersection,3,60,Arterial Other,40-49,Other injury,Bicyclists
T20120009483,4/21/2012,10:30:00,1,Collision with vehicle,7,Saturday,121,RIGHT THROUGH,1,29675,2,0,0,1,1,2,1,2,T intersection,3,60,Arterial Other,30-39,Other injury,Bicyclists
T20120009574,4/20/2012,15:00:00,1,Collision with vehicle,6,Friday,113,RIGHT NEAR (INTERSECTIONS ONLY),1,251419,2,0,0,1,1,2,1,2,T intersection,3,60,Arterial Highway,50-59,Other injury,Bicyclists
T20120009575,4/1/2012,16:30:00,1,Collision with vehicle,1,Sunday,111,RIGHT FAR (INTERSECTIONS ONLY),1,35987,2,0,0,1,1,2,2,1,Cross intersection,3,40,Local Road,30-39,Other injury,Bicyclists
T20120009603,4/5/2012,7:50:00,1,Collision with vehicle,5,Thursday,137,LEFT TURN SIDESWIPE,1,251439,2,0,0,1,1,2,2,2,T intersection,3,50,Local Road,30-39,Other injury,Bicyclists
T20120009631,4/24/2012,7:00:00,1,Collision with vehicle,3,Tuesday,137,LEFT TURN SIDESWIPE,1,251493,2,0,0,1,1,2,1,5,Not at intersection,3,50,Arterial Other,26-29,Other injury,Bicyclists
T20120009632,4/23/2012,15:30:00,1,Collision with vehicle,2,Monday,148,VEHICLE OFF FOOTPATH STRIKES VEH ON CARRIAGEWAY,1,42768,2,0,0,1,1,2,2,2,T intersection,3,80,Arterial Highway,13-15,Other injury,Bicyclists
T20120009633,4/24/2012,7:26:00,1,Collision with vehicle,3,Tuesday,110,CROSS TRAFFIC(INTERSECTIONS ONLY),4,35304,2,0,1,0,1,2,1,1,Cross intersection,2,60,Arterial Other,26-29,Serious injury,Bicyclists
T20120009636,4/24/2012,8:55:00,1,Collision with vehicle,3,Tuesday,110,CROSS TRAFFIC(INTERSECTIONS ONLY),1,65586,2,0,1,0,1,2,1,1,Cross intersection,2,40,Local Road,22-25,Serious injury,Bicyclists
T20120009637,4/20/2012,15:45:00,1,Collision with vehicle,6,Friday,131,LEFT REAR,1,62697,2,0,0,1,1,2,2,2,T intersection,3,50,Arterial Other,Unknown,Other injury,Bicyclists
T20120009679,4/5/2012,7:55:00,1,Collision with vehicle,5,Thursday,132,RIGHT REAR.,1,36400,2,0,1,0,1,2,2,1,Cross intersection,2,40,Local Road,26-29,Serious injury,Bicyclists
T20120009761,4/24/2012,19:00:00,1,Collision with vehicle,3,Tuesday,132,RIGHT REAR.,6,40382,2,0,0,1,1,2,2,1,Cross intersection,3,50,Local Road,40-49,Other injury,Bicyclists
T20120009825,4/26/2012,8:24:00,1,Collision with vehicle,5,Thursday,137,LEFT TURN SIDESWIPE,1,37243,2,0,0,1,1,2,2,2,T intersection,3,40,Arterial Other,40-49,Other injury,Bicyclists
T20120009884,4/26/2012,18:34:00,1,Collision with vehicle,5,Thursday,135,LANE CHANGE LEFT (NOT OVERTAKING),3,36464,2,0,0,1,1,2,1,1,Cross intersection,3,40,Local Road,40-49,Other injury,Bicyclists
T20120009902,4/27/2012,7:50:00,1,Collision with vehicle,6,Friday,147,VEHICLE STRIKES ANOTHER VEH WHILE EMERGING FROM DRIVEWAY,1,251510,2,0,0,1,1,2,1,5,Not at intersection,3,50,Local Road,40-49,Other injury,Bicyclists
T20120009962,4/27/2012,16:35:00,1,Collision with vehicle,6,Friday,121,RIGHT THROUGH,1,65647,2,0,0,1,1,2,1,2,T intersection,3,60,Local Road,30-39,Other injury,Bicyclists
T20120009965,4/27/2012,19:40:00,1,Collision with vehicle,6,Friday,137,LEFT TURN SIDESWIPE,3,224606,2,0,1,0,1,2,1,2,T intersection,2,999,Arterial Highway,30-39,Serious injury,Bicyclists
T20120009970,4/27/2012,19:45:00,1,Collision with vehicle,6,Friday,110,CROSS TRAFFIC(INTERSECTIONS ONLY),3,65819,2,0,0,1,2,3,1,1,Cross intersection,3,50,Local Road,30-39,Other injury,Bicyclists
T20120009996,4/28/2012,9:05:00,1,Collision with vehicle,7,Saturday,116,LEFT NEAR (INTERSECTIONS ONLY),1,42742,2,0,0,1,2,3,1,2,T intersection,3,60,Arterial Other,30-39,Other injury,Bicyclists
T20120010010,4/28/2012,13:40:00,1,Collision with vehicle,7,Saturday,163,VEHICLE STRIKES DOOR OF PARKED/STATIONARY VEHICLE,1,188181,3,0,0,1,3,4,1,5,Not at intersection,3,50,Local Road,22-25,Other injury,Bicyclists
T20120010016,4/28/2012,14:25:00,1,Collision with vehicle,7,Saturday,137,LEFT TURN SIDESWIPE,1,45651,2,0,1,0,2,3,1,2,T intersection,2,60,Arterial Other,22-25,Serious injury,Bicyclists
T20120010067,4/29/2012,9:10:00,1,Collision with vehicle,1,Sunday,111,RIGHT FAR (INTERSECTIONS ONLY),1,38559,2,0,0,1,1,2,1,1,Cross intersection,3,50,Local Road,30-39,Other injury,Bicyclists
T20120010076,4/29/2012,13:15:00,1,Collision with vehicle,1,Sunday,163,VEHICLE STRIKES DOOR OF PARKED/STATIONARY VEHICLE,1,251712,2,0,1,0,1,2,2,5,Not at intersection,2,60,Arterial Highway,70+,Serious injury,Bicyclists
T20120010095,4/19/2012,16:30:00,1,Collision with vehicle,5,Thursday,147,VEHICLE STRIKES ANOTHER VEH WHILE EMERGING FROM DRIVEWAY,1,251534,2,0,0,1,1,2,2,5,Not at intersection,3,50,Arterial Highway,16-17,Other injury,Bicyclists
T20120010138,4/26/2012,7:30:00,1,Collision with vehicle,5,Thursday,137,LEFT TURN SIDESWIPE,2,52605,2,0,0,1,1,2,2,1,Cross intersection,3,60,Arterial Highway,18-21,Other injury,Bicyclists
T20120010159,4/30/2012,13:16:00,1,Collision with vehicle,2,Monday,121,RIGHT THROUGH,1,29422,2,0,1,0,1,2,1,1,Cross intersection,2,50,Local Road,22-25,Serious injury,Bicyclists
T20120010177,4/1/2012,15:30:00,7,Fall from or in moving vehicle,1,Sunday,174,OUT OF CONTROL ON CARRIAGEWAY (ON STRAIGHT),1,251610,2,0,0,1,1,2,2,1,Cross intersection,3,50,Local Road,50-59,Other injury,Bicyclists
T20120010221,4/23/2012,11:00:00,1,Collision with vehicle,2,Monday,110,CROSS TRAFFIC(INTERSECTIONS ONLY),1,29358,2,0,0,1,1,2,2,1,Cross intersection,3,50,Local Road,50-59,Other injury,Bicyclists
T20120010224,4/27/2012,5:50:00,8,No collision and no object struck,6,Friday,179,OTHER ACCIDENTS-OFF STRAIGHT NOT INCLUDED IN DCAs 170-175,6,251716,1,0,0,1,0,1,2,5,Not at intersection,3,999,Local Road,30-39,Other injury,Bicyclists
T20120010258,5/1/2012,16:51:00,1,Collision with vehicle,3,Tuesday,160,VEHICLE COLLIDES WITH VEHICLE PARKED ON LEFT OF ROAD,1,251744,2,0,1,0,0,1,1,5,Not at intersection,2,50,Arterial Other,40-49,Serious injury,Bicyclists
T20120010260,5/1/2012,17:32:00,1,Collision with vehicle,3,Tuesday,163,VEHICLE STRIKES DOOR OF PARKED/STATIONARY VEHICLE,3,251894,2,0,1,0,2,3,1,5,Not at intersection,2,40,Local Road,50-59,Serious injury,Bicyclists
T20120010263,5/1/2012,16:05:00,1,Collision with vehicle,3,Tuesday,130,REAR END(VEHICLES IN SAME LANE),1,253614,2,1,0,0,1,2,1,5,Not at intersection,1,100,Arterial Other,50-59,Fatality,Bicyclists
T20120010268,5/1/2012,18:54:00,1,Collision with vehicle,3,Tuesday,163,VEHICLE STRIKES DOOR OF PARKED/STATIONARY VEHICLE,3,251749,2,0,1,0,2,3,1,5,Not at intersection,2,60,Local Road,40-49,Serious injury,Bicyclists
T20120010277,5/1/2012,17:45:00,1,Collision with vehicle,3,Tuesday,148,VEHICLE OFF FOOTPATH STRIKES VEH ON CARRIAGEWAY,2,29763,2,0,0,1,1,2,1,2,T intersection,3,70,Arterial Other,22-25,Other injury,Bicyclists
T20120010334,4/5/2012,9:45:00,1,Collision with vehicle,5,Thursday,110,CROSS TRAFFIC(INTERSECTIONS ONLY),1,41416,2,0,0,1,1,2,2,1,Cross intersection,3,60,Local Road,60-64,Other injury,Bicyclists
T20120010349,5/2/2012,16:55:00,1,Collision with vehicle,4,Wednesday,110,CROSS TRAFFIC(INTERSECTIONS ONLY),1,64476,2,0,0,1,1,2,1,1,Cross intersection,3,50,Local Road,26-29,Other injury,Bicyclists
T20120010457,5/3/2012,17:30:00,1,Collision with vehicle,5,Thursday,121,RIGHT THROUGH,2,45462,2,0,0,1,1,2,2,2,T intersection,3,60,Arterial Other,40-49,Other injury,Bicyclists
T20120010462,5/3/2012,8:00:00,1,Collision with vehicle,5,Thursday,134,LANE CHANGE RIGHT (NOT OVERTAKING),1,59692,2,0,0,1,1,2,1,1,Cross intersection,3,60,Arterial Highway,18-21,Other injury,Bicyclists
T20120010463,5/4/2012,6:30:00,1,Collision with vehicle,6,Friday,121,RIGHT THROUGH,3,41106,2,0,1,0,1,2,1,1,Cross intersection,2,60,Arterial Other,22-25,Serious injury,Bicyclists
T20120010478,5/3/2012,15:45:00,1,Collision with vehicle,5,Thursday,137,LEFT TURN SIDESWIPE,1,36467,2,0,0,1,1,2,2,2,T intersection,3,40,Local Road,30-39,Other injury,Bicyclists
T20120010493,5/4/2012,11:12:00,1,Collision with vehicle,6,Friday,163,VEHICLE STRIKES DOOR OF PARKED/STATIONARY VEHICLE,1,35954,2,0,1,0,1,2,1,2,T intersection,2,60,Arterial Other,22-25,Serious injury,Bicyclists
T20120010538,5/4/2012,16:37:00,1,Collision with vehicle,6,Friday,137,LEFT TURN SIDESWIPE,1,251666,2,0,0,1,1,2,1,5,Not at intersection,3,70,Arterial Other,22-25,Other injury,Bicyclists
T20120010549,4/29/2012,17:30:00,1,Collision with vehicle,1,Sunday,130,REAR END(VEHICLES IN SAME LANE),2,56265,2,0,0,1,1,2,2,2,T intersection,3,50,Local Road,30-39,Other injury,Bicyclists
T20120010559,5/5/2012,8:53:00,1,Collision with vehicle,7,Saturday,121,RIGHT THROUGH,1,49914,2,0,0,1,1,2,1,1,Cross intersection,3,60,Arterial Highway,70+,Other injury,Bicyclists
T20120010572,5/5/2012,9:40:00,1,Collision with vehicle,7,Saturday,113,RIGHT NEAR (INTERSECTIONS ONLY),1,44522,2,0,1,0,1,2,1,2,T intersection,2,100,Uknown,60-64,Serious injury,Bicyclists
T20120010579,5/5/2012,8:40:00,1,Collision with vehicle,7,Saturday,110,CROSS TRAFFIC(INTERSECTIONS ONLY),1,48483,2,0,0,1,1,2,2,1,Cross intersection,3,999,Local Road,50-59,Other injury,Bicyclists
T20120010580,5/5/2012,13:50:00,1,Collision with vehicle,7,Saturday,130,REAR END(VEHICLES IN SAME LANE),1,38718,2,0,0,1,1,2,1,2,T intersection,3,50,Local Road,22-25,Other injury,Bicyclists
T20120010610,5/5/2012,12:45:00,1,Collision with vehicle,7,Saturday,148,VEHICLE OFF FOOTPATH STRIKES VEH ON CARRIAGEWAY,1,35849,2,0,0,1,1,2,2,4,Multiple intersection,3,60,Freeway,22-25,Other injury,Bicyclists
T20120010651,5/6/2012,9:56:00,1,Collision with vehicle,1,Sunday,121,RIGHT THROUGH,1,29640,2,0,0,1,1,2,1,1,Cross intersection,3,60,Arterial Highway,40-49,Other injury,Bicyclists
T20120010654,5/3/2012,14:30:00,1,Collision with vehicle,5,Thursday,110,CROSS TRAFFIC(INTERSECTIONS ONLY),1,69354,2,0,0,1,1,2,2,1,Cross intersection,3,50,Local Road,40-49,Other injury,Bicyclists
T20120010656,5/6/2012,12:35:00,1,Collision with vehicle,1,Sunday,163,VEHICLE STRIKES DOOR OF PARKED/STATIONARY VEHICLE,1,251725,2,0,0,1,1,2,1,5,Not at intersection,3,40,Local Road,30-39,Other injury,Bicyclists
T20120010700,5/7/2012,9:15:00,1,Collision with vehicle,2,Monday,121,RIGHT THROUGH,1,139404,2,0,1,0,1,2,1,5,Not at intersection,2,60,Arterial Other,30-39,Serious injury,Bicyclists
T20120010701,2/22/2012,18:15:00,4,Collision with a fixed object,4,Wednesday,179,OTHER ACCIDENTS-OFF STRAIGHT NOT INCLUDED IN DCAs 170-175,1,251750,2,0,0,1,1,2,2,5,Not at intersection,3,60,Uknown,30-39,Other injury,Bicyclists
T20120010743,5/7/2012,17:06:00,1,Collision with vehicle,2,Monday,142,LEAVING PARKING,2,35395,2,0,1,0,1,2,1,2,T intersection,2,50,Arterial Other,40-49,Serious injury,Bicyclists
T20120010751,5/7/2012,17:35:00,1,Collision with vehicle,2,Monday,113,RIGHT NEAR (INTERSECTIONS ONLY),3,40198,2,0,0,1,1,2,1,2,T intersection,3,60,Local Road,18-21,Other injury,Bicyclists
T20120010755,5/7/2012,18:00:00,1,Collision with vehicle,2,Monday,116,LEFT NEAR (INTERSECTIONS ONLY),3,29841,2,0,0,1,1,2,1,2,T intersection,3,40,Arterial Other,30-39,Other injury,Bicyclists
T20120010783,5/2/2012,7:30:00,1,Collision with vehicle,4,Wednesday,110,CROSS TRAFFIC(INTERSECTIONS ONLY),1,50968,2,0,0,1,1,2,2,1,Cross intersection,3,60,Arterial Other,40-49,Other injury,Bicyclists
T20120010828,5/8/2012,17:05:00,1,Collision with vehicle,3,Tuesday,110,CROSS TRAFFIC(INTERSECTIONS ONLY),1,54535,2,0,0,1,1,2,1,1,Cross intersection,3,60,Uknown,60-64,Other injury,Bicyclists
T20120010833,5/8/2012,17:58:00,1,Collision with vehicle,3,Tuesday,163,VEHICLE STRIKES DOOR OF PARKED/STATIONARY VEHICLE,3,251852,2,0,1,0,1,2,1,4,Multiple intersection,2,60,Local Road,40-49,Serious injury,Bicyclists
T20120010888,5/9/2012,12:10:00,1,Collision with vehicle,4,Wednesday,163,VEHICLE STRIKES DOOR OF PARKED/STATIONARY VEHICLE,1,1412,2,0,0,1,1,2,1,5,Not at intersection,3,50,Local Road,26-29,Other injury,Bicyclists
T20120010912,5/9/2012,19:38:00,1,Collision with vehicle,4,Wednesday,163,VEHICLE STRIKES DOOR OF PARKED/STATIONARY VEHICLE,1,251708,2,0,0,1,1,2,1,5,Not at intersection,3,60,Local Road,40-49,Other injury,Bicyclists
T20120010917,5/9/2012,18:25:00,1,Collision with vehicle,4,Wednesday,121,RIGHT THROUGH,3,44404,2,0,0,1,1,2,1,2,T intersection,3,60,Arterial Other,18-21,Other injury,Bicyclists
T20120010973,5/10/2012,13:00:00,1,Collision with vehicle,5,Thursday,133,LANE SIDE SWIPE (VEHICLES IN PARALLEL LANES),1,251861,2,0,0,1,1,2,1,5,Not at intersection,3,80,Arterial Highway,65-69,Other injury,Bicyclists
T20120010981,5/9/2012,19:00:00,1,Collision with vehicle,4,Wednesday,147,VEHICLE STRIKES ANOTHER VEH WHILE EMERGING FROM DRIVEWAY,3,46556,2,0,0,1,1,2,2,2,T intersection,3,999,Local Road,50-59,Other injury,Bicyclists
T20120010996,5/10/2012,8:00:00,1,Collision with vehicle,5,Thursday,113,RIGHT NEAR (INTERSECTIONS ONLY),1,253908,2,0,0,1,1,2,2,1,Cross intersection,3,50,Local Road,26-29,Other injury,Bicyclists
T20120011055,5/11/2012,9:15:00,1,Collision with vehicle,6,Friday,113,RIGHT NEAR (INTERSECTIONS ONLY),1,36518,2,0,0,1,1,2,1,2,T intersection,3,40,Arterial Other,40-49,Other injury,Bicyclists
T20120011074,5/11/2012,8:00:00,1,Collision with vehicle,6,Friday,163,VEHICLE STRIKES DOOR OF PARKED/STATIONARY VEHICLE,9,251814,2,0,0,1,2,3,2,5,Not at intersection,3,50,Local Road,40-49,Other injury,Bicyclists
T20120011125,5/10/2012,16:30:00,1,Collision with vehicle,5,Thursday,121,RIGHT THROUGH,1,40151,2,0,1,0,2,3,1,1,Cross intersection,2,40,Arterial Other,30-39,Serious injury,Bicyclists
T20120011151,5/12/2012,10:19:00,1,Collision with vehicle,7,Saturday,121,RIGHT THROUGH,1,39155,2,0,1,0,2,3,1,1,Cross intersection,2,60,Arterial Other,40-49,Serious injury,Bicyclists
T20120011165,5/11/2012,15:50:00,1,Collision with vehicle,6,Friday,148,VEHICLE OFF FOOTPATH STRIKES VEH ON CARRIAGEWAY,1,41563,2,0,0,1,1,2,2,4,Multiple intersection,3,40,Local Road,16-17,Other injury,Bicyclists
T20120011320,5/8/2012,18:00:00,1,Collision with vehicle,3,Tuesday,121,RIGHT THROUGH,9,37208,2,0,0,1,1,2,2,2,T intersection,3,40,Arterial Other,30-39,Other injury,Bicyclists
T20120011361,5/15/2012,8:20:00,1,Collision with vehicle,3,Tuesday,121,RIGHT THROUGH,1,47952,2,0,0,1,1,2,2,2,T intersection,3,60,Arterial Other,30-39,Other injury,Bicyclists
T20120011376,3/22/2012,8:15:00,8,No collision and no object struck,5,Thursday,174,OUT OF CONTROL ON CARRIAGEWAY (ON STRAIGHT),1,251886,2,0,0,1,1,2,2,2,T intersection,3,999,Local Road,50-59,Other injury,Bicyclists
T20120011390,5/7/2012,17:30:00,1,Collision with vehicle,2,Monday,129,OTHER OPPOSING MANOEUVRES NOT INCLUDED IN DCAs 120-125.,1,25457,2,0,1,0,1,2,2,2,T intersection,2,50,Local Road,22-25,Serious injury,Bicyclists
T20120011401,5/15/2012,16:35:00,1,Collision with vehicle,3,Tuesday,121,RIGHT THROUGH,1,65851,2,0,1,0,1,2,1,1,Cross intersection,2,60,Arterial Other,22-25,Serious injury,Bicyclists
T20120011413,5/15/2012,18:00:00,1,Collision with vehicle,3,Tuesday,121,RIGHT THROUGH,3,51570,2,0,0,1,1,2,1,1,Cross intersection,3,60,Arterial Highway,26-29,Other injury,Bicyclists
T20120011457,5/16/2012,8:43:00,1,Collision with vehicle,4,Wednesday,135,LANE CHANGE LEFT (NOT OVERTAKING),1,251902,2,0,0,1,1,2,1,5,Not at intersection,3,50,Local Road,13-15,Other injury,Bicyclists
T20120011472,5/16/2012,12:20:00,1,Collision with vehicle,4,Wednesday,137,LEFT TURN SIDESWIPE,1,36832,2,0,0,1,1,2,2,2,T intersection,3,60,Uknown,22-25,Other injury,Bicyclists
T20120011479,5/16/2012,12:14:00,1,Collision with vehicle,4,Wednesday,163,VEHICLE STRIKES DOOR OF PARKED/STATIONARY VEHICLE,1,65216,3,0,1,0,2,3,1,2,T intersection,2,40,Arterial Other,22-25,Serious injury,Bicyclists
T20120011483,4/13/2012,15:00:00,8,No collision and no object struck,6,Friday,174,OUT OF CONTROL ON CARRIAGEWAY (ON STRAIGHT),1,251913,1,0,0,1,0,1,2,1,Cross intersection,3,100,Arterial Highway,40-49,Other injury,Bicyclists
T20120011493,3/3/2012,19:30:00,1,Collision with vehicle,7,Saturday,163,VEHICLE STRIKES DOOR OF PARKED/STATIONARY VEHICLE,3,47107,2,0,0,1,1,2,2,1,Cross intersection,3,50,Arterial Other,40-49,Other injury,Bicyclists
T20120011502,4/1/2012,17:30:00,1,Collision with vehicle,0,Sunday,130,REAR END(VEHICLES IN SAME LANE),1,35359,2,0,0,1,1,2,2,2,T intersection,3,50,Local Road,26-29,Other injury,Bicyclists
T20120011512,4/26/2012,16:15:00,1,Collision with vehicle,5,Thursday,163,VEHICLE STRIKES DOOR OF PARKED/STATIONARY VEHICLE,1,251921,2,0,1,0,1,2,2,5,Not at intersection,2,60,Arterial Other,30-39,Serious injury,Bicyclists
T20120011516,5/16/2012,17:50:00,1,Collision with vehicle,4,Wednesday,110,CROSS TRAFFIC(INTERSECTIONS ONLY),2,43987,2,0,1,0,1,2,1,1,Cross intersection,2,60,Local Road,18-21,Serious injury,Bicyclists
T20120011525,4/17/2012,16:30:00,1,Collision with vehicle,3,Tuesday,133,LANE SIDE SWIPE (VEHICLES IN PARALLEL LANES),2,44501,2,0,1,0,1,2,2,2,T intersection,2,60,Local Road,30-39,Serious injury,Bicyclists
T20120011544,3/9/2012,8:08:00,1,Collision with vehicle,6,Friday,110,CROSS TRAFFIC(INTERSECTIONS ONLY),1,16815,2,0,1,0,1,2,1,1,Cross intersection,2,50,Local Road,65-69,Serious injury,Bicyclists
T20120011558,5/17/2012,8:50:00,1,Collision with vehicle,5,Thursday,116,LEFT NEAR (INTERSECTIONS ONLY),1,55126,2,0,1,0,1,2,1,2,T intersection,2,50,Arterial Highway,40-49,Serious injury,Bicyclists
T20120011563,3/25/2012,0:15:00,8,No collision and no object struck,1,Sunday,172,OFF CARRIAGEWAY TO RIGHT,6,54525,1,0,0,1,0,1,2,1,Cross intersection,3,50,Arterial Highway,50-59,Other injury,Bicyclists
T20120011584,5/14/2012,17:15:00,1,Collision with vehicle,2,Monday,121,RIGHT THROUGH,3,45634,2,0,0,1,1,2,2,2,T intersection,3,40,Arterial Other,26-29,Other injury,Bicyclists
T20120011602,5/17/2012,17:40:00,1,Collision with vehicle,5,Thursday,148,VEHICLE OFF FOOTPATH STRIKES VEH ON CARRIAGEWAY,3,252379,2,0,0,1,1,2,1,2,T intersection,3,40,Local Road,18-21,Other injury,Bicyclists
T20120011622,5/17/2012,23:50:00,9,Other accident,5,Thursday,199,UNKNOWN-NO DETAILS ON MANOEUVRES OF ROAD-USERS IN ACCIDENT,3,251955,1,0,1,0,0,1,1,5,Not at intersection,2,60,Local Road,26-29,Serious injury,Bicyclists