ACCIDENT_NO,ACCIDENT_DATE,ACCIDENT_TIME,ACCIDENT_TYPE,ACCIDENT_TYPE_DESC,DAY_OF_WEEK,DAY_WEEK_DESC,DCA_CODE,DCA_DESC,LIGHT_CONDITION,NODE_ID,NO_OF_VEHICLES,NO_PERSONS_KILLED,NO_PERSONS_INJ_2,NO_PERSONS_INJ_3,NO_PERSONS_NOT_INJ,NO_PERSONS,POLICE_ATTEND,ROAD_GEOMETRY,ROAD_GEOMETRY_DESC,SEVERITY,SPEED_ZONE,RMA,AGE_GROUP,INJ_LEVEL,ROAD_USER_TYPE_DESC
T20120011660,5/14/2012,7:00:00,8,No collision and no object struck,2,Monday,174,OUT OF CONTROL ON CARRIAGEWAY (ON STRAIGHT),1,1356,1,0,0,1,0,1,2,1,Cross intersection,3,60,Arterial Other,22-25,Other injury,Bicyclists
T20120011661,5/17/2012,16:15:00,1,Collision with vehicle,5,Thursday,116,LEFT NEAR (INTERSECTIONS ONLY),2,44446,2,0,0,1,1,2,2,1,Cross intersection,3,60,Local Road,26-29,Other injury,Bicyclists
T20120011667,5/17/2012,18:00:00,1,Collision with vehicle,5,Thursday,133,LANE SIDE SWIPE (VEHICLES IN PARALLEL LANES),4,253703,2,0,0,1,1,2,2,5,Not at intersection,3,80,Arterial Other,30-39,Other injury,Bicyclists
T20120011672,5/18/2012,15:50:00,1,Collision with vehicle,6,Friday,137,LEFT TURN SIDESWIPE,1,254047,2,0,0,1,1,2,1,5,Not at intersection,3,40,Local Road,26-29,Other injury,Bicyclists
T20120011675,5/16/2012,17:45:00,1,Collision with vehicle,4,Wednesday,121,RIGHT THROUGH,2,66769,2,0,0,1,1,2,2,3,Y intersection,3,40,Arterial Other,22-25,Other injury,Bicyclists
T20120011700,5/18/2012,19:00:00,1,Collision with vehicle,6,Friday,110,CROSS TRAFFIC(INTERSECTIONS ONLY),3,64562,2,0,0,1,1,2,2,1,Cross intersection,3,999,Local Road,30-39,Other injury,Bicyclists
T20120011703,5/18/2012,21:40:00,1,Collision with vehicle,6,Friday,147,VEHICLE STRIKES ANOTHER VEH WHILE EMERGING FROM DRIVEWAY,9,52154,2,0,0,1,1,2,2,1,Cross intersection,3,50,Local Road,45424,Other injury,Bicyclists
T20120011751,4/27/2012,10:30:00,1,Collision with vehicle,6,Friday,136,RIGHT TURN SIDESWIPE,1,66343,2,0,1,0,1,2,2,2,T intersection,2,40,Arterial Other,40-49,Serious injury,Bicyclists
T20120011776,5/19/2012,18:02:00,1,Collision with vehicle,7,Saturday,113,RIGHT NEAR (INTERSECTIONS ONLY),5,252384,2,0,0,1,1,2,1,2,T intersection,3,50,Local Road,30-39,Other injury,Bicyclists
T20120011800,5/20/2012,10:50:00,1,Collision with vehicle,1,Sunday,130,REAR END(VEHICLES IN SAME LANE),1,57995,2,0,1,1,0,2,1,1,Cross intersection,2,100,Local Road,50-59,Other injury,Bicyclists
T20120011801,5/20/2012,11:45:00,1,Collision with vehicle,1,Sunday,148,VEHICLE OFF FOOTPATH STRIKES VEH ON CARRIAGEWAY,1,43603,2,0,0,1,1,2,1,2,T intersection,3,60,Arterial Other,16-17,Other injury,Bicyclists
T20120011802,5/20/2012,7:20:00,1,Collision with vehicle,1,Sunday,119,OTHER ADJACENT (INTERSECTIONS ONLY),1,41698,3,0,1,0,2,3,1,2,T intersection,2,60,Arterial Highway,30-39,Serious injury,Bicyclists
T20120011819,1/18/2012,16:45:00,1,Collision with vehicle,4,Wednesday,121,RIGHT THROUGH,1,29446,2,0,0,1,1,2,1,1,Cross intersection,3,60,Arterial Other,30-39,Other injury,Bicyclists
T20120011827,5/14/2012,9:01:00,1,Collision with vehicle,2,Monday,110,CROSS TRAFFIC(INTERSECTIONS ONLY),1,64501,2,0,1,0,2,3,1,1,Cross intersection,2,50,Local Road,18-21,Serious injury,Bicyclists
T20120011862,5/21/2012,8:55:00,1,Collision with vehicle,2,Monday,137,LEFT TURN SIDESWIPE,1,38006,2,0,0,1,1,2,1,2,T intersection,3,50,Arterial Other,26-29,Other injury,Bicyclists
T20120011871,5/21/2012,10:30:00,1,Collision with vehicle,1,Monday,133,LANE SIDE SWIPE (VEHICLES IN PARALLEL LANES),1,253668,2,0,0,1,1,2,1,5,Not at intersection,3,50,Uknown,26-29,Other injury,Bicyclists
T20120011877,5/19/2012,13:00:00,1,Collision with vehicle,7,Saturday,137,LEFT TURN SIDESWIPE,1,29441,2,0,0,1,1,2,2,1,Cross intersection,3,999,Arterial Other,22-25,Other injury,Bicyclists
T20120011881,5/21/2012,13:00:00,1,Collision with vehicle,2,Monday,137,LEFT TURN SIDESWIPE,1,36603,2,0,0,1,1,2,1,1,Cross intersection,3,50,Local Road,50-59,Other injury,Bicyclists
T20120011892,5/17/2012,7:30:00,1,Collision with vehicle,5,Thursday,110,CROSS TRAFFIC(INTERSECTIONS ONLY),1,44593,2,0,0,1,1,2,2,1,Cross intersection,3,60,Arterial Other,22-25,Other injury,Bicyclists
T20120011914,5/21/2012,10:10:00,1,Collision with vehicle,2,Monday,133,LANE SIDE SWIPE (VEHICLES IN PARALLEL LANES),1,260785,2,0,0,1,2,3,2,5,Not at intersection,3,60,Uknown,60-64,Other injury,Bicyclists
T20120011925,5/18/2012,12:45:00,1,Collision with vehicle,6,Friday,135,LANE CHANGE LEFT (NOT OVERTAKING),1,252389,2,0,0,1,1,2,1,5,Not at intersection,3,80,Arterial Highway,60-64,Other injury,Bicyclists
T20120011929,5/8/2012,14:00:00,1,Collision with vehicle,3,Tuesday,163,VEHICLE STRIKES DOOR OF PARKED/STATIONARY VEHICLE,1,36636,2,0,0,1,1,2,2,2,T intersection,3,60,Uknown,40-49,Other injury,Bicyclists
T20120011933,5/21/2012,18:40:00,1,Collision with vehicle,2,Monday,110,CROSS TRAFFIC(INTERSECTIONS ONLY),3,44605,2,0,0,1,1,2,1,1,Cross intersection,3,50,Local Road,22-25,Other injury,Bicyclists
T20120011944,5/22/2012,8:22:00,1,Collision with vehicle,3,Tuesday,163,VEHICLE STRIKES DOOR OF PARKED/STATIONARY VEHICLE,1,253169,2,0,1,0,1,2,1,5,Not at intersection,2,60,Local Road,30-39,Serious injury,Bicyclists
T20120012016,5/22/2012,8:20:00,1,Collision with vehicle,3,Tuesday,121,RIGHT THROUGH,1,252236,2,0,0,1,1,2,2,5,Not at intersection,3,60,Local Road,30-39,Other injury,Bicyclists
T20120012116,5/23/2012,21:42:00,1,Collision with vehicle,4,Wednesday,110,CROSS TRAFFIC(INTERSECTIONS ONLY),3,35712,2,0,1,0,1,2,1,1,Cross intersection,2,40,Arterial Other,40-49,Serious injury,Bicyclists
T20120012121,5/23/2012,18:00:00,1,Collision with vehicle,4,Wednesday,115,RIGHT/LEFT FAR (INTERSECTIONS ONLY),3,38164,2,0,0,1,1,2,1,1,Cross intersection,3,50,Arterial Other,30-39,Other injury,Bicyclists
T20120012127,5/23/2012,23:50:00,4,Collision with a fixed object,4,Wednesday,171,LEFT OFF CARRIAGEWAY INTO OBJECT/PARKED VEHICLE,3,55902,2,0,1,0,1,2,1,2,T intersection,2,50,Local Road,60-64,Serious injury,Bicyclists
T20120012134,5/23/2012,16:00:00,1,Collision with vehicle,4,Wednesday,114,TWO RIGHT TURNING (INTERSECTIONS ONLY),1,38114,2,0,0,1,2,3,1,2,T intersection,3,60,Arterial Other,18-21,Other injury,Bicyclists
T20120012136,5/24/2012,8:50:00,1,Collision with vehicle,5,Thursday,131,LEFT REAR,1,46665,2,0,1,0,2,3,1,2,T intersection,2,60,Arterial Other,30-39,Serious injury,Bicyclists
T20120012143,5/24/2012,12:05:00,1,Collision with vehicle,5,Thursday,133,LANE SIDE SWIPE (VEHICLES IN PARALLEL LANES),1,252042,2,0,0,1,1,2,2,5,Not at intersection,3,60,Local Road,40-49,Other injury,Bicyclists
T20120012150,5/24/2012,7:00:00,1,Collision with vehicle,4,Thursday,121,RIGHT THROUGH,1,44786,2,0,1,0,1,2,1,2,T intersection,2,50,Local Road,40-49,Serious injury,Bicyclists
T20120012151,5/20/2012,10:40:00,1,Collision with vehicle,1,Sunday,130,REAR END(VEHICLES IN SAME LANE),1,253078,2,0,0,1,1,2,2,5,Not at intersection,3,60,Local Road,16-17,Other injury,Bicyclists
T20120012154,5/21/2012,17:25:00,1,Collision with vehicle,2,Monday,130,REAR END(VEHICLES IN SAME LANE),2,39092,2,0,1,0,1,2,2,2,T intersection,2,60,Arterial Other,22-25,Serious injury,Bicyclists
T20120012166,5/21/2012,7:30:00,1,Collision with vehicle,2,Monday,116,LEFT NEAR (INTERSECTIONS ONLY),1,46969,2,0,0,2,0,2,2,1,Cross intersection,3,60,Arterial Other,40-49,Other injury,Bicyclists
T20120012185,5/24/2012,17:30:00,1,Collision with vehicle,5,Thursday,110,CROSS TRAFFIC(INTERSECTIONS ONLY),3,55806,2,0,0,1,1,2,1,1,Cross intersection,3,50,Local Road,16-17,Other injury,Bicyclists
T20120012196,5/24/2012,18:20:00,1,Collision with vehicle,5,Thursday,111,RIGHT FAR (INTERSECTIONS ONLY),3,36044,2,0,0,1,1,2,2,1,Cross intersection,3,50,Local Road,Unknown,Other injury,Bicyclists
T20120012215,5/25/2012,8:16:00,1,Collision with vehicle,6,Friday,163,VEHICLE STRIKES DOOR OF PARKED/STATIONARY VEHICLE,9,41147,2,0,1,0,1,2,1,5,Not at intersection,2,50,Arterial Other,30-39,Serious injury,Bicyclists
T20120012219,5/25/2012,7:00:00,1,Collision with vehicle,6,Friday,142,LEAVING PARKING,1,70716,2,0,0,1,1,2,1,5,Not at intersection,3,60,Local Road,30-39,Other injury,Bicyclists
T20120012224,5/25/2012,6:15:00,7,Fall from or in moving vehicle,6,Friday,174,OUT OF CONTROL ON CARRIAGEWAY (ON STRAIGHT),2,29427,2,0,0,1,1,2,2,1,Cross intersection,3,30,Local Road,30-39,Other injury,Bicyclists
T20120012235,5/24/2012,9:30:00,1,Collision with vehicle,5,Thursday,116,LEFT NEAR (INTERSECTIONS ONLY),1,39401,2,0,0,1,1,2,2,2,T intersection,3,60,Local Road,50-59,Other injury,Bicyclists
T20120012237,5/24/2012,6:30:00,6,Vehicle overturned (no collision),5,Thursday,174,OUT OF CONTROL ON CARRIAGEWAY (ON STRAIGHT),2,98076,3,0,1,2,0,3,2,5,Not at intersection,2,60,Arterial Other,40-49,Other injury,Bicyclists
T20120012346,5/26/2012,13:45:00,1,Collision with vehicle,7,Saturday,142,LEAVING PARKING,1,36715,2,0,0,1,1,2,2,1,Cross intersection,3,60,Local Road,50-59,Other injury,Bicyclists
T20120012361,5/26/2012,15:50:00,1,Collision with vehicle,7,Saturday,148,VEHICLE OFF FOOTPATH STRIKES VEH ON CARRIAGEWAY,1,29526,2,0,0,1,1,2,1,1,Cross intersection,3,50,Arterial Other,40-49,Other injury,Bicyclists
T20120012366,5/26/2012,16:15:00,1,Collision with vehicle,7,Saturday,163,VEHICLE STRIKES DOOR OF PARKED/STATIONARY VEHICLE,1,252245,2,0,0,1,1,2,1,5,Not at intersection,3,40,Local Road,18-21,Other injury,Bicyclists
T20120012387,5/26/2012,19:00:00,1,Collision with vehicle,7,Saturday,110,CROSS TRAFFIC(INTERSECTIONS ONLY),3,39673,2,0,0,1,1,2,1,1,Cross intersection,3,60,Local Road,30-39,Other injury,Bicyclists
T20120012421,5/24/2012,18:15:00,1,Collision with vehicle,5,Thursday,121,RIGHT THROUGH,3,42570,2,0,1,0,1,2,2,1,Cross intersection,2,60,Arterial Other,26-29,Serious injury,Bicyclists
T20120012453,5/27/2012,0:36:00,2,Struck Pedestrian,1,Sunday,100,PED NEAR SIDE. PED HIT BY VEHICLE FROM THE RIGHT.,3,252225,1,0,1,0,1,2,1,5,Not at intersection,2,40,Local Road,18-21,Serious injury,Bicyclists
T20120012454,5/27/2012,17:00:00,1,Collision with vehicle,1,Sunday,119,OTHER ADJACENT (INTERSECTIONS ONLY),2,252226,2,0,0,1,1,2,2,2,T intersection,3,50,Local Road,13-15,Other injury,Bicyclists
T20120012475,5/25/2012,15:45:00,1,Collision with vehicle,6,Friday,130,REAR END(VEHICLES IN SAME LANE),1,400,2,0,0,2,0,2,2,1,Cross intersection,3,60,Arterial Other,30-39,Other injury,Bicyclists
T20120012492,5/28/2012,8:05:00,1,Collision with vehicle,2,Monday,163,VEHICLE STRIKES DOOR OF PARKED/STATIONARY VEHICLE,1,36851,2,0,0,1,1,2,2,1,Cross intersection,3,50,Local Road,30-39,Other injury,Bicyclists
T20120012500,5/28/2012,11:35:00,1,Collision with vehicle,2,Monday,163,VEHICLE STRIKES DOOR OF PARKED/STATIONARY VEHICLE,1,64127,2,0,0,1,2,3,1,2,T intersection,3,50,Local Road,30-39,Other injury,Bicyclists
T20120012522,5/28/2012,17:40:00,1,Collision with vehicle,2,Monday,113,RIGHT NEAR (INTERSECTIONS ONLY),3,252248,2,0,1,0,1,2,1,2,T intersection,2,50,Local Road,40-49,Serious injury,Bicyclists
T20120012547,5/29/2012,8:45:00,1,Collision with vehicle,3,Tuesday,110,CROSS TRAFFIC(INTERSECTIONS ONLY),1,29971,2,0,1,0,1,2,1,1,Cross intersection,2,60,Local Road,65-69,Serious injury,Bicyclists
T20120012558,5/29/2012,9:20:00,1,Collision with vehicle,2,Tuesday,133,LANE SIDE SWIPE (VEHICLES IN PARALLEL LANES),1,252109,2,0,0,1,1,2,1,5,Not at intersection,3,70,Arterial Other,26-29,Other injury,Bicyclists
T20120012567,5/29/2012,8:45:00,1,Collision with vehicle,3,Tuesday,148,VEHICLE OFF FOOTPATH STRIKES VEH ON CARRIAGEWAY,1,252412,2,0,0,1,1,2,2,5,Not at intersection,3,50,Local Road,45424,Other injury,Bicyclists
T20120012601,5/29/2012,18:20:00,1,Collision with vehicle,3,Tuesday,116,LEFT NEAR (INTERSECTIONS ONLY),3,41280,2,0,1,0,1,2,2,2,T intersection,2,50,Arterial Other,40-49,Serious injury,Bicyclists
T20120012627,5/30/2012,9:00:00,1,Collision with vehicle,4,Wednesday,148,VEHICLE OFF FOOTPATH STRIKES VEH ON CARRIAGEWAY,1,258343,2,0,0,1,1,2,2,2,T intersection,3,999,Uknown,13-15,Other injury,Bicyclists
T20120012701,5/31/2012,7:55:00,1,Collision with vehicle,5,Thursday,163,VEHICLE STRIKES DOOR OF PARKED/STATIONARY VEHICLE,1,252272,2,0,0,1,1,2,1,2,T intersection,3,50,Uknown,50-59,Other injury,Bicyclists
T20120012730,5/24/2012,11:00:00,1,Collision with vehicle,5,Thursday,163,VEHICLE STRIKES DOOR OF PARKED/STATIONARY VEHICLE,1,29591,2,0,0,2,0,2,2,1,Cross intersection,3,50,Arterial Other,22-25,Other injury,Bicyclists
T20120012757,5/31/2012,16:55:00,1,Collision with vehicle,5,Thursday,121,RIGHT THROUGH,1,38255,2,0,0,1,1,2,1,2,T intersection,3,70,Arterial Other,30-39,Other injury,Bicyclists
T20120012774,5/31/2012,19:19:00,1,Collision with vehicle,5,Thursday,163,VEHICLE STRIKES DOOR OF PARKED/STATIONARY VEHICLE,3,252430,2,0,0,1,2,3,1,5,Not at intersection,3,60,Local Road,40-49,Other injury,Bicyclists
T20120012796,6/1/2012,8:40:00,1,Collision with vehicle,5,Friday,133,LANE SIDE SWIPE (VEHICLES IN PARALLEL LANES),1,111,2,0,0,1,1,2,1,2,T intersection,3,60,Arterial Other,40-49,Other injury,Bicyclists
T20120012801,6/1/2012,7:50:00,1,Collision with vehicle,6,Friday,121,RIGHT THROUGH,1,45581,2,0,1,0,1,2,1,2,T intersection,2,60,Arterial Other,30-39,Serious injury,Bicyclists
T20120012811,5/11/2012,16:00:00,1,Collision with vehicle,6,Friday,130,REAR END(VEHICLES IN SAME LANE),1,35636,2,0,0,1,1,2,2,1,Cross intersection,3,60,Arterial Highway,30-39,Other injury,Bicyclists
T20120012845,6/1/2012,17:50:00,1,Collision with vehicle,6,Friday,134,LANE CHANGE RIGHT (NOT OVERTAKING),3,37818,2,0,1,0,1,2,1,1,Cross intersection,2,60,Arterial Other,30-39,Serious injury,Bicyclists
T20120012851,6/1/2012,20:12:00,1,Collision with vehicle,6,Friday,135,LANE CHANGE LEFT (NOT OVERTAKING),2,252555,2,0,0,1,1,2,2,5,Not at intersection,3,60,Arterial Other,40-49,Other injury,Bicyclists
T20120012856,6/1/2012,18:30:00,1,Collision with vehicle,6,Friday,137,LEFT TURN SIDESWIPE,6,32340,2,0,0,1,1,2,9,1,Cross intersection,3,60,Arterial Highway,40-49,Other injury,Bicyclists
T20120012868,5/23/2012,16:00:00,1,Collision with vehicle,4,Wednesday,147,VEHICLE STRIKES ANOTHER VEH WHILE EMERGING FROM DRIVEWAY,1,254086,2,0,0,1,1,2,2,5,Not at intersection,3,60,Arterial Other,30-39,Other injury,Bicyclists
T20120012950,6/3/2012,12:40:00,4,Collision with a fixed object,1,Sunday,171,LEFT OFF CARRIAGEWAY INTO OBJECT/PARKED VEHICLE,1,752,2,0,0,2,0,2,1,2,T intersection,3,60,Arterial Other,40-49,Other injury,Bicyclists
T20120012961,5/29/2012,18:03:00,1,Collision with vehicle,3,Tuesday,113,RIGHT NEAR (INTERSECTIONS ONLY),3,254048,2,0,1,0,1,2,1,2,T intersection,2,60,Local Road,40-49,Serious injury,Bicyclists
T20120013058,6/4/2012,18:20:00,1,Collision with vehicle,2,Monday,110,CROSS TRAFFIC(INTERSECTIONS ONLY),3,57641,2,0,1,0,1,2,1,1,Cross intersection,2,50,Local Road,40-49,Serious injury,Bicyclists
T20120013079,6/5/2012,1:20:00,1,Collision with vehicle,3,Tuesday,160,VEHICLE COLLIDES WITH VEHICLE PARKED ON LEFT OF ROAD,6,254508,2,0,1,0,0,1,2,1,Cross intersection,2,40,Local Road,30-39,Serious injury,Bicyclists
T20120013089,6/3/2012,9:45:00,1,Collision with vehicle,1,Sunday,160,VEHICLE COLLIDES WITH VEHICLE PARKED ON LEFT OF ROAD,1,252503,2,0,1,0,1,2,2,5,Not at intersection,2,50,Local Road,50-59,Serious injury,Bicyclists
T20120013096,6/3/2012,23:40:00,1,Collision with vehicle,1,Sunday,160,VEHICLE COLLIDES WITH VEHICLE PARKED ON LEFT OF ROAD,3,37715,2,0,1,0,0,1,1,2,T intersection,2,40,Arterial Other,18-21,Serious injury,Bicyclists
T20120013102,6/4/2012,18:30:00,1,Collision with vehicle,2,Monday,135,LANE CHANGE LEFT (NOT OVERTAKING),3,252443,2,0,0,1,1,2,2,5,Not at intersection,3,60,Local Road,30-39,Other injury,Bicyclists
T20120013150,6/5/2012,20:44:00,1,Collision with vehicle,3,Tuesday,113,RIGHT NEAR (INTERSECTIONS ONLY),3,253314,2,0,1,0,1,2,1,1,Cross intersection,2,60,Arterial Other,50-59,Serious injury,Bicyclists
T20120013173,6/6/2012,9:00:00,1,Collision with vehicle,4,Wednesday,116,LEFT NEAR (INTERSECTIONS ONLY),1,25939,2,0,0,1,1,2,1,2,T intersection,3,60,Freeway,60-64,Other injury,Bicyclists
T20120013178,5/30/2012,16:00:00,1,Collision with vehicle,4,Wednesday,135,LANE CHANGE LEFT (NOT OVERTAKING),1,252533,2,0,1,0,1,2,2,5,Not at intersection,2,50,Arterial Other,18-21,Serious injury,Bicyclists
T20120013198,6/4/2012,8:52:00,1,Collision with vehicle,2,Monday,121,RIGHT THROUGH,2,36997,2,0,0,1,3,4,1,2,T intersection,3,60,Uknown,30-39,Other injury,Bicyclists
T20120013209,6/6/2012,15:40:00,1,Collision with vehicle,4,Wednesday,121,RIGHT THROUGH,1,41123,2,0,0,1,1,2,1,2,T intersection,3,60,Arterial Other,22-25,Other injury,Bicyclists
T20120013231,6/6/2012,17:48:00,1,Collision with vehicle,4,Wednesday,116,LEFT NEAR (INTERSECTIONS ONLY),3,53662,2,0,0,1,1,2,1,2,T intersection,3,60,Local Road,30-39,Other injury,Bicyclists
T20120013262,6/7/2012,6:50:00,1,Collision with vehicle,5,Thursday,135,LANE CHANGE LEFT (NOT OVERTAKING),3,50162,2,0,1,1,0,2,2,1,Cross intersection,2,60,Arterial Other,30-39,Serious injury,Bicyclists
T20120013273,6/1/2012,16:30:00,1,Collision with vehicle,6,Friday,135,LANE CHANGE LEFT (NOT OVERTAKING),9,35308,2,0,1,0,1,2,2,4,Multiple intersection,2,50,Arterial Other,26-29,Serious injury,Bicyclists
T20120013296,6/7/2012,16:15:00,1,Collision with vehicle,5,Thursday,121,RIGHT THROUGH,1,278517,2,0,1,0,1,2,1,2,T intersection,2,50,Local Road,50-59,Serious injury,Bicyclists
T20120013302,6/7/2012,18:18:00,1,Collision with vehicle,5,Thursday,160,VEHICLE COLLIDES WITH VEHICLE PARKED ON LEFT OF ROAD,3,254427,2,0,1,0,0,1,1,5,Not at intersection,2,60,Arterial Other,22-25,Serious injury,Bicyclists
T20120013335,6/8/2012,11:00:00,1,Collision with vehicle,6,Friday,110,CROSS TRAFFIC(INTERSECTIONS ONLY),1,35552,2,0,0,1,1,2,1,1,Cross intersection,3,50,Local Road,50-59,Other injury,Bicyclists
T20120013394,6/8/2012,21:40:00,1,Collision with vehicle,6,Friday,130,REAR END(VEHICLES IN SAME LANE),3,252439,2,0,0,1,2,3,2,5,Not at intersection,3,30,Local Road,26-29,Other injury,Bicyclists
T20120013396,6/8/2012,18:15:00,1,Collision with vehicle,6,Friday,163,VEHICLE STRIKES DOOR OF PARKED/STATIONARY VEHICLE,3,252961,2,0,0,1,1,2,1,5,Not at intersection,3,50,Local Road,50-59,Other injury,Bicyclists
T20120013493,6/10/2012,11:15:00,1,Collision with vehicle,1,Sunday,147,VEHICLE STRIKES ANOTHER VEH WHILE EMERGING FROM DRIVEWAY,1,252635,2,0,0,1,1,2,1,5,Not at intersection,3,80,Arterial Other,40-49,Other injury,Bicyclists
T20120013554,6/11/2012,13:25:00,1,Collision with vehicle,2,Monday,148,VEHICLE OFF FOOTPATH STRIKES VEH ON CARRIAGEWAY,1,207814,2,0,0,1,2,3,1,5,Not at intersection,3,50,Local Road,26-29,Other injury,Bicyclists
T20120013583,6/11/2012,17:40:00,1,Collision with vehicle,2,Monday,110,CROSS TRAFFIC(INTERSECTIONS ONLY),3,29433,2,0,0,1,1,2,1,1,Cross intersection,3,50,Local Road,30-39,Other injury,Bicyclists
T20120013600,6/12/2012,7:00:00,1,Collision with vehicle,3,Tuesday,113,RIGHT NEAR (INTERSECTIONS ONLY),2,70424,2,0,1,0,1,2,1,2,T intersection,2,60,Arterial Other,40-49,Serious injury,Bicyclists
T20120013612,6/12/2012,9:48:00,1,Collision with vehicle,3,Tuesday,163,VEHICLE STRIKES DOOR OF PARKED/STATIONARY VEHICLE,1,252831,2,0,0,1,1,2,2,5,Not at intersection,3,50,Local Road,30-39,Other injury,Bicyclists
T20120013615,6/2/2012,12:45:00,3,Struck animal,7,Saturday,167,STRUCK ANIMAL,1,252910,1,0,1,0,0,1,2,5,Not at intersection,2,80,Local Road,40-49,Serious injury,Bicyclists
T20120013622,6/12/2012,12:15:00,1,Collision with vehicle,3,Tuesday,136,RIGHT TURN SIDESWIPE,1,252917,2,0,1,0,2,3,1,5,Not at intersection,2,60,Arterial Other,60-64,Serious injury,Bicyclists
T20120013625,1/7/2012,19:45:00,1,Collision with vehicle,7,Saturday,116,LEFT NEAR (INTERSECTIONS ONLY),1,252921,2,0,0,1,1,2,2,2,T intersection,3,60,Arterial Highway,16-17,Other injury,Bicyclists
T20120013701,5/28/2012,8:00:00,1,Collision with vehicle,2,Monday,135,LANE CHANGE LEFT (NOT OVERTAKING),2,252749,2,0,0,1,1,2,2,5,Not at intersection,3,60,Arterial Highway,30-39,Other injury,Bicyclists
T20120013714,6/13/2012,14:00:00,1,Collision with vehicle,4,Wednesday,121,RIGHT THROUGH,1,40053,2,0,0,1,1,2,2,2,T intersection,3,60,Arterial Other,40-49,Other injury,Bicyclists
T20120013743,5/31/2012,12:00:00,1,Collision with vehicle,5,Thursday,137,LEFT TURN SIDESWIPE,1,36210,2,0,1,0,1,2,2,1,Cross intersection,2,40,Arterial Other,40-49,Serious injury,Bicyclists
T20120013765,6/14/2012,7:20:00,1,Collision with vehicle,5,Thursday,121,RIGHT THROUGH,1,38780,2,0,0,1,1,2,1,2,T intersection,3,60,Local Road,30-39,Other injury,Bicyclists
T20120013767,6/14/2012,8:03:00,1,Collision with vehicle,5,Thursday,163,VEHICLE STRIKES DOOR OF PARKED/STATIONARY VEHICLE,1,250528,2,0,0,1,1,2,1,2,T intersection,3,60,Arterial Other,30-39,Other injury,Bicyclists
T20120013771,6/14/2012,8:25:00,1,Collision with vehicle,5,Thursday,147,VEHICLE STRIKES ANOTHER VEH WHILE EMERGING FROM DRIVEWAY,1,252556,3,0,1,0,2,3,1,5,Not at intersection,2,60,Local Road,30-39,Serious injury,Bicyclists
T20120013790,5/24/2012,22:30:00,8,No collision and no object struck,5,Thursday,174,OUT OF CONTROL ON CARRIAGEWAY (ON STRAIGHT),3,253967,2,0,0,1,1,2,2,5,Not at intersection,3,40,Arterial Other,30-39,Other injury,Bicyclists
T20120013814,6/14/2012,15:15:00,1,Collision with vehicle,5,Thursday,121,RIGHT THROUGH,1,252568,2,0,0,1,1,2,1,5,Not at intersection,3,50,Local Road,13-15,Other injury,Bicyclists
T20120013855,6/15/2012,10:30:00,8,No collision and no object struck,6,Friday,174,OUT OF CONTROL ON CARRIAGEWAY (ON STRAIGHT),1,252592,2,0,0,1,1,2,1,5,Not at intersection,3,60,Local Road,40-49,Other injury,Bicyclists
T20120013904,6/15/2012,6:05:00,1,Collision with vehicle,6,Friday,110,CROSS TRAFFIC(INTERSECTIONS ONLY),3,34594,2,0,0,1,1,2,1,1,Cross intersection,3,60,Arterial Other,50-59,Other injury,Bicyclists
T20120013942,6/16/2012,16:00:00,1,Collision with vehicle,7,Saturday,163,VEHICLE STRIKES DOOR OF PARKED/STATIONARY VEHICLE,2,273613,3,0,0,2,2,4,1,5,Not at intersection,3,60,Arterial Other,22-25,Other injury,Bicyclists
T20120014006,6/17/2012,9:00:00,1,Collision with vehicle,1,Sunday,110,CROSS TRAFFIC(INTERSECTIONS ONLY),1,55621,2,0,0,1,1,2,1,1,Cross intersection,3,60,Local Road,40-49,Other injury,Bicyclists
T20120014009,5/23/2012,8:30:00,2,Struck Pedestrian,4,Wednesday,100,PED NEAR SIDE. PED HIT BY VEHICLE FROM THE RIGHT.,1,252817,1,0,0,1,1,2,2,5,Not at intersection,3,60,Arterial Other,Unknown,Not injured,Bicyclists
T20120014096,6/17/2012,11:00:00,1,Collision with vehicle,1,Sunday,119,OTHER ADJACENT (INTERSECTIONS ONLY),1,1104,2,0,1,0,1,2,2,2,T intersection,2,50,Arterial Highway,50-59,Serious injury,Bicyclists
T20120014103,6/18/2012,17:40:00,1,Collision with vehicle,2,Monday,148,VEHICLE OFF FOOTPATH STRIKES VEH ON CARRIAGEWAY,3,253075,2,0,0,1,1,2,1,5,Not at intersection,3,60,Arterial Highway,13-15,Other injury,Bicyclists
T20120014107,6/18/2012,18:41:00,1,Collision with vehicle,2,Monday,113,RIGHT NEAR (INTERSECTIONS ONLY),3,46775,2,0,0,1,1,2,1,2,T intersection,3,60,Local Road,30-39,Other injury,Bicyclists
T20120014138,6/19/2012,8:30:00,1,Collision with vehicle,3,Tuesday,113,RIGHT NEAR (INTERSECTIONS ONLY),1,40115,2,0,0,1,1,2,1,2,T intersection,3,50,Local Road,13-15,Other injury,Bicyclists
T20120014167,5/30/2012,18:00:00,8,No collision and no object struck,4,Wednesday,174,OUT OF CONTROL ON CARRIAGEWAY (ON STRAIGHT),2,252613,1,0,0,1,0,1,2,5,Not at intersection,3,50,Local Road,22-25,Other injury,Bicyclists
T20120014180,4/16/2012,12:45:00,1,Collision with vehicle,2,Monday,163,VEHICLE STRIKES DOOR OF PARKED/STATIONARY VEHICLE,1,252619,2,0,0,2,0,2,2,5,Not at intersection,3,60,Uknown,18-21,Other injury,Bicyclists