ACCIDENT_NO,ACCIDENT_DATE,ACCIDENT_TIME,ACCIDENT_TYPE,ACCIDENT_TYPE_DESC,DAY_OF_WEEK,DAY_WEEK_DESC,DCA_CODE,DCA_DESC,LIGHT_CONDITION,NODE_ID,NO_OF_VEHICLES,NO_PERSONS_KILLED,NO_PERSONS_INJ_2,NO_PERSONS_INJ_3,NO_PERSONS_NOT_INJ,NO_PERSONS,POLICE_ATTEND,ROAD_GEOMETRY,ROAD_GEOMETRY_DESC,SEVERITY,SPEED_ZONE,RMA,AGE_GROUP,INJ_LEVEL,ROAD_USER_TYPE_DESC
T20120014185,6/19/2012,16:35:00,1,Collision with vehicle,3,Tuesday,148,VEHICLE OFF FOOTPATH STRIKES VEH ON CARRIAGEWAY,1,36830,2,0,0,1,1,2,1,2,T intersection,3,70,Arterial Other,30-39,Other injury,Bicyclists
T20120014227,5/31/2012,15:35:00,1,Collision with vehicle,5,Thursday,163,VEHICLE STRIKES DOOR OF PARKED/STATIONARY VEHICLE,1,252663,2,0,0,1,1,2,2,2,T intersection,3,50,Arterial Other,50-59,Other injury,Bicyclists
T20120014233,6/18/2012,7:45:00,1,Collision with vehicle,2,Monday,139,OTHER SAME DIRECTION-MANOUEVRES NOT INCLUDED IN DCAs 130-137,1,227113,2,0,0,1,1,2,2,2,T intersection,3,80,Arterial Highway,30-39,Other injury,Bicyclists
T20120014236,6/20/2012,8:00:00,1,Collision with vehicle,4,Wednesday,143,ENTERING PARKING,1,252665,2,0,0,1,2,3,1,5,Not at intersection,3,60,Arterial Highway,40-49,Other injury,Bicyclists
T20120014246,6/20/2012,12:28:00,1,Collision with vehicle,4,Wednesday,121,RIGHT THROUGH,1,57452,2,0,1,0,1,2,1,2,T intersection,2,60,Local Road,30-39,Serious injury,Bicyclists
T20120014267,6/20/2012,19:59:00,1,Collision with vehicle,4,Wednesday,163,VEHICLE STRIKES DOOR OF PARKED/STATIONARY VEHICLE,1,255066,2,0,0,1,1,2,2,5,Not at intersection,3,40,Arterial Other,30-39,Other injury,Bicyclists
T20120014271,6/20/2012,17:00:00,1,Collision with vehicle,4,Wednesday,137,LEFT TURN SIDESWIPE,2,252679,2,0,0,1,1,2,2,2,T intersection,3,60,Local Road,18-21,Other injury,Bicyclists
T20120014275,6/20/2012,20:11:00,1,Collision with vehicle,4,Wednesday,121,RIGHT THROUGH,3,37717,2,0,2,0,0,2,1,2,T intersection,2,50,Arterial Other,40-49,Serious injury,Bicyclists
T20120014353,6/20/2012,8:30:00,1,Collision with vehicle,4,Wednesday,110,CROSS TRAFFIC(INTERSECTIONS ONLY),1,41086,2,0,0,1,1,2,2,1,Cross intersection,3,60,Local Road,30-39,Other injury,Bicyclists
T20120014354,6/21/2012,15:45:00,1,Collision with vehicle,5,Thursday,120,HEAD ON (NOT OVERTAKING),1,253175,2,0,1,0,1,2,1,5,Not at intersection,2,80,Arterial Highway,30-39,Serious injury,Bicyclists
T20120014403,6/22/2012,5:50:00,1,Collision with vehicle,6,Friday,139,OTHER SAME DIRECTION-MANOUEVRES NOT INCLUDED IN DCAs 130-137,3,46480,2,0,0,1,1,2,1,5,Not at intersection,3,70,Uknown,22-25,Other injury,Bicyclists
T20120014416,6/22/2012,8:49:00,1,Collision with vehicle,6,Friday,148,VEHICLE OFF FOOTPATH STRIKES VEH ON CARRIAGEWAY,1,42123,2,0,0,1,1,2,1,2,T intersection,3,80,Arterial Highway,45424,Other injury,Bicyclists
T20120014422,6/22/2012,8:55:00,1,Collision with vehicle,6,Friday,121,RIGHT THROUGH,1,223523,2,0,0,1,1,2,1,2,T intersection,3,60,Arterial Other,50-59,Other injury,Bicyclists
T20120014512,6/23/2012,11:20:00,1,Collision with vehicle,7,Saturday,116,LEFT NEAR (INTERSECTIONS ONLY),1,64290,2,0,1,0,1,2,1,2,T intersection,2,60,Arterial Other,70+,Serious injury,Bicyclists
T20120014518,6/21/2012,8:00:00,1,Collision with vehicle,5,Thursday,110,CROSS TRAFFIC(INTERSECTIONS ONLY),1,252686,2,0,0,1,1,2,2,1,Cross intersection,3,60,Local Road,30-39,Other injury,Bicyclists
T20120014648,6/25/2012,8:55:00,1,Collision with vehicle,2,Monday,121,RIGHT THROUGH,1,100,2,0,0,1,1,2,1,1,Cross intersection,3,40,Local Road,30-39,Other injury,Bicyclists
T20120014686,6/25/2012,15:50:00,1,Collision with vehicle,2,Monday,121,RIGHT THROUGH,1,253032,2,0,1,0,1,2,2,5,Not at intersection,2,50,Local Road,16-17,Serious injury,Bicyclists
T20120014706,6/25/2012,18:00:00,1,Collision with vehicle,2,Monday,113,RIGHT NEAR (INTERSECTIONS ONLY),3,55230,2,0,1,0,1,2,1,2,T intersection,2,50,Local Road,40-49,Serious injury,Bicyclists
T20120014727,6/26/2012,7:10:00,1,Collision with vehicle,3,Tuesday,121,RIGHT THROUGH,1,39687,2,0,0,1,2,3,1,2,T intersection,3,60,Local Road,50-59,Other injury,Bicyclists
T20120014740,6/26/2012,8:20:00,1,Collision with vehicle,3,Tuesday,121,RIGHT THROUGH,1,694,2,0,0,1,1,2,1,2,T intersection,3,60,Arterial Other,30-39,Other injury,Bicyclists
T20120014770,6/26/2012,17:00:00,1,Collision with vehicle,3,Tuesday,110,CROSS TRAFFIC(INTERSECTIONS ONLY),1,253216,2,0,0,1,1,2,1,1,Cross intersection,3,50,Local Road,13-15,Other injury,Bicyclists
T20120014783,6/26/2012,17:25:00,1,Collision with vehicle,3,Tuesday,163,VEHICLE STRIKES DOOR OF PARKED/STATIONARY VEHICLE,2,189504,2,0,0,1,2,3,1,5,Not at intersection,3,50,Local Road,26-29,Other injury,Bicyclists
T20120014786,6/26/2012,17:40:00,1,Collision with vehicle,3,Tuesday,110,CROSS TRAFFIC(INTERSECTIONS ONLY),3,36659,2,0,0,1,1,2,1,1,Cross intersection,3,50,Local Road,50-59,Other injury,Bicyclists
T20120014819,6/25/2012,12:00:00,7,Fall from or in moving vehicle,2,Monday,174,OUT OF CONTROL ON CARRIAGEWAY (ON STRAIGHT),1,253331,2,0,0,1,2,3,2,5,Not at intersection,3,40,Local Road,30-39,Other injury,Bicyclists
T20120014888,6/28/2012,9:00:00,6,Vehicle overturned (no collision),5,Thursday,174,OUT OF CONTROL ON CARRIAGEWAY (ON STRAIGHT),1,254097,2,0,0,1,1,2,2,5,Not at intersection,3,999,Arterial Highway,26-29,Other injury,Bicyclists
T20120014949,6/28/2012,13:30:00,1,Collision with vehicle,5,Thursday,135,LANE CHANGE LEFT (NOT OVERTAKING),1,49321,2,0,0,1,1,2,2,1,Cross intersection,3,999,Arterial Other,30-39,Other injury,Bicyclists
T20120014981,6/29/2012,7:30:00,1,Collision with vehicle,6,Friday,142,LEAVING PARKING,2,686,2,0,0,1,2,3,1,2,T intersection,3,40,Arterial Other,40-49,Other injury,Bicyclists
T20120014986,6/22/2012,12:40:00,1,Collision with vehicle,5,Friday,133,LANE SIDE SWIPE (VEHICLES IN PARALLEL LANES),1,252876,2,0,0,1,1,2,2,2,T intersection,3,50,Arterial Other,30-39,Other injury,Bicyclists
T20120015007,6/29/2012,8:15:00,1,Collision with vehicle,6,Friday,163,VEHICLE STRIKES DOOR OF PARKED/STATIONARY VEHICLE,1,252887,2,0,0,1,0,1,2,5,Not at intersection,3,60,Arterial Other,30-39,Other injury,Bicyclists
T20120015025,6/29/2012,18:17:00,1,Collision with vehicle,6,Friday,163,VEHICLE STRIKES DOOR OF PARKED/STATIONARY VEHICLE,3,252898,2,0,0,1,4,5,1,5,Not at intersection,3,60,Uknown,30-39,Other injury,Bicyclists
T20120015042,6/29/2012,2:40:00,1,Collision with vehicle,6,Friday,110,CROSS TRAFFIC(INTERSECTIONS ONLY),1,301937,2,0,0,1,1,2,2,1,Cross intersection,3,80,Arterial Other,22-25,Other injury,Bicyclists
T20120015079,6/2/2012,15:30:00,6,Vehicle overturned (no collision),7,Saturday,174,OUT OF CONTROL ON CARRIAGEWAY (ON STRAIGHT),1,252918,2,0,0,1,1,2,1,5,Not at intersection,3,60,Arterial Other,30-39,Other injury,Bicyclists
T20120015097,6/30/2012,0:41:00,1,Collision with vehicle,7,Saturday,140,U TURN,3,252928,2,0,0,1,1,2,1,5,Not at intersection,3,50,Local Road,30-39,Other injury,Bicyclists
T20120015150,3/22/2012,9:00:00,1,Collision with vehicle,5,Thursday,147,VEHICLE STRIKES ANOTHER VEH WHILE EMERGING FROM DRIVEWAY,1,253007,2,0,0,1,1,2,2,5,Not at intersection,3,50,Local Road,22-25,Other injury,Bicyclists
T20120015169,6/19/2012,8:45:00,1,Collision with vehicle,3,Tuesday,110,CROSS TRAFFIC(INTERSECTIONS ONLY),1,42520,2,0,0,1,1,2,2,1,Cross intersection,3,60,Arterial Other,26-29,Other injury,Bicyclists
T20120015260,6/28/2012,6:30:00,1,Collision with vehicle,5,Thursday,110,CROSS TRAFFIC(INTERSECTIONS ONLY),3,320897,2,0,0,1,1,2,2,1,Cross intersection,3,70,Uknown,50-59,Other injury,Bicyclists
T20120015283,7/2/2012,22:50:00,1,Collision with vehicle,1,Monday,133,LANE SIDE SWIPE (VEHICLES IN PARALLEL LANES),6,254187,2,0,0,1,1,2,2,5,Not at intersection,3,60,Arterial Other,50-59,Other injury,Bicyclists
T20120015284,7/2/2012,15:15:00,1,Collision with vehicle,2,Monday,110,CROSS TRAFFIC(INTERSECTIONS ONLY),1,389,2,0,1,0,2,3,1,1,Cross intersection,2,70,Uknown,30-39,Serious injury,Bicyclists
T20120015311,3/19/2012,16:00:00,1,Collision with vehicle,2,Monday,133,LANE SIDE SWIPE (VEHICLES IN PARALLEL LANES),9,29595,2,0,0,1,1,2,2,1,Cross intersection,3,60,Local Road,22-25,Other injury,Bicyclists
T20120015331,7/3/2012,14:00:00,1,Collision with vehicle,3,Tuesday,163,VEHICLE STRIKES DOOR OF PARKED/STATIONARY VEHICLE,1,56671,2,0,0,1,1,2,2,2,T intersection,3,60,Local Road,22-25,Other injury,Bicyclists
T20120015360,7/3/2012,15:30:00,1,Collision with vehicle,3,Tuesday,147,VEHICLE STRIKES ANOTHER VEH WHILE EMERGING FROM DRIVEWAY,1,253390,2,0,0,1,1,2,1,5,Not at intersection,3,50,Local Road,45424,Other injury,Bicyclists
T20120015371,7/3/2012,17:30:00,1,Collision with vehicle,3,Tuesday,135,LANE CHANGE LEFT (NOT OVERTAKING),3,49139,2,0,0,1,1,2,1,2,T intersection,3,60,Arterial Other,26-29,Other injury,Bicyclists
T20120015465,7/4/2012,21:08:00,1,Collision with vehicle,4,Wednesday,163,VEHICLE STRIKES DOOR OF PARKED/STATIONARY VEHICLE,6,253224,2,0,0,1,1,2,2,5,Not at intersection,3,999,Arterial Other,26-29,Other injury,Bicyclists
T20120015477,7/4/2012,19:35:00,1,Collision with vehicle,4,Wednesday,113,RIGHT NEAR (INTERSECTIONS ONLY),3,30939,2,0,0,1,1,2,1,1,Cross intersection,3,60,Arterial Highway,30-39,Other injury,Bicyclists
T20120015493,7/5/2012,7:10:00,1,Collision with vehicle,5,Thursday,110,CROSS TRAFFIC(INTERSECTIONS ONLY),1,64071,2,0,0,1,1,2,1,1,Cross intersection,3,60,Arterial Other,30-39,Other injury,Bicyclists
T20120015516,5/21/2012,14:15:00,1,Collision with vehicle,2,Monday,137,LEFT TURN SIDESWIPE,1,37429,2,0,0,1,1,2,2,2,T intersection,3,50,Arterial Other,Unknown,Other injury,Bicyclists
T20120015530,7/5/2012,18:05:00,1,Collision with vehicle,5,Thursday,110,CROSS TRAFFIC(INTERSECTIONS ONLY),5,38799,2,0,0,1,1,2,1,1,Cross intersection,3,50,Local Road,40-49,Other injury,Bicyclists
T20120015546,6/18/2012,9:40:00,1,Collision with vehicle,2,Monday,140,U TURN,1,253719,2,0,0,1,1,2,2,5,Not at intersection,3,40,Local Road,22-25,Other injury,Bicyclists
T20120015574,7/6/2012,7:30:00,1,Collision with vehicle,6,Friday,113,RIGHT NEAR (INTERSECTIONS ONLY),2,40106,2,0,0,1,2,3,2,2,T intersection,3,999,Arterial Other,26-29,Other injury,Bicyclists
T20120015591,6/19/2012,16:00:00,1,Collision with vehicle,3,Tuesday,133,LANE SIDE SWIPE (VEHICLES IN PARALLEL LANES),1,253144,2,0,0,1,1,2,2,5,Not at intersection,3,60,Arterial Other,50-59,Other injury,Bicyclists
T20120015688,7/7/2012,15:50:00,1,Collision with vehicle,7,Saturday,121,RIGHT THROUGH,1,29459,2,0,0,1,1,2,1,2,T intersection,3,60,Arterial Other,16-17,Other injury,Bicyclists
T20120015762,7/8/2012,17:50:00,1,Collision with vehicle,1,Sunday,136,RIGHT TURN SIDESWIPE,3,41353,2,0,0,1,1,2,1,1,Cross intersection,3,60,Arterial Other,16-17,Other injury,Bicyclists
T20120015783,7/8/2012,15:00:00,1,Collision with vehicle,1,Sunday,110,CROSS TRAFFIC(INTERSECTIONS ONLY),1,44856,2,0,1,0,1,2,1,1,Cross intersection,2,60,Local Road,30-39,Serious injury,Bicyclists
T20120015806,7/8/2012,17:45:00,1,Collision with vehicle,1,Sunday,134,LANE CHANGE RIGHT (NOT OVERTAKING),3,253217,2,0,0,1,1,2,1,5,Not at intersection,3,70,Arterial Other,40-49,Other injury,Bicyclists
T20120015831,7/9/2012,6:30:00,1,Collision with vehicle,2,Monday,130,REAR END(VEHICLES IN SAME LANE),3,35605,2,0,1,0,1,2,2,1,Cross intersection,2,70,Arterial Highway,40-49,Serious injury,Bicyclists
T20120015846,7/10/2012,6:45:00,1,Collision with vehicle,2,Tuesday,121,RIGHT THROUGH,3,37196,2,0,1,0,3,4,1,1,Cross intersection,2,40,Arterial Other,30-39,Serious injury,Bicyclists
T20120015876,7/1/2012,13:50:00,1,Collision with vehicle,1,Sunday,110,CROSS TRAFFIC(INTERSECTIONS ONLY),1,43024,2,0,0,1,1,2,2,1,Cross intersection,3,999,Local Road,40-49,Other injury,Bicyclists
T20120015893,7/10/2012,16:45:00,1,Collision with vehicle,3,Tuesday,110,CROSS TRAFFIC(INTERSECTIONS ONLY),1,52674,2,0,0,1,1,2,1,1,Cross intersection,3,50,Local Road,18-21,Other injury,Bicyclists
T20120015897,7/10/2012,18:00:00,1,Collision with vehicle,3,Tuesday,134,LANE CHANGE RIGHT (NOT OVERTAKING),3,253587,2,0,0,1,1,2,1,5,Not at intersection,3,80,Arterial Highway,30-39,Other injury,Bicyclists
T20120015899,7/10/2012,16:55:00,1,Collision with vehicle,3,Tuesday,135,LANE CHANGE LEFT (NOT OVERTAKING),2,253588,3,0,0,1,1,2,1,5,Not at intersection,3,50,Local Road,22-25,Other injury,Bicyclists
T20120015925,7/6/2012,10:05:00,1,Collision with vehicle,6,Friday,116,LEFT NEAR (INTERSECTIONS ONLY),1,223460,2,0,0,1,1,2,2,2,T intersection,3,60,Arterial Highway,30-39,Other injury,Bicyclists
T20120015955,7/11/2012,14:12:00,1,Collision with vehicle,4,Wednesday,163,VEHICLE STRIKES DOOR OF PARKED/STATIONARY VEHICLE,1,66490,2,0,0,1,1,2,2,2,T intersection,3,40,Arterial Other,22-25,Other injury,Bicyclists
T20120015957,6/5/2012,9:10:00,2,Struck Pedestrian,3,Tuesday,102,FAR SIDE. PED HIT BY VEHICLE FROM THE LEFT,1,254513,1,0,1,1,0,2,2,5,Not at intersection,2,40,Local Road,Unknown,Other injury,Bicyclists
T20120015964,7/10/2012,7:00:00,1,Collision with vehicle,3,Tuesday,113,RIGHT NEAR (INTERSECTIONS ONLY),6,42153,2,0,0,1,1,2,2,2,T intersection,3,50,Local Road,30-39,Other injury,Bicyclists
T20120015977,7/11/2012,17:59:00,1,Collision with vehicle,4,Wednesday,148,VEHICLE OFF FOOTPATH STRIKES VEH ON CARRIAGEWAY,3,36092,2,0,1,0,1,2,1,2,T intersection,2,60,Arterial Other,30-39,Serious injury,Bicyclists
T20120016019,6/26/2012,14:00:00,8,No collision and no object struck,3,Tuesday,184,OUT OF CONTROL ON CARRIAGEWAY (ON BEND),1,253403,2,0,1,0,1,2,2,5,Not at intersection,2,60,Arterial Other,50-59,Serious injury,Bicyclists
T20120016024,7/12/2012,12:20:00,8,No collision and no object struck,5,Thursday,174,OUT OF CONTROL ON CARRIAGEWAY (ON STRAIGHT),1,42853,2,0,0,1,1,2,1,2,T intersection,3,80,Local Road,50-59,Other injury,Bicyclists
T20120016109,7/13/2012,12:15:00,1,Collision with vehicle,6,Friday,140,U TURN,1,36952,2,0,0,1,1,2,2,1,Cross intersection,3,50,Local Road,18-21,Other injury,Bicyclists
T20120016140,5/7/2012,17:00:00,1,Collision with vehicle,2,Monday,130,REAR END(VEHICLES IN SAME LANE),2,48348,2,0,0,1,1,2,2,2,T intersection,3,50,Local Road,50-59,Other injury,Bicyclists
T20120016174,6/12/2012,8:05:00,1,Collision with vehicle,3,Tuesday,148,VEHICLE OFF FOOTPATH STRIKES VEH ON CARRIAGEWAY,1,253359,2,0,1,0,1,2,1,5,Not at intersection,2,70,Local Road,26-29,Serious injury,Bicyclists
T20120016180,7/13/2012,22:30:00,1,Collision with vehicle,6,Friday,148,VEHICLE OFF FOOTPATH STRIKES VEH ON CARRIAGEWAY,3,256718,2,0,0,1,1,2,2,5,Not at intersection,3,50,Uknown,18-21,Other injury,Bicyclists
T20120016201,7/14/2012,19:20:00,8,No collision and no object struck,7,Saturday,170,OFF CARRIAGEWAY TO LEFT,3,63455,1,0,1,0,0,1,1,1,Cross intersection,2,50,Local Road,70+,Serious injury,Bicyclists
T20120016219,7/14/2012,22:00:00,8,No collision and no object struck,7,Saturday,174,OUT OF CONTROL ON CARRIAGEWAY (ON STRAIGHT),6,81117,2,0,0,1,1,2,2,5,Not at intersection,3,40,Arterial Other,26-29,Other injury,Bicyclists
T20120016225,7/15/2012,7:00:00,1,Collision with vehicle,1,Sunday,121,RIGHT THROUGH,1,46621,2,0,1,0,3,4,1,2,T intersection,2,60,Arterial Highway,50-59,Serious injury,Bicyclists
T20120016242,7/15/2012,16:45:00,1,Collision with vehicle,1,Sunday,110,CROSS TRAFFIC(INTERSECTIONS ONLY),1,349,2,0,1,0,1,2,1,1,Cross intersection,2,50,Local Road,26-29,Serious injury,Bicyclists
T20120016272,7/5/2012,17:40:00,1,Collision with vehicle,5,Thursday,137,LEFT TURN SIDESWIPE,1,29893,2,0,0,1,1,2,2,4,Multiple intersection,3,40,Arterial Other,26-29,Other injury,Bicyclists
T20120016318,7/9/2012,8:20:00,1,Collision with vehicle,2,Monday,116,LEFT NEAR (INTERSECTIONS ONLY),1,37916,2,0,0,2,0,2,2,2,T intersection,3,999,Arterial Other,26-29,Other injury,Bicyclists
T20120016330,7/15/2012,17:15:00,1,Collision with vehicle,1,Sunday,130,REAR END(VEHICLES IN SAME LANE),1,253696,2,0,0,1,1,2,2,5,Not at intersection,3,999,Arterial Highway,50-59,Other injury,Bicyclists
T20120016400,7/14/2012,20:00:00,1,Collision with vehicle,7,Saturday,130,REAR END(VEHICLES IN SAME LANE),5,273630,2,0,1,0,1,2,1,5,Not at intersection,2,80,Arterial Other,30-39,Serious injury,Bicyclists
T20120016405,7/17/2012,15:35:00,1,Collision with vehicle,3,Tuesday,147,VEHICLE STRIKES ANOTHER VEH WHILE EMERGING FROM DRIVEWAY,1,42288,2,0,0,1,2,3,2,2,T intersection,3,999,Arterial Other,45424,Other injury,Bicyclists
T20120016409,7/8/2012,11:00:00,8,No collision and no object struck,1,Sunday,174,OUT OF CONTROL ON CARRIAGEWAY (ON STRAIGHT),1,71005,2,0,0,1,2,3,2,2,T intersection,3,70,Arterial Other,30-39,Other injury,Bicyclists
T20120016433,7/18/2012,7:40:00,1,Collision with vehicle,4,Wednesday,121,RIGHT THROUGH,1,29413,2,0,0,1,1,2,1,1,Cross intersection,3,60,Arterial Other,30-39,Other injury,Bicyclists
T20120016480,7/17/2012,8:20:00,1,Collision with vehicle,3,Tuesday,121,RIGHT THROUGH,1,36504,2,0,0,1,1,2,2,2,T intersection,3,999,Local Road,40-49,Other injury,Bicyclists
T20120016506,6/20/2012,17:30:00,1,Collision with vehicle,4,Wednesday,121,RIGHT THROUGH,3,37193,2,0,0,1,1,2,2,1,Cross intersection,3,60,Arterial Other,30-39,Other injury,Bicyclists
T20120016510,7/19/2012,7:10:00,1,Collision with vehicle,5,Thursday,139,OTHER SAME DIRECTION-MANOUEVRES NOT INCLUDED IN DCAs 130-137,1,45079,2,0,0,1,1,2,1,2,T intersection,3,50,Local Road,50-59,Other injury,Bicyclists
T20120016530,7/19/2012,9:30:00,1,Collision with vehicle,5,Thursday,113,RIGHT NEAR (INTERSECTIONS ONLY),1,39978,2,0,0,1,1,2,1,1,Cross intersection,3,60,Local Road,40-49,Other injury,Bicyclists
T20120016575,7/17/2012,17:00:00,8,No collision and no object struck,3,Tuesday,175,OFF END OF ROAD/T-INTERSECTION.,9,239301,2,0,0,1,1,2,2,2,T intersection,3,999,Local Road,40-49,Other injury,Bicyclists
T20120016629,6/25/2012,7:00:00,8,No collision and no object struck,2,Monday,199,UNKNOWN-NO DETAILS ON MANOEUVRES OF ROAD-USERS IN ACCIDENT,2,41230,2,0,0,1,0,1,2,2,T intersection,3,999,Local Road,30-39,Other injury,Bicyclists
T20120016635,7/13/2012,16:00:00,1,Collision with vehicle,6,Friday,136,RIGHT TURN SIDESWIPE,1,45643,2,0,0,1,1,2,2,1,Cross intersection,3,50,Arterial Other,22-25,Other injury,Bicyclists
T20120016652,7/20/2012,15:35:00,1,Collision with vehicle,6,Friday,149,OTHER MANOEUVRING NOT INCLUDED IN DCAs 140-148,1,254808,2,0,1,0,1,2,1,5,Not at intersection,2,50,Local Road,16-17,Serious injury,Bicyclists
T20120016672,7/21/2012,6:50:00,1,Collision with vehicle,6,Saturday,133,LANE SIDE SWIPE (VEHICLES IN PARALLEL LANES),2,254247,2,0,1,0,1,2,1,5,Not at intersection,2,60,Arterial Other,50-59,Serious injury,Bicyclists
T20120016700,7/21/2012,12:15:00,1,Collision with vehicle,7,Saturday,121,RIGHT THROUGH,1,42806,2,0,1,0,1,2,1,2,T intersection,2,60,Arterial Other,50-59,Serious injury,Bicyclists
T20120016741,7/22/2012,0:50:00,1,Collision with vehicle,1,Sunday,134,LANE CHANGE RIGHT (NOT OVERTAKING),3,38657,2,0,0,1,1,2,1,2,T intersection,3,50,Local Road,22-25,Other injury,Bicyclists
T20120016754,7/21/2012,9:05:00,1,Collision with vehicle,7,Saturday,116,LEFT NEAR (INTERSECTIONS ONLY),1,43863,2,0,0,1,1,2,1,2,T intersection,3,80,Arterial Other,30-39,Other injury,Bicyclists
T20120016760,7/22/2012,8:38:00,1,Collision with vehicle,1,Sunday,160,VEHICLE COLLIDES WITH VEHICLE PARKED ON LEFT OF ROAD,1,253938,2,0,0,1,0,1,1,5,Not at intersection,3,60,Arterial Other,70+,Other injury,Bicyclists
T20120016775,7/22/2012,11:00:00,1,Collision with vehicle,1,Sunday,113,RIGHT NEAR (INTERSECTIONS ONLY),1,42618,2,0,1,0,1,2,1,2,T intersection,2,80,Arterial Highway,40-49,Serious injury,Bicyclists
T20120016854,7/21/2012,13:50:00,1,Collision with vehicle,7,Saturday,110,CROSS TRAFFIC(INTERSECTIONS ONLY),1,49955,2,0,1,0,2,3,1,1,Cross intersection,2,60,Arterial Other,40-49,Serious injury,Bicyclists
T20120016857,7/23/2012,9:45:00,1,Collision with vehicle,2,Monday,116,LEFT NEAR (INTERSECTIONS ONLY),1,67634,2,0,0,1,1,2,2,2,T intersection,3,999,Arterial Other,30-39,Other injury,Bicyclists
T20120016891,7/23/2012,15:40:00,8,No collision and no object struck,2,Monday,179,OTHER ACCIDENTS-OFF STRAIGHT NOT INCLUDED IN DCAs 170-175,1,254020,2,0,0,2,0,2,1,5,Not at intersection,3,40,Arterial Other,45424,Other injury,Bicyclists
T20120016909,7/22/2012,18:00:00,1,Collision with vehicle,1,Sunday,135,LANE CHANGE LEFT (NOT OVERTAKING),9,253828,2,0,0,1,1,2,2,5,Not at intersection,3,999,Arterial Other,22-25,Other injury,Bicyclists
T20120016950,7/23/2012,9:45:00,1,Collision with vehicle,2,Monday,135,LANE CHANGE LEFT (NOT OVERTAKING),9,29536,2,0,0,1,1,2,2,2,T intersection,3,999,Arterial Other,30-39,Other injury,Bicyclists
T20120016963,7/25/2012,6:40:00,1,Collision with vehicle,4,Wednesday,111,RIGHT FAR (INTERSECTIONS ONLY),3,35626,2,0,0,1,1,2,1,2,T intersection,3,60,Arterial Highway,40-49,Other injury,Bicyclists
T20120016967,7/25/2012,8:30:00,1,Collision with vehicle,4,Wednesday,121,RIGHT THROUGH,2,253736,2,0,0,1,1,2,1,2,T intersection,3,60,Uknown,13-15,Other injury,Bicyclists
T20120017001,7/21/2012,14:50:00,1,Collision with vehicle,7,Saturday,163,VEHICLE STRIKES DOOR OF PARKED/STATIONARY VEHICLE,1,253616,2,0,0,1,1,2,2,5,Not at intersection,3,999,Arterial Other,60-64,Other injury,Bicyclists
T20120017005,7/23/2012,15:30:00,8,No collision and no object struck,2,Monday,170,OFF CARRIAGEWAY TO LEFT,1,255793,2,0,0,1,1,2,2,5,Not at intersection,3,50,Uknown,22-25,Other injury,Bicyclists
T20120017021,7/25/2012,17:00:00,7,Fall from or in moving vehicle,4,Wednesday,174,OUT OF CONTROL ON CARRIAGEWAY (ON STRAIGHT),3,253755,1,0,1,0,0,1,2,5,Not at intersection,2,60,Arterial Other,30-39,Serious injury,Bicyclists
T20120017054,7/26/2012,10:20:00,1,Collision with vehicle,5,Thursday,121,RIGHT THROUGH,1,414,2,0,0,1,1,2,1,1,Cross intersection,3,60,Local Road,18-21,Other injury,Bicyclists
T20120017056,7/26/2012,10:13:00,1,Collision with vehicle,5,Thursday,121,RIGHT THROUGH,1,39068,2,0,1,0,2,3,1,2,T intersection,2,50,Arterial Other,70+,Serious injury,Bicyclists
T20120017067,7/24/2012,8:00:00,1,Collision with vehicle,3,Tuesday,121,RIGHT THROUGH,2,45649,2,0,1,0,1,2,2,1,Cross intersection,2,60,Arterial Other,26-29,Serious injury,Bicyclists
T20120017130,7/27/2012,6:45:00,1,Collision with vehicle,6,Friday,130,REAR END(VEHICLES IN SAME LANE),3,253852,2,0,1,0,1,2,1,5,Not at intersection,2,50,Local Road,30-39,Serious injury,Bicyclists
T20120017188,7/27/2012,15:45:00,1,Collision with vehicle,6,Friday,121,RIGHT THROUGH,1,38001,2,0,0,1,1,2,2,1,Cross intersection,3,60,Local Road,26-29,Other injury,Bicyclists
T20120017228,7/28/2012,7:55:00,1,Collision with vehicle,6,Saturday,133,LANE SIDE SWIPE (VEHICLES IN PARALLEL LANES),1,254156,2,0,0,1,1,2,1,1,Cross intersection,3,50,Local Road,40-49,Other injury,Bicyclists
T20120017229,7/28/2012,4:00:00,1,Collision with vehicle,7,Saturday,130,REAR END(VEHICLES IN SAME LANE),3,254155,2,0,0,1,2,3,1,5,Not at intersection,3,50,Uknown,18-21,Other injury,Bicyclists
T20120017267,7/28/2012,14:30:00,1,Collision with vehicle,7,Saturday,163,VEHICLE STRIKES DOOR OF PARKED/STATIONARY VEHICLE,1,254177,2,0,0,1,1,2,2,5,Not at intersection,3,40,Arterial Other,26-29,Other injury,Bicyclists
T20120017285,7/28/2012,18:38:00,1,Collision with vehicle,7,Saturday,110,CROSS TRAFFIC(INTERSECTIONS ONLY),3,55983,2,0,1,0,1,2,1,1,Cross intersection,2,50,Local Road,40-49,Serious injury,Bicyclists
T20120017302,6/28/2012,9:10:00,1,Collision with vehicle,5,Thursday,111,RIGHT FAR (INTERSECTIONS ONLY),1,222021,2,0,0,1,1,2,1,2,T intersection,3,60,Arterial Other,26-29,Other injury,Bicyclists