ACCIDENT_NO,ACCIDENT_DATE,ACCIDENT_TIME,ACCIDENT_TYPE,ACCIDENT_TYPE_DESC,DAY_OF_WEEK,DAY_WEEK_DESC,DCA_CODE,DCA_DESC,LIGHT_CONDITION,NODE_ID,NO_OF_VEHICLES,NO_PERSONS_KILLED,NO_PERSONS_INJ_2,NO_PERSONS_INJ_3,NO_PERSONS_NOT_INJ,NO_PERSONS,POLICE_ATTEND,ROAD_GEOMETRY,ROAD_GEOMETRY_DESC,SEVERITY,SPEED_ZONE,RMA,AGE_GROUP,INJ_LEVEL,ROAD_USER_TYPE_DESC
T20120017315,7/28/2012,14:20:00,1,Collision with vehicle,7,Saturday,132,RIGHT REAR.,1,253645,2,0,0,2,0,2,2,5,Not at intersection,3,60,Arterial Other,30-39,Other injury,Bicyclists
T20120017410,7/30/2012,8:30:00,1,Collision with vehicle,2,Monday,110,CROSS TRAFFIC(INTERSECTIONS ONLY),1,45640,2,0,0,1,1,2,1,1,Cross intersection,3,60,Arterial Other,26-29,Other injury,Bicyclists
T20120017439,7/30/2012,19:16:00,1,Collision with vehicle,2,Monday,147,VEHICLE STRIKES ANOTHER VEH WHILE EMERGING FROM DRIVEWAY,3,254182,2,0,1,0,1,2,1,5,Not at intersection,2,40,Local Road,65-69,Serious injury,Bicyclists
T20120017466,7/31/2012,8:35:00,1,Collision with vehicle,3,Tuesday,148,VEHICLE OFF FOOTPATH STRIKES VEH ON CARRIAGEWAY,1,43767,2,0,0,1,1,2,1,2,T intersection,3,40,Local Road,13-15,Other injury,Bicyclists
T20120017513,7/31/2012,16:00:00,1,Collision with vehicle,3,Tuesday,130,REAR END(VEHICLES IN SAME LANE),1,253784,2,0,0,1,1,2,1,5,Not at intersection,3,50,Local Road,30-39,Other injury,Bicyclists
T20120017535,8/1/2012,7:00:00,1,Collision with vehicle,3,Wednesday,133,LANE SIDE SWIPE (VEHICLES IN PARALLEL LANES),3,44442,2,0,0,1,1,2,2,1,Cross intersection,3,50,Local Road,50-59,Other injury,Bicyclists
T20120017548,7/31/2012,16:00:00,1,Collision with vehicle,2,Tuesday,199,UNKNOWN-NO DETAILS ON MANOEUVRES OF ROAD-USERS IN ACCIDENT,1,254189,2,0,0,1,1,2,2,5,Not at intersection,3,60,Local Road,18-21,Other injury,Bicyclists
T20120017575,8/1/2012,15:20:00,1,Collision with vehicle,4,Wednesday,113,RIGHT NEAR (INTERSECTIONS ONLY),1,36465,2,0,1,0,2,3,1,2,T intersection,2,40,Local Road,22-25,Serious injury,Bicyclists
T20120017583,8/1/2012,16:40:00,1,Collision with vehicle,4,Wednesday,160,VEHICLE COLLIDES WITH VEHICLE PARKED ON LEFT OF ROAD,1,42698,2,0,0,1,0,1,1,2,T intersection,3,60,Arterial Other,30-39,Other injury,Bicyclists
T20120017587,8/1/2012,19:03:00,1,Collision with vehicle,4,Wednesday,110,CROSS TRAFFIC(INTERSECTIONS ONLY),3,253806,2,0,0,1,1,2,1,1,Cross intersection,3,50,Local Road,30-39,Other injury,Bicyclists
T20120017606,8/1/2012,19:31:00,1,Collision with vehicle,4,Wednesday,160,VEHICLE COLLIDES WITH VEHICLE PARKED ON LEFT OF ROAD,9,253815,2,0,1,0,0,1,2,2,T intersection,2,999,Local Road,30-39,Serious injury,Bicyclists
T20120017611,8/2/2012,6:00:00,1,Collision with vehicle,5,Thursday,120,HEAD ON (NOT OVERTAKING),3,253833,2,0,1,0,1,2,1,5,Not at intersection,2,60,Arterial Other,26-29,Serious injury,Bicyclists
T20120017623,8/2/2012,7:50:00,1,Collision with vehicle,5,Thursday,110,CROSS TRAFFIC(INTERSECTIONS ONLY),1,41416,2,0,1,0,1,2,1,1,Cross intersection,2,60,Local Road,22-25,Serious injury,Bicyclists
T20120017624,8/2/2012,9:39:00,1,Collision with vehicle,5,Thursday,114,TWO RIGHT TURNING (INTERSECTIONS ONLY),1,35642,2,0,0,1,4,5,1,1,Cross intersection,3,80,Arterial Highway,40-49,Other injury,Bicyclists
T20120017626,8/2/2012,8:53:00,1,Collision with vehicle,5,Thursday,121,RIGHT THROUGH,1,38957,2,0,0,1,1,2,1,2,T intersection,3,60,Arterial Other,40-49,Other injury,Bicyclists
T20120017643,7/31/2012,12:30:00,1,Collision with vehicle,2,Tuesday,133,LANE SIDE SWIPE (VEHICLES IN PARALLEL LANES),1,22,2,0,0,1,1,2,2,1,Cross intersection,3,70,Arterial Other,18-21,Other injury,Bicyclists
T20120017652,7/28/2012,11:30:00,1,Collision with vehicle,7,Saturday,163,VEHICLE STRIKES DOOR OF PARKED/STATIONARY VEHICLE,1,254113,2,0,0,1,1,2,2,5,Not at intersection,3,50,Local Road,30-39,Other injury,Bicyclists
T20120017656,8/2/2012,16:20:00,1,Collision with vehicle,5,Thursday,163,VEHICLE STRIKES DOOR OF PARKED/STATIONARY VEHICLE,1,240621,2,0,0,1,1,2,1,5,Not at intersection,3,60,Arterial Other,70+,Other injury,Bicyclists
T20120017666,7/31/2012,19:10:00,1,Collision with vehicle,3,Tuesday,130,REAR END(VEHICLES IN SAME LANE),3,69347,2,0,0,1,2,3,2,2,T intersection,3,70,Arterial Highway,30-39,Other injury,Bicyclists
T20120017693,8/3/2012,6:55:00,1,Collision with vehicle,6,Friday,140,U TURN,2,254779,2,0,0,1,1,2,2,5,Not at intersection,3,50,Local Road,26-29,Other injury,Bicyclists
T20120017710,8/3/2012,8:40:00,1,Collision with vehicle,6,Friday,120,HEAD ON (NOT OVERTAKING),1,254767,2,0,0,1,1,2,1,5,Not at intersection,3,60,Arterial Other,60-64,Other injury,Bicyclists
T20120017722,8/3/2012,12:25:00,1,Collision with vehicle,6,Friday,113,RIGHT NEAR (INTERSECTIONS ONLY),1,17630,2,0,0,1,1,2,1,2,T intersection,3,60,Arterial Other,70+,Other injury,Bicyclists
T20120017725,8/2/2012,8:00:00,1,Collision with vehicle,5,Thursday,121,RIGHT THROUGH,1,36847,2,0,1,0,1,2,1,2,T intersection,2,60,Local Road,26-29,Serious injury,Bicyclists
T20120017757,8/3/2012,18:05:00,1,Collision with vehicle,6,Friday,121,RIGHT THROUGH,3,45333,2,0,0,1,1,2,1,5,Not at intersection,3,60,Arterial Other,50-59,Other injury,Bicyclists
T20120017784,8/4/2012,9:25:00,4,Collision with a fixed object,7,Saturday,183,OFF LEFT BEND INTO OBJECT/PARKED VEHICLE,1,254708,2,0,1,0,1,2,1,5,Not at intersection,2,60,Arterial Other,40-49,Serious injury,Bicyclists
T20120017792,6/30/2012,12:30:00,2,Struck Pedestrian,7,Saturday,100,PED NEAR SIDE. PED HIT BY VEHICLE FROM THE RIGHT.,1,229,1,0,0,1,1,2,2,2,T intersection,3,30,Local Road,30-39,Other injury,Bicyclists
T20120017880,8/5/2012,16:45:00,1,Collision with vehicle,1,Sunday,133,LANE SIDE SWIPE (VEHICLES IN PARALLEL LANES),1,254750,2,0,0,1,1,2,1,5,Not at intersection,3,60,Arterial Other,40-49,Other injury,Bicyclists
T20120017955,8/6/2012,16:50:00,1,Collision with vehicle,2,Monday,113,RIGHT NEAR (INTERSECTIONS ONLY),1,253873,2,0,0,1,1,2,1,2,T intersection,3,50,Local Road,40-49,Other injury,Bicyclists
T20120017975,8/6/2012,14:20:00,8,No collision and no object struck,2,Monday,170,OFF CARRIAGEWAY TO LEFT,1,254754,2,0,1,0,1,2,1,5,Not at intersection,2,100,Uknown,70+,Serious injury,Bicyclists
T20120017976,8/7/2012,7:00:00,1,Collision with vehicle,3,Tuesday,121,RIGHT THROUGH,2,605,2,0,1,0,1,2,1,4,Multiple intersection,2,60,Freeway,30-39,Serious injury,Bicyclists
T20120017979,8/7/2012,8:25:00,1,Collision with vehicle,3,Tuesday,121,RIGHT THROUGH,1,37735,2,0,1,0,3,4,1,2,T intersection,2,60,Arterial Other,22-25,Serious injury,Bicyclists
T20120017983,8/7/2012,6:55:00,1,Collision with vehicle,3,Tuesday,148,VEHICLE OFF FOOTPATH STRIKES VEH ON CARRIAGEWAY,2,628,2,0,1,0,1,2,1,1,Cross intersection,2,80,Arterial Highway,40-49,Serious injury,Bicyclists
T20120017984,8/7/2012,8:23:00,1,Collision with vehicle,3,Tuesday,113,RIGHT NEAR (INTERSECTIONS ONLY),1,37405,2,0,1,1,0,2,1,1,Cross intersection,2,50,Local Road,40-49,Serious injury,Bicyclists
T20120018022,8/3/2012,7:00:00,1,Collision with vehicle,6,Friday,140,U TURN,1,254063,2,0,0,2,1,3,2,5,Not at intersection,3,60,Arterial Other,50-59,Other injury,Bicyclists
T20120018028,8/7/2012,15:30:00,1,Collision with vehicle,3,Tuesday,148,VEHICLE OFF FOOTPATH STRIKES VEH ON CARRIAGEWAY,1,29653,2,0,1,0,2,3,1,1,Cross intersection,2,60,Arterial Highway,70+,Serious injury,Bicyclists
T20120018030,8/7/2012,16:23:00,1,Collision with vehicle,2,Tuesday,121,RIGHT THROUGH,1,36699,2,0,1,0,1,2,1,1,Cross intersection,2,50,Local Road,30-39,Serious injury,Bicyclists
T20120018047,8/7/2012,18:17:00,1,Collision with vehicle,3,Tuesday,113,RIGHT NEAR (INTERSECTIONS ONLY),3,51898,2,0,0,1,1,2,1,2,T intersection,3,50,Local Road,50-59,Other injury,Bicyclists
T20120018071,8/8/2012,0:55:00,3,Struck animal,4,Wednesday,167,STRUCK ANIMAL,5,253897,1,0,1,0,0,1,1,5,Not at intersection,2,70,Arterial Other,50-59,Serious injury,Bicyclists
T20120018079,8/7/2012,6:45:00,1,Collision with vehicle,3,Tuesday,116,LEFT NEAR (INTERSECTIONS ONLY),2,56918,2,0,0,1,1,2,2,2,T intersection,3,70,Arterial Other,40-49,Other injury,Bicyclists
T20120018081,8/8/2012,8:35:00,1,Collision with vehicle,4,Wednesday,135,LANE CHANGE LEFT (NOT OVERTAKING),1,254075,2,0,0,1,1,2,2,2,T intersection,3,60,Arterial Other,50-59,Other injury,Bicyclists
T20120018088,8/7/2012,18:00:00,1,Collision with vehicle,3,Tuesday,121,RIGHT THROUGH,2,70657,2,0,0,1,1,2,2,2,T intersection,3,60,Arterial Other,30-39,Other injury,Bicyclists
T20120018154,8/8/2012,22:20:00,1,Collision with vehicle,4,Wednesday,134,LANE CHANGE RIGHT (NOT OVERTAKING),5,221980,2,0,0,1,1,2,2,2,T intersection,3,80,Arterial Other,30-39,Other injury,Bicyclists
T20120018167,3/5/2012,17:45:00,1,Collision with vehicle,2,Monday,121,RIGHT THROUGH,9,65850,2,0,0,1,1,2,2,2,T intersection,3,999,Local Road,40-49,Other injury,Bicyclists
T20120018201,8/9/2012,13:00:00,1,Collision with vehicle,5,Thursday,163,VEHICLE STRIKES DOOR OF PARKED/STATIONARY VEHICLE,1,254920,2,0,0,1,1,2,2,5,Not at intersection,3,50,Local Road,30-39,Other injury,Bicyclists
T20120018226,8/9/2012,20:55:00,1,Collision with vehicle,4,Thursday,110,CROSS TRAFFIC(INTERSECTIONS ONLY),3,617,2,0,1,0,1,2,1,1,Cross intersection,2,60,Arterial Other,40-49,Serious injury,Bicyclists
T20120018229,8/9/2012,18:15:00,1,Collision with vehicle,5,Thursday,140,U TURN,2,39482,2,0,0,1,1,2,1,2,T intersection,3,60,Local Road,18-21,Other injury,Bicyclists
T20120018258,8/10/2012,10:15:00,1,Collision with vehicle,6,Friday,116,LEFT NEAR (INTERSECTIONS ONLY),1,51213,2,0,0,1,2,3,1,2,T intersection,3,60,Arterial Other,70+,Other injury,Bicyclists
T20120018264,8/4/2012,7:00:00,4,Collision with a fixed object,7,Saturday,199,UNKNOWN-NO DETAILS ON MANOEUVRES OF ROAD-USERS IN ACCIDENT,2,254885,1,0,0,1,0,1,2,5,Not at intersection,3,80,Arterial Other,65-69,Other injury,Bicyclists
T20120018270,8/10/2012,11:45:00,1,Collision with vehicle,6,Friday,110,CROSS TRAFFIC(INTERSECTIONS ONLY),1,43984,2,0,0,1,1,2,2,1,Cross intersection,3,999,Arterial Other,26-29,Other injury,Bicyclists
T20120018301,8/10/2012,18:45:00,1,Collision with vehicle,6,Friday,113,RIGHT NEAR (INTERSECTIONS ONLY),6,254811,2,0,0,1,1,2,2,2,T intersection,3,50,Local Road,30-39,Other injury,Bicyclists
T20120018324,8/11/2012,6:45:00,1,Collision with vehicle,7,Saturday,116,LEFT NEAR (INTERSECTIONS ONLY),2,254788,2,0,0,1,1,2,1,2,T intersection,3,60,Arterial Other,30-39,Other injury,Bicyclists
T20120018370,8/11/2012,17:46:00,1,Collision with vehicle,7,Saturday,130,REAR END(VEHICLES IN SAME LANE),2,254816,2,0,0,1,2,3,1,5,Not at intersection,3,70,Arterial Other,50-59,Other injury,Bicyclists
T20120018404,8/12/2012,12:46:00,1,Collision with vehicle,1,Sunday,116,LEFT NEAR (INTERSECTIONS ONLY),1,71655,2,0,0,1,1,2,1,2,T intersection,3,50,Arterial Other,40-49,Other injury,Bicyclists
T20120018424,8/12/2012,1:00:00,1,Collision with vehicle,1,Sunday,148,VEHICLE OFF FOOTPATH STRIKES VEH ON CARRIAGEWAY,3,57421,2,0,0,1,1,2,2,1,Cross intersection,3,60,Arterial Highway,22-25,Other injury,Bicyclists
T20120018474,5/31/2012,11:00:00,1,Collision with vehicle,5,Thursday,122,LEFT THROUGH,1,40105,2,0,0,1,1,2,2,1,Cross intersection,3,60,Arterial Other,30-39,Other injury,Bicyclists
T20120018500,8/13/2012,17:16:00,1,Collision with vehicle,2,Monday,148,VEHICLE OFF FOOTPATH STRIKES VEH ON CARRIAGEWAY,1,254593,2,0,0,1,1,2,1,5,Not at intersection,3,50,Arterial Other,30-39,Other injury,Bicyclists
T20120018533,8/13/2012,22:10:00,1,Collision with vehicle,2,Monday,148,VEHICLE OFF FOOTPATH STRIKES VEH ON CARRIAGEWAY,3,44133,2,0,1,0,2,3,1,2,T intersection,2,50,Local Road,30-39,Serious injury,Bicyclists
T20120018536,8/14/2012,8:55:00,1,Collision with vehicle,3,Tuesday,133,LANE SIDE SWIPE (VEHICLES IN PARALLEL LANES),1,254687,2,0,0,1,1,2,1,5,Not at intersection,3,100,Arterial Other,40-49,Other injury,Bicyclists
T20120018568,8/13/2012,17:20:00,1,Collision with vehicle,2,Monday,112,LEFT FAR (INTERSECTIONS ONLY),1,70662,2,0,0,1,1,2,2,2,T intersection,3,80,Uknown,40-49,Other injury,Bicyclists
T20120018624,8/15/2012,10:05:00,1,Collision with vehicle,4,Wednesday,113,RIGHT NEAR (INTERSECTIONS ONLY),1,45099,2,0,0,1,1,2,1,2,T intersection,3,70,Arterial Other,50-59,Other injury,Bicyclists
T20120018630,5/22/2012,9:00:00,8,No collision and no object struck,3,Tuesday,174,OUT OF CONTROL ON CARRIAGEWAY (ON STRAIGHT),1,253311,1,0,0,1,0,1,2,5,Not at intersection,3,70,Arterial Other,50-59,Other injury,Bicyclists
T20120018663,8/15/2012,16:18:00,1,Collision with vehicle,4,Wednesday,147,VEHICLE STRIKES ANOTHER VEH WHILE EMERGING FROM DRIVEWAY,1,254873,2,0,1,0,4,5,1,5,Not at intersection,2,50,Local Road,45424,Serious injury,Bicyclists
T20120018679,8/15/2012,19:30:00,1,Collision with vehicle,4,Wednesday,121,RIGHT THROUGH,3,29595,2,0,0,1,1,2,2,1,Cross intersection,3,60,Local Road,30-39,Other injury,Bicyclists
T20120018808,8/17/2012,9:48:00,1,Collision with vehicle,6,Friday,160,VEHICLE COLLIDES WITH VEHICLE PARKED ON LEFT OF ROAD,1,254461,2,0,1,0,0,1,1,5,Not at intersection,2,50,Local Road,13-15,Serious injury,Bicyclists
T20120018955,8/19/2012,10:00:00,1,Collision with vehicle,0,Sunday,113,RIGHT NEAR (INTERSECTIONS ONLY),1,29653,2,0,1,0,1,2,1,1,Cross intersection,2,60,Arterial Highway,40-49,Serious injury,Bicyclists
T20120019009,8/13/2012,6:40:00,1,Collision with vehicle,2,Monday,113,RIGHT NEAR (INTERSECTIONS ONLY),2,67976,2,0,0,1,1,2,2,2,T intersection,3,50,Local Road,50-59,Other injury,Bicyclists
T20120019049,8/20/2012,20:30:00,1,Collision with vehicle,2,Monday,121,RIGHT THROUGH,3,35496,2,0,0,1,2,3,1,2,T intersection,3,60,Arterial Other,40-49,Other injury,Bicyclists
T20120019066,7/6/2012,7:50:00,1,Collision with vehicle,6,Friday,163,VEHICLE STRIKES DOOR OF PARKED/STATIONARY VEHICLE,1,37706,2,0,1,0,1,2,2,2,T intersection,2,40,Local Road,30-39,Serious injury,Bicyclists
T20120019079,8/21/2012,9:27:00,1,Collision with vehicle,3,Tuesday,133,LANE SIDE SWIPE (VEHICLES IN PARALLEL LANES),1,254366,2,0,1,0,1,2,1,5,Not at intersection,2,50,Local Road,30-39,Serious injury,Bicyclists
T20120019083,8/21/2012,13:30:00,1,Collision with vehicle,3,Tuesday,142,LEAVING PARKING,1,254368,2,0,0,1,1,2,1,5,Not at intersection,3,50,Arterial Other,18-21,Other injury,Bicyclists
T20120019107,8/21/2012,15:30:00,1,Collision with vehicle,3,Tuesday,110,CROSS TRAFFIC(INTERSECTIONS ONLY),1,42084,2,0,0,1,1,2,2,1,Cross intersection,3,60,Local Road,40-49,Other injury,Bicyclists
T20120019122,8/21/2012,19:46:00,1,Collision with vehicle,3,Tuesday,121,RIGHT THROUGH,3,29537,2,0,0,1,1,2,1,4,Multiple intersection,3,60,Arterial Other,40-49,Other injury,Bicyclists
T20120019182,8/8/2012,13:00:00,1,Collision with vehicle,4,Wednesday,112,LEFT FAR (INTERSECTIONS ONLY),1,37619,2,0,1,0,1,2,2,1,Cross intersection,2,60,Arterial Other,30-39,Serious injury,Bicyclists
T20120019187,8/22/2012,16:15:00,1,Collision with vehicle,4,Wednesday,122,LEFT THROUGH,1,253106,2,0,0,1,1,2,1,2,T intersection,3,50,Arterial Other,30-39,Other injury,Bicyclists
T20120019233,8/23/2012,15:05:00,1,Collision with vehicle,5,Thursday,137,LEFT TURN SIDESWIPE,1,41251,2,0,1,0,1,2,1,2,T intersection,2,60,Arterial Other,40-49,Serious injury,Bicyclists
T20120019247,8/21/2012,15:30:00,1,Collision with vehicle,3,Tuesday,147,VEHICLE STRIKES ANOTHER VEH WHILE EMERGING FROM DRIVEWAY,1,254367,2,0,0,1,1,2,2,5,Not at intersection,3,60,Local Road,45424,Other injury,Bicyclists
T20120019279,8/23/2012,20:01:00,1,Collision with vehicle,5,Thursday,136,RIGHT TURN SIDESWIPE,3,38014,2,0,1,0,1,2,1,2,T intersection,2,60,Local Road,30-39,Serious injury,Bicyclists
T20120019292,8/23/2012,8:16:00,1,Collision with vehicle,5,Thursday,121,RIGHT THROUGH,1,986,3,0,1,1,2,4,1,1,Cross intersection,2,60,Arterial Other,13-15,Serious injury,Bicyclists
T20120019307,8/24/2012,8:55:00,2,Struck Pedestrian,6,Friday,100,PED NEAR SIDE. PED HIT BY VEHICLE FROM THE RIGHT.,1,254254,1,0,1,1,0,2,1,5,Not at intersection,2,50,Arterial Other,40-49,Other injury,Bicyclists
T20120019314,8/23/2012,18:25:00,1,Collision with vehicle,5,Thursday,163,VEHICLE STRIKES DOOR OF PARKED/STATIONARY VEHICLE,3,41433,2,0,1,0,1,2,2,1,Cross intersection,2,60,Arterial Other,30-39,Serious injury,Bicyclists
T20120019359,8/16/2012,9:25:00,1,Collision with vehicle,5,Thursday,163,VEHICLE STRIKES DOOR OF PARKED/STATIONARY VEHICLE,1,254298,2,0,0,1,1,2,2,5,Not at intersection,3,50,Uknown,40-49,Other injury,Bicyclists
T20120019406,8/25/2012,11:15:00,1,Collision with vehicle,7,Saturday,148,VEHICLE OFF FOOTPATH STRIKES VEH ON CARRIAGEWAY,1,254275,2,0,1,0,1,2,1,2,T intersection,2,50,Local Road,60-64,Serious injury,Bicyclists
T20120019464,8/25/2012,23:48:00,2,Struck Pedestrian,7,Saturday,102,FAR SIDE. PED HIT BY VEHICLE FROM THE LEFT,3,40598,1,0,2,0,0,2,1,2,T intersection,2,40,Arterial Highway,18-21,Serious injury,Bicyclists
T20120019486,8/26/2012,8:45:00,7,Fall from or in moving vehicle,1,Sunday,190,FELL IN/FROM VEHICLE,1,50986,1,0,0,1,0,1,2,1,Cross intersection,3,80,Arterial Other,50-59,Other injury,Bicyclists
T20120019498,8/26/2012,12:20:00,7,Fall from or in moving vehicle,1,Sunday,190,FELL IN/FROM VEHICLE,1,254276,1,0,0,1,0,1,1,5,Not at intersection,3,40,Arterial Other,30-39,Other injury,Bicyclists
T20120019522,8/25/2012,18:00:00,8,No collision and no object struck,7,Saturday,171,LEFT OFF CARRIAGEWAY INTO OBJECT/PARKED VEHICLE,2,37215,2,0,0,1,1,2,2,2,T intersection,3,50,Local Road,30-39,Other injury,Bicyclists
T20120019544,8/27/2012,8:56:00,1,Collision with vehicle,2,Monday,110,CROSS TRAFFIC(INTERSECTIONS ONLY),1,49403,3,0,1,0,1,2,1,1,Cross intersection,2,50,Arterial Highway,40-49,Serious injury,Bicyclists
T20120019563,8/27/2012,10:50:00,1,Collision with vehicle,2,Monday,159,OTHER OVERTAKING MANOEUVRES NOT INCLUDED IN DCAs 150-154,1,254499,2,0,0,1,1,2,1,5,Not at intersection,3,80,Arterial Other,40-49,Other injury,Bicyclists
T20120019616,8/27/2012,16:30:00,1,Collision with vehicle,2,Monday,121,RIGHT THROUGH,1,254730,2,0,0,1,1,2,1,5,Not at intersection,3,60,Arterial Other,50-59,Other injury,Bicyclists
T20120019632,8/28/2012,7:50:00,1,Collision with vehicle,2,Tuesday,133,LANE SIDE SWIPE (VEHICLES IN PARALLEL LANES),1,254631,2,0,1,0,1,2,1,5,Not at intersection,2,100,Arterial Other,30-39,Serious injury,Bicyclists
T20120019644,8/16/2012,12:00:00,1,Collision with vehicle,5,Thursday,163,VEHICLE STRIKES DOOR OF PARKED/STATIONARY VEHICLE,1,254748,2,0,1,0,2,3,2,5,Not at intersection,2,999,Local Road,22-25,Serious injury,Bicyclists
T20120019672,8/20/2012,7:20:00,1,Collision with vehicle,2,Monday,140,U TURN,9,43664,2,0,0,1,1,2,2,1,Cross intersection,3,60,Local Road,30-39,Other injury,Bicyclists
T20120019740,8/28/2012,16:45:00,1,Collision with vehicle,3,Tuesday,147,VEHICLE STRIKES ANOTHER VEH WHILE EMERGING FROM DRIVEWAY,1,29713,2,0,0,1,1,2,2,2,T intersection,3,50,Arterial Highway,30-39,Other injury,Bicyclists
T20120019747,8/28/2012,14:30:00,1,Collision with vehicle,3,Tuesday,147,VEHICLE STRIKES ANOTHER VEH WHILE EMERGING FROM DRIVEWAY,1,254960,2,0,0,1,1,2,1,5,Not at intersection,3,999,Arterial Highway,13-15,Other injury,Bicyclists
T20120019760,8/28/2012,14:45:00,8,No collision and no object struck,3,Tuesday,174,OUT OF CONTROL ON CARRIAGEWAY (ON STRAIGHT),1,254951,2,0,0,1,1,2,2,5,Not at intersection,3,999,Local Road,18-21,Other injury,Bicyclists
T20120019769,8/29/2012,16:45:00,1,Collision with vehicle,4,Wednesday,120,HEAD ON (NOT OVERTAKING),1,254324,3,0,1,3,0,4,1,5,Not at intersection,2,999,Uknown,18-21,Serious injury,Bicyclists
T20120019782,7/26/2012,6:30:00,8,No collision and no object struck,5,Thursday,179,OTHER ACCIDENTS-OFF STRAIGHT NOT INCLUDED IN DCAs 170-175,2,57005,2,0,0,1,1,2,2,2,T intersection,3,60,Arterial Other,40-49,Other injury,Bicyclists
T20120019808,8/28/2012,17:00:00,8,No collision and no object struck,3,Tuesday,174,OUT OF CONTROL ON CARRIAGEWAY (ON STRAIGHT),1,254914,1,0,1,0,0,1,2,5,Not at intersection,2,50,Local Road,22-25,Serious injury,Bicyclists
T20120019812,8/30/2012,7:50:00,1,Collision with vehicle,5,Thursday,163,VEHICLE STRIKES DOOR OF PARKED/STATIONARY VEHICLE,1,254918,2,0,1,0,2,3,1,5,Not at intersection,2,50,Local Road,26-29,Serious injury,Bicyclists
T20120019822,8/30/2012,10:05:00,1,Collision with vehicle,5,Thursday,110,CROSS TRAFFIC(INTERSECTIONS ONLY),1,62833,2,0,1,0,1,2,1,1,Cross intersection,2,50,Uknown,60-64,Serious injury,Bicyclists
T20120019824,8/29/2012,17:00:00,1,Collision with vehicle,4,Wednesday,121,RIGHT THROUGH,1,254675,2,0,0,1,1,2,2,5,Not at intersection,3,60,Arterial Other,22-25,Other injury,Bicyclists
T20120019831,8/29/2012,19:10:00,1,Collision with vehicle,4,Wednesday,142,LEAVING PARKING,2,254678,2,0,1,0,1,2,2,5,Not at intersection,2,999,Local Road,40-49,Serious injury,Bicyclists
T20120019967,8/31/2012,18:20:00,1,Collision with vehicle,6,Friday,130,REAR END(VEHICLES IN SAME LANE),3,256171,2,0,1,0,1,2,1,2,T intersection,2,50,Arterial Highway,18-21,Serious injury,Bicyclists
T20120019982,9/1/2012,9:42:00,1,Collision with vehicle,7,Saturday,116,LEFT NEAR (INTERSECTIONS ONLY),1,53964,2,0,0,1,1,2,1,2,T intersection,3,60,Local Road,40-49,Other injury,Bicyclists
T20120019989,8/21/2012,8:30:00,5,collision with some other object,3,Tuesday,166,STRUCK OBJECT ON CARRIAGEWAY,1,254650,1,0,0,1,0,1,2,5,Not at intersection,3,50,Local Road,18-21,Other injury,Bicyclists
T20120020014,9/1/2012,12:50:00,1,Collision with vehicle,7,Saturday,147,VEHICLE STRIKES ANOTHER VEH WHILE EMERGING FROM DRIVEWAY,1,255281,2,0,0,1,1,2,1,5,Not at intersection,3,50,Local Road,45424,Other injury,Bicyclists
T20120020018,9/1/2012,17:05:00,1,Collision with vehicle,7,Saturday,121,RIGHT THROUGH,1,41972,2,0,0,1,1,2,1,2,T intersection,3,50,Local Road,26-29,Other injury,Bicyclists
T20120020029,9/1/2012,19:48:00,8,No collision and no object struck,7,Saturday,174,OUT OF CONTROL ON CARRIAGEWAY (ON STRAIGHT),3,42404,2,0,0,1,2,3,1,1,Cross intersection,3,60,Arterial Other,22-25,Other injury,Bicyclists
T20120020093,9/3/2012,7:45:00,1,Collision with vehicle,2,Monday,137,LEFT TURN SIDESWIPE,2,255290,2,0,0,1,1,2,1,5,Not at intersection,3,60,Local Road,22-25,Other injury,Bicyclists
T20120020096,9/3/2012,8:26:00,1,Collision with vehicle,2,Monday,110,CROSS TRAFFIC(INTERSECTIONS ONLY),1,36483,2,0,0,1,1,2,1,1,Cross intersection,3,60,Arterial Other,22-25,Other injury,Bicyclists
T20120020100,9/3/2012,8:37:00,1,Collision with vehicle,2,Monday,114,TWO RIGHT TURNING (INTERSECTIONS ONLY),1,255286,2,0,0,1,1,2,1,2,T intersection,3,50,Local Road,16-17,Other injury,Bicyclists
T20120020108,9/3/2012,7:30:00,1,Collision with vehicle,2,Monday,147,VEHICLE STRIKES ANOTHER VEH WHILE EMERGING FROM DRIVEWAY,2,255282,2,0,1,0,1,2,1,5,Not at intersection,2,60,Local Road,60-64,Serious injury,Bicyclists
T20120020111,8/19/2012,10:30:00,1,Collision with vehicle,1,Sunday,130,REAR END(VEHICLES IN SAME LANE),1,273719,2,0,0,1,1,2,2,5,Not at intersection,3,999,Local Road,50-59,Other injury,Bicyclists
T20120020130,8/29/2012,12:05:00,1,Collision with vehicle,4,Wednesday,135,LANE CHANGE LEFT (NOT OVERTAKING),1,257392,2,0,0,1,1,2,2,5,Not at intersection,3,40,Arterial Other,30-39,Other injury,Bicyclists
T20120020137,9/3/2012,9:40:00,1,Collision with vehicle,2,Monday,130,REAR END(VEHICLES IN SAME LANE),1,255516,2,1,0,0,1,2,1,5,Not at intersection,1,100,Arterial Other,65-69,Fatality,Bicyclists
T20120020138,8/29/2012,18:00:00,1,Collision with vehicle,4,Wednesday,121,RIGHT THROUGH,2,254635,2,0,0,1,1,2,2,5,Not at intersection,3,60,Local Road,30-39,Other injury,Bicyclists