ACCIDENT_NO,ACCIDENT_DATE,ACCIDENT_TIME,ACCIDENT_TYPE,ACCIDENT_TYPE_DESC,DAY_OF_WEEK,DAY_WEEK_DESC,DCA_CODE,DCA_DESC,LIGHT_CONDITION,NODE_ID,NO_OF_VEHICLES,NO_PERSONS_KILLED,NO_PERSONS_INJ_2,NO_PERSONS_INJ_3,NO_PERSONS_NOT_INJ,NO_PERSONS,POLICE_ATTEND,ROAD_GEOMETRY,ROAD_GEOMETRY_DESC,SEVERITY,SPEED_ZONE,RMA,AGE_GROUP,INJ_LEVEL,ROAD_USER_TYPE_DESC
T20120020154,9/3/2012,16:15:00,1,Collision with vehicle,2,Monday,121,RIGHT THROUGH,1,29742,2,0,1,0,1,2,1,1,Cross intersection,2,60,Local Road,70+,Serious injury,Bicyclists
T20120020194,9/4/2012,11:20:00,8,No collision and no object struck,3,Tuesday,174,OUT OF CONTROL ON CARRIAGEWAY (ON STRAIGHT),1,255525,1,0,1,0,0,1,1,5,Not at intersection,2,110,Freeway,60-64,Serious injury,Bicyclists
T20120020208,8/30/2012,17:45:00,1,Collision with vehicle,5,Thursday,140,U TURN,1,254628,2,0,1,0,1,2,2,5,Not at intersection,2,60,Local Road,30-39,Serious injury,Bicyclists
T20120020209,9/4/2012,13:40:00,1,Collision with vehicle,3,Tuesday,163,VEHICLE STRIKES DOOR OF PARKED/STATIONARY VEHICLE,1,253817,2,0,0,1,1,2,1,5,Not at intersection,3,50,Local Road,26-29,Other injury,Bicyclists
T20120020300,8/21/2012,5:30:00,8,No collision and no object struck,3,Tuesday,174,OUT OF CONTROL ON CARRIAGEWAY (ON STRAIGHT),2,254725,2,0,0,1,1,2,2,2,T intersection,3,999,Local Road,40-49,Other injury,Bicyclists
T20120020352,9/5/2012,7:50:00,1,Collision with vehicle,4,Wednesday,148,VEHICLE OFF FOOTPATH STRIKES VEH ON CARRIAGEWAY,2,255331,2,0,0,1,1,2,2,2,T intersection,3,60,Arterial Other,26-29,Other injury,Bicyclists
T20120020365,9/6/2012,7:14:00,1,Collision with vehicle,5,Thursday,113,RIGHT NEAR (INTERSECTIONS ONLY),1,53536,2,0,0,1,2,3,1,1,Cross intersection,3,60,Arterial Highway,40-49,Other injury,Bicyclists
T20120020374,9/6/2012,9:00:00,1,Collision with vehicle,5,Thursday,137,LEFT TURN SIDESWIPE,1,400,2,0,0,1,1,2,2,1,Cross intersection,3,70,Arterial Other,50-59,Other injury,Bicyclists
T20120020390,9/2/2012,9:35:00,1,Collision with vehicle,1,Sunday,110,CROSS TRAFFIC(INTERSECTIONS ONLY),1,41217,2,0,0,1,1,2,2,1,Cross intersection,3,50,Local Road,70+,Other injury,Bicyclists
T20120020406,9/1/2012,13:30:00,1,Collision with vehicle,7,Saturday,137,LEFT TURN SIDESWIPE,1,36489,2,0,0,1,1,2,2,1,Cross intersection,3,50,Local Road,30-39,Other injury,Bicyclists
T20120020440,9/6/2012,17:00:00,1,Collision with vehicle,5,Thursday,130,REAR END(VEHICLES IN SAME LANE),2,273732,2,0,0,2,0,2,2,5,Not at intersection,3,60,Arterial Other,50-59,Other injury,Bicyclists
T20120020482,9/5/2012,15:30:00,1,Collision with vehicle,4,Wednesday,147,VEHICLE STRIKES ANOTHER VEH WHILE EMERGING FROM DRIVEWAY,1,255150,2,0,0,1,1,2,2,5,Not at intersection,3,60,Arterial Other,40-49,Other injury,Bicyclists
T20120020577,8/28/2012,15:15:00,2,Struck Pedestrian,3,Tuesday,109,ANY MANOEUVRE INVOLVING PED NOT INCLUDED IN DCAs 100-108.,1,254556,1,0,0,1,1,2,2,5,Not at intersection,3,888,Local Road,Unknown,Not injured,Bicyclists
T20120020589,7/2/2012,22:50:00,1,Collision with vehicle,2,Monday,149,OTHER MANOEUVRING NOT INCLUDED IN DCAs 140-148,3,36852,3,0,0,2,1,3,1,1,Cross intersection,3,40,Arterial Other,18-21,Other injury,Bicyclists
T20120020594,9/9/2012,18:56:00,1,Collision with vehicle,1,Sunday,148,VEHICLE OFF FOOTPATH STRIKES VEH ON CARRIAGEWAY,3,255346,2,0,0,1,1,2,1,5,Not at intersection,3,60,Arterial Other,22-25,Other injury,Bicyclists
T20120020614,9/8/2012,12:00:00,1,Collision with vehicle,7,Saturday,143,ENTERING PARKING,1,255340,2,0,0,1,1,2,2,5,Not at intersection,3,50,Local Road,40-49,Other injury,Bicyclists
T20120020648,9/10/2012,8:50:00,1,Collision with vehicle,2,Monday,130,REAR END(VEHICLES IN SAME LANE),1,54932,2,0,0,1,1,2,2,1,Cross intersection,3,40,Arterial Highway,30-39,Other injury,Bicyclists
T20120020658,9/10/2012,21:20:00,1,Collision with vehicle,2,Monday,130,REAR END(VEHICLES IN SAME LANE),5,255736,2,0,1,0,1,2,1,5,Not at intersection,2,80,Arterial Highway,22-25,Serious injury,Bicyclists
T20120020662,9/11/2012,1:45:00,1,Collision with vehicle,3,Tuesday,130,REAR END(VEHICLES IN SAME LANE),6,255486,2,0,1,0,1,2,2,5,Not at intersection,2,60,Arterial Other,30-39,Serious injury,Bicyclists
T20120020670,9/11/2012,6:50:00,5,collision with some other object,3,Tuesday,191,LOAD OR MISSILE STRUCK VEHICLE,1,38102,2,0,0,1,1,2,1,2,T intersection,3,60,Arterial Other,30-39,Other injury,Bicyclists
T20120020673,9/11/2012,6:45:00,1,Collision with vehicle,3,Tuesday,116,LEFT NEAR (INTERSECTIONS ONLY),2,49673,2,0,0,1,1,2,1,2,T intersection,3,60,Arterial Other,22-25,Other injury,Bicyclists
T20120020686,9/11/2012,8:20:00,2,Struck Pedestrian,3,Tuesday,100,PED NEAR SIDE. PED HIT BY VEHICLE FROM THE RIGHT.,1,45428,1,0,0,1,1,2,1,2,T intersection,3,60,Arterial Other,30-39,Not injured,Bicyclists
T20120020694,8/27/2012,6:45:00,8,No collision and no object struck,2,Monday,174,OUT OF CONTROL ON CARRIAGEWAY (ON STRAIGHT),2,254567,2,0,0,1,1,2,2,5,Not at intersection,3,50,Local Road,26-29,Other injury,Bicyclists
T20120020696,9/11/2012,10:50:00,1,Collision with vehicle,3,Tuesday,147,VEHICLE STRIKES ANOTHER VEH WHILE EMERGING FROM DRIVEWAY,1,40110,2,0,0,1,1,2,1,2,T intersection,3,60,Local Road,40-49,Other injury,Bicyclists
T20120020711,9/11/2012,16:45:00,1,Collision with vehicle,3,Tuesday,121,RIGHT THROUGH,1,29551,2,0,0,1,2,3,2,2,T intersection,3,40,Arterial Other,30-39,Other injury,Bicyclists
T20120020723,9/11/2012,15:10:00,1,Collision with vehicle,3,Tuesday,130,REAR END(VEHICLES IN SAME LANE),1,39038,2,0,0,1,1,2,2,2,T intersection,3,50,Arterial Other,18-21,Other injury,Bicyclists
T20120020730,9/11/2012,7:30:00,1,Collision with vehicle,3,Tuesday,137,LEFT TURN SIDESWIPE,1,255279,2,0,0,1,1,2,2,2,T intersection,3,50,Local Road,50-59,Other injury,Bicyclists
T20120020731,9/10/2012,18:30:00,1,Collision with vehicle,2,Monday,116,LEFT NEAR (INTERSECTIONS ONLY),3,255272,2,0,0,1,1,2,1,2,T intersection,3,60,Arterial Highway,50-59,Other injury,Bicyclists
T20120020733,9/12/2012,6:55:00,1,Collision with vehicle,4,Wednesday,113,RIGHT NEAR (INTERSECTIONS ONLY),1,56300,2,0,0,1,1,2,2,2,T intersection,3,60,Local Road,30-39,Other injury,Bicyclists
T20120020737,9/12/2012,7:45:00,1,Collision with vehicle,4,Wednesday,116,LEFT NEAR (INTERSECTIONS ONLY),1,255266,2,0,0,1,2,3,1,1,Cross intersection,3,50,Local Road,30-39,Other injury,Bicyclists
T20120020744,9/12/2012,8:46:00,1,Collision with vehicle,4,Wednesday,121,RIGHT THROUGH,1,36379,2,0,0,1,1,2,1,2,T intersection,3,40,Local Road,40-49,Other injury,Bicyclists
T20120020745,8/4/2012,8:30:00,8,No collision and no object struck,7,Saturday,174,OUT OF CONTROL ON CARRIAGEWAY (ON STRAIGHT),1,254716,1,0,0,1,0,1,2,5,Not at intersection,3,60,Arterial Other,40-49,Other injury,Bicyclists
T20120020780,9/12/2012,15:10:00,1,Collision with vehicle,3,Wednesday,133,LANE SIDE SWIPE (VEHICLES IN PARALLEL LANES),1,341528,2,0,1,0,1,2,1,1,Cross intersection,2,60,Arterial Other,18-21,Serious injury,Bicyclists
T20120020809,9/12/2012,18:10:00,1,Collision with vehicle,4,Wednesday,148,VEHICLE OFF FOOTPATH STRIKES VEH ON CARRIAGEWAY,2,35331,2,0,0,1,1,2,1,1,Cross intersection,3,80,Arterial Highway,18-21,Other injury,Bicyclists
T20120020825,9/13/2012,4:20:00,1,Collision with vehicle,5,Thursday,111,RIGHT FAR (INTERSECTIONS ONLY),3,221418,2,0,1,0,1,2,1,2,T intersection,2,999,Arterial Other,50-59,Serious injury,Bicyclists
T20120020827,7/25/2012,18:00:00,8,No collision and no object struck,4,Wednesday,179,OTHER ACCIDENTS-OFF STRAIGHT NOT INCLUDED IN DCAs 170-175,3,35399,2,0,0,1,1,2,2,1,Cross intersection,3,60,Arterial Other,40-49,Other injury,Bicyclists
T20120020834,9/13/2012,8:55:00,1,Collision with vehicle,5,Thursday,121,RIGHT THROUGH,1,118220,2,0,0,1,1,2,1,5,Not at intersection,3,60,Arterial Other,26-29,Other injury,Bicyclists
T20120020836,9/12/2012,19:00:00,1,Collision with vehicle,4,Wednesday,163,VEHICLE STRIKES DOOR OF PARKED/STATIONARY VEHICLE,1,255287,2,0,0,1,1,2,2,5,Not at intersection,3,50,Local Road,30-39,Other injury,Bicyclists
T20120020841,9/13/2012,7:20:00,1,Collision with vehicle,5,Thursday,121,RIGHT THROUGH,1,45490,2,0,0,1,1,2,1,2,T intersection,3,60,Arterial Other,22-25,Other injury,Bicyclists
T20120020857,9/13/2012,13:45:00,1,Collision with vehicle,5,Thursday,111,RIGHT FAR (INTERSECTIONS ONLY),1,36353,2,0,0,1,1,2,1,1,Cross intersection,3,50,Local Road,40-49,Other injury,Bicyclists
T20120020868,9/13/2012,15:55:00,1,Collision with vehicle,5,Thursday,130,REAR END(VEHICLES IN SAME LANE),1,255191,2,0,0,1,1,2,1,5,Not at intersection,3,70,Arterial Other,40-49,Other injury,Bicyclists
T20120020910,9/14/2012,7:30:00,1,Collision with vehicle,6,Friday,110,CROSS TRAFFIC(INTERSECTIONS ONLY),1,52842,2,0,0,1,1,2,2,1,Cross intersection,3,60,Uknown,70+,Other injury,Bicyclists
T20120020914,9/13/2012,22:00:00,1,Collision with vehicle,4,Thursday,133,LANE SIDE SWIPE (VEHICLES IN PARALLEL LANES),3,255165,2,0,0,1,1,2,2,5,Not at intersection,3,60,Arterial Other,26-29,Other injury,Bicyclists
T20120020944,8/19/2012,22:00:00,1,Collision with vehicle,1,Sunday,116,LEFT NEAR (INTERSECTIONS ONLY),9,48192,2,0,0,1,1,2,2,2,T intersection,3,60,Local Road,26-29,Other injury,Bicyclists
T20120021021,9/15/2012,16:59:00,1,Collision with vehicle,7,Saturday,130,REAR END(VEHICLES IN SAME LANE),1,255257,3,0,0,1,2,3,1,5,Not at intersection,3,60,Local Road,Unknown,Not injured,Bicyclists
T20120021037,9/16/2012,8:00:00,1,Collision with vehicle,1,Sunday,110,CROSS TRAFFIC(INTERSECTIONS ONLY),1,52334,2,0,0,1,1,2,1,1,Cross intersection,3,60,Arterial Other,40-49,Other injury,Bicyclists
T20120021045,9/16/2012,6:15:00,8,No collision and no object struck,1,Sunday,174,OUT OF CONTROL ON CARRIAGEWAY (ON STRAIGHT),2,37705,2,0,0,1,1,2,2,1,Cross intersection,3,40,Arterial Other,30-39,Other injury,Bicyclists
T20120021080,9/16/2012,11:00:00,8,No collision and no object struck,1,Sunday,174,OUT OF CONTROL ON CARRIAGEWAY (ON STRAIGHT),1,254853,1,0,0,1,0,1,2,9,Unknown,3,888,Local Road,30-39,Other injury,Bicyclists
T20120021091,9/16/2012,9:50:00,1,Collision with vehicle,1,Sunday,130,REAR END(VEHICLES IN SAME LANE),1,254845,2,0,0,1,1,2,1,5,Not at intersection,3,80,Arterial Highway,30-39,Other injury,Bicyclists
T20120021098,9/17/2012,7:55:00,1,Collision with vehicle,2,Monday,121,RIGHT THROUGH,2,270663,2,0,0,1,1,2,1,9,Unknown,3,60,Arterial Other,22-25,Other injury,Bicyclists
T20120021108,9/17/2012,8:15:00,8,No collision and no object struck,2,Monday,174,OUT OF CONTROL ON CARRIAGEWAY (ON STRAIGHT),1,254843,2,0,1,0,1,2,1,5,Not at intersection,2,50,Local Road,26-29,Serious injury,Bicyclists
T20120021125,9/17/2012,10:00:00,1,Collision with vehicle,2,Monday,143,ENTERING PARKING,1,255245,2,0,0,1,1,2,1,5,Not at intersection,3,50,Local Road,65-69,Other injury,Bicyclists
T20120021127,9/17/2012,13:26:00,8,No collision and no object struck,2,Monday,174,OUT OF CONTROL ON CARRIAGEWAY (ON STRAIGHT),9,37748,2,0,0,1,1,2,2,1,Cross intersection,3,60,Arterial Other,18-21,Other injury,Bicyclists
T20120021139,7/25/2012,12:00:00,8,No collision and no object struck,4,Wednesday,174,OUT OF CONTROL ON CARRIAGEWAY (ON STRAIGHT),1,254144,2,0,0,1,1,2,2,5,Not at intersection,3,60,Arterial Other,26-29,Other injury,Bicyclists
T20120021159,9/17/2012,19:30:00,8,No collision and no object struck,2,Monday,174,OUT OF CONTROL ON CARRIAGEWAY (ON STRAIGHT),3,255310,1,0,1,0,0,1,1,5,Not at intersection,2,60,Arterial Other,22-25,Serious injury,Bicyclists
T20120021178,9/18/2012,7:50:00,1,Collision with vehicle,3,Tuesday,148,VEHICLE OFF FOOTPATH STRIKES VEH ON CARRIAGEWAY,1,278529,3,0,1,0,2,3,1,1,Cross intersection,2,60,Arterial Highway,30-39,Serious injury,Bicyclists
T20120021192,9/18/2012,8:56:00,1,Collision with vehicle,3,Tuesday,121,RIGHT THROUGH,1,36227,2,0,0,1,1,2,1,2,T intersection,3,50,Local Road,30-39,Other injury,Bicyclists
T20120021193,8/16/2012,11:00:00,7,Fall from or in moving vehicle,5,Thursday,184,OUT OF CONTROL ON CARRIAGEWAY (ON BEND),1,254664,1,0,0,1,0,1,1,5,Not at intersection,3,100,Arterial Other,30-39,Other injury,Bicyclists
T20120021246,9/17/2012,11:00:00,1,Collision with vehicle,2,Monday,110,CROSS TRAFFIC(INTERSECTIONS ONLY),1,38544,2,0,0,1,1,2,2,1,Cross intersection,3,50,Local Road,18-21,Other injury,Bicyclists
T20120021259,9/16/2012,13:10:00,8,No collision and no object struck,1,Sunday,174,OUT OF CONTROL ON CARRIAGEWAY (ON STRAIGHT),1,255204,2,0,0,1,0,1,1,5,Not at intersection,3,40,Local Road,18-21,Other injury,Bicyclists
T20120021275,9/18/2012,18:10:00,1,Collision with vehicle,3,Tuesday,110,CROSS TRAFFIC(INTERSECTIONS ONLY),2,35589,3,0,0,1,2,3,1,1,Cross intersection,3,60,Local Road,40-49,Other injury,Bicyclists
T20120021277,9/19/2012,11:18:00,1,Collision with vehicle,4,Wednesday,121,RIGHT THROUGH,1,43900,2,0,1,0,1,2,1,1,Cross intersection,2,60,Arterial Other,40-49,Serious injury,Bicyclists
T20120021303,8/29/2012,16:30:00,1,Collision with vehicle,4,Wednesday,119,OTHER ADJACENT (INTERSECTIONS ONLY),1,52444,2,0,0,2,0,2,2,2,T intersection,3,80,Arterial Other,50-59,Other injury,Bicyclists
T20120021323,9/19/2012,8:30:00,1,Collision with vehicle,4,Wednesday,137,LEFT TURN SIDESWIPE,1,37951,2,0,0,2,0,2,2,2,T intersection,3,40,Local Road,40-49,Other injury,Bicyclists
T20120021346,9/20/2012,7:50:00,1,Collision with vehicle,5,Thursday,121,RIGHT THROUGH,1,37323,2,0,0,1,1,2,1,2,T intersection,3,40,Arterial Other,40-49,Other injury,Bicyclists
T20120021367,9/20/2012,9:15:00,1,Collision with vehicle,5,Thursday,121,RIGHT THROUGH,1,37908,2,0,0,1,1,2,1,2,T intersection,3,40,Local Road,22-25,Other injury,Bicyclists
T20120021389,8/1/2012,10:10:00,1,Collision with vehicle,4,Wednesday,135,LANE CHANGE LEFT (NOT OVERTAKING),1,254663,2,0,0,1,1,2,2,5,Not at intersection,3,60,Arterial Other,26-29,Other injury,Bicyclists
T20120021445,9/21/2012,6:30:00,1,Collision with vehicle,6,Friday,130,REAR END(VEHICLES IN SAME LANE),2,233875,2,0,1,0,1,2,1,2,T intersection,2,80,Freeway,40-49,Serious injury,Bicyclists
T20120021454,9/21/2012,10:50:00,1,Collision with vehicle,6,Friday,137,LEFT TURN SIDESWIPE,1,254922,2,0,1,0,1,2,1,5,Not at intersection,2,60,Local Road,30-39,Serious injury,Bicyclists
T20120021474,9/21/2012,14:30:00,1,Collision with vehicle,6,Friday,137,LEFT TURN SIDESWIPE,1,50393,2,0,0,1,1,2,1,1,Cross intersection,3,50,Arterial Highway,30-39,Other injury,Bicyclists
T20120021483,9/21/2012,14:20:00,1,Collision with vehicle,6,Friday,116,LEFT NEAR (INTERSECTIONS ONLY),1,55721,2,0,0,1,1,2,1,2,T intersection,3,50,Local Road,22-25,Other injury,Bicyclists
T20120021496,9/21/2012,18:00:00,1,Collision with vehicle,6,Friday,148,VEHICLE OFF FOOTPATH STRIKES VEH ON CARRIAGEWAY,2,48968,2,0,0,1,1,2,1,2,T intersection,3,999,Local Road,45424,Other injury,Bicyclists
T20120021514,9/21/2012,16:33:00,1,Collision with vehicle,6,Friday,147,VEHICLE STRIKES ANOTHER VEH WHILE EMERGING FROM DRIVEWAY,1,254945,2,0,1,0,1,2,2,5,Not at intersection,2,60,Local Road,50-59,Serious injury,Bicyclists
T20120021534,9/22/2012,11:30:00,1,Collision with vehicle,7,Saturday,110,CROSS TRAFFIC(INTERSECTIONS ONLY),1,30048,2,0,0,2,1,3,1,1,Cross intersection,3,50,Local Road,18-21,Other injury,Bicyclists
T20120021537,9/22/2012,10:00:00,1,Collision with vehicle,7,Saturday,121,RIGHT THROUGH,1,255035,2,0,1,0,1,2,2,5,Not at intersection,2,60,Arterial Highway,50-59,Serious injury,Bicyclists
T20120021538,9/16/2012,9:30:00,1,Collision with vehicle,0,Sunday,113,RIGHT NEAR (INTERSECTIONS ONLY),1,35373,2,0,0,1,1,2,2,2,T intersection,3,999,Arterial Other,30-39,Other injury,Bicyclists
T20120021549,9/22/2012,14:00:00,1,Collision with vehicle,7,Saturday,116,LEFT NEAR (INTERSECTIONS ONLY),1,68869,2,0,0,1,1,2,1,2,T intersection,3,60,Arterial Other,50-59,Other injury,Bicyclists
T20120021598,9/23/2012,11:20:00,1,Collision with vehicle,1,Sunday,148,VEHICLE OFF FOOTPATH STRIKES VEH ON CARRIAGEWAY,1,51642,2,0,0,1,1,2,2,1,Cross intersection,3,50,Arterial Other,13-15,Other injury,Bicyclists
T20120021616,9/23/2012,14:15:00,1,Collision with vehicle,1,Sunday,137,LEFT TURN SIDESWIPE,1,54712,2,0,0,2,2,4,1,2,T intersection,3,50,Local Road,16-17,Other injury,Bicyclists
T20120021698,9/24/2012,7:25:00,1,Collision with vehicle,2,Monday,132,RIGHT REAR.,2,35714,2,0,0,1,1,2,1,1,Cross intersection,3,50,Arterial Other,40-49,Other injury,Bicyclists
T20120021700,9/24/2012,14:30:00,1,Collision with vehicle,2,Monday,137,LEFT TURN SIDESWIPE,1,54273,3,0,1,0,2,3,1,2,T intersection,2,100,Arterial Other,70+,Serious injury,Bicyclists
T20120021716,9/15/2012,8:00:00,1,Collision with vehicle,7,Saturday,147,VEHICLE STRIKES ANOTHER VEH WHILE EMERGING FROM DRIVEWAY,1,255502,2,0,0,1,1,2,2,5,Not at intersection,3,999,Local Road,50-59,Other injury,Bicyclists
T20120021718,9/24/2012,16:15:00,1,Collision with vehicle,2,Monday,148,VEHICLE OFF FOOTPATH STRIKES VEH ON CARRIAGEWAY,1,38742,2,0,0,1,1,2,1,1,Cross intersection,3,60,Local Road,65-69,Other injury,Bicyclists
T20120021755,9/25/2012,13:40:00,1,Collision with vehicle,3,Tuesday,110,CROSS TRAFFIC(INTERSECTIONS ONLY),1,255072,2,0,0,1,1,2,1,1,Cross intersection,3,50,Local Road,30-39,Other injury,Bicyclists
T20120021756,9/25/2012,8:32:00,1,Collision with vehicle,3,Tuesday,140,U TURN,1,255073,2,0,0,1,1,2,1,5,Not at intersection,3,40,Uknown,22-25,Other injury,Bicyclists
T20120021761,9/25/2012,12:40:00,1,Collision with vehicle,3,Tuesday,110,CROSS TRAFFIC(INTERSECTIONS ONLY),1,40113,2,0,1,0,1,2,1,1,Cross intersection,2,50,Local Road,50-59,Serious injury,Bicyclists
T20120021785,9/25/2012,17:30:00,1,Collision with vehicle,3,Tuesday,160,VEHICLE COLLIDES WITH VEHICLE PARKED ON LEFT OF ROAD,1,255079,2,0,0,1,0,1,1,5,Not at intersection,3,50,Local Road,50-59,Other injury,Bicyclists
T20120021787,9/25/2012,19:00:00,1,Collision with vehicle,3,Tuesday,121,RIGHT THROUGH,3,10471,2,0,0,1,1,2,1,4,Multiple intersection,3,60,Freeway,30-39,Other injury,Bicyclists
T20120021798,9/25/2012,16:32:00,1,Collision with vehicle,3,Tuesday,148,VEHICLE OFF FOOTPATH STRIKES VEH ON CARRIAGEWAY,1,38022,2,0,0,2,0,2,1,1,Cross intersection,3,60,Arterial Other,16-17,Other injury,Bicyclists
T20120021827,9/26/2012,8:39:00,1,Collision with vehicle,4,Wednesday,110,CROSS TRAFFIC(INTERSECTIONS ONLY),1,36481,2,0,1,0,1,2,1,1,Cross intersection,2,60,Arterial Other,50-59,Serious injury,Bicyclists
T20120021842,9/26/2012,12:40:00,1,Collision with vehicle,4,Wednesday,113,RIGHT NEAR (INTERSECTIONS ONLY),1,50299,3,0,1,0,2,3,1,1,Cross intersection,2,60,Arterial Other,40-49,Serious injury,Bicyclists
T20120021851,9/26/2012,16:10:00,1,Collision with vehicle,4,Wednesday,148,VEHICLE OFF FOOTPATH STRIKES VEH ON CARRIAGEWAY,1,255153,2,0,1,0,1,2,1,5,Not at intersection,2,50,Uknown,13-15,Serious injury,Bicyclists
T20120021855,9/26/2012,11:30:00,8,No collision and no object struck,4,Wednesday,174,OUT OF CONTROL ON CARRIAGEWAY (ON STRAIGHT),1,255155,1,0,1,0,0,1,2,5,Not at intersection,2,80,Local Road,65-69,Serious injury,Bicyclists
T20120021863,9/26/2012,8:35:00,1,Collision with vehicle,4,Wednesday,147,VEHICLE STRIKES ANOTHER VEH WHILE EMERGING FROM DRIVEWAY,1,255156,2,0,0,1,1,2,1,5,Not at intersection,3,60,Local Road,65-69,Other injury,Bicyclists
T20120021883,9/27/2012,7:30:00,1,Collision with vehicle,5,Thursday,140,U TURN,2,74898,2,0,0,1,1,2,1,5,Not at intersection,3,50,Local Road,30-39,Other injury,Bicyclists
T20120021884,9/27/2012,7:40:00,8,No collision and no object struck,5,Thursday,174,OUT OF CONTROL ON CARRIAGEWAY (ON STRAIGHT),2,67238,2,0,0,1,1,2,1,2,T intersection,3,60,Arterial Other,26-29,Other injury,Bicyclists
T20120021891,9/27/2012,10:16:00,2,Struck Pedestrian,5,Thursday,102,FAR SIDE. PED HIT BY VEHICLE FROM THE LEFT,1,255118,1,0,0,2,0,2,1,5,Not at intersection,3,50,Arterial Other,30-39,Other injury,Bicyclists
T20120021897,9/25/2012,15:20:00,1,Collision with vehicle,3,Tuesday,137,LEFT TURN SIDESWIPE,1,65256,2,0,0,1,1,2,2,2,T intersection,3,60,Local Road,18-21,Other injury,Bicyclists
T20120021930,9/27/2012,16:55:00,1,Collision with vehicle,5,Thursday,113,RIGHT NEAR (INTERSECTIONS ONLY),1,52140,2,0,0,2,0,2,1,2,T intersection,3,60,Local Road,22-25,Other injury,Bicyclists
T20120021937,9/27/2012,20:10:00,1,Collision with vehicle,5,Thursday,130,REAR END(VEHICLES IN SAME LANE),3,255233,2,0,1,0,1,2,1,5,Not at intersection,2,70,Local Road,16-17,Serious injury,Bicyclists
T20120021948,9/26/2012,15:45:00,1,Collision with vehicle,4,Wednesday,135,LANE CHANGE LEFT (NOT OVERTAKING),1,255083,2,0,0,1,2,3,2,5,Not at intersection,3,40,Arterial Other,18-21,Other injury,Bicyclists
T20120021954,9/28/2012,7:45:00,1,Collision with vehicle,6,Friday,110,CROSS TRAFFIC(INTERSECTIONS ONLY),2,269560,2,0,0,1,1,2,1,1,Cross intersection,3,60,Local Road,22-25,Other injury,Bicyclists
T20120021977,9/28/2012,14:30:00,1,Collision with vehicle,6,Friday,130,REAR END(VEHICLES IN SAME LANE),1,254999,2,0,1,0,1,2,2,5,Not at intersection,2,50,Local Road,30-39,Serious injury,Bicyclists
T20120021995,9/21/2012,15:45:00,1,Collision with vehicle,6,Friday,137,LEFT TURN SIDESWIPE,1,36496,2,0,0,1,1,2,2,1,Cross intersection,3,999,Local Road,30-39,Other injury,Bicyclists
T20120022212,9/22/2012,15:48:00,4,Collision with a fixed object,7,Saturday,171,LEFT OFF CARRIAGEWAY INTO OBJECT/PARKED VEHICLE,1,45959,1,0,0,1,0,1,1,2,T intersection,3,60,Local Road,40-49,Other injury,Bicyclists
T20120022230,10/1/2012,13:30:00,1,Collision with vehicle,2,Monday,147,VEHICLE STRIKES ANOTHER VEH WHILE EMERGING FROM DRIVEWAY,1,256032,2,0,0,1,1,2,2,5,Not at intersection,3,999,Local Road,26-29,Other injury,Bicyclists
T20120022236,10/1/2012,18:20:00,1,Collision with vehicle,2,Monday,148,VEHICLE OFF FOOTPATH STRIKES VEH ON CARRIAGEWAY,2,256023,2,0,1,0,1,2,1,5,Not at intersection,2,60,Local Road,45424,Serious injury,Bicyclists
T20120022252,9/28/2012,21:15:00,1,Collision with vehicle,6,Friday,137,LEFT TURN SIDESWIPE,3,273813,2,0,0,1,1,2,2,5,Not at intersection,3,60,Arterial Other,30-39,Other injury,Bicyclists
T20120022258,10/2/2012,8:45:00,1,Collision with vehicle,3,Tuesday,163,VEHICLE STRIKES DOOR OF PARKED/STATIONARY VEHICLE,1,255863,2,0,0,1,1,2,2,5,Not at intersection,3,40,Local Road,30-39,Other injury,Bicyclists
T20120022308,10/2/2012,14:30:00,1,Collision with vehicle,3,Tuesday,116,LEFT NEAR (INTERSECTIONS ONLY),1,221988,2,0,1,0,1,2,2,2,T intersection,2,50,Arterial Other,30-39,Serious injury,Bicyclists
T20120022309,10/2/2012,15:25:00,1,Collision with vehicle,3,Tuesday,143,ENTERING PARKING,1,273818,2,0,1,0,1,2,1,1,Cross intersection,2,50,Local Road,30-39,Serious injury,Bicyclists
T20120022321,10/2/2012,19:45:00,1,Collision with vehicle,3,Tuesday,116,LEFT NEAR (INTERSECTIONS ONLY),2,861,2,0,0,1,1,2,2,2,T intersection,3,60,Local Road,30-39,Other injury,Bicyclists
T20120022352,9/5/2012,19:45:00,1,Collision with vehicle,4,Wednesday,113,RIGHT NEAR (INTERSECTIONS ONLY),3,64548,2,0,0,1,1,2,1,2,T intersection,3,60,Local Road,30-39,Other injury,Bicyclists
T20120022354,10/3/2012,10:40:00,1,Collision with vehicle,4,Wednesday,110,CROSS TRAFFIC(INTERSECTIONS ONLY),1,41413,2,0,0,1,1,2,1,1,Cross intersection,3,50,Local Road,70+,Other injury,Bicyclists
T20120022372,10/3/2012,11:55:00,1,Collision with vehicle,4,Wednesday,143,ENTERING PARKING,1,256037,2,0,0,1,1,2,1,5,Not at intersection,3,60,Uknown,60-64,Other injury,Bicyclists
T20120022378,10/2/2012,11:30:00,2,Struck Pedestrian,3,Tuesday,106,VEH STRIKES PED ON FOOTPATH/MEDIAN/TRAFFIC ISLAND.,1,256109,1,0,0,1,1,2,2,5,Not at intersection,3,999,Local Road,Unknown,Not injured,Bicyclists