ACCIDENT_NO,ACCIDENT_DATE,ACCIDENT_TIME,ACCIDENT_TYPE,ACCIDENT_TYPE_DESC,DAY_OF_WEEK,DAY_WEEK_DESC,DCA_CODE,DCA_DESC,LIGHT_CONDITION,NODE_ID,NO_OF_VEHICLES,NO_PERSONS_KILLED,NO_PERSONS_INJ_2,NO_PERSONS_INJ_3,NO_PERSONS_NOT_INJ,NO_PERSONS,POLICE_ATTEND,ROAD_GEOMETRY,ROAD_GEOMETRY_DESC,SEVERITY,SPEED_ZONE,RMA,AGE_GROUP,INJ_LEVEL,ROAD_USER_TYPE_DESC
T20120026930,12/1/2012,11:25:00,1,Collision with vehicle,7,Saturday,121,RIGHT THROUGH,1,41265,2,0,0,1,1,2,2,1,Cross intersection,3,777,Arterial Other,60-64,Other injury,Bicyclists
T20120026932,12/1/2012,10:10:00,1,Collision with vehicle,7,Saturday,121,RIGHT THROUGH,1,256842,2,0,1,0,1,2,1,2,T intersection,2,80,Arterial Highway,50-59,Serious injury,Bicyclists
T20120026998,12/1/2012,14:25:00,1,Collision with vehicle,7,Saturday,130,REAR END(VEHICLES IN SAME LANE),1,257179,2,0,0,1,1,2,1,5,Not at intersection,3,100,Arterial Highway,13-15,Other injury,Bicyclists
T20120027009,12/2/2012,14:00:00,1,Collision with vehicle,1,Sunday,142,LEAVING PARKING,1,256947,2,0,0,1,1,2,1,5,Not at intersection,3,60,Arterial Other,40-49,Other injury,Bicyclists
T20120027020,11/19/2012,9:10:00,1,Collision with vehicle,2,Monday,137,LEFT TURN SIDESWIPE,1,223523,2,0,0,1,1,2,2,2,T intersection,3,60,Arterial Other,30-39,Other injury,Bicyclists
T20120027049,11/30/2012,10:00:00,1,Collision with vehicle,6,Friday,110,CROSS TRAFFIC(INTERSECTIONS ONLY),1,53107,2,0,0,1,1,2,2,1,Cross intersection,3,50,Local Road,70+,Other injury,Bicyclists
T20120027137,12/3/2012,15:13:00,1,Collision with vehicle,2,Monday,163,VEHICLE STRIKES DOOR OF PARKED/STATIONARY VEHICLE,1,256911,2,0,0,1,1,2,1,5,Not at intersection,3,60,Arterial Other,26-29,Other injury,Bicyclists
T20120027141,11/28/2012,18:20:00,1,Collision with vehicle,4,Wednesday,110,CROSS TRAFFIC(INTERSECTIONS ONLY),1,68345,2,0,0,1,1,2,1,1,Cross intersection,3,60,Local Road,50-59,Other injury,Bicyclists
T20120027186,12/4/2012,14:50:00,1,Collision with vehicle,3,Tuesday,110,CROSS TRAFFIC(INTERSECTIONS ONLY),1,37845,2,0,0,1,1,2,1,1,Cross intersection,3,50,Local Road,70+,Other injury,Bicyclists
T20120027221,12/5/2012,9:30:00,1,Collision with vehicle,4,Wednesday,163,VEHICLE STRIKES DOOR OF PARKED/STATIONARY VEHICLE,1,35344,2,0,0,1,2,3,2,2,T intersection,3,50,Arterial Other,50-59,Other injury,Bicyclists
T20120027238,12/4/2012,16:30:00,1,Collision with vehicle,3,Tuesday,116,LEFT NEAR (INTERSECTIONS ONLY),1,65051,2,0,1,0,2,3,1,2,T intersection,2,60,Local Road,30-39,Serious injury,Bicyclists
T20120027278,11/30/2012,17:00:00,1,Collision with vehicle,6,Friday,120,HEAD ON (NOT OVERTAKING),1,64873,2,0,0,1,1,2,1,2,T intersection,3,50,Local Road,40-49,Other injury,Bicyclists
T20120027293,12/6/2012,7:45:00,1,Collision with vehicle,5,Thursday,110,CROSS TRAFFIC(INTERSECTIONS ONLY),1,64562,2,0,0,1,1,2,1,1,Cross intersection,3,50,Local Road,30-39,Other injury,Bicyclists
T20120027303,12/3/2012,9:05:00,1,Collision with vehicle,2,Monday,142,LEAVING PARKING,1,257375,2,0,1,0,1,2,2,2,T intersection,2,50,Local Road,40-49,Serious injury,Bicyclists
T20120027323,11/19/2012,13:00:00,8,No collision and no object struck,2,Monday,174,OUT OF CONTROL ON CARRIAGEWAY (ON STRAIGHT),1,73784,1,0,0,1,0,1,2,1,Cross intersection,3,50,Uknown,50-59,Other injury,Bicyclists
T20120027335,12/6/2012,16:15:00,1,Collision with vehicle,5,Thursday,148,VEHICLE OFF FOOTPATH STRIKES VEH ON CARRIAGEWAY,1,257550,2,0,0,1,3,4,1,2,T intersection,3,50,Arterial Highway,50-59,Not injured,Bicyclists
T20120027353,12/6/2012,15:35:00,1,Collision with vehicle,5,Thursday,148,VEHICLE OFF FOOTPATH STRIKES VEH ON CARRIAGEWAY,1,37067,3,0,0,1,2,3,1,1,Cross intersection,3,50,Uknown,45424,Other injury,Bicyclists
T20120027375,12/3/2012,8:30:00,1,Collision with vehicle,2,Monday,110,CROSS TRAFFIC(INTERSECTIONS ONLY),1,37831,2,0,0,1,1,2,2,1,Cross intersection,3,50,Arterial Other,13-15,Other injury,Bicyclists
T20120027416,12/7/2012,11:57:00,1,Collision with vehicle,6,Friday,121,RIGHT THROUGH,1,29356,2,0,1,1,0,2,1,2,T intersection,2,40,Arterial Other,26-29,Serious injury,Bicyclists
T20120027423,12/6/2012,20:45:00,1,Collision with vehicle,5,Thursday,163,VEHICLE STRIKES DOOR OF PARKED/STATIONARY VEHICLE,6,257079,2,0,0,1,1,2,2,5,Not at intersection,3,999,Local Road,22-25,Other injury,Bicyclists
T20120027458,12/8/2012,10:00:00,1,Collision with vehicle,7,Saturday,163,VEHICLE STRIKES DOOR OF PARKED/STATIONARY VEHICLE,1,70113,2,0,0,1,1,2,2,2,T intersection,3,50,Local Road,50-59,Other injury,Bicyclists
T20120027459,12/4/2012,18:20:00,1,Collision with vehicle,3,Tuesday,163,VEHICLE STRIKES DOOR OF PARKED/STATIONARY VEHICLE,1,35500,2,0,1,0,1,2,2,1,Cross intersection,2,60,Arterial Highway,22-25,Serious injury,Bicyclists
T20120027460,12/8/2012,9:25:00,1,Collision with vehicle,7,Saturday,120,HEAD ON (NOT OVERTAKING),1,256687,2,0,1,0,1,2,1,5,Not at intersection,2,60,Arterial Other,50-59,Serious injury,Bicyclists
T20120027483,12/7/2012,17:20:00,1,Collision with vehicle,6,Friday,163,VEHICLE STRIKES DOOR OF PARKED/STATIONARY VEHICLE,1,258388,2,0,0,1,1,2,2,5,Not at intersection,3,50,Local Road,30-39,Other injury,Bicyclists
T20120027528,12/9/2012,8:25:00,1,Collision with vehicle,1,Sunday,116,LEFT NEAR (INTERSECTIONS ONLY),1,29651,2,0,0,1,1,2,1,1,Cross intersection,3,60,Arterial Highway,40-49,Other injury,Bicyclists
T20120027531,12/9/2012,12:40:00,1,Collision with vehicle,1,Sunday,133,LANE SIDE SWIPE (VEHICLES IN PARALLEL LANES),1,256663,2,0,0,2,0,2,1,5,Not at intersection,3,60,Arterial Highway,40-49,Other injury,Bicyclists
T20120027561,12/7/2012,18:09:00,1,Collision with vehicle,6,Friday,135,LANE CHANGE LEFT (NOT OVERTAKING),1,256682,2,0,0,1,1,2,1,5,Not at intersection,3,50,Local Road,40-49,Other injury,Bicyclists
T20120027570,12/10/2012,8:05:00,1,Collision with vehicle,2,Monday,121,RIGHT THROUGH,1,257132,2,0,0,1,1,2,1,5,Not at intersection,3,60,Arterial Other,18-21,Other injury,Bicyclists
T20120027666,12/11/2012,8:50:00,1,Collision with vehicle,3,Tuesday,147,VEHICLE STRIKES ANOTHER VEH WHILE EMERGING FROM DRIVEWAY,1,256768,2,0,1,0,1,2,1,5,Not at intersection,2,40,Uknown,45424,Serious injury,Bicyclists
T20120027685,12/7/2012,21:00:00,1,Collision with vehicle,6,Friday,119,OTHER ADJACENT (INTERSECTIONS ONLY),6,257134,2,0,0,1,1,2,2,2,T intersection,3,50,Local Road,16-17,Other injury,Bicyclists
T20120027688,12/11/2012,12:18:00,1,Collision with vehicle,3,Tuesday,163,VEHICLE STRIKES DOOR OF PARKED/STATIONARY VEHICLE,1,256775,2,0,0,1,1,2,1,5,Not at intersection,3,60,Arterial Other,18-21,Other injury,Bicyclists
T20120027693,11/15/2012,8:45:00,1,Collision with vehicle,5,Thursday,147,VEHICLE STRIKES ANOTHER VEH WHILE EMERGING FROM DRIVEWAY,1,256735,2,0,0,1,1,2,2,5,Not at intersection,3,60,Arterial Other,45424,Other injury,Bicyclists
T20120027696,11/23/2012,15:50:00,1,Collision with vehicle,6,Friday,160,VEHICLE COLLIDES WITH VEHICLE PARKED ON LEFT OF ROAD,1,256733,2,0,1,0,1,2,2,5,Not at intersection,2,50,Local Road,45424,Serious injury,Bicyclists
T20120027715,12/11/2012,16:00:00,1,Collision with vehicle,3,Tuesday,121,RIGHT THROUGH,1,36332,2,0,0,1,1,2,1,2,T intersection,3,60,Local Road,22-25,Other injury,Bicyclists
T20120027726,12/11/2012,20:30:00,1,Collision with vehicle,3,Tuesday,140,U TURN,2,274142,2,0,0,1,1,2,2,5,Not at intersection,3,40,Local Road,30-39,Other injury,Bicyclists
T20120027753,12/12/2012,11:15:00,4,Collision with a fixed object,4,Wednesday,164,PERMANENT OBSTRUCTION ON CARRIAGEWAY,1,256732,3,0,0,2,1,3,1,5,Not at intersection,3,50,Uknown,26-29,Other injury,Bicyclists
T20120027755,12/11/2012,12:00:00,1,Collision with vehicle,3,Tuesday,121,RIGHT THROUGH,1,43571,2,0,1,0,1,2,1,2,T intersection,2,80,Arterial Highway,30-39,Serious injury,Bicyclists
T20120027769,12/11/2012,19:06:00,1,Collision with vehicle,3,Tuesday,121,RIGHT THROUGH,1,42386,2,0,0,1,2,3,1,2,T intersection,3,60,Arterial Other,18-21,Other injury,Bicyclists
T20120027778,12/12/2012,12:25:00,1,Collision with vehicle,4,Wednesday,160,VEHICLE COLLIDES WITH VEHICLE PARKED ON LEFT OF ROAD,1,256716,2,0,1,0,2,3,1,5,Not at intersection,2,60,Arterial Other,60-64,Serious injury,Bicyclists
T20120027789,12/12/2012,15:23:00,8,No collision and no object struck,4,Wednesday,174,OUT OF CONTROL ON CARRIAGEWAY (ON STRAIGHT),1,60590,1,0,1,0,0,1,1,2,T intersection,2,60,Arterial Other,50-59,Serious injury,Bicyclists
T20120027804,12/12/2012,19:24:00,1,Collision with vehicle,4,Wednesday,137,LEFT TURN SIDESWIPE,1,256845,2,0,0,1,2,3,1,5,Not at intersection,3,60,Arterial Other,40-49,Other injury,Bicyclists
T20120027854,12/13/2012,12:30:00,1,Collision with vehicle,5,Thursday,143,ENTERING PARKING,1,256857,2,0,0,1,1,2,1,5,Not at intersection,3,50,Local Road,40-49,Other injury,Bicyclists
T20120027856,12/13/2012,7:15:00,1,Collision with vehicle,5,Thursday,131,LEFT REAR,1,36867,2,0,0,1,1,2,2,1,Cross intersection,3,40,Local Road,26-29,Other injury,Bicyclists
T20120027861,12/13/2012,8:00:00,1,Collision with vehicle,5,Thursday,140,U TURN,1,126823,2,0,0,1,1,2,2,5,Not at intersection,3,50,Arterial Other,30-39,Other injury,Bicyclists
T20120027873,12/13/2012,14:40:00,1,Collision with vehicle,5,Thursday,110,CROSS TRAFFIC(INTERSECTIONS ONLY),1,29361,2,0,0,1,1,2,1,1,Cross intersection,3,60,Local Road,40-49,Other injury,Bicyclists
T20120027896,12/13/2012,17:20:00,8,No collision and no object struck,5,Thursday,174,OUT OF CONTROL ON CARRIAGEWAY (ON STRAIGHT),1,256855,1,0,0,1,0,1,1,2,T intersection,3,50,Local Road,60-64,Other injury,Bicyclists
T20120027901,12/13/2012,16:55:00,1,Collision with vehicle,5,Thursday,147,VEHICLE STRIKES ANOTHER VEH WHILE EMERGING FROM DRIVEWAY,1,256853,2,0,0,1,2,3,1,5,Not at intersection,3,777,Local Road,13-15,Other injury,Bicyclists
T20120027908,12/13/2012,20:30:00,1,Collision with vehicle,5,Thursday,160,VEHICLE COLLIDES WITH VEHICLE PARKED ON LEFT OF ROAD,3,227388,2,0,1,0,0,1,1,2,T intersection,2,60,Arterial Other,40-49,Serious injury,Bicyclists
T20120028029,12/12/2012,11:45:00,1,Collision with vehicle,4,Wednesday,147,VEHICLE STRIKES ANOTHER VEH WHILE EMERGING FROM DRIVEWAY,1,41800,2,0,0,1,1,2,2,1,Cross intersection,3,999,Uknown,13-15,Other injury,Bicyclists
T20120028069,12/15/2012,20:40:00,1,Collision with vehicle,7,Saturday,137,LEFT TURN SIDESWIPE,3,36496,2,0,0,1,1,2,2,1,Cross intersection,3,40,Local Road,22-25,Other injury,Bicyclists
T20120028121,12/15/2012,20:34:00,1,Collision with vehicle,7,Saturday,148,VEHICLE OFF FOOTPATH STRIKES VEH ON CARRIAGEWAY,3,43027,2,0,1,0,1,2,1,2,T intersection,2,80,Arterial Highway,50-59,Serious injury,Bicyclists
T20120028128,12/16/2012,13:15:00,1,Collision with vehicle,1,Sunday,160,VEHICLE COLLIDES WITH VEHICLE PARKED ON LEFT OF ROAD,1,274158,3,0,0,1,2,3,1,5,Not at intersection,3,60,Arterial Other,26-29,Other injury,Bicyclists
T20120028171,12/16/2012,14:25:00,1,Collision with vehicle,1,Sunday,163,VEHICLE STRIKES DOOR OF PARKED/STATIONARY VEHICLE,1,256882,2,0,0,1,3,4,1,5,Not at intersection,3,40,Local Road,60-64,Other injury,Bicyclists
T20120028182,12/17/2012,10:50:00,8,No collision and no object struck,2,Monday,174,OUT OF CONTROL ON CARRIAGEWAY (ON STRAIGHT),1,256880,2,0,0,1,1,2,2,5,Not at intersection,3,999,Local Road,40-49,Other injury,Bicyclists
T20120028183,12/17/2012,7:00:00,6,Vehicle overturned (no collision),2,Monday,189,OTHER ACCIDENTS ON CURVE NOT INCLUDED IN DCAs 180-184,1,257520,2,0,0,1,1,2,2,5,Not at intersection,3,100,Local Road,50-59,Other injury,Bicyclists
T20120028193,12/11/2012,18:00:00,8,No collision and no object struck,3,Tuesday,174,OUT OF CONTROL ON CARRIAGEWAY (ON STRAIGHT),1,55697,2,0,0,1,1,2,2,1,Cross intersection,3,50,Local Road,40-49,Other injury,Bicyclists
T20120028238,12/17/2012,16:37:00,2,Struck Pedestrian,2,Monday,109,ANY MANOEUVRE INVOLVING PED NOT INCLUDED IN DCAs 100-108.,1,257112,1,0,0,1,1,2,1,1,Cross intersection,3,999,Arterial Highway,22-25,Not injured,Bicyclists
T20120028254,12/18/2012,7:41:00,1,Collision with vehicle,3,Tuesday,121,RIGHT THROUGH,1,37357,2,0,1,0,1,2,1,2,T intersection,2,60,Arterial Other,40-49,Serious injury,Bicyclists
T20120028259,12/17/2012,6:18:00,1,Collision with vehicle,2,Monday,113,RIGHT NEAR (INTERSECTIONS ONLY),1,57599,2,0,0,1,1,2,2,2,T intersection,3,60,Arterial Other,40-49,Other injury,Bicyclists
T20120028261,12/17/2012,8:45:00,1,Collision with vehicle,2,Monday,137,LEFT TURN SIDESWIPE,1,37068,2,0,1,0,1,2,2,2,T intersection,2,60,Arterial Highway,26-29,Serious injury,Bicyclists
T20120028303,9/23/2012,18:45:00,1,Collision with vehicle,1,Sunday,121,RIGHT THROUGH,1,43208,2,0,0,1,1,2,2,1,Cross intersection,3,50,Local Road,26-29,Other injury,Bicyclists
T20120028314,12/18/2012,19:00:00,1,Collision with vehicle,3,Tuesday,135,LANE CHANGE LEFT (NOT OVERTAKING),2,893,2,0,0,1,1,2,1,2,T intersection,3,60,Uknown,30-39,Other injury,Bicyclists
T20120028329,12/18/2012,14:00:00,1,Collision with vehicle,3,Tuesday,133,LANE SIDE SWIPE (VEHICLES IN PARALLEL LANES),1,257115,2,0,1,0,1,2,2,5,Not at intersection,2,999,Arterial Highway,30-39,Serious injury,Bicyclists
T20120028355,12/18/2012,13:30:00,2,Struck Pedestrian,3,Tuesday,109,ANY MANOEUVRE INVOLVING PED NOT INCLUDED IN DCAs 100-108.,1,49413,1,0,0,1,1,2,2,1,Cross intersection,3,60,Local Road,Unknown,Not injured,Bicyclists
T20120028372,12/19/2012,12:30:00,1,Collision with vehicle,4,Wednesday,110,CROSS TRAFFIC(INTERSECTIONS ONLY),1,29638,2,0,0,1,2,3,1,1,Cross intersection,3,60,Arterial Other,13-15,Other injury,Bicyclists
T20120028408,12/20/2012,6:48:00,1,Collision with vehicle,5,Thursday,116,LEFT NEAR (INTERSECTIONS ONLY),1,38115,2,0,1,0,1,2,1,2,T intersection,2,60,Arterial Other,30-39,Serious injury,Bicyclists
T20120028426,12/19/2012,21:15:00,1,Collision with vehicle,4,Wednesday,121,RIGHT THROUGH,3,36867,2,0,0,1,4,5,1,1,Cross intersection,3,40,Local Road,40-49,Other injury,Bicyclists
T20120028451,11/22/2012,17:55:00,1,Collision with vehicle,5,Thursday,121,RIGHT THROUGH,1,66606,2,0,0,1,1,2,2,1,Cross intersection,3,60,Arterial Other,40-49,Other injury,Bicyclists
T20120028459,12/20/2012,15:32:00,1,Collision with vehicle,5,Thursday,137,LEFT TURN SIDESWIPE,1,257416,2,0,0,1,1,2,1,5,Not at intersection,3,60,Local Road,30-39,Other injury,Bicyclists
T20120028466,12/20/2012,18:00:00,1,Collision with vehicle,5,Thursday,148,VEHICLE OFF FOOTPATH STRIKES VEH ON CARRIAGEWAY,1,257413,2,0,1,0,1,2,1,5,Not at intersection,2,50,Local Road,18-21,Serious injury,Bicyclists
T20120028513,12/21/2012,11:35:00,8,No collision and no object struck,6,Friday,174,OUT OF CONTROL ON CARRIAGEWAY (ON STRAIGHT),1,57474,2,0,1,0,2,3,1,2,T intersection,2,40,Arterial Other,26-29,Serious injury,Bicyclists
T20120028554,12/21/2012,18:00:00,1,Collision with vehicle,6,Friday,160,VEHICLE COLLIDES WITH VEHICLE PARKED ON LEFT OF ROAD,1,257410,2,0,1,0,1,2,2,5,Not at intersection,2,999,Local Road,30-39,Serious injury,Bicyclists
T20120028559,12/16/2012,8:45:00,1,Collision with vehicle,1,Sunday,137,LEFT TURN SIDESWIPE,1,39696,2,0,0,1,1,2,2,2,T intersection,3,60,Local Road,40-49,Other injury,Bicyclists
T20120028585,12/22/2012,11:05:00,1,Collision with vehicle,7,Saturday,116,LEFT NEAR (INTERSECTIONS ONLY),1,42513,2,0,1,0,1,2,1,1,Cross intersection,2,60,Arterial Other,50-59,Serious injury,Bicyclists
T20120028591,12/22/2012,8:35:00,1,Collision with vehicle,7,Saturday,160,VEHICLE COLLIDES WITH VEHICLE PARKED ON LEFT OF ROAD,1,257272,2,0,0,1,1,2,1,5,Not at intersection,3,60,Arterial Other,22-25,Other injury,Bicyclists
T20120028613,12/22/2012,15:30:00,1,Collision with vehicle,7,Saturday,148,VEHICLE OFF FOOTPATH STRIKES VEH ON CARRIAGEWAY,1,47051,2,0,0,1,1,2,1,2,T intersection,3,60,Local Road,18-21,Other injury,Bicyclists
T20120028640,12/22/2012,14:30:00,1,Collision with vehicle,7,Saturday,137,LEFT TURN SIDESWIPE,1,6,2,0,0,1,1,2,2,1,Cross intersection,3,50,Local Road,26-29,Other injury,Bicyclists
T20120028689,12/18/2012,8:15:00,8,No collision and no object struck,3,Tuesday,174,OUT OF CONTROL ON CARRIAGEWAY (ON STRAIGHT),1,39079,2,0,0,1,1,2,2,2,T intersection,3,999,Arterial Other,40-49,Other injury,Bicyclists
T20120028717,12/18/2012,17:35:00,1,Collision with vehicle,3,Tuesday,110,CROSS TRAFFIC(INTERSECTIONS ONLY),1,37862,2,0,1,0,1,2,2,1,Cross intersection,2,50,Local Road,30-39,Serious injury,Bicyclists
T20120028734,12/22/2012,10:00:00,1,Collision with vehicle,7,Saturday,163,VEHICLE STRIKES DOOR OF PARKED/STATIONARY VEHICLE,1,257593,2,0,0,1,1,2,2,5,Not at intersection,3,999,Local Road,30-39,Other injury,Bicyclists
T20120028767,12/20/2012,17:20:00,1,Collision with vehicle,5,Thursday,163,VEHICLE STRIKES DOOR OF PARKED/STATIONARY VEHICLE,1,257100,2,0,1,0,1,2,2,5,Not at intersection,2,60,Local Road,40-49,Serious injury,Bicyclists
T20120028808,12/20/2012,14:00:00,1,Collision with vehicle,5,Thursday,121,RIGHT THROUGH,1,37688,2,0,0,1,1,2,2,2,T intersection,3,50,Local Road,22-25,Other injury,Bicyclists
T20120028827,12/26/2012,0:25:00,1,Collision with vehicle,4,Wednesday,113,RIGHT NEAR (INTERSECTIONS ONLY),3,45576,2,0,0,1,1,2,1,2,T intersection,3,50,Local Road,30-39,Other injury,Bicyclists
T20120028890,12/27/2012,9:09:00,1,Collision with vehicle,5,Thursday,160,VEHICLE COLLIDES WITH VEHICLE PARKED ON LEFT OF ROAD,1,256993,2,0,1,0,0,1,1,5,Not at intersection,2,60,Uknown,60-64,Serious injury,Bicyclists
T20120028949,12/23/2012,11:00:00,1,Collision with vehicle,1,Sunday,137,LEFT TURN SIDESWIPE,1,256953,3,0,0,1,2,3,2,5,Not at intersection,3,60,Arterial Highway,22-25,Other injury,Bicyclists
T20120028982,12/17/2012,9:00:00,8,No collision and no object struck,2,Monday,174,OUT OF CONTROL ON CARRIAGEWAY (ON STRAIGHT),1,38051,1,0,1,0,0,1,2,1,Cross intersection,2,60,Arterial Other,50-59,Serious injury,Bicyclists
T20120028988,12/28/2012,14:30:00,1,Collision with vehicle,6,Friday,137,LEFT TURN SIDESWIPE,1,239030,2,0,0,1,1,2,2,2,T intersection,3,80,Arterial Highway,30-39,Other injury,Bicyclists
T20120028989,12/28/2012,16:30:00,1,Collision with vehicle,6,Friday,148,VEHICLE OFF FOOTPATH STRIKES VEH ON CARRIAGEWAY,1,256951,2,0,0,1,1,2,1,5,Not at intersection,3,50,Local Road,45424,Other injury,Bicyclists
T20120029016,12/28/2012,12:00:00,1,Collision with vehicle,6,Friday,163,VEHICLE STRIKES DOOR OF PARKED/STATIONARY VEHICLE,1,257177,2,0,1,0,1,2,2,5,Not at intersection,2,60,Local Road,50-59,Serious injury,Bicyclists
T20120029066,12/30/2012,9:13:00,1,Collision with vehicle,1,Sunday,113,RIGHT NEAR (INTERSECTIONS ONLY),1,36126,2,0,1,0,1,2,1,2,T intersection,2,50,Arterial Other,65-69,Serious injury,Bicyclists
T20120029068,12/30/2012,10:20:00,1,Collision with vehicle,1,Sunday,130,REAR END(VEHICLES IN SAME LANE),1,257046,2,0,0,1,1,2,1,5,Not at intersection,3,80,Arterial Other,60-64,Other injury,Bicyclists
T20120029071,12/30/2012,11:25:00,1,Collision with vehicle,1,Sunday,113,RIGHT NEAR (INTERSECTIONS ONLY),1,47426,2,0,1,0,1,2,1,1,Cross intersection,2,50,Arterial Highway,70+,Serious injury,Bicyclists
T20120029076,12/30/2012,8:55:00,1,Collision with vehicle,1,Sunday,110,CROSS TRAFFIC(INTERSECTIONS ONLY),1,44593,2,0,0,1,1,2,1,1,Cross intersection,3,60,Arterial Other,30-39,Other injury,Bicyclists
T20120029082,12/30/2012,9:00:00,1,Collision with vehicle,1,Sunday,148,VEHICLE OFF FOOTPATH STRIKES VEH ON CARRIAGEWAY,1,221931,2,0,0,1,1,2,2,4,Multiple intersection,3,60,Freeway,40-49,Other injury,Bicyclists
T20120029121,12/31/2012,9:45:00,1,Collision with vehicle,2,Monday,113,RIGHT NEAR (INTERSECTIONS ONLY),1,15483,2,0,0,2,0,2,1,1,Cross intersection,3,60,Local Road,30-39,Other injury,Bicyclists
T20120029124,9/12/2012,17:15:00,1,Collision with vehicle,4,Wednesday,137,LEFT TURN SIDESWIPE,2,66404,2,0,1,0,1,2,2,2,T intersection,2,999,Arterial Other,22-25,Serious injury,Bicyclists
T20120029127,12/31/2012,10:55:00,8,No collision and no object struck,2,Monday,174,OUT OF CONTROL ON CARRIAGEWAY (ON STRAIGHT),1,274413,1,0,0,1,0,1,1,5,Not at intersection,3,80,Arterial Highway,30-39,Other injury,Bicyclists
T20120029130,12/31/2012,11:25:00,1,Collision with vehicle,2,Monday,121,RIGHT THROUGH,1,35355,2,0,1,1,0,2,1,1,Cross intersection,2,40,Local Road,30-39,Serious injury,Bicyclists
T20120029144,11/25/2012,8:00:00,1,Collision with vehicle,1,Sunday,160,VEHICLE COLLIDES WITH VEHICLE PARKED ON LEFT OF ROAD,1,36926,2,0,0,1,0,1,2,2,T intersection,3,60,Arterial Highway,50-59,Other injury,Bicyclists
T20120029146,12/31/2012,17:17:00,1,Collision with vehicle,2,Monday,133,LANE SIDE SWIPE (VEHICLES IN PARALLEL LANES),1,274409,2,0,0,1,1,2,1,5,Not at intersection,3,60,Uknown,18-21,Other injury,Bicyclists
T20120029156,12/31/2012,16:00:00,1,Collision with vehicle,2,Monday,147,VEHICLE STRIKES ANOTHER VEH WHILE EMERGING FROM DRIVEWAY,1,45145,2,0,0,1,1,2,2,2,T intersection,3,60,Arterial Other,13-15,Other injury,Bicyclists
T20130000030,1/1/2013,13:55:00,1,Collision with vehicle,3,Tuesday,153,CUTTING IN (OVERTAKING),1,267800,2,0,1,0,2,3,1,5,Not at intersection,2,40,Local Road,50-59,Serious injury,Bicyclists
T20130000069,1/1/2013,16:30:00,1,Collision with vehicle,3,Tuesday,130,REAR END(VEHICLES IN SAME LANE),1,248719,2,0,1,0,1,2,1,1,Cross intersection,2,999,Arterial Highway,30-39,Serious injury,Bicyclists
T20130000110,1/2/2013,17:00:00,1,Collision with vehicle,4,Wednesday,148,VEHICLE OFF FOOTPATH STRIKES VEH ON CARRIAGEWAY,1,44365,2,0,0,1,1,2,1,1,Cross intersection,3,70,Arterial Other,30-39,Other injury,Bicyclists
T20130000115,1/2/2013,18:30:00,1,Collision with vehicle,4,Wednesday,147,VEHICLE STRIKES ANOTHER VEH WHILE EMERGING FROM DRIVEWAY,1,257227,2,0,0,1,1,2,2,2,T intersection,3,888,Local Road,13-15,Other injury,Bicyclists
T20130000127,10/31/2012,20:00:00,1,Collision with vehicle,4,Wednesday,121,RIGHT THROUGH,2,256327,2,0,0,1,1,2,1,5,Not at intersection,3,60,Local Road,30-39,Other injury,Bicyclists
T20130000134,1/3/2013,10:20:00,6,Vehicle overturned (no collision),5,Thursday,174,OUT OF CONTROL ON CARRIAGEWAY (ON STRAIGHT),1,257226,1,0,0,1,0,1,1,5,Not at intersection,3,60,Arterial Other,26-29,Other injury,Bicyclists
T20130000138,6/14/2012,17:50:00,1,Collision with vehicle,5,Thursday,119,OTHER ADJACENT (INTERSECTIONS ONLY),1,47952,2,0,1,0,1,2,2,2,T intersection,2,60,Arterial Other,30-39,Serious injury,Bicyclists
T20130000139,10/27/2012,16:00:00,1,Collision with vehicle,7,Saturday,116,LEFT NEAR (INTERSECTIONS ONLY),1,49701,2,0,0,1,1,2,2,2,T intersection,3,60,Arterial Other,26-29,Other injury,Bicyclists
T20130000160,12/31/2012,8:00:00,1,Collision with vehicle,2,Monday,137,LEFT TURN SIDESWIPE,1,880,2,0,0,1,1,2,2,2,T intersection,3,999,Arterial Highway,40-49,Other injury,Bicyclists
T20130000188,1/3/2013,23:15:00,1,Collision with vehicle,5,Thursday,110,CROSS TRAFFIC(INTERSECTIONS ONLY),3,52364,2,0,0,1,1,2,1,1,Cross intersection,3,70,Arterial Highway,30-39,Other injury,Bicyclists
T20130000228,8/31/2012,10:00:00,8,No collision and no object struck,6,Friday,174,OUT OF CONTROL ON CARRIAGEWAY (ON STRAIGHT),1,267827,1,0,0,1,0,1,2,5,Not at intersection,3,80,Uknown,50-59,Other injury,Bicyclists
T20130000245,12/18/2012,21:30:00,8,No collision and no object struck,3,Tuesday,174,OUT OF CONTROL ON CARRIAGEWAY (ON STRAIGHT),3,29441,2,0,0,1,1,2,2,1,Cross intersection,3,40,Arterial Other,26-29,Other injury,Bicyclists
T20130000274,1/5/2013,7:27:00,1,Collision with vehicle,7,Saturday,140,U TURN,1,224144,2,0,1,0,1,2,1,2,T intersection,2,60,Arterial Highway,50-59,Serious injury,Bicyclists
T20130000285,1/5/2013,13:00:00,1,Collision with vehicle,7,Saturday,163,VEHICLE STRIKES DOOR OF PARKED/STATIONARY VEHICLE,1,239584,2,0,0,1,2,3,1,5,Not at intersection,3,60,Local Road,40-49,Other injury,Bicyclists