ACCIDENT_NO,ACCIDENT_DATE,ACCIDENT_TIME,ACCIDENT_TYPE,ACCIDENT_TYPE_DESC,DAY_OF_WEEK,DAY_WEEK_DESC,DCA_CODE,DCA_DESC,LIGHT_CONDITION,NODE_ID,NO_OF_VEHICLES,NO_PERSONS_KILLED,NO_PERSONS_INJ_2,NO_PERSONS_INJ_3,NO_PERSONS_NOT_INJ,NO_PERSONS,POLICE_ATTEND,ROAD_GEOMETRY,ROAD_GEOMETRY_DESC,SEVERITY,SPEED_ZONE,RMA,AGE_GROUP,INJ_LEVEL,ROAD_USER_TYPE_DESC
T20130000292,1/5/2013,8:30:00,1,Collision with vehicle,7,Saturday,134,LANE CHANGE RIGHT (NOT OVERTAKING),1,1232,2,0,0,2,0,2,2,1,Cross intersection,3,60,Arterial Other,50-59,Other injury,Bicyclists
T20130000295,1/5/2013,12:30:00,1,Collision with vehicle,7,Saturday,143,ENTERING PARKING,1,267833,2,0,0,1,1,2,2,1,Cross intersection,3,40,Uknown,40-49,Other injury,Bicyclists
T20130000336,1/6/2013,14:15:00,1,Collision with vehicle,1,Sunday,147,VEHICLE STRIKES ANOTHER VEH WHILE EMERGING FROM DRIVEWAY,1,257191,2,0,0,1,4,5,1,5,Not at intersection,3,50,Local Road,18-21,Other injury,Bicyclists
T20130000403,1/7/2013,13:10:00,1,Collision with vehicle,2,Monday,148,VEHICLE OFF FOOTPATH STRIKES VEH ON CARRIAGEWAY,1,73651,2,0,1,0,5,6,1,2,T intersection,2,50,Local Road,13-15,Serious injury,Bicyclists
T20130000421,1/7/2013,18:10:00,1,Collision with vehicle,2,Monday,137,LEFT TURN SIDESWIPE,1,261107,2,0,0,1,2,3,1,2,T intersection,3,50,Local Road,40-49,Other injury,Bicyclists
T20130000444,1/7/2013,21:00:00,8,No collision and no object struck,2,Monday,174,OUT OF CONTROL ON CARRIAGEWAY (ON STRAIGHT),2,267847,2,0,0,1,1,2,2,5,Not at intersection,3,60,Arterial Other,60-64,Other injury,Bicyclists
T20130000451,1/8/2013,8:00:00,1,Collision with vehicle,3,Tuesday,130,REAR END(VEHICLES IN SAME LANE),1,267848,2,0,0,1,1,2,1,5,Not at intersection,3,60,Arterial Other,30-39,Other injury,Bicyclists
T20130000495,1/8/2013,18:20:00,1,Collision with vehicle,3,Tuesday,133,LANE SIDE SWIPE (VEHICLES IN PARALLEL LANES),1,29387,2,0,0,1,1,2,2,1,Cross intersection,3,60,Arterial Other,30-39,Other injury,Bicyclists
T20130000500,1/8/2013,18:30:00,1,Collision with vehicle,3,Tuesday,116,LEFT NEAR (INTERSECTIONS ONLY),1,41179,2,0,0,1,1,2,2,1,Cross intersection,3,50,Arterial Other,26-29,Other injury,Bicyclists
T20130000519,1/9/2013,7:00:00,1,Collision with vehicle,4,Wednesday,116,LEFT NEAR (INTERSECTIONS ONLY),1,270,2,0,0,1,1,2,2,2,T intersection,3,60,Uknown,40-49,Other injury,Bicyclists
T20130000543,1/5/2013,12:15:00,1,Collision with vehicle,7,Saturday,163,VEHICLE STRIKES DOOR OF PARKED/STATIONARY VEHICLE,1,37678,2,0,0,1,1,2,2,2,T intersection,3,60,Local Road,30-39,Other injury,Bicyclists
T20130000553,1/9/2013,14:52:00,1,Collision with vehicle,4,Wednesday,110,CROSS TRAFFIC(INTERSECTIONS ONLY),1,257212,2,0,1,0,1,2,1,1,Cross intersection,2,50,Local Road,50-59,Serious injury,Bicyclists
T20130000559,1/2/2013,9:05:00,1,Collision with vehicle,4,Wednesday,163,VEHICLE STRIKES DOOR OF PARKED/STATIONARY VEHICLE,1,230454,2,0,0,1,1,2,2,2,T intersection,3,60,Arterial Other,40-49,Other injury,Bicyclists
T20130000562,1/9/2013,18:00:00,1,Collision with vehicle,4,Wednesday,163,VEHICLE STRIKES DOOR OF PARKED/STATIONARY VEHICLE,1,233864,2,0,0,1,2,3,1,5,Not at intersection,3,40,Local Road,26-29,Other injury,Bicyclists
T20130000581,5/30/2012,15:20:00,1,Collision with vehicle,4,Wednesday,110,CROSS TRAFFIC(INTERSECTIONS ONLY),9,35976,2,0,0,1,1,2,2,1,Cross intersection,3,50,Arterial Other,40-49,Other injury,Bicyclists
T20130000591,1/10/2013,8:25:00,1,Collision with vehicle,5,Thursday,137,LEFT TURN SIDESWIPE,1,37705,2,0,0,1,2,3,1,1,Cross intersection,3,50,Arterial Other,30-39,Other injury,Bicyclists
T20130000600,1/8/2013,18:14:00,1,Collision with vehicle,3,Tuesday,131,LEFT REAR,1,257252,2,0,0,1,1,2,2,5,Not at intersection,3,80,Uknown,40-49,Other injury,Bicyclists
T20130000639,1/10/2013,17:38:00,1,Collision with vehicle,5,Thursday,116,LEFT NEAR (INTERSECTIONS ONLY),1,22537,2,0,0,1,1,2,1,2,T intersection,3,50,Arterial Other,40-49,Other injury,Bicyclists
T20130000671,1/11/2013,9:25:00,1,Collision with vehicle,6,Friday,113,RIGHT NEAR (INTERSECTIONS ONLY),1,55408,2,0,0,1,1,2,1,1,Cross intersection,3,60,Local Road,70+,Other injury,Bicyclists
T20130000674,1/11/2013,9:00:00,1,Collision with vehicle,6,Friday,160,VEHICLE COLLIDES WITH VEHICLE PARKED ON LEFT OF ROAD,1,81767,3,0,1,0,1,2,1,5,Not at intersection,2,40,Local Road,50-59,Serious injury,Bicyclists
T20130000682,1/11/2013,9:30:00,1,Collision with vehicle,6,Friday,163,VEHICLE STRIKES DOOR OF PARKED/STATIONARY VEHICLE,1,44489,2,0,0,1,1,2,2,1,Cross intersection,3,60,Arterial Highway,18-21,Other injury,Bicyclists
T20130000712,12/29/2012,12:00:00,1,Collision with vehicle,7,Saturday,120,HEAD ON (NOT OVERTAKING),1,267880,2,0,0,1,1,2,2,5,Not at intersection,3,70,Arterial Other,30-39,Other injury,Bicyclists
T20130000731,1/10/2013,19:30:00,1,Collision with vehicle,5,Thursday,142,LEAVING PARKING,2,68279,2,0,0,1,1,2,2,1,Cross intersection,3,50,Local Road,16-17,Other injury,Bicyclists
T20130000734,1/12/2013,8:10:00,1,Collision with vehicle,7,Saturday,113,RIGHT NEAR (INTERSECTIONS ONLY),1,15453,2,0,1,0,1,2,1,1,Cross intersection,2,100,Arterial Other,50-59,Serious injury,Bicyclists
T20130000743,1/12/2013,11:00:00,2,Struck Pedestrian,7,Saturday,108,PED STRUCK WALKING TO/FROM OR BOARDING/ALIGHTING VEHICLE.,1,35986,3,0,0,2,2,4,2,1,Cross intersection,3,60,Local Road,40-49,Other injury,Bicyclists
T20130000808,1/13/2013,16:45:00,1,Collision with vehicle,1,Sunday,148,VEHICLE OFF FOOTPATH STRIKES VEH ON CARRIAGEWAY,1,29729,2,0,0,1,1,2,1,2,T intersection,3,60,Arterial Highway,30-39,Other injury,Bicyclists
T20130000811,12/30/2012,18:08:00,8,No collision and no object struck,1,Sunday,174,OUT OF CONTROL ON CARRIAGEWAY (ON STRAIGHT),1,274404,1,0,1,0,0,1,2,2,T intersection,2,999,Local Road,22-25,Serious injury,Bicyclists
T20130000815,1/12/2013,11:15:00,8,No collision and no object struck,7,Saturday,174,OUT OF CONTROL ON CARRIAGEWAY (ON STRAIGHT),1,233342,2,0,0,1,1,2,2,1,Cross intersection,3,40,Local Road,30-39,Other injury,Bicyclists
T20130000835,1/10/2013,9:00:00,1,Collision with vehicle,5,Thursday,147,VEHICLE STRIKES ANOTHER VEH WHILE EMERGING FROM DRIVEWAY,1,257334,2,0,1,0,1,2,2,5,Not at intersection,2,888,Arterial Other,30-39,Serious injury,Bicyclists
T20130000900,1/7/2013,12:00:00,1,Collision with vehicle,2,Monday,113,RIGHT NEAR (INTERSECTIONS ONLY),1,35666,2,0,0,1,1,2,2,2,T intersection,3,70,Uknown,60-64,Other injury,Bicyclists
T20130000916,1/15/2013,9:25:00,1,Collision with vehicle,3,Tuesday,121,RIGHT THROUGH,1,62714,3,0,0,1,3,4,1,2,T intersection,3,50,Uknown,40-49,Other injury,Bicyclists
T20130000930,1/15/2013,7:30:00,1,Collision with vehicle,3,Tuesday,110,CROSS TRAFFIC(INTERSECTIONS ONLY),1,43831,2,0,0,1,1,2,1,1,Cross intersection,3,60,Local Road,50-59,Other injury,Bicyclists
T20130000933,1/15/2013,11:05:00,1,Collision with vehicle,3,Tuesday,110,CROSS TRAFFIC(INTERSECTIONS ONLY),1,57485,2,0,1,0,1,2,1,1,Cross intersection,2,50,Local Road,30-39,Serious injury,Bicyclists
T20130000951,1/15/2013,17:25:00,1,Collision with vehicle,3,Tuesday,143,ENTERING PARKING,1,257555,2,0,0,1,2,3,1,5,Not at intersection,3,40,Local Road,30-39,Other injury,Bicyclists
T20130000977,1/15/2013,16:00:00,1,Collision with vehicle,3,Tuesday,132,RIGHT REAR.,1,259979,2,0,0,1,1,2,2,2,T intersection,3,60,Local Road,18-21,Other injury,Bicyclists
T20130000987,1/16/2013,6:00:00,1,Collision with vehicle,4,Wednesday,116,LEFT NEAR (INTERSECTIONS ONLY),2,59875,2,0,0,1,1,2,1,2,T intersection,3,60,Local Road,70+,Other injury,Bicyclists
T20130000988,1/16/2013,7:10:00,1,Collision with vehicle,4,Wednesday,110,CROSS TRAFFIC(INTERSECTIONS ONLY),1,35459,2,0,0,1,1,2,1,1,Cross intersection,3,60,Arterial Other,60-64,Other injury,Bicyclists
T20130000989,12/31/2012,12:00:00,1,Collision with vehicle,2,Monday,160,VEHICLE COLLIDES WITH VEHICLE PARKED ON LEFT OF ROAD,1,274410,2,0,1,0,1,2,2,5,Not at intersection,2,60,Arterial Other,Unknown,Serious injury,Bicyclists
T20130000993,1/16/2013,7:50:00,1,Collision with vehicle,4,Wednesday,148,VEHICLE OFF FOOTPATH STRIKES VEH ON CARRIAGEWAY,1,38779,2,0,1,1,0,2,1,1,Cross intersection,2,50,Arterial Highway,30-39,Serious injury,Bicyclists
T20130000997,1/15/2013,21:10:00,1,Collision with vehicle,3,Tuesday,140,U TURN,3,42233,2,0,0,1,1,2,1,2,T intersection,3,60,Arterial Other,40-49,Other injury,Bicyclists
T20130001000,1/16/2013,7:35:00,1,Collision with vehicle,4,Wednesday,121,RIGHT THROUGH,1,257794,2,0,0,1,1,2,1,2,T intersection,3,40,Local Road,30-39,Other injury,Bicyclists
T20130001003,12/26/2012,13:15:00,1,Collision with vehicle,4,Wednesday,163,VEHICLE STRIKES DOOR OF PARKED/STATIONARY VEHICLE,1,257164,2,0,0,1,1,2,2,5,Not at intersection,3,40,Local Road,30-39,Other injury,Bicyclists
T20130001029,1/16/2013,12:05:00,8,No collision and no object struck,4,Wednesday,174,OUT OF CONTROL ON CARRIAGEWAY (ON STRAIGHT),1,257795,2,0,0,1,1,2,1,5,Not at intersection,3,60,Arterial Highway,40-49,Other injury,Bicyclists
T20130001039,1/16/2013,17:15:00,1,Collision with vehicle,4,Wednesday,137,LEFT TURN SIDESWIPE,1,267919,3,0,1,0,1,2,1,5,Not at intersection,2,70,Arterial Other,30-39,Serious injury,Bicyclists
T20130001062,1/17/2013,7:05:00,1,Collision with vehicle,5,Thursday,116,LEFT NEAR (INTERSECTIONS ONLY),1,42240,2,0,1,1,0,2,1,1,Cross intersection,2,70,Arterial Other,22-25,Serious injury,Bicyclists
T20130001066,1/17/2013,7:48:00,1,Collision with vehicle,5,Thursday,121,RIGHT THROUGH,1,267924,3,0,2,0,1,3,1,5,Not at intersection,2,50,Arterial Other,30-39,Serious injury,Bicyclists
T20130001068,1/16/2013,15:05:00,1,Collision with vehicle,4,Wednesday,131,LEFT REAR,1,1114,2,0,1,0,1,2,1,2,T intersection,2,60,Arterial Highway,50-59,Serious injury,Bicyclists
T20130001114,1/17/2013,18:37:00,1,Collision with vehicle,5,Thursday,135,LANE CHANGE LEFT (NOT OVERTAKING),1,257301,2,0,0,2,0,2,1,1,Cross intersection,3,60,Arterial Other,30-39,Other injury,Bicyclists
T20130001144,1/17/2013,18:10:00,1,Collision with vehicle,5,Thursday,110,CROSS TRAFFIC(INTERSECTIONS ONLY),1,37041,2,0,0,2,0,2,1,1,Cross intersection,3,50,Local Road,30-39,Other injury,Bicyclists
T20130001155,1/17/2013,8:40:00,1,Collision with vehicle,4,Thursday,135,LANE CHANGE LEFT (NOT OVERTAKING),1,258507,2,0,0,1,1,2,2,2,T intersection,3,999,Local Road,40-49,Other injury,Bicyclists
T20130001164,1/18/2013,16:30:00,1,Collision with vehicle,6,Friday,163,VEHICLE STRIKES DOOR OF PARKED/STATIONARY VEHICLE,1,230630,2,0,0,1,2,3,2,2,T intersection,3,40,Arterial Other,22-25,Other injury,Bicyclists
T20130001207,1/19/2013,7:25:00,1,Collision with vehicle,7,Saturday,120,HEAD ON (NOT OVERTAKING),1,257300,2,0,1,0,2,3,1,2,T intersection,2,60,Arterial Other,40-49,Serious injury,Bicyclists
T20130001248,1/19/2013,18:45:00,1,Collision with vehicle,7,Saturday,143,ENTERING PARKING,1,267941,2,0,0,1,1,2,2,5,Not at intersection,3,50,Arterial Other,30-39,Other injury,Bicyclists
T20130001292,1/20/2013,6:37:00,1,Collision with vehicle,1,Sunday,120,HEAD ON (NOT OVERTAKING),2,267950,2,0,0,2,0,2,1,5,Not at intersection,3,80,Arterial Other,40-49,Other injury,Bicyclists
T20130001309,1/8/2013,16:25:00,1,Collision with vehicle,3,Tuesday,147,VEHICLE STRIKES ANOTHER VEH WHILE EMERGING FROM DRIVEWAY,1,72663,2,0,0,1,1,2,2,2,T intersection,3,60,Local Road,50-59,Other injury,Bicyclists
T20130001336,1/21/2013,8:51:00,1,Collision with vehicle,2,Monday,140,U TURN,1,217675,2,0,0,1,1,2,1,5,Not at intersection,3,40,Local Road,26-29,Other injury,Bicyclists
T20130001340,1/21/2013,9:55:00,1,Collision with vehicle,2,Monday,130,REAR END(VEHICLES IN SAME LANE),1,258007,2,0,0,1,1,2,1,5,Not at intersection,3,50,Local Road,30-39,Other injury,Bicyclists
T20130001355,1/21/2013,14:35:00,1,Collision with vehicle,1,Monday,130,REAR END(VEHICLES IN SAME LANE),1,38699,2,0,1,0,2,3,1,1,Cross intersection,2,60,Arterial Other,30-39,Not injured,Bicyclists
T20130001360,1/21/2013,14:05:00,1,Collision with vehicle,2,Monday,121,RIGHT THROUGH,1,43311,2,0,1,0,1,2,1,2,T intersection,2,60,Arterial Highway,30-39,Serious injury,Bicyclists
T20130001378,1/9/2013,8:50:00,1,Collision with vehicle,4,Wednesday,114,TWO RIGHT TURNING (INTERSECTIONS ONLY),1,257696,2,0,0,1,1,2,2,2,T intersection,3,50,Local Road,60-64,Other injury,Bicyclists
T20130001385,1/21/2013,17:45:00,1,Collision with vehicle,2,Monday,137,LEFT TURN SIDESWIPE,1,24985,2,0,0,2,0,2,1,2,T intersection,3,60,Arterial Highway,50-59,Other injury,Bicyclists
T20130001387,10/24/2012,19:30:00,1,Collision with vehicle,4,Wednesday,149,OTHER MANOEUVRING NOT INCLUDED IN DCAs 140-148,2,38534,2,0,0,2,0,2,2,1,Cross intersection,3,999,Arterial Other,13-15,Other injury,Bicyclists
T20130001423,1/22/2013,7:00:00,1,Collision with vehicle,3,Tuesday,131,LEFT REAR,1,41242,2,0,1,0,1,2,1,2,T intersection,2,70,Arterial Highway,70+,Serious injury,Bicyclists
T20130001428,1/9/2013,9:50:00,1,Collision with vehicle,4,Wednesday,133,LANE SIDE SWIPE (VEHICLES IN PARALLEL LANES),9,257511,2,0,0,1,1,2,2,5,Not at intersection,3,999,Arterial Other,18-21,Other injury,Bicyclists
T20130001450,1/22/2013,17:30:00,8,No collision and no object struck,3,Tuesday,199,UNKNOWN-NO DETAILS ON MANOEUVRES OF ROAD-USERS IN ACCIDENT,1,258511,1,0,0,1,0,1,1,5,Not at intersection,3,30,Local Road,26-29,Other injury,Bicyclists
T20130001453,1/11/2013,8:00:00,1,Collision with vehicle,6,Friday,163,VEHICLE STRIKES DOOR OF PARKED/STATIONARY VEHICLE,1,257505,2,0,1,0,1,2,2,5,Not at intersection,2,999,Local Road,50-59,Serious injury,Bicyclists
T20130001462,1/22/2013,17:50:00,1,Collision with vehicle,3,Tuesday,121,RIGHT THROUGH,1,35382,2,0,1,0,1,2,1,2,T intersection,2,60,Arterial Other,22-25,Serious injury,Bicyclists
T20130001470,12/9/2012,14:30:00,1,Collision with vehicle,1,Sunday,110,CROSS TRAFFIC(INTERSECTIONS ONLY),1,57470,2,0,0,1,1,2,2,1,Cross intersection,3,999,Local Road,40-49,Other injury,Bicyclists
T20130001478,1/18/2013,8:25:00,1,Collision with vehicle,6,Friday,147,VEHICLE STRIKES ANOTHER VEH WHILE EMERGING FROM DRIVEWAY,1,267967,2,0,0,1,1,2,2,5,Not at intersection,3,50,Arterial Highway,26-29,Other injury,Bicyclists
T20130001529,1/20/2013,7:35:00,1,Collision with vehicle,1,Sunday,121,RIGHT THROUGH,1,261767,2,0,0,1,1,2,2,2,T intersection,3,60,Local Road,50-59,Other injury,Bicyclists
T20130001531,1/22/2013,17:17:00,1,Collision with vehicle,3,Tuesday,134,LANE CHANGE RIGHT (NOT OVERTAKING),1,29736,2,0,1,0,1,2,1,2,T intersection,2,60,Arterial Highway,50-59,Serious injury,Bicyclists
T20130001535,9/25/2012,7:45:00,1,Collision with vehicle,3,Tuesday,133,LANE SIDE SWIPE (VEHICLES IN PARALLEL LANES),1,57445,2,0,0,1,1,2,2,2,T intersection,3,60,Local Road,40-49,Other injury,Bicyclists
T20130001543,1/23/2013,19:00:00,1,Collision with vehicle,4,Wednesday,110,CROSS TRAFFIC(INTERSECTIONS ONLY),1,37219,2,0,1,0,1,2,1,1,Cross intersection,2,50,Arterial Other,30-39,Serious injury,Bicyclists
T20130001559,1/24/2013,11:20:00,8,No collision and no object struck,5,Thursday,174,OUT OF CONTROL ON CARRIAGEWAY (ON STRAIGHT),1,257542,1,0,1,0,0,1,1,5,Not at intersection,2,40,Local Road,60-64,Serious injury,Bicyclists
T20130001579,1/24/2013,8:30:00,1,Collision with vehicle,5,Thursday,121,RIGHT THROUGH,1,37735,2,0,0,2,0,2,1,2,T intersection,3,60,Arterial Other,22-25,Other injury,Bicyclists
T20130001612,1/24/2013,20:50:00,1,Collision with vehicle,5,Thursday,121,RIGHT THROUGH,2,257549,2,0,0,1,1,2,1,5,Not at intersection,3,50,Local Road,18-21,Other injury,Bicyclists
T20130001641,1/25/2013,9:00:00,1,Collision with vehicle,6,Friday,147,VEHICLE STRIKES ANOTHER VEH WHILE EMERGING FROM DRIVEWAY,1,267975,2,0,0,1,1,2,2,5,Not at intersection,3,999,Arterial Other,26-29,Other injury,Bicyclists
T20130001644,1/25/2013,9:40:00,8,No collision and no object struck,6,Friday,174,OUT OF CONTROL ON CARRIAGEWAY (ON STRAIGHT),1,257526,2,0,0,1,1,2,1,5,Not at intersection,3,60,Local Road,40-49,Other injury,Bicyclists
T20130001666,11/10/2012,11:30:00,1,Collision with vehicle,7,Saturday,147,VEHICLE STRIKES ANOTHER VEH WHILE EMERGING FROM DRIVEWAY,1,258234,2,0,0,1,1,2,2,5,Not at intersection,3,50,Local Road,45424,Other injury,Bicyclists
T20130001679,1/22/2013,13:26:00,1,Collision with vehicle,3,Tuesday,133,LANE SIDE SWIPE (VEHICLES IN PARALLEL LANES),1,267980,2,0,0,1,1,2,1,5,Not at intersection,3,60,Arterial Highway,18-21,Other injury,Bicyclists
T20130001724,1/26/2013,3:10:00,1,Collision with vehicle,7,Saturday,135,LANE CHANGE LEFT (NOT OVERTAKING),3,258121,2,0,1,0,1,2,1,5,Not at intersection,2,60,Local Road,30-39,Serious injury,Bicyclists
T20130001759,1/26/2013,12:20:00,1,Collision with vehicle,7,Saturday,153,CUTTING IN (OVERTAKING),1,257677,2,0,0,1,1,2,2,5,Not at intersection,3,80,Arterial Other,50-59,Other injury,Bicyclists
T20130001819,12/18/2012,17:30:00,8,No collision and no object struck,3,Tuesday,174,OUT OF CONTROL ON CARRIAGEWAY (ON STRAIGHT),1,257824,2,0,0,1,1,2,2,5,Not at intersection,3,60,Arterial Other,30-39,Other injury,Bicyclists
T20130001828,1/27/2013,15:31:00,8,No collision and no object struck,1,Sunday,174,OUT OF CONTROL ON CARRIAGEWAY (ON STRAIGHT),1,267995,1,0,1,0,0,1,1,5,Not at intersection,2,80,Arterial Highway,50-59,Serious injury,Bicyclists
T20130001836,1/27/2013,19:25:00,1,Collision with vehicle,1,Sunday,110,CROSS TRAFFIC(INTERSECTIONS ONLY),1,230894,2,0,0,1,1,2,1,1,Cross intersection,3,50,Local Road,30-39,Other injury,Bicyclists
T20130001864,1/28/2013,7:35:00,1,Collision with vehicle,2,Monday,121,RIGHT THROUGH,1,51396,2,0,1,0,1,2,1,1,Cross intersection,2,50,Local Road,65-69,Serious injury,Bicyclists
T20130001867,1/28/2013,8:40:00,1,Collision with vehicle,2,Monday,120,HEAD ON (NOT OVERTAKING),1,268000,2,0,1,0,1,2,1,5,Not at intersection,2,60,Arterial Other,30-39,Serious injury,Bicyclists
T20130001869,1/27/2013,12:00:00,1,Collision with vehicle,1,Sunday,163,VEHICLE STRIKES DOOR OF PARKED/STATIONARY VEHICLE,1,268001,2,0,1,0,1,2,2,5,Not at intersection,2,40,Local Road,30-39,Serious injury,Bicyclists
T20130001874,1/28/2013,12:27:00,1,Collision with vehicle,2,Monday,121,RIGHT THROUGH,1,65003,2,0,0,1,1,2,1,1,Cross intersection,3,40,Arterial Highway,30-39,Other injury,Bicyclists
T20130001881,1/27/2013,17:00:00,1,Collision with vehicle,1,Sunday,130,REAR END(VEHICLES IN SAME LANE),1,258019,2,0,0,1,1,2,2,5,Not at intersection,3,40,Arterial Other,26-29,Other injury,Bicyclists
T20130001942,1/28/2013,18:40:00,1,Collision with vehicle,2,Monday,110,CROSS TRAFFIC(INTERSECTIONS ONLY),1,50368,2,0,0,1,1,2,2,1,Cross intersection,3,50,Uknown,22-25,Other injury,Bicyclists
T20130001959,1/25/2013,21:30:00,8,No collision and no object struck,6,Friday,174,OUT OF CONTROL ON CARRIAGEWAY (ON STRAIGHT),6,257673,2,0,0,1,1,2,2,5,Not at intersection,3,999,Uknown,50-59,Other injury,Bicyclists
T20130002002,1/29/2013,17:20:00,1,Collision with vehicle,3,Tuesday,110,CROSS TRAFFIC(INTERSECTIONS ONLY),1,36353,2,0,0,1,1,2,1,1,Cross intersection,3,50,Local Road,30-39,Other injury,Bicyclists
T20130002004,1/29/2013,17:45:00,1,Collision with vehicle,3,Tuesday,143,ENTERING PARKING,1,257573,2,0,1,0,1,2,1,5,Not at intersection,2,60,Local Road,26-29,Serious injury,Bicyclists
T20130002023,12/19/2012,20:00:00,8,No collision and no object struck,4,Wednesday,174,OUT OF CONTROL ON CARRIAGEWAY (ON STRAIGHT),1,258399,1,0,0,1,0,1,2,5,Not at intersection,3,999,Arterial Other,30-39,Other injury,Bicyclists
T20130002030,1/11/2013,18:00:00,8,No collision and no object struck,6,Friday,174,OUT OF CONTROL ON CARRIAGEWAY (ON STRAIGHT),1,38901,1,0,0,1,0,1,2,2,T intersection,3,999,Arterial Other,40-49,Other injury,Bicyclists
T20130002033,1/29/2013,19:00:00,1,Collision with vehicle,3,Tuesday,148,VEHICLE OFF FOOTPATH STRIKES VEH ON CARRIAGEWAY,1,41819,2,0,0,1,1,2,2,2,T intersection,3,50,Arterial Other,40-49,Other injury,Bicyclists
T20130002051,1/30/2013,13:35:00,1,Collision with vehicle,4,Wednesday,163,VEHICLE STRIKES DOOR OF PARKED/STATIONARY VEHICLE,1,90850,3,0,1,0,2,3,1,5,Not at intersection,2,40,Local Road,26-29,Serious injury,Bicyclists
T20130002062,5/8/2012,14:00:00,1,Collision with vehicle,3,Tuesday,133,LANE SIDE SWIPE (VEHICLES IN PARALLEL LANES),1,35379,2,0,0,1,1,2,2,2,T intersection,3,70,Arterial Highway,30-39,Other injury,Bicyclists
T20130002096,1/30/2013,10:45:00,1,Collision with vehicle,4,Wednesday,121,RIGHT THROUGH,1,15455,2,0,0,1,1,2,2,2,T intersection,3,80,Arterial Other,50-59,Other injury,Bicyclists
T20130002110,10/10/2012,9:15:00,1,Collision with vehicle,4,Wednesday,110,CROSS TRAFFIC(INTERSECTIONS ONLY),1,57417,2,0,0,1,1,2,2,1,Cross intersection,3,60,Arterial Highway,40-49,Other injury,Bicyclists
T20130002115,1/31/2013,9:10:00,1,Collision with vehicle,5,Thursday,121,RIGHT THROUGH,1,41229,2,0,0,1,1,2,1,1,Cross intersection,3,50,Local Road,60-64,Other injury,Bicyclists
T20130002130,1/29/2013,20:40:00,1,Collision with vehicle,3,Tuesday,147,VEHICLE STRIKES ANOTHER VEH WHILE EMERGING FROM DRIVEWAY,2,2425,2,0,0,1,1,2,2,5,Not at intersection,3,60,Arterial Other,40-49,Other injury,Bicyclists
T20130002149,1/26/2013,12:10:00,1,Collision with vehicle,7,Saturday,137,LEFT TURN SIDESWIPE,1,42686,2,0,0,1,1,2,2,2,T intersection,3,60,Arterial Other,18-21,Other injury,Bicyclists
T20130002253,1/27/2013,11:15:00,1,Collision with vehicle,1,Sunday,133,LANE SIDE SWIPE (VEHICLES IN PARALLEL LANES),1,268038,2,0,0,1,1,2,2,5,Not at intersection,3,80,Uknown,50-59,Other injury,Bicyclists
T20130002277,5/18/2012,20:40:00,1,Collision with vehicle,6,Friday,116,LEFT NEAR (INTERSECTIONS ONLY),6,35351,2,0,0,1,1,2,1,2,T intersection,3,60,Local Road,30-39,Other injury,Bicyclists
T20130002278,1/29/2013,16:45:00,8,No collision and no object struck,3,Tuesday,174,OUT OF CONTROL ON CARRIAGEWAY (ON STRAIGHT),1,73090,1,0,0,1,0,1,2,2,T intersection,3,50,Arterial Other,Unknown,Other injury,Bicyclists
T20130002280,11/29/2012,6:45:00,1,Collision with vehicle,5,Thursday,130,REAR END(VEHICLES IN SAME LANE),1,44816,2,0,0,1,1,2,2,2,T intersection,3,60,Arterial Other,40-49,Other injury,Bicyclists
T20130002281,2/2/2013,8:05:00,1,Collision with vehicle,7,Saturday,116,LEFT NEAR (INTERSECTIONS ONLY),1,51573,2,0,0,1,1,2,1,2,T intersection,3,60,Arterial Other,60-64,Other injury,Bicyclists
T20130002309,2/2/2013,17:30:00,1,Collision with vehicle,7,Saturday,110,CROSS TRAFFIC(INTERSECTIONS ONLY),1,257691,2,0,0,1,1,2,1,1,Cross intersection,3,50,Local Road,16-17,Other injury,Bicyclists
T20130002312,2/2/2013,18:25:00,1,Collision with vehicle,7,Saturday,121,RIGHT THROUGH,1,257865,2,0,0,1,1,2,1,2,T intersection,3,70,Arterial Highway,40-49,Other injury,Bicyclists
T20130002355,2/3/2013,12:56:00,1,Collision with vehicle,1,Sunday,110,CROSS TRAFFIC(INTERSECTIONS ONLY),1,55598,2,0,1,0,2,3,1,1,Cross intersection,2,60,Local Road,60-64,Serious injury,Bicyclists
T20130002360,2/3/2013,11:10:00,1,Collision with vehicle,0,Sunday,133,LANE SIDE SWIPE (VEHICLES IN PARALLEL LANES),1,30939,2,0,0,1,1,2,2,1,Cross intersection,3,50,Arterial Highway,22-25,Other injury,Bicyclists
T20130002363,2/3/2013,10:00:00,1,Collision with vehicle,0,Sunday,133,LANE SIDE SWIPE (VEHICLES IN PARALLEL LANES),1,258422,2,0,0,1,1,2,2,5,Not at intersection,3,100,Local Road,50-59,Other injury,Bicyclists
T20130002384,2/3/2013,16:45:00,1,Collision with vehicle,1,Sunday,110,CROSS TRAFFIC(INTERSECTIONS ONLY),1,223602,2,0,0,1,1,2,1,1,Cross intersection,3,60,Local Road,30-39,Other injury,Bicyclists