ACCIDENT_NO,ACCIDENT_DATE,ACCIDENT_TIME,ACCIDENT_TYPE,ACCIDENT_TYPE_DESC,DAY_OF_WEEK,DAY_WEEK_DESC,DCA_CODE,DCA_DESC,LIGHT_CONDITION,NODE_ID,NO_OF_VEHICLES,NO_PERSONS_KILLED,NO_PERSONS_INJ_2,NO_PERSONS_INJ_3,NO_PERSONS_NOT_INJ,NO_PERSONS,POLICE_ATTEND,ROAD_GEOMETRY,ROAD_GEOMETRY_DESC,SEVERITY,SPEED_ZONE,RMA,AGE_GROUP,INJ_LEVEL,ROAD_USER_TYPE_DESC
T20130002402,1/31/2013,11:00:00,1,Collision with vehicle,5,Thursday,145,REVERSING IN STREAM OF TRAFFIC,1,370,2,0,0,1,1,2,2,1,Cross intersection,3,60,Arterial Highway,26-29,Other injury,Bicyclists
T20130002424,2/2/2013,10:35:00,1,Collision with vehicle,7,Saturday,130,REAR END(VEHICLES IN SAME LANE),1,260558,2,0,1,0,1,2,2,5,Not at intersection,2,50,Local Road,50-59,Serious injury,Bicyclists
T20130002436,12/26/2012,14:00:00,8,No collision and no object struck,4,Wednesday,174,OUT OF CONTROL ON CARRIAGEWAY (ON STRAIGHT),1,274260,2,0,0,1,1,2,2,2,T intersection,3,999,Local Road,50-59,Other injury,Bicyclists
T20130002506,2/5/2013,15:35:00,1,Collision with vehicle,3,Tuesday,116,LEFT NEAR (INTERSECTIONS ONLY),1,260073,2,0,0,1,2,3,1,2,T intersection,3,40,Local Road,18-21,Other injury,Bicyclists
T20130002510,2/5/2013,16:00:00,1,Collision with vehicle,3,Tuesday,163,VEHICLE STRIKES DOOR OF PARKED/STATIONARY VEHICLE,1,258033,2,0,2,0,0,2,1,5,Not at intersection,2,40,Arterial Other,22-25,Serious injury,Bicyclists
T20130002526,2/5/2013,18:40:00,2,Struck Pedestrian,3,Tuesday,100,PED NEAR SIDE. PED HIT BY VEHICLE FROM THE RIGHT.,1,35363,1,0,0,1,1,2,1,1,Cross intersection,3,40,Local Road,30-39,Not injured,Bicyclists
T20130002535,2/5/2013,18:35:00,1,Collision with vehicle,3,Tuesday,121,RIGHT THROUGH,1,36264,2,0,1,0,1,2,1,1,Cross intersection,2,60,Arterial Other,30-39,Serious injury,Bicyclists
T20130002558,2/6/2013,7:10:00,1,Collision with vehicle,4,Wednesday,121,RIGHT THROUGH,1,65689,2,0,1,0,1,2,1,2,T intersection,2,60,Arterial Other,26-29,Serious injury,Bicyclists
T20130002563,2/6/2013,8:15:00,1,Collision with vehicle,4,Wednesday,121,RIGHT THROUGH,1,257868,2,0,0,1,1,2,1,5,Not at intersection,3,40,Arterial Highway,26-29,Other injury,Bicyclists
T20130002566,2/6/2013,7:30:00,2,Struck Pedestrian,4,Wednesday,109,ANY MANOEUVRE INVOLVING PED NOT INCLUDED IN DCAs 100-108.,1,257869,1,0,2,0,0,2,2,5,Not at intersection,2,50,Local Road,22-25,Serious injury,Bicyclists
T20130002580,2/6/2013,11:12:00,1,Collision with vehicle,4,Wednesday,120,HEAD ON (NOT OVERTAKING),1,257950,2,0,0,1,1,2,1,5,Not at intersection,3,999,Uknown,60-64,Other injury,Bicyclists
T20130002617,2/6/2013,18:40:00,1,Collision with vehicle,4,Wednesday,149,OTHER MANOEUVRING NOT INCLUDED IN DCAs 140-148,1,257953,2,0,1,0,1,2,1,5,Not at intersection,2,50,Local Road,30-39,Serious injury,Bicyclists
T20130002632,2/7/2013,9:00:00,1,Collision with vehicle,5,Thursday,137,LEFT TURN SIDESWIPE,1,224068,2,0,1,0,1,2,1,2,T intersection,2,40,Arterial Other,30-39,Serious injury,Bicyclists
T20130002634,2/5/2013,8:30:00,1,Collision with vehicle,3,Tuesday,116,LEFT NEAR (INTERSECTIONS ONLY),1,48192,2,0,1,0,2,3,1,2,T intersection,2,60,Local Road,30-39,Serious injury,Bicyclists
T20130002638,2/7/2013,9:40:00,1,Collision with vehicle,4,Thursday,163,VEHICLE STRIKES DOOR OF PARKED/STATIONARY VEHICLE,1,258038,2,0,0,1,2,3,1,5,Not at intersection,3,60,Arterial Other,50-59,Other injury,Bicyclists
T20130002645,2/6/2013,17:40:00,8,No collision and no object struck,4,Wednesday,174,OUT OF CONTROL ON CARRIAGEWAY (ON STRAIGHT),1,257954,2,0,0,1,1,2,2,2,T intersection,3,60,Local Road,50-59,Other injury,Bicyclists
T20130002659,1/22/2013,9:45:00,8,No collision and no object struck,3,Tuesday,174,OUT OF CONTROL ON CARRIAGEWAY (ON STRAIGHT),1,61676,2,0,0,1,1,2,2,5,Not at intersection,3,999,Local Road,30-39,Other injury,Bicyclists
T20130002669,2/7/2013,6:25:00,1,Collision with vehicle,5,Thursday,110,CROSS TRAFFIC(INTERSECTIONS ONLY),2,50963,2,0,0,1,1,2,2,1,Cross intersection,3,60,Local Road,16-17,Other injury,Bicyclists
T20130002694,1/18/2013,17:00:00,1,Collision with vehicle,6,Friday,147,VEHICLE STRIKES ANOTHER VEH WHILE EMERGING FROM DRIVEWAY,9,271081,2,0,0,1,1,2,2,5,Not at intersection,3,999,Local Road,45424,Other injury,Bicyclists
T20130002695,2/7/2013,18:54:00,1,Collision with vehicle,5,Thursday,163,VEHICLE STRIKES DOOR OF PARKED/STATIONARY VEHICLE,1,258044,2,0,0,1,2,3,1,5,Not at intersection,3,40,Local Road,30-39,Other injury,Bicyclists
T20130002706,2/8/2013,7:00:00,1,Collision with vehicle,6,Friday,121,RIGHT THROUGH,1,37356,2,0,0,1,1,2,1,2,T intersection,3,60,Arterial Other,50-59,Other injury,Bicyclists
T20130002707,2/8/2013,7:20:00,1,Collision with vehicle,6,Friday,111,RIGHT FAR (INTERSECTIONS ONLY),1,258361,2,0,1,0,1,2,1,1,Cross intersection,2,50,Uknown,30-39,Serious injury,Bicyclists
T20130002710,2/8/2013,9:20:00,1,Collision with vehicle,6,Friday,121,RIGHT THROUGH,1,41188,2,0,1,0,1,2,1,2,T intersection,2,60,Arterial Other,65-69,Serious injury,Bicyclists
T20130002716,2/8/2013,10:15:00,1,Collision with vehicle,6,Friday,163,VEHICLE STRIKES DOOR OF PARKED/STATIONARY VEHICLE,1,268076,2,0,0,1,1,2,2,5,Not at intersection,3,50,Local Road,50-59,Other injury,Bicyclists
T20130002723,3/5/2013,12:20:00,1,Collision with vehicle,3,Tuesday,121,RIGHT THROUGH,1,39591,2,0,1,0,1,2,1,2,T intersection,2,60,Local Road,40-49,Serious injury,Bicyclists
T20130002731,12/27/2012,10:30:00,1,Collision with vehicle,5,Thursday,160,VEHICLE COLLIDES WITH VEHICLE PARKED ON LEFT OF ROAD,9,258083,2,0,1,0,0,1,2,5,Not at intersection,2,60,Arterial Other,70+,Serious injury,Bicyclists
T20130002742,2/8/2013,12:45:00,1,Collision with vehicle,6,Friday,130,REAR END(VEHICLES IN SAME LANE),1,268077,3,0,0,3,2,5,1,5,Not at intersection,3,100,Arterial Highway,30-39,Other injury,Bicyclists
T20130002745,2/8/2013,17:10:00,1,Collision with vehicle,6,Friday,116,LEFT NEAR (INTERSECTIONS ONLY),1,43618,2,0,0,1,1,2,1,1,Cross intersection,3,50,Local Road,30-39,Other injury,Bicyclists
T20130002748,1/31/2013,17:44:00,1,Collision with vehicle,5,Thursday,116,LEFT NEAR (INTERSECTIONS ONLY),1,37360,2,0,0,1,2,3,2,1,Cross intersection,3,999,Arterial Other,30-39,Other injury,Bicyclists
T20130002752,2/8/2013,17:12:00,1,Collision with vehicle,6,Friday,148,VEHICLE OFF FOOTPATH STRIKES VEH ON CARRIAGEWAY,1,45763,2,0,1,0,1,2,1,2,T intersection,2,60,Arterial Other,26-29,Serious injury,Bicyclists
T20130002786,2/7/2013,17:30:00,1,Collision with vehicle,5,Thursday,148,VEHICLE OFF FOOTPATH STRIKES VEH ON CARRIAGEWAY,5,37894,2,0,0,1,1,2,1,1,Cross intersection,3,70,Arterial Highway,40-49,Other injury,Bicyclists
T20130002789,2/9/2013,8:00:00,1,Collision with vehicle,7,Saturday,116,LEFT NEAR (INTERSECTIONS ONLY),1,59004,2,0,1,0,1,2,1,2,T intersection,2,60,Local Road,50-59,Serious injury,Bicyclists
T20130002790,2/9/2013,10:02:00,1,Collision with vehicle,7,Saturday,137,LEFT TURN SIDESWIPE,1,56670,2,0,0,1,1,2,2,3,Y intersection,3,60,Arterial Other,50-59,Other injury,Bicyclists
T20130002838,2/9/2013,22:55:00,1,Collision with vehicle,7,Saturday,110,CROSS TRAFFIC(INTERSECTIONS ONLY),3,38534,2,0,1,0,2,3,1,1,Cross intersection,2,60,Arterial Other,40-49,Serious injury,Bicyclists
T20130002840,2/8/2013,12:30:00,1,Collision with vehicle,6,Friday,110,CROSS TRAFFIC(INTERSECTIONS ONLY),1,42476,2,0,0,1,1,2,2,1,Cross intersection,3,999,Local Road,30-39,Other injury,Bicyclists
T20130002866,1/29/2013,8:30:00,1,Collision with vehicle,3,Tuesday,137,LEFT TURN SIDESWIPE,1,38673,2,0,0,1,1,2,2,1,Cross intersection,3,60,Arterial Other,50-59,Other injury,Bicyclists
T20130002897,2/11/2013,8:00:00,1,Collision with vehicle,2,Monday,137,LEFT TURN SIDESWIPE,1,67702,2,0,1,0,1,2,1,2,T intersection,2,60,Arterial Other,40-49,Serious injury,Bicyclists
T20130002901,2/1/2013,18:00:00,1,Collision with vehicle,6,Friday,163,VEHICLE STRIKES DOOR OF PARKED/STATIONARY VEHICLE,1,257908,2,0,0,1,1,2,2,5,Not at intersection,3,60,Arterial Other,22-25,Other injury,Bicyclists
T20130002906,2/5/2013,15:15:00,1,Collision with vehicle,3,Tuesday,163,VEHICLE STRIKES DOOR OF PARKED/STATIONARY VEHICLE,1,268098,2,0,1,0,1,2,2,5,Not at intersection,2,60,Arterial Other,30-39,Serious injury,Bicyclists
T20130002917,2/11/2013,12:50:00,8,No collision and no object struck,2,Monday,174,OUT OF CONTROL ON CARRIAGEWAY (ON STRAIGHT),1,258157,2,0,1,0,1,2,1,5,Not at intersection,2,40,Local Road,60-64,Serious injury,Bicyclists
T20130002939,2/6/2013,18:00:00,1,Collision with vehicle,4,Wednesday,154,PULLING OUT -REAR END,1,257959,2,0,0,1,2,3,2,5,Not at intersection,3,40,Local Road,30-39,Other injury,Bicyclists
T20130002945,2/11/2013,20:10:00,1,Collision with vehicle,2,Monday,121,RIGHT THROUGH,2,64160,2,0,1,0,1,2,1,2,T intersection,2,50,Local Road,40-49,Serious injury,Bicyclists
T20130002946,2/11/2013,17:45:00,8,No collision and no object struck,2,Monday,174,OUT OF CONTROL ON CARRIAGEWAY (ON STRAIGHT),1,36082,2,0,1,0,1,2,1,2,T intersection,2,50,Local Road,50-59,Serious injury,Bicyclists
T20130002976,2/12/2013,6:00:00,1,Collision with vehicle,3,Tuesday,116,LEFT NEAR (INTERSECTIONS ONLY),3,53221,2,0,1,0,1,2,1,2,T intersection,2,60,Local Road,30-39,Serious injury,Bicyclists
T20130002983,2/12/2013,11:00:00,1,Collision with vehicle,3,Tuesday,121,RIGHT THROUGH,1,290,2,0,0,1,1,2,1,1,Cross intersection,3,50,Arterial Other,18-21,Other injury,Bicyclists
T20130002985,2/12/2013,8:30:00,1,Collision with vehicle,3,Tuesday,137,LEFT TURN SIDESWIPE,1,41151,2,0,0,1,1,2,1,2,T intersection,3,60,Arterial Highway,40-49,Other injury,Bicyclists
T20130002988,2/9/2013,10:50:00,1,Collision with vehicle,7,Saturday,120,HEAD ON (NOT OVERTAKING),1,257887,2,0,0,1,4,5,1,2,T intersection,3,60,Local Road,18-21,Other injury,Bicyclists
T20130003042,2/12/2013,23:30:00,1,Collision with vehicle,3,Tuesday,142,LEAVING PARKING,3,268110,2,0,0,1,1,2,2,5,Not at intersection,3,40,Local Road,22-25,Other injury,Bicyclists
T20130003050,2/13/2013,6:25:00,1,Collision with vehicle,4,Wednesday,113,RIGHT NEAR (INTERSECTIONS ONLY),2,41762,2,0,1,0,1,2,1,2,T intersection,2,80,Arterial Highway,40-49,Serious injury,Bicyclists
T20130003059,2/11/2013,15:40:00,1,Collision with vehicle,2,Monday,147,VEHICLE STRIKES ANOTHER VEH WHILE EMERGING FROM DRIVEWAY,1,258180,2,0,0,1,1,2,1,5,Not at intersection,3,50,Local Road,16-17,Other injury,Bicyclists
T20130003061,2/13/2013,8:30:00,1,Collision with vehicle,4,Wednesday,139,OTHER SAME DIRECTION-MANOUEVRES NOT INCLUDED IN DCAs 130-137,1,10760,2,0,0,1,1,2,2,1,Cross intersection,3,999,Local Road,40-49,Other injury,Bicyclists
T20130003063,2/13/2013,7:46:00,1,Collision with vehicle,4,Wednesday,130,REAR END(VEHICLES IN SAME LANE),1,268114,3,0,2,0,1,3,1,2,T intersection,2,60,Arterial Other,50-59,Serious injury,Bicyclists
T20130003069,1/15/2013,13:30:00,7,Fall from or in moving vehicle,3,Tuesday,174,OUT OF CONTROL ON CARRIAGEWAY (ON STRAIGHT),1,258002,1,0,0,1,0,1,2,5,Not at intersection,3,50,Local Road,40-49,Other injury,Bicyclists
T20130003083,2/13/2013,7:45:00,1,Collision with vehicle,4,Wednesday,121,RIGHT THROUGH,1,29356,2,0,0,2,0,2,1,2,T intersection,3,60,Arterial Other,22-25,Other injury,Bicyclists
T20130003115,2/13/2013,20:00:00,1,Collision with vehicle,4,Wednesday,136,RIGHT TURN SIDESWIPE,1,35360,2,0,0,1,1,2,2,1,Cross intersection,3,40,Local Road,26-29,Other injury,Bicyclists
T20130003143,2/14/2013,6:45:00,1,Collision with vehicle,5,Thursday,140,U TURN,1,29859,2,0,1,0,1,2,1,1,Cross intersection,2,50,Arterial Other,40-49,Serious injury,Bicyclists
T20130003159,1/27/2013,10:30:00,6,Vehicle overturned (no collision),1,Sunday,184,OUT OF CONTROL ON CARRIAGEWAY (ON BEND),1,257887,1,0,0,1,0,1,2,2,T intersection,3,60,Local Road,50-59,Other injury,Bicyclists
T20130003161,2/12/2013,16:00:00,1,Collision with vehicle,3,Tuesday,116,LEFT NEAR (INTERSECTIONS ONLY),1,258203,2,0,0,1,1,2,2,2,T intersection,3,60,Local Road,18-21,Other injury,Bicyclists
T20130003178,2/14/2013,10:26:00,1,Collision with vehicle,5,Thursday,113,RIGHT NEAR (INTERSECTIONS ONLY),1,49394,2,0,0,1,1,2,1,2,T intersection,3,50,Arterial Other,65-69,Other injury,Bicyclists
T20130003186,2/14/2013,11:30:00,1,Collision with vehicle,5,Thursday,130,REAR END(VEHICLES IN SAME LANE),1,260413,2,0,1,0,1,2,1,5,Not at intersection,2,100,Arterial Other,50-59,Serious injury,Bicyclists
T20130003195,2/10/2013,11:00:00,4,Collision with a fixed object,1,Sunday,173,RIGHT OFF CARRIAGEWAY INTO OBJECT/PARKED VEHICLE,1,268131,1,0,0,1,0,1,2,5,Not at intersection,3,999,Uknown,13-15,Other injury,Bicyclists
T20130003203,2/14/2013,15:45:00,1,Collision with vehicle,5,Thursday,148,VEHICLE OFF FOOTPATH STRIKES VEH ON CARRIAGEWAY,1,258436,2,0,0,1,1,2,2,2,T intersection,3,50,Local Road,45424,Other injury,Bicyclists
T20130003204,2/14/2013,15:08:00,1,Collision with vehicle,5,Thursday,148,VEHICLE OFF FOOTPATH STRIKES VEH ON CARRIAGEWAY,1,48115,2,0,0,1,1,2,1,2,T intersection,3,60,Arterial Highway,18-21,Other injury,Bicyclists
T20130003221,2/15/2013,5:55:00,8,No collision and no object struck,6,Friday,174,OUT OF CONTROL ON CARRIAGEWAY (ON STRAIGHT),2,258230,1,0,1,0,0,1,1,5,Not at intersection,2,60,Arterial Other,50-59,Serious injury,Bicyclists
T20130003225,2/15/2013,8:46:00,1,Collision with vehicle,6,Friday,113,RIGHT NEAR (INTERSECTIONS ONLY),1,67702,2,0,0,1,1,2,1,2,T intersection,3,50,Arterial Other,40-49,Other injury,Bicyclists
T20130003228,2/14/2013,8:20:00,1,Collision with vehicle,5,Thursday,111,RIGHT FAR (INTERSECTIONS ONLY),1,43032,2,0,0,2,0,2,1,1,Cross intersection,3,50,Local Road,40-49,Other injury,Bicyclists
T20130003233,2/15/2013,6:50:00,1,Collision with vehicle,6,Friday,110,CROSS TRAFFIC(INTERSECTIONS ONLY),1,36412,2,0,0,1,2,3,1,1,Cross intersection,3,50,Local Road,30-39,Other injury,Bicyclists
T20130003250,2/13/2013,9:15:00,1,Collision with vehicle,4,Wednesday,133,LANE SIDE SWIPE (VEHICLES IN PARALLEL LANES),1,268138,2,0,1,0,1,2,2,5,Not at intersection,2,999,Local Road,22-25,Serious injury,Bicyclists
T20130003268,2/12/2013,15:30:00,1,Collision with vehicle,3,Tuesday,147,VEHICLE STRIKES ANOTHER VEH WHILE EMERGING FROM DRIVEWAY,1,268144,2,0,0,1,1,2,2,5,Not at intersection,3,888,Arterial Other,45424,Other injury,Bicyclists
T20130003278,1/15/2013,17:26:00,1,Collision with vehicle,3,Tuesday,132,RIGHT REAR.,1,65750,2,0,0,1,1,2,1,2,T intersection,3,50,Local Road,26-29,Other injury,Bicyclists
T20130003288,2/16/2013,1:56:00,8,No collision and no object struck,7,Saturday,174,OUT OF CONTROL ON CARRIAGEWAY (ON STRAIGHT),3,14250,1,0,0,1,0,1,1,2,T intersection,3,40,Local Road,22-25,Other injury,Bicyclists
T20130003303,2/16/2013,10:00:00,1,Collision with vehicle,7,Saturday,137,LEFT TURN SIDESWIPE,1,36721,2,0,1,0,1,2,1,2,T intersection,2,40,Local Road,40-49,Serious injury,Bicyclists
T20130003315,2/15/2013,18:20:00,1,Collision with vehicle,5,Friday,163,VEHICLE STRIKES DOOR OF PARKED/STATIONARY VEHICLE,2,283226,2,0,0,1,1,2,2,5,Not at intersection,3,60,Arterial Other,22-25,Other injury,Bicyclists
T20130003338,2/15/2013,8:13:00,1,Collision with vehicle,6,Friday,116,LEFT NEAR (INTERSECTIONS ONLY),1,43263,2,0,0,1,1,2,1,2,T intersection,3,60,Local Road,40-49,Other injury,Bicyclists
T20130003352,2/16/2013,14:30:00,1,Collision with vehicle,7,Saturday,137,LEFT TURN SIDESWIPE,1,36160,2,0,1,0,3,4,2,1,Cross intersection,2,888,Arterial Highway,26-29,Serious injury,Bicyclists
T20130003368,1/31/2013,18:00:00,1,Collision with vehicle,5,Thursday,116,LEFT NEAR (INTERSECTIONS ONLY),1,37881,2,0,0,1,1,2,2,2,T intersection,3,60,Arterial Highway,30-39,Other injury,Bicyclists
T20130003377,2/17/2013,12:20:00,1,Collision with vehicle,1,Sunday,110,CROSS TRAFFIC(INTERSECTIONS ONLY),1,44969,2,0,1,0,2,3,1,1,Cross intersection,2,60,Arterial Highway,70+,Serious injury,Bicyclists
T20130003390,2/17/2013,11:30:00,1,Collision with vehicle,1,Sunday,143,ENTERING PARKING,1,268179,2,0,0,1,1,2,2,5,Not at intersection,3,999,Arterial Highway,30-39,Other injury,Bicyclists
T20130003391,2/17/2013,12:59:00,1,Collision with vehicle,0,Sunday,133,LANE SIDE SWIPE (VEHICLES IN PARALLEL LANES),1,281229,2,0,1,0,3,4,1,5,Not at intersection,2,100,Freeway,50-59,Serious injury,Bicyclists
T20130003395,2/17/2013,11:30:00,1,Collision with vehicle,1,Sunday,160,VEHICLE COLLIDES WITH VEHICLE PARKED ON LEFT OF ROAD,1,268180,2,0,0,1,0,1,2,5,Not at intersection,3,999,Local Road,18-21,Other injury,Bicyclists
T20130003402,2/17/2013,15:05:00,1,Collision with vehicle,1,Sunday,133,LANE SIDE SWIPE (VEHICLES IN PARALLEL LANES),1,268181,2,0,1,0,1,2,1,5,Not at intersection,2,100,Local Road,30-39,Serious injury,Bicyclists
T20130003437,2/18/2013,9:15:00,1,Collision with vehicle,2,Monday,140,U TURN,1,36465,2,0,0,1,1,2,1,2,T intersection,3,40,Local Road,22-25,Other injury,Bicyclists
T20130003440,2/18/2013,9:16:00,1,Collision with vehicle,2,Monday,163,VEHICLE STRIKES DOOR OF PARKED/STATIONARY VEHICLE,1,258287,2,0,1,0,1,2,1,5,Not at intersection,2,40,Arterial Other,18-21,Serious injury,Bicyclists
T20130003452,2/13/2013,19:45:00,1,Collision with vehicle,4,Wednesday,133,LANE SIDE SWIPE (VEHICLES IN PARALLEL LANES),9,258214,2,0,0,1,1,2,2,5,Not at intersection,3,999,Local Road,26-29,Other injury,Bicyclists
T20130003471,2/18/2013,9:12:00,1,Collision with vehicle,2,Monday,113,RIGHT NEAR (INTERSECTIONS ONLY),1,43314,2,0,1,0,1,2,1,2,T intersection,2,60,Local Road,40-49,Serious injury,Bicyclists
T20130003490,2/18/2013,17:30:00,1,Collision with vehicle,2,Monday,116,LEFT NEAR (INTERSECTIONS ONLY),1,36364,2,0,0,1,1,2,1,1,Cross intersection,3,60,Arterial Other,22-25,Other injury,Bicyclists
T20130003528,2/19/2013,8:55:00,1,Collision with vehicle,3,Tuesday,163,VEHICLE STRIKES DOOR OF PARKED/STATIONARY VEHICLE,1,38752,2,0,0,1,1,2,1,1,Cross intersection,3,50,Local Road,40-49,Other injury,Bicyclists
T20130003536,2/15/2013,10:00:00,1,Collision with vehicle,6,Friday,163,VEHICLE STRIKES DOOR OF PARKED/STATIONARY VEHICLE,1,258253,2,0,0,1,1,2,2,5,Not at intersection,3,40,Arterial Other,30-39,Other injury,Bicyclists
T20130003540,2/19/2013,8:00:00,1,Collision with vehicle,3,Tuesday,113,RIGHT NEAR (INTERSECTIONS ONLY),2,45604,2,0,0,1,1,2,2,1,Cross intersection,3,60,Local Road,22-25,Other injury,Bicyclists
T20130003542,2/18/2013,9:30:00,6,Vehicle overturned (no collision),2,Monday,174,OUT OF CONTROL ON CARRIAGEWAY (ON STRAIGHT),1,43312,2,0,0,1,2,3,2,2,T intersection,3,60,Local Road,50-59,Other injury,Bicyclists
T20130003572,2/19/2013,17:09:00,8,No collision and no object struck,3,Tuesday,179,OTHER ACCIDENTS-OFF STRAIGHT NOT INCLUDED IN DCAs 170-175,1,240343,1,0,0,1,0,1,1,4,Multiple intersection,3,60,Arterial Highway,65-69,Other injury,Bicyclists
T20130003575,2/19/2013,18:43:00,1,Collision with vehicle,3,Tuesday,121,RIGHT THROUGH,2,35355,2,0,0,2,0,2,1,1,Cross intersection,3,40,Local Road,30-39,Other injury,Bicyclists
T20130003596,2/19/2013,16:45:00,1,Collision with vehicle,3,Tuesday,121,RIGHT THROUGH,1,65504,2,0,1,0,2,3,2,1,Cross intersection,2,50,Local Road,65-69,Serious injury,Bicyclists
T20130003603,2/20/2013,9:00:00,1,Collision with vehicle,4,Wednesday,121,RIGHT THROUGH,1,71054,2,0,0,1,1,2,1,2,T intersection,3,60,Arterial Other,40-49,Other injury,Bicyclists
T20130003609,2/20/2013,8:53:00,1,Collision with vehicle,4,Wednesday,137,LEFT TURN SIDESWIPE,1,231006,2,0,1,0,2,3,1,1,Cross intersection,2,70,Uknown,30-39,Serious injury,Bicyclists
T20130003643,2/20/2013,14:00:00,1,Collision with vehicle,4,Wednesday,119,OTHER ADJACENT (INTERSECTIONS ONLY),1,226308,2,0,0,1,2,3,1,1,Cross intersection,3,60,Local Road,16-17,Other injury,Bicyclists
T20130003686,2/21/2013,5:40:00,1,Collision with vehicle,5,Thursday,130,REAR END(VEHICLES IN SAME LANE),3,38979,2,0,1,0,1,2,1,2,T intersection,2,60,Arterial Other,70+,Serious injury,Bicyclists
T20130003697,2/21/2013,7:40:00,1,Collision with vehicle,5,Thursday,121,RIGHT THROUGH,1,35477,2,0,1,0,1,2,1,2,T intersection,2,60,Local Road,50-59,Serious injury,Bicyclists
T20130003700,2/18/2013,14:35:00,1,Collision with vehicle,2,Monday,153,CUTTING IN (OVERTAKING),1,210055,2,0,0,1,1,2,2,5,Not at intersection,3,60,Local Road,40-49,Other injury,Bicyclists
T20130003702,2/13/2013,7:30:00,1,Collision with vehicle,4,Wednesday,137,LEFT TURN SIDESWIPE,9,37981,2,0,0,1,1,2,2,2,T intersection,3,60,Arterial Other,22-25,Other injury,Bicyclists
T20130003721,2/21/2013,7:53:00,1,Collision with vehicle,5,Thursday,121,RIGHT THROUGH,1,258777,2,0,0,2,0,2,1,5,Not at intersection,3,60,Local Road,30-39,Other injury,Bicyclists
T20130003753,2/21/2013,16:30:00,1,Collision with vehicle,5,Thursday,121,RIGHT THROUGH,1,231216,2,0,0,1,1,2,1,1,Cross intersection,3,60,Arterial Highway,30-39,Other injury,Bicyclists
T20130003797,2/22/2013,8:05:00,1,Collision with vehicle,6,Friday,120,HEAD ON (NOT OVERTAKING),1,258377,2,0,1,0,1,2,1,5,Not at intersection,2,60,Local Road,13-15,Serious injury,Bicyclists
T20130003809,2/13/2013,8:50:00,1,Collision with vehicle,4,Wednesday,121,RIGHT THROUGH,1,39054,2,0,0,1,1,2,2,4,Multiple intersection,3,60,Arterial Other,30-39,Other injury,Bicyclists
T20130003815,2/22/2013,10:40:00,1,Collision with vehicle,6,Friday,137,LEFT TURN SIDESWIPE,1,81,2,0,1,0,1,2,1,2,T intersection,2,70,Arterial Highway,50-59,Serious injury,Bicyclists
T20130003816,2/22/2013,9:03:00,1,Collision with vehicle,6,Friday,159,OTHER OVERTAKING MANOEUVRES NOT INCLUDED IN DCAs 150-154,1,268228,2,1,0,0,1,2,1,5,Not at intersection,1,60,Arterial Other,30-39,Fatality,Bicyclists
T20130003890,2/23/2013,10:25:00,8,No collision and no object struck,7,Saturday,174,OUT OF CONTROL ON CARRIAGEWAY (ON STRAIGHT),1,42036,2,0,0,1,1,2,1,2,T intersection,3,60,Arterial Other,40-49,Other injury,Bicyclists
T20130003891,2/17/2013,14:05:00,8,No collision and no object struck,1,Sunday,184,OUT OF CONTROL ON CARRIAGEWAY (ON BEND),9,268236,2,0,0,1,1,2,2,5,Not at intersection,3,40,Local Road,50-59,Other injury,Bicyclists
T20130003893,2/23/2013,10:55:00,1,Collision with vehicle,7,Saturday,131,LEFT REAR,1,248915,2,0,0,1,1,2,2,2,T intersection,3,60,Arterial Other,50-59,Other injury,Bicyclists
T20130003895,2/22/2013,18:42:00,1,Collision with vehicle,6,Friday,143,ENTERING PARKING,1,268237,2,0,0,1,1,2,1,5,Not at intersection,3,40,Arterial Other,30-39,Other injury,Bicyclists
T20130003900,2/23/2013,12:40:00,6,Vehicle overturned (no collision),7,Saturday,174,OUT OF CONTROL ON CARRIAGEWAY (ON STRAIGHT),1,258533,1,0,0,1,0,1,1,5,Not at intersection,3,40,Local Road,50-59,Other injury,Bicyclists
T20130003916,2/22/2013,19:00:00,1,Collision with vehicle,6,Friday,163,VEHICLE STRIKES DOOR OF PARKED/STATIONARY VEHICLE,2,268241,2,0,0,1,3,4,2,5,Not at intersection,3,40,Local Road,30-39,Other injury,Bicyclists
T20130003924,2/23/2013,18:00:00,1,Collision with vehicle,7,Saturday,148,VEHICLE OFF FOOTPATH STRIKES VEH ON CARRIAGEWAY,1,137753,2,0,1,0,1,2,1,5,Not at intersection,2,50,Local Road,40-49,Serious injury,Bicyclists
T20130003953,2/24/2013,8:15:00,1,Collision with vehicle,1,Sunday,134,LANE CHANGE RIGHT (NOT OVERTAKING),1,268245,2,0,1,0,1,2,1,5,Not at intersection,2,70,Arterial Highway,30-39,Serious injury,Bicyclists
T20130003956,2/24/2013,10:30:00,1,Collision with vehicle,1,Sunday,133,LANE SIDE SWIPE (VEHICLES IN PARALLEL LANES),1,258936,2,0,0,1,1,2,1,5,Not at intersection,3,50,Arterial Other,50-59,Other injury,Bicyclists
T20130003970,2/24/2013,14:07:00,1,Collision with vehicle,1,Sunday,121,RIGHT THROUGH,1,109,2,0,0,1,2,3,1,1,Cross intersection,3,50,Local Road,26-29,Other injury,Bicyclists