ACCIDENT_NO,ACCIDENT_DATE,ACCIDENT_TIME,ACCIDENT_TYPE,ACCIDENT_TYPE_DESC,DAY_OF_WEEK,DAY_WEEK_DESC,DCA_CODE,DCA_DESC,LIGHT_CONDITION,NODE_ID,NO_OF_VEHICLES,NO_PERSONS_KILLED,NO_PERSONS_INJ_2,NO_PERSONS_INJ_3,NO_PERSONS_NOT_INJ,NO_PERSONS,POLICE_ATTEND,ROAD_GEOMETRY,ROAD_GEOMETRY_DESC,SEVERITY,SPEED_ZONE,RMA,AGE_GROUP,INJ_LEVEL,ROAD_USER_TYPE_DESC
T20130004008,2/25/2013,6:33:00,1,Collision with vehicle,2,Monday,113,RIGHT NEAR (INTERSECTIONS ONLY),3,42686,2,0,1,0,1,2,1,2,T intersection,2,60,Arterial Other,40-49,Serious injury,Bicyclists
T20130004020,2/24/2013,16:00:00,8,No collision and no object struck,1,Sunday,174,OUT OF CONTROL ON CARRIAGEWAY (ON STRAIGHT),1,36569,1,0,0,1,0,1,2,2,T intersection,3,40,Local Road,30-39,Other injury,Bicyclists
T20130004022,2/25/2013,11:35:00,8,No collision and no object struck,2,Monday,174,OUT OF CONTROL ON CARRIAGEWAY (ON STRAIGHT),1,258562,1,0,0,1,0,1,2,5,Not at intersection,3,40,Local Road,30-39,Other injury,Bicyclists
T20130004024,2/25/2013,8:30:00,1,Collision with vehicle,2,Monday,133,LANE SIDE SWIPE (VEHICLES IN PARALLEL LANES),1,49935,2,0,1,0,1,2,1,1,Cross intersection,2,60,Arterial Highway,40-49,Serious injury,Bicyclists
T20130004028,2/18/2013,14:00:00,1,Collision with vehicle,2,Monday,140,U TURN,1,259318,2,0,0,1,1,2,2,5,Not at intersection,3,50,Local Road,30-39,Other injury,Bicyclists
T20130004055,2/8/2013,7:30:00,1,Collision with vehicle,6,Friday,121,RIGHT THROUGH,1,261648,2,0,0,1,1,2,2,5,Not at intersection,3,50,Arterial Other,30-39,Other injury,Bicyclists
T20130004061,2/25/2013,17:52:00,1,Collision with vehicle,2,Monday,120,HEAD ON (NOT OVERTAKING),1,37706,2,0,1,0,1,2,1,2,T intersection,2,40,Local Road,30-39,Serious injury,Bicyclists
T20130004062,2/8/2013,6:45:00,8,No collision and no object struck,6,Friday,174,OUT OF CONTROL ON CARRIAGEWAY (ON STRAIGHT),1,37352,2,0,0,1,1,2,2,1,Cross intersection,3,60,Uknown,22-25,Other injury,Bicyclists
T20130004066,2/22/2013,8:20:00,1,Collision with vehicle,6,Friday,134,LANE CHANGE RIGHT (NOT OVERTAKING),1,268259,2,0,0,1,1,2,2,5,Not at intersection,3,70,Arterial Highway,50-59,Other injury,Bicyclists
T20130004090,2/26/2013,8:00:00,1,Collision with vehicle,3,Tuesday,110,CROSS TRAFFIC(INTERSECTIONS ONLY),5,41066,2,0,0,2,0,2,1,1,Cross intersection,3,70,Arterial Other,40-49,Other injury,Bicyclists
T20130004135,1/27/2013,21:00:00,1,Collision with vehicle,1,Sunday,113,RIGHT NEAR (INTERSECTIONS ONLY),3,59565,2,0,0,1,1,2,2,2,T intersection,3,50,Arterial Highway,18-21,Other injury,Bicyclists
T20130004183,2/27/2013,8:10:00,1,Collision with vehicle,4,Wednesday,143,ENTERING PARKING,1,36206,2,0,0,1,1,2,1,2,T intersection,3,60,Arterial Other,40-49,Other injury,Bicyclists
T20130004275,2/27/2013,13:40:00,1,Collision with vehicle,4,Wednesday,113,RIGHT NEAR (INTERSECTIONS ONLY),1,73037,2,0,0,1,1,2,2,2,T intersection,3,70,Arterial Other,30-39,Other injury,Bicyclists
T20130004277,5/16/2012,15:30:00,1,Collision with vehicle,4,Wednesday,147,VEHICLE STRIKES ANOTHER VEH WHILE EMERGING FROM DRIVEWAY,1,258107,2,0,0,1,1,2,2,5,Not at intersection,3,999,Arterial Other,18-21,Other injury,Bicyclists
T20130004293,2/28/2013,12:34:00,1,Collision with vehicle,5,Thursday,163,VEHICLE STRIKES DOOR OF PARKED/STATIONARY VEHICLE,1,29459,3,0,0,1,1,2,2,2,T intersection,3,60,Arterial Other,50-59,Other injury,Bicyclists
T20130004298,2/28/2013,8:35:00,1,Collision with vehicle,5,Thursday,121,RIGHT THROUGH,1,37242,2,0,0,1,1,2,2,1,Cross intersection,3,40,Arterial Other,30-39,Other injury,Bicyclists
T20130004320,2/24/2013,6:50:00,8,No collision and no object struck,1,Sunday,174,OUT OF CONTROL ON CARRIAGEWAY (ON STRAIGHT),2,52805,2,0,0,1,1,2,1,1,Cross intersection,3,60,Arterial Other,40-49,Other injury,Bicyclists
T20130004351,2/28/2013,17:55:00,1,Collision with vehicle,5,Thursday,148,VEHICLE OFF FOOTPATH STRIKES VEH ON CARRIAGEWAY,2,258834,2,0,0,1,1,2,1,2,T intersection,3,50,Local Road,45424,Other injury,Bicyclists
T20130004373,3/1/2013,7:45:00,1,Collision with vehicle,6,Friday,130,REAR END(VEHICLES IN SAME LANE),1,1195,2,0,0,1,1,2,2,1,Cross intersection,3,70,Arterial Highway,50-59,Other injury,Bicyclists
T20130004383,3/1/2013,10:15:00,1,Collision with vehicle,6,Friday,113,RIGHT NEAR (INTERSECTIONS ONLY),1,34225,2,0,0,1,1,2,1,2,T intersection,3,80,Freeway,50-59,Other injury,Bicyclists
T20130004392,3/1/2013,7:59:00,1,Collision with vehicle,6,Friday,148,VEHICLE OFF FOOTPATH STRIKES VEH ON CARRIAGEWAY,1,38815,2,0,0,1,2,3,1,2,T intersection,3,60,Arterial Other,30-39,Other injury,Bicyclists
T20130004421,3/1/2013,8:45:00,1,Collision with vehicle,6,Friday,163,VEHICLE STRIKES DOOR OF PARKED/STATIONARY VEHICLE,1,90850,2,0,0,1,1,2,2,5,Not at intersection,3,40,Local Road,40-49,Other injury,Bicyclists
T20130004426,3/1/2013,7:30:00,1,Collision with vehicle,6,Friday,147,VEHICLE STRIKES ANOTHER VEH WHILE EMERGING FROM DRIVEWAY,2,268298,2,0,0,1,1,2,2,5,Not at intersection,3,80,Arterial Highway,40-49,Other injury,Bicyclists
T20130004457,3/1/2013,17:49:00,1,Collision with vehicle,6,Friday,110,CROSS TRAFFIC(INTERSECTIONS ONLY),1,48520,2,0,1,0,1,2,1,1,Cross intersection,2,50,Local Road,40-49,Serious injury,Bicyclists
T20130004485,3/2/2013,6:20:00,1,Collision with vehicle,7,Saturday,110,CROSS TRAFFIC(INTERSECTIONS ONLY),3,16815,2,0,0,1,1,2,2,1,Cross intersection,3,60,Local Road,30-39,Other injury,Bicyclists
T20130004498,3/2/2013,15:20:00,4,Collision with a fixed object,7,Saturday,181,OFF RIGHT BEND INTO OBJECT/PARKED VEHICLE,1,258654,1,0,1,0,0,1,1,5,Not at intersection,2,70,Arterial Other,50-59,Serious injury,Bicyclists
T20130004499,3/2/2013,16:05:00,7,Fall from or in moving vehicle,7,Saturday,174,OUT OF CONTROL ON CARRIAGEWAY (ON STRAIGHT),1,73508,1,0,0,1,0,1,1,2,T intersection,3,50,Local Road,30-39,Other injury,Bicyclists
T20130004515,3/2/2013,16:15:00,1,Collision with vehicle,7,Saturday,160,VEHICLE COLLIDES WITH VEHICLE PARKED ON LEFT OF ROAD,1,268309,2,0,0,1,1,2,1,5,Not at intersection,3,60,Arterial Other,30-39,Other injury,Bicyclists
T20130004518,3/2/2013,16:40:00,1,Collision with vehicle,7,Saturday,147,VEHICLE STRIKES ANOTHER VEH WHILE EMERGING FROM DRIVEWAY,1,258997,2,0,0,1,1,2,1,5,Not at intersection,3,999,Local Road,26-29,Other injury,Bicyclists
T20130004521,3/2/2013,20:20:00,1,Collision with vehicle,7,Saturday,148,VEHICLE OFF FOOTPATH STRIKES VEH ON CARRIAGEWAY,2,35991,2,0,0,2,0,2,1,1,Cross intersection,3,60,Local Road,Unknown,Other injury,Bicyclists
T20130004547,2/28/2013,17:10:00,8,No collision and no object struck,5,Thursday,174,OUT OF CONTROL ON CARRIAGEWAY (ON STRAIGHT),1,38901,1,0,1,0,0,1,2,2,T intersection,2,999,Arterial Other,30-39,Serious injury,Bicyclists
T20130004563,3/1/2013,15:45:00,1,Collision with vehicle,6,Friday,163,VEHICLE STRIKES DOOR OF PARKED/STATIONARY VEHICLE,1,205527,2,0,0,1,1,2,2,5,Not at intersection,3,40,Local Road,22-25,Other injury,Bicyclists
T20130004590,3/4/2013,6:15:00,1,Collision with vehicle,2,Monday,116,LEFT NEAR (INTERSECTIONS ONLY),3,10594,2,0,0,1,1,2,2,4,Multiple intersection,3,60,Arterial Other,30-39,Other injury,Bicyclists
T20130004591,3/4/2013,7:15:00,1,Collision with vehicle,2,Monday,116,LEFT NEAR (INTERSECTIONS ONLY),1,50114,2,0,1,0,1,2,1,2,T intersection,2,60,Arterial Other,22-25,Serious injury,Bicyclists
T20130004605,3/4/2013,9:21:00,1,Collision with vehicle,2,Monday,110,CROSS TRAFFIC(INTERSECTIONS ONLY),1,64722,2,0,0,1,1,2,1,1,Cross intersection,3,50,Local Road,30-39,Other injury,Bicyclists
T20130004610,3/4/2013,8:08:00,1,Collision with vehicle,2,Monday,121,RIGHT THROUGH,1,36278,2,0,0,1,1,2,1,1,Cross intersection,3,50,Local Road,22-25,Other injury,Bicyclists
T20130004615,3/3/2013,14:25:00,1,Collision with vehicle,1,Sunday,147,VEHICLE STRIKES ANOTHER VEH WHILE EMERGING FROM DRIVEWAY,1,268323,2,0,0,1,1,2,2,5,Not at intersection,3,60,Local Road,50-59,Other injury,Bicyclists
T20130004619,3/4/2013,7:52:00,2,Struck Pedestrian,2,Monday,100,PED NEAR SIDE. PED HIT BY VEHICLE FROM THE RIGHT.,1,205,1,0,0,1,1,2,1,1,Cross intersection,3,40,Local Road,30-39,Not injured,Bicyclists
T20130004625,2/28/2013,17:15:00,1,Collision with vehicle,5,Thursday,163,VEHICLE STRIKES DOOR OF PARKED/STATIONARY VEHICLE,1,36999,2,0,0,1,2,3,2,1,Cross intersection,3,40,Local Road,26-29,Other injury,Bicyclists
T20130004628,2/27/2013,11:30:00,4,Collision with a fixed object,4,Wednesday,179,OTHER ACCIDENTS-OFF STRAIGHT NOT INCLUDED IN DCAs 170-175,1,260054,2,0,0,1,1,2,2,5,Not at intersection,3,999,Local Road,70+,Other injury,Bicyclists
T20130004631,2/28/2013,10:10:00,8,No collision and no object struck,5,Thursday,174,OUT OF CONTROL ON CARRIAGEWAY (ON STRAIGHT),1,268324,2,0,1,0,1,2,2,5,Not at intersection,2,40,Local Road,40-49,Serious injury,Bicyclists
T20130004647,3/4/2013,18:18:00,1,Collision with vehicle,2,Monday,121,RIGHT THROUGH,1,258735,2,0,1,0,1,2,1,5,Not at intersection,2,50,Local Road,40-49,Serious injury,Bicyclists
T20130004665,3/4/2013,20:04:00,1,Collision with vehicle,2,Monday,110,CROSS TRAFFIC(INTERSECTIONS ONLY),3,38220,2,0,0,1,1,2,1,1,Cross intersection,3,60,Arterial Other,50-59,Other injury,Bicyclists
T20130004687,1/18/2013,17:30:00,1,Collision with vehicle,6,Friday,121,RIGHT THROUGH,1,37265,2,0,0,2,0,2,2,1,Cross intersection,3,60,Local Road,40-49,Other injury,Bicyclists
T20130004693,3/5/2013,8:27:00,1,Collision with vehicle,3,Tuesday,121,RIGHT THROUGH,1,258743,2,0,1,0,1,2,1,5,Not at intersection,2,60,Local Road,40-49,Serious injury,Bicyclists
T20130004708,3/5/2013,7:30:00,1,Collision with vehicle,3,Tuesday,133,LANE SIDE SWIPE (VEHICLES IN PARALLEL LANES),2,258744,2,0,1,0,1,2,1,5,Not at intersection,2,50,Local Road,50-59,Serious injury,Bicyclists
T20130004718,3/5/2013,10:03:00,1,Collision with vehicle,3,Tuesday,110,CROSS TRAFFIC(INTERSECTIONS ONLY),1,41218,2,0,2,0,0,2,1,1,Cross intersection,2,50,Local Road,65-69,Serious injury,Bicyclists
T20130004731,3/5/2013,15:30:00,1,Collision with vehicle,3,Tuesday,121,RIGHT THROUGH,1,29841,2,0,0,1,1,2,2,2,T intersection,3,40,Arterial Other,30-39,Other injury,Bicyclists
T20130004754,3/5/2013,18:40:00,1,Collision with vehicle,3,Tuesday,148,VEHICLE OFF FOOTPATH STRIKES VEH ON CARRIAGEWAY,1,51916,2,0,0,1,2,3,1,1,Cross intersection,3,60,Arterial Highway,18-21,Other injury,Bicyclists
T20130004784,3/4/2013,10:30:00,1,Collision with vehicle,2,Monday,163,VEHICLE STRIKES DOOR OF PARKED/STATIONARY VEHICLE,1,259057,2,0,0,2,0,2,2,5,Not at intersection,3,60,Arterial Other,18-21,Other injury,Bicyclists
T20130004789,3/5/2013,16:10:00,1,Collision with vehicle,3,Tuesday,110,CROSS TRAFFIC(INTERSECTIONS ONLY),1,258747,2,0,1,0,1,2,1,1,Cross intersection,2,50,Local Road,70+,Serious injury,Bicyclists
T20130004850,3/6/2013,20:30:00,1,Collision with vehicle,4,Wednesday,137,LEFT TURN SIDESWIPE,1,36041,2,0,0,1,1,2,1,2,T intersection,3,60,Arterial Other,22-25,Other injury,Bicyclists
T20130004881,3/7/2013,7:30:00,1,Collision with vehicle,5,Thursday,113,RIGHT NEAR (INTERSECTIONS ONLY),1,38704,2,0,1,0,1,2,1,2,T intersection,2,60,Arterial Highway,26-29,Serious injury,Bicyclists
T20130004884,2/15/2013,18:00:00,1,Collision with vehicle,6,Friday,121,RIGHT THROUGH,1,29405,2,0,0,1,1,2,2,1,Cross intersection,3,999,Local Road,40-49,Other injury,Bicyclists
T20130004886,3/7/2013,8:10:00,8,No collision and no object struck,5,Thursday,174,OUT OF CONTROL ON CARRIAGEWAY (ON STRAIGHT),1,259096,2,0,0,1,1,2,2,2,T intersection,3,50,Local Road,30-39,Other injury,Bicyclists
T20130004887,3/7/2013,8:36:00,1,Collision with vehicle,5,Thursday,137,LEFT TURN SIDESWIPE,1,48791,2,0,0,1,1,2,1,1,Cross intersection,3,40,Local Road,13-15,Other injury,Bicyclists
T20130004905,3/7/2013,8:49:00,1,Collision with vehicle,5,Thursday,143,ENTERING PARKING,1,246508,2,0,1,0,2,3,1,1,Cross intersection,2,40,Arterial Other,40-49,Serious injury,Bicyclists
T20130004907,3/7/2013,8:50:00,1,Collision with vehicle,5,Thursday,148,VEHICLE OFF FOOTPATH STRIKES VEH ON CARRIAGEWAY,1,260547,2,0,0,1,1,2,1,2,T intersection,3,50,Local Road,45424,Other injury,Bicyclists
T20130004921,3/6/2013,7:15:00,1,Collision with vehicle,4,Wednesday,121,RIGHT THROUGH,1,47471,2,0,0,1,1,2,2,2,T intersection,3,60,Local Road,30-39,Other injury,Bicyclists
T20130004935,3/7/2013,17:03:00,1,Collision with vehicle,5,Thursday,110,CROSS TRAFFIC(INTERSECTIONS ONLY),1,46651,2,0,1,0,1,2,1,1,Cross intersection,2,60,Arterial Other,16-17,Serious injury,Bicyclists
T20130004957,3/7/2013,22:10:00,8,No collision and no object struck,5,Thursday,174,OUT OF CONTROL ON CARRIAGEWAY (ON STRAIGHT),5,258870,1,0,1,0,0,1,1,5,Not at intersection,2,100,Uknown,65-69,Serious injury,Bicyclists
T20130004980,3/8/2013,10:15:00,1,Collision with vehicle,6,Friday,163,VEHICLE STRIKES DOOR OF PARKED/STATIONARY VEHICLE,1,14250,2,0,0,1,1,2,1,2,T intersection,3,40,Local Road,22-25,Other injury,Bicyclists
T20130004992,3/8/2013,14:00:00,1,Collision with vehicle,6,Friday,159,OTHER OVERTAKING MANOEUVRES NOT INCLUDED IN DCAs 150-154,1,268351,4,0,0,3,3,6,2,5,Not at intersection,3,100,Arterial Highway,30-39,Other injury,Bicyclists
T20130005015,2/12/2013,5:45:00,1,Collision with vehicle,3,Tuesday,121,RIGHT THROUGH,3,41150,2,0,1,0,1,2,2,2,T intersection,2,60,Arterial Other,30-39,Serious injury,Bicyclists
T20130005021,3/8/2013,9:00:00,1,Collision with vehicle,6,Friday,121,RIGHT THROUGH,1,268357,2,0,0,1,1,2,2,5,Not at intersection,3,40,Local Road,30-39,Other injury,Bicyclists
T20130005025,3/8/2013,16:45:00,1,Collision with vehicle,6,Friday,116,LEFT NEAR (INTERSECTIONS ONLY),1,29908,2,0,0,1,1,2,2,1,Cross intersection,3,60,Uknown,50-59,Other injury,Bicyclists
T20130005033,3/8/2013,15:50:00,1,Collision with vehicle,6,Friday,121,RIGHT THROUGH,1,38125,2,0,0,1,1,2,1,2,T intersection,3,50,Arterial Other,40-49,Other injury,Bicyclists
T20130005060,2/1/2013,16:00:00,1,Collision with vehicle,6,Friday,110,CROSS TRAFFIC(INTERSECTIONS ONLY),9,258514,2,0,0,1,1,2,2,1,Cross intersection,3,50,Local Road,30-39,Other injury,Bicyclists
T20130005069,3/9/2013,9:05:00,1,Collision with vehicle,7,Saturday,140,U TURN,1,270364,2,0,0,1,1,2,2,5,Not at intersection,3,999,Arterial Highway,30-39,Other injury,Bicyclists
T20130005070,3/8/2013,16:40:00,1,Collision with vehicle,6,Friday,116,LEFT NEAR (INTERSECTIONS ONLY),1,259117,2,0,0,1,1,2,2,2,T intersection,3,60,Local Road,50-59,Other injury,Bicyclists
T20130005124,3/10/2013,8:55:00,1,Collision with vehicle,1,Sunday,130,REAR END(VEHICLES IN SAME LANE),1,51728,3,0,0,1,2,3,2,1,Cross intersection,3,50,Arterial Highway,30-39,Other injury,Bicyclists
T20130005128,3/10/2013,9:55:00,1,Collision with vehicle,1,Sunday,137,LEFT TURN SIDESWIPE,1,43553,2,0,0,1,1,2,1,4,Multiple intersection,3,50,Arterial Other,65-69,Other injury,Bicyclists
T20130005184,3/11/2013,7:51:00,1,Collision with vehicle,1,Monday,133,LANE SIDE SWIPE (VEHICLES IN PARALLEL LANES),2,268382,3,0,0,2,1,3,1,5,Not at intersection,3,60,Uknown,40-49,Other injury,Bicyclists
T20130005185,3/11/2013,8:10:00,1,Collision with vehicle,2,Monday,116,LEFT NEAR (INTERSECTIONS ONLY),1,57692,2,0,0,1,2,3,1,2,T intersection,3,60,Arterial Highway,40-49,Other injury,Bicyclists
T20130005197,3/10/2013,14:20:00,1,Collision with vehicle,1,Sunday,136,RIGHT TURN SIDESWIPE,1,35355,2,0,0,1,1,2,2,1,Cross intersection,3,40,Local Road,30-39,Other injury,Bicyclists
T20130005207,3/8/2013,16:50:00,1,Collision with vehicle,6,Friday,163,VEHICLE STRIKES DOOR OF PARKED/STATIONARY VEHICLE,1,268386,2,0,0,1,1,2,2,5,Not at intersection,3,999,Arterial Other,26-29,Other injury,Bicyclists
T20130005218,3/10/2013,8:30:00,1,Collision with vehicle,1,Sunday,113,RIGHT NEAR (INTERSECTIONS ONLY),1,46967,2,0,0,1,1,2,2,1,Cross intersection,3,60,Local Road,40-49,Other injury,Bicyclists
T20130005228,3/11/2013,16:40:00,1,Collision with vehicle,2,Monday,147,VEHICLE STRIKES ANOTHER VEH WHILE EMERGING FROM DRIVEWAY,1,38486,2,0,0,1,1,2,1,2,T intersection,3,999,Arterial Highway,45424,Other injury,Bicyclists
T20130005238,3/12/2013,6:10:00,1,Collision with vehicle,3,Tuesday,121,RIGHT THROUGH,3,258888,2,0,1,0,1,2,2,2,T intersection,2,60,Local Road,40-49,Serious injury,Bicyclists
T20130005247,2/7/2013,16:40:00,1,Collision with vehicle,5,Thursday,130,REAR END(VEHICLES IN SAME LANE),1,42535,2,0,0,1,1,2,1,2,T intersection,3,50,Uknown,26-29,Other injury,Bicyclists
T20130005248,3/12/2013,8:10:00,1,Collision with vehicle,2,Tuesday,133,LANE SIDE SWIPE (VEHICLES IN PARALLEL LANES),1,259160,2,0,0,1,1,2,1,5,Not at intersection,3,50,Local Road,18-21,Other injury,Bicyclists
T20130005270,3/11/2013,15:36:00,1,Collision with vehicle,2,Monday,163,VEHICLE STRIKES DOOR OF PARKED/STATIONARY VEHICLE,1,259155,2,0,0,1,1,2,1,5,Not at intersection,3,40,Arterial Other,22-25,Other injury,Bicyclists
T20130005280,2/22/2013,17:30:00,8,No collision and no object struck,6,Friday,174,OUT OF CONTROL ON CARRIAGEWAY (ON STRAIGHT),1,36828,2,0,0,1,1,2,2,2,T intersection,3,40,Arterial Other,40-49,Other injury,Bicyclists
T20130005289,3/12/2013,19:38:00,1,Collision with vehicle,3,Tuesday,163,VEHICLE STRIKES DOOR OF PARKED/STATIONARY VEHICLE,2,268400,2,0,0,2,0,2,1,5,Not at intersection,3,40,Arterial Other,18-21,Other injury,Bicyclists
T20130005305,3/6/2013,16:30:00,1,Collision with vehicle,4,Wednesday,137,LEFT TURN SIDESWIPE,1,37648,2,0,0,1,1,2,1,2,T intersection,3,40,Arterial Other,30-39,Other injury,Bicyclists
T20130005309,3/13/2013,7:45:00,1,Collision with vehicle,4,Wednesday,116,LEFT NEAR (INTERSECTIONS ONLY),1,52521,2,0,0,1,1,2,1,2,T intersection,3,60,Local Road,40-49,Other injury,Bicyclists
T20130005311,3/13/2013,8:30:00,1,Collision with vehicle,4,Wednesday,148,VEHICLE OFF FOOTPATH STRIKES VEH ON CARRIAGEWAY,1,259763,2,0,0,1,1,2,2,2,T intersection,3,50,Local Road,13-15,Other injury,Bicyclists
T20130005315,3/13/2013,7:35:00,1,Collision with vehicle,4,Wednesday,121,RIGHT THROUGH,1,40287,2,0,1,0,1,2,1,2,T intersection,2,60,Arterial Other,22-25,Serious injury,Bicyclists
T20130005325,3/13/2013,8:20:00,1,Collision with vehicle,4,Wednesday,137,LEFT TURN SIDESWIPE,1,41820,2,0,1,0,1,2,1,2,T intersection,2,80,Arterial Other,26-29,Serious injury,Bicyclists
T20130005332,3/13/2013,9:15:00,1,Collision with vehicle,4,Wednesday,163,VEHICLE STRIKES DOOR OF PARKED/STATIONARY VEHICLE,1,36567,3,0,0,1,2,3,1,2,T intersection,3,40,Local Road,30-39,Other injury,Bicyclists
T20130005339,3/13/2013,14:00:00,1,Collision with vehicle,4,Wednesday,121,RIGHT THROUGH,1,37678,2,0,0,1,1,2,2,2,T intersection,3,40,Local Road,30-39,Other injury,Bicyclists
T20130005376,3/11/2013,17:30:00,8,No collision and no object struck,2,Monday,174,OUT OF CONTROL ON CARRIAGEWAY (ON STRAIGHT),1,259484,2,0,0,1,1,2,2,5,Not at intersection,3,60,Local Road,22-25,Other injury,Bicyclists
T20130005387,3/14/2013,9:20:00,1,Collision with vehicle,5,Thursday,163,VEHICLE STRIKES DOOR OF PARKED/STATIONARY VEHICLE,1,268412,2,0,0,1,1,2,2,5,Not at intersection,3,40,Local Road,22-25,Other injury,Bicyclists
T20130005390,3/13/2013,17:00:00,1,Collision with vehicle,3,Wednesday,133,LANE SIDE SWIPE (VEHICLES IN PARALLEL LANES),2,259764,2,0,1,0,1,2,2,5,Not at intersection,2,50,Arterial Highway,22-25,Serious injury,Bicyclists
T20130005394,3/1/2013,7:45:00,1,Collision with vehicle,6,Friday,136,RIGHT TURN SIDESWIPE,1,259233,2,0,0,1,1,2,2,5,Not at intersection,3,60,Arterial Other,26-29,Other injury,Bicyclists
T20130005407,3/14/2013,13:15:00,8,No collision and no object struck,5,Thursday,174,OUT OF CONTROL ON CARRIAGEWAY (ON STRAIGHT),1,65463,2,0,1,0,1,2,2,2,T intersection,2,50,Local Road,30-39,Serious injury,Bicyclists
T20130005416,3/14/2013,13:40:00,1,Collision with vehicle,5,Thursday,121,RIGHT THROUGH,1,42779,2,0,1,0,1,2,1,2,T intersection,2,60,Arterial Other,70+,Serious injury,Bicyclists
T20130005418,3/13/2013,18:30:00,1,Collision with vehicle,4,Wednesday,121,RIGHT THROUGH,2,36122,2,0,0,1,1,2,1,1,Cross intersection,3,60,Local Road,40-49,Other injury,Bicyclists
T20130005427,3/13/2013,8:00:00,1,Collision with vehicle,4,Wednesday,110,CROSS TRAFFIC(INTERSECTIONS ONLY),1,51802,2,0,1,0,1,2,2,1,Cross intersection,2,50,Arterial Highway,50-59,Serious injury,Bicyclists
T20130005434,3/9/2013,10:00:00,1,Collision with vehicle,7,Saturday,152,PULLING OUT (OVERTAKING),1,35041,2,0,1,0,1,2,2,2,T intersection,2,80,Uknown,40-49,Serious injury,Bicyclists
T20130005453,3/14/2013,18:40:00,1,Collision with vehicle,5,Thursday,116,LEFT NEAR (INTERSECTIONS ONLY),1,57754,2,0,0,1,1,2,2,2,T intersection,3,50,Local Road,50-59,Other injury,Bicyclists
T20130005474,3/15/2013,7:30:00,1,Collision with vehicle,6,Friday,163,VEHICLE STRIKES DOOR OF PARKED/STATIONARY VEHICLE,1,259110,2,0,0,1,3,4,1,5,Not at intersection,3,60,Arterial Other,50-59,Other injury,Bicyclists
T20130005495,3/15/2013,8:20:00,1,Collision with vehicle,6,Friday,137,LEFT TURN SIDESWIPE,1,260548,2,0,0,2,0,2,1,2,T intersection,3,60,Arterial Other,18-21,Other injury,Bicyclists
T20130005516,3/15/2013,15:20:00,1,Collision with vehicle,6,Friday,163,VEHICLE STRIKES DOOR OF PARKED/STATIONARY VEHICLE,1,268423,2,0,0,1,2,3,1,5,Not at intersection,3,40,Local Road,22-25,Other injury,Bicyclists
T20130005554,3/15/2013,15:30:00,1,Collision with vehicle,6,Friday,150,HEAD ON(OVERTAKING),1,259130,2,0,1,0,1,2,1,5,Not at intersection,2,50,Local Road,18-21,Serious injury,Bicyclists
T20130005568,3/15/2013,10:30:00,1,Collision with vehicle,6,Friday,133,LANE SIDE SWIPE (VEHICLES IN PARALLEL LANES),1,45433,2,0,0,1,1,2,2,1,Cross intersection,3,50,Arterial Other,22-25,Other injury,Bicyclists
T20130005611,3/16/2013,17:25:00,1,Collision with vehicle,7,Saturday,136,RIGHT TURN SIDESWIPE,1,35304,2,0,0,1,2,3,2,1,Cross intersection,3,50,Arterial Other,22-25,Other injury,Bicyclists
T20130005624,3/16/2013,16:55:00,1,Collision with vehicle,7,Saturday,121,RIGHT THROUGH,1,45640,2,0,0,1,1,2,2,1,Cross intersection,3,60,Arterial Other,30-39,Other injury,Bicyclists
T20130005672,3/16/2013,11:25:00,1,Collision with vehicle,7,Saturday,110,CROSS TRAFFIC(INTERSECTIONS ONLY),1,50444,2,0,0,1,1,2,1,1,Cross intersection,3,60,Arterial Highway,40-49,Other injury,Bicyclists
T20130005701,3/17/2013,18:15:00,1,Collision with vehicle,1,Sunday,163,VEHICLE STRIKES DOOR OF PARKED/STATIONARY VEHICLE,9,259271,2,0,0,1,1,2,2,5,Not at intersection,3,60,Local Road,16-17,Other injury,Bicyclists
T20130005702,3/16/2013,17:30:00,1,Collision with vehicle,7,Saturday,121,RIGHT THROUGH,3,222021,2,0,0,1,1,2,2,2,T intersection,3,50,Arterial Other,26-29,Other injury,Bicyclists
T20130005725,3/18/2013,5:55:00,1,Collision with vehicle,2,Monday,113,RIGHT NEAR (INTERSECTIONS ONLY),3,10844,2,0,0,1,1,2,1,2,T intersection,3,60,Freeway,16-17,Other injury,Bicyclists
T20130005774,3/18/2013,17:15:00,1,Collision with vehicle,2,Monday,110,CROSS TRAFFIC(INTERSECTIONS ONLY),1,236960,2,0,0,1,1,2,2,1,Cross intersection,3,60,Arterial Other,30-39,Other injury,Bicyclists
T20130005777,3/18/2013,18:45:00,1,Collision with vehicle,2,Monday,143,ENTERING PARKING,1,259289,2,0,0,1,1,2,1,5,Not at intersection,3,60,Arterial Other,60-64,Other injury,Bicyclists
T20130005778,3/18/2013,18:24:00,1,Collision with vehicle,2,Monday,110,CROSS TRAFFIC(INTERSECTIONS ONLY),1,1210,2,0,0,1,1,2,1,1,Cross intersection,3,60,Arterial Other,18-21,Other injury,Bicyclists
T20130005803,3/19/2013,5:40:00,1,Collision with vehicle,2,Tuesday,133,LANE SIDE SWIPE (VEHICLES IN PARALLEL LANES),3,260144,2,0,0,1,1,2,2,5,Not at intersection,3,50,Local Road,30-39,Other injury,Bicyclists