ACCIDENT_NO,ACCIDENT_DATE,ACCIDENT_TIME,ACCIDENT_TYPE,ACCIDENT_TYPE_DESC,DAY_OF_WEEK,DAY_WEEK_DESC,DCA_CODE,DCA_DESC,LIGHT_CONDITION,NODE_ID,NO_OF_VEHICLES,NO_PERSONS_KILLED,NO_PERSONS_INJ_2,NO_PERSONS_INJ_3,NO_PERSONS_NOT_INJ,NO_PERSONS,POLICE_ATTEND,ROAD_GEOMETRY,ROAD_GEOMETRY_DESC,SEVERITY,SPEED_ZONE,RMA,AGE_GROUP,INJ_LEVEL,ROAD_USER_TYPE_DESC
T20130005813,3/14/2013,15:40:00,1,Collision with vehicle,5,Thursday,147,VEHICLE STRIKES ANOTHER VEH WHILE EMERGING FROM DRIVEWAY,1,57430,2,0,0,1,1,2,2,2,T intersection,3,999,Arterial Other,40-49,Other injury,Bicyclists
T20130005819,3/19/2013,11:25:00,1,Collision with vehicle,3,Tuesday,160,VEHICLE COLLIDES WITH VEHICLE PARKED ON LEFT OF ROAD,1,258697,2,0,0,1,1,2,1,2,T intersection,3,70,Local Road,70+,Other injury,Bicyclists
T20130005828,3/19/2013,5:30:00,1,Collision with vehicle,3,Tuesday,148,VEHICLE OFF FOOTPATH STRIKES VEH ON CARRIAGEWAY,4,36794,2,0,0,1,1,2,2,1,Cross intersection,3,50,Arterial Highway,40-49,Other injury,Bicyclists
T20130005836,3/19/2013,13:20:00,1,Collision with vehicle,3,Tuesday,116,LEFT NEAR (INTERSECTIONS ONLY),1,35518,2,0,0,1,1,2,2,2,T intersection,3,50,Local Road,30-39,Other injury,Bicyclists
T20130005838,3/19/2013,13:55:00,1,Collision with vehicle,3,Tuesday,121,RIGHT THROUGH,1,40224,2,0,1,0,1,2,1,1,Cross intersection,2,50,Arterial Other,60-64,Serious injury,Bicyclists
T20130005846,3/5/2013,10:10:00,1,Collision with vehicle,3,Tuesday,137,LEFT TURN SIDESWIPE,1,36230,2,0,0,1,1,2,2,1,Cross intersection,3,60,Arterial Other,26-29,Other injury,Bicyclists
T20130005856,3/19/2013,18:22:00,1,Collision with vehicle,3,Tuesday,116,LEFT NEAR (INTERSECTIONS ONLY),1,49872,2,0,0,1,1,2,1,2,T intersection,3,60,Local Road,50-59,Other injury,Bicyclists
T20130005860,3/18/2013,11:30:00,1,Collision with vehicle,2,Monday,163,VEHICLE STRIKES DOOR OF PARKED/STATIONARY VEHICLE,1,106082,2,0,0,1,1,2,2,5,Not at intersection,3,60,Local Road,30-39,Other injury,Bicyclists
T20130005866,3/19/2013,20:11:00,2,Struck Pedestrian,3,Tuesday,108,PED STRUCK WALKING TO/FROM OR BOARDING/ALIGHTING VEHICLE.,5,29834,1,0,0,1,1,2,1,2,T intersection,3,60,Arterial Other,22-25,Not injured,Bicyclists
T20130005886,3/19/2013,8:50:00,1,Collision with vehicle,3,Tuesday,116,LEFT NEAR (INTERSECTIONS ONLY),1,67554,2,0,0,1,1,2,1,2,T intersection,3,50,Local Road,65-69,Other injury,Bicyclists
T20130005891,3/19/2013,7:50:00,1,Collision with vehicle,3,Tuesday,163,VEHICLE STRIKES DOOR OF PARKED/STATIONARY VEHICLE,2,236994,2,0,0,1,1,2,2,1,Cross intersection,3,60,Arterial Other,30-39,Other injury,Bicyclists
T20130005892,3/20/2013,7:40:00,1,Collision with vehicle,4,Wednesday,137,LEFT TURN SIDESWIPE,1,258702,2,0,1,0,1,2,1,1,Cross intersection,2,60,Arterial Other,30-39,Serious injury,Bicyclists
T20130005907,3/19/2013,17:20:00,1,Collision with vehicle,3,Tuesday,137,LEFT TURN SIDESWIPE,1,37654,2,0,0,2,0,2,2,1,Cross intersection,3,60,Arterial Other,22-25,Other injury,Bicyclists
T20130005910,3/19/2013,13:12:00,1,Collision with vehicle,3,Tuesday,135,LANE CHANGE LEFT (NOT OVERTAKING),1,205592,2,0,0,1,1,2,1,5,Not at intersection,3,40,Local Road,22-25,Other injury,Bicyclists
T20130005926,2/9/2013,11:50:00,8,No collision and no object struck,7,Saturday,174,OUT OF CONTROL ON CARRIAGEWAY (ON STRAIGHT),1,258729,2,0,0,1,1,2,2,5,Not at intersection,3,40,Local Road,30-39,Other injury,Bicyclists
T20130005931,3/19/2013,18:00:00,1,Collision with vehicle,3,Tuesday,110,CROSS TRAFFIC(INTERSECTIONS ONLY),1,45873,2,0,0,1,1,2,2,1,Cross intersection,3,40,Arterial Other,40-49,Other injury,Bicyclists
T20130005940,3/20/2013,17:59:00,1,Collision with vehicle,4,Wednesday,148,VEHICLE OFF FOOTPATH STRIKES VEH ON CARRIAGEWAY,2,268465,2,0,1,0,2,3,1,5,Not at intersection,2,60,Arterial Highway,26-29,Serious injury,Bicyclists
T20130005945,3/19/2013,22:35:00,1,Collision with vehicle,3,Tuesday,134,LANE CHANGE RIGHT (NOT OVERTAKING),3,259315,2,0,0,1,1,2,2,5,Not at intersection,3,50,Uknown,26-29,Other injury,Bicyclists
T20130005949,3/20/2013,19:20:00,1,Collision with vehicle,4,Wednesday,120,HEAD ON (NOT OVERTAKING),2,259046,2,0,1,0,2,3,1,5,Not at intersection,2,80,Arterial Highway,45424,Serious injury,Bicyclists
T20130005962,3/21/2013,1:50:00,1,Collision with vehicle,5,Thursday,111,RIGHT FAR (INTERSECTIONS ONLY),3,71212,2,0,1,0,1,2,1,1,Cross intersection,2,60,Local Road,26-29,Serious injury,Bicyclists
T20130006018,3/21/2013,17:30:00,1,Collision with vehicle,5,Thursday,131,LEFT REAR,1,35579,3,0,1,1,2,4,1,1,Cross intersection,2,60,Arterial Other,50-59,Serious injury,Bicyclists
T20130006034,3/18/2013,18:00:00,1,Collision with vehicle,2,Monday,163,VEHICLE STRIKES DOOR OF PARKED/STATIONARY VEHICLE,1,261899,2,0,0,1,1,2,2,5,Not at intersection,3,60,Arterial Other,40-49,Other injury,Bicyclists
T20130006054,3/22/2013,8:17:00,1,Collision with vehicle,6,Friday,112,LEFT FAR (INTERSECTIONS ONLY),1,41698,2,0,0,1,1,2,1,2,T intersection,3,70,Arterial Highway,50-59,Other injury,Bicyclists
T20130006074,3/22/2013,14:38:00,1,Collision with vehicle,6,Friday,143,ENTERING PARKING,1,259341,2,0,1,0,1,2,1,5,Not at intersection,2,50,Arterial Other,30-39,Serious injury,Bicyclists
T20130006144,3/23/2013,12:00:00,1,Collision with vehicle,7,Saturday,148,VEHICLE OFF FOOTPATH STRIKES VEH ON CARRIAGEWAY,1,259353,2,0,0,1,1,2,1,5,Not at intersection,3,60,Local Road,70+,Other injury,Bicyclists
T20130006145,3/18/2013,19:00:00,1,Collision with vehicle,2,Monday,136,RIGHT TURN SIDESWIPE,2,38779,2,0,0,1,1,2,2,1,Cross intersection,3,60,Arterial Highway,30-39,Other injury,Bicyclists
T20130006146,3/8/2013,18:00:00,1,Collision with vehicle,6,Friday,147,VEHICLE STRIKES ANOTHER VEH WHILE EMERGING FROM DRIVEWAY,1,256274,2,0,0,2,0,2,2,5,Not at intersection,3,999,Arterial Other,40-49,Other injury,Bicyclists
T20130006147,3/23/2013,9:30:00,1,Collision with vehicle,7,Saturday,135,LANE CHANGE LEFT (NOT OVERTAKING),1,36284,3,0,1,1,1,3,1,2,T intersection,2,80,Arterial Highway,30-39,Other injury,Bicyclists
T20130006152,3/23/2013,11:07:00,1,Collision with vehicle,7,Saturday,110,CROSS TRAFFIC(INTERSECTIONS ONLY),1,258713,2,0,0,1,1,2,1,1,Cross intersection,3,50,Local Road,45424,Other injury,Bicyclists
T20130006194,3/24/2013,6:05:00,1,Collision with vehicle,1,Sunday,130,REAR END(VEHICLES IN SAME LANE),3,258715,3,0,1,1,1,3,1,5,Not at intersection,2,80,Arterial Highway,30-39,Serious injury,Bicyclists
T20130006198,3/24/2013,8:30:00,1,Collision with vehicle,1,Sunday,163,VEHICLE STRIKES DOOR OF PARKED/STATIONARY VEHICLE,1,259372,2,0,1,1,0,2,1,5,Not at intersection,2,60,Local Road,18-21,Serious injury,Bicyclists
T20130006203,3/24/2013,9:45:00,1,Collision with vehicle,1,Sunday,121,RIGHT THROUGH,1,36889,2,0,0,1,5,6,1,1,Cross intersection,3,40,Local Road,50-59,Other injury,Bicyclists
T20130006213,3/24/2013,11:50:00,1,Collision with vehicle,1,Sunday,143,ENTERING PARKING,1,259374,2,0,1,1,0,2,1,5,Not at intersection,2,60,Arterial Other,50-59,Serious injury,Bicyclists
T20130006221,3/24/2013,15:35:00,8,No collision and no object struck,1,Sunday,174,OUT OF CONTROL ON CARRIAGEWAY (ON STRAIGHT),1,29984,2,0,0,1,1,2,2,1,Cross intersection,3,60,Local Road,13-15,Other injury,Bicyclists
T20130006225,3/24/2013,11:30:00,1,Collision with vehicle,1,Sunday,110,CROSS TRAFFIC(INTERSECTIONS ONLY),1,259377,2,0,0,1,1,2,2,1,Cross intersection,3,100,Arterial Other,50-59,Other injury,Bicyclists
T20130006255,3/19/2013,8:50:00,1,Collision with vehicle,3,Tuesday,130,REAR END(VEHICLES IN SAME LANE),1,268500,2,0,0,1,1,2,2,5,Not at intersection,3,60,Local Road,30-39,Other injury,Bicyclists
T20130006263,3/25/2013,7:20:00,1,Collision with vehicle,2,Monday,153,CUTTING IN (OVERTAKING),2,100,2,0,0,1,2,3,1,1,Cross intersection,3,50,Local Road,30-39,Other injury,Bicyclists
T20130006275,3/25/2013,14:00:00,1,Collision with vehicle,2,Monday,163,VEHICLE STRIKES DOOR OF PARKED/STATIONARY VEHICLE,1,258825,2,0,0,1,1,2,1,5,Not at intersection,3,70,Arterial Other,30-39,Other injury,Bicyclists
T20130006278,3/25/2013,8:30:00,1,Collision with vehicle,2,Monday,110,CROSS TRAFFIC(INTERSECTIONS ONLY),1,64166,2,0,0,1,1,2,1,1,Cross intersection,3,50,Local Road,26-29,Other injury,Bicyclists
T20130006279,2/6/2013,12:00:00,8,No collision and no object struck,4,Wednesday,174,OUT OF CONTROL ON CARRIAGEWAY (ON STRAIGHT),9,268502,2,0,0,1,1,2,2,5,Not at intersection,3,60,Arterial Other,26-29,Other injury,Bicyclists
T20130006294,3/25/2013,18:23:00,1,Collision with vehicle,2,Monday,121,RIGHT THROUGH,1,56281,2,0,1,0,1,2,1,1,Cross intersection,2,50,Local Road,30-39,Serious injury,Bicyclists
T20130006310,3/24/2013,13:30:00,1,Collision with vehicle,1,Sunday,140,U TURN,1,268504,2,0,0,1,1,2,2,2,T intersection,3,60,Arterial Other,30-39,Other injury,Bicyclists
T20130006325,3/20/2013,9:40:00,1,Collision with vehicle,4,Wednesday,163,VEHICLE STRIKES DOOR OF PARKED/STATIONARY VEHICLE,1,37368,2,0,0,1,1,2,2,1,Cross intersection,3,60,Arterial Other,40-49,Other injury,Bicyclists
T20130006327,3/26/2013,8:04:00,1,Collision with vehicle,3,Tuesday,148,VEHICLE OFF FOOTPATH STRIKES VEH ON CARRIAGEWAY,1,71094,2,0,0,1,1,2,1,2,T intersection,3,50,Local Road,13-15,Other injury,Bicyclists
T20130006329,3/23/2013,11:00:00,1,Collision with vehicle,7,Saturday,110,CROSS TRAFFIC(INTERSECTIONS ONLY),1,41817,2,0,0,1,2,3,1,1,Cross intersection,3,60,Local Road,40-49,Other injury,Bicyclists
T20130006380,3/26/2013,17:43:00,1,Collision with vehicle,3,Tuesday,143,ENTERING PARKING,1,259259,2,0,0,1,1,2,2,5,Not at intersection,3,50,Local Road,40-49,Other injury,Bicyclists
T20130006382,3/20/2013,7:30:00,1,Collision with vehicle,4,Wednesday,163,VEHICLE STRIKES DOOR OF PARKED/STATIONARY VEHICLE,2,268511,2,0,1,0,1,2,2,5,Not at intersection,2,50,Arterial Other,30-39,Serious injury,Bicyclists
T20130006384,3/26/2013,15:02:00,1,Collision with vehicle,3,Tuesday,137,LEFT TURN SIDESWIPE,1,46857,2,0,0,1,1,2,1,2,T intersection,3,999,Arterial Highway,70+,Other injury,Bicyclists
T20130006389,3/26/2013,17:45:00,1,Collision with vehicle,3,Tuesday,121,RIGHT THROUGH,1,29538,2,0,1,0,1,2,1,2,T intersection,2,60,Arterial Other,50-59,Serious injury,Bicyclists
T20130006420,3/27/2013,7:15:00,1,Collision with vehicle,4,Wednesday,137,LEFT TURN SIDESWIPE,1,45458,2,0,1,0,1,2,1,2,T intersection,2,50,Local Road,30-39,Serious injury,Bicyclists
T20130006422,3/26/2013,16:40:00,1,Collision with vehicle,3,Tuesday,110,CROSS TRAFFIC(INTERSECTIONS ONLY),1,259385,2,0,0,1,1,2,2,1,Cross intersection,3,50,Arterial Other,16-17,Other injury,Bicyclists
T20130006425,3/27/2013,8:32:00,1,Collision with vehicle,4,Wednesday,110,CROSS TRAFFIC(INTERSECTIONS ONLY),1,41319,2,0,1,0,1,2,1,1,Cross intersection,2,50,Local Road,70+,Serious injury,Bicyclists
T20130006429,3/27/2013,8:50:00,1,Collision with vehicle,4,Wednesday,110,CROSS TRAFFIC(INTERSECTIONS ONLY),1,72445,2,0,0,1,1,2,2,1,Cross intersection,3,50,Uknown,30-39,Other injury,Bicyclists
T20130006432,3/26/2013,18:45:00,1,Collision with vehicle,3,Tuesday,110,CROSS TRAFFIC(INTERSECTIONS ONLY),2,39978,2,0,0,1,1,2,2,1,Cross intersection,3,60,Local Road,40-49,Other injury,Bicyclists
T20130006433,3/27/2013,9:43:00,1,Collision with vehicle,4,Wednesday,118,TWO LEFT TURNING (INTERSECTIONS ONLY),1,259397,2,0,0,1,1,2,1,2,T intersection,3,100,Local Road,18-21,Other injury,Bicyclists
T20130006435,3/27/2013,8:50:00,1,Collision with vehicle,4,Wednesday,116,LEFT NEAR (INTERSECTIONS ONLY),1,40796,2,0,0,1,1,2,2,2,T intersection,3,60,Arterial Other,26-29,Other injury,Bicyclists
T20130006445,3/24/2013,17:00:00,1,Collision with vehicle,1,Sunday,163,VEHICLE STRIKES DOOR OF PARKED/STATIONARY VEHICLE,9,36391,2,0,1,0,1,2,2,1,Cross intersection,2,999,Local Road,18-21,Serious injury,Bicyclists
T20130006463,3/27/2013,9:30:00,1,Collision with vehicle,4,Wednesday,137,LEFT TURN SIDESWIPE,1,36379,2,0,1,0,1,2,2,2,T intersection,2,60,Local Road,30-39,Serious injury,Bicyclists
T20130006470,3/27/2013,17:20:00,1,Collision with vehicle,4,Wednesday,110,CROSS TRAFFIC(INTERSECTIONS ONLY),1,42181,2,0,0,1,1,2,2,4,Multiple intersection,3,60,Local Road,50-59,Other injury,Bicyclists
T20130006494,2/28/2013,8:45:00,1,Collision with vehicle,5,Thursday,163,VEHICLE STRIKES DOOR OF PARKED/STATIONARY VEHICLE,1,268522,2,0,1,0,1,2,2,5,Not at intersection,2,50,Local Road,45424,Serious injury,Bicyclists
T20130006525,3/28/2013,13:15:00,2,Struck Pedestrian,5,Thursday,100,PED NEAR SIDE. PED HIT BY VEHICLE FROM THE RIGHT.,1,216,1,0,0,2,0,2,2,1,Cross intersection,3,40,Local Road,22-25,Other injury,Bicyclists
T20130006528,3/28/2013,7:35:00,1,Collision with vehicle,5,Thursday,110,CROSS TRAFFIC(INTERSECTIONS ONLY),1,44562,2,0,0,1,1,2,1,1,Cross intersection,3,60,Arterial Highway,50-59,Other injury,Bicyclists
T20130006590,3/28/2013,18:55:00,1,Collision with vehicle,5,Thursday,137,LEFT TURN SIDESWIPE,1,261439,3,0,0,1,2,3,1,5,Not at intersection,3,50,Local Road,40-49,Other injury,Bicyclists
T20130006591,3/28/2013,15:10:00,1,Collision with vehicle,5,Thursday,137,LEFT TURN SIDESWIPE,1,40430,2,0,0,1,1,2,2,2,T intersection,3,60,Arterial Other,18-21,Other injury,Bicyclists
T20130006656,3/30/2013,13:20:00,1,Collision with vehicle,7,Saturday,116,LEFT NEAR (INTERSECTIONS ONLY),1,41891,2,0,0,1,1,2,1,1,Cross intersection,3,80,Arterial Other,16-17,Other injury,Bicyclists
T20130006657,3/30/2013,11:45:00,1,Collision with vehicle,7,Saturday,119,OTHER ADJACENT (INTERSECTIONS ONLY),1,278588,2,0,1,0,1,2,1,2,T intersection,2,777,Local Road,50-59,Serious injury,Bicyclists
T20130006673,3/27/2013,8:30:00,1,Collision with vehicle,4,Wednesday,133,LANE SIDE SWIPE (VEHICLES IN PARALLEL LANES),1,222039,2,0,0,1,1,2,2,1,Cross intersection,3,999,Arterial Other,26-29,Other injury,Bicyclists
T20130006724,3/31/2013,14:00:00,1,Collision with vehicle,1,Sunday,130,REAR END(VEHICLES IN SAME LANE),1,293755,2,1,0,0,1,2,1,4,Multiple intersection,1,110,Freeway,50-59,Fatality,Bicyclists
T20130006796,4/2/2013,13:30:00,1,Collision with vehicle,3,Tuesday,163,VEHICLE STRIKES DOOR OF PARKED/STATIONARY VEHICLE,1,140038,2,0,0,1,1,2,2,5,Not at intersection,3,40,Local Road,30-39,Other injury,Bicyclists
T20130006800,4/1/2013,22:25:00,1,Collision with vehicle,2,Monday,121,RIGHT THROUGH,3,36469,2,0,0,1,1,2,1,1,Cross intersection,3,40,Local Road,26-29,Other injury,Bicyclists
T20130006828,4/2/2013,19:26:00,8,No collision and no object struck,3,Tuesday,174,OUT OF CONTROL ON CARRIAGEWAY (ON STRAIGHT),3,69237,2,0,0,1,1,2,1,1,Cross intersection,3,70,Arterial Highway,40-49,Other injury,Bicyclists
T20130006874,4/3/2013,7:25:00,1,Collision with vehicle,4,Wednesday,116,LEFT NEAR (INTERSECTIONS ONLY),3,922,2,0,0,1,1,2,1,2,T intersection,3,80,Arterial Highway,50-59,Other injury,Bicyclists
T20130006876,1/22/2013,15:00:00,8,No collision and no object struck,3,Tuesday,174,OUT OF CONTROL ON CARRIAGEWAY (ON STRAIGHT),1,45660,2,0,0,1,1,2,2,2,T intersection,3,40,Arterial Other,26-29,Other injury,Bicyclists
T20130006919,4/3/2013,18:55:00,1,Collision with vehicle,4,Wednesday,121,RIGHT THROUGH,1,37735,2,0,0,1,1,2,1,2,T intersection,3,60,Arterial Other,30-39,Other injury,Bicyclists
T20130006929,4/3/2013,15:55:00,6,Vehicle overturned (no collision),4,Wednesday,174,OUT OF CONTROL ON CARRIAGEWAY (ON STRAIGHT),1,81374,1,0,0,1,1,2,1,5,Not at intersection,3,60,Arterial Other,30-39,Other injury,Bicyclists
T20130006938,3/26/2013,17:40:00,1,Collision with vehicle,3,Tuesday,132,RIGHT REAR.,1,36022,2,0,0,1,1,2,2,1,Cross intersection,3,50,Arterial Other,13-15,Other injury,Bicyclists
T20130006939,9/20/2012,7:00:00,1,Collision with vehicle,5,Thursday,111,RIGHT FAR (INTERSECTIONS ONLY),2,83,2,0,1,0,1,2,2,1,Cross intersection,2,60,Arterial Other,22-25,Serious injury,Bicyclists
T20130006947,4/4/2013,8:31:00,1,Collision with vehicle,5,Thursday,110,CROSS TRAFFIC(INTERSECTIONS ONLY),1,36992,2,0,0,1,1,2,1,1,Cross intersection,3,50,Freeway,22-25,Other injury,Bicyclists
T20130006949,4/4/2013,9:50:00,1,Collision with vehicle,5,Thursday,121,RIGHT THROUGH,1,227971,2,0,0,1,1,2,1,2,T intersection,3,40,Arterial Other,22-25,Other injury,Bicyclists
T20130006959,4/3/2013,12:00:00,1,Collision with vehicle,4,Wednesday,113,RIGHT NEAR (INTERSECTIONS ONLY),1,46915,2,0,0,1,1,2,1,2,T intersection,3,60,Arterial Other,18-21,Other injury,Bicyclists
T20130006970,4/4/2013,17:10:00,1,Collision with vehicle,5,Thursday,133,LANE SIDE SWIPE (VEHICLES IN PARALLEL LANES),2,268584,2,0,1,0,1,2,1,5,Not at intersection,2,70,Uknown,50-59,Serious injury,Bicyclists
T20130006994,4/4/2013,20:25:00,1,Collision with vehicle,5,Thursday,136,RIGHT TURN SIDESWIPE,3,36051,2,0,1,0,1,2,1,2,T intersection,2,60,Local Road,30-39,Serious injury,Bicyclists
T20130006996,4/4/2013,16:30:00,1,Collision with vehicle,5,Thursday,137,LEFT TURN SIDESWIPE,1,50099,2,0,0,1,1,2,1,1,Cross intersection,3,70,Arterial Highway,40-49,Other injury,Bicyclists
T20130007015,4/5/2013,8:25:00,1,Collision with vehicle,5,Friday,130,REAR END(VEHICLES IN SAME LANE),1,277411,2,0,0,1,1,2,1,5,Not at intersection,3,60,Local Road,30-39,Other injury,Bicyclists
T20130007020,4/5/2013,9:40:00,1,Collision with vehicle,6,Friday,163,VEHICLE STRIKES DOOR OF PARKED/STATIONARY VEHICLE,1,259413,2,0,1,0,1,2,1,5,Not at intersection,2,60,Arterial Other,13-15,Serious injury,Bicyclists
T20130007023,4/5/2013,11:00:00,1,Collision with vehicle,6,Friday,148,VEHICLE OFF FOOTPATH STRIKES VEH ON CARRIAGEWAY,1,42513,2,0,0,1,1,2,1,1,Cross intersection,3,60,Arterial Other,45424,Other injury,Bicyclists
T20130007050,2/8/2013,9:20:00,1,Collision with vehicle,6,Friday,121,RIGHT THROUGH,1,41096,2,0,0,1,1,2,2,2,T intersection,3,999,Arterial Other,18-21,Other injury,Bicyclists
T20130007058,4/5/2013,16:55:00,1,Collision with vehicle,6,Friday,121,RIGHT THROUGH,1,45952,2,0,0,1,1,2,1,2,T intersection,3,40,Arterial Other,26-29,Other injury,Bicyclists
T20130007092,4/6/2013,7:00:00,1,Collision with vehicle,7,Saturday,113,RIGHT NEAR (INTERSECTIONS ONLY),3,32496,2,0,0,1,1,2,1,2,T intersection,3,60,Uknown,40-49,Other injury,Bicyclists
T20130007097,3/20/2013,14:00:00,1,Collision with vehicle,4,Wednesday,130,REAR END(VEHICLES IN SAME LANE),1,29808,2,0,0,1,1,2,2,1,Cross intersection,3,60,Local Road,18-21,Other injury,Bicyclists
T20130007110,4/6/2013,9:30:00,1,Collision with vehicle,7,Saturday,116,LEFT NEAR (INTERSECTIONS ONLY),1,41085,2,0,1,0,1,2,1,2,T intersection,2,60,Arterial Other,40-49,Serious injury,Bicyclists
T20130007114,4/6/2013,12:40:00,1,Collision with vehicle,7,Saturday,129,OTHER OPPOSING MANOEUVRES NOT INCLUDED IN DCAs 120-125.,1,259287,3,0,1,0,2,3,1,5,Not at intersection,2,100,Local Road,18-21,Serious injury,Bicyclists
T20130007203,4/7/2013,17:15:00,1,Collision with vehicle,1,Sunday,116,LEFT NEAR (INTERSECTIONS ONLY),2,250341,2,0,0,1,1,2,1,1,Cross intersection,3,50,Uknown,40-49,Other injury,Bicyclists
T20130007207,4/7/2013,19:35:00,1,Collision with vehicle,1,Sunday,160,VEHICLE COLLIDES WITH VEHICLE PARKED ON LEFT OF ROAD,3,50220,2,0,0,1,0,1,1,2,T intersection,3,60,Arterial Other,22-25,Other injury,Bicyclists
T20130007317,4/8/2013,19:15:00,1,Collision with vehicle,2,Monday,137,LEFT TURN SIDESWIPE,3,41391,2,0,0,1,1,2,2,1,Cross intersection,3,60,Arterial Other,26-29,Other injury,Bicyclists
T20130007324,4/9/2013,8:25:00,1,Collision with vehicle,3,Tuesday,121,RIGHT THROUGH,1,52828,2,0,0,1,1,2,1,2,T intersection,3,50,Local Road,30-39,Other injury,Bicyclists
T20130007347,4/6/2013,10:30:00,1,Collision with vehicle,7,Saturday,110,CROSS TRAFFIC(INTERSECTIONS ONLY),1,41119,2,0,0,1,1,2,2,1,Cross intersection,3,50,Local Road,50-59,Other injury,Bicyclists
T20130007349,4/9/2013,15:15:00,1,Collision with vehicle,3,Tuesday,137,LEFT TURN SIDESWIPE,1,50477,2,0,1,0,2,3,1,1,Cross intersection,2,60,Local Road,40-49,Serious injury,Bicyclists
T20130007350,4/9/2013,18:00:00,1,Collision with vehicle,3,Tuesday,137,LEFT TURN SIDESWIPE,2,259711,2,0,0,1,1,2,1,5,Not at intersection,3,60,Arterial Highway,40-49,Other injury,Bicyclists
T20130007355,4/9/2013,18:30:00,1,Collision with vehicle,3,Tuesday,163,VEHICLE STRIKES DOOR OF PARKED/STATIONARY VEHICLE,3,39256,2,0,0,1,1,2,1,2,T intersection,3,60,Arterial Highway,40-49,Other injury,Bicyclists
T20130007356,2/21/2013,15:30:00,1,Collision with vehicle,5,Thursday,137,LEFT TURN SIDESWIPE,1,259218,2,0,0,1,2,3,2,4,Multiple intersection,3,50,Uknown,50-59,Other injury,Bicyclists
T20130007360,4/9/2013,21:35:00,1,Collision with vehicle,3,Tuesday,163,VEHICLE STRIKES DOOR OF PARKED/STATIONARY VEHICLE,3,36499,2,0,0,1,2,3,1,1,Cross intersection,3,40,Local Road,26-29,Other injury,Bicyclists
T20130007368,4/9/2013,13:10:00,1,Collision with vehicle,3,Tuesday,120,HEAD ON (NOT OVERTAKING),1,259306,2,0,1,0,2,3,1,5,Not at intersection,2,50,Local Road,40-49,Serious injury,Bicyclists
T20130007380,4/10/2013,8:55:00,1,Collision with vehicle,4,Wednesday,121,RIGHT THROUGH,1,29356,2,0,1,0,1,2,1,2,T intersection,2,60,Arterial Other,18-21,Serious injury,Bicyclists
T20130007386,4/9/2013,20:10:00,1,Collision with vehicle,3,Tuesday,130,REAR END(VEHICLES IN SAME LANE),3,72552,2,0,0,1,1,2,2,1,Cross intersection,3,50,Local Road,26-29,Other injury,Bicyclists
T20130007389,2/27/2013,8:45:00,1,Collision with vehicle,4,Wednesday,116,LEFT NEAR (INTERSECTIONS ONLY),1,37959,2,0,0,1,1,2,2,2,T intersection,3,999,Arterial Other,22-25,Other injury,Bicyclists
T20130007390,4/10/2013,8:20:00,1,Collision with vehicle,4,Wednesday,136,RIGHT TURN SIDESWIPE,1,238,2,0,0,1,1,2,2,1,Cross intersection,3,50,Local Road,60-64,Other injury,Bicyclists
T20130007394,4/10/2013,11:26:00,1,Collision with vehicle,4,Wednesday,137,LEFT TURN SIDESWIPE,1,264321,2,0,0,1,2,3,1,5,Not at intersection,3,70,Arterial Highway,50-59,Other injury,Bicyclists
T20130007398,4/10/2013,14:01:00,1,Collision with vehicle,4,Wednesday,121,RIGHT THROUGH,1,29373,2,0,0,1,1,2,1,1,Cross intersection,3,60,Uknown,22-25,Other injury,Bicyclists
T20130007431,4/10/2013,16:15:00,1,Collision with vehicle,4,Wednesday,148,VEHICLE OFF FOOTPATH STRIKES VEH ON CARRIAGEWAY,1,259557,2,0,0,1,2,3,1,2,T intersection,3,50,Local Road,22-25,Other injury,Bicyclists
T20130007438,4/10/2013,6:00:00,1,Collision with vehicle,4,Wednesday,114,TWO RIGHT TURNING (INTERSECTIONS ONLY),1,40674,2,0,0,1,1,2,1,2,T intersection,3,60,Arterial Other,50-59,Other injury,Bicyclists
T20130007446,4/11/2013,7:32:00,1,Collision with vehicle,5,Thursday,121,RIGHT THROUGH,1,757,2,0,1,0,1,2,1,2,T intersection,2,60,Arterial Other,50-59,Serious injury,Bicyclists
T20130007459,4/11/2013,9:20:00,8,No collision and no object struck,5,Thursday,174,OUT OF CONTROL ON CARRIAGEWAY (ON STRAIGHT),1,232956,2,0,0,1,1,2,2,1,Cross intersection,3,60,Arterial Other,Unknown,Not injured,Bicyclists
T20130007467,3/2/2013,23:59:00,1,Collision with vehicle,7,Saturday,148,VEHICLE OFF FOOTPATH STRIKES VEH ON CARRIAGEWAY,3,56532,2,0,0,1,1,2,2,1,Cross intersection,3,999,Arterial Highway,22-25,Other injury,Bicyclists
T20130007474,4/10/2013,22:35:00,1,Collision with vehicle,4,Wednesday,163,VEHICLE STRIKES DOOR OF PARKED/STATIONARY VEHICLE,3,259561,2,0,0,1,1,2,1,5,Not at intersection,3,60,Arterial Other,22-25,Other injury,Bicyclists
T20130007480,4/11/2013,8:30:00,1,Collision with vehicle,5,Thursday,153,CUTTING IN (OVERTAKING),1,259599,2,0,0,1,1,2,2,2,T intersection,3,50,Local Road,40-49,Other injury,Bicyclists
T20130007482,4/11/2013,12:00:00,1,Collision with vehicle,5,Thursday,121,RIGHT THROUGH,1,22507,2,0,1,0,1,2,1,2,T intersection,2,80,Arterial Other,30-39,Serious injury,Bicyclists
T20130007526,4/12/2013,6:55:00,1,Collision with vehicle,6,Friday,116,LEFT NEAR (INTERSECTIONS ONLY),2,56842,2,0,0,1,1,2,1,1,Cross intersection,3,50,Arterial Other,26-29,Other injury,Bicyclists