ACCIDENT_NO,ACCIDENT_DATE,ACCIDENT_TIME,ACCIDENT_TYPE,ACCIDENT_TYPE_DESC,DAY_OF_WEEK,DAY_WEEK_DESC,DCA_CODE,DCA_DESC,LIGHT_CONDITION,NODE_ID,NO_OF_VEHICLES,NO_PERSONS_KILLED,NO_PERSONS_INJ_2,NO_PERSONS_INJ_3,NO_PERSONS_NOT_INJ,NO_PERSONS,POLICE_ATTEND,ROAD_GEOMETRY,ROAD_GEOMETRY_DESC,SEVERITY,SPEED_ZONE,RMA,AGE_GROUP,INJ_LEVEL,ROAD_USER_TYPE_DESC
T20130007532,4/12/2013,8:54:00,1,Collision with vehicle,5,Friday,133,LANE SIDE SWIPE (VEHICLES IN PARALLEL LANES),1,42037,2,0,0,1,1,2,1,1,Cross intersection,3,60,Local Road,50-59,Other injury,Bicyclists
T20130007565,4/12/2013,18:00:00,1,Collision with vehicle,6,Friday,121,RIGHT THROUGH,2,259579,2,0,1,0,1,2,1,5,Not at intersection,2,60,Arterial Other,30-39,Serious injury,Bicyclists
T20130007568,4/9/2013,16:00:00,1,Collision with vehicle,3,Tuesday,163,VEHICLE STRIKES DOOR OF PARKED/STATIONARY VEHICLE,1,40013,2,0,0,1,1,2,2,1,Cross intersection,3,50,Local Road,26-29,Other injury,Bicyclists
T20130007705,3/27/2013,14:00:00,1,Collision with vehicle,4,Wednesday,163,VEHICLE STRIKES DOOR OF PARKED/STATIONARY VEHICLE,1,259511,2,0,0,1,1,2,2,5,Not at intersection,3,50,Local Road,40-49,Other injury,Bicyclists
T20130007710,3/24/2013,9:20:00,1,Collision with vehicle,1,Sunday,148,VEHICLE OFF FOOTPATH STRIKES VEH ON CARRIAGEWAY,1,42319,2,0,0,1,1,2,2,2,T intersection,3,60,Arterial Highway,60-64,Other injury,Bicyclists
T20130007788,4/15/2013,18:15:00,1,Collision with vehicle,2,Monday,121,RIGHT THROUGH,3,41086,2,0,1,0,1,2,1,1,Cross intersection,2,50,Local Road,30-39,Serious injury,Bicyclists
T20130007813,4/16/2013,8:15:00,1,Collision with vehicle,3,Tuesday,148,VEHICLE OFF FOOTPATH STRIKES VEH ON CARRIAGEWAY,1,37606,2,0,0,1,1,2,1,2,T intersection,3,999,Local Road,40-49,Other injury,Bicyclists
T20130007824,4/6/2013,6:50:00,1,Collision with vehicle,7,Saturday,121,RIGHT THROUGH,3,70267,2,0,0,1,1,2,2,2,T intersection,3,60,Arterial Other,40-49,Other injury,Bicyclists
T20130007867,4/16/2013,19:50:00,1,Collision with vehicle,3,Tuesday,113,RIGHT NEAR (INTERSECTIONS ONLY),3,45087,2,0,0,1,1,2,1,1,Cross intersection,3,60,Local Road,50-59,Other injury,Bicyclists
T20130007896,4/17/2013,8:05:00,1,Collision with vehicle,4,Wednesday,163,VEHICLE STRIKES DOOR OF PARKED/STATIONARY VEHICLE,1,36445,2,0,1,0,2,3,1,2,T intersection,2,40,Arterial Other,30-39,Serious injury,Bicyclists
T20130007904,4/17/2013,8:00:00,1,Collision with vehicle,4,Wednesday,137,LEFT TURN SIDESWIPE,1,259777,2,0,0,1,1,2,1,5,Not at intersection,3,40,Local Road,50-59,Other injury,Bicyclists
T20130007905,4/17/2013,8:04:00,1,Collision with vehicle,4,Wednesday,163,VEHICLE STRIKES DOOR OF PARKED/STATIONARY VEHICLE,1,260473,2,0,1,0,3,4,1,1,Cross intersection,2,40,Arterial Highway,26-29,Serious injury,Bicyclists
T20130007923,3/20/2013,8:51:00,1,Collision with vehicle,4,Wednesday,116,LEFT NEAR (INTERSECTIONS ONLY),1,43817,2,0,0,1,1,2,1,1,Cross intersection,3,50,Local Road,60-64,Other injury,Bicyclists
T20130007959,4/17/2013,18:30:00,1,Collision with vehicle,4,Wednesday,163,VEHICLE STRIKES DOOR OF PARKED/STATIONARY VEHICLE,3,259784,2,0,0,1,1,2,2,5,Not at intersection,3,50,Arterial Other,40-49,Other injury,Bicyclists
T20130007973,4/18/2013,8:15:00,1,Collision with vehicle,5,Thursday,140,U TURN,1,37175,2,0,1,0,1,2,1,2,T intersection,2,40,Arterial Other,26-29,Serious injury,Bicyclists
T20130007983,4/18/2013,8:25:00,1,Collision with vehicle,5,Thursday,142,LEAVING PARKING,1,35996,2,0,0,1,1,2,1,1,Cross intersection,3,40,Local Road,22-25,Other injury,Bicyclists
T20130007996,4/18/2013,9:50:00,1,Collision with vehicle,5,Thursday,130,REAR END(VEHICLES IN SAME LANE),1,268678,2,0,0,1,1,2,1,5,Not at intersection,3,40,Local Road,40-49,Other injury,Bicyclists
T20130007999,1/19/2012,13:15:00,1,Collision with vehicle,5,Thursday,110,CROSS TRAFFIC(INTERSECTIONS ONLY),1,64555,2,0,0,1,1,2,1,1,Cross intersection,3,50,Local Road,70+,Other injury,Bicyclists
T20130008012,4/18/2013,13:50:00,1,Collision with vehicle,5,Thursday,113,RIGHT NEAR (INTERSECTIONS ONLY),1,69245,2,0,0,1,1,2,1,2,T intersection,3,60,Arterial Other,60-64,Other injury,Bicyclists
T20130008076,4/19/2013,7:40:00,1,Collision with vehicle,6,Friday,113,RIGHT NEAR (INTERSECTIONS ONLY),1,42313,2,0,0,1,1,2,1,1,Cross intersection,3,60,Local Road,30-39,Other injury,Bicyclists
T20130008090,4/19/2013,10:10:00,1,Collision with vehicle,6,Friday,136,RIGHT TURN SIDESWIPE,1,259816,2,0,1,0,1,2,1,2,T intersection,2,50,Local Road,50-59,Serious injury,Bicyclists
T20130008126,4/19/2013,16:40:00,1,Collision with vehicle,6,Friday,110,CROSS TRAFFIC(INTERSECTIONS ONLY),1,57599,2,0,1,0,1,2,1,4,Multiple intersection,2,50,Arterial Other,70+,Serious injury,Bicyclists
T20130008127,4/19/2013,17:30:00,1,Collision with vehicle,6,Friday,148,VEHICLE OFF FOOTPATH STRIKES VEH ON CARRIAGEWAY,3,41927,2,0,0,1,1,2,1,1,Cross intersection,3,80,Arterial Highway,13-15,Other injury,Bicyclists
T20130008142,4/19/2013,23:15:00,1,Collision with vehicle,6,Friday,110,CROSS TRAFFIC(INTERSECTIONS ONLY),3,49175,2,0,0,1,1,2,1,1,Cross intersection,3,60,Uknown,30-39,Other injury,Bicyclists
T20130008170,4/20/2013,8:20:00,1,Collision with vehicle,6,Saturday,121,RIGHT THROUGH,1,38901,2,0,0,1,2,3,1,2,T intersection,3,40,Arterial Other,40-49,Other injury,Bicyclists
T20130008177,4/20/2013,12:08:00,1,Collision with vehicle,7,Saturday,132,RIGHT REAR.,1,268699,2,0,1,0,1,2,1,5,Not at intersection,2,100,Uknown,50-59,Serious injury,Bicyclists
T20130008203,4/20/2013,17:30:00,1,Collision with vehicle,7,Saturday,160,VEHICLE COLLIDES WITH VEHICLE PARKED ON LEFT OF ROAD,2,259818,2,0,0,1,0,1,1,5,Not at intersection,3,60,Arterial Other,30-39,Other injury,Bicyclists
T20130008211,4/19/2013,18:50:00,1,Collision with vehicle,6,Friday,121,RIGHT THROUGH,1,37200,2,0,0,1,1,2,2,2,T intersection,3,40,Arterial Other,30-39,Other injury,Bicyclists
T20130008254,4/21/2013,15:00:00,1,Collision with vehicle,1,Sunday,121,RIGHT THROUGH,1,56100,2,0,1,0,1,2,1,2,T intersection,2,60,Arterial Other,50-59,Serious injury,Bicyclists
T20130008261,4/21/2013,8:30:00,1,Collision with vehicle,1,Sunday,121,RIGHT THROUGH,1,36625,2,0,1,0,1,2,2,1,Cross intersection,2,999,Local Road,30-39,Serious injury,Bicyclists
T20130008291,4/21/2013,16:30:00,1,Collision with vehicle,1,Sunday,110,CROSS TRAFFIC(INTERSECTIONS ONLY),1,37556,2,0,0,1,1,2,2,1,Cross intersection,3,60,Local Road,40-49,Other injury,Bicyclists
T20130008293,4/19/2013,16:50:00,1,Collision with vehicle,6,Friday,163,VEHICLE STRIKES DOOR OF PARKED/STATIONARY VEHICLE,1,259809,2,0,1,1,0,2,2,5,Not at intersection,2,60,Local Road,50-59,Serious injury,Bicyclists
T20130008294,4/20/2013,18:00:00,1,Collision with vehicle,7,Saturday,163,VEHICLE STRIKES DOOR OF PARKED/STATIONARY VEHICLE,3,268720,2,0,0,1,1,2,2,5,Not at intersection,3,40,Local Road,22-25,Other injury,Bicyclists
T20130008328,4/10/2013,10:40:00,8,No collision and no object struck,4,Wednesday,170,OFF CARRIAGEWAY TO LEFT,1,268725,2,0,0,1,1,2,2,5,Not at intersection,3,60,Arterial Other,50-59,Other injury,Bicyclists
T20130008332,4/22/2013,15:50:00,1,Collision with vehicle,2,Monday,143,ENTERING PARKING,1,354888,3,0,1,0,2,3,1,5,Not at intersection,2,60,Arterial Other,40-49,Serious injury,Bicyclists
T20130008354,4/23/2013,7:30:00,1,Collision with vehicle,3,Tuesday,110,CROSS TRAFFIC(INTERSECTIONS ONLY),1,38727,2,0,0,1,2,3,1,1,Cross intersection,3,50,Local Road,50-59,Other injury,Bicyclists
T20130008360,4/1/2013,10:35:00,1,Collision with vehicle,2,Monday,163,VEHICLE STRIKES DOOR OF PARKED/STATIONARY VEHICLE,1,36847,2,0,0,1,1,2,2,2,T intersection,3,40,Local Road,30-39,Other injury,Bicyclists
T20130008364,4/23/2013,9:30:00,1,Collision with vehicle,3,Tuesday,163,VEHICLE STRIKES DOOR OF PARKED/STATIONARY VEHICLE,1,261087,2,0,0,1,2,3,1,5,Not at intersection,3,40,Local Road,30-39,Other injury,Bicyclists
T20130008383,4/23/2013,10:00:00,1,Collision with vehicle,3,Tuesday,137,LEFT TURN SIDESWIPE,1,261043,2,0,0,1,1,2,2,5,Not at intersection,3,60,Arterial Other,22-25,Other injury,Bicyclists
T20130008390,4/22/2013,18:50:00,1,Collision with vehicle,2,Monday,121,RIGHT THROUGH,3,268737,2,0,1,0,1,2,1,2,T intersection,2,60,Local Road,40-49,Serious injury,Bicyclists
T20130008408,4/23/2013,15:10:00,1,Collision with vehicle,3,Tuesday,110,CROSS TRAFFIC(INTERSECTIONS ONLY),1,66729,2,0,0,1,1,2,1,1,Cross intersection,3,50,Local Road,50-59,Other injury,Bicyclists
T20130008415,1/9/2013,18:00:00,1,Collision with vehicle,4,Wednesday,115,RIGHT/LEFT FAR (INTERSECTIONS ONLY),1,36152,2,0,0,1,1,2,2,1,Cross intersection,3,999,Local Road,40-49,Other injury,Bicyclists
T20130008421,4/23/2013,16:00:00,1,Collision with vehicle,3,Tuesday,121,RIGHT THROUGH,1,36399,2,0,0,1,2,3,1,1,Cross intersection,3,50,Local Road,30-39,Other injury,Bicyclists
T20130008424,4/23/2013,18:30:00,1,Collision with vehicle,3,Tuesday,121,RIGHT THROUGH,3,69241,2,0,1,0,1,2,1,2,T intersection,2,60,Local Road,40-49,Serious injury,Bicyclists
T20130008450,4/24/2013,8:00:00,1,Collision with vehicle,4,Wednesday,137,LEFT TURN SIDESWIPE,1,40149,2,0,0,1,1,2,1,2,T intersection,3,50,Local Road,30-39,Other injury,Bicyclists
T20130008451,4/23/2013,9:28:00,1,Collision with vehicle,2,Tuesday,133,LANE SIDE SWIPE (VEHICLES IN PARALLEL LANES),1,65905,2,0,0,1,1,2,2,2,T intersection,3,80,Arterial Highway,40-49,Other injury,Bicyclists
T20130008452,4/24/2013,8:15:00,1,Collision with vehicle,4,Wednesday,135,LANE CHANGE LEFT (NOT OVERTAKING),1,38796,2,0,1,0,1,2,1,1,Cross intersection,2,60,Arterial Other,50-59,Serious injury,Bicyclists
T20130008454,2/14/2013,14:00:00,4,Collision with a fixed object,5,Thursday,171,LEFT OFF CARRIAGEWAY INTO OBJECT/PARKED VEHICLE,1,72359,2,0,0,1,1,2,2,2,T intersection,3,60,Arterial Other,60-64,Other injury,Bicyclists
T20130008458,4/24/2013,8:22:00,1,Collision with vehicle,4,Wednesday,121,RIGHT THROUGH,1,40344,2,0,0,1,1,2,1,2,T intersection,3,60,Arterial Other,30-39,Other injury,Bicyclists
T20130008469,4/13/2013,12:45:00,1,Collision with vehicle,7,Saturday,121,RIGHT THROUGH,9,35989,2,0,0,1,1,2,2,1,Cross intersection,3,50,Local Road,22-25,Other injury,Bicyclists
T20130008494,4/24/2013,12:50:00,1,Collision with vehicle,4,Wednesday,142,LEAVING PARKING,1,268748,2,0,0,1,3,4,1,5,Not at intersection,3,50,Local Road,40-49,Other injury,Bicyclists
T20130008495,4/23/2013,17:45:00,1,Collision with vehicle,3,Tuesday,121,RIGHT THROUGH,1,64410,2,0,0,1,1,2,2,2,T intersection,3,999,Local Road,60-64,Other injury,Bicyclists
T20130008507,4/24/2013,18:25:00,1,Collision with vehicle,4,Wednesday,110,CROSS TRAFFIC(INTERSECTIONS ONLY),3,36216,2,0,0,1,2,3,1,1,Cross intersection,3,50,Local Road,26-29,Other injury,Bicyclists
T20130008509,4/24/2013,18:27:00,1,Collision with vehicle,4,Wednesday,163,VEHICLE STRIKES DOOR OF PARKED/STATIONARY VEHICLE,3,260000,3,0,0,1,2,3,1,5,Not at intersection,3,60,Uknown,16-17,Other injury,Bicyclists
T20130008526,4/24/2013,18:55:00,1,Collision with vehicle,4,Wednesday,110,CROSS TRAFFIC(INTERSECTIONS ONLY),5,29371,2,0,0,1,1,2,1,1,Cross intersection,3,50,Arterial Other,30-39,Other injury,Bicyclists
T20130008537,4/25/2013,7:45:00,1,Collision with vehicle,5,Thursday,133,LANE SIDE SWIPE (VEHICLES IN PARALLEL LANES),1,42704,2,0,0,1,1,2,2,2,T intersection,3,60,Arterial Other,40-49,Other injury,Bicyclists
T20130008546,3/29/2013,17:00:00,8,No collision and no object struck,6,Friday,174,OUT OF CONTROL ON CARRIAGEWAY (ON STRAIGHT),9,43718,1,0,0,1,0,1,2,1,Cross intersection,3,60,Local Road,40-49,Other injury,Bicyclists
T20130008550,4/25/2013,11:30:00,1,Collision with vehicle,5,Thursday,163,VEHICLE STRIKES DOOR OF PARKED/STATIONARY VEHICLE,1,43237,3,0,1,0,1,2,1,2,T intersection,2,60,Uknown,30-39,Serious injury,Bicyclists
T20130008551,4/25/2013,11:45:00,1,Collision with vehicle,5,Thursday,139,OTHER SAME DIRECTION-MANOUEVRES NOT INCLUDED IN DCAs 130-137,1,268754,2,0,0,1,1,2,1,2,T intersection,3,50,Local Road,50-59,Other injury,Bicyclists
T20130008561,4/25/2013,12:10:00,1,Collision with vehicle,5,Thursday,110,CROSS TRAFFIC(INTERSECTIONS ONLY),1,66559,2,0,0,1,1,2,2,1,Cross intersection,3,60,Local Road,40-49,Other injury,Bicyclists
T20130008564,4/25/2013,12:22:00,1,Collision with vehicle,5,Thursday,113,RIGHT NEAR (INTERSECTIONS ONLY),1,57629,2,0,0,1,1,2,1,4,Multiple intersection,3,60,Arterial Highway,30-39,Other injury,Bicyclists
T20130008567,4/25/2013,12:50:00,1,Collision with vehicle,5,Thursday,160,VEHICLE COLLIDES WITH VEHICLE PARKED ON LEFT OF ROAD,1,268756,2,0,1,0,1,2,1,5,Not at intersection,2,60,Arterial Other,50-59,Serious injury,Bicyclists
T20130008579,4/24/2013,21:45:00,1,Collision with vehicle,4,Wednesday,130,REAR END(VEHICLES IN SAME LANE),3,37814,2,0,0,1,1,2,2,1,Cross intersection,3,60,Arterial Other,18-21,Other injury,Bicyclists
T20130008584,4/25/2013,18:06:00,1,Collision with vehicle,5,Thursday,148,VEHICLE OFF FOOTPATH STRIKES VEH ON CARRIAGEWAY,3,259872,2,0,1,0,1,2,1,2,T intersection,2,50,Arterial Highway,26-29,Serious injury,Bicyclists
T20130008610,4/26/2013,8:55:00,1,Collision with vehicle,6,Friday,147,VEHICLE STRIKES ANOTHER VEH WHILE EMERGING FROM DRIVEWAY,1,47589,2,0,1,0,1,2,1,2,T intersection,2,60,Arterial Other,16-17,Serious injury,Bicyclists
T20130008619,2/6/2013,19:00:00,8,No collision and no object struck,4,Wednesday,174,OUT OF CONTROL ON CARRIAGEWAY (ON STRAIGHT),1,52207,1,0,0,1,0,1,2,2,T intersection,3,999,Arterial Other,40-49,Other injury,Bicyclists
T20130008640,4/26/2013,14:55:00,1,Collision with vehicle,6,Friday,147,VEHICLE STRIKES ANOTHER VEH WHILE EMERGING FROM DRIVEWAY,1,42520,2,0,0,1,1,2,1,1,Cross intersection,3,50,Arterial Other,40-49,Other injury,Bicyclists
T20130008652,4/21/2013,8:50:00,1,Collision with vehicle,1,Sunday,130,REAR END(VEHICLES IN SAME LANE),1,36326,2,0,0,2,0,2,1,1,Cross intersection,3,70,Arterial Other,30-39,Other injury,Bicyclists
T20130008654,4/26/2013,14:21:00,1,Collision with vehicle,6,Friday,121,RIGHT THROUGH,1,56375,2,0,0,1,1,2,1,2,T intersection,3,60,Local Road,18-21,Other injury,Bicyclists
T20130008691,4/27/2013,8:45:00,1,Collision with vehicle,7,Saturday,160,VEHICLE COLLIDES WITH VEHICLE PARKED ON LEFT OF ROAD,1,29587,2,0,1,0,0,1,1,2,T intersection,2,60,Arterial Other,50-59,Serious injury,Bicyclists
T20130008704,4/27/2013,8:30:00,1,Collision with vehicle,7,Saturday,110,CROSS TRAFFIC(INTERSECTIONS ONLY),1,52461,2,0,0,1,1,2,1,1,Cross intersection,3,50,Local Road,50-59,Other injury,Bicyclists
T20130008713,4/27/2013,11:00:00,1,Collision with vehicle,7,Saturday,163,VEHICLE STRIKES DOOR OF PARKED/STATIONARY VEHICLE,1,36166,2,0,0,1,1,2,2,1,Cross intersection,3,40,Local Road,22-25,Other injury,Bicyclists
T20130008718,4/27/2013,13:25:00,1,Collision with vehicle,7,Saturday,110,CROSS TRAFFIC(INTERSECTIONS ONLY),1,50138,2,0,1,0,3,4,1,1,Cross intersection,2,50,Uknown,18-21,Serious injury,Bicyclists
T20130008742,4/26/2013,7:10:00,1,Collision with vehicle,6,Friday,116,LEFT NEAR (INTERSECTIONS ONLY),1,48192,2,0,1,0,1,2,1,2,T intersection,2,60,Local Road,40-49,Serious injury,Bicyclists
T20130008765,4/28/2013,10:20:00,7,Fall from or in moving vehicle,1,Sunday,184,OUT OF CONTROL ON CARRIAGEWAY (ON BEND),1,41075,1,0,1,0,0,1,1,2,T intersection,2,70,Arterial Other,22-25,Serious injury,Bicyclists
T20130008768,4/28/2013,10:50:00,1,Collision with vehicle,1,Sunday,111,RIGHT FAR (INTERSECTIONS ONLY),1,40035,2,0,0,1,1,2,2,2,T intersection,3,60,Arterial Other,50-59,Other injury,Bicyclists
T20130008775,4/28/2013,11:50:00,1,Collision with vehicle,1,Sunday,111,RIGHT FAR (INTERSECTIONS ONLY),1,260643,2,0,0,2,0,2,1,2,T intersection,3,50,Local Road,16-17,Other injury,Bicyclists
T20130008848,4/23/2013,17:20:00,1,Collision with vehicle,3,Tuesday,110,CROSS TRAFFIC(INTERSECTIONS ONLY),1,36044,2,0,0,1,1,2,2,1,Cross intersection,3,50,Local Road,22-25,Other injury,Bicyclists
T20130008859,4/29/2013,18:42:00,1,Collision with vehicle,2,Monday,121,RIGHT THROUGH,3,36966,2,0,0,1,1,2,1,1,Cross intersection,3,40,Local Road,30-39,Other injury,Bicyclists
T20130008874,4/29/2013,20:36:00,1,Collision with vehicle,2,Monday,121,RIGHT THROUGH,3,395,2,0,1,0,1,2,1,2,T intersection,2,70,Arterial Highway,22-25,Serious injury,Bicyclists
T20130008885,4/29/2013,10:00:00,1,Collision with vehicle,2,Monday,110,CROSS TRAFFIC(INTERSECTIONS ONLY),1,63099,2,0,0,1,1,2,2,1,Cross intersection,3,999,Local Road,50-59,Other injury,Bicyclists
T20130008887,4/28/2013,8:40:00,1,Collision with vehicle,1,Sunday,116,LEFT NEAR (INTERSECTIONS ONLY),1,40761,2,0,0,1,1,2,1,2,T intersection,3,80,Arterial Highway,30-39,Other injury,Bicyclists
T20130008893,4/30/2013,8:20:00,1,Collision with vehicle,3,Tuesday,110,CROSS TRAFFIC(INTERSECTIONS ONLY),1,52965,2,0,0,1,3,4,1,1,Cross intersection,3,60,Local Road,60-64,Other injury,Bicyclists
T20130008899,4/30/2013,9:15:00,1,Collision with vehicle,3,Tuesday,135,LANE CHANGE LEFT (NOT OVERTAKING),1,37698,2,0,0,1,1,2,1,1,Cross intersection,3,40,Local Road,30-39,Other injury,Bicyclists
T20130008902,4/25/2013,8:30:00,1,Collision with vehicle,5,Thursday,147,VEHICLE STRIKES ANOTHER VEH WHILE EMERGING FROM DRIVEWAY,1,268802,2,0,0,1,1,2,2,5,Not at intersection,3,60,Arterial Other,50-59,Other injury,Bicyclists
T20130008911,4/30/2013,8:53:00,1,Collision with vehicle,3,Tuesday,163,VEHICLE STRIKES DOOR OF PARKED/STATIONARY VEHICLE,1,37702,2,0,1,0,1,2,1,2,T intersection,2,40,Local Road,22-25,Serious injury,Bicyclists
T20130008914,4/30/2013,8:10:00,1,Collision with vehicle,3,Tuesday,110,CROSS TRAFFIC(INTERSECTIONS ONLY),1,36174,2,0,0,1,1,2,1,1,Cross intersection,3,60,Arterial Other,26-29,Other injury,Bicyclists
T20130008922,4/30/2013,8:30:00,1,Collision with vehicle,3,Tuesday,119,OTHER ADJACENT (INTERSECTIONS ONLY),1,59864,3,0,0,1,4,5,2,1,Cross intersection,3,60,Arterial Other,40-49,Other injury,Bicyclists
T20130008945,4/30/2013,18:12:00,1,Collision with vehicle,3,Tuesday,148,VEHICLE OFF FOOTPATH STRIKES VEH ON CARRIAGEWAY,3,41848,2,0,1,0,1,2,1,2,T intersection,2,50,Arterial Other,18-21,Serious injury,Bicyclists
T20130008959,4/30/2013,17:11:00,6,Vehicle overturned (no collision),3,Tuesday,174,OUT OF CONTROL ON CARRIAGEWAY (ON STRAIGHT),2,127931,2,0,0,1,1,2,1,5,Not at intersection,3,50,Local Road,30-39,Other injury,Bicyclists
T20130008964,5/1/2013,5:45:00,6,Vehicle overturned (no collision),4,Wednesday,174,OUT OF CONTROL ON CARRIAGEWAY (ON STRAIGHT),3,260646,1,0,0,1,0,1,1,5,Not at intersection,3,40,Local Road,22-25,Other injury,Bicyclists
T20130008985,5/1/2013,7:00:00,4,Collision with a fixed object,4,Wednesday,181,OFF RIGHT BEND INTO OBJECT/PARKED VEHICLE,2,261079,1,0,1,0,0,1,2,5,Not at intersection,2,100,Uknown,30-39,Serious injury,Bicyclists
T20130009085,5/2/2013,15:45:00,1,Collision with vehicle,5,Thursday,110,CROSS TRAFFIC(INTERSECTIONS ONLY),1,43658,2,0,1,0,1,2,1,1,Cross intersection,2,60,Arterial Other,50-59,Serious injury,Bicyclists
T20130009089,5/1/2013,17:00:00,1,Collision with vehicle,4,Wednesday,148,VEHICLE OFF FOOTPATH STRIKES VEH ON CARRIAGEWAY,2,260165,2,0,0,1,1,2,2,5,Not at intersection,3,999,Local Road,26-29,Other injury,Bicyclists
T20130009090,5/2/2013,17:20:00,1,Collision with vehicle,5,Thursday,148,VEHICLE OFF FOOTPATH STRIKES VEH ON CARRIAGEWAY,1,820,2,0,1,0,1,2,1,2,T intersection,2,999,Local Road,45424,Serious injury,Bicyclists
T20130009091,5/2/2013,17:45:00,1,Collision with vehicle,5,Thursday,121,RIGHT THROUGH,3,66687,2,0,0,1,1,2,2,4,Multiple intersection,3,50,Arterial Other,30-39,Other injury,Bicyclists
T20130009120,5/3/2013,7:00:00,1,Collision with vehicle,6,Friday,121,RIGHT THROUGH,3,259993,2,0,0,1,1,2,1,5,Not at intersection,3,60,Arterial Other,50-59,Other injury,Bicyclists
T20130009124,5/3/2013,7:25:00,1,Collision with vehicle,6,Friday,114,TWO RIGHT TURNING (INTERSECTIONS ONLY),1,50233,2,0,1,0,1,2,1,2,T intersection,2,70,Uknown,22-25,Serious injury,Bicyclists
T20130009125,5/3/2013,8:30:00,1,Collision with vehicle,6,Friday,121,RIGHT THROUGH,1,43078,2,0,1,0,1,2,1,1,Cross intersection,2,60,Arterial Highway,30-39,Serious injury,Bicyclists
T20130009146,5/3/2013,11:30:00,8,No collision and no object struck,5,Friday,199,UNKNOWN-NO DETAILS ON MANOEUVRES OF ROAD-USERS IN ACCIDENT,1,70508,1,0,0,1,0,1,1,1,Cross intersection,3,50,Local Road,65-69,Other injury,Bicyclists
T20130009156,5/3/2013,14:50:00,1,Collision with vehicle,6,Friday,135,LANE CHANGE LEFT (NOT OVERTAKING),1,260001,2,0,0,2,0,2,1,5,Not at intersection,3,60,Arterial Highway,26-29,Other injury,Bicyclists
T20130009165,5/3/2013,15:30:00,1,Collision with vehicle,6,Friday,130,REAR END(VEHICLES IN SAME LANE),1,36503,2,0,0,1,1,2,2,1,Cross intersection,3,40,Local Road,30-39,Other injury,Bicyclists
T20130009171,5/3/2013,17:50:00,1,Collision with vehicle,6,Friday,121,RIGHT THROUGH,3,40479,2,0,1,1,0,2,1,2,T intersection,2,60,Arterial Other,30-39,Serious injury,Bicyclists
T20130009173,4/25/2013,5:45:00,1,Collision with vehicle,5,Thursday,143,ENTERING PARKING,3,250528,2,0,0,1,1,2,2,2,T intersection,3,60,Arterial Other,22-25,Other injury,Bicyclists
T20130009177,5/3/2013,18:00:00,1,Collision with vehicle,6,Friday,147,VEHICLE STRIKES ANOTHER VEH WHILE EMERGING FROM DRIVEWAY,3,261072,2,0,1,1,2,4,1,5,Not at intersection,2,60,Arterial Highway,13-15,Serious injury,Bicyclists
T20130009178,5/2/2013,15:00:00,1,Collision with vehicle,5,Thursday,147,VEHICLE STRIKES ANOTHER VEH WHILE EMERGING FROM DRIVEWAY,1,260867,2,0,0,1,1,2,2,5,Not at intersection,3,40,Arterial Other,22-25,Other injury,Bicyclists
T20130009196,5/3/2013,23:39:00,8,No collision and no object struck,6,Friday,174,OUT OF CONTROL ON CARRIAGEWAY (ON STRAIGHT),3,37324,1,0,1,0,0,1,1,2,T intersection,2,40,Arterial Other,26-29,Serious injury,Bicyclists
T20130009221,5/4/2013,11:00:00,1,Collision with vehicle,7,Saturday,137,LEFT TURN SIDESWIPE,1,35456,2,0,0,1,2,3,2,1,Cross intersection,3,999,Arterial Other,30-39,Other injury,Bicyclists
T20130009240,5/4/2013,15:10:00,1,Collision with vehicle,7,Saturday,140,U TURN,1,29610,3,0,0,1,2,3,2,1,Cross intersection,3,60,Arterial Highway,26-29,Other injury,Bicyclists
T20130009246,5/4/2013,16:45:00,1,Collision with vehicle,7,Saturday,113,RIGHT NEAR (INTERSECTIONS ONLY),1,38355,2,0,0,1,3,4,1,1,Cross intersection,3,60,Local Road,22-25,Other injury,Bicyclists
T20130009275,5/4/2013,12:10:00,1,Collision with vehicle,7,Saturday,148,VEHICLE OFF FOOTPATH STRIKES VEH ON CARRIAGEWAY,1,260463,2,0,0,1,1,2,1,5,Not at intersection,3,60,Arterial Other,18-21,Other injury,Bicyclists
T20130009293,5/5/2013,9:00:00,1,Collision with vehicle,1,Sunday,163,VEHICLE STRIKES DOOR OF PARKED/STATIONARY VEHICLE,1,268856,2,0,0,2,0,2,2,5,Not at intersection,3,50,Arterial Other,50-59,Other injury,Bicyclists
T20130009300,5/5/2013,12:38:00,1,Collision with vehicle,1,Sunday,116,LEFT NEAR (INTERSECTIONS ONLY),1,58939,2,0,0,1,1,2,1,2,T intersection,3,50,Local Road,70+,Other injury,Bicyclists
T20130009313,4/14/2013,13:35:00,1,Collision with vehicle,1,Sunday,163,VEHICLE STRIKES DOOR OF PARKED/STATIONARY VEHICLE,1,37175,2,0,0,1,1,2,2,2,T intersection,3,60,Arterial Other,30-39,Other injury,Bicyclists
T20130009322,5/3/2013,19:00:00,1,Collision with vehicle,6,Friday,130,REAR END(VEHICLES IN SAME LANE),2,37192,2,0,2,0,0,2,2,1,Cross intersection,2,40,Arterial Other,50-59,Serious injury,Bicyclists
T20130009334,5/2/2013,11:57:00,1,Collision with vehicle,5,Thursday,137,LEFT TURN SIDESWIPE,1,815,2,0,0,1,1,2,2,2,T intersection,3,70,Arterial Other,26-29,Other injury,Bicyclists