ACCIDENT_NO,ACCIDENT_DATE,ACCIDENT_TIME,ACCIDENT_TYPE,ACCIDENT_TYPE_DESC,DAY_OF_WEEK,DAY_WEEK_DESC,DCA_CODE,DCA_DESC,LIGHT_CONDITION,NODE_ID,NO_OF_VEHICLES,NO_PERSONS_KILLED,NO_PERSONS_INJ_2,NO_PERSONS_INJ_3,NO_PERSONS_NOT_INJ,NO_PERSONS,POLICE_ATTEND,ROAD_GEOMETRY,ROAD_GEOMETRY_DESC,SEVERITY,SPEED_ZONE,RMA,AGE_GROUP,INJ_LEVEL,ROAD_USER_TYPE_DESC
T20130009357,5/6/2013,8:17:00,1,Collision with vehicle,2,Monday,148,VEHICLE OFF FOOTPATH STRIKES VEH ON CARRIAGEWAY,1,260192,2,0,1,0,1,2,1,2,T intersection,2,60,Arterial Other,30-39,Serious injury,Bicyclists
T20130009358,5/5/2013,15:30:00,1,Collision with vehicle,1,Sunday,110,CROSS TRAFFIC(INTERSECTIONS ONLY),1,29984,2,0,0,1,1,2,2,1,Cross intersection,3,60,Local Road,22-25,Other injury,Bicyclists
T20130009366,5/6/2013,16:30:00,1,Collision with vehicle,2,Monday,110,CROSS TRAFFIC(INTERSECTIONS ONLY),1,51559,2,0,0,1,1,2,2,1,Cross intersection,3,50,Local Road,60-64,Other injury,Bicyclists
T20130009380,5/6/2013,18:20:00,1,Collision with vehicle,2,Monday,130,REAR END(VEHICLES IN SAME LANE),3,260289,2,0,1,0,1,2,1,5,Not at intersection,2,60,Arterial Other,40-49,Serious injury,Bicyclists
T20130009386,5/5/2013,11:00:00,1,Collision with vehicle,1,Sunday,163,VEHICLE STRIKES DOOR OF PARKED/STATIONARY VEHICLE,1,37830,2,0,0,1,1,2,2,1,Cross intersection,3,999,Local Road,50-59,Other injury,Bicyclists
T20130009392,5/6/2013,8:20:00,1,Collision with vehicle,2,Monday,148,VEHICLE OFF FOOTPATH STRIKES VEH ON CARRIAGEWAY,1,260194,3,0,0,1,2,3,1,5,Not at intersection,3,60,Local Road,50-59,Other injury,Bicyclists
T20130009395,5/7/2013,7:50:00,1,Collision with vehicle,3,Tuesday,113,RIGHT NEAR (INTERSECTIONS ONLY),1,36290,2,0,0,1,1,2,2,2,T intersection,3,40,Local Road,18-21,Other injury,Bicyclists
T20130009400,5/7/2013,8:13:00,1,Collision with vehicle,3,Tuesday,110,CROSS TRAFFIC(INTERSECTIONS ONLY),1,42018,2,0,0,1,1,2,1,1,Cross intersection,3,60,Local Road,40-49,Other injury,Bicyclists
T20130009409,5/7/2013,6:40:00,3,Struck animal,3,Tuesday,167,STRUCK ANIMAL,2,268867,1,0,1,0,0,1,1,5,Not at intersection,2,100,Arterial Other,40-49,Serious injury,Bicyclists
T20130009410,5/7/2013,9:45:00,1,Collision with vehicle,3,Tuesday,121,RIGHT THROUGH,1,42104,2,0,0,1,1,2,1,2,T intersection,3,60,Arterial Other,60-64,Other injury,Bicyclists
T20130009411,5/2/2013,17:15:00,1,Collision with vehicle,5,Thursday,110,CROSS TRAFFIC(INTERSECTIONS ONLY),2,52209,2,0,0,1,1,2,2,1,Cross intersection,3,60,Uknown,30-39,Other injury,Bicyclists
T20130009427,5/1/2013,9:00:00,1,Collision with vehicle,4,Wednesday,163,VEHICLE STRIKES DOOR OF PARKED/STATIONARY VEHICLE,1,268871,2,0,0,1,1,2,2,5,Not at intersection,3,40,Local Road,26-29,Other injury,Bicyclists
T20130009453,5/7/2013,16:00:00,1,Collision with vehicle,3,Tuesday,147,VEHICLE STRIKES ANOTHER VEH WHILE EMERGING FROM DRIVEWAY,1,260630,2,0,1,0,1,2,2,5,Not at intersection,2,888,Local Road,45424,Serious injury,Bicyclists
T20130009454,5/7/2013,18:35:00,1,Collision with vehicle,3,Tuesday,140,U TURN,3,260351,2,0,0,1,1,2,1,5,Not at intersection,3,40,Local Road,26-29,Other injury,Bicyclists
T20130009463,5/7/2013,16:00:00,1,Collision with vehicle,3,Tuesday,147,VEHICLE STRIKES ANOTHER VEH WHILE EMERGING FROM DRIVEWAY,9,268878,2,0,0,2,0,2,2,5,Not at intersection,3,999,Arterial Other,40-49,Other injury,Bicyclists
T20130009467,5/7/2013,17:35:00,1,Collision with vehicle,3,Tuesday,133,LANE SIDE SWIPE (VEHICLES IN PARALLEL LANES),2,38659,2,0,0,1,1,2,1,2,T intersection,3,50,Local Road,30-39,Other injury,Bicyclists
T20130009472,5/7/2013,18:30:00,1,Collision with vehicle,3,Tuesday,121,RIGHT THROUGH,3,57503,2,0,0,1,1,2,1,2,T intersection,3,60,Arterial Other,40-49,Other injury,Bicyclists
T20130009486,5/8/2013,8:12:00,1,Collision with vehicle,4,Wednesday,116,LEFT NEAR (INTERSECTIONS ONLY),1,64113,2,0,0,1,1,2,1,1,Cross intersection,3,50,Uknown,65-69,Other injury,Bicyclists
T20130009505,5/8/2013,11:10:00,1,Collision with vehicle,4,Wednesday,110,CROSS TRAFFIC(INTERSECTIONS ONLY),1,51657,2,0,0,1,1,2,2,1,Cross intersection,3,50,Local Road,18-21,Other injury,Bicyclists
T20130009508,5/7/2013,21:19:00,1,Collision with vehicle,3,Tuesday,121,RIGHT THROUGH,3,45640,2,0,1,0,1,2,1,1,Cross intersection,2,60,Arterial Other,22-25,Serious injury,Bicyclists
T20130009509,5/7/2013,8:00:00,1,Collision with vehicle,3,Tuesday,163,VEHICLE STRIKES DOOR OF PARKED/STATIONARY VEHICLE,1,268883,2,0,0,1,1,2,2,5,Not at intersection,3,999,Arterial Other,18-21,Other injury,Bicyclists
T20130009535,5/8/2013,17:00:00,1,Collision with vehicle,4,Wednesday,163,VEHICLE STRIKES DOOR OF PARKED/STATIONARY VEHICLE,2,268887,2,0,0,1,1,2,1,5,Not at intersection,3,60,Arterial Other,18-21,Other injury,Bicyclists
T20130009574,5/2/2013,14:30:00,8,No collision and no object struck,5,Thursday,174,OUT OF CONTROL ON CARRIAGEWAY (ON STRAIGHT),1,229693,2,0,0,1,1,2,2,1,Cross intersection,3,60,Arterial Other,26-29,Other injury,Bicyclists
T20130009577,5/9/2013,8:20:00,1,Collision with vehicle,5,Thursday,110,CROSS TRAFFIC(INTERSECTIONS ONLY),1,36382,2,0,0,1,1,2,1,1,Cross intersection,3,40,Local Road,26-29,Other injury,Bicyclists
T20130009587,5/16/2012,8:00:00,1,Collision with vehicle,4,Wednesday,110,CROSS TRAFFIC(INTERSECTIONS ONLY),1,260055,2,0,0,1,1,2,2,1,Cross intersection,3,50,Local Road,18-21,Other injury,Bicyclists
T20130009607,5/7/2013,19:00:00,1,Collision with vehicle,3,Tuesday,163,VEHICLE STRIKES DOOR OF PARKED/STATIONARY VEHICLE,3,41174,2,0,1,0,2,3,2,2,T intersection,2,40,Local Road,30-39,Serious injury,Bicyclists
T20130009624,5/9/2013,15:07:00,1,Collision with vehicle,5,Thursday,135,LANE CHANGE LEFT (NOT OVERTAKING),1,268897,2,0,1,0,1,2,1,5,Not at intersection,2,80,Arterial Highway,70+,Serious injury,Bicyclists
T20130009632,5/9/2013,18:35:00,1,Collision with vehicle,5,Thursday,163,VEHICLE STRIKES DOOR OF PARKED/STATIONARY VEHICLE,3,268901,2,0,0,1,1,2,1,5,Not at intersection,3,40,Local Road,30-39,Other injury,Bicyclists
T20130009662,5/10/2013,7:00:00,1,Collision with vehicle,6,Friday,116,LEFT NEAR (INTERSECTIONS ONLY),2,49694,2,0,0,1,1,2,1,2,T intersection,3,50,Arterial Other,40-49,Other injury,Bicyclists
T20130009668,5/10/2013,6:55:00,1,Collision with vehicle,6,Friday,111,RIGHT FAR (INTERSECTIONS ONLY),2,50963,2,0,0,1,1,2,1,1,Cross intersection,3,60,Local Road,22-25,Other injury,Bicyclists
T20130009692,5/9/2013,11:50:00,1,Collision with vehicle,5,Thursday,137,LEFT TURN SIDESWIPE,1,41174,2,0,0,1,2,3,2,2,T intersection,3,40,Local Road,30-39,Other injury,Bicyclists
T20130009709,5/10/2013,8:00:00,1,Collision with vehicle,6,Friday,116,LEFT NEAR (INTERSECTIONS ONLY),1,40540,2,0,0,1,1,2,2,2,T intersection,3,60,Local Road,40-49,Other injury,Bicyclists
T20130009713,4/10/2013,11:15:00,5,collision with some other object,4,Wednesday,171,LEFT OFF CARRIAGEWAY INTO OBJECT/PARKED VEHICLE,1,36267,2,0,0,1,1,2,2,1,Cross intersection,3,40,Local Road,30-39,Other injury,Bicyclists
T20130009758,5/11/2013,1:35:00,1,Collision with vehicle,7,Saturday,137,LEFT TURN SIDESWIPE,3,33747,2,0,1,0,1,2,1,1,Cross intersection,2,60,Arterial Highway,40-49,Serious injury,Bicyclists
T20130009781,4/21/2013,19:00:00,1,Collision with vehicle,1,Sunday,121,RIGHT THROUGH,6,268924,2,0,0,1,1,2,2,5,Not at intersection,3,50,Arterial Other,22-25,Other injury,Bicyclists
T20130009792,4/21/2013,9:45:00,1,Collision with vehicle,1,Sunday,148,VEHICLE OFF FOOTPATH STRIKES VEH ON CARRIAGEWAY,1,26594,2,0,0,1,1,2,2,5,Not at intersection,3,50,Local Road,30-39,Other injury,Bicyclists
T20130009794,5/11/2013,14:30:00,1,Collision with vehicle,6,Saturday,133,LANE SIDE SWIPE (VEHICLES IN PARALLEL LANES),1,268926,2,0,0,1,1,2,1,5,Not at intersection,3,60,Arterial Other,13-15,Other injury,Bicyclists
T20130009830,5/12/2013,1:00:00,1,Collision with vehicle,1,Sunday,133,LANE SIDE SWIPE (VEHICLES IN PARALLEL LANES),3,39747,2,0,0,1,1,2,1,5,Not at intersection,3,80,Arterial Highway,16-17,Other injury,Bicyclists
T20130009865,5/6/2013,15:05:00,1,Collision with vehicle,2,Monday,137,LEFT TURN SIDESWIPE,1,42743,2,0,0,1,1,2,1,2,T intersection,3,60,Arterial Other,40-49,Other injury,Bicyclists
T20130009870,5/12/2013,12:00:00,1,Collision with vehicle,1,Sunday,160,VEHICLE COLLIDES WITH VEHICLE PARKED ON LEFT OF ROAD,1,41275,2,0,1,0,0,1,1,1,Cross intersection,2,40,Arterial Other,22-25,Serious injury,Bicyclists
T20130009951,5/13/2013,6:40:00,1,Collision with vehicle,2,Monday,129,OTHER OPPOSING MANOEUVRES NOT INCLUDED IN DCAs 120-125.,9,45344,2,0,0,1,1,2,2,4,Multiple intersection,3,999,Arterial Other,50-59,Other injury,Bicyclists
T20130009955,5/13/2013,16:12:00,1,Collision with vehicle,2,Monday,110,CROSS TRAFFIC(INTERSECTIONS ONLY),1,49658,2,0,0,1,1,2,1,1,Cross intersection,3,40,Local Road,60-64,Other injury,Bicyclists
T20130009964,5/13/2013,15:58:00,1,Collision with vehicle,2,Monday,148,VEHICLE OFF FOOTPATH STRIKES VEH ON CARRIAGEWAY,1,260575,2,0,0,1,1,2,1,2,T intersection,3,70,Arterial Other,22-25,Other injury,Bicyclists
T20130009970,5/8/2013,17:15:00,6,Vehicle overturned (no collision),4,Wednesday,184,OUT OF CONTROL ON CARRIAGEWAY (ON BEND),2,260260,2,0,0,1,1,2,2,5,Not at intersection,3,60,Arterial Highway,40-49,Other injury,Bicyclists
T20130009985,5/13/2013,20:50:00,1,Collision with vehicle,2,Monday,132,RIGHT REAR.,3,35447,2,0,0,1,1,2,1,1,Cross intersection,3,60,Arterial Other,22-25,Other injury,Bicyclists
T20130009991,5/13/2013,16:20:00,1,Collision with vehicle,2,Monday,121,RIGHT THROUGH,1,35981,2,0,0,1,1,2,1,2,T intersection,3,50,Local Road,30-39,Other injury,Bicyclists
T20130010011,3/22/2013,16:20:00,1,Collision with vehicle,6,Friday,121,RIGHT THROUGH,1,236,2,0,0,1,1,2,2,1,Cross intersection,3,40,Local Road,30-39,Other injury,Bicyclists
T20130010110,5/10/2013,15:30:00,1,Collision with vehicle,6,Friday,137,LEFT TURN SIDESWIPE,1,260365,2,0,0,1,1,2,2,5,Not at intersection,3,60,Local Road,16-17,Other injury,Bicyclists
T20130010118,5/14/2013,7:50:00,1,Collision with vehicle,3,Tuesday,134,LANE CHANGE RIGHT (NOT OVERTAKING),9,38587,2,0,1,0,1,2,2,2,T intersection,2,60,Arterial Other,26-29,Serious injury,Bicyclists
T20130010122,2/8/2013,8:30:00,1,Collision with vehicle,6,Friday,133,LANE SIDE SWIPE (VEHICLES IN PARALLEL LANES),1,29599,2,0,0,1,1,2,1,1,Cross intersection,3,60,Arterial Other,30-39,Other injury,Bicyclists
T20130010132,5/11/2013,11:00:00,1,Collision with vehicle,7,Saturday,147,VEHICLE STRIKES ANOTHER VEH WHILE EMERGING FROM DRIVEWAY,1,262680,2,0,0,1,2,3,2,5,Not at intersection,3,999,Arterial Highway,50-59,Other injury,Bicyclists
T20130010160,5/16/2013,7:16:00,1,Collision with vehicle,5,Thursday,110,CROSS TRAFFIC(INTERSECTIONS ONLY),2,45372,2,0,0,1,1,2,2,1,Cross intersection,3,50,Local Road,18-21,Other injury,Bicyclists
T20130010185,5/15/2013,12:50:00,1,Collision with vehicle,4,Wednesday,163,VEHICLE STRIKES DOOR OF PARKED/STATIONARY VEHICLE,1,260482,2,0,0,1,1,2,1,5,Not at intersection,3,40,Arterial Other,65-69,Other injury,Bicyclists
T20130010200,4/7/2013,15:45:00,6,Vehicle overturned (no collision),1,Sunday,174,OUT OF CONTROL ON CARRIAGEWAY (ON STRAIGHT),1,260282,1,0,0,1,0,1,2,2,T intersection,3,50,Local Road,45424,Other injury,Bicyclists
T20130010255,5/17/2013,7:05:00,1,Collision with vehicle,6,Friday,130,REAR END(VEHICLES IN SAME LANE),1,38744,2,0,0,1,2,3,1,1,Cross intersection,3,60,Arterial Other,40-49,Other injury,Bicyclists
T20130010274,5/17/2013,11:18:00,1,Collision with vehicle,6,Friday,113,RIGHT NEAR (INTERSECTIONS ONLY),1,57499,2,0,0,1,1,2,1,2,T intersection,3,50,Local Road,50-59,Not injured,Drivers
T20130010285,5/17/2013,9:46:00,8,No collision and no object struck,6,Friday,174,OUT OF CONTROL ON CARRIAGEWAY (ON STRAIGHT),1,260300,2,0,1,0,1,2,1,5,Not at intersection,2,40,Local Road,18-21,Serious injury,Bicyclists
T20130010304,5/17/2013,19:26:00,1,Collision with vehicle,6,Friday,148,VEHICLE OFF FOOTPATH STRIKES VEH ON CARRIAGEWAY,3,40140,2,0,1,0,1,2,1,4,Multiple intersection,2,40,Arterial Highway,50-59,Serious injury,Bicyclists
T20130010308,5/17/2013,18:30:00,6,Vehicle overturned (no collision),6,Friday,174,OUT OF CONTROL ON CARRIAGEWAY (ON STRAIGHT),3,260407,1,0,0,1,0,1,1,2,T intersection,3,40,Local Road,60-64,Other injury,Bicyclists
T20130010345,5/18/2013,10:50:00,1,Collision with vehicle,7,Saturday,116,LEFT NEAR (INTERSECTIONS ONLY),1,34894,2,0,1,0,1,2,1,2,T intersection,2,50,Uknown,65-69,Serious injury,Bicyclists
T20130010360,2/24/2013,19:30:00,1,Collision with vehicle,1,Sunday,163,VEHICLE STRIKES DOOR OF PARKED/STATIONARY VEHICLE,1,261110,2,0,0,1,1,2,2,5,Not at intersection,3,999,Local Road,26-29,Other injury,Bicyclists
T20130010367,3/6/2012,2:30:00,1,Collision with vehicle,3,Tuesday,142,LEAVING PARKING,3,273074,2,0,0,1,1,2,2,5,Not at intersection,3,60,Arterial Other,18-21,Other injury,Bicyclists
T20130010376,5/18/2013,18:00:00,1,Collision with vehicle,7,Saturday,113,RIGHT NEAR (INTERSECTIONS ONLY),3,261147,2,0,1,0,5,6,1,2,T intersection,2,70,Local Road,13-15,Serious injury,Bicyclists
T20130010409,5/13/2013,14:30:00,1,Collision with vehicle,2,Monday,148,VEHICLE OFF FOOTPATH STRIKES VEH ON CARRIAGEWAY,1,37724,2,0,0,1,1,2,2,1,Cross intersection,3,50,Arterial Other,18-21,Other injury,Bicyclists
T20130010412,5/19/2013,6:35:00,8,No collision and no object struck,1,Sunday,174,OUT OF CONTROL ON CARRIAGEWAY (ON STRAIGHT),2,41065,2,0,0,1,1,2,2,2,T intersection,3,999,Arterial Other,30-39,Other injury,Bicyclists
T20130010417,5/19/2013,7:40:00,1,Collision with vehicle,1,Sunday,111,RIGHT FAR (INTERSECTIONS ONLY),1,35626,2,0,1,0,1,2,1,2,T intersection,2,60,Arterial Highway,40-49,Serious injury,Bicyclists
T20130010421,5/19/2013,10:42:00,1,Collision with vehicle,1,Sunday,163,VEHICLE STRIKES DOOR OF PARKED/STATIONARY VEHICLE,1,260410,2,0,0,1,4,5,1,5,Not at intersection,3,60,Local Road,40-49,Other injury,Bicyclists
T20130010465,5/17/2013,9:05:00,1,Collision with vehicle,6,Friday,148,VEHICLE OFF FOOTPATH STRIKES VEH ON CARRIAGEWAY,1,40092,2,0,0,1,1,2,2,2,T intersection,3,60,Arterial Highway,18-21,Other injury,Bicyclists
T20130010488,5/12/2013,10:15:00,1,Collision with vehicle,1,Sunday,163,VEHICLE STRIKES DOOR OF PARKED/STATIONARY VEHICLE,1,265138,2,0,0,2,0,2,2,5,Not at intersection,3,40,Local Road,30-39,Other injury,Bicyclists
T20130010516,5/20/2013,16:00:00,1,Collision with vehicle,2,Monday,110,CROSS TRAFFIC(INTERSECTIONS ONLY),1,48520,2,0,0,1,1,2,1,4,Multiple intersection,3,50,Local Road,40-49,Other injury,Bicyclists
T20130010526,5/11/2013,10:30:00,1,Collision with vehicle,7,Saturday,137,LEFT TURN SIDESWIPE,1,45501,2,0,0,1,1,2,2,2,T intersection,3,60,Arterial Other,40-49,Other injury,Bicyclists
T20130010566,5/21/2013,17:35:00,1,Collision with vehicle,3,Tuesday,147,VEHICLE STRIKES ANOTHER VEH WHILE EMERGING FROM DRIVEWAY,3,269019,2,0,0,1,1,2,1,5,Not at intersection,3,80,Arterial Highway,50-59,Other injury,Bicyclists
T20130010568,5/21/2013,17:55:00,1,Collision with vehicle,3,Tuesday,133,LANE SIDE SWIPE (VEHICLES IN PARALLEL LANES),3,57583,2,0,1,0,1,2,1,2,T intersection,2,60,Arterial Other,26-29,Serious injury,Bicyclists
T20130010603,5/22/2013,8:06:00,1,Collision with vehicle,4,Wednesday,110,CROSS TRAFFIC(INTERSECTIONS ONLY),1,37405,3,0,0,1,2,3,1,1,Cross intersection,3,50,Local Road,30-39,Other injury,Bicyclists
T20130010609,5/22/2013,10:00:00,1,Collision with vehicle,4,Wednesday,163,VEHICLE STRIKES DOOR OF PARKED/STATIONARY VEHICLE,1,269025,2,0,1,1,0,2,1,5,Not at intersection,2,60,Arterial Other,40-49,Serious injury,Bicyclists
T20130010629,5/15/2013,17:40:00,1,Collision with vehicle,4,Wednesday,148,VEHICLE OFF FOOTPATH STRIKES VEH ON CARRIAGEWAY,5,260569,2,0,1,0,1,2,1,5,Not at intersection,2,60,Arterial Other,13-15,Serious injury,Bicyclists
T20130010631,5/21/2013,19:45:00,1,Collision with vehicle,3,Tuesday,160,VEHICLE COLLIDES WITH VEHICLE PARKED ON LEFT OF ROAD,3,260727,3,0,0,2,3,5,1,5,Not at intersection,3,70,Arterial Other,Unknown,Not injured,Bicyclists
T20130010634,5/22/2013,8:25:00,1,Collision with vehicle,4,Wednesday,121,RIGHT THROUGH,1,38711,2,0,0,1,1,2,1,2,T intersection,3,60,Arterial Other,30-39,Other injury,Bicyclists
T20130010646,5/22/2013,17:45:00,1,Collision with vehicle,4,Wednesday,121,RIGHT THROUGH,3,29380,2,0,0,1,1,2,1,1,Cross intersection,3,60,Local Road,40-49,Other injury,Bicyclists
T20130010652,5/22/2013,18:30:00,6,Vehicle overturned (no collision),4,Wednesday,174,OUT OF CONTROL ON CARRIAGEWAY (ON STRAIGHT),3,36495,1,0,0,1,0,1,1,1,Cross intersection,3,40,Local Road,22-25,Other injury,Bicyclists
T20130010678,5/21/2013,8:40:00,8,No collision and no object struck,3,Tuesday,174,OUT OF CONTROL ON CARRIAGEWAY (ON STRAIGHT),1,36311,2,0,0,1,1,2,2,2,T intersection,3,60,Local Road,50-59,Other injury,Bicyclists
T20130010702,5/23/2013,10:00:00,1,Collision with vehicle,5,Thursday,137,LEFT TURN SIDESWIPE,1,260526,2,0,0,1,2,3,1,3,Y intersection,3,60,Arterial Other,22-25,Other injury,Bicyclists
T20130010704,4/14/2013,16:00:00,1,Collision with vehicle,1,Sunday,160,VEHICLE COLLIDES WITH VEHICLE PARKED ON LEFT OF ROAD,1,63527,3,0,1,0,1,2,2,2,T intersection,2,50,Local Road,50-59,Serious injury,Bicyclists
T20130010724,5/23/2013,16:00:00,8,No collision and no object struck,5,Thursday,174,OUT OF CONTROL ON CARRIAGEWAY (ON STRAIGHT),2,261368,2,0,0,1,1,2,2,1,Cross intersection,3,50,Local Road,30-39,Other injury,Bicyclists
T20130010744,5/23/2013,18:00:00,1,Collision with vehicle,5,Thursday,136,RIGHT TURN SIDESWIPE,3,63956,2,0,0,1,1,2,1,2,T intersection,3,50,Local Road,16-17,Other injury,Bicyclists
T20130010766,5/24/2013,8:14:00,1,Collision with vehicle,6,Friday,116,LEFT NEAR (INTERSECTIONS ONLY),1,51559,2,0,0,1,1,2,1,1,Cross intersection,3,60,Local Road,60-64,Other injury,Bicyclists
T20130010810,4/25/2013,20:00:00,8,No collision and no object struck,5,Thursday,174,OUT OF CONTROL ON CARRIAGEWAY (ON STRAIGHT),3,269048,2,0,0,1,1,2,2,5,Not at intersection,3,999,Local Road,30-39,Other injury,Bicyclists
T20130010816,5/24/2013,18:40:00,1,Collision with vehicle,6,Friday,121,RIGHT THROUGH,3,221459,2,0,0,1,1,2,1,1,Cross intersection,3,50,Arterial Other,30-39,Other injury,Bicyclists
T20130010846,5/25/2013,11:00:00,1,Collision with vehicle,7,Saturday,160,VEHICLE COLLIDES WITH VEHICLE PARKED ON LEFT OF ROAD,1,260544,2,0,0,1,0,1,1,5,Not at intersection,3,50,Uknown,40-49,Other injury,Bicyclists
T20130010852,5/25/2013,10:45:00,1,Collision with vehicle,7,Saturday,137,LEFT TURN SIDESWIPE,1,98095,2,0,0,1,1,2,1,5,Not at intersection,3,60,Arterial Other,50-59,Other injury,Bicyclists
T20130010855,5/21/2013,14:45:00,1,Collision with vehicle,3,Tuesday,163,VEHICLE STRIKES DOOR OF PARKED/STATIONARY VEHICLE,1,35934,2,0,0,1,1,2,2,1,Cross intersection,3,60,Arterial Other,30-39,Other injury,Bicyclists
T20130010878,5/24/2013,21:20:00,1,Collision with vehicle,6,Friday,163,VEHICLE STRIKES DOOR OF PARKED/STATIONARY VEHICLE,3,269059,2,0,0,1,3,4,2,5,Not at intersection,3,40,Local Road,22-25,Other injury,Bicyclists
T20130010886,5/25/2013,18:42:00,1,Collision with vehicle,7,Saturday,160,VEHICLE COLLIDES WITH VEHICLE PARKED ON LEFT OF ROAD,3,72380,2,0,0,1,0,1,1,2,T intersection,3,60,Arterial Other,30-39,Other injury,Bicyclists
T20130010917,5/24/2013,21:20:00,1,Collision with vehicle,6,Friday,111,RIGHT FAR (INTERSECTIONS ONLY),3,260776,2,0,0,1,1,2,1,2,T intersection,3,50,Local Road,16-17,Other injury,Bicyclists
T20130010926,5/26/2013,11:00:00,1,Collision with vehicle,1,Sunday,163,VEHICLE STRIKES DOOR OF PARKED/STATIONARY VEHICLE,1,260962,2,0,0,1,2,3,2,5,Not at intersection,3,50,Local Road,30-39,Other injury,Bicyclists
T20130010941,5/20/2013,12:20:00,1,Collision with vehicle,2,Monday,121,RIGHT THROUGH,1,37597,2,0,0,1,1,2,2,2,T intersection,3,60,Arterial Other,26-29,Other injury,Bicyclists
T20130010946,5/19/2013,8:30:00,8,No collision and no object struck,1,Sunday,174,OUT OF CONTROL ON CARRIAGEWAY (ON STRAIGHT),1,261820,1,0,0,1,0,1,2,2,T intersection,3,30,Local Road,40-49,Other injury,Bicyclists
T20130010959,5/27/2013,8:45:00,1,Collision with vehicle,2,Monday,148,VEHICLE OFF FOOTPATH STRIKES VEH ON CARRIAGEWAY,1,49662,2,1,0,1,4,6,1,1,Cross intersection,1,60,Arterial Other,45424,Fatality,Bicyclists
T20130010962,5/27/2013,8:50:00,1,Collision with vehicle,2,Monday,131,LEFT REAR,1,36835,3,0,1,0,2,3,1,1,Cross intersection,2,40,Arterial Other,18-21,Serious injury,Bicyclists
T20130010964,5/10/2013,16:30:00,1,Collision with vehicle,6,Friday,121,RIGHT THROUGH,1,36287,2,0,0,1,1,2,2,1,Cross intersection,3,999,Arterial Other,13-15,Other injury,Bicyclists
T20130010992,5/23/2013,17:15:00,1,Collision with vehicle,5,Thursday,137,LEFT TURN SIDESWIPE,2,397,2,0,0,1,2,3,2,2,T intersection,3,60,Arterial Other,40-49,Other injury,Bicyclists
T20130011004,5/28/2013,6:15:00,1,Collision with vehicle,3,Tuesday,121,RIGHT THROUGH,3,236,2,0,0,1,1,2,1,1,Cross intersection,3,40,Local Road,30-39,Other injury,Bicyclists
T20130011033,5/27/2013,12:50:00,1,Collision with vehicle,2,Monday,163,VEHICLE STRIKES DOOR OF PARKED/STATIONARY VEHICLE,1,269076,2,0,0,1,2,3,2,5,Not at intersection,3,50,Local Road,30-39,Other injury,Bicyclists
T20130011040,5/27/2013,17:45:00,1,Collision with vehicle,2,Monday,133,LANE SIDE SWIPE (VEHICLES IN PARALLEL LANES),3,261061,2,0,1,0,1,2,2,5,Not at intersection,2,50,Uknown,26-29,Serious injury,Bicyclists
T20130011076,5/29/2013,9:00:00,8,No collision and no object struck,4,Wednesday,174,OUT OF CONTROL ON CARRIAGEWAY (ON STRAIGHT),1,260922,2,0,1,0,1,2,2,5,Not at intersection,2,40,Local Road,26-29,Serious injury,Bicyclists
T20130011080,5/28/2013,21:15:00,1,Collision with vehicle,3,Tuesday,130,REAR END(VEHICLES IN SAME LANE),3,29496,2,0,1,0,1,2,2,1,Cross intersection,2,60,Local Road,26-29,Serious injury,Bicyclists
T20130011099,4/12/2013,15:05:00,1,Collision with vehicle,6,Friday,110,CROSS TRAFFIC(INTERSECTIONS ONLY),1,29357,2,0,0,1,1,2,1,1,Cross intersection,3,50,Local Road,26-29,Other injury,Bicyclists
T20130011101,9/22/2012,9:00:00,1,Collision with vehicle,7,Saturday,163,VEHICLE STRIKES DOOR OF PARKED/STATIONARY VEHICLE,1,260584,2,0,0,1,1,2,2,5,Not at intersection,3,60,Local Road,30-39,Other injury,Bicyclists
T20130011115,5/29/2013,13:47:00,1,Collision with vehicle,4,Wednesday,110,CROSS TRAFFIC(INTERSECTIONS ONLY),1,58112,2,0,0,1,1,2,1,1,Cross intersection,3,50,Local Road,50-59,Other injury,Bicyclists
T20130011117,5/28/2013,16:15:00,1,Collision with vehicle,2,Tuesday,133,LANE SIDE SWIPE (VEHICLES IN PARALLEL LANES),2,29877,2,0,0,1,1,2,1,2,T intersection,3,60,Arterial Highway,30-39,Other injury,Bicyclists
T20130011160,1/16/2013,9:30:00,1,Collision with vehicle,4,Wednesday,148,VEHICLE OFF FOOTPATH STRIKES VEH ON CARRIAGEWAY,1,36210,2,0,0,1,1,2,2,1,Cross intersection,3,50,Arterial Other,30-39,Other injury,Bicyclists
T20130011183,5/30/2013,11:25:00,1,Collision with vehicle,5,Thursday,153,CUTTING IN (OVERTAKING),1,261680,4,0,0,1,3,4,1,5,Not at intersection,3,60,Uknown,70+,Other injury,Bicyclists
T20130011190,5/30/2013,8:35:00,8,No collision and no object struck,5,Thursday,174,OUT OF CONTROL ON CARRIAGEWAY (ON STRAIGHT),1,260744,2,0,0,1,1,2,2,2,T intersection,3,60,Local Road,30-39,Other injury,Bicyclists
T20130011213,5/30/2013,18:10:00,1,Collision with vehicle,5,Thursday,116,LEFT NEAR (INTERSECTIONS ONLY),6,64253,2,0,0,1,1,2,2,2,T intersection,3,50,Local Road,26-29,Other injury,Bicyclists