ACCIDENT_NO,ACCIDENT_DATE,ACCIDENT_TIME,ACCIDENT_TYPE,ACCIDENT_TYPE_DESC,DAY_OF_WEEK,DAY_WEEK_DESC,DCA_CODE,DCA_DESC,LIGHT_CONDITION,NODE_ID,NO_OF_VEHICLES,NO_PERSONS_KILLED,NO_PERSONS_INJ_2,NO_PERSONS_INJ_3,NO_PERSONS_NOT_INJ,NO_PERSONS,POLICE_ATTEND,ROAD_GEOMETRY,ROAD_GEOMETRY_DESC,SEVERITY,SPEED_ZONE,RMA,AGE_GROUP,INJ_LEVEL,ROAD_USER_TYPE_DESC
T20130011223,5/21/2013,7:50:00,8,No collision and no object struck,3,Tuesday,174,OUT OF CONTROL ON CARRIAGEWAY (ON STRAIGHT),1,44200,1,0,1,0,0,1,1,2,T intersection,2,999,Local Road,30-39,Serious injury,Bicyclists
T20130011250,5/31/2013,9:18:00,1,Collision with vehicle,6,Friday,136,RIGHT TURN SIDESWIPE,1,35355,2,0,0,1,1,2,1,1,Cross intersection,3,40,Local Road,30-39,Other injury,Bicyclists
T20130011255,5/13/2013,8:00:00,1,Collision with vehicle,2,Monday,163,VEHICLE STRIKES DOOR OF PARKED/STATIONARY VEHICLE,1,29418,2,0,0,1,2,3,2,1,Cross intersection,3,50,Local Road,30-39,Other injury,Bicyclists
T20130011268,5/31/2013,12:25:00,1,Collision with vehicle,6,Friday,110,CROSS TRAFFIC(INTERSECTIONS ONLY),1,36805,2,0,1,0,1,2,1,1,Cross intersection,2,60,Arterial Other,13-15,Serious injury,Bicyclists
T20130011273,5/24/2013,18:00:00,1,Collision with vehicle,6,Friday,163,VEHICLE STRIKES DOOR OF PARKED/STATIONARY VEHICLE,2,263125,2,0,1,0,1,2,2,5,Not at intersection,2,60,Arterial Other,30-39,Serious injury,Bicyclists
T20130011312,5/21/2013,16:20:00,1,Collision with vehicle,3,Tuesday,159,OTHER OVERTAKING MANOEUVRES NOT INCLUDED IN DCAs 150-154,1,261298,2,0,0,1,1,2,2,5,Not at intersection,3,40,Local Road,26-29,Other injury,Bicyclists
T20130011348,5/31/2013,12:40:00,1,Collision with vehicle,6,Friday,137,LEFT TURN SIDESWIPE,1,51570,2,0,0,1,1,2,1,1,Cross intersection,3,60,Arterial Highway,30-39,Other injury,Bicyclists
T20130011365,5/31/2013,16:30:00,1,Collision with vehicle,6,Friday,121,RIGHT THROUGH,1,260808,2,0,0,1,1,2,2,2,T intersection,3,60,Arterial Other,50-59,Other injury,Bicyclists
T20130011376,5/31/2013,19:00:00,1,Collision with vehicle,6,Friday,148,VEHICLE OFF FOOTPATH STRIKES VEH ON CARRIAGEWAY,5,260965,2,0,0,1,1,2,2,2,T intersection,3,999,Uknown,30-39,Other injury,Bicyclists
T20130011426,6/2/2013,7:20:00,1,Collision with vehicle,1,Sunday,113,RIGHT NEAR (INTERSECTIONS ONLY),3,55168,2,0,0,1,1,2,1,1,Cross intersection,3,50,Local Road,40-49,Other injury,Bicyclists
T20130011428,6/1/2013,16:00:00,1,Collision with vehicle,7,Saturday,147,VEHICLE STRIKES ANOTHER VEH WHILE EMERGING FROM DRIVEWAY,2,59124,2,0,0,1,1,2,2,2,T intersection,3,60,Local Road,26-29,Other injury,Bicyclists
T20130011448,6/2/2013,9:55:00,1,Collision with vehicle,1,Sunday,110,CROSS TRAFFIC(INTERSECTIONS ONLY),1,41066,2,1,0,1,0,2,1,1,Cross intersection,1,70,Arterial Other,50-59,Fatality,Bicyclists
T20130011450,6/2/2013,13:33:00,1,Collision with vehicle,1,Sunday,116,LEFT NEAR (INTERSECTIONS ONLY),1,41435,3,0,0,1,6,7,2,2,T intersection,3,999,Local Road,40-49,Other injury,Bicyclists
T20130011457,6/2/2013,18:10:00,1,Collision with vehicle,1,Sunday,110,CROSS TRAFFIC(INTERSECTIONS ONLY),3,44420,2,0,0,1,1,2,1,1,Cross intersection,3,60,Local Road,18-21,Other injury,Bicyclists
T20130011472,6/2/2013,12:50:00,1,Collision with vehicle,1,Sunday,137,LEFT TURN SIDESWIPE,1,29634,2,0,0,1,2,3,1,2,T intersection,3,60,Arterial Other,30-39,Other injury,Bicyclists
T20130011514,6/3/2013,8:30:00,1,Collision with vehicle,2,Monday,147,VEHICLE STRIKES ANOTHER VEH WHILE EMERGING FROM DRIVEWAY,2,269142,2,0,0,1,1,2,2,2,T intersection,3,999,Local Road,30-39,Other injury,Bicyclists
T20130011516,6/3/2013,18:43:00,1,Collision with vehicle,2,Monday,120,HEAD ON (NOT OVERTAKING),5,260889,2,0,1,0,2,3,1,2,T intersection,2,50,Arterial Highway,16-17,Serious injury,Bicyclists
T20130011521,6/3/2013,17:25:00,1,Collision with vehicle,2,Monday,148,VEHICLE OFF FOOTPATH STRIKES VEH ON CARRIAGEWAY,3,45101,2,0,0,1,1,2,1,1,Cross intersection,3,50,Local Road,50-59,Other injury,Bicyclists
T20130011525,6/3/2013,19:30:00,1,Collision with vehicle,2,Monday,133,LANE SIDE SWIPE (VEHICLES IN PARALLEL LANES),9,260890,2,0,0,1,1,2,2,5,Not at intersection,3,50,Local Road,30-39,Other injury,Bicyclists
T20130011531,6/2/2013,16:30:00,1,Collision with vehicle,1,Sunday,160,VEHICLE COLLIDES WITH VEHICLE PARKED ON LEFT OF ROAD,1,36440,2,0,0,1,0,1,2,2,T intersection,3,999,Arterial Other,26-29,Other injury,Bicyclists
T20130011541,12/18/2012,18:00:00,1,Collision with vehicle,3,Tuesday,136,RIGHT TURN SIDESWIPE,9,256274,2,0,0,2,0,2,2,2,T intersection,3,60,Arterial Other,40-49,Other injury,Bicyclists
T20130011575,6/4/2013,9:00:00,1,Collision with vehicle,3,Tuesday,121,RIGHT THROUGH,1,36997,2,0,1,0,1,2,1,2,T intersection,2,40,Uknown,26-29,Serious injury,Bicyclists
T20130011581,6/4/2013,16:20:00,1,Collision with vehicle,3,Tuesday,121,RIGHT THROUGH,1,49892,2,0,1,0,1,2,1,2,T intersection,2,50,Uknown,40-49,Serious injury,Bicyclists
T20130011591,6/4/2013,18:55:00,1,Collision with vehicle,3,Tuesday,137,LEFT TURN SIDESWIPE,3,35318,2,0,0,1,1,2,1,1,Cross intersection,3,50,Local Road,40-49,Other injury,Bicyclists
T20130011597,6/4/2013,18:45:00,1,Collision with vehicle,3,Tuesday,148,VEHICLE OFF FOOTPATH STRIKES VEH ON CARRIAGEWAY,3,236960,2,0,0,1,1,2,2,1,Cross intersection,3,777,Arterial Other,22-25,Other injury,Bicyclists
T20130011601,6/4/2013,19:30:00,1,Collision with vehicle,3,Tuesday,137,LEFT TURN SIDESWIPE,3,36041,2,0,0,2,0,2,1,2,T intersection,3,50,Arterial Other,26-29,Other injury,Bicyclists
T20130011605,6/4/2013,6:29:00,1,Collision with vehicle,3,Tuesday,130,REAR END(VEHICLES IN SAME LANE),5,269152,2,0,1,0,1,2,1,5,Not at intersection,2,80,Arterial Highway,65-69,Serious injury,Bicyclists
T20130011615,6/5/2013,3:45:00,1,Collision with vehicle,4,Wednesday,160,VEHICLE COLLIDES WITH VEHICLE PARKED ON LEFT OF ROAD,3,40168,2,0,0,1,0,1,1,2,T intersection,3,60,Arterial Other,40-49,Other injury,Bicyclists
T20130011640,5/27/2013,17:45:00,1,Collision with vehicle,2,Monday,137,LEFT TURN SIDESWIPE,3,39025,2,0,0,1,1,2,2,2,T intersection,3,60,Arterial Other,22-25,Other injury,Bicyclists
T20130011653,6/17/2012,15:20:00,8,No collision and no object struck,1,Sunday,174,OUT OF CONTROL ON CARRIAGEWAY (ON STRAIGHT),1,29598,2,0,0,1,1,2,2,1,Cross intersection,3,60,Arterial Other,65-69,Other injury,Bicyclists
T20130011665,6/5/2013,16:29:00,1,Collision with vehicle,4,Wednesday,110,CROSS TRAFFIC(INTERSECTIONS ONLY),2,66520,2,0,0,1,1,2,1,1,Cross intersection,3,50,Local Road,30-39,Other injury,Bicyclists
T20130011672,6/5/2013,8:25:00,1,Collision with vehicle,4,Wednesday,163,VEHICLE STRIKES DOOR OF PARKED/STATIONARY VEHICLE,1,261655,2,0,0,1,2,3,2,5,Not at intersection,3,40,Arterial Other,40-49,Other injury,Bicyclists
T20130011676,6/5/2013,19:07:00,1,Collision with vehicle,4,Wednesday,121,RIGHT THROUGH,3,35515,2,0,1,0,1,2,1,4,Multiple intersection,2,60,Freeway,22-25,Serious injury,Bicyclists
T20130011693,6/5/2013,17:23:00,1,Collision with vehicle,3,Wednesday,133,LANE SIDE SWIPE (VEHICLES IN PARALLEL LANES),2,35318,2,0,0,1,1,2,1,1,Cross intersection,3,40,Local Road,22-25,Other injury,Bicyclists
T20130011695,4/18/2013,8:00:00,8,No collision and no object struck,5,Thursday,174,OUT OF CONTROL ON CARRIAGEWAY (ON STRAIGHT),1,269159,2,0,0,1,1,2,2,5,Not at intersection,3,50,Local Road,30-39,Other injury,Bicyclists
T20130011708,5/9/2013,21:00:00,1,Collision with vehicle,5,Thursday,163,VEHICLE STRIKES DOOR OF PARKED/STATIONARY VEHICLE,9,269160,2,0,0,1,1,2,2,5,Not at intersection,3,50,Local Road,26-29,Other injury,Bicyclists
T20130011710,6/6/2013,8:15:00,1,Collision with vehicle,5,Thursday,137,LEFT TURN SIDESWIPE,1,222021,2,0,0,1,1,2,2,2,T intersection,3,60,Arterial Other,40-49,Other injury,Bicyclists
T20130011722,5/30/2013,17:40:00,1,Collision with vehicle,5,Thursday,133,LANE SIDE SWIPE (VEHICLES IN PARALLEL LANES),3,269165,2,0,0,1,1,2,2,5,Not at intersection,3,50,Local Road,40-49,Other injury,Bicyclists
T20130011748,6/6/2013,16:25:00,1,Collision with vehicle,5,Thursday,121,RIGHT THROUGH,1,37119,2,0,0,1,1,2,1,2,T intersection,3,60,Local Road,16-17,Other injury,Bicyclists
T20130011778,6/7/2013,7:40:00,1,Collision with vehicle,6,Friday,110,CROSS TRAFFIC(INTERSECTIONS ONLY),1,40059,2,0,0,1,1,2,1,1,Cross intersection,3,50,Local Road,26-29,Other injury,Bicyclists
T20130011805,5/28/2013,6:45:00,1,Collision with vehicle,3,Tuesday,116,LEFT NEAR (INTERSECTIONS ONLY),1,37323,2,0,1,0,1,2,2,2,T intersection,2,60,Arterial Other,30-39,Serious injury,Bicyclists
T20130011812,6/7/2013,12:50:00,1,Collision with vehicle,6,Friday,148,VEHICLE OFF FOOTPATH STRIKES VEH ON CARRIAGEWAY,1,38216,2,0,1,0,1,2,1,1,Cross intersection,2,50,Arterial Other,65-69,Serious injury,Bicyclists
T20130011819,6/6/2013,12:30:00,1,Collision with vehicle,5,Thursday,121,RIGHT THROUGH,1,50106,2,0,0,1,1,2,2,1,Cross intersection,3,60,Local Road,50-59,Other injury,Bicyclists
T20130011841,5/18/2013,13:00:00,1,Collision with vehicle,7,Saturday,121,RIGHT THROUGH,1,48120,2,0,0,1,1,2,2,2,T intersection,3,60,Arterial Other,40-49,Other injury,Bicyclists
T20130011849,6/7/2013,20:00:00,8,No collision and no object struck,6,Friday,174,OUT OF CONTROL ON CARRIAGEWAY (ON STRAIGHT),3,29458,2,0,0,1,1,2,1,1,Cross intersection,3,50,Local Road,60-64,Other injury,Bicyclists
T20130011872,6/7/2013,6:35:00,1,Collision with vehicle,6,Friday,139,OTHER SAME DIRECTION-MANOUEVRES NOT INCLUDED IN DCAs 130-137,2,261651,5,0,0,5,0,5,1,5,Not at intersection,3,100,Local Road,26-29,Other injury,Bicyclists
T20130011928,6/8/2013,15:30:00,1,Collision with vehicle,7,Saturday,121,RIGHT THROUGH,1,26465,2,0,0,1,1,2,1,5,Not at intersection,3,40,Arterial Other,40-49,Other injury,Bicyclists
T20130011984,6/9/2013,20:40:00,1,Collision with vehicle,1,Sunday,110,CROSS TRAFFIC(INTERSECTIONS ONLY),3,36094,2,0,1,0,1,2,1,1,Cross intersection,2,50,Local Road,18-21,Serious injury,Bicyclists
T20130012023,6/10/2013,11:30:00,1,Collision with vehicle,2,Monday,133,LANE SIDE SWIPE (VEHICLES IN PARALLEL LANES),1,261023,2,0,1,0,2,3,2,2,T intersection,2,999,Arterial Other,30-39,Serious injury,Bicyclists
T20130012050,6/10/2013,16:30:00,1,Collision with vehicle,2,Monday,121,RIGHT THROUGH,1,45118,2,0,0,1,1,2,2,2,T intersection,3,70,Arterial Other,22-25,Other injury,Bicyclists
T20130012081,6/7/2013,8:35:00,1,Collision with vehicle,6,Friday,147,VEHICLE STRIKES ANOTHER VEH WHILE EMERGING FROM DRIVEWAY,1,260989,2,0,0,1,1,2,1,1,Cross intersection,3,60,Local Road,13-15,Other injury,Bicyclists
T20130012121,6/11/2013,17:00:00,1,Collision with vehicle,3,Tuesday,113,RIGHT NEAR (INTERSECTIONS ONLY),2,44411,2,0,0,1,1,2,1,1,Cross intersection,3,60,Local Road,40-49,Other injury,Bicyclists
T20130012143,6/12/2013,6:20:00,1,Collision with vehicle,4,Wednesday,140,U TURN,3,269225,2,0,1,0,1,2,1,5,Not at intersection,2,50,Local Road,22-25,Serious injury,Bicyclists
T20130012154,6/4/2013,8:15:00,1,Collision with vehicle,3,Tuesday,163,VEHICLE STRIKES DOOR OF PARKED/STATIONARY VEHICLE,2,269228,2,0,0,1,2,3,2,5,Not at intersection,3,60,Arterial Other,30-39,Other injury,Bicyclists
T20130012159,6/10/2013,11:00:00,1,Collision with vehicle,2,Monday,119,OTHER ADJACENT (INTERSECTIONS ONLY),1,44329,2,0,0,2,0,2,2,2,T intersection,3,999,Local Road,50-59,Other injury,Bicyclists
T20130012246,6/13/2013,8:45:00,1,Collision with vehicle,5,Thursday,110,CROSS TRAFFIC(INTERSECTIONS ONLY),1,35974,2,0,0,1,1,2,2,1,Cross intersection,3,40,Local Road,60-64,Other injury,Bicyclists
T20130012257,5/8/2013,8:20:00,1,Collision with vehicle,4,Wednesday,121,RIGHT THROUGH,1,36483,2,0,0,1,1,2,2,1,Cross intersection,3,60,Arterial Other,26-29,Other injury,Bicyclists
T20130012264,6/13/2013,8:30:00,1,Collision with vehicle,5,Thursday,137,LEFT TURN SIDESWIPE,1,40463,2,0,0,1,1,2,1,2,T intersection,3,60,Local Road,40-49,Other injury,Bicyclists
T20130012311,6/13/2013,18:00:00,1,Collision with vehicle,5,Thursday,113,RIGHT NEAR (INTERSECTIONS ONLY),3,244015,2,0,1,0,3,4,1,2,T intersection,2,50,Local Road,40-49,Serious injury,Bicyclists
T20130012339,5/12/2013,9:15:00,1,Collision with vehicle,1,Sunday,163,VEHICLE STRIKES DOOR OF PARKED/STATIONARY VEHICLE,9,269250,2,0,0,1,1,2,2,5,Not at intersection,3,60,Arterial Other,30-39,Other injury,Bicyclists
T20130012353,6/14/2013,8:30:00,1,Collision with vehicle,6,Friday,116,LEFT NEAR (INTERSECTIONS ONLY),1,47064,2,0,1,0,1,2,1,1,Cross intersection,2,50,Local Road,50-59,Serious injury,Bicyclists
T20130012374,2/13/2013,7:00:00,1,Collision with vehicle,4,Wednesday,123,RIGHT/LEFT. ONE VEH TURNING RIGHT THE OTHER LEFT.,1,38246,2,0,1,0,1,2,2,2,T intersection,2,50,Arterial Other,40-49,Serious injury,Bicyclists
T20130012384,6/14/2013,18:10:00,1,Collision with vehicle,6,Friday,113,RIGHT NEAR (INTERSECTIONS ONLY),3,17664,2,0,0,1,2,3,1,1,Cross intersection,3,60,Arterial Highway,50-59,Other injury,Bicyclists
T20130012409,6/15/2013,11:05:00,1,Collision with vehicle,7,Saturday,123,RIGHT/LEFT. ONE VEH TURNING RIGHT THE OTHER LEFT.,1,45271,2,0,0,1,1,2,1,1,Cross intersection,3,100,Freeway,60-64,Other injury,Bicyclists
T20130012417,5/27/2013,16:00:00,1,Collision with vehicle,2,Monday,111,RIGHT FAR (INTERSECTIONS ONLY),1,256206,2,0,0,1,1,2,2,2,T intersection,3,60,Local Road,50-59,Other injury,Bicyclists
T20130012467,6/16/2013,8:10:00,1,Collision with vehicle,1,Sunday,121,RIGHT THROUGH,1,50303,3,0,1,1,2,4,1,2,T intersection,2,50,Arterial Other,60-64,Serious injury,Bicyclists
T20130012472,6/16/2013,11:20:00,1,Collision with vehicle,1,Sunday,134,LANE CHANGE RIGHT (NOT OVERTAKING),1,40049,2,0,1,0,1,2,1,2,T intersection,2,60,Arterial Other,50-59,Serious injury,Bicyclists
T20130012478,6/11/2013,8:55:00,1,Collision with vehicle,3,Tuesday,143,ENTERING PARKING,2,269267,2,0,0,1,2,3,2,5,Not at intersection,3,40,Local Road,26-29,Other injury,Bicyclists
T20130012482,6/16/2013,11:00:00,1,Collision with vehicle,1,Sunday,148,VEHICLE OFF FOOTPATH STRIKES VEH ON CARRIAGEWAY,1,45130,2,0,0,1,1,2,2,1,Cross intersection,3,70,Arterial Other,50-59,Other injury,Bicyclists
T20130012497,6/16/2013,18:01:00,1,Collision with vehicle,1,Sunday,120,HEAD ON (NOT OVERTAKING),3,269270,2,0,1,1,0,2,1,5,Not at intersection,2,60,Local Road,13-15,Other injury,Bicyclists
T20130012534,5/29/2013,9:29:00,1,Collision with vehicle,4,Wednesday,163,VEHICLE STRIKES DOOR OF PARKED/STATIONARY VEHICLE,1,269273,2,0,0,1,1,2,2,5,Not at intersection,3,40,Arterial Other,26-29,Other injury,Bicyclists
T20130012537,6/13/2013,22:00:00,1,Collision with vehicle,5,Thursday,147,VEHICLE STRIKES ANOTHER VEH WHILE EMERGING FROM DRIVEWAY,3,261212,2,0,1,0,1,2,2,5,Not at intersection,2,50,Local Road,26-29,Serious injury,Bicyclists
T20130012557,5/25/2013,19:00:00,1,Collision with vehicle,7,Saturday,163,VEHICLE STRIKES DOOR OF PARKED/STATIONARY VEHICLE,3,36494,2,0,1,0,2,3,2,1,Cross intersection,2,40,Local Road,22-25,Serious injury,Bicyclists
T20130012558,6/17/2013,15:40:00,1,Collision with vehicle,2,Monday,116,LEFT NEAR (INTERSECTIONS ONLY),1,51537,2,0,0,1,1,2,2,1,Cross intersection,3,60,Arterial Highway,50-59,Other injury,Bicyclists
T20130012590,6/17/2013,18:07:00,1,Collision with vehicle,2,Monday,110,CROSS TRAFFIC(INTERSECTIONS ONLY),3,38043,2,0,0,2,0,2,2,1,Cross intersection,3,50,Local Road,22-25,Other injury,Bicyclists
T20130012602,6/18/2013,5:20:00,5,collision with some other object,3,Tuesday,166,STRUCK OBJECT ON CARRIAGEWAY,5,269282,1,0,0,1,0,1,2,5,Not at intersection,3,50,Local Road,50-59,Other injury,Bicyclists
T20130012611,6/18/2013,9:10:00,1,Collision with vehicle,3,Tuesday,121,RIGHT THROUGH,1,36051,2,0,0,1,1,2,1,2,T intersection,3,50,Local Road,50-59,Other injury,Bicyclists
T20130012612,6/12/2013,20:30:00,1,Collision with vehicle,4,Wednesday,110,CROSS TRAFFIC(INTERSECTIONS ONLY),3,68902,2,0,0,1,1,2,2,1,Cross intersection,3,60,Local Road,50-59,Other injury,Bicyclists
T20130012618,2/11/2013,18:30:00,1,Collision with vehicle,2,Monday,163,VEHICLE STRIKES DOOR OF PARKED/STATIONARY VEHICLE,1,64014,2,0,0,1,1,2,2,2,T intersection,3,999,Local Road,30-39,Other injury,Bicyclists
T20130012641,6/18/2013,15:20:00,1,Collision with vehicle,3,Tuesday,121,RIGHT THROUGH,1,261277,2,0,0,1,1,2,1,2,T intersection,3,40,Local Road,18-21,Other injury,Bicyclists
T20130012721,6/19/2013,6:50:00,1,Collision with vehicle,4,Wednesday,148,VEHICLE OFF FOOTPATH STRIKES VEH ON CARRIAGEWAY,2,221489,2,0,0,1,1,2,1,1,Cross intersection,3,60,Arterial Other,50-59,Other injury,Bicyclists
T20130012795,4/11/2013,0:15:00,1,Collision with vehicle,5,Thursday,121,RIGHT THROUGH,9,35420,2,0,0,1,1,2,2,1,Cross intersection,3,60,Arterial Other,26-29,Other injury,Bicyclists
T20130012800,6/8/2013,7:30:00,5,collision with some other object,7,Saturday,199,UNKNOWN-NO DETAILS ON MANOEUVRES OF ROAD-USERS IN ACCIDENT,1,60195,2,0,0,1,1,2,2,1,Cross intersection,3,60,Arterial Highway,50-59,Other injury,Bicyclists
T20130012815,6/20/2013,11:45:00,1,Collision with vehicle,5,Thursday,121,RIGHT THROUGH,1,38868,2,0,1,0,1,2,1,1,Cross intersection,2,60,Arterial Other,22-25,Serious injury,Bicyclists
T20130012824,6/20/2013,13:21:00,1,Collision with vehicle,5,Thursday,137,LEFT TURN SIDESWIPE,1,36489,2,0,0,1,1,2,1,1,Cross intersection,3,40,Local Road,18-21,Other injury,Bicyclists
T20130012838,6/20/2013,14:20:00,1,Collision with vehicle,5,Thursday,147,VEHICLE STRIKES ANOTHER VEH WHILE EMERGING FROM DRIVEWAY,1,269309,2,0,0,1,1,2,1,5,Not at intersection,3,50,Local Road,65-69,Other injury,Bicyclists
T20130012839,6/20/2013,16:10:00,1,Collision with vehicle,5,Thursday,121,RIGHT THROUGH,1,49096,2,0,0,1,1,2,1,1,Cross intersection,3,60,Uknown,30-39,Other injury,Bicyclists
T20130012841,6/19/2013,15:55:00,1,Collision with vehicle,4,Wednesday,148,VEHICLE OFF FOOTPATH STRIKES VEH ON CARRIAGEWAY,1,50393,2,0,1,0,1,2,1,1,Cross intersection,2,50,Arterial Highway,45424,Serious injury,Bicyclists
T20130012844,7/17/2012,18:00:00,1,Collision with vehicle,3,Tuesday,110,CROSS TRAFFIC(INTERSECTIONS ONLY),2,69130,2,0,0,1,1,2,2,4,Multiple intersection,3,999,Local Road,30-39,Other injury,Bicyclists
T20130012846,5/15/2013,17:22:00,1,Collision with vehicle,4,Wednesday,147,VEHICLE STRIKES ANOTHER VEH WHILE EMERGING FROM DRIVEWAY,2,269310,2,0,0,1,1,2,2,5,Not at intersection,3,999,Local Road,50-59,Other injury,Bicyclists
T20130012878,6/20/2013,18:30:00,1,Collision with vehicle,5,Thursday,148,VEHICLE OFF FOOTPATH STRIKES VEH ON CARRIAGEWAY,3,54809,2,0,1,0,1,2,1,2,T intersection,2,60,Freeway,18-21,Serious injury,Bicyclists
T20130012883,6/20/2013,8:19:00,1,Collision with vehicle,5,Thursday,121,RIGHT THROUGH,2,269313,2,0,0,1,1,2,1,5,Not at intersection,3,60,Arterial Other,30-39,Other injury,Bicyclists
T20130012888,6/21/2013,7:40:00,1,Collision with vehicle,6,Friday,110,CROSS TRAFFIC(INTERSECTIONS ONLY),1,52758,2,0,0,1,1,2,1,1,Cross intersection,3,60,Arterial Other,60-64,Other injury,Bicyclists
T20130012896,6/21/2013,8:00:00,1,Collision with vehicle,6,Friday,148,VEHICLE OFF FOOTPATH STRIKES VEH ON CARRIAGEWAY,1,26594,2,0,0,1,1,2,2,5,Not at intersection,3,50,Local Road,26-29,Other injury,Bicyclists
T20130012897,6/21/2013,9:10:00,1,Collision with vehicle,6,Friday,130,REAR END(VEHICLES IN SAME LANE),1,38779,2,0,1,0,2,3,1,1,Cross intersection,2,50,Arterial Highway,40-49,Serious injury,Bicyclists
T20130012901,6/16/2013,17:30:00,1,Collision with vehicle,1,Sunday,133,LANE SIDE SWIPE (VEHICLES IN PARALLEL LANES),3,35432,2,0,1,0,1,2,2,2,T intersection,2,70,Local Road,50-59,Serious injury,Bicyclists
T20130012911,6/21/2013,7:00:00,1,Collision with vehicle,6,Friday,116,LEFT NEAR (INTERSECTIONS ONLY),2,29625,2,0,0,1,1,2,2,2,T intersection,3,60,Local Road,30-39,Other injury,Bicyclists
T20130012948,6/21/2013,17:45:00,1,Collision with vehicle,6,Friday,110,CROSS TRAFFIC(INTERSECTIONS ONLY),3,263269,2,0,0,1,1,2,1,1,Cross intersection,3,50,Local Road,50-59,Other injury,Bicyclists
T20130012956,6/21/2013,18:35:00,1,Collision with vehicle,6,Friday,110,CROSS TRAFFIC(INTERSECTIONS ONLY),3,261311,2,0,1,0,1,2,1,1,Cross intersection,2,50,Local Road,60-64,Serious injury,Bicyclists
T20130012966,6/21/2013,19:20:00,1,Collision with vehicle,6,Friday,137,LEFT TURN SIDESWIPE,3,37715,3,0,0,1,4,5,1,2,T intersection,3,40,Arterial Other,30-39,Other injury,Bicyclists
T20130013004,6/22/2013,9:50:00,1,Collision with vehicle,7,Saturday,121,RIGHT THROUGH,1,261314,2,0,0,1,1,2,1,2,T intersection,3,60,Local Road,50-59,Other injury,Bicyclists
T20130013008,5/25/2013,8:00:00,6,Vehicle overturned (no collision),7,Saturday,184,OUT OF CONTROL ON CARRIAGEWAY (ON BEND),1,261248,1,0,0,1,0,1,2,5,Not at intersection,3,999,Uknown,60-64,Other injury,Bicyclists
T20130013010,6/22/2013,8:25:00,1,Collision with vehicle,7,Saturday,143,ENTERING PARKING,1,261288,2,0,1,0,3,4,1,2,T intersection,2,40,Arterial Other,30-39,Serious injury,Bicyclists
T20130013051,6/22/2013,17:30:00,1,Collision with vehicle,7,Saturday,121,RIGHT THROUGH,2,45651,2,0,0,1,1,2,2,2,T intersection,3,60,Arterial Other,30-39,Other injury,Bicyclists
T20130013096,5/14/2013,10:45:00,1,Collision with vehicle,3,Tuesday,153,CUTTING IN (OVERTAKING),1,43326,2,0,0,1,1,2,2,2,T intersection,3,50,Local Road,30-39,Other injury,Bicyclists
T20130013144,6/24/2013,10:45:00,1,Collision with vehicle,2,Monday,116,LEFT NEAR (INTERSECTIONS ONLY),1,46948,2,0,0,1,1,2,1,1,Cross intersection,3,40,Arterial Other,70+,Other injury,Bicyclists
T20130013157,6/24/2013,13:04:00,1,Collision with vehicle,2,Monday,160,VEHICLE COLLIDES WITH VEHICLE PARKED ON LEFT OF ROAD,1,269348,2,0,1,0,0,1,1,5,Not at intersection,2,60,Arterial Highway,22-25,Serious injury,Bicyclists
T20130013180,6/24/2013,18:40:00,1,Collision with vehicle,2,Monday,148,VEHICLE OFF FOOTPATH STRIKES VEH ON CARRIAGEWAY,3,260194,2,0,0,1,1,2,1,5,Not at intersection,3,60,Local Road,26-29,Other injury,Bicyclists
T20130013194,6/25/2013,7:00:00,1,Collision with vehicle,3,Tuesday,147,VEHICLE STRIKES ANOTHER VEH WHILE EMERGING FROM DRIVEWAY,2,262016,2,0,1,0,1,2,1,5,Not at intersection,2,60,Local Road,50-59,Serious injury,Bicyclists
T20130013247,6/25/2013,17:50:00,1,Collision with vehicle,3,Tuesday,134,LANE CHANGE RIGHT (NOT OVERTAKING),3,269360,2,0,0,1,1,2,1,5,Not at intersection,3,80,Arterial Highway,40-49,Other injury,Bicyclists
T20130013253,6/25/2013,15:40:00,1,Collision with vehicle,3,Tuesday,163,VEHICLE STRIKES DOOR OF PARKED/STATIONARY VEHICLE,1,29415,2,0,0,1,1,2,1,2,T intersection,3,50,Arterial Other,50-59,Other injury,Bicyclists
T20130013262,6/25/2013,17:41:00,1,Collision with vehicle,3,Tuesday,135,LANE CHANGE LEFT (NOT OVERTAKING),2,261365,2,0,0,1,1,2,1,5,Not at intersection,3,50,Local Road,40-49,Other injury,Bicyclists
T20130013275,6/26/2013,9:22:00,2,Struck Pedestrian,4,Wednesday,102,FAR SIDE. PED HIT BY VEHICLE FROM THE LEFT,1,36379,1,0,1,0,1,2,1,2,T intersection,2,60,Local Road,30-39,Not injured,Bicyclists
T20130013308,6/26/2013,16:10:00,2,Struck Pedestrian,4,Wednesday,100,PED NEAR SIDE. PED HIT BY VEHICLE FROM THE RIGHT.,2,36875,1,0,1,1,0,2,1,1,Cross intersection,2,50,Arterial Other,30-39,Other injury,Bicyclists
T20130013311,6/26/2013,17:15:00,1,Collision with vehicle,4,Wednesday,130,REAR END(VEHICLES IN SAME LANE),3,37911,2,0,0,1,1,2,2,1,Cross intersection,3,40,Arterial Other,30-39,Other injury,Bicyclists
T20130013319,6/26/2013,19:40:00,8,No collision and no object struck,4,Wednesday,174,OUT OF CONTROL ON CARRIAGEWAY (ON STRAIGHT),5,262666,1,0,1,0,0,1,1,6,Dead end,2,999,Local Road,50-59,Serious injury,Bicyclists
T20130013335,6/25/2013,7:10:00,1,Collision with vehicle,3,Tuesday,113,RIGHT NEAR (INTERSECTIONS ONLY),2,71312,2,0,1,0,1,2,2,2,T intersection,2,999,Local Road,40-49,Serious injury,Bicyclists