ACCIDENT_NO,ACCIDENT_DATE,ACCIDENT_TIME,ACCIDENT_TYPE,ACCIDENT_TYPE_DESC,DAY_OF_WEEK,DAY_WEEK_DESC,DCA_CODE,DCA_DESC,LIGHT_CONDITION,NODE_ID,NO_OF_VEHICLES,NO_PERSONS_KILLED,NO_PERSONS_INJ_2,NO_PERSONS_INJ_3,NO_PERSONS_NOT_INJ,NO_PERSONS,POLICE_ATTEND,ROAD_GEOMETRY,ROAD_GEOMETRY_DESC,SEVERITY,SPEED_ZONE,RMA,AGE_GROUP,INJ_LEVEL,ROAD_USER_TYPE_DESC
T20130013336,2/22/2013,17:20:00,1,Collision with vehicle,6,Friday,137,LEFT TURN SIDESWIPE,1,37556,2,0,0,1,1,2,2,1,Cross intersection,3,60,Local Road,50-59,Other injury,Bicyclists
T20130013345,6/26/2013,9:05:00,1,Collision with vehicle,4,Wednesday,137,LEFT TURN SIDESWIPE,1,261400,2,0,0,1,1,2,2,5,Not at intersection,3,40,Local Road,40-49,Other injury,Bicyclists
T20130013350,6/26/2013,9:40:00,8,No collision and no object struck,4,Wednesday,174,OUT OF CONTROL ON CARRIAGEWAY (ON STRAIGHT),1,37115,2,0,0,1,1,2,2,1,Cross intersection,3,40,Local Road,26-29,Other injury,Bicyclists
T20130013352,6/27/2013,10:00:00,1,Collision with vehicle,5,Thursday,160,VEHICLE COLLIDES WITH VEHICLE PARKED ON LEFT OF ROAD,1,269378,2,0,1,0,1,2,1,5,Not at intersection,2,40,Uknown,40-49,Serious injury,Bicyclists
T20130013424,6/28/2013,7:55:00,1,Collision with vehicle,6,Friday,130,REAR END(VEHICLES IN SAME LANE),1,42100,2,0,1,0,2,3,1,2,T intersection,2,50,Arterial Other,50-59,Serious injury,Bicyclists
T20130013438,6/28/2013,9:30:00,1,Collision with vehicle,5,Friday,110,CROSS TRAFFIC(INTERSECTIONS ONLY),1,34518,2,0,0,1,1,2,2,4,Multiple intersection,3,60,Arterial Other,60-64,Other injury,Bicyclists
T20130013450,2/14/2013,20:00:00,2,Struck Pedestrian,5,Thursday,106,VEH STRIKES PED ON FOOTPATH/MEDIAN/TRAFFIC ISLAND.,9,269399,1,0,0,2,0,2,2,5,Not at intersection,3,60,Local Road,26-29,Other injury,Bicyclists
T20130013462,6/23/2013,5:45:00,8,No collision and no object struck,1,Sunday,174,OUT OF CONTROL ON CARRIAGEWAY (ON STRAIGHT),2,169,2,0,0,1,1,2,2,1,Cross intersection,3,70,Arterial Highway,16-17,Other injury,Bicyclists
T20130013463,6/28/2013,19:00:00,1,Collision with vehicle,6,Friday,121,RIGHT THROUGH,1,261768,2,0,0,1,1,2,1,5,Not at intersection,3,80,Uknown,Unknown,Other injury,Bicyclists
T20130013471,6/28/2013,19:30:00,1,Collision with vehicle,6,Friday,111,RIGHT FAR (INTERSECTIONS ONLY),3,41830,2,0,0,1,1,2,1,2,T intersection,3,60,Local Road,40-49,Other injury,Bicyclists
T20130013498,6/29/2013,10:05:00,1,Collision with vehicle,7,Saturday,160,VEHICLE COLLIDES WITH VEHICLE PARKED ON LEFT OF ROAD,1,269405,2,0,0,1,0,1,1,5,Not at intersection,3,60,Local Road,50-59,Other injury,Bicyclists
T20130013503,6/28/2013,12:50:00,1,Collision with vehicle,6,Friday,143,ENTERING PARKING,1,261529,2,0,1,0,1,2,1,5,Not at intersection,2,70,Arterial Other,70+,Serious injury,Bicyclists
T20130013507,9/7/2012,8:00:00,1,Collision with vehicle,6,Friday,163,VEHICLE STRIKES DOOR OF PARKED/STATIONARY VEHICLE,1,40112,2,0,0,1,1,2,2,2,T intersection,3,60,Arterial Other,30-39,Other injury,Bicyclists
T20130013521,6/28/2013,16:30:00,1,Collision with vehicle,6,Friday,163,VEHICLE STRIKES DOOR OF PARKED/STATIONARY VEHICLE,1,261445,2,0,1,0,1,2,2,5,Not at intersection,2,60,Arterial Other,40-49,Serious injury,Bicyclists
T20130013524,6/26/2013,8:45:00,1,Collision with vehicle,4,Wednesday,163,VEHICLE STRIKES DOOR OF PARKED/STATIONARY VEHICLE,1,261722,2,0,1,0,1,2,2,5,Not at intersection,2,50,Local Road,50-59,Serious injury,Bicyclists
T20130013555,6/30/2013,8:30:00,5,collision with some other object,1,Sunday,166,STRUCK OBJECT ON CARRIAGEWAY,2,269412,1,0,1,0,0,1,1,5,Not at intersection,2,70,Arterial Highway,70+,Serious injury,Bicyclists
T20130013632,6/28/2013,17:55:00,1,Collision with vehicle,6,Friday,130,REAR END(VEHICLES IN SAME LANE),3,29420,2,0,1,0,1,2,1,1,Cross intersection,2,50,Local Road,22-25,Serious injury,Bicyclists
T20130013681,7/1/2013,14:00:00,1,Collision with vehicle,2,Monday,113,RIGHT NEAR (INTERSECTIONS ONLY),1,262245,2,0,0,1,1,2,1,2,T intersection,3,80,Arterial Other,40-49,Other injury,Bicyclists
T20130013693,7/2/2013,8:09:00,1,Collision with vehicle,3,Tuesday,113,RIGHT NEAR (INTERSECTIONS ONLY),1,41152,2,0,0,1,1,2,1,1,Cross intersection,3,60,Local Road,40-49,Other injury,Bicyclists
T20130013706,7/2/2013,11:35:00,1,Collision with vehicle,3,Tuesday,137,LEFT TURN SIDESWIPE,1,36688,2,0,1,0,1,2,1,1,Cross intersection,2,40,Arterial Other,60-64,Serious injury,Bicyclists
T20130013718,7/2/2013,9:45:00,1,Collision with vehicle,3,Tuesday,121,RIGHT THROUGH,1,42704,2,0,0,1,1,2,1,2,T intersection,3,60,Arterial Other,70+,Other injury,Bicyclists
T20130013719,7/2/2013,13:46:00,1,Collision with vehicle,3,Tuesday,147,VEHICLE STRIKES ANOTHER VEH WHILE EMERGING FROM DRIVEWAY,1,262020,2,0,1,0,1,2,1,5,Not at intersection,2,999,Arterial Highway,16-17,Serious injury,Bicyclists
T20130013760,7/2/2013,13:30:00,1,Collision with vehicle,3,Tuesday,163,VEHICLE STRIKES DOOR OF PARKED/STATIONARY VEHICLE,1,146162,2,0,1,0,1,2,2,5,Not at intersection,2,40,Local Road,18-21,Serious injury,Bicyclists
T20130013761,7/2/2013,18:05:00,1,Collision with vehicle,3,Tuesday,121,RIGHT THROUGH,3,29595,2,0,1,0,2,3,1,1,Cross intersection,2,60,Local Road,50-59,Serious injury,Bicyclists
T20130013777,7/3/2013,8:40:00,1,Collision with vehicle,4,Wednesday,137,LEFT TURN SIDESWIPE,1,261640,2,0,1,0,1,2,1,5,Not at intersection,2,60,Arterial Other,30-39,Serious injury,Bicyclists
T20130013778,7/3/2013,8:25:00,1,Collision with vehicle,4,Wednesday,110,CROSS TRAFFIC(INTERSECTIONS ONLY),1,29361,2,0,0,1,1,2,1,1,Cross intersection,3,40,Local Road,26-29,Other injury,Bicyclists
T20130013781,7/2/2013,15:50:00,1,Collision with vehicle,3,Tuesday,134,LANE CHANGE RIGHT (NOT OVERTAKING),1,65162,3,0,0,1,2,3,2,2,T intersection,3,40,Local Road,30-39,Other injury,Bicyclists
T20130013783,7/3/2013,9:55:00,8,No collision and no object struck,4,Wednesday,174,OUT OF CONTROL ON CARRIAGEWAY (ON STRAIGHT),1,261537,2,0,0,2,0,2,1,5,Not at intersection,3,50,Local Road,30-39,Other injury,Bicyclists
T20130013815,7/3/2013,13:50:00,1,Collision with vehicle,4,Wednesday,137,LEFT TURN SIDESWIPE,1,36033,2,0,1,0,1,2,1,1,Cross intersection,2,60,Local Road,30-39,Serious injury,Bicyclists
T20130013818,7/3/2013,15:43:00,1,Collision with vehicle,4,Wednesday,121,RIGHT THROUGH,1,66182,2,0,0,2,0,2,1,2,T intersection,3,60,Arterial Other,70+,Other injury,Bicyclists
T20130013859,7/4/2013,7:17:00,1,Collision with vehicle,5,Thursday,116,LEFT NEAR (INTERSECTIONS ONLY),2,790,2,0,0,1,1,2,1,2,T intersection,3,50,Arterial Other,40-49,Other injury,Bicyclists
T20130013874,7/4/2013,9:45:00,1,Collision with vehicle,5,Thursday,137,LEFT TURN SIDESWIPE,1,261657,2,0,0,1,1,2,2,2,T intersection,3,60,Arterial Other,26-29,Other injury,Bicyclists
T20130013912,7/4/2013,17:35:00,6,Vehicle overturned (no collision),5,Thursday,174,OUT OF CONTROL ON CARRIAGEWAY (ON STRAIGHT),3,261572,1,0,0,1,0,1,1,5,Not at intersection,3,80,Freeway,30-39,Other injury,Bicyclists
T20130013939,7/5/2013,7:50:00,1,Collision with vehicle,6,Friday,121,RIGHT THROUGH,1,36264,2,0,0,1,1,2,1,1,Cross intersection,3,40,Arterial Other,50-59,Other injury,Bicyclists
T20130013954,6/24/2013,14:30:00,1,Collision with vehicle,2,Monday,110,CROSS TRAFFIC(INTERSECTIONS ONLY),1,29359,2,0,0,1,1,2,2,1,Cross intersection,3,50,Local Road,22-25,Other injury,Bicyclists
T20130013966,7/5/2013,12:25:00,1,Collision with vehicle,6,Friday,148,VEHICLE OFF FOOTPATH STRIKES VEH ON CARRIAGEWAY,1,36395,2,0,0,1,2,3,1,1,Cross intersection,3,60,Local Road,30-39,Not injured,Bicyclists
T20130013979,7/5/2013,15:00:00,1,Collision with vehicle,6,Friday,163,VEHICLE STRIKES DOOR OF PARKED/STATIONARY VEHICLE,9,70910,2,0,0,1,1,2,2,2,T intersection,3,60,Local Road,40-49,Other injury,Bicyclists
T20130014078,7/7/2013,10:35:00,8,No collision and no object struck,1,Sunday,174,OUT OF CONTROL ON CARRIAGEWAY (ON STRAIGHT),1,261816,1,0,1,0,0,1,1,5,Not at intersection,2,80,Uknown,50-59,Serious injury,Bicyclists
T20130014095,7/7/2013,16:00:00,1,Collision with vehicle,1,Sunday,147,VEHICLE STRIKES ANOTHER VEH WHILE EMERGING FROM DRIVEWAY,1,261734,2,0,0,1,1,2,1,5,Not at intersection,3,50,Local Road,45424,Other injury,Bicyclists
T20130014106,7/3/2013,16:10:00,1,Collision with vehicle,4,Wednesday,163,VEHICLE STRIKES DOOR OF PARKED/STATIONARY VEHICLE,1,261669,2,0,0,1,1,2,2,5,Not at intersection,3,50,Uknown,26-29,Other injury,Bicyclists
T20130014108,7/7/2013,3:10:00,8,No collision and no object struck,1,Sunday,174,OUT OF CONTROL ON CARRIAGEWAY (ON STRAIGHT),3,45390,1,0,0,1,0,1,1,2,T intersection,3,60,Arterial Other,26-29,Other injury,Bicyclists
T20130014120,7/8/2013,9:15:00,1,Collision with vehicle,2,Monday,163,VEHICLE STRIKES DOOR OF PARKED/STATIONARY VEHICLE,1,261835,2,0,0,1,1,2,2,5,Not at intersection,3,60,Local Road,40-49,Other injury,Bicyclists
T20130014186,7/8/2013,13:10:00,1,Collision with vehicle,2,Monday,110,CROSS TRAFFIC(INTERSECTIONS ONLY),1,50612,2,0,0,1,1,2,1,1,Cross intersection,3,50,Local Road,70+,Other injury,Bicyclists
T20130014187,7/9/2013,8:12:00,1,Collision with vehicle,3,Tuesday,116,LEFT NEAR (INTERSECTIONS ONLY),1,70435,2,0,0,1,2,3,1,2,T intersection,3,80,Arterial Highway,50-59,Other injury,Bicyclists
T20130014215,7/8/2013,15:40:00,1,Collision with vehicle,2,Monday,163,VEHICLE STRIKES DOOR OF PARKED/STATIONARY VEHICLE,1,216,2,0,0,1,1,2,2,1,Cross intersection,3,50,Local Road,30-39,Other injury,Bicyclists
T20130014245,7/9/2013,17:35:00,1,Collision with vehicle,3,Tuesday,133,LANE SIDE SWIPE (VEHICLES IN PARALLEL LANES),2,261749,2,0,1,0,1,2,1,5,Not at intersection,2,60,Arterial Other,50-59,Serious injury,Bicyclists
T20130014275,7/10/2013,8:09:00,1,Collision with vehicle,4,Wednesday,137,LEFT TURN SIDESWIPE,1,36113,2,0,1,0,1,2,1,2,T intersection,2,70,Arterial Other,40-49,Serious injury,Bicyclists
T20130014296,7/10/2013,12:15:00,1,Collision with vehicle,3,Wednesday,147,VEHICLE STRIKES ANOTHER VEH WHILE EMERGING FROM DRIVEWAY,1,355660,2,0,1,0,1,2,1,2,T intersection,2,80,Arterial Other,40-49,Serious injury,Bicyclists
T20130014328,7/9/2013,13:15:00,8,No collision and no object struck,3,Tuesday,174,OUT OF CONTROL ON CARRIAGEWAY (ON STRAIGHT),9,37938,1,0,0,1,0,1,2,2,T intersection,3,40,Local Road,30-39,Other injury,Bicyclists
T20130014349,7/10/2013,20:00:00,1,Collision with vehicle,4,Wednesday,137,LEFT TURN SIDESWIPE,9,40121,2,0,1,0,1,2,2,2,T intersection,2,70,Arterial Highway,50-59,Serious injury,Bicyclists
T20130014351,7/11/2013,8:54:00,1,Collision with vehicle,5,Thursday,121,RIGHT THROUGH,1,261757,2,0,1,0,1,2,1,5,Not at intersection,2,60,Local Road,22-25,Serious injury,Bicyclists
T20130014356,7/11/2013,6:45:00,1,Collision with vehicle,5,Thursday,116,LEFT NEAR (INTERSECTIONS ONLY),2,19436,2,0,0,1,1,2,2,1,Cross intersection,3,50,Local Road,22-25,Other injury,Bicyclists
T20130014371,7/11/2013,15:05:00,1,Collision with vehicle,5,Thursday,116,LEFT NEAR (INTERSECTIONS ONLY),1,15198,2,0,0,1,1,2,1,1,Cross intersection,3,60,Uknown,22-25,Other injury,Bicyclists
T20130014415,7/11/2013,7:20:00,1,Collision with vehicle,5,Thursday,135,LANE CHANGE LEFT (NOT OVERTAKING),1,35365,2,0,0,1,1,2,2,1,Cross intersection,3,40,Local Road,26-29,Other injury,Bicyclists
T20130014416,7/12/2013,11:58:00,2,Struck Pedestrian,6,Friday,102,FAR SIDE. PED HIT BY VEHICLE FROM THE LEFT,1,261841,1,0,0,1,1,2,1,5,Not at intersection,3,40,Local Road,22-25,Other injury,Bicyclists
T20130014431,7/10/2013,18:00:00,1,Collision with vehicle,4,Wednesday,121,RIGHT THROUGH,3,40053,2,0,0,1,1,2,2,2,T intersection,3,60,Arterial Other,30-39,Other injury,Bicyclists
T20130014445,7/12/2013,14:00:00,1,Collision with vehicle,6,Friday,135,LANE CHANGE LEFT (NOT OVERTAKING),1,42935,2,0,0,1,1,2,2,2,T intersection,3,999,Local Road,70+,Other injury,Bicyclists
T20130014458,7/12/2013,16:15:00,1,Collision with vehicle,6,Friday,121,RIGHT THROUGH,1,40134,2,0,0,1,1,2,1,2,T intersection,3,60,Local Road,65-69,Other injury,Bicyclists
T20130014484,7/13/2013,9:30:00,1,Collision with vehicle,7,Saturday,121,RIGHT THROUGH,1,42503,2,0,0,1,1,2,1,2,T intersection,3,40,Local Road,50-59,Other injury,Bicyclists
T20130014505,7/13/2013,15:40:00,1,Collision with vehicle,7,Saturday,133,LANE SIDE SWIPE (VEHICLES IN PARALLEL LANES),1,216,2,0,0,1,1,2,2,1,Cross intersection,3,40,Local Road,30-39,Other injury,Bicyclists
T20130014536,7/13/2013,17:38:00,1,Collision with vehicle,7,Saturday,132,RIGHT REAR.,3,38022,2,0,1,0,1,2,1,1,Cross intersection,2,60,Arterial Other,30-39,Serious injury,Bicyclists
T20130014621,5/27/2013,13:00:00,1,Collision with vehicle,1,Monday,163,VEHICLE STRIKES DOOR OF PARKED/STATIONARY VEHICLE,1,29394,2,0,0,1,1,2,2,2,T intersection,3,60,Arterial Highway,30-39,Other injury,Bicyclists
T20130014670,7/16/2013,8:30:00,1,Collision with vehicle,3,Tuesday,143,ENTERING PARKING,1,261853,2,0,0,1,1,2,1,5,Not at intersection,3,50,Local Road,40-49,Other injury,Bicyclists
T20130014707,7/16/2013,6:50:00,1,Collision with vehicle,3,Tuesday,121,RIGHT THROUGH,9,122236,2,0,0,1,1,2,2,5,Not at intersection,3,40,Local Road,40-49,Other injury,Bicyclists
T20130014714,7/16/2013,16:40:00,1,Collision with vehicle,3,Tuesday,163,VEHICLE STRIKES DOOR OF PARKED/STATIONARY VEHICLE,1,261855,2,0,1,0,1,2,1,5,Not at intersection,2,60,Local Road,26-29,Serious injury,Bicyclists
T20130014744,7/17/2013,9:50:00,1,Collision with vehicle,4,Wednesday,153,CUTTING IN (OVERTAKING),1,263717,2,0,1,0,1,2,1,5,Not at intersection,2,60,Arterial Other,50-59,Serious injury,Bicyclists
T20130014762,7/4/2013,20:00:00,1,Collision with vehicle,5,Thursday,163,VEHICLE STRIKES DOOR OF PARKED/STATIONARY VEHICLE,6,122354,2,0,0,1,1,2,2,5,Not at intersection,3,40,Local Road,26-29,Other injury,Bicyclists
T20130014771,7/17/2013,15:10:00,1,Collision with vehicle,4,Wednesday,116,LEFT NEAR (INTERSECTIONS ONLY),1,43576,2,0,1,0,1,2,1,2,T intersection,2,80,Arterial Highway,50-59,Serious injury,Bicyclists
T20130014775,7/17/2013,13:58:00,1,Collision with vehicle,4,Wednesday,137,LEFT TURN SIDESWIPE,1,261894,2,0,1,0,2,3,1,5,Not at intersection,2,60,Uknown,26-29,Serious injury,Bicyclists
T20130014792,6/26/2013,10:00:00,1,Collision with vehicle,4,Wednesday,160,VEHICLE COLLIDES WITH VEHICLE PARKED ON LEFT OF ROAD,1,261889,2,0,1,0,0,1,2,5,Not at intersection,2,60,Arterial Other,65-69,Serious injury,Bicyclists
T20130014804,7/17/2013,20:20:00,8,No collision and no object struck,4,Wednesday,174,OUT OF CONTROL ON CARRIAGEWAY (ON STRAIGHT),3,261896,1,0,1,0,0,1,1,5,Not at intersection,2,70,Arterial Highway,50-59,Serious injury,Bicyclists
T20130014817,7/18/2013,7:30:00,1,Collision with vehicle,5,Thursday,140,U TURN,1,261910,2,0,0,1,1,2,1,5,Not at intersection,3,60,Arterial Other,40-49,Other injury,Bicyclists
T20130014818,7/18/2013,7:45:00,1,Collision with vehicle,5,Thursday,116,LEFT NEAR (INTERSECTIONS ONLY),1,261911,2,0,0,1,1,2,1,2,T intersection,3,50,Local Road,65-69,Other injury,Bicyclists
T20130014842,7/17/2013,6:30:00,1,Collision with vehicle,4,Wednesday,116,LEFT NEAR (INTERSECTIONS ONLY),3,38220,2,0,1,0,1,2,2,1,Cross intersection,2,60,Arterial Other,50-59,Serious injury,Bicyclists
T20130014853,7/16/2013,12:30:00,1,Collision with vehicle,3,Tuesday,163,VEHICLE STRIKES DOOR OF PARKED/STATIONARY VEHICLE,1,263732,2,0,1,0,1,2,2,5,Not at intersection,2,40,Arterial Other,22-25,Serious injury,Bicyclists
T20130014864,7/18/2013,18:20:00,1,Collision with vehicle,5,Thursday,111,RIGHT FAR (INTERSECTIONS ONLY),3,58141,2,0,0,1,1,2,2,1,Cross intersection,3,50,Local Road,18-21,Other injury,Bicyclists
T20130014904,7/19/2013,12:25:00,1,Collision with vehicle,6,Friday,163,VEHICLE STRIKES DOOR OF PARKED/STATIONARY VEHICLE,1,37152,2,0,0,2,0,2,1,2,T intersection,3,60,Arterial Other,30-39,Other injury,Bicyclists
T20130014907,7/19/2013,12:15:00,8,No collision and no object struck,6,Friday,174,OUT OF CONTROL ON CARRIAGEWAY (ON STRAIGHT),1,752,2,0,1,0,2,3,1,2,T intersection,2,60,Arterial Other,30-39,Serious injury,Bicyclists
T20130014949,7/19/2013,18:40:00,1,Collision with vehicle,6,Friday,110,CROSS TRAFFIC(INTERSECTIONS ONLY),5,44742,2,0,0,1,1,2,1,1,Cross intersection,3,50,Local Road,18-21,Other injury,Bicyclists
T20130014955,7/19/2013,19:24:00,1,Collision with vehicle,6,Friday,124,RIGHT/RIGHT BOTH VEHs FROM OPPOSITE DIRECTIONS TURNING RIGHT,3,36510,2,0,0,1,1,2,1,1,Cross intersection,3,40,Local Road,40-49,Other injury,Bicyclists
T20130014964,7/19/2013,17:45:00,1,Collision with vehicle,6,Friday,130,REAR END(VEHICLES IN SAME LANE),5,264418,2,0,1,0,1,2,1,5,Not at intersection,2,50,Local Road,30-39,Serious injury,Bicyclists
T20130015067,7/21/2013,9:00:00,1,Collision with vehicle,1,Sunday,110,CROSS TRAFFIC(INTERSECTIONS ONLY),1,44641,3,0,0,2,1,3,1,1,Cross intersection,3,60,Local Road,22-25,Other injury,Bicyclists
T20130015119,7/22/2013,11:30:00,1,Collision with vehicle,2,Monday,116,LEFT NEAR (INTERSECTIONS ONLY),1,66641,2,0,1,0,1,2,1,2,T intersection,2,60,Arterial Other,40-49,Serious injury,Bicyclists
T20130015120,4/12/2013,11:00:00,1,Collision with vehicle,6,Friday,148,VEHICLE OFF FOOTPATH STRIKES VEH ON CARRIAGEWAY,1,37724,2,0,0,1,1,2,2,1,Cross intersection,3,60,Arterial Other,50-59,Other injury,Bicyclists
T20130015122,7/22/2013,8:30:00,1,Collision with vehicle,1,Monday,133,LANE SIDE SWIPE (VEHICLES IN PARALLEL LANES),1,261999,2,0,0,1,1,2,2,5,Not at intersection,3,40,Local Road,13-15,Other injury,Bicyclists
T20130015143,5/18/2013,9:10:00,1,Collision with vehicle,7,Saturday,163,VEHICLE STRIKES DOOR OF PARKED/STATIONARY VEHICLE,1,269450,2,0,0,1,1,2,2,2,T intersection,3,60,Arterial Other,26-29,Other injury,Bicyclists
T20130015156,7/22/2013,17:10:00,1,Collision with vehicle,2,Monday,110,CROSS TRAFFIC(INTERSECTIONS ONLY),1,37984,2,0,0,1,1,2,1,1,Cross intersection,3,60,Local Road,50-59,Other injury,Bicyclists
T20130015160,7/23/2013,0:10:00,1,Collision with vehicle,2,Tuesday,133,LANE SIDE SWIPE (VEHICLES IN PARALLEL LANES),6,40738,2,0,0,1,1,2,2,2,T intersection,3,60,Arterial Other,60-64,Other injury,Bicyclists
T20130015181,7/23/2013,10:00:00,8,No collision and no object struck,3,Tuesday,174,OUT OF CONTROL ON CARRIAGEWAY (ON STRAIGHT),1,29396,1,0,1,0,0,1,1,4,Multiple intersection,2,40,Local Road,30-39,Serious injury,Bicyclists
T20130015189,7/19/2013,19:30:00,1,Collision with vehicle,6,Friday,121,RIGHT THROUGH,3,29441,2,0,0,1,1,2,2,1,Cross intersection,3,40,Arterial Other,26-29,Other injury,Bicyclists
T20130015212,7/23/2013,15:15:00,1,Collision with vehicle,3,Tuesday,148,VEHICLE OFF FOOTPATH STRIKES VEH ON CARRIAGEWAY,1,263283,2,0,1,0,1,2,1,5,Not at intersection,2,60,Uknown,26-29,Serious injury,Bicyclists
T20130015252,7/21/2013,11:00:00,1,Collision with vehicle,1,Sunday,110,CROSS TRAFFIC(INTERSECTIONS ONLY),1,64118,2,0,0,1,1,2,2,1,Cross intersection,3,60,Arterial Other,50-59,Other injury,Bicyclists
T20130015270,7/23/2013,10:30:00,8,No collision and no object struck,3,Tuesday,174,OUT OF CONTROL ON CARRIAGEWAY (ON STRAIGHT),1,41761,2,0,1,0,1,2,2,2,T intersection,2,50,Local Road,26-29,Serious injury,Bicyclists
T20130015295,7/24/2013,17:45:00,1,Collision with vehicle,4,Wednesday,134,LANE CHANGE RIGHT (NOT OVERTAKING),3,263720,2,0,1,0,1,2,1,5,Not at intersection,2,60,Arterial Other,50-59,Serious injury,Bicyclists
T20130015315,7/24/2013,18:10:00,1,Collision with vehicle,4,Wednesday,130,REAR END(VEHICLES IN SAME LANE),3,57616,3,0,1,0,2,3,1,2,T intersection,2,80,Local Road,40-49,Serious injury,Bicyclists
T20130015343,7/25/2013,9:25:00,1,Collision with vehicle,5,Thursday,148,VEHICLE OFF FOOTPATH STRIKES VEH ON CARRIAGEWAY,1,10594,2,0,1,0,1,2,1,2,T intersection,2,60,Arterial Other,65-69,Serious injury,Bicyclists
T20130015379,7/21/2013,16:20:00,1,Collision with vehicle,1,Sunday,116,LEFT NEAR (INTERSECTIONS ONLY),1,71623,2,0,0,1,1,2,2,2,T intersection,3,60,Local Road,30-39,Other injury,Bicyclists
T20130015385,7/25/2013,18:00:00,1,Collision with vehicle,5,Thursday,163,VEHICLE STRIKES DOOR OF PARKED/STATIONARY VEHICLE,3,262251,3,0,1,0,2,3,1,5,Not at intersection,2,40,Local Road,26-29,Serious injury,Bicyclists
T20130015399,7/25/2013,21:55:00,1,Collision with vehicle,5,Thursday,147,VEHICLE STRIKES ANOTHER VEH WHILE EMERGING FROM DRIVEWAY,3,262565,2,0,1,0,1,2,1,5,Not at intersection,2,40,Local Road,30-39,Serious injury,Bicyclists
T20130015436,7/26/2013,13:00:00,1,Collision with vehicle,6,Friday,140,U TURN,9,228997,2,0,0,1,1,2,2,1,Cross intersection,3,999,Arterial Highway,26-29,Other injury,Bicyclists
T20130015472,7/26/2013,17:45:00,1,Collision with vehicle,6,Friday,121,RIGHT THROUGH,2,44782,2,0,0,1,1,2,1,2,T intersection,3,60,Local Road,22-25,Other injury,Bicyclists
T20130015492,5/5/2013,14:05:00,1,Collision with vehicle,1,Sunday,133,LANE SIDE SWIPE (VEHICLES IN PARALLEL LANES),1,263262,2,0,0,1,1,2,1,5,Not at intersection,3,80,Arterial Other,60-64,Other injury,Bicyclists
T20130015494,7/26/2013,17:10:00,1,Collision with vehicle,5,Friday,133,LANE SIDE SWIPE (VEHICLES IN PARALLEL LANES),2,35383,2,0,0,1,1,2,2,1,Cross intersection,3,999,Arterial Other,30-39,Other injury,Bicyclists
T20130015506,7/27/2013,8:10:00,1,Collision with vehicle,7,Saturday,136,RIGHT TURN SIDESWIPE,1,478,2,0,1,0,1,2,1,4,Multiple intersection,2,60,Arterial Other,50-59,Serious injury,Bicyclists
T20130015520,7/27/2013,9:50:00,1,Collision with vehicle,7,Saturday,163,VEHICLE STRIKES DOOR OF PARKED/STATIONARY VEHICLE,1,37143,2,0,1,0,1,2,1,2,T intersection,2,60,Arterial Other,40-49,Serious injury,Bicyclists
T20130015524,4/8/2013,8:00:00,1,Collision with vehicle,2,Monday,133,LANE SIDE SWIPE (VEHICLES IN PARALLEL LANES),1,269455,2,0,0,1,1,2,2,5,Not at intersection,3,999,Local Road,13-15,Other injury,Bicyclists
T20130015525,7/27/2013,11:00:00,1,Collision with vehicle,7,Saturday,130,REAR END(VEHICLES IN SAME LANE),1,57646,2,0,0,1,1,2,2,2,T intersection,3,60,Arterial Highway,18-21,Other injury,Bicyclists
T20130015534,7/27/2013,11:25:00,1,Collision with vehicle,7,Saturday,121,RIGHT THROUGH,1,263878,2,0,1,0,1,2,1,5,Not at intersection,2,80,Uknown,40-49,Serious injury,Bicyclists
T20130015535,2/12/2013,10:30:00,8,No collision and no object struck,3,Tuesday,174,OUT OF CONTROL ON CARRIAGEWAY (ON STRAIGHT),1,36027,2,0,0,1,1,2,2,1,Cross intersection,3,40,Local Road,30-39,Other injury,Bicyclists
T20130015572,7/27/2013,10:45:00,1,Collision with vehicle,7,Saturday,163,VEHICLE STRIKES DOOR OF PARKED/STATIONARY VEHICLE,1,37529,2,0,0,1,1,2,2,2,T intersection,3,999,Local Road,50-59,Other injury,Bicyclists
T20130015624,7/23/2013,8:30:00,1,Collision with vehicle,3,Tuesday,121,RIGHT THROUGH,1,37910,2,0,1,0,1,2,2,1,Cross intersection,2,60,Arterial Other,22-25,Serious injury,Bicyclists
T20130015683,7/30/2013,6:45:00,1,Collision with vehicle,3,Tuesday,113,RIGHT NEAR (INTERSECTIONS ONLY),3,30673,2,0,1,0,1,2,1,2,T intersection,2,50,Local Road,30-39,Serious injury,Bicyclists
T20130015688,7/30/2013,8:15:00,1,Collision with vehicle,3,Tuesday,137,LEFT TURN SIDESWIPE,1,40064,2,0,0,1,1,2,2,2,T intersection,3,60,Local Road,30-39,Other injury,Bicyclists
T20130015689,7/30/2013,6:50:00,1,Collision with vehicle,3,Tuesday,110,CROSS TRAFFIC(INTERSECTIONS ONLY),2,29357,2,0,0,1,1,2,1,1,Cross intersection,3,50,Local Road,30-39,Other injury,Bicyclists
T20130015694,6/27/2013,18:30:00,1,Collision with vehicle,5,Thursday,110,CROSS TRAFFIC(INTERSECTIONS ONLY),3,47054,2,0,0,1,1,2,1,1,Cross intersection,3,50,Local Road,40-49,Other injury,Bicyclists