ACCIDENT_NO,ACCIDENT_DATE,ACCIDENT_TIME,ACCIDENT_TYPE,ACCIDENT_TYPE_DESC,DAY_OF_WEEK,DAY_WEEK_DESC,DCA_CODE,DCA_DESC,LIGHT_CONDITION,NODE_ID,NO_OF_VEHICLES,NO_PERSONS_KILLED,NO_PERSONS_INJ_2,NO_PERSONS_INJ_3,NO_PERSONS_NOT_INJ,NO_PERSONS,POLICE_ATTEND,ROAD_GEOMETRY,ROAD_GEOMETRY_DESC,SEVERITY,SPEED_ZONE,RMA,AGE_GROUP,INJ_LEVEL,ROAD_USER_TYPE_DESC
T20130015696,7/30/2013,8:00:00,1,Collision with vehicle,3,Tuesday,110,CROSS TRAFFIC(INTERSECTIONS ONLY),1,41124,2,0,0,1,1,2,1,1,Cross intersection,3,50,Arterial Other,40-49,Other injury,Bicyclists
T20130015700,7/30/2013,12:00:00,1,Collision with vehicle,3,Tuesday,148,VEHICLE OFF FOOTPATH STRIKES VEH ON CARRIAGEWAY,1,29360,2,0,0,1,1,2,2,1,Cross intersection,3,50,Local Road,50-59,Other injury,Bicyclists
T20130015707,7/30/2013,8:15:00,1,Collision with vehicle,3,Tuesday,116,LEFT NEAR (INTERSECTIONS ONLY),1,57546,2,0,0,1,1,2,2,2,T intersection,3,80,Arterial Highway,40-49,Other injury,Bicyclists
T20130015744,7/30/2013,15:04:00,1,Collision with vehicle,3,Tuesday,110,CROSS TRAFFIC(INTERSECTIONS ONLY),1,797,2,0,0,1,1,2,1,1,Cross intersection,3,40,Local Road,22-25,Other injury,Bicyclists
T20130015747,7/30/2013,16:00:00,1,Collision with vehicle,3,Tuesday,160,VEHICLE COLLIDES WITH VEHICLE PARKED ON LEFT OF ROAD,1,278619,2,0,0,1,0,1,1,5,Not at intersection,3,60,Local Road,16-17,Other injury,Bicyclists
T20130015766,7/30/2013,18:21:00,1,Collision with vehicle,2,Tuesday,133,LANE SIDE SWIPE (VEHICLES IN PARALLEL LANES),3,242925,3,0,1,0,2,3,1,2,T intersection,2,60,Arterial Other,30-39,Serious injury,Bicyclists
T20130015775,7/31/2013,10:20:00,1,Collision with vehicle,4,Wednesday,136,RIGHT TURN SIDESWIPE,1,46152,2,0,1,0,1,2,1,1,Cross intersection,2,60,Arterial Highway,50-59,Serious injury,Bicyclists
T20130015792,7/9/2013,11:30:00,1,Collision with vehicle,3,Tuesday,147,VEHICLE STRIKES ANOTHER VEH WHILE EMERGING FROM DRIVEWAY,9,262363,2,0,0,1,1,2,2,5,Not at intersection,3,888,Arterial Other,50-59,Other injury,Bicyclists
T20130015812,7/31/2013,19:00:00,1,Collision with vehicle,4,Wednesday,121,RIGHT THROUGH,1,262868,2,0,0,1,1,2,2,2,T intersection,3,999,Local Road,40-49,Other injury,Bicyclists
T20130015837,7/31/2013,8:30:00,1,Collision with vehicle,4,Wednesday,116,LEFT NEAR (INTERSECTIONS ONLY),1,41219,2,0,1,0,1,2,2,1,Cross intersection,2,70,Arterial Highway,40-49,Serious injury,Bicyclists
T20130015838,8/1/2013,8:45:00,1,Collision with vehicle,5,Thursday,121,RIGHT THROUGH,1,36215,2,0,0,1,2,3,1,2,T intersection,3,60,Arterial Other,30-39,Other injury,Bicyclists
T20130015849,8/1/2013,12:45:00,1,Collision with vehicle,5,Thursday,130,REAR END(VEHICLES IN SAME LANE),1,262913,2,0,0,1,1,2,2,5,Not at intersection,3,100,Arterial Other,30-39,Other injury,Bicyclists
T20130015852,7/31/2013,18:00:00,2,Struck Pedestrian,4,Wednesday,108,PED STRUCK WALKING TO/FROM OR BOARDING/ALIGHTING VEHICLE.,3,263284,2,0,0,1,2,3,2,5,Not at intersection,3,50,Arterial Other,50-59,Other injury,Bicyclists
T20130015859,7/31/2013,10:27:00,1,Collision with vehicle,4,Wednesday,121,RIGHT THROUGH,1,262328,2,0,0,1,1,2,1,5,Not at intersection,3,60,Arterial Highway,40-49,Other injury,Bicyclists
T20130015862,8/1/2013,7:45:00,1,Collision with vehicle,5,Thursday,116,LEFT NEAR (INTERSECTIONS ONLY),1,52805,2,0,0,1,1,2,2,1,Cross intersection,3,60,Arterial Other,60-64,Other injury,Bicyclists
T20130015876,6/30/2013,15:40:00,1,Collision with vehicle,0,Sunday,133,LANE SIDE SWIPE (VEHICLES IN PARALLEL LANES),1,275878,2,0,0,1,1,2,2,5,Not at intersection,3,100,Arterial Other,40-49,Other injury,Bicyclists
T20130015881,8/1/2013,8:30:00,1,Collision with vehicle,5,Thursday,137,LEFT TURN SIDESWIPE,1,264671,2,0,0,1,1,2,2,1,Cross intersection,3,60,Arterial Other,26-29,Other injury,Bicyclists
T20130015884,7/30/2013,15:40:00,1,Collision with vehicle,3,Tuesday,147,VEHICLE STRIKES ANOTHER VEH WHILE EMERGING FROM DRIVEWAY,1,262523,2,0,0,1,1,2,2,5,Not at intersection,3,80,Arterial Other,13-15,Other injury,Bicyclists
T20130015892,8/1/2013,18:14:00,1,Collision with vehicle,5,Thursday,148,VEHICLE OFF FOOTPATH STRIKES VEH ON CARRIAGEWAY,3,222039,2,0,0,1,1,2,1,1,Cross intersection,3,50,Arterial Other,30-39,Other injury,Bicyclists
T20130015903,8/1/2013,17:38:00,1,Collision with vehicle,5,Thursday,121,RIGHT THROUGH,3,63481,2,0,1,0,1,2,1,2,T intersection,2,60,Arterial Other,30-39,Serious injury,Bicyclists
T20130015914,8/2/2013,8:00:00,1,Collision with vehicle,6,Friday,147,VEHICLE STRIKES ANOTHER VEH WHILE EMERGING FROM DRIVEWAY,1,262344,2,0,1,0,1,2,2,5,Not at intersection,2,50,Uknown,13-15,Serious injury,Bicyclists
T20130015919,8/2/2013,9:55:00,1,Collision with vehicle,6,Friday,110,CROSS TRAFFIC(INTERSECTIONS ONLY),1,36395,2,0,0,1,1,2,1,1,Cross intersection,3,50,Local Road,26-29,Other injury,Bicyclists
T20130015938,8/1/2013,18:39:00,1,Collision with vehicle,5,Thursday,130,REAR END(VEHICLES IN SAME LANE),9,263989,2,0,0,1,1,2,2,5,Not at intersection,3,999,Arterial Other,50-59,Other injury,Bicyclists
T20130015945,8/1/2013,8:00:00,1,Collision with vehicle,5,Thursday,163,VEHICLE STRIKES DOOR OF PARKED/STATIONARY VEHICLE,1,262421,2,0,0,1,1,2,2,5,Not at intersection,3,50,Local Road,30-39,Other injury,Bicyclists
T20130015980,7/30/2013,18:30:00,1,Collision with vehicle,3,Tuesday,113,RIGHT NEAR (INTERSECTIONS ONLY),3,37273,2,0,0,1,1,2,2,2,T intersection,3,80,Arterial Other,30-39,Other injury,Bicyclists
T20130015989,6/20/2013,16:25:00,1,Collision with vehicle,5,Thursday,114,TWO RIGHT TURNING (INTERSECTIONS ONLY),1,45611,2,0,0,1,1,2,2,2,T intersection,3,50,Local Road,22-25,Other injury,Bicyclists
T20130015990,7/8/2013,18:15:00,1,Collision with vehicle,2,Monday,110,CROSS TRAFFIC(INTERSECTIONS ONLY),6,41594,2,0,0,1,1,2,2,1,Cross intersection,3,50,Local Road,30-39,Other injury,Bicyclists
T20130016036,8/2/2013,6:48:00,1,Collision with vehicle,5,Friday,133,LANE SIDE SWIPE (VEHICLES IN PARALLEL LANES),3,262575,3,0,0,1,2,3,1,5,Not at intersection,3,70,Arterial Highway,30-39,Other injury,Bicyclists
T20130016081,8/4/2013,16:50:00,1,Collision with vehicle,1,Sunday,121,RIGHT THROUGH,1,233118,2,0,1,0,1,2,2,2,T intersection,2,50,Local Road,40-49,Serious injury,Bicyclists
T20130016083,8/4/2013,16:55:00,1,Collision with vehicle,1,Sunday,110,CROSS TRAFFIC(INTERSECTIONS ONLY),2,35357,2,0,0,1,1,2,1,1,Cross intersection,3,40,Local Road,26-29,Other injury,Bicyclists
T20130016084,8/4/2013,18:26:00,1,Collision with vehicle,1,Sunday,143,ENTERING PARKING,5,262551,2,0,0,1,1,2,2,5,Not at intersection,3,50,Local Road,26-29,Other injury,Bicyclists
T20130016093,6/18/2013,16:30:00,8,No collision and no object struck,3,Tuesday,174,OUT OF CONTROL ON CARRIAGEWAY (ON STRAIGHT),9,54444,1,0,0,1,0,1,2,2,T intersection,3,60,Arterial Other,30-39,Other injury,Bicyclists
T20130016110,11/20/2012,20:45:00,1,Collision with vehicle,3,Tuesday,179,OTHER ACCIDENTS-OFF STRAIGHT NOT INCLUDED IN DCAs 170-175,3,72297,2,0,1,0,1,2,1,2,T intersection,2,50,Local Road,0-4,Serious injury,Bicyclists
T20130016114,7/24/2013,18:30:00,1,Collision with vehicle,4,Wednesday,111,RIGHT FAR (INTERSECTIONS ONLY),2,263667,2,0,0,1,1,2,2,2,T intersection,3,50,Local Road,22-25,Other injury,Bicyclists
T20130016140,8/5/2013,17:00:00,1,Collision with vehicle,2,Monday,121,RIGHT THROUGH,9,45545,2,0,0,1,1,2,2,2,T intersection,3,60,Arterial Other,50-59,Other injury,Bicyclists
T20130016145,7/13/2013,15:00:00,1,Collision with vehicle,7,Saturday,143,ENTERING PARKING,1,262510,2,0,0,1,1,2,2,5,Not at intersection,3,999,Local Road,30-39,Other injury,Bicyclists
T20130016179,8/5/2013,17:45:00,1,Collision with vehicle,2,Monday,121,RIGHT THROUGH,6,33759,3,0,1,0,2,3,2,1,Cross intersection,2,70,Arterial Highway,30-39,Serious injury,Bicyclists
T20130016233,8/6/2013,18:00:00,1,Collision with vehicle,3,Tuesday,148,VEHICLE OFF FOOTPATH STRIKES VEH ON CARRIAGEWAY,3,50611,2,0,1,0,1,2,1,1,Cross intersection,2,50,Local Road,13-15,Serious injury,Bicyclists
T20130016234,8/6/2013,17:55:00,1,Collision with vehicle,3,Tuesday,121,RIGHT THROUGH,3,83,2,0,0,1,2,3,1,1,Cross intersection,3,60,Arterial Other,22-25,Other injury,Bicyclists
T20130016238,8/6/2013,6:20:00,1,Collision with vehicle,3,Tuesday,137,LEFT TURN SIDESWIPE,6,263307,2,0,0,1,1,2,2,5,Not at intersection,3,60,Arterial Other,22-25,Other injury,Bicyclists
T20130016239,8/3/2013,18:00:00,1,Collision with vehicle,7,Saturday,133,LANE SIDE SWIPE (VEHICLES IN PARALLEL LANES),6,36222,3,0,0,1,2,3,2,1,Cross intersection,3,60,Arterial Other,30-39,Not injured,Bicyclists
T20130016240,8/6/2013,16:20:00,1,Collision with vehicle,2,Tuesday,133,LANE SIDE SWIPE (VEHICLES IN PARALLEL LANES),2,262616,2,0,0,1,1,2,2,5,Not at intersection,3,999,Local Road,65-69,Other injury,Bicyclists
T20130016255,8/3/2013,18:45:00,1,Collision with vehicle,7,Saturday,116,LEFT NEAR (INTERSECTIONS ONLY),3,36207,3,0,0,2,1,3,2,2,T intersection,3,60,Arterial Other,26-29,Other injury,Bicyclists
T20130016261,8/7/2013,8:00:00,1,Collision with vehicle,4,Wednesday,137,LEFT TURN SIDESWIPE,1,227971,2,0,1,0,1,2,1,2,T intersection,2,40,Arterial Other,40-49,Serious injury,Bicyclists
T20130016270,8/7/2013,7:54:00,8,No collision and no object struck,4,Wednesday,174,OUT OF CONTROL ON CARRIAGEWAY (ON STRAIGHT),1,37602,2,0,1,0,1,2,2,2,T intersection,2,60,Local Road,30-39,Serious injury,Bicyclists
T20130016273,4/10/2013,18:45:00,1,Collision with vehicle,4,Wednesday,121,RIGHT THROUGH,6,56024,2,0,0,1,1,2,2,2,T intersection,3,60,Uknown,26-29,Other injury,Bicyclists
T20130016305,8/7/2013,17:15:00,1,Collision with vehicle,4,Wednesday,148,VEHICLE OFF FOOTPATH STRIKES VEH ON CARRIAGEWAY,6,263381,2,0,0,1,1,2,1,5,Not at intersection,3,60,Local Road,16-17,Other injury,Bicyclists
T20130016310,8/7/2013,18:08:00,1,Collision with vehicle,4,Wednesday,130,REAR END(VEHICLES IN SAME LANE),3,48756,7,0,0,3,5,8,1,3,Y intersection,3,50,Local Road,26-29,Other injury,Bicyclists
T20130016317,8/7/2013,17:45:00,1,Collision with vehicle,4,Wednesday,129,OTHER OPPOSING MANOEUVRES NOT INCLUDED IN DCAs 120-125.,3,35965,2,0,0,2,0,2,2,2,T intersection,3,60,Arterial Other,18-21,Other injury,Bicyclists
T20130016355,6/18/2013,17:00:00,1,Collision with vehicle,3,Tuesday,163,VEHICLE STRIKES DOOR OF PARKED/STATIONARY VEHICLE,2,114285,2,0,0,1,1,2,2,5,Not at intersection,3,40,Local Road,26-29,Other injury,Bicyclists
T20130016385,8/8/2013,20:00:00,6,Vehicle overturned (no collision),5,Thursday,174,OUT OF CONTROL ON CARRIAGEWAY (ON STRAIGHT),3,262740,1,0,0,1,0,1,1,5,Not at intersection,3,60,Local Road,40-49,Other injury,Bicyclists
T20130016406,8/8/2013,16:00:00,1,Collision with vehicle,5,Thursday,148,VEHICLE OFF FOOTPATH STRIKES VEH ON CARRIAGEWAY,1,35531,2,0,0,1,1,2,2,1,Cross intersection,3,80,Arterial Other,45424,Other injury,Bicyclists
T20130016410,8/8/2013,7:09:00,1,Collision with vehicle,5,Thursday,111,RIGHT FAR (INTERSECTIONS ONLY),2,57562,2,0,0,1,1,2,2,1,Cross intersection,3,60,Local Road,30-39,Other injury,Bicyclists
T20130016427,8/9/2013,12:03:00,1,Collision with vehicle,6,Friday,148,VEHICLE OFF FOOTPATH STRIKES VEH ON CARRIAGEWAY,1,263520,2,0,1,0,1,2,1,5,Not at intersection,2,50,Local Road,40-49,Serious injury,Bicyclists
T20130016473,8/10/2013,8:26:00,1,Collision with vehicle,7,Saturday,110,CROSS TRAFFIC(INTERSECTIONS ONLY),1,35540,2,0,0,1,1,2,1,1,Cross intersection,3,50,Local Road,40-49,Other injury,Bicyclists
T20130016481,8/10/2013,13:00:00,1,Collision with vehicle,6,Saturday,133,LANE SIDE SWIPE (VEHICLES IN PARALLEL LANES),1,45531,2,0,0,1,1,2,2,3,Y intersection,3,60,Arterial Other,40-49,Other injury,Bicyclists
T20130016485,8/10/2013,12:30:00,1,Collision with vehicle,7,Saturday,110,CROSS TRAFFIC(INTERSECTIONS ONLY),1,60706,2,0,0,1,1,2,1,1,Cross intersection,3,60,Arterial Other,40-49,Other injury,Bicyclists
T20130016495,8/8/2013,14:30:00,1,Collision with vehicle,5,Thursday,131,LEFT REAR,1,262530,2,0,1,0,1,2,2,2,T intersection,2,50,Local Road,50-59,Serious injury,Bicyclists
T20130016500,8/7/2013,19:00:00,1,Collision with vehicle,4,Wednesday,110,CROSS TRAFFIC(INTERSECTIONS ONLY),3,44434,2,0,0,1,1,2,2,1,Cross intersection,3,50,Local Road,18-21,Other injury,Bicyclists
T20130016501,8/10/2013,14:30:00,1,Collision with vehicle,7,Saturday,110,CROSS TRAFFIC(INTERSECTIONS ONLY),1,63801,2,0,0,2,0,2,2,1,Cross intersection,3,50,Local Road,26-29,Other injury,Bicyclists
T20130016542,5/20/2013,18:30:00,1,Collision with vehicle,2,Monday,163,VEHICLE STRIKES DOOR OF PARKED/STATIONARY VEHICLE,6,238,2,0,0,1,1,2,2,1,Cross intersection,3,999,Local Road,18-21,Other injury,Bicyclists
T20130016543,8/11/2013,8:20:00,1,Collision with vehicle,0,Sunday,133,LANE SIDE SWIPE (VEHICLES IN PARALLEL LANES),1,43441,2,0,0,1,1,2,2,1,Cross intersection,3,50,Arterial Highway,50-59,Other injury,Bicyclists
T20130016582,8/12/2013,8:30:00,1,Collision with vehicle,2,Monday,133,LANE SIDE SWIPE (VEHICLES IN PARALLEL LANES),1,262640,3,0,0,1,1,2,2,5,Not at intersection,3,60,Arterial Other,30-39,Other injury,Bicyclists
T20130016624,8/12/2013,17:50:00,1,Collision with vehicle,2,Monday,147,VEHICLE STRIKES ANOTHER VEH WHILE EMERGING FROM DRIVEWAY,2,262706,2,0,0,1,1,2,1,5,Not at intersection,3,50,Local Road,45424,Other injury,Bicyclists
T20130016653,8/13/2013,9:00:00,1,Collision with vehicle,3,Tuesday,110,CROSS TRAFFIC(INTERSECTIONS ONLY),1,36303,2,0,0,1,1,2,2,1,Cross intersection,3,50,Local Road,50-59,Other injury,Bicyclists
T20130016654,8/13/2013,10:13:00,1,Collision with vehicle,3,Tuesday,116,LEFT NEAR (INTERSECTIONS ONLY),1,42092,2,0,0,1,1,2,1,2,T intersection,3,50,Arterial Other,40-49,Other injury,Bicyclists
T20130016683,8/13/2013,15:00:00,9,Other accident,3,Tuesday,199,UNKNOWN-NO DETAILS ON MANOEUVRES OF ROAD-USERS IN ACCIDENT,1,46338,1,0,1,0,0,1,1,3,Y intersection,2,50,Local Road,60-64,Serious injury,Bicyclists
T20130016689,8/13/2013,16:20:00,1,Collision with vehicle,3,Tuesday,110,CROSS TRAFFIC(INTERSECTIONS ONLY),1,51011,2,0,0,1,1,2,1,1,Cross intersection,3,60,Arterial Other,18-21,Other injury,Bicyclists
T20130016691,8/13/2013,16:45:00,1,Collision with vehicle,3,Tuesday,119,OTHER ADJACENT (INTERSECTIONS ONLY),1,50124,2,0,1,0,1,2,1,1,Cross intersection,2,100,Arterial Other,30-39,Serious injury,Bicyclists
T20130016694,6/12/2013,18:15:00,1,Collision with vehicle,4,Wednesday,113,RIGHT NEAR (INTERSECTIONS ONLY),3,233561,2,0,0,1,1,2,2,1,Cross intersection,3,50,Local Road,26-29,Other injury,Bicyclists
T20130016801,8/8/2013,19:30:00,1,Collision with vehicle,5,Thursday,140,U TURN,3,262671,2,0,1,0,1,2,2,5,Not at intersection,2,50,Local Road,22-25,Serious injury,Bicyclists
T20130016802,8/15/2013,10:20:00,1,Collision with vehicle,5,Thursday,148,VEHICLE OFF FOOTPATH STRIKES VEH ON CARRIAGEWAY,1,41568,2,0,0,1,1,2,1,1,Cross intersection,3,60,Arterial Highway,30-39,Other injury,Bicyclists
T20130016804,8/15/2013,11:00:00,1,Collision with vehicle,5,Thursday,136,RIGHT TURN SIDESWIPE,1,41353,2,0,0,1,2,3,1,1,Cross intersection,3,60,Arterial Other,40-49,Other injury,Bicyclists
T20130016810,8/15/2013,12:30:00,1,Collision with vehicle,5,Thursday,131,LEFT REAR,1,36264,2,0,1,0,1,2,1,1,Cross intersection,2,50,Arterial Other,22-25,Serious injury,Bicyclists
T20130016826,8/15/2013,7:15:00,1,Collision with vehicle,4,Thursday,116,LEFT NEAR (INTERSECTIONS ONLY),1,278622,2,0,0,2,0,2,2,2,T intersection,3,50,Uknown,22-25,Other injury,Bicyclists
T20130016868,8/16/2013,6:50:00,1,Collision with vehicle,6,Friday,110,CROSS TRAFFIC(INTERSECTIONS ONLY),2,52950,2,0,0,1,1,2,2,1,Cross intersection,3,60,Arterial Other,26-29,Other injury,Bicyclists
T20130016869,8/16/2013,9:10:00,1,Collision with vehicle,6,Friday,160,VEHICLE COLLIDES WITH VEHICLE PARKED ON LEFT OF ROAD,1,263171,2,0,0,1,1,2,1,5,Not at intersection,3,60,Arterial Other,70+,Other injury,Bicyclists
T20130016877,8/16/2013,7:00:00,1,Collision with vehicle,6,Friday,121,RIGHT THROUGH,1,37356,2,0,1,0,1,2,2,2,T intersection,2,60,Arterial Other,40-49,Serious injury,Bicyclists
T20130016902,8/13/2013,15:30:00,1,Collision with vehicle,3,Tuesday,147,VEHICLE STRIKES ANOTHER VEH WHILE EMERGING FROM DRIVEWAY,1,263060,2,0,0,1,1,2,2,5,Not at intersection,3,60,Local Road,16-17,Other injury,Bicyclists
T20130017068,8/19/2013,8:00:00,1,Collision with vehicle,2,Monday,113,RIGHT NEAR (INTERSECTIONS ONLY),1,37117,2,0,0,1,1,2,1,2,T intersection,3,50,Arterial Other,30-39,Other injury,Bicyclists
T20130017079,8/19/2013,10:30:00,1,Collision with vehicle,2,Monday,133,LANE SIDE SWIPE (VEHICLES IN PARALLEL LANES),1,262883,2,0,1,0,1,2,1,5,Not at intersection,2,80,Arterial Other,40-49,Serious injury,Bicyclists
T20130017098,8/17/2013,1:25:00,6,Vehicle overturned (no collision),7,Saturday,174,OUT OF CONTROL ON CARRIAGEWAY (ON STRAIGHT),3,262979,2,0,1,0,2,3,1,5,Not at intersection,2,60,Arterial Highway,22-25,Serious injury,Bicyclists
T20130017106,8/17/2013,18:30:00,1,Collision with vehicle,7,Saturday,137,LEFT TURN SIDESWIPE,3,38024,2,0,0,1,1,2,2,1,Cross intersection,3,60,Local Road,26-29,Other injury,Bicyclists
T20130017112,8/15/2013,12:45:00,6,Vehicle overturned (no collision),5,Thursday,174,OUT OF CONTROL ON CARRIAGEWAY (ON STRAIGHT),1,37356,1,0,0,1,0,1,2,2,T intersection,3,60,Arterial Other,60-64,Other injury,Bicyclists
T20130017121,7/31/2013,7:05:00,1,Collision with vehicle,4,Wednesday,113,RIGHT NEAR (INTERSECTIONS ONLY),2,53808,2,0,0,1,1,2,2,2,T intersection,3,80,Arterial Highway,30-39,Other injury,Bicyclists
T20130017124,8/16/2013,19:30:00,1,Collision with vehicle,6,Friday,121,RIGHT THROUGH,3,45593,2,0,0,1,1,2,2,2,T intersection,3,60,Local Road,22-25,Other injury,Bicyclists
T20130017141,8/20/2013,7:10:00,1,Collision with vehicle,3,Tuesday,113,RIGHT NEAR (INTERSECTIONS ONLY),1,262884,2,0,0,1,1,2,1,2,T intersection,3,50,Local Road,30-39,Other injury,Bicyclists
T20130017215,8/1/2013,18:45:00,1,Collision with vehicle,5,Thursday,116,LEFT NEAR (INTERSECTIONS ONLY),3,29493,2,0,0,1,1,2,2,2,T intersection,3,60,Arterial Other,30-39,Other injury,Bicyclists
T20130017239,8/21/2013,8:20:00,1,Collision with vehicle,4,Wednesday,110,CROSS TRAFFIC(INTERSECTIONS ONLY),1,36526,2,0,0,1,2,3,1,1,Cross intersection,3,50,Local Road,50-59,Other injury,Bicyclists
T20130017310,8/22/2013,11:35:00,1,Collision with vehicle,5,Thursday,147,VEHICLE STRIKES ANOTHER VEH WHILE EMERGING FROM DRIVEWAY,1,265125,2,0,0,1,1,2,2,5,Not at intersection,3,30,Local Road,65-69,Other injury,Bicyclists
T20130017315,5/11/2013,5:45:00,3,Struck animal,6,Saturday,167,STRUCK ANIMAL,2,277428,2,0,0,1,1,2,2,5,Not at intersection,3,100,Arterial Highway,40-49,Other injury,Bicyclists
T20130017321,8/22/2013,12:35:00,1,Collision with vehicle,5,Thursday,163,VEHICLE STRIKES DOOR OF PARKED/STATIONARY VEHICLE,1,246010,2,0,0,1,2,3,1,5,Not at intersection,3,40,Uknown,30-39,Other injury,Bicyclists
T20130017322,8/21/2013,14:00:00,1,Collision with vehicle,3,Wednesday,133,LANE SIDE SWIPE (VEHICLES IN PARALLEL LANES),1,263140,2,0,0,1,1,2,2,5,Not at intersection,3,60,Arterial Other,30-39,Other injury,Bicyclists
T20130017323,8/22/2013,8:45:00,1,Collision with vehicle,4,Thursday,121,RIGHT THROUGH,1,45655,2,0,1,0,1,2,1,2,T intersection,2,50,Arterial Other,30-39,Serious injury,Bicyclists
T20130017339,8/22/2013,15:52:00,1,Collision with vehicle,5,Thursday,120,HEAD ON (NOT OVERTAKING),1,262885,2,0,2,0,0,2,1,5,Not at intersection,2,50,Uknown,18-21,Serious injury,Bicyclists
T20130017366,8/22/2013,18:36:00,1,Collision with vehicle,5,Thursday,163,VEHICLE STRIKES DOOR OF PARKED/STATIONARY VEHICLE,3,243506,2,0,0,1,2,3,1,2,T intersection,3,40,Local Road,30-39,Other injury,Bicyclists
T20130017390,8/20/2013,11:30:00,1,Collision with vehicle,3,Tuesday,116,LEFT NEAR (INTERSECTIONS ONLY),1,36310,2,0,0,1,1,2,2,2,T intersection,3,50,Local Road,26-29,Other injury,Bicyclists
T20130017395,8/21/2013,8:00:00,1,Collision with vehicle,4,Wednesday,137,LEFT TURN SIDESWIPE,1,41151,2,0,0,1,1,2,2,2,T intersection,3,60,Arterial Highway,40-49,Other injury,Bicyclists
T20130017396,8/15/2013,14:00:00,1,Collision with vehicle,5,Thursday,163,VEHICLE STRIKES DOOR OF PARKED/STATIONARY VEHICLE,1,37170,2,0,0,1,1,2,2,1,Cross intersection,3,40,Arterial Other,Unknown,Other injury,Bicyclists
T20130017485,12/11/2012,19:45:00,8,No collision and no object struck,3,Tuesday,174,OUT OF CONTROL ON CARRIAGEWAY (ON STRAIGHT),2,45628,1,0,0,1,0,1,2,1,Cross intersection,3,60,Arterial Other,40-49,Other injury,Bicyclists
T20130017540,8/25/2013,12:31:00,1,Collision with vehicle,0,Sunday,133,LANE SIDE SWIPE (VEHICLES IN PARALLEL LANES),1,45640,2,0,0,1,1,2,1,1,Cross intersection,3,40,Arterial Other,26-29,Other injury,Bicyclists
T20130017608,8/25/2013,9:50:00,1,Collision with vehicle,1,Sunday,133,LANE SIDE SWIPE (VEHICLES IN PARALLEL LANES),1,680,2,0,0,1,1,2,2,2,T intersection,3,60,Arterial Highway,40-49,Other injury,Bicyclists
T20130017623,8/26/2013,18:19:00,1,Collision with vehicle,2,Monday,111,RIGHT FAR (INTERSECTIONS ONLY),3,38817,2,0,1,0,1,2,1,1,Cross intersection,2,60,Local Road,40-49,Serious injury,Bicyclists
T20130017628,8/26/2013,18:30:00,1,Collision with vehicle,2,Monday,160,VEHICLE COLLIDES WITH VEHICLE PARKED ON LEFT OF ROAD,3,47696,3,0,1,0,1,2,1,2,T intersection,2,60,Arterial Other,60-64,Serious injury,Bicyclists
T20130017652,8/27/2013,9:20:00,1,Collision with vehicle,3,Tuesday,121,RIGHT THROUGH,1,262329,2,0,0,1,3,4,1,2,T intersection,3,60,Arterial Other,26-29,Other injury,Bicyclists
T20130017654,8/27/2013,11:30:00,6,Vehicle overturned (no collision),3,Tuesday,151,OUT OF CONTROL (OVERTAKING),1,178,1,0,1,0,0,1,1,2,T intersection,2,50,Local Road,30-39,Serious injury,Bicyclists
T20130017684,8/27/2013,8:30:00,1,Collision with vehicle,3,Tuesday,133,LANE SIDE SWIPE (VEHICLES IN PARALLEL LANES),1,57536,2,0,1,0,1,2,2,1,Cross intersection,2,60,Arterial Highway,22-25,Serious injury,Bicyclists
T20130017688,8/20/2013,5:45:00,6,Vehicle overturned (no collision),3,Tuesday,174,OUT OF CONTROL ON CARRIAGEWAY (ON STRAIGHT),2,262982,2,0,0,1,1,2,2,2,T intersection,3,60,Local Road,16-17,Other injury,Bicyclists
T20130017690,8/21/2013,8:15:00,1,Collision with vehicle,4,Wednesday,163,VEHICLE STRIKES DOOR OF PARKED/STATIONARY VEHICLE,1,263046,2,0,1,0,1,2,2,5,Not at intersection,2,40,Arterial Other,26-29,Serious injury,Bicyclists
T20130017698,8/25/2013,19:00:00,1,Collision with vehicle,1,Sunday,163,VEHICLE STRIKES DOOR OF PARKED/STATIONARY VEHICLE,9,262930,2,0,1,0,1,2,2,5,Not at intersection,2,60,Local Road,22-25,Serious injury,Bicyclists
T20130017699,8/27/2013,16:45:00,1,Collision with vehicle,3,Tuesday,121,RIGHT THROUGH,1,263048,2,0,1,0,1,2,1,5,Not at intersection,2,40,Local Road,40-49,Serious injury,Bicyclists
T20130017726,8/28/2013,9:04:00,1,Collision with vehicle,4,Wednesday,160,VEHICLE COLLIDES WITH VEHICLE PARKED ON LEFT OF ROAD,1,263330,2,0,0,1,1,2,1,5,Not at intersection,3,70,Local Road,30-39,Other injury,Bicyclists
T20130017812,8/28/2013,17:30:00,1,Collision with vehicle,4,Wednesday,121,RIGHT THROUGH,2,40372,2,0,0,1,1,2,2,5,Not at intersection,3,60,Uknown,26-29,Other injury,Bicyclists
T20130017824,8/23/2013,23:28:00,1,Collision with vehicle,6,Friday,163,VEHICLE STRIKES DOOR OF PARKED/STATIONARY VEHICLE,3,263141,2,0,0,1,1,2,1,5,Not at intersection,3,40,Local Road,22-25,Other injury,Bicyclists
T20130017827,8/29/2013,13:40:00,1,Collision with vehicle,5,Thursday,163,VEHICLE STRIKES DOOR OF PARKED/STATIONARY VEHICLE,1,263081,2,0,0,1,1,2,1,5,Not at intersection,3,40,Arterial Other,22-25,Other injury,Bicyclists