ACCIDENT_NO,ACCIDENT_DATE,ACCIDENT_TIME,ACCIDENT_TYPE,ACCIDENT_TYPE_DESC,DAY_OF_WEEK,DAY_WEEK_DESC,DCA_CODE,DCA_DESC,LIGHT_CONDITION,NODE_ID,NO_OF_VEHICLES,NO_PERSONS_KILLED,NO_PERSONS_INJ_2,NO_PERSONS_INJ_3,NO_PERSONS_NOT_INJ,NO_PERSONS,POLICE_ATTEND,ROAD_GEOMETRY,ROAD_GEOMETRY_DESC,SEVERITY,SPEED_ZONE,RMA,AGE_GROUP,INJ_LEVEL,ROAD_USER_TYPE_DESC
T20130017859,8/29/2013,18:20:00,1,Collision with vehicle,5,Thursday,114,TWO RIGHT TURNING (INTERSECTIONS ONLY),3,263133,2,0,0,1,1,2,1,2,T intersection,3,50,Local Road,40-49,Other injury,Bicyclists
T20130017862,8/29/2013,18:20:00,1,Collision with vehicle,5,Thursday,121,RIGHT THROUGH,3,263145,2,0,0,1,1,2,1,5,Not at intersection,3,40,Arterial Other,30-39,Other injury,Bicyclists
T20130017870,8/29/2013,19:00:00,1,Collision with vehicle,5,Thursday,147,VEHICLE STRIKES ANOTHER VEH WHILE EMERGING FROM DRIVEWAY,3,263448,2,0,0,1,1,2,1,1,Cross intersection,3,50,Uknown,26-29,Other injury,Bicyclists
T20130017930,8/27/2013,6:30:00,8,No collision and no object struck,3,Tuesday,174,OUT OF CONTROL ON CARRIAGEWAY (ON STRAIGHT),2,41744,2,0,1,0,1,2,2,2,T intersection,2,70,Arterial Other,50-59,Serious injury,Bicyclists
T20130017939,8/30/2013,17:30:00,1,Collision with vehicle,6,Friday,135,LANE CHANGE LEFT (NOT OVERTAKING),3,265872,2,0,0,1,1,2,1,2,T intersection,3,40,Local Road,30-39,Other injury,Bicyclists
T20130017966,8/27/2013,8:00:00,1,Collision with vehicle,3,Tuesday,163,VEHICLE STRIKES DOOR OF PARKED/STATIONARY VEHICLE,1,35381,2,0,0,1,1,2,2,1,Cross intersection,3,40,Arterial Other,30-39,Other injury,Bicyclists
T20130017987,8/31/2013,11:05:00,1,Collision with vehicle,7,Saturday,148,VEHICLE OFF FOOTPATH STRIKES VEH ON CARRIAGEWAY,1,56036,2,0,0,1,1,2,1,2,T intersection,3,60,Arterial Other,13-15,Other injury,Bicyclists
T20130018024,8/30/2013,20:10:00,1,Collision with vehicle,6,Friday,137,LEFT TURN SIDESWIPE,1,1356,2,0,1,0,1,2,2,1,Cross intersection,2,60,Arterial Other,26-29,Serious injury,Bicyclists
T20130018053,8/26/2013,9:15:00,1,Collision with vehicle,2,Monday,113,RIGHT NEAR (INTERSECTIONS ONLY),1,37827,2,0,0,1,1,2,1,2,T intersection,3,60,Arterial Other,40-49,Other injury,Bicyclists
T20130018080,9/1/2013,8:30:00,1,Collision with vehicle,1,Sunday,116,LEFT NEAR (INTERSECTIONS ONLY),1,36937,2,0,0,1,1,2,2,2,T intersection,3,80,Arterial Other,30-39,Other injury,Bicyclists
T20130018126,9/2/2013,10:20:00,1,Collision with vehicle,2,Monday,140,U TURN,1,263341,2,0,0,1,1,2,1,5,Not at intersection,3,60,Arterial Other,22-25,Other injury,Bicyclists
T20130018132,9/2/2013,10:30:00,1,Collision with vehicle,2,Monday,137,LEFT TURN SIDESWIPE,1,43241,2,0,1,1,0,2,2,2,T intersection,2,60,Local Road,30-39,Serious injury,Bicyclists
T20130018177,9/3/2013,7:30:00,1,Collision with vehicle,3,Tuesday,113,RIGHT NEAR (INTERSECTIONS ONLY),1,62729,2,0,0,1,1,2,1,2,T intersection,3,50,Local Road,30-39,Other injury,Bicyclists
T20130018184,7/15/2013,18:20:00,1,Collision with vehicle,2,Monday,121,RIGHT THROUGH,5,34789,2,0,0,1,1,2,1,2,T intersection,3,60,Uknown,40-49,Other injury,Bicyclists
T20130018196,9/3/2013,10:09:00,1,Collision with vehicle,3,Tuesday,139,OTHER SAME DIRECTION-MANOUEVRES NOT INCLUDED IN DCAs 130-137,1,29580,2,0,0,1,1,2,1,1,Cross intersection,3,60,Uknown,40-49,Other injury,Bicyclists
T20130018212,9/3/2013,17:03:00,1,Collision with vehicle,3,Tuesday,121,RIGHT THROUGH,1,66956,2,0,0,1,1,2,1,2,T intersection,3,60,Arterial Other,30-39,Other injury,Bicyclists
T20130018213,9/3/2013,18:00:00,1,Collision with vehicle,3,Tuesday,121,RIGHT THROUGH,3,36997,2,0,0,1,1,2,2,2,T intersection,3,40,Uknown,40-49,Other injury,Bicyclists
T20130018216,9/3/2013,18:45:00,1,Collision with vehicle,3,Tuesday,116,LEFT NEAR (INTERSECTIONS ONLY),3,45873,2,0,1,0,1,2,1,2,T intersection,2,60,Arterial Other,60-64,Serious injury,Bicyclists
T20130018217,9/3/2013,17:30:00,1,Collision with vehicle,3,Tuesday,121,RIGHT THROUGH,1,37938,2,0,1,0,1,2,1,2,T intersection,2,40,Local Road,30-39,Serious injury,Bicyclists
T20130018220,9/3/2013,17:43:00,1,Collision with vehicle,3,Tuesday,131,LEFT REAR,1,45649,2,0,0,1,1,2,2,1,Cross intersection,3,50,Arterial Other,40-49,Other injury,Bicyclists
T20130018243,9/4/2013,8:00:00,1,Collision with vehicle,4,Wednesday,147,VEHICLE STRIKES ANOTHER VEH WHILE EMERGING FROM DRIVEWAY,1,263484,2,0,0,1,1,2,1,5,Not at intersection,3,40,Uknown,40-49,Other injury,Bicyclists
T20130018246,9/4/2013,8:15:00,1,Collision with vehicle,4,Wednesday,130,REAR END(VEHICLES IN SAME LANE),1,35965,2,0,0,1,1,2,1,2,T intersection,3,60,Arterial Other,26-29,Other injury,Bicyclists
T20130018285,9/4/2013,7:50:00,1,Collision with vehicle,4,Wednesday,110,CROSS TRAFFIC(INTERSECTIONS ONLY),1,72671,2,0,0,1,1,2,2,1,Cross intersection,3,60,Local Road,13-15,Other injury,Bicyclists
T20130018310,9/5/2013,8:20:00,1,Collision with vehicle,5,Thursday,110,CROSS TRAFFIC(INTERSECTIONS ONLY),1,29357,2,0,1,0,1,2,1,1,Cross intersection,2,40,Local Road,26-29,Serious injury,Bicyclists
T20130018316,9/5/2013,10:00:00,1,Collision with vehicle,5,Thursday,163,VEHICLE STRIKES DOOR OF PARKED/STATIONARY VEHICLE,1,264191,2,0,0,1,1,2,2,5,Not at intersection,3,50,Local Road,45424,Other injury,Bicyclists
T20130018321,9/5/2013,6:40:00,2,Struck Pedestrian,5,Thursday,102,FAR SIDE. PED HIT BY VEHICLE FROM THE LEFT,1,263207,1,0,0,2,0,2,1,5,Not at intersection,3,50,Local Road,30-39,Other injury,Bicyclists
T20130018346,8/2/2013,6:45:00,1,Collision with vehicle,5,Friday,110,CROSS TRAFFIC(INTERSECTIONS ONLY),2,278453,2,0,0,1,1,2,2,1,Cross intersection,3,40,Local Road,30-39,Other injury,Bicyclists
T20130018367,9/5/2013,16:30:00,1,Collision with vehicle,5,Thursday,113,RIGHT NEAR (INTERSECTIONS ONLY),1,45536,2,0,1,0,1,2,1,2,T intersection,2,50,Local Road,22-25,Serious injury,Bicyclists
T20130018417,8/9/2013,8:30:00,1,Collision with vehicle,6,Friday,137,LEFT TURN SIDESWIPE,1,263437,2,0,1,0,1,2,2,5,Not at intersection,2,999,Local Road,22-25,Serious injury,Bicyclists
T20130018422,9/6/2013,13:20:00,1,Collision with vehicle,6,Friday,142,LEAVING PARKING,1,40429,3,0,0,1,2,3,1,2,T intersection,3,60,Arterial Other,22-25,Other injury,Bicyclists
T20130018430,9/6/2013,7:45:00,1,Collision with vehicle,6,Friday,119,OTHER ADJACENT (INTERSECTIONS ONLY),1,52398,2,0,0,1,1,2,1,2,T intersection,3,80,Freeway,40-49,Other injury,Bicyclists
T20130018470,9/7/2013,5:50:00,1,Collision with vehicle,7,Saturday,148,VEHICLE OFF FOOTPATH STRIKES VEH ON CARRIAGEWAY,2,10429,2,0,1,0,1,2,1,4,Multiple intersection,2,80,Freeway,50-59,Serious injury,Bicyclists
T20130018476,9/7/2013,6:30:00,8,No collision and no object struck,7,Saturday,199,UNKNOWN-NO DETAILS ON MANOEUVRES OF ROAD-USERS IN ACCIDENT,2,255419,1,0,1,0,0,1,1,2,T intersection,2,100,Local Road,60-64,Serious injury,Bicyclists
T20130018485,9/6/2013,18:15:00,1,Collision with vehicle,6,Friday,135,LANE CHANGE LEFT (NOT OVERTAKING),2,65743,2,0,0,1,1,2,2,1,Cross intersection,3,40,Local Road,26-29,Other injury,Bicyclists
T20130018495,9/7/2013,8:55:00,1,Collision with vehicle,7,Saturday,120,HEAD ON (NOT OVERTAKING),1,263356,2,0,0,1,1,2,1,5,Not at intersection,3,60,Arterial Other,40-49,Other injury,Bicyclists
T20130018500,8/28/2013,2:50:00,1,Collision with vehicle,4,Wednesday,137,LEFT TURN SIDESWIPE,9,263323,2,0,1,0,1,2,2,5,Not at intersection,2,999,Local Road,22-25,Serious injury,Bicyclists
T20130018512,9/7/2013,15:10:00,1,Collision with vehicle,7,Saturday,154,PULLING OUT -REAR END,1,263415,2,0,1,0,1,2,1,5,Not at intersection,2,100,Local Road,40-49,Serious injury,Bicyclists
T20130018514,8/14/2013,10:00:00,1,Collision with vehicle,4,Wednesday,116,LEFT NEAR (INTERSECTIONS ONLY),1,36214,2,0,0,1,1,2,2,1,Cross intersection,3,50,Arterial Other,22-25,Other injury,Bicyclists
T20130018563,9/8/2013,16:35:00,1,Collision with vehicle,1,Sunday,163,VEHICLE STRIKES DOOR OF PARKED/STATIONARY VEHICLE,1,263418,3,0,0,2,1,3,1,5,Not at intersection,3,50,Arterial Highway,65-69,Other injury,Bicyclists
T20130018565,9/5/2013,18:30:00,1,Collision with vehicle,5,Thursday,113,RIGHT NEAR (INTERSECTIONS ONLY),6,54126,2,0,1,0,1,2,2,2,T intersection,2,999,Local Road,40-49,Serious injury,Bicyclists
T20130018697,9/9/2013,12:50:00,1,Collision with vehicle,2,Monday,137,LEFT TURN SIDESWIPE,1,263870,2,0,0,1,1,2,2,2,T intersection,3,60,Arterial Other,30-39,Other injury,Bicyclists
T20130018701,9/5/2013,20:00:00,1,Collision with vehicle,5,Thursday,116,LEFT NEAR (INTERSECTIONS ONLY),9,36106,2,0,0,1,1,2,2,1,Cross intersection,3,60,Arterial Other,22-25,Other injury,Bicyclists
T20130018718,9/11/2013,10:28:00,1,Collision with vehicle,4,Wednesday,148,VEHICLE OFF FOOTPATH STRIKES VEH ON CARRIAGEWAY,1,57396,2,0,1,0,2,3,1,2,T intersection,2,60,Arterial Other,50-59,Serious injury,Bicyclists
T20130018723,9/11/2013,9:20:00,1,Collision with vehicle,4,Wednesday,143,ENTERING PARKING,1,263459,2,0,0,1,1,2,1,5,Not at intersection,3,40,Local Road,30-39,Other injury,Bicyclists
T20130018732,9/10/2013,5:30:00,1,Collision with vehicle,3,Tuesday,130,REAR END(VEHICLES IN SAME LANE),6,263366,2,0,0,1,1,2,2,5,Not at intersection,3,50,Local Road,22-25,Other injury,Bicyclists
T20130018735,9/11/2013,10:50:00,1,Collision with vehicle,4,Wednesday,148,VEHICLE OFF FOOTPATH STRIKES VEH ON CARRIAGEWAY,1,230257,2,0,1,0,1,2,1,2,T intersection,2,50,Local Road,40-49,Serious injury,Bicyclists
T20130018736,9/11/2013,7:45:00,1,Collision with vehicle,4,Wednesday,121,RIGHT THROUGH,1,41104,2,0,1,0,3,4,1,2,T intersection,2,60,Arterial Other,30-39,Serious injury,Bicyclists
T20130018745,9/10/2013,17:00:00,1,Collision with vehicle,3,Tuesday,148,VEHICLE OFF FOOTPATH STRIKES VEH ON CARRIAGEWAY,1,49405,2,0,0,1,1,2,2,1,Cross intersection,3,50,Arterial Highway,45424,Other injury,Bicyclists
T20130018754,9/11/2013,18:00:00,1,Collision with vehicle,4,Wednesday,116,LEFT NEAR (INTERSECTIONS ONLY),4,36947,2,0,0,1,1,2,1,2,T intersection,3,50,Arterial Other,30-39,Other injury,Bicyclists
T20130018760,9/11/2013,18:31:00,1,Collision with vehicle,4,Wednesday,130,REAR END(VEHICLES IN SAME LANE),9,263460,2,0,0,1,1,2,2,5,Not at intersection,3,60,Arterial Other,26-29,Other injury,Bicyclists
T20130018800,9/9/2013,10:00:00,1,Collision with vehicle,2,Monday,116,LEFT NEAR (INTERSECTIONS ONLY),1,37539,2,0,0,1,1,2,2,1,Cross intersection,3,50,Arterial Other,70+,Other injury,Bicyclists
T20130018801,9/12/2013,8:00:00,1,Collision with vehicle,5,Thursday,133,LANE SIDE SWIPE (VEHICLES IN PARALLEL LANES),1,40051,2,0,0,2,0,2,2,1,Cross intersection,3,50,Local Road,13-15,Other injury,Bicyclists
T20130018837,9/5/2013,13:45:00,1,Collision with vehicle,5,Thursday,163,VEHICLE STRIKES DOOR OF PARKED/STATIONARY VEHICLE,1,215555,2,0,0,1,1,2,2,5,Not at intersection,3,60,Arterial Other,30-39,Other injury,Bicyclists
T20130018840,9/12/2013,16:50:00,1,Collision with vehicle,5,Thursday,136,RIGHT TURN SIDESWIPE,1,263507,2,0,0,1,1,2,1,5,Not at intersection,3,50,Local Road,30-39,Other injury,Bicyclists
T20130018861,9/13/2013,9:30:00,1,Collision with vehicle,6,Friday,163,VEHICLE STRIKES DOOR OF PARKED/STATIONARY VEHICLE,1,263613,2,0,0,1,1,2,1,5,Not at intersection,3,60,Local Road,26-29,Other injury,Bicyclists
T20130018869,9/13/2013,8:18:00,1,Collision with vehicle,6,Friday,121,RIGHT THROUGH,1,65417,2,0,0,1,2,3,1,2,T intersection,3,50,Local Road,22-25,Other injury,Bicyclists
T20130018874,9/11/2013,17:10:00,1,Collision with vehicle,4,Wednesday,163,VEHICLE STRIKES DOOR OF PARKED/STATIONARY VEHICLE,9,263369,2,0,0,1,1,2,2,5,Not at intersection,3,999,Local Road,30-39,Other injury,Bicyclists
T20130018884,9/13/2013,10:26:00,1,Collision with vehicle,6,Friday,148,VEHICLE OFF FOOTPATH STRIKES VEH ON CARRIAGEWAY,1,29785,2,0,0,1,1,2,1,1,Cross intersection,3,60,Arterial Other,26-29,Other injury,Bicyclists
T20130018931,8/27/2013,11:50:00,8,No collision and no object struck,3,Tuesday,174,OUT OF CONTROL ON CARRIAGEWAY (ON STRAIGHT),1,67403,2,0,0,1,1,2,2,2,T intersection,3,40,Local Road,50-59,Other injury,Bicyclists
T20130018940,9/14/2013,11:52:00,1,Collision with vehicle,7,Saturday,142,LEAVING PARKING,1,140754,2,0,1,0,2,3,1,5,Not at intersection,2,40,Local Road,50-59,Serious injury,Bicyclists
T20130018950,8/31/2013,10:03:00,6,Vehicle overturned (no collision),7,Saturday,170,OFF CARRIAGEWAY TO LEFT,9,264260,1,0,0,1,0,1,2,5,Not at intersection,3,60,Arterial Other,30-39,Other injury,Bicyclists
T20130018952,9/14/2013,16:30:00,1,Collision with vehicle,7,Saturday,148,VEHICLE OFF FOOTPATH STRIKES VEH ON CARRIAGEWAY,1,264204,2,0,0,1,1,2,2,4,Multiple intersection,3,999,Uknown,16-17,Other injury,Bicyclists
T20130018984,7/27/2013,8:30:00,1,Collision with vehicle,7,Saturday,160,VEHICLE COLLIDES WITH VEHICLE PARKED ON LEFT OF ROAD,1,263379,2,0,0,1,1,2,2,5,Not at intersection,3,999,Uknown,60-64,Other injury,Bicyclists
T20130019000,9/15/2013,14:00:00,1,Collision with vehicle,1,Sunday,121,RIGHT THROUGH,1,41240,2,0,1,0,1,2,1,2,T intersection,2,60,Local Road,22-25,Serious injury,Bicyclists
T20130019039,9/13/2013,12:45:00,1,Collision with vehicle,6,Friday,148,VEHICLE OFF FOOTPATH STRIKES VEH ON CARRIAGEWAY,1,29991,2,0,0,1,1,2,2,1,Cross intersection,3,50,Arterial Highway,30-39,Other injury,Bicyclists
T20130019046,9/16/2013,8:00:00,1,Collision with vehicle,2,Monday,148,VEHICLE OFF FOOTPATH STRIKES VEH ON CARRIAGEWAY,1,263749,2,0,1,0,1,2,1,5,Not at intersection,2,50,Arterial Other,40-49,Serious injury,Bicyclists
T20130019047,9/16/2013,8:30:00,1,Collision with vehicle,2,Monday,130,REAR END(VEHICLES IN SAME LANE),1,1300,2,0,0,2,0,2,1,2,T intersection,3,60,Arterial Other,30-39,Other injury,Bicyclists
T20130019130,9/17/2013,8:58:00,1,Collision with vehicle,3,Tuesday,137,LEFT TURN SIDESWIPE,1,237656,2,0,0,1,1,2,1,2,T intersection,3,60,Arterial Other,26-29,Other injury,Bicyclists
T20130019169,9/5/2013,8:45:00,1,Collision with vehicle,5,Thursday,163,VEHICLE STRIKES DOOR OF PARKED/STATIONARY VEHICLE,1,264192,2,0,0,1,1,2,2,5,Not at intersection,3,999,Local Road,26-29,Other injury,Bicyclists
T20130019177,9/17/2013,16:41:00,1,Collision with vehicle,2,Tuesday,133,LANE SIDE SWIPE (VEHICLES IN PARALLEL LANES),1,263615,2,0,0,1,1,2,1,5,Not at intersection,3,50,Arterial Other,26-29,Other injury,Bicyclists
T20130019184,3/6/2013,9:30:00,1,Collision with vehicle,4,Wednesday,137,LEFT TURN SIDESWIPE,1,29365,2,0,0,2,0,2,2,2,T intersection,3,999,Arterial Highway,22-25,Other injury,Bicyclists
T20130019211,2/11/2013,8:00:00,1,Collision with vehicle,2,Monday,121,RIGHT THROUGH,1,36847,2,0,0,1,1,2,2,2,T intersection,3,40,Local Road,30-39,Other injury,Bicyclists
T20130019212,9/18/2013,12:05:00,1,Collision with vehicle,4,Wednesday,148,VEHICLE OFF FOOTPATH STRIKES VEH ON CARRIAGEWAY,1,65230,2,0,0,1,1,2,1,2,T intersection,3,50,Arterial Other,18-21,Other injury,Bicyclists
T20130019264,9/19/2013,4:22:00,1,Collision with vehicle,5,Thursday,163,VEHICLE STRIKES DOOR OF PARKED/STATIONARY VEHICLE,9,81012,2,0,1,0,1,2,2,5,Not at intersection,2,40,Local Road,18-21,Serious injury,Bicyclists
T20130019271,9/19/2013,8:57:00,1,Collision with vehicle,5,Thursday,143,ENTERING PARKING,1,263501,2,0,1,0,1,2,1,5,Not at intersection,2,60,Arterial Other,40-49,Serious injury,Bicyclists
T20130019274,9/19/2013,8:30:00,1,Collision with vehicle,5,Thursday,121,RIGHT THROUGH,1,263625,2,0,0,1,1,2,1,5,Not at intersection,3,60,Arterial Highway,26-29,Other injury,Bicyclists
T20130019284,9/16/2013,21:43:00,1,Collision with vehicle,2,Monday,148,VEHICLE OFF FOOTPATH STRIKES VEH ON CARRIAGEWAY,3,29554,2,0,1,0,1,2,1,1,Cross intersection,2,70,Arterial Other,26-29,Serious injury,Bicyclists
T20130019298,9/19/2013,14:00:00,1,Collision with vehicle,5,Thursday,137,LEFT TURN SIDESWIPE,1,264226,2,0,0,1,1,2,2,2,T intersection,3,50,Local Road,40-49,Other injury,Bicyclists
T20130019319,9/5/2013,6:20:00,8,No collision and no object struck,5,Thursday,174,OUT OF CONTROL ON CARRIAGEWAY (ON STRAIGHT),1,263498,1,0,1,0,0,1,2,5,Not at intersection,2,50,Arterial Other,50-59,Serious injury,Bicyclists
T20130019329,9/19/2013,16:00:00,1,Collision with vehicle,5,Thursday,147,VEHICLE STRIKES ANOTHER VEH WHILE EMERGING FROM DRIVEWAY,1,264227,2,0,0,1,1,2,1,5,Not at intersection,3,60,Arterial Highway,22-25,Other injury,Bicyclists
T20130019358,9/20/2013,11:42:00,1,Collision with vehicle,6,Friday,163,VEHICLE STRIKES DOOR OF PARKED/STATIONARY VEHICLE,1,263630,2,0,0,1,1,2,1,5,Not at intersection,3,50,Uknown,60-64,Other injury,Bicyclists
T20130019366,9/20/2013,13:33:00,1,Collision with vehicle,6,Friday,130,REAR END(VEHICLES IN SAME LANE),1,264179,2,0,1,0,1,2,2,5,Not at intersection,2,999,Freeway,26-29,Serious injury,Bicyclists
T20130019371,9/6/2013,15:40:00,1,Collision with vehicle,6,Friday,121,RIGHT THROUGH,1,49067,2,0,0,1,1,2,2,3,Y intersection,3,999,Arterial Other,30-39,Other injury,Bicyclists
T20130019376,4/10/2013,13:40:00,1,Collision with vehicle,4,Wednesday,121,RIGHT THROUGH,1,40415,2,0,0,1,1,2,2,2,T intersection,3,999,Arterial Other,30-39,Other injury,Bicyclists
T20130019379,9/6/2013,9:10:00,1,Collision with vehicle,6,Friday,163,VEHICLE STRIKES DOOR OF PARKED/STATIONARY VEHICLE,1,115534,2,0,0,1,1,2,2,5,Not at intersection,3,40,Arterial Other,26-29,Other injury,Bicyclists
T20130019383,9/20/2013,14:30:00,1,Collision with vehicle,6,Friday,110,CROSS TRAFFIC(INTERSECTIONS ONLY),1,43861,2,0,0,1,1,2,1,1,Cross intersection,3,60,Arterial Other,40-49,Other injury,Bicyclists
T20130019438,9/18/2013,8:15:00,1,Collision with vehicle,4,Wednesday,135,LANE CHANGE LEFT (NOT OVERTAKING),1,40203,2,0,0,1,1,2,2,1,Cross intersection,3,60,Local Road,70+,Other injury,Bicyclists
T20130019457,9/21/2013,13:00:00,1,Collision with vehicle,7,Saturday,133,LANE SIDE SWIPE (VEHICLES IN PARALLEL LANES),1,264250,2,0,1,0,2,3,1,5,Not at intersection,2,50,Local Road,13-15,Serious injury,Bicyclists
T20130019462,9/21/2013,15:16:00,1,Collision with vehicle,7,Saturday,120,HEAD ON (NOT OVERTAKING),1,263530,2,0,1,0,1,2,1,5,Not at intersection,2,50,Arterial Other,30-39,Serious injury,Bicyclists
T20130019477,9/20/2013,19:23:00,1,Collision with vehicle,6,Friday,130,REAR END(VEHICLES IN SAME LANE),5,264180,2,0,2,0,0,2,1,5,Not at intersection,2,100,Uknown,40-49,Serious injury,Bicyclists
T20130019507,9/20/2013,18:45:00,1,Collision with vehicle,6,Friday,121,RIGHT THROUGH,3,40476,2,0,0,1,1,2,2,2,T intersection,3,60,Arterial Other,16-17,Other injury,Bicyclists
T20130019546,9/22/2013,17:20:00,1,Collision with vehicle,1,Sunday,135,LANE CHANGE LEFT (NOT OVERTAKING),1,46390,2,0,0,1,1,2,2,2,T intersection,3,60,Arterial Other,26-29,Other injury,Bicyclists
T20130019571,9/23/2013,8:10:00,1,Collision with vehicle,2,Monday,110,CROSS TRAFFIC(INTERSECTIONS ONLY),1,57008,2,0,0,1,1,2,1,1,Cross intersection,3,50,Local Road,60-64,Other injury,Bicyclists
T20130019654,9/19/2013,20:35:00,1,Collision with vehicle,5,Thursday,110,CROSS TRAFFIC(INTERSECTIONS ONLY),6,41498,2,0,1,0,2,3,1,1,Cross intersection,2,60,Local Road,40-49,Serious injury,Bicyclists
T20130019670,4/19/2013,8:18:00,1,Collision with vehicle,6,Friday,121,RIGHT THROUGH,1,36379,2,0,0,1,1,2,2,2,T intersection,3,50,Local Road,40-49,Other injury,Bicyclists
T20130019685,9/24/2013,16:10:00,1,Collision with vehicle,3,Tuesday,137,LEFT TURN SIDESWIPE,1,263675,2,0,1,0,1,2,1,2,T intersection,2,50,Local Road,18-21,Serious injury,Bicyclists
T20130019698,9/24/2013,19:00:00,1,Collision with vehicle,3,Tuesday,133,LANE SIDE SWIPE (VEHICLES IN PARALLEL LANES),3,38008,2,0,0,1,1,2,1,2,T intersection,3,60,Arterial Other,50-59,Other injury,Bicyclists
T20130019701,9/24/2013,18:59:00,1,Collision with vehicle,3,Tuesday,113,RIGHT NEAR (INTERSECTIONS ONLY),3,39084,2,0,0,1,1,2,1,1,Cross intersection,3,60,Arterial Other,30-39,Other injury,Bicyclists
T20130019732,9/21/2013,13:15:00,1,Collision with vehicle,6,Saturday,163,VEHICLE STRIKES DOOR OF PARKED/STATIONARY VEHICLE,1,52117,2,0,0,1,1,2,2,1,Cross intersection,3,50,Arterial Other,50-59,Other injury,Bicyclists
T20130019740,9/25/2013,11:15:00,6,Vehicle overturned (no collision),4,Wednesday,174,OUT OF CONTROL ON CARRIAGEWAY (ON STRAIGHT),1,36027,1,0,0,1,0,1,1,1,Cross intersection,3,50,Local Road,26-29,Other injury,Bicyclists
T20130019745,9/25/2013,14:45:00,1,Collision with vehicle,4,Wednesday,147,VEHICLE STRIKES ANOTHER VEH WHILE EMERGING FROM DRIVEWAY,1,263763,2,0,0,1,1,2,1,5,Not at intersection,3,60,Uknown,13-15,Other injury,Bicyclists
T20130019761,9/23/2013,8:00:00,1,Collision with vehicle,2,Monday,116,LEFT NEAR (INTERSECTIONS ONLY),1,64437,2,0,0,1,1,2,2,2,T intersection,3,60,Local Road,30-39,Other injury,Bicyclists
T20130019762,9/25/2013,17:30:00,1,Collision with vehicle,4,Wednesday,113,RIGHT NEAR (INTERSECTIONS ONLY),1,53362,2,0,0,1,1,2,1,1,Cross intersection,3,50,Local Road,18-21,Other injury,Bicyclists
T20130019764,9/25/2013,17:40:00,1,Collision with vehicle,4,Wednesday,110,CROSS TRAFFIC(INTERSECTIONS ONLY),1,44481,2,0,0,1,1,2,1,4,Multiple intersection,3,60,Local Road,50-59,Other injury,Bicyclists
T20130019809,9/26/2013,12:02:00,1,Collision with vehicle,5,Thursday,116,LEFT NEAR (INTERSECTIONS ONLY),1,49287,2,0,0,1,1,2,1,1,Cross intersection,3,60,Local Road,40-49,Other injury,Bicyclists
T20130019903,7/29/2013,17:10:00,1,Collision with vehicle,2,Monday,113,RIGHT NEAR (INTERSECTIONS ONLY),2,267446,2,0,0,1,1,2,2,2,T intersection,3,50,Local Road,30-39,Other injury,Bicyclists
T20130019916,9/27/2013,16:40:00,1,Collision with vehicle,6,Friday,111,RIGHT FAR (INTERSECTIONS ONLY),1,264379,2,0,0,1,1,2,1,2,T intersection,3,60,Local Road,30-39,Other injury,Bicyclists
T20130019923,9/23/2013,17:20:00,1,Collision with vehicle,2,Monday,147,VEHICLE STRIKES ANOTHER VEH WHILE EMERGING FROM DRIVEWAY,9,40496,2,0,0,1,1,2,2,2,T intersection,3,50,Arterial Other,26-29,Other injury,Bicyclists
T20130019935,9/20/2013,5:45:00,1,Collision with vehicle,6,Friday,130,REAR END(VEHICLES IN SAME LANE),9,265365,2,0,0,1,1,2,2,5,Not at intersection,3,70,Arterial Highway,50-59,Other injury,Bicyclists
T20130020016,9/29/2013,10:20:00,1,Collision with vehicle,1,Sunday,134,LANE CHANGE RIGHT (NOT OVERTAKING),1,263783,2,0,1,0,2,3,1,5,Not at intersection,2,60,Local Road,70+,Serious injury,Bicyclists
T20130020027,9/29/2013,11:10:00,1,Collision with vehicle,1,Sunday,130,REAR END(VEHICLES IN SAME LANE),1,263785,2,0,0,2,0,2,1,2,T intersection,3,60,Arterial Other,30-39,Other injury,Bicyclists
T20130020041,9/27/2013,7:00:00,1,Collision with vehicle,6,Friday,137,LEFT TURN SIDESWIPE,2,36062,2,0,0,1,1,2,2,2,T intersection,3,60,Arterial Highway,30-39,Other injury,Bicyclists
T20130020097,9/27/2013,17:00:00,1,Collision with vehicle,6,Friday,116,LEFT NEAR (INTERSECTIONS ONLY),1,55503,2,0,0,1,1,2,2,2,T intersection,3,60,Arterial Highway,50-59,Other injury,Bicyclists
T20130020195,10/1/2013,8:55:00,1,Collision with vehicle,3,Tuesday,133,LANE SIDE SWIPE (VEHICLES IN PARALLEL LANES),1,263880,2,0,1,0,1,2,1,5,Not at intersection,2,30,Local Road,40-49,Serious injury,Bicyclists
T20130020204,10/1/2013,9:10:00,1,Collision with vehicle,3,Tuesday,110,CROSS TRAFFIC(INTERSECTIONS ONLY),1,43662,2,0,0,1,1,2,2,1,Cross intersection,3,60,Arterial Other,30-39,Other injury,Bicyclists
T20130020226,10/1/2013,8:00:00,1,Collision with vehicle,3,Tuesday,137,LEFT TURN SIDESWIPE,1,29577,2,0,0,1,1,2,2,1,Cross intersection,3,60,Arterial Other,30-39,Other injury,Bicyclists
T20130020247,10/1/2013,17:10:00,1,Collision with vehicle,2,Tuesday,133,LANE SIDE SWIPE (VEHICLES IN PARALLEL LANES),2,264809,2,0,1,0,1,2,1,5,Not at intersection,2,100,Arterial Other,40-49,Serious injury,Bicyclists