ACCIDENT_NO,ACCIDENT_DATE,ACCIDENT_TIME,ACCIDENT_TYPE,ACCIDENT_TYPE_DESC,DAY_OF_WEEK,DAY_WEEK_DESC,DCA_CODE,DCA_DESC,LIGHT_CONDITION,NODE_ID,NO_OF_VEHICLES,NO_PERSONS_KILLED,NO_PERSONS_INJ_2,NO_PERSONS_INJ_3,NO_PERSONS_NOT_INJ,NO_PERSONS,POLICE_ATTEND,ROAD_GEOMETRY,ROAD_GEOMETRY_DESC,SEVERITY,SPEED_ZONE,RMA,AGE_GROUP,INJ_LEVEL,ROAD_USER_TYPE_DESC
T20130020264,10/1/2013,11:20:00,8,No collision and no object struck,3,Tuesday,174,OUT OF CONTROL ON CARRIAGEWAY (ON STRAIGHT),1,43574,1,0,0,1,0,1,1,2,T intersection,3,80,Arterial Highway,18-21,Other injury,Bicyclists
T20130020266,10/2/2013,7:15:00,1,Collision with vehicle,4,Wednesday,110,CROSS TRAFFIC(INTERSECTIONS ONLY),1,52211,2,0,0,1,1,2,1,1,Cross intersection,3,50,Local Road,40-49,Other injury,Bicyclists
T20130020269,10/2/2013,8:32:00,1,Collision with vehicle,4,Wednesday,116,LEFT NEAR (INTERSECTIONS ONLY),1,47740,2,0,0,1,1,2,1,2,T intersection,3,50,Arterial Other,40-49,Other injury,Bicyclists
T20130020284,5/10/2012,11:00:00,1,Collision with vehicle,5,Thursday,163,VEHICLE STRIKES DOOR OF PARKED/STATIONARY VEHICLE,1,264416,2,0,0,1,1,2,9,5,Not at intersection,3,50,Local Road,30-39,Other injury,Bicyclists
T20130020321,8/21/2013,8:30:00,1,Collision with vehicle,4,Wednesday,136,RIGHT TURN SIDESWIPE,1,36867,2,0,0,1,1,2,2,1,Cross intersection,3,40,Local Road,40-49,Other injury,Bicyclists
T20130020323,10/2/2013,17:45:00,1,Collision with vehicle,4,Wednesday,116,LEFT NEAR (INTERSECTIONS ONLY),2,264483,2,0,0,1,1,2,2,2,T intersection,3,60,Arterial Other,26-29,Other injury,Bicyclists
T20130020325,10/2/2013,18:40:00,1,Collision with vehicle,4,Wednesday,116,LEFT NEAR (INTERSECTIONS ONLY),1,37516,2,0,0,1,1,2,1,1,Cross intersection,3,60,Local Road,26-29,Other injury,Bicyclists
T20130020354,10/3/2013,9:10:00,1,Collision with vehicle,5,Thursday,110,CROSS TRAFFIC(INTERSECTIONS ONLY),1,45141,2,0,1,0,2,3,1,1,Cross intersection,2,60,Local Road,60-64,Serious injury,Bicyclists
T20130020380,10/3/2013,11:40:00,1,Collision with vehicle,5,Thursday,121,RIGHT THROUGH,1,37735,2,0,1,0,1,2,1,2,T intersection,2,60,Arterial Other,18-21,Serious injury,Bicyclists
T20130020413,10/3/2013,17:30:00,1,Collision with vehicle,5,Thursday,163,VEHICLE STRIKES DOOR OF PARKED/STATIONARY VEHICLE,1,63443,2,0,0,1,2,3,1,2,T intersection,3,60,Arterial Other,40-49,Other injury,Bicyclists
T20130020441,10/4/2013,8:15:00,1,Collision with vehicle,6,Friday,121,RIGHT THROUGH,1,36335,2,0,1,0,3,4,1,1,Cross intersection,2,50,Arterial Other,40-49,Serious injury,Bicyclists
T20130020442,10/4/2013,8:46:00,2,Struck Pedestrian,6,Friday,102,FAR SIDE. PED HIT BY VEHICLE FROM THE LEFT,1,264894,1,1,1,0,0,2,1,5,Not at intersection,1,60,Arterial Other,26-29,Serious injury,Bicyclists
T20130020448,10/4/2013,10:00:00,1,Collision with vehicle,6,Friday,137,LEFT TURN SIDESWIPE,1,36164,2,0,1,0,1,2,2,2,T intersection,2,80,Arterial Other,26-29,Serious injury,Bicyclists
T20130020463,10/4/2013,14:10:00,1,Collision with vehicle,6,Friday,130,REAR END(VEHICLES IN SAME LANE),1,54501,2,0,1,0,1,2,1,1,Cross intersection,2,60,Arterial Other,50-59,Serious injury,Bicyclists
T20130020481,10/3/2013,18:00:00,1,Collision with vehicle,5,Thursday,116,LEFT NEAR (INTERSECTIONS ONLY),2,50011,2,0,1,0,1,2,2,1,Cross intersection,2,70,Local Road,50-59,Serious injury,Bicyclists
T20130020519,10/4/2013,11:55:00,1,Collision with vehicle,6,Friday,163,VEHICLE STRIKES DOOR OF PARKED/STATIONARY VEHICLE,1,264510,2,0,0,1,1,2,1,5,Not at intersection,3,40,Arterial Other,30-39,Other injury,Bicyclists
T20130020522,9/25/2013,8:15:00,1,Collision with vehicle,4,Wednesday,140,U TURN,1,265748,2,0,0,2,0,2,2,5,Not at intersection,3,60,Uknown,30-39,Other injury,Bicyclists
T20130020526,10/5/2013,8:25:00,1,Collision with vehicle,7,Saturday,121,RIGHT THROUGH,1,40500,2,0,1,0,1,2,1,2,T intersection,2,60,Arterial Highway,18-21,Serious injury,Bicyclists
T20130020535,9/26/2013,7:30:00,1,Collision with vehicle,4,Thursday,137,LEFT TURN SIDESWIPE,2,264376,2,0,0,1,1,2,2,2,T intersection,3,50,Arterial Other,30-39,Other injury,Bicyclists
T20130020556,10/5/2013,9:00:00,1,Collision with vehicle,7,Saturday,136,RIGHT TURN SIDESWIPE,1,41153,2,0,1,0,1,2,2,2,T intersection,2,60,Local Road,50-59,Serious injury,Bicyclists
T20130020557,10/5/2013,14:58:00,1,Collision with vehicle,7,Saturday,137,LEFT TURN SIDESWIPE,1,35344,2,0,1,0,2,3,1,2,T intersection,2,40,Arterial Other,30-39,Serious injury,Bicyclists
T20130020573,10/5/2013,19:00:00,1,Collision with vehicle,7,Saturday,116,LEFT NEAR (INTERSECTIONS ONLY),5,45935,2,0,0,1,1,2,1,2,T intersection,3,60,Local Road,70+,Other injury,Bicyclists
T20130020576,10/5/2013,18:00:00,1,Collision with vehicle,7,Saturday,133,LANE SIDE SWIPE (VEHICLES IN PARALLEL LANES),1,37440,2,0,0,2,0,2,2,1,Cross intersection,3,50,Local Road,16-17,Other injury,Bicyclists
T20130020595,10/4/2013,5:10:00,1,Collision with vehicle,6,Friday,113,RIGHT NEAR (INTERSECTIONS ONLY),3,39733,2,0,1,0,1,2,2,2,T intersection,2,70,Arterial Other,30-39,Serious injury,Bicyclists
T20130020599,10/6/2013,9:30:00,1,Collision with vehicle,1,Sunday,140,U TURN,1,264533,2,0,1,0,1,2,1,1,Cross intersection,2,50,Local Road,50-59,Serious injury,Bicyclists
T20130020600,10/4/2013,17:00:00,1,Collision with vehicle,6,Friday,110,CROSS TRAFFIC(INTERSECTIONS ONLY),2,53496,2,0,0,1,1,2,2,1,Cross intersection,3,777,Local Road,40-49,Other injury,Bicyclists
T20130020632,10/6/2013,17:30:00,1,Collision with vehicle,1,Sunday,116,LEFT NEAR (INTERSECTIONS ONLY),1,53199,2,0,0,1,1,2,2,4,Multiple intersection,3,80,Freeway,40-49,Other injury,Bicyclists
T20130020653,9/3/2013,8:30:00,1,Collision with vehicle,3,Tuesday,121,RIGHT THROUGH,1,37831,2,0,0,1,1,2,2,1,Cross intersection,3,60,Arterial Other,26-29,Other injury,Bicyclists
T20130020665,9/24/2013,13:10:00,1,Collision with vehicle,3,Tuesday,163,VEHICLE STRIKES DOOR OF PARKED/STATIONARY VEHICLE,1,275939,2,0,0,1,1,2,2,5,Not at intersection,3,60,Local Road,40-49,Other injury,Bicyclists
T20130020675,10/7/2013,14:40:00,1,Collision with vehicle,1,Monday,133,LANE SIDE SWIPE (VEHICLES IN PARALLEL LANES),1,37909,2,0,0,1,1,2,1,1,Cross intersection,3,40,Local Road,22-25,Other injury,Bicyclists
T20130020681,10/7/2013,17:35:00,1,Collision with vehicle,2,Monday,147,VEHICLE STRIKES ANOTHER VEH WHILE EMERGING FROM DRIVEWAY,1,264544,2,0,0,1,1,2,1,5,Not at intersection,3,999,Local Road,45424,Other injury,Bicyclists
T20130020711,10/8/2013,9:20:00,1,Collision with vehicle,3,Tuesday,113,RIGHT NEAR (INTERSECTIONS ONLY),1,68112,2,0,0,1,1,2,1,2,T intersection,3,60,Uknown,40-49,Other injury,Bicyclists
T20130020712,10/8/2013,8:45:00,1,Collision with vehicle,3,Tuesday,114,TWO RIGHT TURNING (INTERSECTIONS ONLY),1,59739,2,0,0,1,2,3,1,2,T intersection,3,60,Arterial Other,60-64,Other injury,Bicyclists
T20130020713,10/8/2013,8:25:00,1,Collision with vehicle,3,Tuesday,148,VEHICLE OFF FOOTPATH STRIKES VEH ON CARRIAGEWAY,1,52605,2,0,0,1,1,2,1,1,Cross intersection,3,60,Arterial Highway,16-17,Other injury,Bicyclists
T20130020715,10/8/2013,8:55:00,1,Collision with vehicle,3,Tuesday,121,RIGHT THROUGH,1,42310,2,0,0,1,1,2,1,1,Cross intersection,3,70,Arterial Highway,18-21,Other injury,Bicyclists
T20130020716,10/8/2013,7:51:00,1,Collision with vehicle,3,Tuesday,121,RIGHT THROUGH,1,35709,2,0,1,0,2,3,1,2,T intersection,2,60,Arterial Other,Unknown,Serious injury,Bicyclists
T20130020727,9/28/2013,14:00:00,8,No collision and no object struck,7,Saturday,174,OUT OF CONTROL ON CARRIAGEWAY (ON STRAIGHT),1,45465,1,0,0,1,0,1,2,2,T intersection,3,60,Arterial Other,26-29,Other injury,Bicyclists
T20130020734,10/7/2013,9:45:00,1,Collision with vehicle,2,Monday,163,VEHICLE STRIKES DOOR OF PARKED/STATIONARY VEHICLE,1,37060,2,0,1,0,1,2,2,2,T intersection,2,50,Arterial Other,30-39,Serious injury,Bicyclists
T20130020778,10/8/2013,18:33:00,1,Collision with vehicle,3,Tuesday,137,LEFT TURN SIDESWIPE,1,370,2,0,0,2,0,2,1,1,Cross intersection,3,60,Arterial Highway,22-25,Other injury,Bicyclists
T20130020793,10/9/2013,8:45:00,1,Collision with vehicle,4,Wednesday,121,RIGHT THROUGH,1,44058,2,0,1,0,2,3,1,2,T intersection,2,50,Arterial Highway,18-21,Serious injury,Bicyclists
T20130020807,10/9/2013,10:40:00,1,Collision with vehicle,4,Wednesday,148,VEHICLE OFF FOOTPATH STRIKES VEH ON CARRIAGEWAY,1,263841,2,0,1,0,1,2,1,5,Not at intersection,2,50,Local Road,30-39,Serious injury,Bicyclists
T20130020813,10/5/2013,21:30:00,1,Collision with vehicle,7,Saturday,148,VEHICLE OFF FOOTPATH STRIKES VEH ON CARRIAGEWAY,3,263835,2,0,1,0,1,2,2,5,Not at intersection,2,60,Arterial Highway,30-39,Serious injury,Bicyclists
T20130020853,10/9/2013,15:32:00,1,Collision with vehicle,4,Wednesday,110,CROSS TRAFFIC(INTERSECTIONS ONLY),1,35974,2,0,0,1,1,2,1,1,Cross intersection,3,50,Local Road,50-59,Other injury,Bicyclists
T20130020858,10/9/2013,16:10:00,1,Collision with vehicle,4,Wednesday,135,LANE CHANGE LEFT (NOT OVERTAKING),1,264815,2,0,0,1,1,2,2,5,Not at intersection,3,80,Arterial Other,26-29,Other injury,Bicyclists
T20130020881,10/10/2013,8:35:00,1,Collision with vehicle,5,Thursday,137,LEFT TURN SIDESWIPE,1,35368,2,0,1,0,1,2,1,2,T intersection,2,50,Uknown,30-39,Serious injury,Bicyclists
T20130020905,10/10/2013,7:55:00,1,Collision with vehicle,5,Thursday,147,VEHICLE STRIKES ANOTHER VEH WHILE EMERGING FROM DRIVEWAY,1,264599,2,0,0,1,1,2,1,5,Not at intersection,3,999,Uknown,30-39,Other injury,Bicyclists
T20130020911,10/8/2013,13:00:00,1,Collision with vehicle,3,Tuesday,163,VEHICLE STRIKES DOOR OF PARKED/STATIONARY VEHICLE,1,51677,2,0,1,0,1,2,2,1,Cross intersection,2,60,Arterial Highway,22-25,Serious injury,Bicyclists
T20130020919,10/10/2013,9:25:00,1,Collision with vehicle,5,Thursday,163,VEHICLE STRIKES DOOR OF PARKED/STATIONARY VEHICLE,1,263843,2,0,0,1,1,2,1,2,T intersection,3,60,Uknown,22-25,Other injury,Bicyclists
T20130020954,10/10/2013,17:00:00,1,Collision with vehicle,5,Thursday,110,CROSS TRAFFIC(INTERSECTIONS ONLY),2,37026,2,0,0,1,1,2,2,1,Cross intersection,3,60,Local Road,30-39,Other injury,Bicyclists
T20130020969,10/11/2013,7:30:00,1,Collision with vehicle,6,Friday,137,LEFT TURN SIDESWIPE,2,57346,2,0,0,1,1,2,2,2,T intersection,3,50,Local Road,18-21,Other injury,Bicyclists
T20130020983,6/7/2013,8:00:00,1,Collision with vehicle,6,Friday,110,CROSS TRAFFIC(INTERSECTIONS ONLY),2,37887,2,0,0,1,1,2,2,1,Cross intersection,3,60,Local Road,22-25,Other injury,Bicyclists
T20130020987,10/11/2013,9:15:00,1,Collision with vehicle,6,Friday,113,RIGHT NEAR (INTERSECTIONS ONLY),1,35966,2,0,1,0,1,2,1,2,T intersection,2,50,Local Road,30-39,Serious injury,Bicyclists
T20130020990,10/11/2013,8:10:00,4,Collision with a fixed object,6,Friday,171,LEFT OFF CARRIAGEWAY INTO OBJECT/PARKED VEHICLE,1,263906,2,0,1,0,1,2,1,5,Not at intersection,2,60,Arterial Other,22-25,Serious injury,Bicyclists
T20130021013,8/20/2013,8:00:00,1,Collision with vehicle,3,Tuesday,147,VEHICLE STRIKES ANOTHER VEH WHILE EMERGING FROM DRIVEWAY,1,264023,2,0,0,1,1,2,2,5,Not at intersection,3,60,Local Road,30-39,Other injury,Bicyclists
T20130021016,10/11/2013,13:45:00,1,Collision with vehicle,6,Friday,137,LEFT TURN SIDESWIPE,1,37689,2,0,0,1,1,2,2,2,T intersection,3,40,Local Road,26-29,Other injury,Bicyclists
T20130021038,10/11/2013,17:00:00,2,Struck Pedestrian,6,Friday,100,PED NEAR SIDE. PED HIT BY VEHICLE FROM THE RIGHT.,1,29396,1,0,1,1,0,2,1,4,Multiple intersection,2,50,Local Road,40-49,Serious injury,Bicyclists
T20130021041,10/11/2013,17:10:00,1,Collision with vehicle,6,Friday,163,VEHICLE STRIKES DOOR OF PARKED/STATIONARY VEHICLE,1,40243,2,0,0,1,1,2,2,2,T intersection,3,999,Arterial Other,26-29,Other injury,Bicyclists
T20130021063,10/11/2013,16:00:00,1,Collision with vehicle,6,Friday,148,VEHICLE OFF FOOTPATH STRIKES VEH ON CARRIAGEWAY,1,239030,2,0,0,1,1,2,2,2,T intersection,3,70,Arterial Highway,13-15,Other injury,Bicyclists
T20130021064,10/12/2013,8:30:00,1,Collision with vehicle,7,Saturday,147,VEHICLE STRIKES ANOTHER VEH WHILE EMERGING FROM DRIVEWAY,1,263959,2,0,1,0,1,2,1,5,Not at intersection,2,50,Local Road,26-29,Serious injury,Bicyclists
T20130021076,10/12/2013,11:00:00,1,Collision with vehicle,7,Saturday,110,CROSS TRAFFIC(INTERSECTIONS ONLY),1,54738,2,0,1,0,1,2,1,4,Multiple intersection,2,60,Freeway,50-59,Serious injury,Bicyclists
T20130021089,10/12/2013,7:20:00,1,Collision with vehicle,7,Saturday,133,LANE SIDE SWIPE (VEHICLES IN PARALLEL LANES),2,264743,2,1,0,0,1,2,1,5,Not at intersection,1,100,Arterial Other,30-39,Fatality,Bicyclists
T20130021106,10/11/2013,22:48:00,1,Collision with vehicle,6,Friday,136,RIGHT TURN SIDESWIPE,3,38767,2,0,0,1,1,2,2,4,Multiple intersection,3,50,Local Road,26-29,Other injury,Bicyclists
T20130021112,10/12/2013,16:51:00,1,Collision with vehicle,7,Saturday,110,CROSS TRAFFIC(INTERSECTIONS ONLY),1,68692,2,0,1,0,1,2,1,1,Cross intersection,2,40,Local Road,60-64,Serious injury,Bicyclists
T20130021123,10/12/2013,20:06:00,1,Collision with vehicle,7,Saturday,130,REAR END(VEHICLES IN SAME LANE),3,265207,2,0,1,0,1,2,1,5,Not at intersection,2,40,Uknown,26-29,Serious injury,Bicyclists
T20130021175,10/12/2013,14:30:00,1,Collision with vehicle,7,Saturday,120,HEAD ON (NOT OVERTAKING),1,264309,2,0,1,0,2,3,2,5,Not at intersection,2,999,Uknown,26-29,Serious injury,Bicyclists
T20130021280,10/15/2013,8:24:00,1,Collision with vehicle,3,Tuesday,148,VEHICLE OFF FOOTPATH STRIKES VEH ON CARRIAGEWAY,1,38869,2,0,1,0,1,2,1,1,Cross intersection,2,60,Arterial Other,30-39,Serious injury,Bicyclists
T20130021310,10/15/2013,8:00:00,1,Collision with vehicle,2,Tuesday,130,REAR END(VEHICLES IN SAME LANE),9,36430,2,0,0,1,1,2,2,1,Cross intersection,3,60,Arterial Other,26-29,Other injury,Bicyclists
T20130021322,10/15/2013,15:33:00,1,Collision with vehicle,2,Tuesday,133,LANE SIDE SWIPE (VEHICLES IN PARALLEL LANES),1,43988,2,0,0,1,1,2,1,1,Cross intersection,3,50,Local Road,70+,Other injury,Bicyclists
T20130021323,10/15/2013,17:14:00,1,Collision with vehicle,3,Tuesday,121,RIGHT THROUGH,1,68832,2,0,1,0,1,2,1,2,T intersection,2,60,Local Road,40-49,Serious injury,Bicyclists
T20130021350,10/16/2013,6:30:00,1,Collision with vehicle,4,Wednesday,110,CROSS TRAFFIC(INTERSECTIONS ONLY),1,60706,2,0,0,1,1,2,2,1,Cross intersection,3,50,Arterial Other,30-39,Other injury,Bicyclists
T20130021351,10/16/2013,6:15:00,1,Collision with vehicle,4,Wednesday,116,LEFT NEAR (INTERSECTIONS ONLY),2,70662,2,0,0,1,1,2,1,2,T intersection,3,80,Uknown,22-25,Other injury,Bicyclists
T20130021358,10/16/2013,9:01:00,1,Collision with vehicle,4,Wednesday,110,CROSS TRAFFIC(INTERSECTIONS ONLY),1,29460,2,0,0,1,1,2,1,1,Cross intersection,3,60,Arterial Highway,18-21,Other injury,Bicyclists
T20130021364,10/16/2013,8:40:00,1,Collision with vehicle,4,Wednesday,110,CROSS TRAFFIC(INTERSECTIONS ONLY),1,35355,2,0,0,1,1,2,1,1,Cross intersection,3,40,Local Road,30-39,Other injury,Bicyclists
T20130021371,10/16/2013,8:20:00,1,Collision with vehicle,4,Wednesday,137,LEFT TURN SIDESWIPE,1,36832,2,0,1,0,1,2,1,2,T intersection,2,60,Uknown,26-29,Serious injury,Bicyclists
T20130021374,10/16/2013,9:15:00,1,Collision with vehicle,4,Wednesday,110,CROSS TRAFFIC(INTERSECTIONS ONLY),1,36627,2,0,0,1,1,2,1,1,Cross intersection,3,40,Local Road,30-39,Other injury,Bicyclists
T20130021405,10/16/2013,15:50:00,1,Collision with vehicle,4,Wednesday,110,CROSS TRAFFIC(INTERSECTIONS ONLY),1,54293,2,0,0,1,2,3,1,1,Cross intersection,3,50,Local Road,16-17,Other injury,Bicyclists
T20130021415,10/16/2013,17:00:00,1,Collision with vehicle,4,Wednesday,136,RIGHT TURN SIDESWIPE,1,38808,2,0,0,1,1,2,2,1,Cross intersection,3,60,Arterial Other,22-25,Other injury,Bicyclists
T20130021417,10/16/2013,16:10:00,1,Collision with vehicle,4,Wednesday,137,LEFT TURN SIDESWIPE,1,37808,2,0,0,1,2,3,2,2,T intersection,3,60,Arterial Other,26-29,Other injury,Bicyclists
T20130021468,10/14/2013,14:00:00,1,Collision with vehicle,2,Monday,163,VEHICLE STRIKES DOOR OF PARKED/STATIONARY VEHICLE,1,263962,2,0,1,0,1,2,2,5,Not at intersection,2,60,Arterial Other,22-25,Serious injury,Bicyclists
T20130021478,10/17/2013,11:35:00,1,Collision with vehicle,5,Thursday,147,VEHICLE STRIKES ANOTHER VEH WHILE EMERGING FROM DRIVEWAY,1,36636,2,0,0,1,1,2,1,2,T intersection,3,40,Uknown,22-25,Other injury,Bicyclists
T20130021491,10/15/2013,20:00:00,8,No collision and no object struck,3,Tuesday,174,OUT OF CONTROL ON CARRIAGEWAY (ON STRAIGHT),3,29840,1,0,0,1,0,1,2,1,Cross intersection,3,40,Arterial Other,26-29,Other injury,Bicyclists
T20130021561,10/18/2013,17:00:00,1,Collision with vehicle,6,Friday,142,LEAVING PARKING,2,263970,2,0,1,0,1,2,1,5,Not at intersection,2,50,Local Road,50-59,Serious injury,Bicyclists
T20130021570,10/18/2013,9:45:00,1,Collision with vehicle,6,Friday,137,LEFT TURN SIDESWIPE,1,65743,2,0,0,1,1,2,2,1,Cross intersection,3,999,Local Road,Unknown,Other injury,Bicyclists
T20130021572,10/18/2013,16:00:00,1,Collision with vehicle,6,Friday,121,RIGHT THROUGH,1,264731,2,0,0,1,1,2,1,5,Not at intersection,3,60,Arterial Other,22-25,Other injury,Bicyclists
T20130021584,10/18/2013,17:00:00,1,Collision with vehicle,6,Friday,116,LEFT NEAR (INTERSECTIONS ONLY),2,222798,3,0,0,1,6,7,1,2,T intersection,3,60,Arterial Other,30-39,Other injury,Bicyclists
T20130021598,10/19/2013,7:00:00,1,Collision with vehicle,7,Saturday,130,REAR END(VEHICLES IN SAME LANE),1,263971,2,0,1,0,1,2,1,5,Not at intersection,2,60,Arterial Other,50-59,Serious injury,Bicyclists
T20130021605,10/19/2013,9:20:00,1,Collision with vehicle,7,Saturday,113,RIGHT NEAR (INTERSECTIONS ONLY),1,49394,2,0,0,1,1,2,1,2,T intersection,3,50,Arterial Other,60-64,Other injury,Bicyclists
T20130021606,10/19/2013,8:30:00,1,Collision with vehicle,7,Saturday,148,VEHICLE OFF FOOTPATH STRIKES VEH ON CARRIAGEWAY,1,264798,2,0,0,1,3,4,1,5,Not at intersection,3,70,Arterial Other,60-64,Other injury,Bicyclists
T20130021615,10/19/2013,11:41:00,1,Collision with vehicle,7,Saturday,143,ENTERING PARKING,1,57644,2,0,0,1,2,3,1,2,T intersection,3,50,Local Road,13-15,Other injury,Bicyclists
T20130021623,10/18/2013,17:00:00,1,Collision with vehicle,5,Friday,133,LANE SIDE SWIPE (VEHICLES IN PARALLEL LANES),1,46976,2,0,0,1,1,2,2,1,Cross intersection,3,60,Uknown,50-59,Other injury,Bicyclists
T20130021635,10/19/2013,9:15:00,1,Collision with vehicle,7,Saturday,135,LANE CHANGE LEFT (NOT OVERTAKING),1,264800,2,0,0,1,1,2,1,5,Not at intersection,3,40,Arterial Other,18-21,Other injury,Bicyclists
T20130021672,10/20/2013,9:00:00,1,Collision with vehicle,1,Sunday,113,RIGHT NEAR (INTERSECTIONS ONLY),1,29594,2,0,0,1,1,2,2,1,Cross intersection,3,60,Local Road,40-49,Other injury,Bicyclists
T20130021684,10/20/2013,13:15:00,1,Collision with vehicle,1,Sunday,133,LANE SIDE SWIPE (VEHICLES IN PARALLEL LANES),1,264133,2,0,1,0,1,2,1,5,Not at intersection,2,100,Freeway,60-64,Serious injury,Bicyclists
T20130021699,10/20/2013,10:25:00,1,Collision with vehicle,1,Sunday,121,RIGHT THROUGH,1,390,2,0,0,1,1,2,1,1,Cross intersection,3,60,Arterial Other,65-69,Other injury,Bicyclists
T20130021711,10/20/2013,16:30:00,1,Collision with vehicle,1,Sunday,140,U TURN,1,36494,2,0,0,1,1,2,2,1,Cross intersection,3,40,Local Road,30-39,Other injury,Bicyclists
T20130021730,10/21/2013,7:30:00,1,Collision with vehicle,2,Monday,121,RIGHT THROUGH,1,57501,2,0,0,1,1,2,1,2,T intersection,3,60,Arterial Other,30-39,Other injury,Bicyclists
T20130021754,10/21/2013,18:13:00,1,Collision with vehicle,2,Monday,163,VEHICLE STRIKES DOOR OF PARKED/STATIONARY VEHICLE,1,264840,2,0,0,1,1,2,2,5,Not at intersection,3,60,Local Road,30-39,Other injury,Bicyclists
T20130021766,10/21/2013,16:20:00,1,Collision with vehicle,2,Monday,119,OTHER ADJACENT (INTERSECTIONS ONLY),1,70817,2,0,1,0,1,2,1,2,T intersection,2,80,Arterial Highway,50-59,Serious injury,Bicyclists
T20130021785,10/22/2013,8:30:00,1,Collision with vehicle,3,Tuesday,110,CROSS TRAFFIC(INTERSECTIONS ONLY),1,40116,2,0,1,0,1,2,1,1,Cross intersection,2,40,Local Road,26-29,Serious injury,Bicyclists
T20130021794,10/17/2013,17:45:00,8,No collision and no object struck,5,Thursday,170,OFF CARRIAGEWAY TO LEFT,1,38811,2,0,0,1,1,2,9,1,Cross intersection,3,999,Arterial Highway,40-49,Other injury,Bicyclists
T20130021798,8/12/2013,8:00:00,1,Collision with vehicle,2,Monday,133,LANE SIDE SWIPE (VEHICLES IN PARALLEL LANES),1,264175,2,0,0,1,1,2,2,5,Not at intersection,3,50,Local Road,65-69,Other injury,Bicyclists
T20130021814,10/20/2013,8:30:00,1,Collision with vehicle,1,Sunday,136,RIGHT TURN SIDESWIPE,1,264834,2,0,0,1,1,2,2,2,T intersection,3,80,Arterial Other,50-59,Other injury,Bicyclists
T20130021825,10/9/2013,8:35:00,1,Collision with vehicle,4,Wednesday,163,VEHICLE STRIKES DOOR OF PARKED/STATIONARY VEHICLE,1,271985,2,0,0,1,1,2,2,5,Not at intersection,3,50,Local Road,30-39,Other injury,Bicyclists
T20130021869,10/23/2013,6:06:00,1,Collision with vehicle,4,Wednesday,110,CROSS TRAFFIC(INTERSECTIONS ONLY),2,471,2,0,0,1,1,2,1,4,Multiple intersection,3,60,Arterial Other,30-39,Other injury,Bicyclists
T20130021881,8/13/2013,8:10:00,1,Collision with vehicle,3,Tuesday,143,ENTERING PARKING,1,47688,2,0,0,1,1,2,2,1,Cross intersection,3,50,Local Road,30-39,Other injury,Bicyclists
T20130021882,10/22/2013,18:30:00,1,Collision with vehicle,3,Tuesday,110,CROSS TRAFFIC(INTERSECTIONS ONLY),1,36395,2,0,0,1,1,2,2,1,Cross intersection,3,60,Local Road,30-39,Other injury,Bicyclists
T20130021902,10/23/2013,15:05:00,1,Collision with vehicle,4,Wednesday,110,CROSS TRAFFIC(INTERSECTIONS ONLY),1,39785,2,0,1,0,2,3,1,1,Cross intersection,2,80,Arterial Other,26-29,Serious injury,Bicyclists
T20130021932,10/24/2013,7:55:00,1,Collision with vehicle,5,Thursday,121,RIGHT THROUGH,1,36983,2,0,1,0,1,2,1,2,T intersection,2,60,Arterial Other,40-49,Serious injury,Bicyclists
T20130021951,10/24/2013,8:00:00,1,Collision with vehicle,5,Thursday,121,RIGHT THROUGH,1,40287,2,0,0,1,1,2,1,2,T intersection,3,60,Arterial Other,30-39,Other injury,Bicyclists
T20130021953,10/24/2013,11:40:00,1,Collision with vehicle,5,Thursday,163,VEHICLE STRIKES DOOR OF PARKED/STATIONARY VEHICLE,1,264949,3,0,0,1,2,3,1,2,T intersection,3,60,Uknown,50-59,Other injury,Bicyclists
T20130021957,10/24/2013,14:30:00,1,Collision with vehicle,5,Thursday,147,VEHICLE STRIKES ANOTHER VEH WHILE EMERGING FROM DRIVEWAY,1,264950,2,0,0,1,1,2,1,5,Not at intersection,3,50,Uknown,50-59,Other injury,Bicyclists
T20130021989,10/24/2013,17:53:00,1,Collision with vehicle,5,Thursday,121,RIGHT THROUGH,1,264954,2,0,0,1,1,2,1,5,Not at intersection,3,50,Uknown,22-25,Other injury,Bicyclists
T20130022003,10/25/2013,8:30:00,1,Collision with vehicle,6,Friday,121,RIGHT THROUGH,1,65471,2,0,0,1,1,2,1,1,Cross intersection,3,60,Local Road,22-25,Other injury,Bicyclists
T20130022004,10/25/2013,10:00:00,1,Collision with vehicle,6,Friday,121,RIGHT THROUGH,1,40076,2,0,0,1,1,2,1,2,T intersection,3,50,Local Road,40-49,Other injury,Bicyclists
T20130022015,10/24/2013,9:00:00,1,Collision with vehicle,5,Thursday,130,REAR END(VEHICLES IN SAME LANE),1,31046,2,0,0,1,1,2,2,1,Cross intersection,3,50,Local Road,30-39,Other injury,Bicyclists
T20130022055,10/22/2013,13:45:00,1,Collision with vehicle,3,Tuesday,147,VEHICLE STRIKES ANOTHER VEH WHILE EMERGING FROM DRIVEWAY,1,264879,2,0,0,1,2,3,1,5,Not at intersection,3,888,Arterial Other,50-59,Other injury,Bicyclists
T20130022059,10/22/2013,12:30:00,1,Collision with vehicle,3,Tuesday,111,RIGHT FAR (INTERSECTIONS ONLY),1,264921,2,0,0,1,1,2,2,2,T intersection,3,50,Local Road,70+,Other injury,Bicyclists