ACCIDENT_NO,ACCIDENT_DATE,ACCIDENT_TIME,ACCIDENT_TYPE,ACCIDENT_TYPE_DESC,DAY_OF_WEEK,DAY_WEEK_DESC,DCA_CODE,DCA_DESC,LIGHT_CONDITION,NODE_ID,NO_OF_VEHICLES,NO_PERSONS_KILLED,NO_PERSONS_INJ_2,NO_PERSONS_INJ_3,NO_PERSONS_NOT_INJ,NO_PERSONS,POLICE_ATTEND,ROAD_GEOMETRY,ROAD_GEOMETRY_DESC,SEVERITY,SPEED_ZONE,RMA,AGE_GROUP,INJ_LEVEL,ROAD_USER_TYPE_DESC
T20130022097,10/26/2013,15:30:00,1,Collision with vehicle,7,Saturday,137,LEFT TURN SIDESWIPE,1,35456,2,0,0,1,1,2,1,1,Cross intersection,3,50,Arterial Other,26-29,Other injury,Bicyclists
T20130022107,10/26/2013,16:45:00,1,Collision with vehicle,7,Saturday,163,VEHICLE STRIKES DOOR OF PARKED/STATIONARY VEHICLE,1,266920,2,0,0,1,2,3,1,5,Not at intersection,3,40,Arterial Other,26-29,Other injury,Bicyclists
T20130022147,10/27/2013,13:14:00,1,Collision with vehicle,1,Sunday,137,LEFT TURN SIDESWIPE,1,41389,2,0,0,1,1,2,2,2,T intersection,3,70,Arterial Highway,40-49,Other injury,Bicyclists
T20130022179,10/27/2013,9:30:00,1,Collision with vehicle,1,Sunday,163,VEHICLE STRIKES DOOR OF PARKED/STATIONARY VEHICLE,1,265551,2,0,0,1,2,3,1,5,Not at intersection,3,60,Local Road,50-59,Other injury,Bicyclists
T20130022202,4/26/2013,7:38:00,1,Collision with vehicle,5,Friday,133,LANE SIDE SWIPE (VEHICLES IN PARALLEL LANES),2,45686,2,0,0,1,1,2,2,4,Multiple intersection,3,60,Arterial Other,40-49,Other injury,Bicyclists
T20130022208,10/28/2013,8:15:00,1,Collision with vehicle,2,Monday,148,VEHICLE OFF FOOTPATH STRIKES VEH ON CARRIAGEWAY,1,306979,2,0,0,1,1,2,2,2,T intersection,3,50,Uknown,13-15,Other injury,Bicyclists
T20130022234,10/28/2013,13:55:00,1,Collision with vehicle,2,Monday,110,CROSS TRAFFIC(INTERSECTIONS ONLY),1,45046,2,0,0,1,1,2,1,1,Cross intersection,3,60,Local Road,30-39,Other injury,Bicyclists
T20130022241,9/29/2013,7:30:00,1,Collision with vehicle,1,Sunday,130,REAR END(VEHICLES IN SAME LANE),1,264157,2,0,1,0,1,2,2,5,Not at intersection,2,60,Arterial Other,50-59,Serious injury,Bicyclists
T20130022250,10/28/2013,17:30:00,1,Collision with vehicle,2,Monday,121,RIGHT THROUGH,1,38891,2,0,0,1,1,2,1,2,T intersection,3,60,Arterial Other,30-39,Other injury,Bicyclists
T20130022297,10/21/2013,8:20:00,1,Collision with vehicle,2,Monday,116,LEFT NEAR (INTERSECTIONS ONLY),1,36699,2,0,0,1,1,2,1,2,T intersection,3,40,Local Road,40-49,Other injury,Bicyclists
T20130022334,10/29/2013,17:50:00,1,Collision with vehicle,3,Tuesday,137,LEFT TURN SIDESWIPE,1,264516,2,0,0,1,1,2,1,5,Not at intersection,3,60,Local Road,30-39,Other injury,Bicyclists
T20130022341,10/29/2013,18:35:00,1,Collision with vehicle,3,Tuesday,143,ENTERING PARKING,1,37721,2,0,0,2,1,3,1,2,T intersection,3,40,Arterial Other,30-39,Other injury,Bicyclists
T20130022368,10/29/2013,16:30:00,1,Collision with vehicle,3,Tuesday,147,VEHICLE STRIKES ANOTHER VEH WHILE EMERGING FROM DRIVEWAY,1,265051,2,0,0,1,1,2,1,5,Not at intersection,3,30,Local Road,30-39,Other injury,Bicyclists
T20130022378,8/24/2013,16:30:00,1,Collision with vehicle,7,Saturday,130,REAR END(VEHICLES IN SAME LANE),1,53077,2,0,0,1,1,2,2,2,T intersection,3,40,Local Road,30-39,Other injury,Bicyclists
T20130022392,10/30/2013,8:30:00,1,Collision with vehicle,4,Wednesday,148,VEHICLE OFF FOOTPATH STRIKES VEH ON CARRIAGEWAY,1,39124,2,0,0,1,1,2,1,2,T intersection,3,50,Uknown,40-49,Not injured,Drivers
T20130022402,10/30/2013,14:55:00,1,Collision with vehicle,4,Wednesday,143,ENTERING PARKING,1,265054,3,0,0,1,1,2,1,5,Not at intersection,3,60,Arterial Other,40-49,Other injury,Bicyclists
T20130022406,10/30/2013,9:00:00,1,Collision with vehicle,4,Wednesday,137,LEFT TURN SIDESWIPE,1,69274,2,0,0,1,1,2,2,1,Cross intersection,3,50,Local Road,50-59,Other injury,Bicyclists
T20130022407,10/30/2013,16:30:00,1,Collision with vehicle,4,Wednesday,163,VEHICLE STRIKES DOOR OF PARKED/STATIONARY VEHICLE,1,1385,2,0,0,1,2,3,1,5,Not at intersection,3,40,Local Road,50-59,Other injury,Bicyclists
T20130022409,10/30/2013,16:00:00,1,Collision with vehicle,4,Wednesday,121,RIGHT THROUGH,1,39806,2,0,1,0,1,2,1,2,T intersection,2,70,Arterial Other,65-69,Serious injury,Bicyclists
T20130022442,10/31/2013,6:40:00,1,Collision with vehicle,5,Thursday,160,VEHICLE COLLIDES WITH VEHICLE PARKED ON LEFT OF ROAD,1,70103,2,0,1,0,0,1,1,2,T intersection,2,60,Arterial Other,30-39,Serious injury,Bicyclists
T20130022449,10/31/2013,9:32:00,1,Collision with vehicle,5,Thursday,135,LANE CHANGE LEFT (NOT OVERTAKING),1,126063,2,0,0,1,1,2,1,5,Not at intersection,3,40,Local Road,18-21,Other injury,Bicyclists
T20130022510,9/6/2013,16:00:00,1,Collision with vehicle,6,Friday,140,U TURN,1,264897,2,0,0,1,1,2,2,5,Not at intersection,3,999,Local Road,22-25,Other injury,Bicyclists
T20130022513,10/31/2013,20:00:00,1,Collision with vehicle,5,Thursday,142,LEAVING PARKING,2,265097,2,0,1,1,0,2,1,5,Not at intersection,2,50,Uknown,40-49,Serious injury,Bicyclists
T20130022530,10/21/2013,8:30:00,1,Collision with vehicle,2,Monday,163,VEHICLE STRIKES DOOR OF PARKED/STATIONARY VEHICLE,1,265994,2,0,0,1,1,2,2,5,Not at intersection,3,40,Local Road,45424,Other injury,Bicyclists
T20130022584,10/21/2013,12:30:00,8,No collision and no object struck,2,Monday,174,OUT OF CONTROL ON CARRIAGEWAY (ON STRAIGHT),1,264389,2,0,1,0,1,2,2,2,T intersection,2,999,Local Road,65-69,Serious injury,Bicyclists
T20130022615,11/2/2013,8:23:00,1,Collision with vehicle,7,Saturday,137,LEFT TURN SIDESWIPE,1,29373,2,0,0,1,1,2,2,1,Cross intersection,3,60,Uknown,22-25,Other injury,Bicyclists
T20130022630,11/2/2013,15:50:00,1,Collision with vehicle,7,Saturday,163,VEHICLE STRIKES DOOR OF PARKED/STATIONARY VEHICLE,1,263870,2,0,0,1,1,2,1,2,T intersection,3,60,Arterial Other,30-39,Other injury,Bicyclists
T20130022648,11/2/2013,7:40:00,1,Collision with vehicle,7,Saturday,147,VEHICLE STRIKES ANOTHER VEH WHILE EMERGING FROM DRIVEWAY,1,756,2,0,0,1,1,2,2,2,T intersection,3,999,Arterial Other,26-29,Other injury,Bicyclists
T20130022771,10/31/2013,0:15:00,5,collision with some other object,5,Thursday,165,TEMPORARY ROADWORKS,3,265099,1,0,0,1,0,1,2,5,Not at intersection,3,50,Local Road,50-59,Other injury,Bicyclists
T20130022776,11/4/2013,16:35:00,1,Collision with vehicle,2,Monday,110,CROSS TRAFFIC(INTERSECTIONS ONLY),1,69130,2,0,1,0,1,2,1,4,Multiple intersection,2,50,Local Road,50-59,Serious injury,Bicyclists
T20130022795,10/31/2013,15:00:00,1,Collision with vehicle,5,Thursday,121,RIGHT THROUGH,1,40430,2,0,1,0,1,2,2,2,T intersection,2,60,Arterial Other,18-21,Serious injury,Bicyclists
T20130022827,11/5/2013,13:05:00,1,Collision with vehicle,3,Tuesday,140,U TURN,1,265668,3,0,1,0,1,2,1,5,Not at intersection,2,50,Arterial Other,50-59,Serious injury,Bicyclists
T20130022838,10/20/2013,17:15:00,1,Collision with vehicle,0,Sunday,133,LANE SIDE SWIPE (VEHICLES IN PARALLEL LANES),2,55171,2,0,0,1,2,3,2,2,T intersection,3,999,Arterial Other,30-39,Other injury,Bicyclists
T20130022847,11/4/2013,16:30:00,1,Collision with vehicle,2,Monday,163,VEHICLE STRIKES DOOR OF PARKED/STATIONARY VEHICLE,1,233,3,0,0,1,2,3,2,2,T intersection,3,40,Local Road,30-39,Other injury,Bicyclists
T20130022888,9/24/2013,6:00:00,1,Collision with vehicle,3,Tuesday,113,RIGHT NEAR (INTERSECTIONS ONLY),1,10844,2,0,0,1,1,2,1,2,T intersection,3,60,Freeway,30-39,Other injury,Bicyclists
T20130022893,11/6/2013,10:05:00,1,Collision with vehicle,4,Wednesday,121,RIGHT THROUGH,1,37818,2,0,0,2,0,2,1,1,Cross intersection,3,60,Arterial Other,26-29,Other injury,Bicyclists
T20130022916,11/6/2013,14:45:00,1,Collision with vehicle,4,Wednesday,147,VEHICLE STRIKES ANOTHER VEH WHILE EMERGING FROM DRIVEWAY,1,265199,2,0,0,1,1,2,1,5,Not at intersection,3,50,Local Road,18-21,Other injury,Bicyclists
T20130022944,11/6/2013,20:52:00,8,No collision and no object struck,4,Wednesday,174,OUT OF CONTROL ON CARRIAGEWAY (ON STRAIGHT),3,61176,2,0,1,0,1,2,1,2,T intersection,2,50,Local Road,40-49,Serious injury,Bicyclists
T20130022958,11/6/2013,15:35:00,1,Collision with vehicle,4,Wednesday,110,CROSS TRAFFIC(INTERSECTIONS ONLY),1,35988,2,0,0,1,1,2,1,1,Cross intersection,3,50,Local Road,30-39,Other injury,Bicyclists
T20130022967,11/7/2013,9:20:00,1,Collision with vehicle,5,Thursday,110,CROSS TRAFFIC(INTERSECTIONS ONLY),1,29537,2,0,0,1,1,2,2,4,Multiple intersection,3,60,Arterial Other,26-29,Other injury,Bicyclists
T20130023019,10/19/2013,12:30:00,8,No collision and no object struck,7,Saturday,170,OFF CARRIAGEWAY TO LEFT,1,63338,3,0,1,0,2,3,2,2,T intersection,2,50,Local Road,30-39,Serious injury,Bicyclists
T20130023020,11/6/2013,7:40:00,1,Collision with vehicle,4,Wednesday,116,LEFT NEAR (INTERSECTIONS ONLY),2,35491,2,0,1,0,1,2,1,2,T intersection,2,60,Arterial Other,26-29,Serious injury,Bicyclists
T20130023041,11/6/2013,17:30:00,1,Collision with vehicle,4,Wednesday,113,RIGHT NEAR (INTERSECTIONS ONLY),1,38865,2,0,0,1,1,2,2,2,T intersection,3,60,Arterial Other,16-17,Other injury,Bicyclists
T20130023076,10/16/2013,18:30:00,5,collision with some other object,4,Wednesday,166,STRUCK OBJECT ON CARRIAGEWAY,9,265610,1,0,1,0,0,1,2,2,T intersection,2,999,Uknown,40-49,Serious injury,Bicyclists
T20130023161,11/8/2013,9:00:00,1,Collision with vehicle,6,Friday,163,VEHICLE STRIKES DOOR OF PARKED/STATIONARY VEHICLE,1,65547,2,0,0,1,1,2,2,1,Cross intersection,3,50,Local Road,18-21,Other injury,Bicyclists
T20130023168,11/9/2013,17:15:00,1,Collision with vehicle,7,Saturday,133,LANE SIDE SWIPE (VEHICLES IN PARALLEL LANES),1,35560,2,0,0,1,1,2,1,1,Cross intersection,3,60,Arterial Highway,18-21,Other injury,Bicyclists
T20130023191,11/10/2013,2:40:00,1,Collision with vehicle,1,Sunday,110,CROSS TRAFFIC(INTERSECTIONS ONLY),3,109,2,0,1,0,5,6,1,1,Cross intersection,2,60,Local Road,18-21,Serious injury,Bicyclists
T20130023270,11/11/2013,13:05:00,1,Collision with vehicle,2,Monday,111,RIGHT FAR (INTERSECTIONS ONLY),1,51301,2,0,0,1,2,3,1,1,Cross intersection,3,80,Local Road,65-69,Other injury,Bicyclists
T20130023271,11/11/2013,11:04:00,1,Collision with vehicle,2,Monday,130,REAR END(VEHICLES IN SAME LANE),1,54453,2,0,0,1,2,3,1,1,Cross intersection,3,60,Arterial Other,40-49,Other injury,Bicyclists
T20130023343,11/11/2013,8:30:00,1,Collision with vehicle,2,Monday,135,LANE CHANGE LEFT (NOT OVERTAKING),1,37198,2,0,0,1,1,2,2,2,T intersection,3,60,Arterial Other,30-39,Other injury,Bicyclists
T20130023350,11/12/2013,7:10:00,1,Collision with vehicle,2,Tuesday,163,VEHICLE STRIKES DOOR OF PARKED/STATIONARY VEHICLE,2,37424,2,0,0,1,1,2,2,2,T intersection,3,999,Arterial Other,40-49,Other injury,Bicyclists
T20130023362,11/2/2013,7:30:00,8,No collision and no object struck,7,Saturday,198,OTHER ACCIDENTS NOT CLASSIFIABLE ELSEWHERE,1,278644,1,0,0,1,0,1,2,2,T intersection,3,999,Local Road,40-49,Other injury,Bicyclists
T20130023368,10/16/2013,13:20:00,1,Collision with vehicle,4,Wednesday,163,VEHICLE STRIKES DOOR OF PARKED/STATIONARY VEHICLE,1,65743,2,0,0,1,1,2,2,1,Cross intersection,3,40,Local Road,30-39,Other injury,Bicyclists
T20130023375,11/12/2013,15:30:00,1,Collision with vehicle,3,Tuesday,148,VEHICLE OFF FOOTPATH STRIKES VEH ON CARRIAGEWAY,1,265345,3,0,0,2,1,3,1,5,Not at intersection,3,40,Arterial Other,45424,Other injury,Bicyclists
T20130023377,11/11/2013,16:49:00,1,Collision with vehicle,2,Monday,110,CROSS TRAFFIC(INTERSECTIONS ONLY),2,94,2,0,0,1,1,2,1,1,Cross intersection,3,80,Arterial Other,40-49,Other injury,Bicyclists
T20130023411,11/12/2013,18:10:00,1,Collision with vehicle,3,Tuesday,110,CROSS TRAFFIC(INTERSECTIONS ONLY),1,68624,2,0,1,0,1,2,1,1,Cross intersection,2,50,Local Road,30-39,Serious injury,Bicyclists
T20130023415,11/12/2013,18:10:00,1,Collision with vehicle,3,Tuesday,121,RIGHT THROUGH,1,40547,2,0,0,1,1,2,1,2,T intersection,3,60,Arterial Other,26-29,Other injury,Bicyclists
T20130023421,11/12/2013,14:53:00,1,Collision with vehicle,3,Tuesday,145,REVERSING IN STREAM OF TRAFFIC,1,29361,2,0,0,1,1,2,1,1,Cross intersection,3,50,Local Road,26-29,Other injury,Bicyclists
T20130023431,11/9/2013,10:50:00,1,Collision with vehicle,7,Saturday,147,VEHICLE STRIKES ANOTHER VEH WHILE EMERGING FROM DRIVEWAY,1,265269,2,0,0,1,1,2,1,5,Not at intersection,3,60,Arterial Highway,50-59,Other injury,Bicyclists
T20130023471,11/13/2013,17:20:00,1,Collision with vehicle,4,Wednesday,115,RIGHT/LEFT FAR (INTERSECTIONS ONLY),1,265374,2,0,0,1,1,2,1,1,Cross intersection,3,50,Arterial Other,50-59,Other injury,Bicyclists
T20130023561,11/14/2013,8:22:00,1,Collision with vehicle,5,Thursday,137,LEFT TURN SIDESWIPE,1,38819,2,0,0,1,1,2,2,2,T intersection,3,60,Arterial Other,30-39,Other injury,Bicyclists
T20130023572,11/14/2013,17:45:00,1,Collision with vehicle,5,Thursday,137,LEFT TURN SIDESWIPE,1,45628,2,0,0,1,1,2,2,1,Cross intersection,3,40,Arterial Other,30-39,Other injury,Bicyclists
T20130023574,11/14/2013,17:25:00,1,Collision with vehicle,5,Thursday,137,LEFT TURN SIDESWIPE,1,264754,3,0,1,1,1,3,1,5,Not at intersection,2,50,Local Road,40-49,Serious injury,Bicyclists
T20130023614,11/11/2013,8:55:00,1,Collision with vehicle,2,Monday,121,RIGHT THROUGH,1,266138,2,0,0,1,1,2,2,5,Not at intersection,3,60,Local Road,60-64,Other injury,Bicyclists
T20130023616,6/18/2013,10:00:00,1,Collision with vehicle,3,Tuesday,121,RIGHT THROUGH,1,66769,2,0,0,1,1,2,2,2,T intersection,3,40,Arterial Other,26-29,Other injury,Bicyclists
T20130023624,11/15/2013,7:45:00,1,Collision with vehicle,6,Friday,163,VEHICLE STRIKES DOOR OF PARKED/STATIONARY VEHICLE,2,265390,2,0,0,1,2,3,2,5,Not at intersection,3,50,Local Road,30-39,Other injury,Bicyclists
T20130023674,11/15/2013,12:30:00,1,Collision with vehicle,6,Friday,163,VEHICLE STRIKES DOOR OF PARKED/STATIONARY VEHICLE,1,265411,2,0,1,0,1,2,1,5,Not at intersection,2,50,Local Road,30-39,Serious injury,Bicyclists
T20130023709,11/15/2013,21:50:00,1,Collision with vehicle,6,Friday,121,RIGHT THROUGH,3,45553,2,0,0,1,1,2,1,2,T intersection,3,60,Arterial Other,26-29,Other injury,Bicyclists
T20130023747,11/17/2013,11:50:00,1,Collision with vehicle,1,Sunday,133,LANE SIDE SWIPE (VEHICLES IN PARALLEL LANES),1,72780,2,0,1,0,1,2,1,2,T intersection,2,90,Arterial Highway,70+,Serious injury,Bicyclists
T20130023782,11/16/2013,10:15:00,1,Collision with vehicle,7,Saturday,163,VEHICLE STRIKES DOOR OF PARKED/STATIONARY VEHICLE,1,265420,2,0,0,1,1,2,2,5,Not at intersection,3,40,Arterial Other,22-25,Other injury,Bicyclists
T20130023785,10/8/2013,14:05:00,1,Collision with vehicle,3,Tuesday,163,VEHICLE STRIKES DOOR OF PARKED/STATIONARY VEHICLE,1,264613,2,0,0,1,1,2,1,5,Not at intersection,3,50,Arterial Other,30-39,Other injury,Bicyclists
T20130023786,11/17/2013,13:30:00,1,Collision with vehicle,1,Sunday,113,RIGHT NEAR (INTERSECTIONS ONLY),1,1057,2,0,0,1,2,3,1,2,T intersection,3,60,Arterial Highway,60-64,Other injury,Bicyclists
T20130023816,11/18/2013,13:30:00,1,Collision with vehicle,2,Monday,160,VEHICLE COLLIDES WITH VEHICLE PARKED ON LEFT OF ROAD,1,265437,2,0,0,1,0,1,1,5,Not at intersection,3,60,Arterial Other,30-39,Other injury,Bicyclists
T20130023827,9/17/2013,18:00:00,1,Collision with vehicle,3,Tuesday,163,VEHICLE STRIKES DOOR OF PARKED/STATIONARY VEHICLE,1,261416,2,0,0,1,1,2,2,2,T intersection,3,60,Arterial Other,26-29,Other injury,Bicyclists
T20130023842,11/18/2013,16:50:00,1,Collision with vehicle,2,Monday,136,RIGHT TURN SIDESWIPE,1,54610,2,0,0,1,1,2,2,2,T intersection,3,60,Arterial Other,26-29,Other injury,Bicyclists
T20130023851,11/6/2013,18:15:00,1,Collision with vehicle,4,Wednesday,110,CROSS TRAFFIC(INTERSECTIONS ONLY),1,37505,2,0,0,1,1,2,2,1,Cross intersection,3,50,Local Road,40-49,Other injury,Bicyclists
T20130023860,11/17/2013,14:00:00,1,Collision with vehicle,1,Sunday,137,LEFT TURN SIDESWIPE,1,265764,2,0,0,1,1,2,2,2,T intersection,3,70,Arterial Other,30-39,Other injury,Bicyclists
T20130023871,11/19/2013,2:00:00,8,No collision and no object struck,3,Tuesday,174,OUT OF CONTROL ON CARRIAGEWAY (ON STRAIGHT),5,264760,1,0,1,0,0,1,1,5,Not at intersection,2,999,Local Road,40-49,Serious injury,Bicyclists
T20130023879,11/19/2013,8:34:00,1,Collision with vehicle,3,Tuesday,130,REAR END(VEHICLES IN SAME LANE),1,221904,2,0,1,0,1,2,1,1,Cross intersection,2,80,Arterial Highway,40-49,Serious injury,Bicyclists
T20130023890,11/19/2013,6:30:00,1,Collision with vehicle,3,Tuesday,111,RIGHT FAR (INTERSECTIONS ONLY),2,39914,2,0,0,1,1,2,2,1,Cross intersection,3,60,Local Road,30-39,Other injury,Bicyclists
T20130023895,7/3/2013,6:49:00,1,Collision with vehicle,4,Wednesday,130,REAR END(VEHICLES IN SAME LANE),3,44854,2,0,0,1,1,2,1,2,T intersection,3,60,Arterial Other,40-49,Other injury,Bicyclists
T20130023900,11/19/2013,12:00:00,1,Collision with vehicle,3,Tuesday,148,VEHICLE OFF FOOTPATH STRIKES VEH ON CARRIAGEWAY,1,43201,2,0,0,1,1,2,1,2,T intersection,3,50,Arterial Highway,40-49,Other injury,Bicyclists
T20130023905,11/19/2013,15:32:00,1,Collision with vehicle,3,Tuesday,148,VEHICLE OFF FOOTPATH STRIKES VEH ON CARRIAGEWAY,1,36794,2,0,0,1,1,2,2,1,Cross intersection,3,60,Arterial Highway,30-39,Other injury,Bicyclists
T20130023913,11/19/2013,17:00:00,1,Collision with vehicle,3,Tuesday,121,RIGHT THROUGH,1,41800,2,0,1,0,1,2,1,1,Cross intersection,2,60,Uknown,40-49,Serious injury,Bicyclists
T20130023970,11/20/2013,9:15:00,1,Collision with vehicle,4,Wednesday,137,LEFT TURN SIDESWIPE,1,265474,2,0,0,1,3,4,1,2,T intersection,3,60,Local Road,26-29,Other injury,Bicyclists
T20130024018,11/20/2013,19:20:00,1,Collision with vehicle,4,Wednesday,147,VEHICLE STRIKES ANOTHER VEH WHILE EMERGING FROM DRIVEWAY,2,265476,2,0,0,1,1,2,1,5,Not at intersection,3,888,Local Road,18-21,Other injury,Bicyclists
T20130024079,11/21/2013,17:33:00,1,Collision with vehicle,5,Thursday,148,VEHICLE OFF FOOTPATH STRIKES VEH ON CARRIAGEWAY,1,265485,2,0,0,1,1,2,1,5,Not at intersection,3,50,Arterial Highway,16-17,Other injury,Bicyclists
T20130024081,11/21/2013,18:25:00,1,Collision with vehicle,5,Thursday,121,RIGHT THROUGH,1,36399,2,0,0,1,2,3,1,1,Cross intersection,3,50,Local Road,30-39,Other injury,Bicyclists
T20130024090,11/10/2013,13:30:00,1,Collision with vehicle,1,Sunday,163,VEHICLE STRIKES DOOR OF PARKED/STATIONARY VEHICLE,1,39049,2,0,0,1,1,2,2,2,T intersection,3,40,Arterial Other,13-15,Other injury,Bicyclists
T20130024158,11/22/2013,18:00:00,1,Collision with vehicle,6,Friday,110,CROSS TRAFFIC(INTERSECTIONS ONLY),1,52490,2,0,0,1,1,2,2,1,Cross intersection,3,60,Local Road,22-25,Other injury,Bicyclists
T20130024184,11/23/2013,12:05:00,1,Collision with vehicle,6,Saturday,113,RIGHT NEAR (INTERSECTIONS ONLY),1,22629,2,0,0,2,0,2,2,1,Cross intersection,3,60,Arterial Other,18-21,Other injury,Bicyclists
T20130024193,11/23/2013,12:00:00,1,Collision with vehicle,7,Saturday,110,CROSS TRAFFIC(INTERSECTIONS ONLY),1,1351,2,0,1,0,2,3,1,1,Cross intersection,2,50,Local Road,60-64,Serious injury,Bicyclists
T20130024249,11/24/2013,13:00:00,1,Collision with vehicle,1,Sunday,139,OTHER SAME DIRECTION-MANOUEVRES NOT INCLUDED IN DCAs 130-137,1,71197,2,0,0,1,1,2,2,2,T intersection,3,60,Arterial Highway,30-39,Other injury,Bicyclists
T20130024269,11/18/2013,13:00:00,1,Collision with vehicle,2,Monday,143,ENTERING PARKING,1,264983,2,0,0,1,1,2,2,5,Not at intersection,3,30,Local Road,30-39,Other injury,Bicyclists
T20130024270,11/24/2013,16:31:00,1,Collision with vehicle,1,Sunday,121,RIGHT THROUGH,1,36166,2,0,0,1,1,2,1,1,Cross intersection,3,40,Local Road,22-25,Other injury,Bicyclists
T20130024286,10/22/2013,8:30:00,1,Collision with vehicle,3,Tuesday,163,VEHICLE STRIKES DOOR OF PARKED/STATIONARY VEHICLE,1,265576,2,0,0,1,1,2,2,5,Not at intersection,3,50,Local Road,16-17,Other injury,Bicyclists
T20130024367,11/14/2013,18:30:00,1,Collision with vehicle,5,Thursday,121,RIGHT THROUGH,1,265388,2,0,0,1,1,2,2,5,Not at intersection,3,70,Arterial Highway,50-59,Other injury,Bicyclists
T20130024372,11/26/2013,7:45:00,1,Collision with vehicle,3,Tuesday,152,PULLING OUT (OVERTAKING),2,38229,2,0,0,1,1,2,1,1,Cross intersection,3,50,Local Road,50-59,Other injury,Bicyclists
T20130024379,11/26/2013,8:15:00,1,Collision with vehicle,3,Tuesday,113,RIGHT NEAR (INTERSECTIONS ONLY),1,67401,2,0,0,1,1,2,2,1,Cross intersection,3,50,Local Road,50-59,Other injury,Bicyclists
T20130024382,8/26/2013,15:30:00,1,Collision with vehicle,2,Monday,110,CROSS TRAFFIC(INTERSECTIONS ONLY),1,264865,2,0,0,1,1,2,2,1,Cross intersection,3,50,Local Road,18-21,Other injury,Bicyclists
T20130024390,11/26/2013,6:50:00,1,Collision with vehicle,3,Tuesday,116,LEFT NEAR (INTERSECTIONS ONLY),2,62299,2,0,1,0,1,2,1,2,T intersection,2,80,Arterial Other,40-49,Serious injury,Bicyclists
T20130024403,11/22/2013,21:00:00,4,Collision with a fixed object,6,Friday,171,LEFT OFF CARRIAGEWAY INTO OBJECT/PARKED VEHICLE,2,264858,2,0,0,1,0,1,2,2,T intersection,3,60,Uknown,40-49,Other injury,Bicyclists
T20130024422,11/26/2013,16:45:00,1,Collision with vehicle,3,Tuesday,147,VEHICLE STRIKES ANOTHER VEH WHILE EMERGING FROM DRIVEWAY,1,265797,2,0,0,1,1,2,2,2,T intersection,3,50,Local Road,45424,Other injury,Bicyclists
T20130024438,11/26/2013,21:20:00,1,Collision with vehicle,3,Tuesday,130,REAR END(VEHICLES IN SAME LANE),3,264904,2,1,0,1,1,3,1,5,Not at intersection,1,80,Arterial Highway,50-59,Fatality,Bicyclists
T20130024444,11/25/2013,16:50:00,1,Collision with vehicle,2,Monday,148,VEHICLE OFF FOOTPATH STRIKES VEH ON CARRIAGEWAY,1,264886,2,0,1,0,1,2,1,5,Not at intersection,2,60,Arterial Other,26-29,Serious injury,Bicyclists
T20130024455,11/27/2013,8:56:00,1,Collision with vehicle,4,Wednesday,148,VEHICLE OFF FOOTPATH STRIKES VEH ON CARRIAGEWAY,1,63799,2,0,1,0,1,2,1,2,T intersection,2,50,Arterial Other,40-49,Serious injury,Bicyclists
T20130024474,11/27/2013,8:50:00,1,Collision with vehicle,4,Wednesday,137,LEFT TURN SIDESWIPE,1,231006,2,0,0,1,1,2,1,1,Cross intersection,3,50,Uknown,30-39,Other injury,Bicyclists
T20130024488,11/26/2013,17:00:00,1,Collision with vehicle,3,Tuesday,121,RIGHT THROUGH,1,265801,2,0,0,1,1,2,2,5,Not at intersection,3,60,Arterial Other,26-29,Other injury,Bicyclists
T20130024497,11/27/2013,16:00:00,1,Collision with vehicle,3,Wednesday,121,RIGHT THROUGH,1,276,2,0,0,1,1,2,2,1,Cross intersection,3,60,Arterial Other,50-59,Other injury,Bicyclists
T20130024498,11/27/2013,17:55:00,1,Collision with vehicle,4,Wednesday,137,LEFT TURN SIDESWIPE,1,40053,2,0,0,1,4,5,1,2,T intersection,3,60,Arterial Other,30-39,Other injury,Bicyclists
T20130024529,11/27/2013,14:15:00,1,Collision with vehicle,4,Wednesday,110,CROSS TRAFFIC(INTERSECTIONS ONLY),1,56438,2,0,1,0,1,2,1,1,Cross intersection,2,50,Local Road,70+,Serious injury,Bicyclists
T20130024538,11/28/2013,13:01:00,1,Collision with vehicle,5,Thursday,131,LEFT REAR,1,35332,2,0,0,1,1,2,1,1,Cross intersection,3,40,Local Road,22-25,Other injury,Bicyclists
T20130024540,11/28/2013,12:30:00,1,Collision with vehicle,4,Thursday,121,RIGHT THROUGH,1,355748,2,0,1,0,1,2,1,2,T intersection,2,60,Arterial Other,30-39,Serious injury,Bicyclists
T20130024549,11/26/2013,18:20:00,1,Collision with vehicle,3,Tuesday,121,RIGHT THROUGH,1,481,2,0,0,1,1,2,2,2,T intersection,3,60,Arterial Other,26-29,Other injury,Bicyclists
T20130024550,11/26/2013,16:30:00,1,Collision with vehicle,3,Tuesday,147,VEHICLE STRIKES ANOTHER VEH WHILE EMERGING FROM DRIVEWAY,1,29606,2,0,0,1,1,2,2,2,T intersection,3,60,Arterial Highway,26-29,Other injury,Bicyclists
T20130024552,11/28/2013,11:05:00,1,Collision with vehicle,5,Thursday,135,LANE CHANGE LEFT (NOT OVERTAKING),1,265818,2,0,0,1,1,2,1,5,Not at intersection,3,60,Arterial Other,50-59,Other injury,Bicyclists