ACCIDENT_NO,ACCIDENT_DATE,ACCIDENT_TIME,ACCIDENT_TYPE,ACCIDENT_TYPE_DESC,DAY_OF_WEEK,DAY_WEEK_DESC,DCA_CODE,DCA_DESC,LIGHT_CONDITION,NODE_ID,NO_OF_VEHICLES,NO_PERSONS_KILLED,NO_PERSONS_INJ_2,NO_PERSONS_INJ_3,NO_PERSONS_NOT_INJ,NO_PERSONS,POLICE_ATTEND,ROAD_GEOMETRY,ROAD_GEOMETRY_DESC,SEVERITY,SPEED_ZONE,RMA,AGE_GROUP,INJ_LEVEL,ROAD_USER_TYPE_DESC
T20130024566,11/21/2013,18:45:00,1,Collision with vehicle,4,Thursday,133,LANE SIDE SWIPE (VEHICLES IN PARALLEL LANES),2,265487,2,0,0,1,1,2,2,5,Not at intersection,3,60,Uknown,40-49,Other injury,Bicyclists
T20130024571,11/28/2013,17:25:00,1,Collision with vehicle,5,Thursday,121,RIGHT THROUGH,2,46777,2,0,0,1,3,4,1,2,T intersection,3,40,Arterial Other,30-39,Other injury,Bicyclists
T20130024583,11/28/2013,20:15:00,1,Collision with vehicle,5,Thursday,110,CROSS TRAFFIC(INTERSECTIONS ONLY),2,35785,2,0,1,0,1,2,1,1,Cross intersection,2,70,Arterial Highway,70+,Serious injury,Bicyclists
T20130024596,11/29/2013,7:10:00,1,Collision with vehicle,6,Friday,110,CROSS TRAFFIC(INTERSECTIONS ONLY),1,51393,2,0,0,1,1,2,1,1,Cross intersection,3,50,Local Road,30-39,Other injury,Bicyclists
T20130024599,11/17/2013,8:00:00,1,Collision with vehicle,1,Sunday,143,ENTERING PARKING,1,38045,2,0,0,1,1,2,2,1,Cross intersection,3,60,Arterial Other,26-29,Other injury,Bicyclists
T20130024623,11/26/2013,14:40:00,1,Collision with vehicle,3,Tuesday,160,VEHICLE COLLIDES WITH VEHICLE PARKED ON LEFT OF ROAD,1,264905,2,0,1,0,0,1,2,5,Not at intersection,2,60,Local Road,13-15,Serious injury,Bicyclists
T20130024628,11/28/2013,15:00:00,1,Collision with vehicle,5,Thursday,110,CROSS TRAFFIC(INTERSECTIONS ONLY),1,57663,2,0,0,1,1,2,2,1,Cross intersection,3,60,Arterial Other,50-59,Other injury,Bicyclists
T20130024638,11/29/2013,14:45:00,8,No collision and no object struck,6,Friday,174,OUT OF CONTROL ON CARRIAGEWAY (ON STRAIGHT),1,265208,1,0,1,0,0,1,1,5,Not at intersection,2,100,Arterial Other,50-59,Serious injury,Bicyclists
T20130024661,11/30/2013,2:00:00,1,Collision with vehicle,7,Saturday,130,REAR END(VEHICLES IN SAME LANE),5,37819,2,0,0,1,1,2,1,1,Cross intersection,3,50,Arterial Other,22-25,Other injury,Bicyclists
T20130024679,11/30/2013,12:45:00,1,Collision with vehicle,7,Saturday,121,RIGHT THROUGH,1,36382,2,0,0,1,1,2,1,1,Cross intersection,3,50,Local Road,65-69,Other injury,Bicyclists
T20130024684,11/30/2013,13:50:00,1,Collision with vehicle,7,Saturday,163,VEHICLE STRIKES DOOR OF PARKED/STATIONARY VEHICLE,1,51949,2,0,0,1,2,3,1,1,Cross intersection,3,50,Arterial Highway,40-49,Other injury,Bicyclists
T20130024688,11/30/2013,14:40:00,7,Fall from or in moving vehicle,7,Saturday,174,OUT OF CONTROL ON CARRIAGEWAY (ON STRAIGHT),1,265736,1,0,0,1,0,1,1,5,Not at intersection,3,50,Local Road,13-15,Other injury,Bicyclists
T20130024811,12/1/2013,7:25:00,1,Collision with vehicle,0,Sunday,113,RIGHT NEAR (INTERSECTIONS ONLY),1,305924,2,0,1,0,1,2,1,2,T intersection,2,60,Local Road,40-49,Serious injury,Bicyclists
T20130024820,12/2/2013,8:55:00,1,Collision with vehicle,2,Monday,119,OTHER ADJACENT (INTERSECTIONS ONLY),1,36629,2,0,0,1,1,2,1,1,Cross intersection,3,40,Local Road,30-39,Other injury,Bicyclists
T20130024821,12/2/2013,8:30:00,1,Collision with vehicle,2,Monday,140,U TURN,1,228971,2,0,1,0,1,2,1,2,T intersection,2,60,Arterial Other,40-49,Serious injury,Bicyclists
T20130024826,11/29/2013,7:45:00,1,Collision with vehicle,6,Friday,137,LEFT TURN SIDESWIPE,2,29385,2,0,1,0,1,2,2,1,Cross intersection,2,60,Arterial Other,30-39,Serious injury,Bicyclists
T20130024831,11/27/2013,22:30:00,1,Collision with vehicle,4,Wednesday,148,VEHICLE OFF FOOTPATH STRIKES VEH ON CARRIAGEWAY,9,65831,2,0,0,1,1,2,2,1,Cross intersection,3,50,Arterial Other,22-25,Other injury,Bicyclists
T20130024844,11/26/2013,17:30:00,1,Collision with vehicle,3,Tuesday,121,RIGHT THROUGH,9,36495,2,0,0,1,1,2,2,1,Cross intersection,3,40,Local Road,50-59,Other injury,Bicyclists
T20130024885,11/30/2013,12:30:00,1,Collision with vehicle,7,Saturday,163,VEHICLE STRIKES DOOR OF PARKED/STATIONARY VEHICLE,1,37719,2,0,1,0,1,2,2,1,Cross intersection,2,40,Arterial Other,40-49,Serious injury,Bicyclists
T20130024925,12/3/2013,9:45:00,1,Collision with vehicle,3,Tuesday,163,VEHICLE STRIKES DOOR OF PARKED/STATIONARY VEHICLE,1,265887,2,0,0,1,3,4,2,5,Not at intersection,3,999,Local Road,50-59,Other injury,Bicyclists
T20130024931,12/2/2013,19:00:00,1,Collision with vehicle,2,Monday,137,LEFT TURN SIDESWIPE,2,45485,2,0,0,1,1,2,2,2,T intersection,3,60,Arterial Other,26-29,Other injury,Bicyclists
T20130024947,12/3/2013,6:00:00,1,Collision with vehicle,2,Tuesday,133,LANE SIDE SWIPE (VEHICLES IN PARALLEL LANES),2,269816,2,0,1,0,1,2,2,5,Not at intersection,2,100,Freeway,40-49,Serious injury,Bicyclists
T20130024949,12/3/2013,17:55:00,1,Collision with vehicle,3,Tuesday,132,RIGHT REAR.,1,265889,2,0,1,0,1,2,1,5,Not at intersection,2,50,Local Road,30-39,Serious injury,Bicyclists
T20130024967,12/4/2013,8:50:00,1,Collision with vehicle,4,Wednesday,163,VEHICLE STRIKES DOOR OF PARKED/STATIONARY VEHICLE,1,266075,2,0,1,0,2,3,2,5,Not at intersection,2,50,Arterial Other,30-39,Serious injury,Bicyclists
T20130024982,11/19/2013,7:25:00,1,Collision with vehicle,3,Tuesday,113,RIGHT NEAR (INTERSECTIONS ONLY),9,42146,2,0,0,1,1,2,2,2,T intersection,3,999,Arterial Other,26-29,Other injury,Bicyclists
T20130024991,12/3/2013,18:10:00,1,Collision with vehicle,3,Tuesday,163,VEHICLE STRIKES DOOR OF PARKED/STATIONARY VEHICLE,1,35383,2,0,1,0,1,2,2,1,Cross intersection,2,999,Arterial Other,30-39,Serious injury,Bicyclists
T20130025020,12/4/2013,16:00:00,1,Collision with vehicle,4,Wednesday,130,REAR END(VEHICLES IN SAME LANE),1,29786,3,0,0,1,2,3,1,1,Cross intersection,3,50,Local Road,50-59,Other injury,Bicyclists
T20130025073,12/5/2013,11:45:00,1,Collision with vehicle,5,Thursday,163,VEHICLE STRIKES DOOR OF PARKED/STATIONARY VEHICLE,1,265118,2,0,1,0,1,2,1,5,Not at intersection,2,40,Arterial Other,26-29,Serious injury,Bicyclists
T20130025077,12/5/2013,9:35:00,1,Collision with vehicle,5,Thursday,137,LEFT TURN SIDESWIPE,1,120,2,0,0,1,1,2,1,1,Cross intersection,3,80,Arterial Highway,50-59,Other injury,Bicyclists
T20130025125,12/5/2013,18:00:00,1,Collision with vehicle,5,Thursday,148,VEHICLE OFF FOOTPATH STRIKES VEH ON CARRIAGEWAY,1,35492,2,0,1,0,1,2,2,2,T intersection,2,40,Local Road,22-25,Serious injury,Bicyclists
T20130025135,10/28/2013,8:25:00,1,Collision with vehicle,2,Monday,121,RIGHT THROUGH,1,37759,2,0,1,0,1,2,2,2,T intersection,2,40,Arterial Other,26-29,Serious injury,Bicyclists
T20130025164,12/6/2013,8:30:00,1,Collision with vehicle,5,Friday,137,LEFT TURN SIDESWIPE,1,40372,2,0,0,1,1,2,2,2,T intersection,3,60,Uknown,22-25,Other injury,Bicyclists
T20130025170,11/1/2013,13:30:00,8,No collision and no object struck,6,Friday,170,OFF CARRIAGEWAY TO LEFT,1,269817,2,0,0,1,1,2,2,5,Not at intersection,3,60,Arterial Other,70+,Other injury,Bicyclists
T20130025190,12/6/2013,15:05:00,8,No collision and no object struck,6,Friday,170,OFF CARRIAGEWAY TO LEFT,1,265159,2,0,1,0,1,2,1,2,T intersection,2,50,Local Road,70+,Serious injury,Bicyclists
T20130025210,11/29/2013,17:39:00,1,Collision with vehicle,6,Friday,147,VEHICLE STRIKES ANOTHER VEH WHILE EMERGING FROM DRIVEWAY,1,265621,2,0,1,0,1,2,1,5,Not at intersection,2,50,Local Road,40-49,Serious injury,Bicyclists
T20130025212,12/6/2013,20:20:00,1,Collision with vehicle,6,Friday,133,LANE SIDE SWIPE (VEHICLES IN PARALLEL LANES),3,265944,2,0,0,1,2,3,1,5,Not at intersection,3,60,Arterial Other,40-49,Other injury,Bicyclists
T20130025216,12/6/2013,22:40:00,1,Collision with vehicle,6,Friday,160,VEHICLE COLLIDES WITH VEHICLE PARKED ON LEFT OF ROAD,3,266659,3,0,0,1,1,2,1,5,Not at intersection,3,50,Arterial Other,26-29,Other injury,Bicyclists
T20130025227,10/4/2013,9:00:00,5,collision with some other object,6,Friday,166,STRUCK OBJECT ON CARRIAGEWAY,1,81538,1,0,0,1,0,1,2,5,Not at intersection,3,50,Arterial Other,50-59,Other injury,Bicyclists
T20130025234,12/7/2013,9:07:00,1,Collision with vehicle,7,Saturday,130,REAR END(VEHICLES IN SAME LANE),1,267790,2,0,1,0,1,2,9,5,Not at intersection,2,100,Local Road,60-64,Serious injury,Bicyclists
T20130025286,12/8/2013,7:00:00,1,Collision with vehicle,1,Sunday,116,LEFT NEAR (INTERSECTIONS ONLY),1,35886,2,0,0,1,1,2,1,2,T intersection,3,70,Arterial Other,60-64,Other injury,Bicyclists
T20130025295,12/8/2013,10:10:00,1,Collision with vehicle,1,Sunday,137,LEFT TURN SIDESWIPE,1,36180,2,0,0,1,1,2,2,2,T intersection,3,60,Uknown,40-49,Other injury,Bicyclists
T20130025301,12/8/2013,11:50:00,1,Collision with vehicle,1,Sunday,121,RIGHT THROUGH,1,37492,2,0,0,1,1,2,1,1,Cross intersection,3,60,Arterial Other,26-29,Other injury,Bicyclists
T20130025311,12/8/2013,13:35:00,1,Collision with vehicle,1,Sunday,116,LEFT NEAR (INTERSECTIONS ONLY),1,265982,2,0,0,1,1,2,1,2,T intersection,3,50,Local Road,70+,Other injury,Bicyclists
T20130025369,9/13/2013,19:00:00,8,No collision and no object struck,6,Friday,174,OUT OF CONTROL ON CARRIAGEWAY (ON STRAIGHT),3,81020,2,0,0,1,1,2,2,5,Not at intersection,3,40,Local Road,30-39,Other injury,Bicyclists
T20130025376,12/9/2013,9:20:00,1,Collision with vehicle,2,Monday,121,RIGHT THROUGH,1,57501,2,0,0,2,0,2,2,2,T intersection,3,60,Arterial Other,40-49,Other injury,Bicyclists
T20130025393,12/4/2013,18:20:00,1,Collision with vehicle,4,Wednesday,163,VEHICLE STRIKES DOOR OF PARKED/STATIONARY VEHICLE,1,37709,2,0,0,1,1,2,2,2,T intersection,3,40,Arterial Other,30-39,Other injury,Bicyclists
T20130025441,12/10/2013,7:20:00,1,Collision with vehicle,3,Tuesday,137,LEFT TURN SIDESWIPE,1,29421,2,0,1,0,1,2,1,1,Cross intersection,2,70,Arterial Other,30-39,Serious injury,Bicyclists
T20130025451,12/10/2013,8:20:00,1,Collision with vehicle,3,Tuesday,147,VEHICLE STRIKES ANOTHER VEH WHILE EMERGING FROM DRIVEWAY,1,266078,2,0,0,1,1,2,2,5,Not at intersection,3,999,Arterial Highway,30-39,Other injury,Bicyclists
T20130025469,11/15/2013,18:30:00,4,Collision with a fixed object,6,Friday,181,OFF RIGHT BEND INTO OBJECT/PARKED VEHICLE,1,265986,2,0,0,1,1,2,2,5,Not at intersection,3,60,Uknown,40-49,Other injury,Bicyclists
T20130025493,12/10/2013,11:00:00,1,Collision with vehicle,3,Tuesday,148,VEHICLE OFF FOOTPATH STRIKES VEH ON CARRIAGEWAY,1,51389,2,0,0,1,1,2,2,1,Cross intersection,3,40,Uknown,16-17,Other injury,Bicyclists
T20130025499,12/10/2013,18:02:00,1,Collision with vehicle,3,Tuesday,136,RIGHT TURN SIDESWIPE,1,36882,2,0,0,1,1,2,1,1,Cross intersection,3,40,Local Road,40-49,Other injury,Bicyclists
T20130025502,12/10/2013,19:15:00,2,Struck Pedestrian,3,Tuesday,106,VEH STRIKES PED ON FOOTPATH/MEDIAN/TRAFFIC ISLAND.,5,45763,1,0,1,1,0,2,2,2,T intersection,2,60,Arterial Other,60-64,Serious injury,Bicyclists
T20130025506,12/10/2013,22:30:00,1,Collision with vehicle,3,Tuesday,121,RIGHT THROUGH,3,62290,2,0,0,1,1,2,1,2,T intersection,3,50,Local Road,40-49,Other injury,Bicyclists
T20130025519,12/11/2013,8:15:00,1,Collision with vehicle,4,Wednesday,148,VEHICLE OFF FOOTPATH STRIKES VEH ON CARRIAGEWAY,1,38806,2,0,2,0,0,2,1,1,Cross intersection,2,50,Arterial Highway,40-49,Serious injury,Bicyclists
T20130025527,12/10/2013,17:30:00,1,Collision with vehicle,2,Tuesday,133,LANE SIDE SWIPE (VEHICLES IN PARALLEL LANES),1,29542,2,0,0,1,1,2,2,1,Cross intersection,3,40,Arterial Other,30-39,Other injury,Bicyclists
T20130025557,12/11/2013,17:20:00,1,Collision with vehicle,4,Wednesday,110,CROSS TRAFFIC(INTERSECTIONS ONLY),1,69312,2,0,0,1,1,2,1,1,Cross intersection,3,50,Local Road,40-49,Other injury,Bicyclists
T20130025574,12/11/2013,21:10:00,1,Collision with vehicle,4,Wednesday,110,CROSS TRAFFIC(INTERSECTIONS ONLY),3,45578,2,0,1,0,1,2,1,1,Cross intersection,2,50,Local Road,40-49,Serious injury,Bicyclists
T20130025592,9/13/2013,5:30:00,1,Collision with vehicle,6,Friday,148,VEHICLE OFF FOOTPATH STRIKES VEH ON CARRIAGEWAY,9,64431,2,0,0,1,1,2,2,1,Cross intersection,3,50,Local Road,30-39,Other injury,Bicyclists
T20130025597,12/12/2013,8:45:00,1,Collision with vehicle,5,Thursday,147,VEHICLE STRIKES ANOTHER VEH WHILE EMERGING FROM DRIVEWAY,1,265285,2,0,0,1,1,2,1,5,Not at intersection,3,888,Local Road,45424,Other injury,Bicyclists
T20130025611,12/12/2013,8:26:00,1,Collision with vehicle,5,Thursday,121,RIGHT THROUGH,1,36720,2,0,0,1,1,2,1,2,T intersection,3,40,Local Road,22-25,Other injury,Bicyclists
T20130025638,12/12/2013,18:30:00,1,Collision with vehicle,5,Thursday,110,CROSS TRAFFIC(INTERSECTIONS ONLY),1,71059,2,0,0,1,1,2,2,1,Cross intersection,3,999,Arterial Other,30-39,Other injury,Bicyclists
T20130025663,11/3/2013,7:00:00,1,Collision with vehicle,0,Sunday,160,VEHICLE COLLIDES WITH VEHICLE PARKED ON LEFT OF ROAD,2,279069,2,0,0,1,0,1,2,5,Not at intersection,3,50,Local Road,30-39,Other injury,Bicyclists
T20130025670,12/13/2013,11:50:00,1,Collision with vehicle,6,Friday,148,VEHICLE OFF FOOTPATH STRIKES VEH ON CARRIAGEWAY,1,266106,2,0,0,1,1,2,1,5,Not at intersection,3,50,Local Road,26-29,Other injury,Bicyclists
T20130025697,12/12/2013,17:00:00,1,Collision with vehicle,5,Thursday,121,RIGHT THROUGH,1,36622,2,0,0,1,1,2,2,1,Cross intersection,3,40,Local Road,30-39,Other injury,Bicyclists
T20130025741,12/14/2013,7:40:00,1,Collision with vehicle,7,Saturday,110,CROSS TRAFFIC(INTERSECTIONS ONLY),1,45517,2,0,1,0,1,2,1,1,Cross intersection,2,70,Uknown,40-49,Serious injury,Bicyclists
T20130025749,12/14/2013,8:54:00,1,Collision with vehicle,7,Saturday,148,VEHICLE OFF FOOTPATH STRIKES VEH ON CARRIAGEWAY,1,35744,2,0,0,1,3,4,1,1,Cross intersection,3,50,Arterial Other,16-17,Other injury,Bicyclists
T20130025752,12/14/2013,9:30:00,1,Collision with vehicle,7,Saturday,139,OTHER SAME DIRECTION-MANOUEVRES NOT INCLUDED IN DCAs 130-137,1,272549,4,0,0,4,0,4,1,5,Not at intersection,3,100,Local Road,60-64,Other injury,Bicyclists
T20130025757,12/14/2013,12:25:00,1,Collision with vehicle,7,Saturday,130,REAR END(VEHICLES IN SAME LANE),1,266119,5,0,0,2,5,7,1,5,Not at intersection,3,60,Arterial Other,60-64,Not injured,Bicyclists
T20130025759,12/14/2013,13:30:00,1,Collision with vehicle,7,Saturday,147,VEHICLE STRIKES ANOTHER VEH WHILE EMERGING FROM DRIVEWAY,1,265305,2,0,1,0,1,2,1,5,Not at intersection,2,50,Local Road,45424,Serious injury,Bicyclists
T20130025778,12/14/2013,16:15:00,1,Collision with vehicle,7,Saturday,134,LANE CHANGE RIGHT (NOT OVERTAKING),1,266122,2,0,0,1,1,2,1,5,Not at intersection,3,50,Local Road,13-15,Other injury,Bicyclists
T20130025783,12/14/2013,19:00:00,1,Collision with vehicle,7,Saturday,121,RIGHT THROUGH,2,55902,2,0,1,0,1,2,1,2,T intersection,2,50,Local Road,26-29,Serious injury,Bicyclists
T20130025821,12/15/2013,5:45:00,1,Collision with vehicle,1,Sunday,113,RIGHT NEAR (INTERSECTIONS ONLY),3,41762,2,0,0,1,1,2,2,2,T intersection,3,50,Arterial Highway,40-49,Other injury,Bicyclists
T20130025831,12/15/2013,12:30:00,1,Collision with vehicle,1,Sunday,147,VEHICLE STRIKES ANOTHER VEH WHILE EMERGING FROM DRIVEWAY,1,269749,2,0,1,0,1,2,1,5,Not at intersection,2,40,Arterial Other,18-21,Serious injury,Bicyclists
T20130025858,12/13/2013,17:00:00,1,Collision with vehicle,6,Friday,163,VEHICLE STRIKES DOOR OF PARKED/STATIONARY VEHICLE,2,53249,2,0,0,1,1,2,2,2,T intersection,3,50,Local Road,30-39,Other injury,Bicyclists
T20130025864,12/15/2013,16:55:00,1,Collision with vehicle,1,Sunday,133,LANE SIDE SWIPE (VEHICLES IN PARALLEL LANES),1,45825,2,0,0,1,1,2,1,4,Multiple intersection,3,40,Local Road,60-64,Other injury,Bicyclists
T20130025868,12/10/2013,16:38:00,1,Collision with vehicle,3,Tuesday,163,VEHICLE STRIKES DOOR OF PARKED/STATIONARY VEHICLE,9,37219,2,0,0,1,1,2,2,1,Cross intersection,3,999,Arterial Other,22-25,Other injury,Bicyclists
T20130025882,12/16/2013,9:40:00,1,Collision with vehicle,2,Monday,163,VEHICLE STRIKES DOOR OF PARKED/STATIONARY VEHICLE,1,266162,2,0,0,2,0,2,1,5,Not at intersection,3,60,Arterial Other,40-49,Other injury,Bicyclists
T20130025900,7/26/2013,17:30:00,1,Collision with vehicle,6,Friday,121,RIGHT THROUGH,2,35344,2,0,0,1,1,2,2,2,T intersection,3,50,Arterial Other,22-25,Other injury,Bicyclists
T20130025902,12/16/2013,14:00:00,5,collision with some other object,2,Monday,166,STRUCK OBJECT ON CARRIAGEWAY,1,265362,1,0,1,0,0,1,2,5,Not at intersection,2,60,Arterial Other,30-39,Serious injury,Bicyclists
T20130025909,11/19/2013,10:30:00,1,Collision with vehicle,3,Tuesday,148,VEHICLE OFF FOOTPATH STRIKES VEH ON CARRIAGEWAY,1,266166,2,0,0,1,1,2,2,2,T intersection,3,50,Arterial Other,70+,Other injury,Bicyclists
T20130025914,12/12/2013,14:00:00,1,Collision with vehicle,5,Thursday,113,RIGHT NEAR (INTERSECTIONS ONLY),1,40534,2,0,0,1,1,2,2,1,Cross intersection,3,60,Arterial Other,26-29,Other injury,Bicyclists
T20130025915,12/16/2013,15:45:00,1,Collision with vehicle,2,Monday,121,RIGHT THROUGH,1,36658,2,0,0,1,1,2,1,1,Cross intersection,3,50,Local Road,30-39,Other injury,Bicyclists
T20130025923,12/16/2013,17:55:00,1,Collision with vehicle,2,Monday,163,VEHICLE STRIKES DOOR OF PARKED/STATIONARY VEHICLE,1,266190,2,0,1,0,1,2,1,5,Not at intersection,2,60,Arterial Other,30-39,Serious injury,Bicyclists
T20130025942,12/11/2013,12:20:00,1,Collision with vehicle,4,Wednesday,147,VEHICLE STRIKES ANOTHER VEH WHILE EMERGING FROM DRIVEWAY,1,272874,2,0,0,1,1,2,2,5,Not at intersection,3,70,Arterial Highway,40-49,Other injury,Bicyclists
T20130025964,12/17/2013,8:00:00,1,Collision with vehicle,3,Tuesday,113,RIGHT NEAR (INTERSECTIONS ONLY),1,37779,2,0,1,0,1,2,1,2,T intersection,2,40,Local Road,30-39,Serious injury,Bicyclists
T20130025984,12/16/2013,20:20:00,1,Collision with vehicle,2,Monday,116,LEFT NEAR (INTERSECTIONS ONLY),2,574,2,0,0,1,2,3,1,1,Cross intersection,3,50,Local Road,30-39,Other injury,Bicyclists
T20130025994,12/17/2013,16:43:00,1,Collision with vehicle,3,Tuesday,152,PULLING OUT (OVERTAKING),1,266193,2,0,0,1,1,2,1,5,Not at intersection,3,40,Local Road,16-17,Other injury,Bicyclists
T20130026008,12/17/2013,17:32:00,1,Collision with vehicle,3,Tuesday,137,LEFT TURN SIDESWIPE,1,37026,2,0,0,1,1,2,1,1,Cross intersection,3,50,Local Road,30-39,Other injury,Bicyclists
T20130026009,12/17/2013,19:30:00,1,Collision with vehicle,3,Tuesday,110,CROSS TRAFFIC(INTERSECTIONS ONLY),2,38544,2,0,1,0,1,2,1,1,Cross intersection,2,60,Local Road,50-59,Serious injury,Bicyclists
T20130026028,12/18/2013,7:00:00,1,Collision with vehicle,4,Wednesday,130,REAR END(VEHICLES IN SAME LANE),1,41088,2,0,1,0,1,2,2,2,T intersection,2,50,Local Road,40-49,Serious injury,Bicyclists
T20130026029,12/18/2013,8:03:00,1,Collision with vehicle,4,Wednesday,135,LANE CHANGE LEFT (NOT OVERTAKING),1,266200,2,0,0,1,2,3,1,5,Not at intersection,3,60,Arterial Other,40-49,Other injury,Bicyclists
T20130026038,12/17/2013,19:00:00,1,Collision with vehicle,3,Tuesday,160,VEHICLE COLLIDES WITH VEHICLE PARKED ON LEFT OF ROAD,1,265634,2,0,1,0,0,1,2,5,Not at intersection,2,50,Local Road,16-17,Serious injury,Bicyclists
T20130026042,12/7/2013,9:40:00,8,No collision and no object struck,7,Saturday,174,OUT OF CONTROL ON CARRIAGEWAY (ON STRAIGHT),1,266141,2,0,0,1,1,2,2,5,Not at intersection,3,60,Uknown,50-59,Other injury,Bicyclists
T20130026050,12/15/2013,7:10:00,1,Collision with vehicle,1,Sunday,163,VEHICLE STRIKES DOOR OF PARKED/STATIONARY VEHICLE,1,270240,2,0,0,1,1,2,2,5,Not at intersection,3,40,Local Road,26-29,Other injury,Bicyclists
T20130026067,11/8/2013,8:15:00,1,Collision with vehicle,6,Friday,147,VEHICLE STRIKES ANOTHER VEH WHILE EMERGING FROM DRIVEWAY,1,265459,2,0,0,1,1,2,2,5,Not at intersection,3,50,Local Road,45424,Other injury,Bicyclists
T20130026095,12/18/2013,19:15:00,1,Collision with vehicle,4,Wednesday,121,RIGHT THROUGH,2,67377,2,0,1,0,1,2,1,2,T intersection,2,60,Arterial Other,30-39,Serious injury,Bicyclists
T20130026102,12/18/2013,16:00:00,1,Collision with vehicle,4,Wednesday,133,LANE SIDE SWIPE (VEHICLES IN PARALLEL LANES),1,267779,2,0,0,1,1,2,2,5,Not at intersection,3,60,Uknown,16-17,Other injury,Bicyclists
T20130026129,12/19/2013,8:44:00,1,Collision with vehicle,5,Thursday,121,RIGHT THROUGH,1,36483,2,0,0,1,1,2,1,1,Cross intersection,3,60,Arterial Other,26-29,Other injury,Bicyclists
T20130026134,12/18/2013,19:20:00,1,Collision with vehicle,4,Wednesday,137,LEFT TURN SIDESWIPE,2,272910,2,0,0,1,1,2,1,2,T intersection,3,60,Arterial Other,60-64,Other injury,Bicyclists
T20130026135,12/19/2013,12:00:00,1,Collision with vehicle,5,Thursday,147,VEHICLE STRIKES ANOTHER VEH WHILE EMERGING FROM DRIVEWAY,1,272875,2,0,0,1,1,2,1,5,Not at intersection,3,60,Uknown,45424,Other injury,Bicyclists
T20130026173,12/19/2013,16:00:00,1,Collision with vehicle,5,Thursday,121,RIGHT THROUGH,1,63973,3,0,0,1,2,3,2,2,T intersection,3,50,Local Road,22-25,Other injury,Bicyclists
T20130026213,12/20/2013,7:45:00,1,Collision with vehicle,5,Friday,116,LEFT NEAR (INTERSECTIONS ONLY),1,11603,2,0,0,1,1,2,1,4,Multiple intersection,3,60,Freeway,50-59,Other injury,Bicyclists
T20130026221,12/19/2013,22:45:00,1,Collision with vehicle,4,Thursday,133,LANE SIDE SWIPE (VEHICLES IN PARALLEL LANES),6,36336,2,0,0,1,1,2,2,2,T intersection,3,50,Local Road,30-39,Other injury,Bicyclists
T20130026238,12/10/2013,18:15:00,1,Collision with vehicle,3,Tuesday,137,LEFT TURN SIDESWIPE,1,56670,2,0,0,1,1,2,2,2,T intersection,3,60,Arterial Other,26-29,Other injury,Bicyclists
T20130026241,12/20/2013,12:00:00,1,Collision with vehicle,5,Friday,137,LEFT TURN SIDESWIPE,9,36832,2,0,0,1,1,2,2,2,T intersection,3,60,Uknown,50-59,Other injury,Bicyclists
T20130026283,12/19/2013,17:30:00,1,Collision with vehicle,5,Thursday,163,VEHICLE STRIKES DOOR OF PARKED/STATIONARY VEHICLE,1,266273,2,0,0,1,1,2,2,5,Not at intersection,3,40,Arterial Other,30-39,Other injury,Bicyclists
T20130026297,12/21/2013,9:00:00,1,Collision with vehicle,7,Saturday,121,RIGHT THROUGH,1,37712,2,0,1,0,1,2,1,2,T intersection,2,60,Arterial Other,40-49,Serious injury,Bicyclists
T20130026302,12/21/2013,9:30:00,1,Collision with vehicle,7,Saturday,116,LEFT NEAR (INTERSECTIONS ONLY),1,38533,2,0,1,0,1,2,1,2,T intersection,2,50,Local Road,70+,Serious injury,Bicyclists
T20130026355,12/21/2013,22:53:00,1,Collision with vehicle,7,Saturday,130,REAR END(VEHICLES IN SAME LANE),3,266307,2,0,0,1,1,2,1,5,Not at intersection,3,60,Local Road,30-39,Other injury,Bicyclists
T20130026364,12/22/2013,8:50:00,1,Collision with vehicle,1,Sunday,110,CROSS TRAFFIC(INTERSECTIONS ONLY),1,48237,2,0,0,1,1,2,1,1,Cross intersection,3,50,Local Road,40-49,Other injury,Bicyclists
T20130026365,12/22/2013,9:20:00,1,Collision with vehicle,1,Sunday,110,CROSS TRAFFIC(INTERSECTIONS ONLY),1,49535,2,0,0,1,1,2,2,1,Cross intersection,3,50,Uknown,45424,Other injury,Bicyclists
T20130026387,12/12/2013,17:05:00,1,Collision with vehicle,5,Thursday,137,LEFT TURN SIDESWIPE,1,36398,2,0,0,1,1,2,2,2,T intersection,3,50,Local Road,26-29,Other injury,Bicyclists
T20130026424,12/23/2013,8:10:00,1,Collision with vehicle,2,Monday,113,RIGHT NEAR (INTERSECTIONS ONLY),1,40438,2,0,1,0,1,2,1,2,T intersection,2,60,Arterial Highway,40-49,Serious injury,Bicyclists
T20130026426,12/23/2013,9:00:00,1,Collision with vehicle,2,Monday,120,HEAD ON (NOT OVERTAKING),1,266344,2,0,0,1,1,2,2,5,Not at intersection,3,70,Local Road,30-39,Other injury,Bicyclists
T20130026443,12/17/2013,17:20:00,1,Collision with vehicle,3,Tuesday,148,VEHICLE OFF FOOTPATH STRIKES VEH ON CARRIAGEWAY,1,266196,2,0,0,2,0,2,1,5,Not at intersection,3,70,Local Road,22-25,Other injury,Bicyclists