ACCIDENT_NO,ACCIDENT_DATE,ACCIDENT_TIME,ACCIDENT_TYPE,ACCIDENT_TYPE_DESC,DAY_OF_WEEK,DAY_WEEK_DESC,DCA_CODE,DCA_DESC,LIGHT_CONDITION,NODE_ID,NO_OF_VEHICLES,NO_PERSONS_KILLED,NO_PERSONS_INJ_2,NO_PERSONS_INJ_3,NO_PERSONS_NOT_INJ,NO_PERSONS,POLICE_ATTEND,ROAD_GEOMETRY,ROAD_GEOMETRY_DESC,SEVERITY,SPEED_ZONE,RMA,AGE_GROUP,INJ_LEVEL,ROAD_USER_TYPE_DESC
T20130026444,12/22/2013,11:59:00,1,Collision with vehicle,1,Sunday,121,RIGHT THROUGH,1,35589,2,0,0,1,1,2,1,1,Cross intersection,3,60,Local Road,18-21,Other injury,Bicyclists
T20130026468,12/20/2013,15:45:00,1,Collision with vehicle,6,Friday,130,REAR END(VEHICLES IN SAME LANE),1,266527,2,0,1,0,1,2,1,5,Not at intersection,2,60,Arterial Other,40-49,Serious injury,Bicyclists
T20130026485,12/24/2013,4:55:00,1,Collision with vehicle,3,Tuesday,137,LEFT TURN SIDESWIPE,2,35330,2,0,1,0,1,2,1,2,T intersection,2,60,Arterial Highway,40-49,Serious injury,Bicyclists
T20130026596,12/24/2013,11:10:00,1,Collision with vehicle,3,Tuesday,121,RIGHT THROUGH,1,266380,2,0,0,1,1,2,1,5,Not at intersection,3,999,Arterial Other,26-29,Other injury,Bicyclists
T20130026622,12/24/2013,13:30:00,4,Collision with a fixed object,3,Tuesday,179,OTHER ACCIDENTS-OFF STRAIGHT NOT INCLUDED IN DCAs 170-175,1,266381,1,0,0,1,0,1,1,5,Not at intersection,3,40,Local Road,30-39,Other injury,Bicyclists
T20130026625,12/26/2013,10:10:00,1,Collision with vehicle,5,Thursday,121,RIGHT THROUGH,1,42809,2,0,1,0,2,3,2,2,T intersection,2,60,Arterial Other,50-59,Serious injury,Bicyclists
T20130026667,12/26/2013,20:45:00,1,Collision with vehicle,5,Thursday,113,RIGHT NEAR (INTERSECTIONS ONLY),6,50344,2,0,0,1,1,2,1,2,T intersection,3,70,Uknown,60-64,Other injury,Bicyclists
T20130026696,12/27/2013,13:11:00,1,Collision with vehicle,6,Friday,110,CROSS TRAFFIC(INTERSECTIONS ONLY),1,29903,2,0,0,1,1,2,1,1,Cross intersection,3,60,Arterial Other,26-29,Other injury,Bicyclists
T20130026773,12/28/2013,11:55:00,1,Collision with vehicle,7,Saturday,120,HEAD ON (NOT OVERTAKING),1,265856,2,0,1,0,2,3,1,5,Not at intersection,2,80,Uknown,30-39,Serious injury,Bicyclists
T20130026798,12/29/2013,9:15:00,1,Collision with vehicle,1,Sunday,132,RIGHT REAR.,1,266436,3,0,0,1,3,4,1,5,Not at intersection,3,60,Arterial Other,26-29,Not injured,Bicyclists
T20130026799,12/29/2013,10:00:00,8,No collision and no object struck,1,Sunday,170,OFF CARRIAGEWAY TO LEFT,1,42072,2,0,1,0,1,2,1,1,Cross intersection,2,60,Arterial Other,30-39,Serious injury,Bicyclists
T20130026826,12/29/2013,20:40:00,1,Collision with vehicle,1,Sunday,121,RIGHT THROUGH,2,36715,2,0,0,1,1,2,1,1,Cross intersection,3,50,Local Road,22-25,Other injury,Bicyclists
T20130026840,12/29/2013,9:57:00,1,Collision with vehicle,1,Sunday,121,RIGHT THROUGH,1,53192,2,0,1,1,0,2,1,2,T intersection,2,50,Local Road,30-39,Serious injury,Bicyclists
T20130026843,12/30/2013,7:30:00,1,Collision with vehicle,2,Monday,133,LANE SIDE SWIPE (VEHICLES IN PARALLEL LANES),1,273686,2,0,0,1,1,2,2,5,Not at intersection,3,60,Local Road,40-49,Other injury,Bicyclists
T20130026849,12/12/2013,17:20:00,8,No collision and no object struck,5,Thursday,174,OUT OF CONTROL ON CARRIAGEWAY (ON STRAIGHT),1,35338,2,0,0,1,1,2,2,1,Cross intersection,3,60,Arterial Highway,40-49,Other injury,Bicyclists
T20130026851,12/30/2013,8:45:00,1,Collision with vehicle,2,Monday,135,LANE CHANGE LEFT (NOT OVERTAKING),1,266455,2,0,0,1,1,2,1,5,Not at intersection,3,80,Arterial Highway,40-49,Other injury,Bicyclists
T20130026918,12/24/2013,10:30:00,1,Collision with vehicle,3,Tuesday,163,VEHICLE STRIKES DOOR OF PARKED/STATIONARY VEHICLE,1,266382,2,0,1,0,1,2,2,5,Not at intersection,2,60,Arterial Other,60-64,Serious injury,Bicyclists
T20130026935,12/31/2013,14:30:00,1,Collision with vehicle,3,Tuesday,110,CROSS TRAFFIC(INTERSECTIONS ONLY),1,36588,2,0,0,1,2,3,1,1,Cross intersection,3,50,Local Road,65-69,Other injury,Bicyclists
T20140000020,1/1/2014,10:20:00,1,Collision with vehicle,4,Wednesday,111,RIGHT FAR (INTERSECTIONS ONLY),1,266484,2,0,1,0,2,3,1,2,T intersection,2,100,Arterial Other,70+,Serious injury,Bicyclists
T20140000067,12/10/2013,20:20:00,1,Collision with vehicle,2,Tuesday,111,RIGHT FAR (INTERSECTIONS ONLY),2,39144,2,0,0,1,1,2,2,1,Cross intersection,3,60,Local Road,18-21,Other injury,Bicyclists
T20140000080,12/30/2013,14:50:00,1,Collision with vehicle,2,Monday,143,ENTERING PARKING,1,51110,2,0,0,1,1,2,1,1,Cross intersection,3,50,Arterial Highway,26-29,Other injury,Bicyclists
T20140000083,12/31/2013,15:30:00,8,No collision and no object struck,3,Tuesday,182,OFF CARRIAGEWAY ON LEFT BEND,1,266157,2,0,0,1,1,2,2,5,Not at intersection,3,999,Arterial Other,Unknown,Other injury,Bicyclists
T20140000091,1/2/2014,10:30:00,1,Collision with vehicle,5,Thursday,113,RIGHT NEAR (INTERSECTIONS ONLY),1,266512,2,0,0,1,1,2,1,3,Y intersection,3,50,Uknown,26-29,Other injury,Bicyclists
T20140000103,12/30/2013,14:30:00,1,Collision with vehicle,2,Monday,163,VEHICLE STRIKES DOOR OF PARKED/STATIONARY VEHICLE,1,213890,2,0,0,1,1,2,2,5,Not at intersection,3,40,Arterial Other,30-39,Other injury,Bicyclists
T20140000116,1/2/2014,18:40:00,3,Struck animal,5,Thursday,167,STRUCK ANIMAL,1,169,1,0,1,0,0,1,1,1,Cross intersection,2,70,Arterial Highway,30-39,Serious injury,Bicyclists
T20140000125,1/2/2014,19:04:00,1,Collision with vehicle,5,Thursday,147,VEHICLE STRIKES ANOTHER VEH WHILE EMERGING FROM DRIVEWAY,2,267047,2,0,1,0,1,2,1,5,Not at intersection,2,50,Local Road,60-64,Serious injury,Bicyclists
T20140000127,1/2/2014,17:30:00,1,Collision with vehicle,5,Thursday,110,CROSS TRAFFIC(INTERSECTIONS ONLY),1,304382,2,0,0,1,1,2,2,1,Cross intersection,3,70,Arterial Other,22-25,Other injury,Bicyclists
T20140000147,1/1/2014,15:30:00,8,No collision and no object struck,4,Wednesday,184,OUT OF CONTROL ON CARRIAGEWAY (ON BEND),1,269753,2,0,0,1,1,2,2,5,Not at intersection,3,60,Arterial Other,40-49,Other injury,Bicyclists
T20140000168,12/18/2013,19:20:00,1,Collision with vehicle,4,Wednesday,121,RIGHT THROUGH,2,243920,2,0,0,1,1,2,2,2,T intersection,3,60,Arterial Other,40-49,Other injury,Bicyclists
T20140000172,4/20/2013,12:30:00,1,Collision with vehicle,7,Saturday,160,VEHICLE COLLIDES WITH VEHICLE PARKED ON LEFT OF ROAD,1,65588,2,0,0,1,0,1,2,1,Cross intersection,3,50,Local Road,30-39,Other injury,Bicyclists
T20140000211,1/1/2014,9:30:00,1,Collision with vehicle,4,Wednesday,140,U TURN,1,267053,2,0,0,1,1,2,1,5,Not at intersection,3,60,Arterial Other,30-39,Other injury,Bicyclists
T20140000223,1/4/2014,14:15:00,1,Collision with vehicle,7,Saturday,121,RIGHT THROUGH,1,266552,2,0,0,1,1,2,1,2,T intersection,3,50,Local Road,30-39,Other injury,Bicyclists
T20140000235,1/1/2014,11:00:00,1,Collision with vehicle,4,Wednesday,147,VEHICLE STRIKES ANOTHER VEH WHILE EMERGING FROM DRIVEWAY,1,266508,2,0,1,0,1,2,2,5,Not at intersection,2,60,Local Road,30-39,Serious injury,Bicyclists
T20140000267,1/5/2014,9:00:00,1,Collision with vehicle,1,Sunday,113,RIGHT NEAR (INTERSECTIONS ONLY),1,49278,2,0,1,0,1,2,1,1,Cross intersection,2,60,Local Road,30-39,Serious injury,Bicyclists
T20140000307,1/5/2014,21:00:00,1,Collision with vehicle,1,Sunday,116,LEFT NEAR (INTERSECTIONS ONLY),3,266568,2,0,0,1,1,2,1,2,T intersection,3,50,Local Road,16-17,Other injury,Bicyclists
T20140000323,1/6/2014,9:15:00,1,Collision with vehicle,2,Monday,147,VEHICLE STRIKES ANOTHER VEH WHILE EMERGING FROM DRIVEWAY,1,266571,2,0,0,1,1,2,1,5,Not at intersection,3,60,Arterial Highway,70+,Other injury,Bicyclists
T20140000329,1/6/2014,12:00:00,8,No collision and no object struck,2,Monday,174,OUT OF CONTROL ON CARRIAGEWAY (ON STRAIGHT),1,266175,1,0,1,0,0,1,1,2,T intersection,2,60,Arterial Other,65-69,Serious injury,Bicyclists
T20140000349,1/6/2014,8:35:00,1,Collision with vehicle,2,Monday,121,RIGHT THROUGH,1,35347,2,0,0,1,1,2,2,2,T intersection,3,40,Arterial Other,22-25,Other injury,Bicyclists
T20140000377,1/7/2014,7:15:00,1,Collision with vehicle,3,Tuesday,130,REAR END(VEHICLES IN SAME LANE),1,41744,2,0,1,0,1,2,2,2,T intersection,2,70,Arterial Other,22-25,Serious injury,Bicyclists
T20140000386,1/7/2014,11:45:00,1,Collision with vehicle,3,Tuesday,110,CROSS TRAFFIC(INTERSECTIONS ONLY),1,57677,2,0,0,1,1,2,1,1,Cross intersection,3,60,Local Road,40-49,Other injury,Bicyclists
T20140000400,1/7/2014,15:15:00,1,Collision with vehicle,3,Tuesday,140,U TURN,1,266585,2,0,1,0,1,2,1,5,Not at intersection,2,50,Local Road,22-25,Serious injury,Bicyclists
T20140000417,1/7/2014,17:30:00,1,Collision with vehicle,3,Tuesday,121,RIGHT THROUGH,9,36505,2,0,0,1,1,2,2,2,T intersection,3,40,Local Road,22-25,Other injury,Bicyclists
T20140000426,1/7/2014,8:50:00,1,Collision with vehicle,3,Tuesday,110,CROSS TRAFFIC(INTERSECTIONS ONLY),1,52897,2,0,0,1,1,2,2,1,Cross intersection,3,60,Arterial Other,40-49,Other injury,Bicyclists
T20140000427,1/7/2014,15:00:00,8,No collision and no object struck,3,Tuesday,174,OUT OF CONTROL ON CARRIAGEWAY (ON STRAIGHT),1,121939,2,0,1,0,1,2,2,5,Not at intersection,2,60,Arterial Other,50-59,Serious injury,Bicyclists
T20140000431,11/25/2013,8:15:00,8,No collision and no object struck,2,Monday,174,OUT OF CONTROL ON CARRIAGEWAY (ON STRAIGHT),1,279341,2,0,0,1,1,2,2,5,Not at intersection,3,50,Arterial Highway,70+,Other injury,Bicyclists
T20140000437,1/8/2014,11:25:00,1,Collision with vehicle,4,Wednesday,147,VEHICLE STRIKES ANOTHER VEH WHILE EMERGING FROM DRIVEWAY,1,267115,3,0,0,2,1,3,1,5,Not at intersection,3,50,Uknown,40-49,Other injury,Bicyclists
T20140000468,1/5/2014,21:00:00,1,Collision with vehicle,1,Sunday,137,LEFT TURN SIDESWIPE,2,37956,2,0,0,1,1,2,2,2,T intersection,3,40,Local Road,26-29,Other injury,Bicyclists
T20140000475,1/8/2014,19:50:00,9,Other accident,4,Wednesday,139,OTHER SAME DIRECTION-MANOUEVRES NOT INCLUDED IN DCAs 130-137,2,41088,2,0,1,0,1,2,1,2,T intersection,2,50,Local Road,22-25,Serious injury,Bicyclists
T20140000499,1/9/2014,7:40:00,1,Collision with vehicle,5,Thursday,121,RIGHT THROUGH,1,39160,2,0,0,1,1,2,1,2,T intersection,3,60,Arterial Other,30-39,Other injury,Bicyclists
T20140000514,1/8/2014,20:55:00,8,No collision and no object struck,4,Wednesday,172,OFF CARRIAGEWAY TO RIGHT,2,38655,2,0,0,1,1,2,2,2,T intersection,3,50,Local Road,30-39,Other injury,Bicyclists
T20140000519,1/9/2014,10:35:00,1,Collision with vehicle,5,Thursday,121,RIGHT THROUGH,1,73266,2,0,0,1,2,3,1,2,T intersection,3,80,Local Road,65-69,Other injury,Bicyclists
T20140000522,1/2/2014,19:10:00,8,No collision and no object struck,5,Thursday,170,OFF CARRIAGEWAY TO LEFT,1,65851,2,0,0,1,1,2,2,1,Cross intersection,3,60,Arterial Other,40-49,Other injury,Bicyclists
T20140000524,1/8/2014,17:20:00,1,Collision with vehicle,4,Wednesday,163,VEHICLE STRIKES DOOR OF PARKED/STATIONARY VEHICLE,9,45628,2,0,0,1,2,3,2,1,Cross intersection,3,40,Arterial Other,22-25,Other injury,Bicyclists
T20140000538,1/9/2014,17:30:00,8,No collision and no object struck,5,Thursday,174,OUT OF CONTROL ON CARRIAGEWAY (ON STRAIGHT),1,269910,2,0,0,1,1,2,1,5,Not at intersection,3,50,Uknown,40-49,Other injury,Bicyclists
T20140000541,1/8/2014,17:20:00,1,Collision with vehicle,4,Wednesday,163,VEHICLE STRIKES DOOR OF PARKED/STATIONARY VEHICLE,1,266622,2,0,0,1,1,2,2,5,Not at intersection,3,60,Arterial Other,40-49,Other injury,Bicyclists
T20140000544,1/9/2014,16:17:00,1,Collision with vehicle,5,Thursday,160,VEHICLE COLLIDES WITH VEHICLE PARKED ON LEFT OF ROAD,1,36888,3,0,0,1,1,2,1,1,Cross intersection,3,40,Local Road,30-39,Other injury,Bicyclists
T20140000548,1/9/2014,15:55:00,4,Collision with a fixed object,5,Thursday,183,OFF LEFT BEND INTO OBJECT/PARKED VEHICLE,1,266663,3,0,0,1,4,5,1,5,Not at intersection,3,110,Freeway,40-49,Not injured,Bicyclists
T20140000565,1/8/2014,12:00:00,1,Collision with vehicle,4,Wednesday,163,VEHICLE STRIKES DOOR OF PARKED/STATIONARY VEHICLE,1,267340,2,0,0,1,1,2,2,5,Not at intersection,3,60,Arterial Other,26-29,Other injury,Bicyclists
T20140000582,1/10/2014,10:00:00,1,Collision with vehicle,6,Friday,140,U TURN,1,43968,2,0,1,0,1,2,1,2,T intersection,2,60,Arterial Other,70+,Serious injury,Bicyclists
T20140000600,1/10/2014,12:45:00,2,Struck Pedestrian,6,Friday,102,FAR SIDE. PED HIT BY VEHICLE FROM THE LEFT,1,267341,1,0,0,1,1,2,1,5,Not at intersection,3,60,Arterial Other,40-49,Not injured,Bicyclists
T20140000626,1/9/2014,16:00:00,1,Collision with vehicle,5,Thursday,130,REAR END(VEHICLES IN SAME LANE),1,266499,2,0,2,0,0,2,1,5,Not at intersection,2,80,Local Road,65-69,Serious injury,Bicyclists
T20140000629,1/10/2014,19:20:00,2,Struck Pedestrian,6,Friday,102,FAR SIDE. PED HIT BY VEHICLE FROM THE LEFT,1,355229,2,0,0,1,1,2,2,5,Not at intersection,3,50,Local Road,45424,Other injury,Bicyclists
T20140000653,1/9/2014,18:00:00,1,Collision with vehicle,5,Thursday,137,LEFT TURN SIDESWIPE,1,57544,2,0,0,1,1,2,2,1,Cross intersection,3,80,Arterial Highway,26-29,Other injury,Bicyclists
T20140000664,1/11/2014,12:35:00,1,Collision with vehicle,7,Saturday,110,CROSS TRAFFIC(INTERSECTIONS ONLY),1,71205,2,0,1,0,1,2,1,1,Cross intersection,2,50,Local Road,65-69,Serious injury,Bicyclists
T20140000673,1/2/2014,13:30:00,1,Collision with vehicle,5,Thursday,133,LANE SIDE SWIPE (VEHICLES IN PARALLEL LANES),1,267594,2,0,0,2,0,2,2,5,Not at intersection,3,100,Uknown,30-39,Other injury,Bicyclists
T20140000674,1/10/2014,10:45:00,1,Collision with vehicle,6,Friday,143,ENTERING PARKING,1,36496,2,0,0,1,1,2,2,1,Cross intersection,3,40,Local Road,30-39,Other injury,Bicyclists
T20140000698,1/11/2014,16:20:00,1,Collision with vehicle,7,Saturday,121,RIGHT THROUGH,1,57394,2,0,0,1,1,2,1,2,T intersection,3,60,Arterial Other,30-39,Other injury,Bicyclists
T20140000736,1/12/2014,14:04:00,1,Collision with vehicle,1,Sunday,116,LEFT NEAR (INTERSECTIONS ONLY),1,221839,2,0,1,0,4,5,1,2,T intersection,2,80,Freeway,50-59,Serious injury,Bicyclists
T20140000755,1/12/2014,17:10:00,1,Collision with vehicle,0,Sunday,112,LEFT FAR (INTERSECTIONS ONLY),1,343306,2,0,0,1,1,2,1,2,T intersection,3,60,Arterial Other,50-59,Other injury,Bicyclists
T20140000795,1/11/2014,13:50:00,1,Collision with vehicle,7,Saturday,130,REAR END(VEHICLES IN SAME LANE),1,266705,2,0,0,1,1,2,1,5,Not at intersection,3,70,Arterial Other,40-49,Other injury,Bicyclists
T20140000806,1/13/2014,13:00:00,1,Collision with vehicle,2,Monday,130,REAR END(VEHICLES IN SAME LANE),1,266748,2,0,0,1,1,2,1,5,Not at intersection,3,70,Arterial Other,60-64,Other injury,Bicyclists
T20140000807,2/4/2013,17:00:00,1,Collision with vehicle,2,Monday,147,VEHICLE STRIKES ANOTHER VEH WHILE EMERGING FROM DRIVEWAY,1,57674,2,0,0,1,1,2,2,2,T intersection,3,60,Local Road,40-49,Other injury,Bicyclists
T20140000839,1/14/2014,6:45:00,1,Collision with vehicle,3,Tuesday,121,RIGHT THROUGH,2,72028,2,0,0,1,1,2,1,2,T intersection,3,50,Local Road,30-39,Other injury,Bicyclists
T20140000840,1/14/2014,8:10:00,1,Collision with vehicle,3,Tuesday,120,HEAD ON (NOT OVERTAKING),1,141938,2,0,1,0,1,2,1,5,Not at intersection,2,40,Local Road,22-25,Serious injury,Bicyclists
T20140000842,1/14/2014,8:50:00,1,Collision with vehicle,3,Tuesday,123,RIGHT/LEFT. ONE VEH TURNING RIGHT THE OTHER LEFT.,1,40612,2,0,0,1,1,2,1,1,Cross intersection,3,70,Arterial Highway,60-64,Other injury,Bicyclists
T20140000855,1/14/2014,6:35:00,1,Collision with vehicle,3,Tuesday,133,LANE SIDE SWIPE (VEHICLES IN PARALLEL LANES),2,101067,2,0,1,0,1,2,1,5,Not at intersection,2,60,Arterial Other,30-39,Serious injury,Bicyclists
T20140000886,1/14/2014,18:30:00,1,Collision with vehicle,3,Tuesday,121,RIGHT THROUGH,1,38744,3,0,0,2,1,3,1,1,Cross intersection,3,60,Arterial Other,26-29,Other injury,Bicyclists
T20140000906,1/15/2014,7:30:00,1,Collision with vehicle,4,Wednesday,110,CROSS TRAFFIC(INTERSECTIONS ONLY),1,52750,2,0,1,0,1,2,1,1,Cross intersection,2,60,Uknown,60-64,Serious injury,Bicyclists
T20140000914,1/13/2014,16:00:00,1,Collision with vehicle,2,Monday,163,VEHICLE STRIKES DOOR OF PARKED/STATIONARY VEHICLE,1,41085,2,0,1,0,1,2,2,2,T intersection,2,999,Arterial Other,40-49,Serious injury,Bicyclists
T20140000916,1/11/2014,14:30:00,1,Collision with vehicle,7,Saturday,160,VEHICLE COLLIDES WITH VEHICLE PARKED ON LEFT OF ROAD,1,269756,2,0,1,0,1,2,2,5,Not at intersection,2,70,Arterial Other,40-49,Serious injury,Bicyclists
T20140000923,1/14/2014,16:15:00,1,Collision with vehicle,3,Tuesday,163,VEHICLE STRIKES DOOR OF PARKED/STATIONARY VEHICLE,1,267646,2,0,1,0,1,2,2,5,Not at intersection,2,60,Uknown,40-49,Serious injury,Bicyclists
T20140000930,1/15/2014,8:15:00,8,No collision and no object struck,4,Wednesday,174,OUT OF CONTROL ON CARRIAGEWAY (ON STRAIGHT),1,266772,2,0,0,1,1,2,2,5,Not at intersection,3,40,Local Road,30-39,Other injury,Bicyclists
T20140000947,1/14/2014,17:45:00,1,Collision with vehicle,3,Tuesday,163,VEHICLE STRIKES DOOR OF PARKED/STATIONARY VEHICLE,1,266760,2,0,0,1,1,2,2,5,Not at intersection,3,40,Local Road,40-49,Other injury,Bicyclists
T20140000977,1/16/2014,9:00:00,1,Collision with vehicle,5,Thursday,137,LEFT TURN SIDESWIPE,1,40121,2,0,0,1,1,2,1,2,T intersection,3,60,Arterial Highway,30-39,Other injury,Bicyclists
T20140000992,1/15/2014,18:00:00,1,Collision with vehicle,4,Wednesday,121,RIGHT THROUGH,1,267595,2,0,0,1,1,2,2,2,T intersection,3,50,Local Road,30-39,Other injury,Bicyclists
T20140000999,1/15/2014,22:20:00,1,Collision with vehicle,4,Wednesday,147,VEHICLE STRIKES ANOTHER VEH WHILE EMERGING FROM DRIVEWAY,3,266776,2,0,0,1,1,2,1,5,Not at intersection,3,60,Arterial Other,18-21,Other injury,Bicyclists
T20140001004,1/14/2014,9:00:00,1,Collision with vehicle,3,Tuesday,148,VEHICLE OFF FOOTPATH STRIKES VEH ON CARRIAGEWAY,1,49221,2,0,0,1,1,2,2,1,Cross intersection,3,50,Uknown,40-49,Other injury,Bicyclists
T20140001010,1/16/2014,15:10:00,1,Collision with vehicle,5,Thursday,163,VEHICLE STRIKES DOOR OF PARKED/STATIONARY VEHICLE,1,266793,2,0,0,1,2,3,1,5,Not at intersection,3,40,Local Road,22-25,Other injury,Bicyclists
T20140001027,12/17/2013,16:40:00,1,Collision with vehicle,3,Tuesday,121,RIGHT THROUGH,1,36742,2,0,0,1,1,2,2,2,T intersection,3,50,Local Road,22-25,Other injury,Bicyclists
T20140001102,1/11/2014,14:00:00,1,Collision with vehicle,7,Saturday,163,VEHICLE STRIKES DOOR OF PARKED/STATIONARY VEHICLE,1,267644,2,0,0,1,1,2,2,5,Not at intersection,3,40,Local Road,26-29,Other injury,Bicyclists
T20140001126,1/18/2014,9:00:00,1,Collision with vehicle,7,Saturday,121,RIGHT THROUGH,1,55862,2,0,0,1,1,2,1,2,T intersection,3,60,Local Road,50-59,Other injury,Bicyclists
T20140001128,1/18/2014,8:45:00,1,Collision with vehicle,7,Saturday,139,OTHER SAME DIRECTION-MANOUEVRES NOT INCLUDED IN DCAs 130-137,1,267624,2,0,0,1,1,2,1,5,Not at intersection,3,60,Arterial Highway,40-49,Other injury,Bicyclists
T20140001129,12/31/2013,8:10:00,1,Collision with vehicle,3,Tuesday,121,RIGHT THROUGH,1,246201,2,0,0,1,1,2,2,2,T intersection,3,999,Arterial Highway,40-49,Other injury,Bicyclists
T20140001136,1/18/2014,9:30:00,1,Collision with vehicle,7,Saturday,130,REAR END(VEHICLES IN SAME LANE),1,273058,2,0,0,1,1,2,2,5,Not at intersection,3,60,Arterial Other,50-59,Other injury,Bicyclists
T20140001197,1/19/2014,15:45:00,1,Collision with vehicle,1,Sunday,137,LEFT TURN SIDESWIPE,1,266820,2,0,1,0,1,2,1,5,Not at intersection,2,999,Arterial Other,26-29,Serious injury,Bicyclists
T20140001219,1/19/2014,23:03:00,1,Collision with vehicle,1,Sunday,148,VEHICLE OFF FOOTPATH STRIKES VEH ON CARRIAGEWAY,3,36264,2,0,0,1,3,4,1,1,Cross intersection,3,60,Arterial Other,22-25,Other injury,Bicyclists
T20140001228,1/20/2014,9:45:00,1,Collision with vehicle,2,Monday,163,VEHICLE STRIKES DOOR OF PARKED/STATIONARY VEHICLE,1,266526,2,0,0,1,1,2,1,5,Not at intersection,3,40,Local Road,18-21,Other injury,Bicyclists
T20140001244,1/20/2014,12:07:00,1,Collision with vehicle,2,Monday,121,RIGHT THROUGH,1,54545,2,0,0,1,1,2,1,2,T intersection,3,60,Arterial Other,30-39,Other injury,Bicyclists
T20140001271,1/19/2014,10:45:00,1,Collision with vehicle,1,Sunday,121,RIGHT THROUGH,1,41124,2,0,0,1,1,2,2,1,Cross intersection,3,50,Arterial Other,13-15,Other injury,Bicyclists
T20140001276,1/20/2014,19:26:00,1,Collision with vehicle,2,Monday,148,VEHICLE OFF FOOTPATH STRIKES VEH ON CARRIAGEWAY,2,263,2,0,0,1,1,2,1,1,Cross intersection,3,60,Arterial Highway,22-25,Other injury,Bicyclists
T20140001299,1/17/2014,8:30:00,1,Collision with vehicle,6,Friday,137,LEFT TURN SIDESWIPE,1,81139,2,0,1,0,1,2,1,5,Not at intersection,2,40,Arterial Other,30-39,Serious injury,Bicyclists
T20140001310,1/21/2014,7:18:00,1,Collision with vehicle,3,Tuesday,151,OUT OF CONTROL (OVERTAKING),1,35364,2,0,0,1,0,1,1,1,Cross intersection,3,50,Local Road,30-39,Other injury,Bicyclists
T20140001333,1/15/2014,9:04:00,1,Collision with vehicle,4,Wednesday,116,LEFT NEAR (INTERSECTIONS ONLY),1,36997,2,0,0,1,1,2,1,2,T intersection,3,40,Uknown,26-29,Other injury,Bicyclists
T20140001357,1/21/2014,21:00:00,1,Collision with vehicle,3,Tuesday,121,RIGHT THROUGH,2,36210,2,0,1,0,1,2,1,1,Cross intersection,2,60,Arterial Other,30-39,Serious injury,Bicyclists
T20140001376,1/21/2014,15:45:00,8,No collision and no object struck,3,Tuesday,174,OUT OF CONTROL ON CARRIAGEWAY (ON STRAIGHT),1,266539,1,0,1,0,0,1,1,5,Not at intersection,2,100,Local Road,16-17,Serious injury,Bicyclists
T20140001404,1/22/2014,12:50:00,1,Collision with vehicle,4,Wednesday,132,RIGHT REAR.,1,36430,2,0,0,1,1,2,1,1,Cross intersection,3,50,Arterial Other,22-25,Other injury,Bicyclists
T20140001405,1/21/2014,7:45:00,1,Collision with vehicle,3,Tuesday,163,VEHICLE STRIKES DOOR OF PARKED/STATIONARY VEHICLE,1,266782,2,0,0,1,1,2,2,5,Not at intersection,3,999,Local Road,50-59,Other injury,Bicyclists
T20140001410,1/22/2014,15:49:00,1,Collision with vehicle,4,Wednesday,160,VEHICLE COLLIDES WITH VEHICLE PARKED ON LEFT OF ROAD,1,266884,2,0,1,0,0,1,1,5,Not at intersection,2,40,Local Road,40-49,Serious injury,Bicyclists
T20140001420,1/22/2014,17:15:00,1,Collision with vehicle,4,Wednesday,137,LEFT TURN SIDESWIPE,1,266861,2,0,0,1,1,2,1,5,Not at intersection,3,40,Local Road,30-39,Other injury,Bicyclists
T20140001424,1/22/2014,20:10:00,1,Collision with vehicle,4,Wednesday,110,CROSS TRAFFIC(INTERSECTIONS ONLY),2,29581,2,0,0,1,1,2,1,1,Cross intersection,3,50,Arterial Other,50-59,Other injury,Bicyclists
T20140001440,1/23/2014,7:25:00,1,Collision with vehicle,5,Thursday,121,RIGHT THROUGH,1,36063,2,0,0,1,1,2,1,2,T intersection,3,60,Local Road,30-39,Other injury,Bicyclists
T20140001448,1/23/2014,10:10:00,1,Collision with vehicle,5,Thursday,137,LEFT TURN SIDESWIPE,1,370,2,0,1,0,1,2,1,1,Cross intersection,2,60,Arterial Highway,40-49,Serious injury,Bicyclists
T20140001465,1/22/2014,6:55:00,1,Collision with vehicle,4,Wednesday,110,CROSS TRAFFIC(INTERSECTIONS ONLY),2,50517,2,0,1,0,1,2,1,1,Cross intersection,2,50,Local Road,30-39,Serious injury,Bicyclists
T20140001467,1/23/2014,11:40:00,1,Collision with vehicle,5,Thursday,137,LEFT TURN SIDESWIPE,1,38092,2,0,1,0,1,2,1,1,Cross intersection,2,60,Uknown,70+,Serious injury,Bicyclists
T20140001481,1/23/2014,12:40:00,1,Collision with vehicle,5,Thursday,137,LEFT TURN SIDESWIPE,1,49684,2,0,0,1,2,3,1,4,Multiple intersection,3,60,Arterial Other,50-59,Other injury,Bicyclists
T20140001499,1/23/2014,17:30:00,6,Vehicle overturned (no collision),5,Thursday,174,OUT OF CONTROL ON CARRIAGEWAY (ON STRAIGHT),1,266873,2,0,0,1,2,3,1,2,T intersection,3,50,Local Road,50-59,Other injury,Bicyclists
T20140001501,1/23/2014,17:50:00,1,Collision with vehicle,5,Thursday,133,LANE SIDE SWIPE (VEHICLES IN PARALLEL LANES),1,266875,2,0,1,0,1,2,1,5,Not at intersection,2,60,Arterial Highway,26-29,Serious injury,Bicyclists