ACCIDENT_NO,ACCIDENT_DATE,ACCIDENT_TIME,ACCIDENT_TYPE,ACCIDENT_TYPE_DESC,DAY_OF_WEEK,DAY_WEEK_DESC,DCA_CODE,DCA_DESC,LIGHT_CONDITION,NODE_ID,NO_OF_VEHICLES,NO_PERSONS_KILLED,NO_PERSONS_INJ_2,NO_PERSONS_INJ_3,NO_PERSONS_NOT_INJ,NO_PERSONS,POLICE_ATTEND,ROAD_GEOMETRY,ROAD_GEOMETRY_DESC,SEVERITY,SPEED_ZONE,RMA,AGE_GROUP,INJ_LEVEL,ROAD_USER_TYPE_DESC
T20140001502,1/20/2014,17:00:00,1,Collision with vehicle,2,Monday,163,VEHICLE STRIKES DOOR OF PARKED/STATIONARY VEHICLE,1,37678,2,0,1,0,1,2,1,2,T intersection,2,40,Local Road,30-39,Serious injury,Bicyclists
T20140001513,1/19/2014,19:00:00,8,No collision and no object struck,1,Sunday,174,OUT OF CONTROL ON CARRIAGEWAY (ON STRAIGHT),1,38123,2,0,0,1,1,2,2,2,T intersection,3,999,Arterial Other,50-59,Other injury,Bicyclists
T20140001522,1/23/2014,6:10:00,1,Collision with vehicle,5,Thursday,130,REAR END(VEHICLES IN SAME LANE),2,267136,2,0,1,0,1,2,1,5,Not at intersection,2,100,Arterial Highway,40-49,Serious injury,Bicyclists
T20140001587,1/24/2014,13:55:00,1,Collision with vehicle,6,Friday,148,VEHICLE OFF FOOTPATH STRIKES VEH ON CARRIAGEWAY,1,29731,2,0,0,1,1,2,1,1,Cross intersection,3,50,Local Road,18-21,Other injury,Bicyclists
T20140001596,10/7/2013,17:45:00,1,Collision with vehicle,2,Monday,133,LANE SIDE SWIPE (VEHICLES IN PARALLEL LANES),2,41191,2,0,0,1,1,2,2,2,T intersection,3,40,Local Road,30-39,Other injury,Bicyclists
T20140001606,1/17/2014,17:20:00,1,Collision with vehicle,6,Friday,110,CROSS TRAFFIC(INTERSECTIONS ONLY),1,42501,2,0,0,1,1,2,2,1,Cross intersection,3,50,Local Road,22-25,Other injury,Bicyclists
T20140001629,1/25/2014,10:20:00,1,Collision with vehicle,7,Saturday,147,VEHICLE STRIKES ANOTHER VEH WHILE EMERGING FROM DRIVEWAY,1,267532,3,1,1,0,1,3,1,5,Not at intersection,1,70,Arterial Other,50-59,Fatality,Bicyclists
T20140001715,1/26/2014,17:15:00,1,Collision with vehicle,0,Sunday,147,VEHICLE STRIKES ANOTHER VEH WHILE EMERGING FROM DRIVEWAY,1,355247,2,0,0,1,1,2,1,5,Not at intersection,3,50,Local Road,45424,Other injury,Bicyclists
T20140001717,1/22/2014,18:45:00,1,Collision with vehicle,4,Wednesday,135,LANE CHANGE LEFT (NOT OVERTAKING),1,67417,2,0,1,0,1,2,2,2,T intersection,2,60,Arterial Other,50-59,Serious injury,Bicyclists
T20140001726,1/26/2014,18:30:00,1,Collision with vehicle,1,Sunday,148,VEHICLE OFF FOOTPATH STRIKES VEH ON CARRIAGEWAY,1,269933,2,0,0,1,1,2,2,5,Not at intersection,3,999,Local Road,18-21,Other injury,Bicyclists
T20140001769,1/27/2014,10:05:00,1,Collision with vehicle,2,Monday,130,REAR END(VEHICLES IN SAME LANE),1,50407,2,0,0,1,1,2,1,1,Cross intersection,3,100,Local Road,50-59,Other injury,Bicyclists
T20140001777,1/26/2014,14:50:00,1,Collision with vehicle,1,Sunday,136,RIGHT TURN SIDESWIPE,1,269735,2,0,1,0,1,2,1,5,Not at intersection,2,50,Local Road,50-59,Serious injury,Bicyclists
T20140001809,1/26/2014,10:15:00,1,Collision with vehicle,1,Sunday,137,LEFT TURN SIDESWIPE,1,44113,2,0,0,2,0,2,1,1,Cross intersection,3,80,Local Road,60-64,Other injury,Bicyclists
T20140001822,1/21/2014,17:15:00,1,Collision with vehicle,3,Tuesday,163,VEHICLE STRIKES DOOR OF PARKED/STATIONARY VEHICLE,1,266089,2,0,1,0,1,2,2,5,Not at intersection,2,50,Local Road,30-39,Serious injury,Bicyclists
T20140001873,1/28/2014,15:15:00,1,Collision with vehicle,3,Tuesday,110,CROSS TRAFFIC(INTERSECTIONS ONLY),1,29422,2,0,0,1,1,2,2,1,Cross intersection,3,50,Local Road,22-25,Other injury,Bicyclists
T20140001876,1/18/2014,9:40:00,1,Collision with vehicle,7,Saturday,163,VEHICLE STRIKES DOOR OF PARKED/STATIONARY VEHICLE,1,266817,2,0,0,1,1,2,2,5,Not at intersection,3,50,Local Road,50-59,Other injury,Bicyclists
T20140001879,1/25/2014,17:15:00,8,No collision and no object struck,7,Saturday,174,OUT OF CONTROL ON CARRIAGEWAY (ON STRAIGHT),1,271350,2,0,1,0,1,2,1,5,Not at intersection,2,60,Local Road,50-59,Serious injury,Bicyclists
T20140001900,1/29/2014,11:00:00,1,Collision with vehicle,4,Wednesday,133,LANE SIDE SWIPE (VEHICLES IN PARALLEL LANES),1,226093,3,0,0,2,1,3,2,5,Not at intersection,3,60,Arterial Other,65-69,Other injury,Bicyclists
T20140001930,1/29/2014,17:44:00,1,Collision with vehicle,4,Wednesday,137,LEFT TURN SIDESWIPE,1,38023,2,0,0,1,1,2,1,1,Cross intersection,3,60,Local Road,40-49,Other injury,Bicyclists
T20140001931,1/29/2014,18:32:00,1,Collision with vehicle,4,Wednesday,121,RIGHT THROUGH,1,36430,2,0,1,0,1,2,1,1,Cross intersection,2,60,Arterial Other,18-21,Serious injury,Bicyclists
T20140001932,1/29/2014,19:45:00,1,Collision with vehicle,4,Wednesday,121,RIGHT THROUGH,2,43212,2,0,0,1,1,2,1,2,T intersection,3,60,Arterial Highway,30-39,Other injury,Bicyclists
T20140001937,1/29/2014,20:00:00,1,Collision with vehicle,4,Wednesday,110,CROSS TRAFFIC(INTERSECTIONS ONLY),2,37698,2,0,0,1,1,2,1,1,Cross intersection,3,40,Local Road,22-25,Other injury,Bicyclists
T20140001964,1/28/2014,8:30:00,1,Collision with vehicle,3,Tuesday,110,CROSS TRAFFIC(INTERSECTIONS ONLY),1,37983,2,0,0,2,0,2,2,1,Cross intersection,3,50,Local Road,30-39,Other injury,Bicyclists
T20140001969,1/30/2014,11:10:00,1,Collision with vehicle,5,Thursday,130,REAR END(VEHICLES IN SAME LANE),1,267794,2,0,1,1,0,2,1,5,Not at intersection,2,50,Arterial Other,30-39,Other injury,Bicyclists
T20140001976,1/30/2014,8:55:00,1,Collision with vehicle,5,Thursday,148,VEHICLE OFF FOOTPATH STRIKES VEH ON CARRIAGEWAY,1,47355,2,0,0,1,1,2,1,2,T intersection,3,50,Arterial Other,60-64,Other injury,Bicyclists
T20140001984,12/16/2013,11:00:00,6,Vehicle overturned (no collision),2,Monday,174,OUT OF CONTROL ON CARRIAGEWAY (ON STRAIGHT),9,36089,2,0,0,1,1,2,2,1,Cross intersection,3,999,Local Road,22-25,Other injury,Bicyclists
T20140002016,1/29/2014,23:36:00,1,Collision with vehicle,4,Wednesday,148,VEHICLE OFF FOOTPATH STRIKES VEH ON CARRIAGEWAY,5,267345,2,0,1,0,1,2,1,5,Not at intersection,2,50,Local Road,22-25,Serious injury,Bicyclists
T20140002019,1/31/2014,5:13:00,1,Collision with vehicle,6,Friday,148,VEHICLE OFF FOOTPATH STRIKES VEH ON CARRIAGEWAY,3,37585,2,0,1,0,1,2,1,2,T intersection,2,60,Arterial Highway,22-25,Serious injury,Bicyclists
T20140002039,1/31/2014,9:51:00,1,Collision with vehicle,6,Friday,133,LANE SIDE SWIPE (VEHICLES IN PARALLEL LANES),1,266442,2,1,0,0,1,2,1,5,Not at intersection,1,80,Arterial Highway,70+,Fatality,Bicyclists
T20140002043,1/31/2014,6:18:00,1,Collision with vehicle,6,Friday,116,LEFT NEAR (INTERSECTIONS ONLY),2,70257,2,0,0,1,1,2,2,2,T intersection,3,50,Local Road,65-69,Other injury,Bicyclists
T20140002054,1/25/2014,10:07:00,1,Collision with vehicle,7,Saturday,163,VEHICLE STRIKES DOOR OF PARKED/STATIONARY VEHICLE,1,271266,2,0,0,1,1,2,2,5,Not at intersection,3,50,Local Road,26-29,Other injury,Bicyclists
T20140002076,1/31/2014,18:00:00,1,Collision with vehicle,6,Friday,137,LEFT TURN SIDESWIPE,1,35321,2,0,0,2,0,2,2,1,Cross intersection,3,50,Local Road,30-39,Other injury,Bicyclists
T20140002099,1/30/2014,20:30:00,4,Collision with a fixed object,5,Thursday,171,LEFT OFF CARRIAGEWAY INTO OBJECT/PARKED VEHICLE,2,19413,1,0,0,1,0,1,2,1,Cross intersection,3,60,Arterial Other,30-39,Other injury,Bicyclists
T20140002102,2/1/2014,8:40:00,1,Collision with vehicle,7,Saturday,116,LEFT NEAR (INTERSECTIONS ONLY),1,42073,2,0,0,1,1,2,1,2,T intersection,3,60,Arterial Other,50-59,Other injury,Bicyclists
T20140002110,2/1/2014,9:10:00,8,No collision and no object struck,7,Saturday,174,OUT OF CONTROL ON CARRIAGEWAY (ON STRAIGHT),1,44058,2,0,1,0,1,2,1,2,T intersection,2,50,Arterial Highway,30-39,Serious injury,Bicyclists
T20140002154,2/1/2014,22:54:00,1,Collision with vehicle,7,Saturday,148,VEHICLE OFF FOOTPATH STRIKES VEH ON CARRIAGEWAY,3,65563,2,0,0,1,4,5,1,2,T intersection,3,60,Arterial Other,26-29,Other injury,Bicyclists
T20140002172,2/2/2014,11:45:00,1,Collision with vehicle,1,Sunday,116,LEFT NEAR (INTERSECTIONS ONLY),1,267110,2,0,0,1,1,2,1,2,T intersection,3,50,Arterial Other,30-39,Other injury,Bicyclists
T20140002219,1/29/2014,14:30:00,1,Collision with vehicle,4,Wednesday,163,VEHICLE STRIKES DOOR OF PARKED/STATIONARY VEHICLE,1,136843,2,0,0,1,1,2,2,5,Not at intersection,3,40,Local Road,30-39,Other injury,Bicyclists
T20140002220,2/3/2014,8:55:00,1,Collision with vehicle,2,Monday,137,LEFT TURN SIDESWIPE,1,36214,2,0,0,1,1,2,1,1,Cross intersection,3,50,Arterial Other,60-64,Other injury,Bicyclists
T20140002265,2/3/2014,8:15:00,1,Collision with vehicle,2,Monday,137,LEFT TURN SIDESWIPE,1,37565,2,0,0,1,1,2,2,2,T intersection,3,60,Arterial Other,26-29,Other injury,Bicyclists
T20140002269,2/3/2014,18:45:00,1,Collision with vehicle,2,Monday,121,RIGHT THROUGH,1,29677,3,0,0,1,4,5,1,1,Cross intersection,3,60,Arterial Other,50-59,Other injury,Bicyclists
T20140002274,3/12/2013,17:30:00,1,Collision with vehicle,3,Tuesday,163,VEHICLE STRIKES DOOR OF PARKED/STATIONARY VEHICLE,9,266359,2,0,0,1,1,2,2,5,Not at intersection,3,999,Local Road,22-25,Other injury,Bicyclists
T20140002325,2/4/2014,16:23:00,1,Collision with vehicle,3,Tuesday,148,VEHICLE OFF FOOTPATH STRIKES VEH ON CARRIAGEWAY,1,266374,2,0,1,0,1,2,1,5,Not at intersection,2,50,Uknown,13-15,Serious injury,Bicyclists
T20140002326,1/25/2014,8:15:00,8,No collision and no object struck,7,Saturday,180,OFF CARRIAGEWAY ON RIGHT BEND,1,267425,2,0,0,1,1,2,2,5,Not at intersection,3,999,Local Road,60-64,Other injury,Bicyclists
T20140002367,2/5/2014,7:05:00,1,Collision with vehicle,4,Wednesday,148,VEHICLE OFF FOOTPATH STRIKES VEH ON CARRIAGEWAY,2,267213,2,0,0,2,0,2,1,5,Not at intersection,3,60,Arterial Highway,40-49,Other injury,Bicyclists
T20140002368,2/5/2014,8:59:00,8,No collision and no object struck,4,Wednesday,174,OUT OF CONTROL ON CARRIAGEWAY (ON STRAIGHT),1,267214,1,0,0,1,1,2,1,5,Not at intersection,3,40,Local Road,50-59,Other injury,Bicyclists
T20140002369,2/5/2014,7:15:00,1,Collision with vehicle,4,Wednesday,121,RIGHT THROUGH,2,38934,2,0,0,1,1,2,1,1,Cross intersection,3,60,Arterial Other,50-59,Other injury,Bicyclists
T20140002377,2/1/2014,16:30:00,1,Collision with vehicle,7,Saturday,130,REAR END(VEHICLES IN SAME LANE),1,37835,2,0,2,0,0,2,2,2,T intersection,2,50,Arterial Other,50-59,Serious injury,Bicyclists
T20140002388,1/30/2014,17:30:00,1,Collision with vehicle,4,Thursday,135,LANE CHANGE LEFT (NOT OVERTAKING),1,36382,2,0,0,1,1,2,2,1,Cross intersection,3,50,Local Road,40-49,Other injury,Bicyclists
T20140002393,1/31/2014,8:30:00,8,No collision and no object struck,6,Friday,174,OUT OF CONTROL ON CARRIAGEWAY (ON STRAIGHT),1,266417,2,0,1,0,1,2,2,5,Not at intersection,2,999,Arterial Other,30-39,Serious injury,Bicyclists
T20140002394,2/5/2014,9:30:00,1,Collision with vehicle,4,Wednesday,130,REAR END(VEHICLES IN SAME LANE),1,45520,2,0,0,1,1,2,2,1,Cross intersection,3,60,Uknown,50-59,Other injury,Bicyclists
T20140002403,1/15/2014,16:00:00,1,Collision with vehicle,4,Wednesday,120,HEAD ON (NOT OVERTAKING),1,271769,2,0,0,1,1,2,2,5,Not at intersection,3,50,Local Road,13-15,Other injury,Bicyclists
T20140002416,2/5/2014,17:55:00,1,Collision with vehicle,4,Wednesday,160,VEHICLE COLLIDES WITH VEHICLE PARKED ON LEFT OF ROAD,1,267218,2,0,0,1,0,1,1,5,Not at intersection,3,50,Local Road,22-25,Other injury,Bicyclists
T20140002449,2/5/2014,15:35:00,1,Collision with vehicle,4,Wednesday,148,VEHICLE OFF FOOTPATH STRIKES VEH ON CARRIAGEWAY,1,260158,2,0,0,1,1,2,1,2,T intersection,3,60,Arterial Other,45424,Other injury,Bicyclists
T20140002472,2/5/2014,17:30:00,1,Collision with vehicle,3,Wednesday,137,LEFT TURN SIDESWIPE,1,31046,2,0,1,0,1,2,2,1,Cross intersection,2,60,Local Road,30-39,Serious injury,Bicyclists
T20140002489,2/2/2014,7:05:00,1,Collision with vehicle,1,Sunday,133,LANE SIDE SWIPE (VEHICLES IN PARALLEL LANES),2,662,2,0,0,1,1,2,2,2,T intersection,3,999,Arterial Other,40-49,Other injury,Bicyclists
T20140002533,2/7/2014,7:15:00,1,Collision with vehicle,6,Friday,121,RIGHT THROUGH,2,243310,2,0,1,0,1,2,1,2,T intersection,2,60,Arterial Other,40-49,Serious injury,Bicyclists
T20140002538,1/18/2014,12:00:00,1,Collision with vehicle,7,Saturday,143,ENTERING PARKING,1,266819,2,0,0,1,1,2,2,5,Not at intersection,3,60,Arterial Other,18-21,Other injury,Bicyclists
T20140002543,2/7/2014,7:50:00,1,Collision with vehicle,6,Friday,123,RIGHT/LEFT. ONE VEH TURNING RIGHT THE OTHER LEFT.,2,54501,2,0,0,1,1,2,2,1,Cross intersection,3,999,Arterial Other,30-39,Other injury,Bicyclists
T20140002577,2/3/2014,19:45:00,1,Collision with vehicle,2,Monday,147,VEHICLE STRIKES ANOTHER VEH WHILE EMERGING FROM DRIVEWAY,2,267686,2,0,0,1,1,2,2,5,Not at intersection,3,999,Arterial Other,16-17,Other injury,Bicyclists
T20140002586,2/1/2014,13:20:00,1,Collision with vehicle,6,Saturday,137,LEFT TURN SIDESWIPE,1,269874,2,0,0,1,1,2,2,5,Not at intersection,3,60,Arterial Other,26-29,Other injury,Bicyclists
T20140002611,2/8/2014,1:40:00,4,Collision with a fixed object,7,Saturday,171,LEFT OFF CARRIAGEWAY INTO OBJECT/PARKED VEHICLE,3,240,1,0,1,0,0,1,1,1,Cross intersection,2,40,Local Road,26-29,Serious injury,Bicyclists
T20140002630,2/8/2014,10:40:00,8,No collision and no object struck,7,Saturday,174,OUT OF CONTROL ON CARRIAGEWAY (ON STRAIGHT),1,272562,2,0,0,1,1,2,1,5,Not at intersection,3,50,Arterial Highway,22-25,Other injury,Bicyclists
T20140002631,2/8/2014,7:36:00,1,Collision with vehicle,7,Saturday,116,LEFT NEAR (INTERSECTIONS ONLY),2,42577,2,0,0,1,1,2,1,2,T intersection,3,80,Arterial Highway,30-39,Other injury,Bicyclists
T20140002647,2/8/2014,0:40:00,6,Vehicle overturned (no collision),7,Saturday,174,OUT OF CONTROL ON CARRIAGEWAY (ON STRAIGHT),3,29427,1,0,0,1,0,1,2,1,Cross intersection,3,40,Local Road,30-39,Other injury,Bicyclists
T20140002665,2/8/2014,16:00:00,2,Struck Pedestrian,7,Saturday,102,FAR SIDE. PED HIT BY VEHICLE FROM THE LEFT,1,267274,1,0,0,1,1,2,1,5,Not at intersection,3,40,Local Road,Unknown,Not injured,Bicyclists
T20140002681,2/9/2014,7:58:00,1,Collision with vehicle,1,Sunday,160,VEHICLE COLLIDES WITH VEHICLE PARKED ON LEFT OF ROAD,2,46598,2,0,0,1,1,2,1,2,T intersection,3,60,Arterial Other,65-69,Other injury,Bicyclists
T20140002697,2/6/2014,8:00:00,1,Collision with vehicle,5,Thursday,110,CROSS TRAFFIC(INTERSECTIONS ONLY),1,43597,2,0,0,1,1,2,2,1,Cross intersection,3,100,Arterial Other,40-49,Other injury,Bicyclists
T20140002698,2/8/2014,7:45:00,1,Collision with vehicle,7,Saturday,121,RIGHT THROUGH,2,267541,2,0,1,0,1,2,2,5,Not at intersection,2,60,Arterial Other,70+,Serious injury,Bicyclists
T20140002723,2/10/2014,7:50:00,1,Collision with vehicle,2,Monday,121,RIGHT THROUGH,2,70407,2,0,1,0,1,2,1,2,T intersection,2,50,Local Road,50-59,Serious injury,Bicyclists
T20140002724,2/9/2014,4:45:00,1,Collision with vehicle,1,Sunday,116,LEFT NEAR (INTERSECTIONS ONLY),3,40077,2,0,0,1,1,2,2,1,Cross intersection,3,50,Local Road,30-39,Other injury,Bicyclists
T20140002727,1/24/2014,9:00:00,1,Collision with vehicle,6,Friday,121,RIGHT THROUGH,1,59561,2,0,0,1,1,2,2,2,T intersection,3,60,Arterial Highway,Unknown,Other injury,Bicyclists
T20140002741,2/7/2014,18:30:00,1,Collision with vehicle,6,Friday,163,VEHICLE STRIKES DOOR OF PARKED/STATIONARY VEHICLE,1,85,2,0,0,1,1,2,2,1,Cross intersection,3,60,Arterial Other,40-49,Other injury,Bicyclists
T20140002754,2/8/2014,7:10:00,1,Collision with vehicle,7,Saturday,116,LEFT NEAR (INTERSECTIONS ONLY),2,61017,2,0,0,1,1,2,2,2,T intersection,3,60,Uknown,50-59,Other injury,Bicyclists
T20140002760,2/10/2014,8:20:00,1,Collision with vehicle,2,Monday,135,LANE CHANGE LEFT (NOT OVERTAKING),1,267317,2,0,0,1,1,2,2,5,Not at intersection,3,999,Arterial Other,26-29,Other injury,Bicyclists
T20140002783,2/10/2014,17:55:00,1,Collision with vehicle,2,Monday,160,VEHICLE COLLIDES WITH VEHICLE PARKED ON LEFT OF ROAD,1,266602,2,0,1,0,0,1,1,5,Not at intersection,2,60,Local Road,22-25,Serious injury,Bicyclists
T20140002787,2/10/2014,17:09:00,8,No collision and no object struck,2,Monday,170,OFF CARRIAGEWAY TO LEFT,1,267438,3,0,0,1,2,3,1,2,T intersection,3,60,Local Road,60-64,Other injury,Bicyclists
T20140002793,1/30/2014,16:15:00,1,Collision with vehicle,5,Thursday,119,OTHER ADJACENT (INTERSECTIONS ONLY),1,64466,2,0,0,1,1,2,2,2,T intersection,3,999,Local Road,13-15,Other injury,Bicyclists
T20140002795,2/10/2014,18:30:00,1,Collision with vehicle,2,Monday,163,VEHICLE STRIKES DOOR OF PARKED/STATIONARY VEHICLE,1,267729,2,0,0,1,1,2,2,5,Not at intersection,3,50,Local Road,30-39,Other injury,Bicyclists
T20140002800,2/10/2014,6:15:00,1,Collision with vehicle,2,Monday,121,RIGHT THROUGH,2,47055,2,0,1,0,1,2,1,2,T intersection,2,40,Arterial Other,40-49,Serious injury,Bicyclists
T20140002807,2/11/2014,7:50:00,1,Collision with vehicle,3,Tuesday,121,RIGHT THROUGH,2,45505,2,0,0,1,1,2,1,1,Cross intersection,3,999,Arterial Other,22-25,Other injury,Bicyclists
T20140002844,2/11/2014,5:50:00,1,Collision with vehicle,3,Tuesday,133,LANE SIDE SWIPE (VEHICLES IN PARALLEL LANES),2,36880,2,0,1,0,1,2,1,1,Cross intersection,2,40,Arterial Other,50-59,Serious injury,Bicyclists
T20140002854,2/11/2014,14:38:00,1,Collision with vehicle,3,Tuesday,121,RIGHT THROUGH,1,40050,2,0,0,2,0,2,1,2,T intersection,3,60,Arterial Other,30-39,Other injury,Bicyclists
T20140002890,2/11/2014,14:15:00,1,Collision with vehicle,3,Tuesday,110,CROSS TRAFFIC(INTERSECTIONS ONLY),1,50703,2,0,0,1,1,2,1,1,Cross intersection,3,50,Local Road,40-49,Other injury,Bicyclists
T20140002893,2/11/2014,16:20:00,1,Collision with vehicle,3,Tuesday,121,RIGHT THROUGH,1,267570,2,0,0,2,0,2,2,5,Not at intersection,3,60,Local Road,50-59,Other injury,Bicyclists
T20140002897,2/11/2014,15:20:00,1,Collision with vehicle,3,Tuesday,112,LEFT FAR (INTERSECTIONS ONLY),1,267335,2,0,0,1,1,2,1,1,Cross intersection,3,40,Local Road,13-15,Other injury,Bicyclists
T20140002904,2/12/2014,10:00:00,1,Collision with vehicle,4,Wednesday,160,VEHICLE COLLIDES WITH VEHICLE PARKED ON LEFT OF ROAD,1,48136,2,0,1,0,0,1,1,2,T intersection,2,60,Arterial Other,70+,Serious injury,Bicyclists
T20140002908,2/12/2014,8:55:00,1,Collision with vehicle,4,Wednesday,137,LEFT TURN SIDESWIPE,1,243920,2,0,0,1,2,3,2,4,Multiple intersection,3,50,Arterial Other,40-49,Other injury,Bicyclists
T20140002915,2/12/2014,9:10:00,1,Collision with vehicle,4,Wednesday,121,RIGHT THROUGH,1,39098,2,0,0,1,1,2,1,2,T intersection,3,60,Arterial Other,30-39,Other injury,Bicyclists
T20140002919,2/10/2014,7:17:00,1,Collision with vehicle,2,Monday,121,RIGHT THROUGH,2,267320,2,0,1,0,1,2,1,2,T intersection,2,60,Local Road,50-59,Serious injury,Bicyclists
T20140002949,2/12/2014,19:00:00,1,Collision with vehicle,4,Wednesday,121,RIGHT THROUGH,2,267443,2,0,0,1,1,2,1,5,Not at intersection,3,60,Arterial Other,26-29,Other injury,Bicyclists
T20140002963,2/13/2014,8:25:00,1,Collision with vehicle,5,Thursday,113,RIGHT NEAR (INTERSECTIONS ONLY),1,57599,2,0,0,1,1,2,1,2,T intersection,3,60,Arterial Other,60-64,Other injury,Bicyclists
T20140002966,2/12/2014,17:45:00,1,Collision with vehicle,4,Wednesday,121,RIGHT THROUGH,1,397,2,0,0,1,1,2,2,2,T intersection,3,60,Arterial Other,40-49,Other injury,Bicyclists
T20140002989,2/13/2014,16:00:00,1,Collision with vehicle,5,Thursday,148,VEHICLE OFF FOOTPATH STRIKES VEH ON CARRIAGEWAY,1,267449,2,0,0,1,1,2,1,5,Not at intersection,3,50,Local Road,45424,Other injury,Bicyclists
T20140003008,2/11/2014,22:30:00,7,Fall from or in moving vehicle,3,Tuesday,190,FELL IN/FROM VEHICLE,3,43347,2,0,1,1,1,3,1,2,T intersection,2,70,Arterial Highway,40-49,Other injury,Bicyclists
T20140003025,2/14/2014,7:10:00,1,Collision with vehicle,6,Friday,147,VEHICLE STRIKES ANOTHER VEH WHILE EMERGING FROM DRIVEWAY,2,272121,2,0,0,1,1,2,1,5,Not at intersection,3,50,Local Road,30-39,Other injury,Bicyclists
T20140003035,8/21/2013,21:00:00,1,Collision with vehicle,4,Wednesday,140,U TURN,2,269740,2,0,0,1,1,2,2,5,Not at intersection,3,50,Local Road,30-39,Other injury,Bicyclists
T20140003052,2/14/2014,12:35:00,1,Collision with vehicle,6,Friday,163,VEHICLE STRIKES DOOR OF PARKED/STATIONARY VEHICLE,1,271623,2,0,0,1,1,2,1,5,Not at intersection,3,40,Arterial Other,Unknown,Other injury,Bicyclists
T20140003057,2/14/2014,8:55:00,1,Collision with vehicle,6,Friday,160,VEHICLE COLLIDES WITH VEHICLE PARKED ON LEFT OF ROAD,1,41191,2,0,0,1,1,2,1,2,T intersection,3,60,Local Road,22-25,Other injury,Bicyclists
T20140003091,2/14/2014,6:10:00,1,Collision with vehicle,5,Friday,113,RIGHT NEAR (INTERSECTIONS ONLY),2,638,2,0,0,1,1,2,2,1,Cross intersection,3,50,Arterial Other,50-59,Other injury,Bicyclists
T20140003098,2/14/2014,17:30:00,1,Collision with vehicle,6,Friday,163,VEHICLE STRIKES DOOR OF PARKED/STATIONARY VEHICLE,1,266642,2,0,0,1,1,2,2,5,Not at intersection,3,999,Local Road,40-49,Other injury,Bicyclists
T20140003109,2/14/2014,22:15:00,1,Collision with vehicle,6,Friday,130,REAR END(VEHICLES IN SAME LANE),3,267495,2,0,1,0,1,2,1,5,Not at intersection,2,50,Arterial Highway,60-64,Serious injury,Bicyclists
T20140003123,2/10/2014,8:20:00,1,Collision with vehicle,2,Monday,121,RIGHT THROUGH,1,48120,2,0,0,1,1,2,1,2,T intersection,3,60,Arterial Other,30-39,Other injury,Bicyclists
T20140003130,2/14/2014,13:00:00,1,Collision with vehicle,6,Friday,163,VEHICLE STRIKES DOOR OF PARKED/STATIONARY VEHICLE,1,37142,2,0,0,1,1,2,2,2,T intersection,3,50,Arterial Other,30-39,Other injury,Bicyclists
T20140003148,2/14/2014,18:00:00,1,Collision with vehicle,6,Friday,110,CROSS TRAFFIC(INTERSECTIONS ONLY),1,44413,2,0,0,1,1,2,2,1,Cross intersection,3,50,Local Road,26-29,Other injury,Bicyclists
T20140003179,2/1/2014,21:00:00,6,Vehicle overturned (no collision),6,Saturday,174,OUT OF CONTROL ON CARRIAGEWAY (ON STRAIGHT),3,36020,1,0,0,1,0,1,2,2,T intersection,3,50,Arterial Other,26-29,Other injury,Bicyclists
T20140003216,2/9/2014,11:00:00,1,Collision with vehicle,1,Sunday,116,LEFT NEAR (INTERSECTIONS ONLY),1,267314,2,0,0,1,1,2,2,2,T intersection,3,60,Arterial Other,60-64,Other injury,Bicyclists
T20140003290,2/17/2014,7:50:00,1,Collision with vehicle,2,Monday,148,VEHICLE OFF FOOTPATH STRIKES VEH ON CARRIAGEWAY,2,45697,2,0,0,1,1,2,1,4,Multiple intersection,3,999,Freeway,50-59,Other injury,Bicyclists
T20140003314,2/7/2014,22:00:00,1,Collision with vehicle,6,Friday,130,REAR END(VEHICLES IN SAME LANE),6,267569,2,0,0,1,1,2,2,5,Not at intersection,3,50,Uknown,26-29,Other injury,Bicyclists
T20140003317,2/17/2014,17:50:00,1,Collision with vehicle,2,Monday,121,RIGHT THROUGH,1,36370,2,0,0,1,1,2,1,1,Cross intersection,3,60,Local Road,30-39,Other injury,Bicyclists
T20140003328,12/10/2013,9:10:00,1,Collision with vehicle,3,Tuesday,114,TWO RIGHT TURNING (INTERSECTIONS ONLY),9,228127,2,0,0,1,1,2,2,2,T intersection,3,60,Arterial Other,30-39,Other injury,Bicyclists
T20140003362,2/18/2014,11:10:00,1,Collision with vehicle,3,Tuesday,130,REAR END(VEHICLES IN SAME LANE),1,249179,3,0,1,0,3,4,1,1,Cross intersection,2,60,Arterial Other,30-39,Serious injury,Bicyclists
T20140003374,2/17/2014,9:20:00,2,Struck Pedestrian,2,Monday,103,PED PLAYING/LYING/WORKING/STANDING ON CARRIAGEWAY.,1,267526,2,0,0,2,0,2,2,5,Not at intersection,3,40,Local Road,40-49,Other injury,Bicyclists
T20140003401,2/18/2014,15:45:00,1,Collision with vehicle,3,Tuesday,137,LEFT TURN SIDESWIPE,1,267608,2,0,1,0,1,2,1,5,Not at intersection,2,70,Arterial Other,50-59,Serious injury,Bicyclists
T20140003413,2/18/2014,17:40:00,1,Collision with vehicle,3,Tuesday,116,LEFT NEAR (INTERSECTIONS ONLY),1,36997,2,0,0,1,1,2,1,2,T intersection,3,50,Uknown,50-59,Other injury,Bicyclists