ACCIDENT_NO,ACCIDENT_DATE,ACCIDENT_TIME,ACCIDENT_TYPE,ACCIDENT_TYPE_DESC,DAY_OF_WEEK,DAY_WEEK_DESC,DCA_CODE,DCA_DESC,LIGHT_CONDITION,NODE_ID,NO_OF_VEHICLES,NO_PERSONS_KILLED,NO_PERSONS_INJ_2,NO_PERSONS_INJ_3,NO_PERSONS_NOT_INJ,NO_PERSONS,POLICE_ATTEND,ROAD_GEOMETRY,ROAD_GEOMETRY_DESC,SEVERITY,SPEED_ZONE,RMA,AGE_GROUP,INJ_LEVEL,ROAD_USER_TYPE_DESC
T20140003417,2/18/2014,19:00:00,1,Collision with vehicle,3,Tuesday,121,RIGHT THROUGH,2,70315,2,0,1,0,3,4,1,1,Cross intersection,2,60,Arterial Other,40-49,Serious injury,Bicyclists
T20140003434,2/19/2014,8:10:00,1,Collision with vehicle,4,Wednesday,116,LEFT NEAR (INTERSECTIONS ONLY),1,267631,2,0,0,1,1,2,1,2,T intersection,3,50,Local Road,40-49,Other injury,Bicyclists
T20140003438,2/19/2014,8:45:00,1,Collision with vehicle,4,Wednesday,148,VEHICLE OFF FOOTPATH STRIKES VEH ON CARRIAGEWAY,1,57391,2,0,1,0,1,2,1,1,Cross intersection,2,60,Arterial Other,40-49,Serious injury,Bicyclists
T20140003488,2/19/2014,18:00:00,1,Collision with vehicle,4,Wednesday,121,RIGHT THROUGH,2,35382,2,0,0,2,0,2,2,2,T intersection,3,60,Arterial Other,26-29,Other injury,Bicyclists
T20140003501,10/30/2013,19:00:00,1,Collision with vehicle,4,Wednesday,110,CROSS TRAFFIC(INTERSECTIONS ONLY),2,63203,2,0,0,1,1,2,1,1,Cross intersection,3,50,Local Road,60-64,Other injury,Bicyclists
T20140003506,2/19/2014,23:30:00,1,Collision with vehicle,4,Wednesday,110,CROSS TRAFFIC(INTERSECTIONS ONLY),3,44220,2,0,0,1,1,2,2,1,Cross intersection,3,60,Arterial Other,40-49,Other injury,Bicyclists
T20140003515,2/7/2014,11:45:00,1,Collision with vehicle,6,Friday,147,VEHICLE STRIKES ANOTHER VEH WHILE EMERGING FROM DRIVEWAY,1,267267,2,0,0,1,1,2,2,2,T intersection,3,60,Local Road,40-49,Other injury,Bicyclists
T20140003525,2/20/2014,8:00:00,1,Collision with vehicle,5,Thursday,163,VEHICLE STRIKES DOOR OF PARKED/STATIONARY VEHICLE,1,39006,2,0,1,0,2,3,2,2,T intersection,2,40,Arterial Other,30-39,Serious injury,Bicyclists
T20140003560,2/14/2014,17:00:00,1,Collision with vehicle,6,Friday,113,RIGHT NEAR (INTERSECTIONS ONLY),1,267500,2,0,0,1,1,2,2,1,Cross intersection,3,50,Local Road,18-21,Other injury,Bicyclists
T20140003566,2/20/2014,14:00:00,1,Collision with vehicle,5,Thursday,147,VEHICLE STRIKES ANOTHER VEH WHILE EMERGING FROM DRIVEWAY,1,272341,2,0,0,1,1,2,2,5,Not at intersection,3,40,Local Road,30-39,Other injury,Bicyclists
T20140003575,2/20/2014,7:15:00,1,Collision with vehicle,5,Thursday,110,CROSS TRAFFIC(INTERSECTIONS ONLY),2,38867,2,0,0,1,1,2,2,1,Cross intersection,3,60,Arterial Other,30-39,Other injury,Bicyclists
T20140003580,2/20/2014,16:00:00,1,Collision with vehicle,5,Thursday,148,VEHICLE OFF FOOTPATH STRIKES VEH ON CARRIAGEWAY,1,267661,2,0,0,1,1,2,1,2,T intersection,3,60,Local Road,13-15,Other injury,Bicyclists
T20140003591,2/20/2014,15:30:00,1,Collision with vehicle,4,Thursday,135,LANE CHANGE LEFT (NOT OVERTAKING),1,274680,2,0,0,1,1,2,2,5,Not at intersection,3,40,Arterial Other,26-29,Other injury,Bicyclists
T20140003627,2/21/2014,11:53:00,1,Collision with vehicle,6,Friday,121,RIGHT THROUGH,1,37648,2,0,0,2,0,2,1,2,T intersection,3,60,Arterial Other,30-39,Other injury,Bicyclists
T20140003636,2/17/2014,18:50:00,1,Collision with vehicle,2,Monday,163,VEHICLE STRIKES DOOR OF PARKED/STATIONARY VEHICLE,1,36386,2,0,1,0,1,2,2,1,Cross intersection,2,50,Local Road,50-59,Serious injury,Bicyclists
T20140003642,2/20/2014,18:30:00,1,Collision with vehicle,5,Thursday,116,LEFT NEAR (INTERSECTIONS ONLY),1,39956,2,0,0,1,1,2,2,2,T intersection,3,70,Arterial Other,30-39,Other injury,Bicyclists
T20140003660,2/21/2014,17:30:00,1,Collision with vehicle,6,Friday,147,VEHICLE STRIKES ANOTHER VEH WHILE EMERGING FROM DRIVEWAY,1,267673,4,0,1,0,1,2,1,5,Not at intersection,2,50,Local Road,40-49,Serious injury,Bicyclists
T20140003694,2/22/2014,6:30:00,1,Collision with vehicle,7,Saturday,113,RIGHT NEAR (INTERSECTIONS ONLY),2,50056,2,0,0,1,1,2,1,2,T intersection,3,60,Arterial Other,40-49,Other injury,Bicyclists
T20140003698,2/22/2014,10:55:00,1,Collision with vehicle,7,Saturday,160,VEHICLE COLLIDES WITH VEHICLE PARKED ON LEFT OF ROAD,1,266896,2,0,1,0,0,1,1,5,Not at intersection,2,60,Arterial Other,40-49,Serious injury,Bicyclists
T20140003700,2/22/2014,10:25:00,1,Collision with vehicle,7,Saturday,140,U TURN,1,267688,2,0,0,1,1,2,1,5,Not at intersection,3,70,Arterial Highway,30-39,Other injury,Bicyclists
T20140003703,2/22/2014,12:55:00,1,Collision with vehicle,7,Saturday,147,VEHICLE STRIKES ANOTHER VEH WHILE EMERGING FROM DRIVEWAY,1,272353,2,0,0,1,1,2,1,5,Not at intersection,3,50,Arterial Other,30-39,Other injury,Bicyclists
T20140003723,2/22/2014,14:30:00,1,Collision with vehicle,7,Saturday,110,CROSS TRAFFIC(INTERSECTIONS ONLY),1,29361,2,0,1,0,1,2,2,1,Cross intersection,2,50,Local Road,26-29,Serious injury,Bicyclists
T20140003724,2/22/2014,16:00:00,1,Collision with vehicle,7,Saturday,121,RIGHT THROUGH,1,267691,2,0,0,1,1,2,1,5,Not at intersection,3,60,Arterial Other,40-49,Other injury,Bicyclists
T20140003728,2/18/2014,16:30:00,1,Collision with vehicle,3,Tuesday,147,VEHICLE STRIKES ANOTHER VEH WHILE EMERGING FROM DRIVEWAY,1,38807,2,0,0,1,1,2,2,2,T intersection,3,60,Arterial Other,30-39,Other injury,Bicyclists
T20140003739,12/20/2013,10:10:00,1,Collision with vehicle,6,Friday,147,VEHICLE STRIKES ANOTHER VEH WHILE EMERGING FROM DRIVEWAY,1,273069,2,0,0,1,1,2,1,5,Not at intersection,3,50,Uknown,45424,Other injury,Bicyclists
T20140003746,2/22/2014,16:55:00,1,Collision with vehicle,7,Saturday,110,CROSS TRAFFIC(INTERSECTIONS ONLY),1,39932,2,0,0,1,3,4,1,1,Cross intersection,3,70,Arterial Other,40-49,Other injury,Bicyclists
T20140003755,2/20/2014,12:00:00,1,Collision with vehicle,5,Thursday,147,VEHICLE STRIKES ANOTHER VEH WHILE EMERGING FROM DRIVEWAY,1,269709,2,0,1,0,2,3,2,5,Not at intersection,2,999,Arterial Other,60-64,Serious injury,Bicyclists
T20140003769,2/23/2014,10:10:00,1,Collision with vehicle,0,Sunday,142,LEAVING PARKING,1,604660,2,0,1,0,1,2,1,5,Not at intersection,2,60,Uknown,40-49,Serious injury,Bicyclists
T20140003807,2/19/2014,22:30:00,1,Collision with vehicle,4,Wednesday,121,RIGHT THROUGH,3,40165,2,0,0,1,1,2,2,2,T intersection,3,60,Local Road,50-59,Other injury,Bicyclists
T20140003860,2/24/2014,8:50:00,1,Collision with vehicle,2,Monday,110,CROSS TRAFFIC(INTERSECTIONS ONLY),1,36412,2,0,1,0,1,2,1,1,Cross intersection,2,40,Local Road,30-39,Serious injury,Bicyclists
T20140003862,2/19/2014,15:30:00,1,Collision with vehicle,3,Wednesday,137,LEFT TURN SIDESWIPE,9,58068,2,0,0,1,1,2,2,2,T intersection,3,999,Arterial Other,30-39,Other injury,Bicyclists
T20140003879,2/24/2014,7:33:00,1,Collision with vehicle,2,Monday,130,REAR END(VEHICLES IN SAME LANE),2,267376,3,0,1,1,1,3,1,5,Not at intersection,2,100,Local Road,50-59,Serious injury,Bicyclists
T20140003929,1/27/2014,11:00:00,1,Collision with vehicle,2,Monday,147,VEHICLE STRIKES ANOTHER VEH WHILE EMERGING FROM DRIVEWAY,9,267599,2,0,0,1,1,2,2,5,Not at intersection,3,999,Local Road,30-39,Other injury,Bicyclists
T20140003935,2/25/2014,7:35:00,1,Collision with vehicle,3,Tuesday,148,VEHICLE OFF FOOTPATH STRIKES VEH ON CARRIAGEWAY,2,53348,2,0,0,1,1,2,1,4,Multiple intersection,3,60,Arterial Other,18-21,Other injury,Bicyclists
T20140003946,11/7/2013,12:55:00,1,Collision with vehicle,5,Thursday,121,RIGHT THROUGH,1,267088,2,0,0,2,0,2,2,5,Not at intersection,3,999,Local Road,30-39,Other injury,Bicyclists
T20140003970,12/26/2013,15:30:00,1,Collision with vehicle,5,Thursday,110,CROSS TRAFFIC(INTERSECTIONS ONLY),1,45269,2,0,0,1,1,2,2,1,Cross intersection,3,100,Local Road,40-49,Other injury,Bicyclists
T20140003985,2/25/2014,18:45:00,1,Collision with vehicle,3,Tuesday,121,RIGHT THROUGH,1,35330,2,0,0,1,1,2,1,2,T intersection,3,60,Arterial Highway,40-49,Other injury,Bicyclists
T20140004002,2/14/2014,13:36:00,1,Collision with vehicle,6,Friday,116,LEFT NEAR (INTERSECTIONS ONLY),1,45702,2,0,1,0,1,2,1,2,T intersection,2,60,Local Road,50-59,Serious injury,Bicyclists
T20140004006,2/19/2014,16:30:00,1,Collision with vehicle,4,Wednesday,110,CROSS TRAFFIC(INTERSECTIONS ONLY),1,251610,2,0,0,1,1,2,2,1,Cross intersection,3,999,Local Road,30-39,Other injury,Bicyclists
T20140004067,2/26/2014,17:45:00,1,Collision with vehicle,4,Wednesday,148,VEHICLE OFF FOOTPATH STRIKES VEH ON CARRIAGEWAY,1,270840,2,0,0,1,1,2,1,2,T intersection,3,80,Arterial Highway,16-17,Other injury,Bicyclists
T20140004086,2/27/2014,8:10:00,1,Collision with vehicle,5,Thursday,135,LANE CHANGE LEFT (NOT OVERTAKING),1,270108,2,0,0,2,0,2,1,2,T intersection,3,60,Arterial Other,30-39,Other injury,Bicyclists
T20140004089,2/26/2014,18:44:00,1,Collision with vehicle,4,Wednesday,110,CROSS TRAFFIC(INTERSECTIONS ONLY),1,55067,2,0,0,1,1,2,1,1,Cross intersection,3,50,Local Road,18-21,Other injury,Bicyclists
T20140004111,2/19/2014,17:00:00,8,No collision and no object struck,4,Wednesday,174,OUT OF CONTROL ON CARRIAGEWAY (ON STRAIGHT),1,267295,1,0,0,1,0,1,2,5,Not at intersection,3,50,Local Road,50-59,Other injury,Bicyclists
T20140004133,2/27/2014,17:33:00,1,Collision with vehicle,5,Thursday,148,VEHICLE OFF FOOTPATH STRIKES VEH ON CARRIAGEWAY,1,270110,2,0,0,1,1,2,1,5,Not at intersection,3,50,Local Road,18-21,Other injury,Bicyclists
T20140004143,2/27/2014,15:00:00,8,No collision and no object struck,5,Thursday,174,OUT OF CONTROL ON CARRIAGEWAY (ON STRAIGHT),1,272478,2,0,1,0,1,2,1,5,Not at intersection,2,50,Local Road,22-25,Serious injury,Bicyclists
T20140004154,2/24/2014,22:00:00,8,No collision and no object struck,2,Monday,174,OUT OF CONTROL ON CARRIAGEWAY (ON STRAIGHT),9,267147,1,0,1,0,0,1,2,2,T intersection,2,30,Local Road,60-64,Serious injury,Bicyclists
T20140004156,2/27/2014,16:30:00,1,Collision with vehicle,5,Thursday,162,ACCIDENT OR BROKEN DOWN,1,267150,2,0,0,1,1,2,1,5,Not at intersection,3,80,Arterial Highway,50-59,Other injury,Bicyclists
T20140004175,2/25/2014,7:40:00,1,Collision with vehicle,2,Tuesday,133,LANE SIDE SWIPE (VEHICLES IN PARALLEL LANES),2,267773,2,0,0,1,1,2,2,5,Not at intersection,3,60,Arterial Other,50-59,Other injury,Bicyclists
T20140004197,2/28/2014,8:45:00,1,Collision with vehicle,6,Friday,121,RIGHT THROUGH,1,35579,2,0,0,1,1,2,1,1,Cross intersection,3,60,Arterial Other,13-15,Other injury,Bicyclists
T20140004227,2/28/2014,8:00:00,1,Collision with vehicle,6,Friday,121,RIGHT THROUGH,1,70532,2,0,0,1,1,2,2,2,T intersection,3,60,Arterial Other,40-49,Other injury,Bicyclists
T20140004230,2/28/2014,17:15:00,1,Collision with vehicle,6,Friday,148,VEHICLE OFF FOOTPATH STRIKES VEH ON CARRIAGEWAY,1,267545,2,0,1,0,1,2,2,2,T intersection,2,60,Local Road,30-39,Serious injury,Bicyclists
T20140004255,2/28/2014,8:00:00,1,Collision with vehicle,6,Friday,113,RIGHT NEAR (INTERSECTIONS ONLY),2,55505,2,0,0,1,1,2,2,2,T intersection,3,60,Arterial Other,30-39,Other injury,Bicyclists
T20140004261,2/28/2014,7:15:00,1,Collision with vehicle,6,Friday,152,PULLING OUT (OVERTAKING),2,38001,2,0,0,1,1,2,2,1,Cross intersection,3,999,Local Road,30-39,Other injury,Bicyclists
T20140004265,3/1/2014,9:30:00,1,Collision with vehicle,7,Saturday,110,CROSS TRAFFIC(INTERSECTIONS ONLY),1,39916,2,0,0,1,1,2,1,1,Cross intersection,3,50,Uknown,50-59,Other injury,Bicyclists
T20140004266,3/1/2014,7:30:00,1,Collision with vehicle,7,Saturday,113,RIGHT NEAR (INTERSECTIONS ONLY),2,41240,2,0,0,2,0,2,1,2,T intersection,3,50,Local Road,50-59,Other injury,Bicyclists
T20140004267,2/12/2014,6:10:00,1,Collision with vehicle,4,Wednesday,148,VEHICLE OFF FOOTPATH STRIKES VEH ON CARRIAGEWAY,2,267446,2,0,0,1,1,2,2,2,T intersection,3,30,Local Road,50-59,Other injury,Bicyclists
T20140004271,3/1/2014,11:30:00,1,Collision with vehicle,7,Saturday,153,CUTTING IN (OVERTAKING),1,267546,2,0,1,0,1,2,1,5,Not at intersection,2,60,Arterial Other,50-59,Serious injury,Bicyclists
T20140004331,3/2/2014,7:55:00,1,Collision with vehicle,1,Sunday,113,RIGHT NEAR (INTERSECTIONS ONLY),2,40030,2,0,0,1,1,2,1,2,T intersection,3,60,Arterial Other,50-59,Other injury,Bicyclists
T20140004332,3/2/2014,8:10:00,1,Collision with vehicle,0,Sunday,133,LANE SIDE SWIPE (VEHICLES IN PARALLEL LANES),1,45638,2,0,1,0,1,2,2,1,Cross intersection,2,40,Arterial Other,30-39,Serious injury,Bicyclists
T20140004333,1/28/2014,7:45:00,1,Collision with vehicle,3,Tuesday,121,RIGHT THROUGH,1,38984,2,0,0,1,1,2,2,1,Cross intersection,3,60,Arterial Other,26-29,Other injury,Bicyclists
T20140004336,1/24/2014,8:36:00,1,Collision with vehicle,6,Friday,110,CROSS TRAFFIC(INTERSECTIONS ONLY),1,29359,2,0,0,2,0,2,2,1,Cross intersection,3,50,Local Road,40-49,Other injury,Bicyclists
T20140004339,3/2/2014,9:10:00,1,Collision with vehicle,1,Sunday,163,VEHICLE STRIKES DOOR OF PARKED/STATIONARY VEHICLE,1,270039,3,0,0,2,1,3,1,5,Not at intersection,3,50,Local Road,30-39,Other injury,Bicyclists
T20140004361,3/2/2014,12:40:00,4,Collision with a fixed object,1,Sunday,181,OFF RIGHT BEND INTO OBJECT/PARKED VEHICLE,1,270042,1,0,0,1,0,1,1,5,Not at intersection,3,60,Arterial Other,22-25,Other injury,Bicyclists
T20140004362,3/2/2014,15:45:00,1,Collision with vehicle,1,Sunday,163,VEHICLE STRIKES DOOR OF PARKED/STATIONARY VEHICLE,1,270046,2,0,1,0,1,2,1,5,Not at intersection,2,40,Local Road,50-59,Serious injury,Bicyclists
T20140004371,3/1/2014,23:40:00,1,Collision with vehicle,7,Saturday,130,REAR END(VEHICLES IN SAME LANE),5,267126,2,1,0,1,0,2,1,5,Not at intersection,1,100,Arterial Highway,40-49,Fatality,Bicyclists
T20140004378,3/2/2014,19:30:00,1,Collision with vehicle,1,Sunday,136,RIGHT TURN SIDESWIPE,2,42491,2,0,0,1,2,3,1,2,T intersection,3,60,Arterial Other,50-59,Other injury,Bicyclists
T20140004391,2/10/2014,16:50:00,2,Struck Pedestrian,2,Monday,108,PED STRUCK WALKING TO/FROM OR BOARDING/ALIGHTING VEHICLE.,1,274310,1,0,1,1,0,2,2,5,Not at intersection,2,999,Uknown,22-25,Other injury,Bicyclists
T20140004397,3/3/2014,6:50:00,1,Collision with vehicle,2,Monday,147,VEHICLE STRIKES ANOTHER VEH WHILE EMERGING FROM DRIVEWAY,2,270121,2,0,0,1,1,2,1,5,Not at intersection,3,60,Arterial Highway,50-59,Other injury,Bicyclists
T20140004410,1/22/2014,17:10:00,1,Collision with vehicle,4,Wednesday,116,LEFT NEAR (INTERSECTIONS ONLY),1,51627,2,0,0,1,1,2,1,1,Cross intersection,3,60,Arterial Highway,70+,Other injury,Bicyclists
T20140004420,3/3/2014,8:32:00,1,Collision with vehicle,2,Monday,121,RIGHT THROUGH,1,36815,2,0,1,0,1,2,1,1,Cross intersection,2,60,Arterial Other,50-59,Serious injury,Bicyclists
T20140004443,3/3/2014,17:59:00,1,Collision with vehicle,2,Monday,137,LEFT TURN SIDESWIPE,1,356412,2,0,1,0,1,2,1,5,Not at intersection,2,60,Arterial Other,26-29,Serious injury,Bicyclists
T20140004495,3/4/2014,8:10:00,1,Collision with vehicle,3,Tuesday,116,LEFT NEAR (INTERSECTIONS ONLY),1,58998,2,0,0,1,1,2,1,2,T intersection,3,50,Local Road,70+,Other injury,Bicyclists
T20140004496,4/2/2013,18:00:00,1,Collision with vehicle,3,Tuesday,147,VEHICLE STRIKES ANOTHER VEH WHILE EMERGING FROM DRIVEWAY,2,270066,2,0,0,1,1,2,2,5,Not at intersection,3,60,Arterial Other,26-29,Other injury,Bicyclists
T20140004508,3/3/2014,10:30:00,1,Collision with vehicle,1,Monday,121,RIGHT THROUGH,1,269997,2,0,0,1,2,3,2,2,T intersection,3,50,Local Road,30-39,Not injured,Bicyclists
T20140004516,2/12/2014,15:00:00,1,Collision with vehicle,4,Wednesday,116,LEFT NEAR (INTERSECTIONS ONLY),1,38678,2,0,0,1,1,2,2,1,Cross intersection,3,50,Arterial Other,13-15,Other injury,Bicyclists
T20140004518,3/4/2014,11:50:00,1,Collision with vehicle,3,Tuesday,137,LEFT TURN SIDESWIPE,1,270008,2,0,0,1,5,6,1,1,Cross intersection,3,50,Local Road,60-64,Other injury,Bicyclists
T20140004525,1/6/2014,7:45:00,1,Collision with vehicle,2,Monday,133,LANE SIDE SWIPE (VEHICLES IN PARALLEL LANES),1,40694,2,0,0,1,1,2,2,1,Cross intersection,3,50,Local Road,40-49,Other injury,Bicyclists
T20140004526,3/3/2014,17:00:00,1,Collision with vehicle,1,Monday,133,LANE SIDE SWIPE (VEHICLES IN PARALLEL LANES),2,36601,2,0,0,1,1,2,1,2,T intersection,3,50,Local Road,26-29,Other injury,Bicyclists
T20140004527,2/24/2014,19:15:00,1,Collision with vehicle,2,Monday,110,CROSS TRAFFIC(INTERSECTIONS ONLY),2,42520,2,0,0,1,1,2,2,1,Cross intersection,3,60,Arterial Other,30-39,Other injury,Bicyclists
T20140004537,3/4/2014,17:40:00,1,Collision with vehicle,3,Tuesday,137,LEFT TURN SIDESWIPE,2,267384,2,0,1,0,1,2,1,5,Not at intersection,2,40,Arterial Other,50-59,Serious injury,Bicyclists
T20140004550,3/4/2014,18:35:00,1,Collision with vehicle,3,Tuesday,121,RIGHT THROUGH,2,49984,2,0,1,0,2,3,1,1,Cross intersection,2,60,Local Road,18-21,Serious injury,Bicyclists
T20140004573,3/5/2014,9:15:00,8,No collision and no object struck,4,Wednesday,170,OFF CARRIAGEWAY TO LEFT,1,46667,2,0,1,0,1,2,1,2,T intersection,2,60,Arterial Other,50-59,Serious injury,Bicyclists
T20140004577,3/5/2014,6:10:00,1,Collision with vehicle,4,Wednesday,113,RIGHT NEAR (INTERSECTIONS ONLY),3,134,2,0,1,0,1,2,1,2,T intersection,2,60,Arterial Highway,50-59,Serious injury,Bicyclists
T20140004580,3/5/2014,11:44:00,1,Collision with vehicle,4,Wednesday,111,RIGHT FAR (INTERSECTIONS ONLY),1,24024,2,0,1,0,1,2,1,1,Cross intersection,2,50,Local Road,30-39,Serious injury,Bicyclists
T20140004606,3/3/2014,16:00:00,1,Collision with vehicle,1,Monday,147,VEHICLE STRIKES ANOTHER VEH WHILE EMERGING FROM DRIVEWAY,1,269998,2,0,0,1,1,2,2,5,Not at intersection,3,60,Arterial Other,40-49,Other injury,Bicyclists
T20140004608,3/5/2014,18:10:00,1,Collision with vehicle,4,Wednesday,121,RIGHT THROUGH,2,35456,2,0,0,1,1,2,1,1,Cross intersection,3,60,Arterial Other,22-25,Other injury,Bicyclists
T20140004613,2/12/2014,8:15:00,1,Collision with vehicle,4,Wednesday,137,LEFT TURN SIDESWIPE,1,36344,2,0,0,1,1,2,2,1,Cross intersection,3,40,Local Road,30-39,Other injury,Bicyclists
T20140004614,3/5/2014,18:20:00,1,Collision with vehicle,4,Wednesday,121,RIGHT THROUGH,2,36615,2,0,1,0,1,2,2,1,Cross intersection,2,60,Local Road,40-49,Serious injury,Bicyclists
T20140004639,3/6/2014,8:35:00,1,Collision with vehicle,5,Thursday,110,CROSS TRAFFIC(INTERSECTIONS ONLY),1,68032,2,0,0,1,3,4,1,1,Cross intersection,3,50,Local Road,30-39,Other injury,Bicyclists
T20140004662,3/5/2014,8:45:00,1,Collision with vehicle,4,Wednesday,163,VEHICLE STRIKES DOOR OF PARKED/STATIONARY VEHICLE,1,53308,2,0,1,0,2,3,2,1,Cross intersection,2,50,Arterial Other,30-39,Serious injury,Bicyclists
T20140004665,2/28/2014,17:30:00,1,Collision with vehicle,6,Friday,121,RIGHT THROUGH,1,398,2,0,0,1,1,2,2,1,Cross intersection,3,60,Arterial Other,30-39,Other injury,Bicyclists
T20140004673,3/6/2014,11:47:00,1,Collision with vehicle,5,Thursday,110,CROSS TRAFFIC(INTERSECTIONS ONLY),1,270168,2,0,0,1,1,2,1,1,Cross intersection,3,999,Uknown,22-25,Other injury,Bicyclists
T20140004691,3/6/2014,19:00:00,1,Collision with vehicle,5,Thursday,116,LEFT NEAR (INTERSECTIONS ONLY),2,270169,2,0,0,1,1,2,1,2,T intersection,3,60,Arterial Other,40-49,Other injury,Bicyclists
T20140004716,3/7/2014,2:40:00,1,Collision with vehicle,6,Friday,160,VEHICLE COLLIDES WITH VEHICLE PARKED ON LEFT OF ROAD,3,270109,2,0,0,1,0,1,1,5,Not at intersection,3,50,Arterial Other,18-21,Other injury,Bicyclists
T20140004735,2/26/2014,1:25:00,1,Collision with vehicle,4,Wednesday,130,REAR END(VEHICLES IN SAME LANE),9,270101,2,0,0,1,1,2,1,5,Not at intersection,3,80,Arterial Other,70+,Other injury,Bicyclists
T20140004745,3/7/2014,8:45:00,1,Collision with vehicle,6,Friday,116,LEFT NEAR (INTERSECTIONS ONLY),1,59745,2,0,0,2,0,2,1,2,T intersection,3,50,Local Road,45424,Other injury,Bicyclists
T20140004749,3/7/2014,12:30:00,1,Collision with vehicle,6,Friday,120,HEAD ON (NOT OVERTAKING),1,306981,2,0,0,1,1,2,2,5,Not at intersection,3,50,Uknown,60-64,Other injury,Bicyclists
T20140004762,3/7/2014,15:15:00,1,Collision with vehicle,6,Friday,121,RIGHT THROUGH,1,66880,2,0,0,1,1,2,1,2,T intersection,3,60,Arterial Other,40-49,Other injury,Bicyclists
T20140004776,3/7/2014,16:20:00,1,Collision with vehicle,6,Friday,147,VEHICLE STRIKES ANOTHER VEH WHILE EMERGING FROM DRIVEWAY,1,270132,2,0,0,1,1,2,1,5,Not at intersection,3,60,Arterial Other,16-17,Other injury,Bicyclists
T20140004786,3/7/2014,8:00:00,1,Collision with vehicle,6,Friday,121,RIGHT THROUGH,1,29397,2,0,0,1,1,2,2,1,Cross intersection,3,999,Arterial Other,30-39,Other injury,Bicyclists
T20140004791,3/7/2014,15:15:00,1,Collision with vehicle,6,Friday,163,VEHICLE STRIKES DOOR OF PARKED/STATIONARY VEHICLE,1,270177,3,0,0,2,1,3,2,5,Not at intersection,3,50,Local Road,26-29,Other injury,Bicyclists
T20140004794,3/7/2014,16:45:00,1,Collision with vehicle,6,Friday,142,LEAVING PARKING,1,270179,3,0,0,1,2,3,1,5,Not at intersection,3,50,Uknown,50-59,Other injury,Bicyclists
T20140004825,3/8/2014,8:20:00,1,Collision with vehicle,7,Saturday,121,RIGHT THROUGH,1,43221,2,0,1,0,1,2,1,2,T intersection,2,60,Arterial Highway,26-29,Serious injury,Bicyclists
T20140004832,3/8/2014,10:40:00,1,Collision with vehicle,7,Saturday,137,LEFT TURN SIDESWIPE,1,272292,7,0,3,3,2,8,1,5,Not at intersection,2,60,Arterial Other,40-49,Other injury,Bicyclists
T20140004834,3/8/2014,11:58:00,1,Collision with vehicle,7,Saturday,137,LEFT TURN SIDESWIPE,1,267392,2,0,0,1,1,2,1,5,Not at intersection,3,40,Local Road,30-39,Other injury,Bicyclists
T20140004868,3/8/2014,18:45:00,1,Collision with vehicle,7,Saturday,121,RIGHT THROUGH,2,35397,2,0,0,1,1,2,2,1,Cross intersection,3,60,Arterial Other,40-49,Other injury,Bicyclists
T20140004885,3/8/2014,23:53:00,1,Collision with vehicle,7,Saturday,160,VEHICLE COLLIDES WITH VEHICLE PARKED ON LEFT OF ROAD,3,270281,2,0,0,1,0,1,1,5,Not at intersection,3,60,Arterial Other,26-29,Other injury,Bicyclists
T20140004894,3/8/2014,13:00:00,1,Collision with vehicle,7,Saturday,121,RIGHT THROUGH,1,101253,2,0,0,1,1,2,2,5,Not at intersection,3,60,Arterial Other,40-49,Other injury,Bicyclists
T20140004895,3/9/2014,8:00:00,1,Collision with vehicle,1,Sunday,121,RIGHT THROUGH,1,37705,2,0,0,1,1,2,1,1,Cross intersection,3,60,Arterial Other,18-21,Other injury,Bicyclists
T20140004904,3/9/2014,11:00:00,8,No collision and no object struck,1,Sunday,174,OUT OF CONTROL ON CARRIAGEWAY (ON STRAIGHT),1,271658,2,0,0,1,2,3,1,5,Not at intersection,3,60,Local Road,40-49,Other injury,Bicyclists
T20140004952,2/20/2014,17:45:00,1,Collision with vehicle,5,Thursday,121,RIGHT THROUGH,1,116,2,0,0,1,1,2,2,1,Cross intersection,3,60,Local Road,16-17,Other injury,Bicyclists
T20140004953,3/1/2014,8:30:00,1,Collision with vehicle,7,Saturday,113,RIGHT NEAR (INTERSECTIONS ONLY),1,50978,2,0,0,1,1,2,2,2,T intersection,3,60,Local Road,30-39,Other injury,Bicyclists
T20140004954,3/9/2014,9:30:00,1,Collision with vehicle,1,Sunday,116,LEFT NEAR (INTERSECTIONS ONLY),1,40051,2,0,0,1,1,2,2,1,Cross intersection,3,60,Local Road,30-39,Other injury,Bicyclists
T20140004959,3/10/2014,7:30:00,1,Collision with vehicle,2,Monday,112,LEFT FAR (INTERSECTIONS ONLY),2,57823,2,0,1,0,1,2,1,2,T intersection,2,60,Freeway,40-49,Serious injury,Bicyclists
T20140004972,3/10/2014,12:28:00,1,Collision with vehicle,2,Monday,148,VEHICLE OFF FOOTPATH STRIKES VEH ON CARRIAGEWAY,1,604662,2,0,1,0,1,2,1,5,Not at intersection,2,60,Local Road,30-39,Serious injury,Bicyclists
T20140004981,3/8/2014,12:30:00,1,Collision with vehicle,7,Saturday,147,VEHICLE STRIKES ANOTHER VEH WHILE EMERGING FROM DRIVEWAY,1,270282,2,0,0,1,1,2,2,5,Not at intersection,3,50,Local Road,13-15,Other injury,Bicyclists
T20140004983,3/10/2014,12:00:00,1,Collision with vehicle,2,Monday,133,LANE SIDE SWIPE (VEHICLES IN PARALLEL LANES),1,270150,2,0,0,1,4,5,1,5,Not at intersection,3,50,Uknown,50-59,Other injury,Bicyclists