ACCIDENT_NO,ACCIDENT_DATE,ACCIDENT_TIME,ACCIDENT_TYPE,ACCIDENT_TYPE_DESC,DAY_OF_WEEK,DAY_WEEK_DESC,DCA_CODE,DCA_DESC,LIGHT_CONDITION,NODE_ID,NO_OF_VEHICLES,NO_PERSONS_KILLED,NO_PERSONS_INJ_2,NO_PERSONS_INJ_3,NO_PERSONS_NOT_INJ,NO_PERSONS,POLICE_ATTEND,ROAD_GEOMETRY,ROAD_GEOMETRY_DESC,SEVERITY,SPEED_ZONE,RMA,AGE_GROUP,INJ_LEVEL,ROAD_USER_TYPE_DESC
T20140005007,3/10/2014,22:08:00,1,Collision with vehicle,2,Monday,121,RIGHT THROUGH,3,37692,2,0,1,0,1,2,1,1,Cross intersection,2,40,Arterial Other,22-25,Serious injury,Bicyclists
T20140005009,12/3/2013,7:30:00,1,Collision with vehicle,3,Tuesday,121,RIGHT THROUGH,1,66337,2,0,0,1,1,2,2,2,T intersection,3,70,Arterial Other,40-49,Other injury,Bicyclists
T20140005014,3/10/2014,23:05:00,8,No collision and no object struck,1,Monday,174,OUT OF CONTROL ON CARRIAGEWAY (ON STRAIGHT),3,270157,1,0,0,1,0,1,1,5,Not at intersection,3,50,Local Road,40-49,Other injury,Bicyclists
T20140005032,3/11/2014,7:20:00,1,Collision with vehicle,3,Tuesday,111,RIGHT FAR (INTERSECTIONS ONLY),2,270161,2,0,1,0,1,2,1,2,T intersection,2,60,Arterial Other,30-39,Serious injury,Bicyclists
T20140005037,3/11/2014,10:10:00,1,Collision with vehicle,3,Tuesday,136,RIGHT TURN SIDESWIPE,1,35658,2,0,0,1,1,2,1,1,Cross intersection,3,50,Local Road,65-69,Other injury,Bicyclists
T20140005061,3/11/2014,14:15:00,8,No collision and no object struck,3,Tuesday,174,OUT OF CONTROL ON CARRIAGEWAY (ON STRAIGHT),1,45419,1,0,1,0,0,1,1,2,T intersection,2,60,Arterial Other,26-29,Serious injury,Bicyclists
T20140005070,3/11/2014,17:56:00,1,Collision with vehicle,3,Tuesday,121,RIGHT THROUGH,2,36096,2,0,0,1,2,3,1,1,Cross intersection,3,60,Local Road,30-39,Other injury,Bicyclists
T20140005099,3/12/2014,6:30:00,1,Collision with vehicle,4,Wednesday,160,VEHICLE COLLIDES WITH VEHICLE PARKED ON LEFT OF ROAD,2,270185,2,0,0,1,0,1,2,5,Not at intersection,3,70,Arterial Other,30-39,Other injury,Bicyclists
T20140005126,3/12/2014,11:45:00,8,No collision and no object struck,4,Wednesday,174,OUT OF CONTROL ON CARRIAGEWAY (ON STRAIGHT),1,267581,2,0,1,0,1,2,1,5,Not at intersection,2,40,Local Road,50-59,Serious injury,Bicyclists
T20140005138,3/6/2014,17:00:00,1,Collision with vehicle,5,Thursday,139,OTHER SAME DIRECTION-MANOUEVRES NOT INCLUDED IN DCAs 130-137,2,37775,2,0,0,1,1,2,1,1,Cross intersection,3,60,Arterial Other,40-49,Other injury,Bicyclists
T20140005147,3/3/2014,9:50:00,1,Collision with vehicle,2,Monday,163,VEHICLE STRIKES DOOR OF PARKED/STATIONARY VEHICLE,1,272300,2,0,0,1,1,2,2,5,Not at intersection,3,999,Arterial Other,26-29,Other injury,Bicyclists
T20140005159,3/12/2014,19:00:00,1,Collision with vehicle,4,Wednesday,113,RIGHT NEAR (INTERSECTIONS ONLY),2,36830,2,0,0,1,3,4,1,2,T intersection,3,70,Arterial Other,40-49,Other injury,Bicyclists
T20140005164,3/12/2014,19:25:00,1,Collision with vehicle,4,Wednesday,121,RIGHT THROUGH,2,270193,2,0,0,1,1,2,1,5,Not at intersection,3,50,Local Road,45424,Other injury,Bicyclists
T20140005166,3/12/2014,18:56:00,1,Collision with vehicle,4,Wednesday,121,RIGHT THROUGH,2,267582,2,0,0,1,1,2,1,2,T intersection,3,50,Local Road,26-29,Other injury,Bicyclists
T20140005218,3/13/2014,10:40:00,1,Collision with vehicle,5,Thursday,163,VEHICLE STRIKES DOOR OF PARKED/STATIONARY VEHICLE,1,270232,2,0,1,0,1,2,2,5,Not at intersection,2,999,Arterial Other,30-39,Serious injury,Bicyclists
T20140005234,3/11/2014,17:30:00,1,Collision with vehicle,3,Tuesday,163,VEHICLE STRIKES DOOR OF PARKED/STATIONARY VEHICLE,2,36561,2,0,0,1,1,2,2,2,T intersection,3,60,Local Road,30-39,Other injury,Bicyclists
T20140005242,3/6/2014,19:00:00,1,Collision with vehicle,5,Thursday,130,REAR END(VEHICLES IN SAME LANE),2,270106,2,0,0,1,1,2,2,2,T intersection,3,50,Local Road,16-17,Other injury,Bicyclists
T20140005281,3/14/2014,8:45:00,1,Collision with vehicle,6,Friday,121,RIGHT THROUGH,1,54437,2,0,1,0,1,2,1,1,Cross intersection,2,60,Arterial Other,26-29,Serious injury,Bicyclists
T20140005290,2/11/2014,16:15:00,1,Collision with vehicle,3,Tuesday,140,U TURN,1,134355,2,0,0,1,1,2,2,5,Not at intersection,3,999,Local Road,30-39,Other injury,Bicyclists
T20140005300,3/14/2014,10:38:00,1,Collision with vehicle,6,Friday,143,ENTERING PARKING,1,270311,2,0,1,0,1,2,1,5,Not at intersection,2,60,Arterial Other,50-59,Serious injury,Bicyclists
T20140005322,3/14/2014,17:00:00,1,Collision with vehicle,6,Friday,121,RIGHT THROUGH,2,37697,2,0,0,1,1,2,1,2,T intersection,3,40,Arterial Other,50-59,Other injury,Bicyclists
T20140005332,3/14/2014,16:30:00,1,Collision with vehicle,6,Friday,121,RIGHT THROUGH,1,270319,2,0,0,1,1,2,1,5,Not at intersection,3,60,Arterial Other,40-49,Other injury,Bicyclists
T20140005356,3/15/2014,8:08:00,1,Collision with vehicle,7,Saturday,147,VEHICLE STRIKES ANOTHER VEH WHILE EMERGING FROM DRIVEWAY,1,269766,2,0,0,1,1,2,1,5,Not at intersection,3,50,Local Road,40-49,Other injury,Bicyclists
T20140005374,3/4/2014,7:50:00,1,Collision with vehicle,2,Tuesday,148,VEHICLE OFF FOOTPATH STRIKES VEH ON CARRIAGEWAY,2,305843,2,0,0,1,1,2,2,5,Not at intersection,3,60,Arterial Highway,26-29,Other injury,Bicyclists
T20140005387,3/15/2014,17:45:00,1,Collision with vehicle,7,Saturday,111,RIGHT FAR (INTERSECTIONS ONLY),2,270353,2,0,0,1,1,2,1,1,Cross intersection,3,50,Local Road,50-59,Other injury,Bicyclists
T20140005398,3/15/2014,17:10:00,1,Collision with vehicle,7,Saturday,163,VEHICLE STRIKES DOOR OF PARKED/STATIONARY VEHICLE,2,36512,2,0,0,1,1,2,1,2,T intersection,3,50,Local Road,26-29,Other injury,Bicyclists
T20140005407,3/9/2014,23:15:00,8,No collision and no object struck,1,Sunday,198,OTHER ACCIDENTS NOT CLASSIFIABLE ELSEWHERE,3,273028,2,0,0,1,1,2,1,5,Not at intersection,3,60,Arterial Other,22-25,Other injury,Bicyclists
T20140005420,12/17/2013,11:00:00,8,No collision and no object struck,3,Tuesday,174,OUT OF CONTROL ON CARRIAGEWAY (ON STRAIGHT),1,272195,1,0,0,1,0,1,2,5,Not at intersection,3,60,Arterial Other,65-69,Other injury,Bicyclists
T20140005423,3/16/2014,11:10:00,1,Collision with vehicle,1,Sunday,116,LEFT NEAR (INTERSECTIONS ONLY),1,37838,2,0,0,1,1,2,1,3,Y intersection,3,60,Arterial Other,22-25,Other injury,Bicyclists
T20140005476,3/17/2014,8:45:00,1,Collision with vehicle,2,Monday,148,VEHICLE OFF FOOTPATH STRIKES VEH ON CARRIAGEWAY,1,58604,2,0,0,1,1,2,1,2,T intersection,3,50,Local Road,45424,Other injury,Bicyclists
T20140005482,3/17/2014,8:25:00,1,Collision with vehicle,2,Monday,122,LEFT THROUGH,1,69573,2,0,0,1,1,2,1,2,T intersection,3,40,Local Road,13-15,Other injury,Bicyclists
T20140005493,3/17/2014,11:15:00,1,Collision with vehicle,2,Monday,110,CROSS TRAFFIC(INTERSECTIONS ONLY),1,51611,2,0,0,1,1,2,1,4,Multiple intersection,3,50,Local Road,26-29,Other injury,Bicyclists
T20140005501,3/17/2014,11:50:00,1,Collision with vehicle,2,Monday,113,RIGHT NEAR (INTERSECTIONS ONLY),1,43253,2,0,0,1,1,2,2,1,Cross intersection,3,50,Local Road,30-39,Other injury,Bicyclists
T20140005531,3/17/2014,18:00:00,1,Collision with vehicle,2,Monday,147,VEHICLE STRIKES ANOTHER VEH WHILE EMERGING FROM DRIVEWAY,2,270625,2,0,0,1,1,2,2,5,Not at intersection,3,50,Arterial Other,40-49,Other injury,Bicyclists
T20140005552,3/18/2014,7:45:00,1,Collision with vehicle,3,Tuesday,110,CROSS TRAFFIC(INTERSECTIONS ONLY),2,36483,2,0,0,1,1,2,1,1,Cross intersection,3,60,Arterial Other,40-49,Other injury,Bicyclists
T20140005556,3/18/2014,9:00:00,1,Collision with vehicle,3,Tuesday,142,LEAVING PARKING,1,272198,2,0,1,0,1,2,1,5,Not at intersection,2,50,Local Road,70+,Serious injury,Bicyclists
T20140005558,3/18/2014,7:25:00,1,Collision with vehicle,3,Tuesday,143,ENTERING PARKING,2,270375,2,0,1,0,1,2,1,5,Not at intersection,2,40,Local Road,30-39,Serious injury,Bicyclists
T20140005560,3/18/2014,8:52:00,1,Collision with vehicle,3,Tuesday,143,ENTERING PARKING,1,356079,2,0,1,0,1,2,1,5,Not at intersection,2,50,Local Road,26-29,Serious injury,Bicyclists
T20140005638,3/13/2014,15:24:00,8,No collision and no object struck,5,Thursday,174,OUT OF CONTROL ON CARRIAGEWAY (ON STRAIGHT),1,282998,2,0,1,0,1,2,2,5,Not at intersection,2,60,Local Road,50-59,Serious injury,Bicyclists
T20140005644,3/19/2014,11:30:00,1,Collision with vehicle,4,Wednesday,130,REAR END(VEHICLES IN SAME LANE),9,65300,2,0,1,0,1,2,2,2,T intersection,2,50,Arterial Other,40-49,Serious injury,Bicyclists
T20140005654,3/19/2014,6:15:00,1,Collision with vehicle,4,Wednesday,114,TWO RIGHT TURNING (INTERSECTIONS ONLY),5,46479,2,0,1,0,1,2,1,4,Multiple intersection,2,70,Local Road,13-15,Serious injury,Bicyclists
T20140005677,3/19/2014,15:55:00,1,Collision with vehicle,4,Wednesday,121,RIGHT THROUGH,1,37434,2,0,0,1,1,2,1,2,T intersection,3,70,Local Road,26-29,Other injury,Bicyclists
T20140005679,3/19/2014,19:00:00,1,Collision with vehicle,4,Wednesday,133,LANE SIDE SWIPE (VEHICLES IN PARALLEL LANES),2,270433,2,0,0,1,1,2,2,5,Not at intersection,3,80,Arterial Other,30-39,Other injury,Bicyclists
T20140005680,3/19/2014,9:15:00,2,Struck Pedestrian,4,Wednesday,100,PED NEAR SIDE. PED HIT BY VEHICLE FROM THE RIGHT.,1,35360,1,0,0,1,1,2,2,1,Cross intersection,3,50,Local Road,30-39,Not injured,Bicyclists
T20140005708,3/19/2014,19:00:00,1,Collision with vehicle,4,Wednesday,130,REAR END(VEHICLES IN SAME LANE),2,270440,2,0,0,1,1,2,2,5,Not at intersection,3,999,Uknown,50-59,Other injury,Bicyclists
T20140005714,3/19/2014,19:00:00,1,Collision with vehicle,4,Wednesday,163,VEHICLE STRIKES DOOR OF PARKED/STATIONARY VEHICLE,1,272471,2,0,0,1,1,2,2,5,Not at intersection,3,60,Local Road,22-25,Other injury,Bicyclists
T20140005715,3/19/2014,8:00:00,2,Struck Pedestrian,4,Wednesday,100,PED NEAR SIDE. PED HIT BY VEHICLE FROM THE RIGHT.,1,267722,1,0,1,1,0,2,2,4,Multiple intersection,2,60,Arterial Other,30-39,Other injury,Bicyclists
T20140005717,3/20/2014,7:05:00,1,Collision with vehicle,5,Thursday,120,HEAD ON (NOT OVERTAKING),2,269778,2,0,1,0,1,2,1,5,Not at intersection,2,50,Uknown,26-29,Serious injury,Bicyclists
T20140005718,3/20/2014,11:00:00,1,Collision with vehicle,5,Thursday,110,CROSS TRAFFIC(INTERSECTIONS ONLY),1,64970,2,0,1,0,1,2,1,1,Cross intersection,2,50,Local Road,26-29,Serious injury,Bicyclists
T20140005720,3/19/2014,14:45:00,1,Collision with vehicle,4,Wednesday,137,LEFT TURN SIDESWIPE,1,270441,2,0,0,1,1,2,2,2,T intersection,3,40,Local Road,40-49,Other injury,Bicyclists
T20140005748,3/20/2014,15:20:00,1,Collision with vehicle,5,Thursday,121,RIGHT THROUGH,1,64015,2,0,1,0,1,2,1,2,T intersection,2,60,Arterial Other,13-15,Serious injury,Bicyclists
T20140005757,3/20/2014,14:46:00,1,Collision with vehicle,5,Thursday,137,LEFT TURN SIDESWIPE,1,43298,2,0,0,1,1,2,1,2,T intersection,3,40,Local Road,30-39,Other injury,Bicyclists
T20140005768,3/20/2014,19:30:00,1,Collision with vehicle,5,Thursday,163,VEHICLE STRIKES DOOR OF PARKED/STATIONARY VEHICLE,2,270341,2,0,1,0,2,3,1,5,Not at intersection,2,40,Arterial Other,22-25,Serious injury,Bicyclists
T20140005774,3/20/2014,17:57:00,1,Collision with vehicle,5,Thursday,148,VEHICLE OFF FOOTPATH STRIKES VEH ON CARRIAGEWAY,2,44562,2,0,1,0,1,2,1,2,T intersection,2,60,Arterial Highway,40-49,Serious injury,Bicyclists
T20140005809,3/17/2014,8:40:00,1,Collision with vehicle,2,Monday,163,VEHICLE STRIKES DOOR OF PARKED/STATIONARY VEHICLE,1,270316,2,0,0,1,1,2,2,2,T intersection,3,60,Local Road,30-39,Other injury,Bicyclists
T20140005863,3/16/2014,15:12:00,1,Collision with vehicle,1,Sunday,121,RIGHT THROUGH,1,40061,2,0,0,1,2,3,2,2,T intersection,3,60,Arterial Other,50-59,Other injury,Bicyclists
T20140005875,3/21/2014,21:13:00,1,Collision with vehicle,6,Friday,148,VEHICLE OFF FOOTPATH STRIKES VEH ON CARRIAGEWAY,3,282910,2,0,1,0,1,2,1,5,Not at intersection,2,70,Arterial Other,40-49,Serious injury,Bicyclists
T20140005884,3/21/2014,22:50:00,1,Collision with vehicle,6,Friday,116,LEFT NEAR (INTERSECTIONS ONLY),3,56784,2,0,0,1,1,2,1,1,Cross intersection,3,60,Local Road,30-39,Other injury,Bicyclists
T20140005890,3/22/2014,2:13:00,1,Collision with vehicle,7,Saturday,160,VEHICLE COLLIDES WITH VEHICLE PARKED ON LEFT OF ROAD,3,238,2,0,0,1,1,2,1,1,Cross intersection,3,40,Local Road,22-25,Other injury,Bicyclists
T20140005898,3/19/2014,17:45:00,1,Collision with vehicle,4,Wednesday,110,CROSS TRAFFIC(INTERSECTIONS ONLY),2,29406,2,0,0,1,1,2,2,1,Cross intersection,3,60,Local Road,26-29,Other injury,Bicyclists
T20140005899,3/21/2014,7:30:00,1,Collision with vehicle,6,Friday,131,LEFT REAR,2,39135,2,0,0,1,1,2,1,2,T intersection,3,60,Arterial Other,26-29,Other injury,Bicyclists
T20140005904,3/22/2014,9:50:00,1,Collision with vehicle,7,Saturday,111,RIGHT FAR (INTERSECTIONS ONLY),1,36804,2,0,1,0,1,2,1,1,Cross intersection,2,60,Local Road,18-21,Serious injury,Bicyclists
T20140005920,3/22/2014,9:30:00,1,Collision with vehicle,7,Saturday,121,RIGHT THROUGH,1,37721,2,0,0,1,1,2,1,2,T intersection,3,40,Arterial Other,26-29,Other injury,Bicyclists
T20140005928,3/19/2014,17:15:00,1,Collision with vehicle,4,Wednesday,137,LEFT TURN SIDESWIPE,2,269776,2,0,0,1,1,2,1,5,Not at intersection,3,60,Arterial Other,50-59,Other injury,Bicyclists
T20140005933,3/22/2014,14:42:00,1,Collision with vehicle,7,Saturday,137,LEFT TURN SIDESWIPE,1,57786,2,0,0,1,1,2,1,2,T intersection,3,60,Uknown,50-59,Other injury,Bicyclists
T20140005937,3/22/2014,17:05:00,1,Collision with vehicle,7,Saturday,153,CUTTING IN (OVERTAKING),2,259919,2,0,0,1,1,2,1,1,Cross intersection,3,40,Local Road,30-39,Other injury,Bicyclists
T20140005944,3/22/2014,15:45:00,1,Collision with vehicle,7,Saturday,148,VEHICLE OFF FOOTPATH STRIKES VEH ON CARRIAGEWAY,1,267132,2,0,0,1,1,2,1,4,Multiple intersection,3,80,Arterial Other,50-59,Other injury,Bicyclists
T20140005952,3/22/2014,16:10:00,1,Collision with vehicle,7,Saturday,137,LEFT TURN SIDESWIPE,1,112173,2,0,0,1,1,2,2,5,Not at intersection,3,999,Arterial Other,26-29,Other injury,Bicyclists
T20140006026,3/24/2014,7:00:00,1,Collision with vehicle,2,Monday,121,RIGHT THROUGH,2,35363,2,0,0,1,1,2,1,1,Cross intersection,3,30,Local Road,22-25,Other injury,Bicyclists
T20140006035,3/17/2014,12:30:00,8,No collision and no object struck,2,Monday,170,OFF CARRIAGEWAY TO LEFT,1,456,2,0,0,1,1,2,2,1,Cross intersection,3,40,Local Road,40-49,Other injury,Bicyclists
T20140006040,3/24/2014,7:38:00,1,Collision with vehicle,2,Monday,110,CROSS TRAFFIC(INTERSECTIONS ONLY),2,40181,2,0,1,0,1,2,1,1,Cross intersection,2,60,Local Road,30-39,Serious injury,Bicyclists
T20140006060,3/24/2014,15:10:00,1,Collision with vehicle,2,Monday,110,CROSS TRAFFIC(INTERSECTIONS ONLY),1,29361,2,0,0,1,1,2,1,1,Cross intersection,3,50,Local Road,22-25,Other injury,Bicyclists
T20140006068,3/24/2014,16:50:00,1,Collision with vehicle,2,Monday,148,VEHICLE OFF FOOTPATH STRIKES VEH ON CARRIAGEWAY,1,72232,2,0,1,0,1,2,1,2,T intersection,2,50,Local Road,13-15,Serious injury,Bicyclists
T20140006086,11/16/2013,10:00:00,1,Collision with vehicle,7,Saturday,136,RIGHT TURN SIDESWIPE,9,64512,2,0,0,1,1,2,2,1,Cross intersection,3,40,Local Road,30-39,Other injury,Bicyclists
T20140006102,3/20/2014,6:25:00,1,Collision with vehicle,5,Thursday,121,RIGHT THROUGH,2,36627,2,0,0,1,1,2,2,1,Cross intersection,3,50,Local Road,30-39,Other injury,Bicyclists
T20140006124,3/25/2014,9:15:00,8,No collision and no object struck,3,Tuesday,174,OUT OF CONTROL ON CARRIAGEWAY (ON STRAIGHT),1,270576,1,0,0,1,0,1,2,5,Not at intersection,3,60,Arterial Other,26-29,Other injury,Bicyclists
T20140006129,3/22/2014,15:00:00,1,Collision with vehicle,7,Saturday,147,VEHICLE STRIKES ANOTHER VEH WHILE EMERGING FROM DRIVEWAY,1,270940,2,0,0,1,1,2,2,5,Not at intersection,3,888,Local Road,13-15,Other injury,Bicyclists
T20140006135,3/25/2014,10:45:00,1,Collision with vehicle,3,Tuesday,121,RIGHT THROUGH,1,275324,2,0,0,1,1,2,2,5,Not at intersection,3,60,Arterial Other,18-21,Other injury,Bicyclists
T20140006172,3/25/2014,19:10:00,1,Collision with vehicle,3,Tuesday,116,LEFT NEAR (INTERSECTIONS ONLY),2,270432,2,0,0,1,1,2,2,2,T intersection,3,60,Local Road,13-15,Other injury,Bicyclists
T20140006194,3/22/2014,12:30:00,1,Collision with vehicle,7,Saturday,163,VEHICLE STRIKES DOOR OF PARKED/STATIONARY VEHICLE,1,133399,2,0,0,1,1,2,2,5,Not at intersection,3,40,Local Road,22-25,Other injury,Bicyclists
T20140006200,12/7/2013,11:45:00,8,No collision and no object struck,7,Saturday,174,OUT OF CONTROL ON CARRIAGEWAY (ON STRAIGHT),1,269893,1,0,0,1,0,1,2,5,Not at intersection,3,999,Local Road,26-29,Other injury,Bicyclists
T20140006205,3/26/2014,8:45:00,1,Collision with vehicle,4,Wednesday,116,LEFT NEAR (INTERSECTIONS ONLY),1,272924,2,0,1,0,1,2,1,2,T intersection,2,100,Local Road,60-64,Serious injury,Bicyclists
T20140006228,3/26/2014,15:00:00,1,Collision with vehicle,4,Wednesday,110,CROSS TRAFFIC(INTERSECTIONS ONLY),1,167,2,0,0,1,1,2,1,1,Cross intersection,3,70,Arterial Other,40-49,Other injury,Bicyclists
T20140006231,3/20/2014,16:30:00,1,Collision with vehicle,4,Thursday,133,LANE SIDE SWIPE (VEHICLES IN PARALLEL LANES),1,270345,2,0,0,1,1,2,2,1,Cross intersection,3,60,Local Road,22-25,Other injury,Bicyclists
T20140006246,3/26/2014,8:25:00,1,Collision with vehicle,4,Wednesday,163,VEHICLE STRIKES DOOR OF PARKED/STATIONARY VEHICLE,1,216037,2,0,0,1,2,3,2,5,Not at intersection,3,50,Local Road,30-39,Other injury,Bicyclists
T20140006248,3/26/2014,18:20:00,1,Collision with vehicle,4,Wednesday,147,VEHICLE STRIKES ANOTHER VEH WHILE EMERGING FROM DRIVEWAY,2,275262,2,0,1,0,1,2,1,5,Not at intersection,2,70,Arterial Highway,70+,Serious injury,Bicyclists
T20140006258,3/26/2014,10:15:00,1,Collision with vehicle,4,Wednesday,137,LEFT TURN SIDESWIPE,1,270588,2,0,0,1,1,2,2,5,Not at intersection,3,40,Local Road,26-29,Other injury,Bicyclists
T20140006331,3/21/2014,10:00:00,1,Collision with vehicle,6,Friday,110,CROSS TRAFFIC(INTERSECTIONS ONLY),1,51922,2,0,0,1,1,2,2,1,Cross intersection,3,80,Arterial Other,40-49,Other injury,Bicyclists
T20140006342,3/27/2014,16:46:00,2,Struck Pedestrian,5,Thursday,106,VEH STRIKES PED ON FOOTPATH/MEDIAN/TRAFFIC ISLAND.,1,270452,1,0,0,1,1,2,1,5,Not at intersection,3,888,Arterial Highway,40-49,Not injured,Bicyclists
T20140006363,3/27/2014,22:54:00,1,Collision with vehicle,5,Thursday,163,VEHICLE STRIKES DOOR OF PARKED/STATIONARY VEHICLE,3,270459,3,0,1,0,2,3,1,5,Not at intersection,2,40,Local Road,26-29,Serious injury,Bicyclists
T20140006396,3/28/2014,11:00:00,1,Collision with vehicle,6,Friday,121,RIGHT THROUGH,1,29615,2,0,1,0,1,2,1,2,T intersection,2,60,Arterial Highway,22-25,Serious injury,Bicyclists
T20140006397,3/25/2014,0:00:00,1,Collision with vehicle,2,Tuesday,137,LEFT TURN SIDESWIPE,3,30939,2,0,0,1,1,2,2,1,Cross intersection,3,60,Arterial Highway,26-29,Other injury,Bicyclists
T20140006407,3/28/2014,6:35:00,1,Collision with vehicle,6,Friday,120,HEAD ON (NOT OVERTAKING),2,277039,2,1,0,0,1,2,1,5,Not at intersection,1,100,Arterial Other,40-49,Fatality,Bicyclists
T20140006416,3/28/2014,16:58:00,1,Collision with vehicle,6,Friday,160,VEHICLE COLLIDES WITH VEHICLE PARKED ON LEFT OF ROAD,1,270872,2,0,0,1,0,1,1,5,Not at intersection,3,50,Local Road,22-25,Other injury,Bicyclists
T20140006426,3/28/2014,19:10:00,1,Collision with vehicle,6,Friday,113,RIGHT NEAR (INTERSECTIONS ONLY),2,59624,2,0,0,1,1,2,2,1,Cross intersection,3,50,Local Road,50-59,Other injury,Bicyclists
T20140006427,3/28/2014,14:00:00,1,Collision with vehicle,6,Friday,116,LEFT NEAR (INTERSECTIONS ONLY),1,42783,2,0,0,1,1,2,2,2,T intersection,3,50,Arterial Other,13-15,Other injury,Bicyclists
T20140006437,3/19/2014,17:00:00,1,Collision with vehicle,4,Wednesday,163,VEHICLE STRIKES DOOR OF PARKED/STATIONARY VEHICLE,2,36028,2,0,0,1,2,3,2,1,Cross intersection,3,60,Local Road,50-59,Other injury,Bicyclists
T20140006440,3/28/2014,20:35:00,1,Collision with vehicle,6,Friday,163,VEHICLE STRIKES DOOR OF PARKED/STATIONARY VEHICLE,2,270491,2,0,0,1,2,3,2,5,Not at intersection,3,60,Arterial Other,26-29,Other injury,Bicyclists
T20140006467,3/29/2014,8:15:00,1,Collision with vehicle,7,Saturday,160,VEHICLE COLLIDES WITH VEHICLE PARKED ON LEFT OF ROAD,1,269792,2,0,1,0,1,2,1,5,Not at intersection,2,60,Arterial Highway,50-59,Serious injury,Bicyclists
T20140006475,3/27/2014,10:05:00,1,Collision with vehicle,5,Thursday,110,CROSS TRAFFIC(INTERSECTIONS ONLY),1,57568,2,0,0,1,1,2,2,1,Cross intersection,3,50,Local Road,18-21,Other injury,Bicyclists
T20140006481,3/29/2014,13:50:00,1,Collision with vehicle,7,Saturday,121,RIGHT THROUGH,1,270693,2,0,0,1,1,2,1,5,Not at intersection,3,60,Arterial Other,22-25,Other injury,Bicyclists
T20140006490,3/29/2014,16:05:00,1,Collision with vehicle,7,Saturday,131,LEFT REAR,1,29593,3,0,0,1,2,3,1,2,T intersection,3,50,Local Road,18-21,Other injury,Bicyclists
T20140006577,3/29/2014,20:00:00,8,No collision and no object struck,7,Saturday,174,OUT OF CONTROL ON CARRIAGEWAY (ON STRAIGHT),2,39398,2,0,0,1,2,3,2,2,T intersection,3,70,Arterial Other,30-39,Other injury,Bicyclists
T20140006620,3/16/2014,8:00:00,1,Collision with vehicle,1,Sunday,121,RIGHT THROUGH,1,60765,2,0,0,1,1,2,2,2,T intersection,3,50,Local Road,18-21,Other injury,Bicyclists
T20140006623,3/30/2014,13:20:00,1,Collision with vehicle,1,Sunday,163,VEHICLE STRIKES DOOR OF PARKED/STATIONARY VEHICLE,1,271389,2,0,0,1,1,2,2,5,Not at intersection,3,999,Local Road,26-29,Other injury,Bicyclists
T20140006640,3/31/2014,9:10:00,1,Collision with vehicle,2,Monday,137,LEFT TURN SIDESWIPE,1,41153,2,0,0,1,2,3,1,3,Y intersection,3,60,Local Road,30-39,Other injury,Bicyclists
T20140006644,3/30/2014,19:00:00,1,Collision with vehicle,1,Sunday,163,VEHICLE STRIKES DOOR OF PARKED/STATIONARY VEHICLE,2,37708,2,0,0,2,0,2,2,2,T intersection,3,60,Local Road,22-25,Other injury,Bicyclists
T20140006656,3/31/2014,17:20:00,1,Collision with vehicle,2,Monday,110,CROSS TRAFFIC(INTERSECTIONS ONLY),2,36603,2,0,1,0,2,3,1,1,Cross intersection,2,60,Local Road,50-59,Serious injury,Bicyclists
T20140006660,3/31/2014,14:22:00,2,Struck Pedestrian,2,Monday,102,FAR SIDE. PED HIT BY VEHICLE FROM THE LEFT,1,29590,1,0,1,0,1,2,1,1,Cross intersection,2,60,Arterial Other,16-17,Not injured,Bicyclists
T20140006695,4/1/2014,7:10:00,1,Collision with vehicle,3,Tuesday,121,RIGHT THROUGH,2,270567,2,0,0,1,1,2,1,2,T intersection,3,60,Arterial Other,30-39,Other injury,Bicyclists
T20140006696,3/31/2014,17:50:00,1,Collision with vehicle,2,Monday,121,RIGHT THROUGH,2,39024,2,0,1,0,1,2,1,2,T intersection,2,60,Arterial Other,40-49,Serious injury,Bicyclists
T20140006697,2/12/2014,12:10:00,1,Collision with vehicle,4,Wednesday,137,LEFT TURN SIDESWIPE,1,45370,2,0,0,1,1,2,2,2,T intersection,3,60,Arterial Other,18-21,Other injury,Bicyclists
T20140006728,4/1/2014,8:30:00,1,Collision with vehicle,3,Tuesday,116,LEFT NEAR (INTERSECTIONS ONLY),1,37724,2,0,0,1,1,2,1,1,Cross intersection,3,60,Arterial Other,30-39,Other injury,Bicyclists
T20140006738,3/26/2014,15:00:00,4,Collision with a fixed object,4,Wednesday,171,LEFT OFF CARRIAGEWAY INTO OBJECT/PARKED VEHICLE,1,64476,2,0,1,0,1,2,2,1,Cross intersection,2,999,Local Road,50-59,Serious injury,Bicyclists
T20140006753,7/7/2013,13:30:00,8,No collision and no object struck,1,Sunday,174,OUT OF CONTROL ON CARRIAGEWAY (ON STRAIGHT),1,269670,2,0,1,0,1,2,2,5,Not at intersection,2,60,Local Road,40-49,Serious injury,Bicyclists
T20140006787,3/30/2014,21:45:00,1,Collision with vehicle,1,Sunday,130,REAR END(VEHICLES IN SAME LANE),3,271572,2,0,0,1,2,3,1,5,Not at intersection,3,40,Local Road,30-39,Other injury,Bicyclists