ACCIDENT_NO,ACCIDENT_DATE,ACCIDENT_TIME,ACCIDENT_TYPE,ACCIDENT_TYPE_DESC,DAY_OF_WEEK,DAY_WEEK_DESC,DCA_CODE,DCA_DESC,LIGHT_CONDITION,NODE_ID,NO_OF_VEHICLES,NO_PERSONS_KILLED,NO_PERSONS_INJ_2,NO_PERSONS_INJ_3,NO_PERSONS_NOT_INJ,NO_PERSONS,POLICE_ATTEND,ROAD_GEOMETRY,ROAD_GEOMETRY_DESC,SEVERITY,SPEED_ZONE,RMA,AGE_GROUP,INJ_LEVEL,ROAD_USER_TYPE_DESC
T20140006789,4/2/2014,8:30:00,1,Collision with vehicle,4,Wednesday,163,VEHICLE STRIKES DOOR OF PARKED/STATIONARY VEHICLE,1,269828,2,0,1,0,2,3,1,5,Not at intersection,2,60,Arterial Other,50-59,Serious injury,Bicyclists
T20140006791,3/6/2014,8:15:00,1,Collision with vehicle,5,Thursday,116,LEFT NEAR (INTERSECTIONS ONLY),1,249,2,0,0,1,1,2,2,1,Cross intersection,3,60,Freeway,30-39,Other injury,Bicyclists
T20140006798,3/28/2014,16:00:00,1,Collision with vehicle,6,Friday,121,RIGHT THROUGH,1,61945,2,0,1,0,1,2,2,2,T intersection,2,50,Local Road,40-49,Serious injury,Bicyclists
T20140006842,3/27/2014,15:00:00,1,Collision with vehicle,5,Thursday,163,VEHICLE STRIKES DOOR OF PARKED/STATIONARY VEHICLE,1,36166,2,0,0,1,1,2,2,1,Cross intersection,3,40,Local Road,30-39,Other injury,Bicyclists
T20140006845,3/31/2014,16:30:00,1,Collision with vehicle,2,Monday,136,RIGHT TURN SIDESWIPE,1,37606,2,0,0,1,1,2,2,2,T intersection,3,60,Local Road,22-25,Other injury,Bicyclists
T20140006869,4/3/2014,6:55:00,1,Collision with vehicle,5,Thursday,113,RIGHT NEAR (INTERSECTIONS ONLY),2,40168,2,0,0,1,1,2,1,2,T intersection,3,60,Arterial Other,13-15,Other injury,Bicyclists
T20140006873,4/3/2014,8:30:00,1,Collision with vehicle,5,Thursday,133,LANE SIDE SWIPE (VEHICLES IN PARALLEL LANES),1,269833,2,0,0,1,1,2,1,5,Not at intersection,3,60,Local Road,30-39,Other injury,Bicyclists
T20140006886,3/31/2014,8:20:00,1,Collision with vehicle,2,Monday,137,LEFT TURN SIDESWIPE,1,45633,2,0,1,0,1,2,2,2,T intersection,2,40,Arterial Other,26-29,Serious injury,Bicyclists
T20140006910,4/3/2014,14:00:00,1,Collision with vehicle,5,Thursday,163,VEHICLE STRIKES DOOR OF PARKED/STATIONARY VEHICLE,1,271302,2,0,0,1,1,2,2,5,Not at intersection,3,50,Local Road,40-49,Other injury,Bicyclists
T20140006913,4/1/2014,15:15:00,1,Collision with vehicle,3,Tuesday,110,CROSS TRAFFIC(INTERSECTIONS ONLY),1,57411,2,0,0,1,1,2,2,1,Cross intersection,3,70,Arterial Highway,26-29,Other injury,Bicyclists
T20140006917,3/26/2014,6:30:00,1,Collision with vehicle,4,Wednesday,147,VEHICLE STRIKES ANOTHER VEH WHILE EMERGING FROM DRIVEWAY,2,269988,2,0,0,1,1,2,2,5,Not at intersection,3,50,Local Road,40-49,Other injury,Bicyclists
T20140006974,10/10/2013,15:30:00,1,Collision with vehicle,5,Thursday,163,VEHICLE STRIKES DOOR OF PARKED/STATIONARY VEHICLE,1,269669,2,0,0,1,1,2,2,5,Not at intersection,3,50,Local Road,22-25,Other injury,Bicyclists
T20140006975,2/12/2014,11:30:00,1,Collision with vehicle,4,Wednesday,137,LEFT TURN SIDESWIPE,1,48951,2,0,0,1,1,2,2,2,T intersection,3,60,Arterial Other,22-25,Other injury,Bicyclists
T20140006989,3/18/2014,7:00:00,1,Collision with vehicle,3,Tuesday,148,VEHICLE OFF FOOTPATH STRIKES VEH ON CARRIAGEWAY,2,272403,2,0,1,0,1,2,2,2,T intersection,2,999,Local Road,65-69,Serious injury,Bicyclists
T20140007000,4/4/2014,16:00:00,1,Collision with vehicle,6,Friday,137,LEFT TURN SIDESWIPE,1,270665,2,0,0,1,1,2,1,5,Not at intersection,3,80,Arterial Highway,22-25,Other injury,Bicyclists
T20140007010,4/4/2014,20:35:00,2,Struck Pedestrian,6,Friday,100,PED NEAR SIDE. PED HIT BY VEHICLE FROM THE RIGHT.,2,65743,1,0,0,1,1,2,2,1,Cross intersection,3,40,Local Road,Unknown,Not injured,Bicyclists
T20140007027,4/5/2014,1:07:00,1,Collision with vehicle,7,Saturday,110,CROSS TRAFFIC(INTERSECTIONS ONLY),3,863,2,0,1,0,3,4,1,1,Cross intersection,2,60,Arterial Highway,18-21,Serious injury,Bicyclists
T20140007083,1/8/2014,8:00:00,1,Collision with vehicle,4,Wednesday,121,RIGHT THROUGH,1,65851,2,0,0,1,1,2,2,1,Cross intersection,3,40,Arterial Other,22-25,Other injury,Bicyclists
T20140007086,4/5/2014,21:00:00,1,Collision with vehicle,7,Saturday,111,RIGHT FAR (INTERSECTIONS ONLY),3,39916,2,0,0,1,1,2,1,1,Cross intersection,3,60,Uknown,22-25,Other injury,Bicyclists
T20140007135,12/17/2013,8:39:00,1,Collision with vehicle,3,Tuesday,133,LANE SIDE SWIPE (VEHICLES IN PARALLEL LANES),1,269899,3,0,0,1,2,3,1,5,Not at intersection,3,60,Arterial Other,50-59,Other injury,Bicyclists
T20140007155,4/7/2014,6:00:00,1,Collision with vehicle,2,Monday,121,RIGHT THROUGH,2,70620,2,0,1,0,1,2,1,2,T intersection,2,60,Arterial Highway,40-49,Serious injury,Bicyclists
T20140007159,4/6/2014,9:05:00,1,Collision with vehicle,1,Sunday,163,VEHICLE STRIKES DOOR OF PARKED/STATIONARY VEHICLE,1,41137,2,0,0,1,1,2,1,1,Cross intersection,3,60,Arterial Other,50-59,Other injury,Bicyclists
T20140007160,4/7/2014,7:10:00,1,Collision with vehicle,2,Monday,116,LEFT NEAR (INTERSECTIONS ONLY),2,267305,2,0,0,1,1,2,1,2,T intersection,3,70,Arterial Other,40-49,Other injury,Bicyclists
T20140007161,4/6/2014,11:00:00,1,Collision with vehicle,0,Sunday,136,RIGHT TURN SIDESWIPE,1,36349,2,0,0,1,2,3,1,2,T intersection,3,60,Arterial Other,40-49,Other injury,Bicyclists
T20140007166,4/7/2014,9:30:00,1,Collision with vehicle,2,Monday,163,VEHICLE STRIKES DOOR OF PARKED/STATIONARY VEHICLE,1,270889,2,0,0,1,1,2,2,5,Not at intersection,3,50,Local Road,30-39,Other injury,Bicyclists
T20140007173,3/24/2014,12:00:00,1,Collision with vehicle,2,Monday,147,VEHICLE STRIKES ANOTHER VEH WHILE EMERGING FROM DRIVEWAY,9,271860,2,0,0,1,1,2,2,5,Not at intersection,3,50,Arterial Other,30-39,Other injury,Bicyclists
T20140007203,4/7/2014,17:30:00,1,Collision with vehicle,2,Monday,113,RIGHT NEAR (INTERSECTIONS ONLY),2,49034,2,0,1,0,1,2,1,2,T intersection,2,50,Local Road,16-17,Serious injury,Bicyclists
T20140007236,4/7/2014,18:00:00,1,Collision with vehicle,2,Monday,116,LEFT NEAR (INTERSECTIONS ONLY),2,44309,2,0,0,1,1,2,2,1,Cross intersection,3,60,Arterial Other,26-29,Other injury,Bicyclists
T20140007246,4/8/2014,13:23:00,1,Collision with vehicle,3,Tuesday,113,RIGHT NEAR (INTERSECTIONS ONLY),1,305924,2,0,1,0,1,2,1,2,T intersection,2,60,Local Road,40-49,Serious injury,Bicyclists
T20140007254,4/8/2014,14:00:00,1,Collision with vehicle,3,Tuesday,110,CROSS TRAFFIC(INTERSECTIONS ONLY),1,41354,2,0,1,0,1,2,1,1,Cross intersection,2,60,Arterial Other,22-25,Serious injury,Bicyclists
T20140007270,4/8/2014,17:09:00,1,Collision with vehicle,3,Tuesday,121,RIGHT THROUGH,2,37730,2,0,1,0,1,2,1,2,T intersection,2,40,Arterial Other,26-29,Serious injury,Bicyclists
T20140007275,4/8/2014,17:15:00,1,Collision with vehicle,3,Tuesday,121,RIGHT THROUGH,2,169,2,0,0,1,1,2,2,1,Cross intersection,3,40,Arterial Highway,30-39,Other injury,Bicyclists
T20140007280,3/31/2014,7:34:00,1,Collision with vehicle,2,Monday,137,LEFT TURN SIDESWIPE,2,57442,2,0,0,1,1,2,2,2,T intersection,3,999,Uknown,30-39,Other injury,Bicyclists
T20140007282,4/8/2014,18:45:00,1,Collision with vehicle,3,Tuesday,134,LANE CHANGE RIGHT (NOT OVERTAKING),2,270698,2,0,0,1,1,2,2,5,Not at intersection,3,70,Arterial Other,30-39,Other injury,Bicyclists
T20140007321,3/18/2014,9:30:00,1,Collision with vehicle,3,Tuesday,143,ENTERING PARKING,1,34279,2,0,0,1,1,2,2,5,Not at intersection,3,40,Local Road,30-39,Other injury,Bicyclists
T20140007324,1/20/2014,8:48:00,1,Collision with vehicle,2,Monday,163,VEHICLE STRIKES DOOR OF PARKED/STATIONARY VEHICLE,1,36834,2,0,0,1,2,3,2,1,Cross intersection,3,40,Arterial Other,26-29,Other injury,Bicyclists
T20140007351,4/7/2014,19:45:00,1,Collision with vehicle,2,Monday,163,VEHICLE STRIKES DOOR OF PARKED/STATIONARY VEHICLE,3,270904,2,0,0,1,1,2,2,5,Not at intersection,3,40,Local Road,30-39,Other injury,Bicyclists
T20140007413,4/10/2014,7:46:00,1,Collision with vehicle,5,Thursday,113,RIGHT NEAR (INTERSECTIONS ONLY),2,31040,2,0,1,0,1,2,1,2,T intersection,2,60,Arterial Other,50-59,Serious injury,Bicyclists
T20140007458,2/28/2014,8:00:00,1,Collision with vehicle,6,Friday,130,REAR END(VEHICLES IN SAME LANE),1,270018,2,0,0,1,1,2,2,5,Not at intersection,3,999,Arterial Other,26-29,Other injury,Bicyclists
T20140007508,3/26/2014,6:10:00,1,Collision with vehicle,4,Wednesday,110,CROSS TRAFFIC(INTERSECTIONS ONLY),5,71199,2,0,0,1,1,2,2,1,Cross intersection,3,50,Local Road,50-59,Other injury,Bicyclists
T20140007529,4/11/2014,5:50:00,1,Collision with vehicle,6,Friday,116,LEFT NEAR (INTERSECTIONS ONLY),3,70620,2,0,1,0,1,2,2,2,T intersection,2,999,Arterial Highway,40-49,Serious injury,Bicyclists
T20140007543,4/2/2014,18:30:00,1,Collision with vehicle,4,Wednesday,110,CROSS TRAFFIC(INTERSECTIONS ONLY),2,29361,2,0,0,1,1,2,2,1,Cross intersection,3,50,Local Road,22-25,Other injury,Bicyclists
T20140007548,3/20/2014,9:20:00,8,No collision and no object struck,5,Thursday,174,OUT OF CONTROL ON CARRIAGEWAY (ON STRAIGHT),1,36884,2,0,1,0,1,2,2,1,Cross intersection,2,40,Local Road,50-59,Serious injury,Bicyclists
T20140007561,4/10/2014,16:40:00,1,Collision with vehicle,5,Thursday,163,VEHICLE STRIKES DOOR OF PARKED/STATIONARY VEHICLE,2,230454,2,0,0,1,1,2,2,2,T intersection,3,60,Arterial Other,26-29,Other injury,Bicyclists
T20140007565,4/2/2014,17:30:00,1,Collision with vehicle,3,Wednesday,163,VEHICLE STRIKES DOOR OF PARKED/STATIONARY VEHICLE,2,331479,2,0,0,1,1,2,2,5,Not at intersection,3,50,Arterial Other,26-29,Other injury,Bicyclists
T20140007576,4/11/2014,18:30:00,1,Collision with vehicle,6,Friday,121,RIGHT THROUGH,2,36499,2,0,0,1,1,2,1,1,Cross intersection,3,40,Local Road,30-39,Other injury,Bicyclists
T20140007598,4/11/2014,23:40:00,1,Collision with vehicle,6,Friday,119,OTHER ADJACENT (INTERSECTIONS ONLY),3,271305,2,0,2,0,0,2,1,2,T intersection,2,60,Arterial Highway,26-29,Serious injury,Bicyclists
T20140007602,4/12/2014,7:05:00,1,Collision with vehicle,7,Saturday,120,HEAD ON (NOT OVERTAKING),2,271596,2,0,0,1,1,2,1,5,Not at intersection,3,50,Local Road,30-39,Other injury,Bicyclists
T20140007606,3/21/2014,12:40:00,1,Collision with vehicle,6,Friday,147,VEHICLE STRIKES ANOTHER VEH WHILE EMERGING FROM DRIVEWAY,1,274879,2,0,0,1,1,2,2,5,Not at intersection,3,60,Local Road,50-59,Other injury,Bicyclists
T20140007607,4/12/2014,8:20:00,1,Collision with vehicle,7,Saturday,147,VEHICLE STRIKES ANOTHER VEH WHILE EMERGING FROM DRIVEWAY,1,270955,2,0,0,1,1,2,1,2,T intersection,3,30,Arterial Other,22-25,Other injury,Bicyclists
T20140007610,4/12/2014,9:00:00,6,Vehicle overturned (no collision),7,Saturday,184,OUT OF CONTROL ON CARRIAGEWAY (ON BEND),1,270214,1,0,1,0,0,1,1,5,Not at intersection,2,70,Arterial Other,30-39,Serious injury,Bicyclists
T20140007619,4/12/2014,12:15:00,1,Collision with vehicle,7,Saturday,116,LEFT NEAR (INTERSECTIONS ONLY),1,29729,2,0,0,1,1,2,1,2,T intersection,3,60,Arterial Highway,22-25,Other injury,Bicyclists
T20140007682,4/1/2014,7:05:00,1,Collision with vehicle,3,Tuesday,113,RIGHT NEAR (INTERSECTIONS ONLY),2,55652,2,0,0,1,1,2,2,1,Cross intersection,3,70,Local Road,40-49,Other injury,Bicyclists
T20140007696,3/13/2014,17:00:00,1,Collision with vehicle,5,Thursday,163,VEHICLE STRIKES DOOR OF PARKED/STATIONARY VEHICLE,2,41363,2,0,0,1,1,2,2,5,Not at intersection,3,60,Arterial Highway,30-39,Other injury,Bicyclists
T20140007715,2/20/2014,16:50:00,1,Collision with vehicle,5,Thursday,137,LEFT TURN SIDESWIPE,1,51730,2,0,0,1,1,2,2,1,Cross intersection,3,60,Local Road,40-49,Other injury,Bicyclists
T20140007739,4/14/2014,9:40:00,1,Collision with vehicle,2,Monday,147,VEHICLE STRIKES ANOTHER VEH WHILE EMERGING FROM DRIVEWAY,1,270795,2,0,0,1,1,2,1,5,Not at intersection,3,60,Local Road,50-59,Other injury,Bicyclists
T20140007766,4/14/2014,14:55:00,1,Collision with vehicle,2,Monday,147,VEHICLE STRIKES ANOTHER VEH WHILE EMERGING FROM DRIVEWAY,1,270797,2,0,0,1,1,2,1,1,Cross intersection,3,50,Local Road,65-69,Other injury,Bicyclists
T20140007785,4/14/2014,15:20:00,1,Collision with vehicle,2,Monday,134,LANE CHANGE RIGHT (NOT OVERTAKING),1,66818,2,0,0,1,1,2,1,2,T intersection,3,40,Arterial Other,30-39,Other injury,Bicyclists
T20140007830,4/15/2014,13:29:00,1,Collision with vehicle,3,Tuesday,130,REAR END(VEHICLES IN SAME LANE),1,36122,2,0,1,0,1,2,1,1,Cross intersection,2,50,Local Road,40-49,Serious injury,Bicyclists
T20140007851,4/15/2014,17:50:00,1,Collision with vehicle,3,Tuesday,137,LEFT TURN SIDESWIPE,2,225776,2,0,1,0,1,2,1,1,Cross intersection,2,80,Arterial Other,40-49,Serious injury,Bicyclists
T20140007871,4/16/2014,7:34:00,1,Collision with vehicle,4,Wednesday,110,CROSS TRAFFIC(INTERSECTIONS ONLY),2,37854,2,0,0,1,1,2,1,1,Cross intersection,3,40,Local Road,40-49,Other injury,Bicyclists
T20140007882,4/16/2014,11:40:00,1,Collision with vehicle,4,Wednesday,143,ENTERING PARKING,1,266642,2,0,1,0,1,2,1,5,Not at intersection,2,40,Local Road,30-39,Serious injury,Bicyclists
T20140007883,4/16/2014,10:48:00,1,Collision with vehicle,4,Wednesday,137,LEFT TURN SIDESWIPE,1,271009,2,0,0,1,2,3,1,5,Not at intersection,3,60,Uknown,30-39,Other injury,Bicyclists
T20140007896,3/14/2014,7:45:00,1,Collision with vehicle,6,Friday,137,LEFT TURN SIDESWIPE,2,65767,2,0,0,1,1,2,2,2,T intersection,3,40,Local Road,26-29,Other injury,Bicyclists
T20140007897,4/16/2014,13:25:00,1,Collision with vehicle,4,Wednesday,116,LEFT NEAR (INTERSECTIONS ONLY),1,271011,2,0,0,1,1,2,1,2,T intersection,3,70,Arterial Other,Unknown,Other injury,Bicyclists
T20140007907,4/16/2014,16:10:00,1,Collision with vehicle,4,Wednesday,148,VEHICLE OFF FOOTPATH STRIKES VEH ON CARRIAGEWAY,1,271014,2,0,0,1,1,2,1,1,Cross intersection,3,60,Arterial Highway,45424,Other injury,Bicyclists
T20140007959,4/17/2014,10:00:00,4,Collision with a fixed object,5,Thursday,173,RIGHT OFF CARRIAGEWAY INTO OBJECT/PARKED VEHICLE,1,271581,2,0,0,1,1,2,2,2,T intersection,3,40,Uknown,60-64,Other injury,Bicyclists
T20140007990,3/26/2014,16:50:00,1,Collision with vehicle,4,Wednesday,142,LEAVING PARKING,1,270646,2,0,0,1,2,3,2,5,Not at intersection,3,40,Local Road,30-39,Other injury,Bicyclists
T20140007998,4/11/2014,7:45:00,1,Collision with vehicle,6,Friday,110,CROSS TRAFFIC(INTERSECTIONS ONLY),2,278582,2,0,0,1,1,2,2,1,Cross intersection,3,50,Local Road,40-49,Other injury,Bicyclists
T20140008000,4/17/2014,16:34:00,1,Collision with vehicle,5,Thursday,121,RIGHT THROUGH,1,39578,2,0,1,0,1,2,1,1,Cross intersection,2,80,Arterial Highway,40-49,Serious injury,Bicyclists
T20140008027,3/27/2014,17:00:00,1,Collision with vehicle,4,Thursday,133,LANE SIDE SWIPE (VEHICLES IN PARALLEL LANES),2,36317,2,0,0,1,1,2,1,1,Cross intersection,3,50,Local Road,30-39,Other injury,Bicyclists
T20140008038,4/12/2014,12:00:00,1,Collision with vehicle,7,Saturday,163,VEHICLE STRIKES DOOR OF PARKED/STATIONARY VEHICLE,9,270957,2,0,0,1,1,2,2,5,Not at intersection,3,999,Local Road,30-39,Other injury,Bicyclists
T20140008104,4/19/2014,9:48:00,1,Collision with vehicle,7,Saturday,160,VEHICLE COLLIDES WITH VEHICLE PARKED ON LEFT OF ROAD,1,270888,2,0,0,1,2,3,1,5,Not at intersection,3,60,Local Road,50-59,Other injury,Bicyclists
T20140008128,4/19/2014,12:50:00,1,Collision with vehicle,7,Saturday,121,RIGHT THROUGH,1,43197,2,0,0,1,1,2,1,2,T intersection,3,60,Local Road,13-15,Other injury,Bicyclists
T20140008178,4/20/2014,15:57:00,1,Collision with vehicle,1,Sunday,111,RIGHT FAR (INTERSECTIONS ONLY),1,29383,2,0,0,1,2,3,1,2,T intersection,3,50,Arterial Other,40-49,Other injury,Bicyclists
T20140008187,4/20/2014,19:00:00,1,Collision with vehicle,1,Sunday,113,RIGHT NEAR (INTERSECTIONS ONLY),2,248979,2,0,1,0,1,2,1,2,T intersection,2,60,Local Road,40-49,Serious injury,Bicyclists
T20140008210,4/21/2014,10:00:00,1,Collision with vehicle,2,Monday,153,CUTTING IN (OVERTAKING),1,271641,2,0,0,1,2,3,2,5,Not at intersection,3,80,Uknown,40-49,Other injury,Bicyclists
T20140008222,4/21/2014,7:25:00,1,Collision with vehicle,2,Monday,133,LANE SIDE SWIPE (VEHICLES IN PARALLEL LANES),2,271487,2,0,0,1,1,2,2,5,Not at intersection,3,70,Arterial Other,50-59,Other injury,Bicyclists
T20140008232,4/21/2014,14:35:00,1,Collision with vehicle,2,Monday,110,CROSS TRAFFIC(INTERSECTIONS ONLY),1,224810,2,0,0,1,2,3,1,1,Cross intersection,3,50,Local Road,50-59,Other injury,Bicyclists
T20140008236,4/21/2014,18:30:00,1,Collision with vehicle,2,Monday,163,VEHICLE STRIKES DOOR OF PARKED/STATIONARY VEHICLE,2,37140,2,0,1,0,2,3,1,1,Cross intersection,2,40,Arterial Other,30-39,Serious injury,Bicyclists
T20140008258,4/22/2014,8:35:00,1,Collision with vehicle,3,Tuesday,148,VEHICLE OFF FOOTPATH STRIKES VEH ON CARRIAGEWAY,1,36757,2,0,0,1,1,2,1,2,T intersection,3,60,Arterial Other,45424,Other injury,Bicyclists
T20140008266,4/22/2014,11:10:00,1,Collision with vehicle,3,Tuesday,135,LANE CHANGE LEFT (NOT OVERTAKING),1,115393,2,0,0,1,1,2,1,5,Not at intersection,3,40,Arterial Other,18-21,Other injury,Bicyclists
T20140008295,4/22/2014,17:38:00,1,Collision with vehicle,3,Tuesday,147,VEHICLE STRIKES ANOTHER VEH WHILE EMERGING FROM DRIVEWAY,2,273604,2,0,0,2,0,2,2,5,Not at intersection,3,40,Local Road,30-39,Other injury,Bicyclists
T20140008296,4/22/2014,16:30:00,1,Collision with vehicle,3,Tuesday,163,VEHICLE STRIKES DOOR OF PARKED/STATIONARY VEHICLE,1,39050,2,0,0,1,2,3,2,2,T intersection,3,60,Arterial Other,22-25,Other injury,Bicyclists
T20140008308,2/25/2014,9:15:00,1,Collision with vehicle,3,Tuesday,121,RIGHT THROUGH,1,270147,2,0,0,1,1,2,2,2,T intersection,3,50,Arterial Other,22-25,Other injury,Bicyclists
T20140008329,4/23/2014,8:00:00,1,Collision with vehicle,4,Wednesday,121,RIGHT THROUGH,1,280434,2,0,0,1,1,2,1,5,Not at intersection,3,70,Arterial Other,40-49,Other injury,Bicyclists
T20140008375,4/15/2014,18:00:00,1,Collision with vehicle,3,Tuesday,133,LANE SIDE SWIPE (VEHICLES IN PARALLEL LANES),2,56786,2,0,1,0,1,2,2,2,T intersection,2,70,Arterial Other,26-29,Serious injury,Bicyclists
T20140008397,2/16/2014,9:00:00,8,No collision and no object struck,1,Sunday,170,OFF CARRIAGEWAY TO LEFT,1,270837,2,0,0,1,1,2,2,5,Not at intersection,3,100,Local Road,40-49,Other injury,Bicyclists
T20140008401,4/23/2014,19:15:00,1,Collision with vehicle,4,Wednesday,148,VEHICLE OFF FOOTPATH STRIKES VEH ON CARRIAGEWAY,3,452,2,0,1,0,3,4,1,4,Multiple intersection,2,90,Uknown,22-25,Serious injury,Bicyclists
T20140008418,2/3/2014,18:00:00,1,Collision with vehicle,2,Monday,163,VEHICLE STRIKES DOOR OF PARKED/STATIONARY VEHICLE,1,45628,2,0,0,1,1,2,2,1,Cross intersection,3,40,Arterial Other,30-39,Other injury,Bicyclists
T20140008433,4/24/2014,9:10:00,1,Collision with vehicle,5,Thursday,121,RIGHT THROUGH,1,270438,2,0,1,0,1,2,1,5,Not at intersection,2,40,Local Road,30-39,Serious injury,Bicyclists
T20140008461,3/19/2014,8:30:00,1,Collision with vehicle,4,Wednesday,110,CROSS TRAFFIC(INTERSECTIONS ONLY),1,38220,2,0,1,0,1,2,2,1,Cross intersection,2,60,Arterial Other,26-29,Serious injury,Bicyclists
T20140008463,4/24/2014,13:10:00,1,Collision with vehicle,5,Thursday,163,VEHICLE STRIKES DOOR OF PARKED/STATIONARY VEHICLE,1,270934,2,0,0,1,1,2,2,5,Not at intersection,3,60,Arterial Other,22-25,Other injury,Bicyclists
T20140008464,4/24/2014,15:30:00,1,Collision with vehicle,5,Thursday,147,VEHICLE STRIKES ANOTHER VEH WHILE EMERGING FROM DRIVEWAY,1,270226,2,0,1,0,1,2,1,5,Not at intersection,2,40,Arterial Highway,50-59,Serious injury,Bicyclists
T20140008474,1/11/2014,11:00:00,1,Collision with vehicle,7,Saturday,163,VEHICLE STRIKES DOOR OF PARKED/STATIONARY VEHICLE,1,270401,2,0,0,1,1,2,2,5,Not at intersection,3,999,Local Road,70+,Other injury,Bicyclists
T20140008479,4/24/2014,18:04:00,1,Collision with vehicle,5,Thursday,140,U TURN,2,48791,2,0,0,1,1,2,1,1,Cross intersection,3,40,Local Road,26-29,Other injury,Bicyclists
T20140008504,4/25/2014,9:05:00,1,Collision with vehicle,6,Friday,163,VEHICLE STRIKES DOOR OF PARKED/STATIONARY VEHICLE,1,270854,2,0,0,1,1,2,1,5,Not at intersection,3,50,Arterial Other,40-49,Other injury,Bicyclists
T20140008506,4/25/2014,9:56:00,1,Collision with vehicle,6,Friday,120,HEAD ON (NOT OVERTAKING),1,270938,2,0,0,1,2,3,1,5,Not at intersection,3,60,Arterial Other,30-39,Other injury,Bicyclists
T20140008522,4/25/2014,15:00:00,8,No collision and no object struck,6,Friday,174,OUT OF CONTROL ON CARRIAGEWAY (ON STRAIGHT),1,270947,2,0,0,1,1,2,1,5,Not at intersection,3,60,Uknown,50-59,Other injury,Bicyclists
T20140008547,4/25/2014,23:20:00,1,Collision with vehicle,6,Friday,130,REAR END(VEHICLES IN SAME LANE),3,271063,2,0,1,0,1,2,1,5,Not at intersection,2,60,Arterial Other,40-49,Serious injury,Bicyclists
T20140008601,4/26/2014,20:05:00,1,Collision with vehicle,7,Saturday,114,TWO RIGHT TURNING (INTERSECTIONS ONLY),3,38022,2,0,0,1,2,3,1,1,Cross intersection,3,60,Arterial Other,30-39,Other injury,Bicyclists
T20140008622,4/25/2014,16:55:00,1,Collision with vehicle,6,Friday,147,VEHICLE STRIKES ANOTHER VEH WHILE EMERGING FROM DRIVEWAY,1,270328,2,0,1,0,1,2,2,5,Not at intersection,2,60,Local Road,40-49,Serious injury,Bicyclists
T20140008642,4/17/2014,16:00:00,1,Collision with vehicle,5,Thursday,110,CROSS TRAFFIC(INTERSECTIONS ONLY),1,43662,2,0,0,1,1,2,2,1,Cross intersection,3,60,Arterial Other,26-29,Other injury,Bicyclists
T20140008654,4/23/2014,8:30:00,1,Collision with vehicle,3,Wednesday,147,VEHICLE STRIKES ANOTHER VEH WHILE EMERGING FROM DRIVEWAY,1,38800,2,0,0,1,1,2,2,1,Cross intersection,3,888,Arterial Highway,30-39,Other injury,Bicyclists
T20140008656,4/27/2014,14:10:00,1,Collision with vehicle,1,Sunday,148,VEHICLE OFF FOOTPATH STRIKES VEH ON CARRIAGEWAY,1,271649,2,0,0,1,1,2,1,2,T intersection,3,60,Arterial Other,13-15,Other injury,Bicyclists
T20140008684,4/27/2014,10:00:00,1,Collision with vehicle,1,Sunday,142,LEAVING PARKING,1,270992,2,0,0,1,1,2,2,5,Not at intersection,3,60,Arterial Other,30-39,Other injury,Bicyclists
T20140008686,4/28/2014,13:55:00,1,Collision with vehicle,2,Monday,163,VEHICLE STRIKES DOOR OF PARKED/STATIONARY VEHICLE,1,146684,2,0,1,0,1,2,1,5,Not at intersection,2,40,Local Road,26-29,Serious injury,Bicyclists
T20140008726,4/28/2014,15:25:00,1,Collision with vehicle,2,Monday,143,ENTERING PARKING,1,271693,2,0,0,1,1,2,2,5,Not at intersection,3,60,Local Road,13-15,Other injury,Bicyclists
T20140008730,3/6/2014,13:15:00,8,No collision and no object struck,5,Thursday,174,OUT OF CONTROL ON CARRIAGEWAY (ON STRAIGHT),1,38935,2,0,0,1,1,2,2,2,T intersection,3,60,Arterial Other,70+,Other injury,Bicyclists
T20140008742,4/29/2014,9:20:00,1,Collision with vehicle,3,Tuesday,121,RIGHT THROUGH,1,45609,2,0,1,0,1,2,1,2,T intersection,2,60,Local Road,40-49,Serious injury,Bicyclists
T20140008754,4/12/2014,12:15:00,5,collision with some other object,7,Saturday,166,STRUCK OBJECT ON CARRIAGEWAY,1,270958,1,0,0,1,0,1,1,5,Not at intersection,3,70,Arterial Other,30-39,Other injury,Bicyclists
T20140008824,4/8/2014,18:30:00,1,Collision with vehicle,3,Tuesday,163,VEHICLE STRIKES DOOR OF PARKED/STATIONARY VEHICLE,3,271575,3,0,0,1,2,3,2,5,Not at intersection,3,60,Local Road,30-39,Other injury,Bicyclists
T20140008829,3/25/2014,8:40:00,1,Collision with vehicle,3,Tuesday,110,CROSS TRAFFIC(INTERSECTIONS ONLY),1,29697,2,0,0,1,1,2,1,1,Cross intersection,3,50,Local Road,50-59,Other injury,Bicyclists
T20140008834,4/30/2014,8:00:00,1,Collision with vehicle,3,Wednesday,121,RIGHT THROUGH,1,36190,2,0,0,1,1,2,1,1,Cross intersection,3,60,Local Road,18-21,Other injury,Bicyclists
T20140008860,4/30/2014,6:40:00,1,Collision with vehicle,4,Wednesday,110,CROSS TRAFFIC(INTERSECTIONS ONLY),2,41625,2,0,0,1,1,2,1,1,Cross intersection,3,50,Uknown,40-49,Other injury,Bicyclists