ACCIDENT_NO,ACCIDENT_DATE,ACCIDENT_TIME,ACCIDENT_TYPE,ACCIDENT_TYPE_DESC,DAY_OF_WEEK,DAY_WEEK_DESC,DCA_CODE,DCA_DESC,LIGHT_CONDITION,NODE_ID,NO_OF_VEHICLES,NO_PERSONS_KILLED,NO_PERSONS_INJ_2,NO_PERSONS_INJ_3,NO_PERSONS_NOT_INJ,NO_PERSONS,POLICE_ATTEND,ROAD_GEOMETRY,ROAD_GEOMETRY_DESC,SEVERITY,SPEED_ZONE,RMA,AGE_GROUP,INJ_LEVEL,ROAD_USER_TYPE_DESC
T20140008861,4/30/2014,8:00:00,1,Collision with vehicle,4,Wednesday,110,CROSS TRAFFIC(INTERSECTIONS ONLY),1,64119,2,0,0,1,1,2,1,1,Cross intersection,3,50,Local Road,30-39,Other injury,Bicyclists
T20140008889,4/30/2014,16:20:00,1,Collision with vehicle,4,Wednesday,133,LANE SIDE SWIPE (VEHICLES IN PARALLEL LANES),1,270506,2,0,0,2,0,2,1,5,Not at intersection,3,80,Arterial Other,26-29,Other injury,Bicyclists
T20140008893,4/30/2014,8:45:00,1,Collision with vehicle,4,Wednesday,113,RIGHT NEAR (INTERSECTIONS ONLY),1,271042,2,0,0,1,1,2,2,2,T intersection,3,999,Local Road,30-39,Other injury,Bicyclists
T20140008894,4/30/2014,18:20:00,1,Collision with vehicle,4,Wednesday,113,RIGHT NEAR (INTERSECTIONS ONLY),2,10844,2,0,1,0,1,2,1,2,T intersection,2,60,Freeway,50-59,Serious injury,Bicyclists
T20140008896,4/30/2014,17:50:00,1,Collision with vehicle,4,Wednesday,121,RIGHT THROUGH,2,271043,2,0,1,0,1,2,1,2,T intersection,2,50,Arterial Other,30-39,Serious injury,Bicyclists
T20140008902,3/24/2014,9:30:00,1,Collision with vehicle,2,Monday,110,CROSS TRAFFIC(INTERSECTIONS ONLY),1,37300,2,0,0,1,1,2,2,1,Cross intersection,3,50,Local Road,30-39,Other injury,Bicyclists
T20140008912,4/25/2014,18:31:00,1,Collision with vehicle,6,Friday,110,CROSS TRAFFIC(INTERSECTIONS ONLY),2,49301,2,0,0,1,1,2,1,1,Cross intersection,3,50,Uknown,26-29,Other injury,Bicyclists
T20140008914,3/23/2014,3:25:00,1,Collision with vehicle,1,Sunday,160,VEHICLE COLLIDES WITH VEHICLE PARKED ON LEFT OF ROAD,3,81044,2,0,0,1,0,1,1,5,Not at intersection,3,40,Uknown,30-39,Other injury,Bicyclists
T20140008916,4/24/2014,12:30:00,1,Collision with vehicle,5,Thursday,163,VEHICLE STRIKES DOOR OF PARKED/STATIONARY VEHICLE,1,144164,2,0,0,1,1,2,2,5,Not at intersection,3,40,Arterial Other,26-29,Other injury,Bicyclists
T20140008924,5/1/2014,6:15:00,1,Collision with vehicle,5,Thursday,137,LEFT TURN SIDESWIPE,2,10610,2,0,0,1,1,2,1,4,Multiple intersection,3,60,Arterial Other,30-39,Other injury,Bicyclists
T20140008925,4/29/2014,17:50:00,1,Collision with vehicle,3,Tuesday,116,LEFT NEAR (INTERSECTIONS ONLY),2,271461,2,0,0,1,1,2,2,2,T intersection,3,60,Uknown,22-25,Other injury,Bicyclists
T20140008950,5/1/2014,13:50:00,1,Collision with vehicle,5,Thursday,122,LEFT THROUGH,1,278588,2,0,1,0,1,2,1,2,T intersection,2,60,Local Road,30-39,Serious injury,Bicyclists
T20140009013,4/30/2014,22:12:00,8,No collision and no object struck,4,Wednesday,179,OTHER ACCIDENTS-OFF STRAIGHT NOT INCLUDED IN DCAs 170-175,3,65288,1,0,0,1,0,1,1,2,T intersection,3,60,Arterial Other,30-39,Other injury,Bicyclists
T20140009041,5/1/2014,22:00:00,1,Collision with vehicle,5,Thursday,120,HEAD ON (NOT OVERTAKING),6,271559,2,0,0,1,1,2,2,2,T intersection,3,50,Local Road,30-39,Other injury,Bicyclists
T20140009042,5/2/2014,12:15:00,1,Collision with vehicle,6,Friday,163,VEHICLE STRIKES DOOR OF PARKED/STATIONARY VEHICLE,1,271582,2,0,0,1,1,2,1,5,Not at intersection,3,40,Local Road,22-25,Other injury,Bicyclists
T20140009062,5/2/2014,15:25:00,1,Collision with vehicle,6,Friday,163,VEHICLE STRIKES DOOR OF PARKED/STATIONARY VEHICLE,1,270557,2,0,0,1,2,3,1,5,Not at intersection,3,60,Local Road,40-49,Other injury,Bicyclists
T20140009070,5/2/2014,18:32:00,1,Collision with vehicle,6,Friday,148,VEHICLE OFF FOOTPATH STRIKES VEH ON CARRIAGEWAY,3,26594,2,0,1,0,1,2,1,5,Not at intersection,2,999,Local Road,50-59,Serious injury,Bicyclists
T20140009109,1/31/2014,7:00:00,1,Collision with vehicle,6,Friday,121,RIGHT THROUGH,1,73235,2,0,0,1,1,2,2,1,Cross intersection,3,50,Arterial Other,40-49,Other injury,Bicyclists
T20140009126,4/30/2014,18:15:00,1,Collision with vehicle,4,Wednesday,148,VEHICLE OFF FOOTPATH STRIKES VEH ON CARRIAGEWAY,2,242278,2,0,0,1,1,2,2,2,T intersection,3,80,Arterial Other,26-29,Other injury,Bicyclists
T20140009159,5/3/2014,11:45:00,1,Collision with vehicle,7,Saturday,121,RIGHT THROUGH,1,37684,2,0,0,1,3,4,1,2,T intersection,3,40,Local Road,18-21,Other injury,Bicyclists
T20140009188,5/3/2014,13:00:00,1,Collision with vehicle,7,Saturday,163,VEHICLE STRIKES DOOR OF PARKED/STATIONARY VEHICLE,1,29590,2,0,1,0,1,2,2,1,Cross intersection,2,60,Arterial Other,26-29,Serious injury,Bicyclists
T20140009206,11/14/2013,15:00:00,1,Collision with vehicle,5,Thursday,147,VEHICLE STRIKES ANOTHER VEH WHILE EMERGING FROM DRIVEWAY,1,272566,2,0,0,1,1,2,2,5,Not at intersection,3,60,Local Road,70+,Other injury,Bicyclists
T20140009231,5/3/2014,13:40:00,1,Collision with vehicle,7,Saturday,121,RIGHT THROUGH,1,35297,2,0,1,0,1,2,2,1,Cross intersection,2,40,Arterial Other,22-25,Serious injury,Bicyclists
T20140009232,5/5/2014,9:00:00,1,Collision with vehicle,2,Monday,163,VEHICLE STRIKES DOOR OF PARKED/STATIONARY VEHICLE,1,232956,2,0,0,1,1,2,2,1,Cross intersection,3,40,Arterial Other,30-39,Other injury,Bicyclists
T20140009239,5/5/2014,8:55:00,1,Collision with vehicle,2,Monday,140,U TURN,1,271430,2,0,0,1,3,4,1,5,Not at intersection,3,50,Local Road,60-64,Other injury,Bicyclists
T20140009276,5/5/2014,17:40:00,1,Collision with vehicle,2,Monday,139,OTHER SAME DIRECTION-MANOUEVRES NOT INCLUDED IN DCAs 130-137,3,271477,2,0,0,1,2,3,1,2,T intersection,3,40,Local Road,30-39,Other injury,Bicyclists
T20140009286,5/5/2014,17:59:00,1,Collision with vehicle,2,Monday,130,REAR END(VEHICLES IN SAME LANE),2,272834,2,0,1,0,1,2,1,5,Not at intersection,2,50,Local Road,45424,Serious injury,Bicyclists
T20140009292,4/27/2014,14:00:00,1,Collision with vehicle,1,Sunday,147,VEHICLE STRIKES ANOTHER VEH WHILE EMERGING FROM DRIVEWAY,1,273065,2,0,0,1,1,2,2,5,Not at intersection,3,50,Uknown,16-17,Other injury,Bicyclists
T20140009315,5/6/2014,8:30:00,1,Collision with vehicle,3,Tuesday,147,VEHICLE STRIKES ANOTHER VEH WHILE EMERGING FROM DRIVEWAY,1,272703,2,0,0,1,1,2,2,5,Not at intersection,3,999,Local Road,45424,Other injury,Bicyclists
T20140009325,5/6/2014,8:00:00,2,Struck Pedestrian,3,Tuesday,100,PED NEAR SIDE. PED HIT BY VEHICLE FROM THE RIGHT.,1,37689,1,0,0,1,1,2,1,2,T intersection,3,60,Local Road,22-25,Not injured,Bicyclists
T20140009335,5/6/2014,10:50:00,1,Collision with vehicle,3,Tuesday,148,VEHICLE OFF FOOTPATH STRIKES VEH ON CARRIAGEWAY,1,271991,2,0,0,1,2,3,1,2,T intersection,3,50,Local Road,18-21,Other injury,Bicyclists
T20140009342,5/5/2014,16:20:00,1,Collision with vehicle,2,Monday,110,CROSS TRAFFIC(INTERSECTIONS ONLY),2,231065,2,0,0,1,1,2,1,1,Cross intersection,3,50,Local Road,30-39,Other injury,Bicyclists
T20140009349,3/31/2014,9:30:00,1,Collision with vehicle,2,Monday,163,VEHICLE STRIKES DOOR OF PARKED/STATIONARY VEHICLE,1,270682,2,0,1,0,1,2,2,1,Cross intersection,2,60,Arterial Other,18-21,Serious injury,Bicyclists
T20140009363,5/6/2014,18:20:00,1,Collision with vehicle,3,Tuesday,120,HEAD ON (NOT OVERTAKING),3,272008,2,0,0,1,1,2,1,5,Not at intersection,3,50,Arterial Other,22-25,Other injury,Bicyclists
T20140009414,5/7/2014,8:15:00,1,Collision with vehicle,4,Wednesday,134,LANE CHANGE RIGHT (NOT OVERTAKING),1,272409,2,0,0,1,1,2,2,5,Not at intersection,3,50,Local Road,60-64,Other injury,Bicyclists
T20140009433,5/2/2014,17:14:00,1,Collision with vehicle,6,Friday,112,LEFT FAR (INTERSECTIONS ONLY),1,38810,2,0,0,1,1,2,2,1,Cross intersection,3,60,Arterial Other,50-59,Other injury,Bicyclists
T20140009434,5/7/2014,17:40:00,1,Collision with vehicle,4,Wednesday,121,RIGHT THROUGH,3,65850,2,0,0,1,1,2,1,2,T intersection,3,60,Local Road,30-39,Other injury,Bicyclists
T20140009442,5/7/2014,16:54:00,1,Collision with vehicle,4,Wednesday,122,LEFT THROUGH,2,36794,2,0,0,1,1,2,1,1,Cross intersection,3,60,Arterial Highway,26-29,Other injury,Bicyclists
T20140009447,5/7/2014,17:30:00,1,Collision with vehicle,4,Wednesday,130,REAR END(VEHICLES IN SAME LANE),2,272124,2,0,1,0,1,2,1,5,Not at intersection,2,100,Local Road,65-69,Serious injury,Bicyclists
T20140009469,5/8/2014,9:36:00,1,Collision with vehicle,5,Thursday,116,LEFT NEAR (INTERSECTIONS ONLY),1,56526,2,0,0,1,1,2,1,2,T intersection,3,60,Local Road,22-25,Other injury,Bicyclists
T20140009475,5/8/2014,9:49:00,1,Collision with vehicle,5,Thursday,110,CROSS TRAFFIC(INTERSECTIONS ONLY),1,44609,2,0,0,2,1,3,1,1,Cross intersection,3,50,Arterial Other,26-29,Other injury,Bicyclists
T20140009479,5/8/2014,11:47:00,1,Collision with vehicle,5,Thursday,148,VEHICLE OFF FOOTPATH STRIKES VEH ON CARRIAGEWAY,1,43528,2,0,1,0,2,3,1,2,T intersection,2,50,Local Road,22-25,Serious injury,Bicyclists
T20140009480,5/8/2014,8:15:00,1,Collision with vehicle,5,Thursday,160,VEHICLE COLLIDES WITH VEHICLE PARKED ON LEFT OF ROAD,1,271320,2,0,1,0,0,1,2,5,Not at intersection,2,60,Arterial Other,40-49,Serious injury,Bicyclists
T20140009481,5/8/2014,12:30:00,1,Collision with vehicle,5,Thursday,121,RIGHT THROUGH,1,65578,2,0,0,1,1,2,1,2,T intersection,3,40,Local Road,50-59,Other injury,Bicyclists
T20140009532,5/8/2014,8:40:00,1,Collision with vehicle,5,Thursday,147,VEHICLE STRIKES ANOTHER VEH WHILE EMERGING FROM DRIVEWAY,1,269142,2,0,1,0,1,2,1,2,T intersection,2,50,Local Road,30-39,Serious injury,Bicyclists
T20140009540,5/9/2014,8:55:00,1,Collision with vehicle,6,Friday,133,LANE SIDE SWIPE (VEHICLES IN PARALLEL LANES),1,271669,2,0,0,1,1,2,1,5,Not at intersection,3,40,Arterial Highway,70+,Other injury,Bicyclists
T20140009542,5/8/2014,11:10:00,1,Collision with vehicle,5,Thursday,130,REAR END(VEHICLES IN SAME LANE),1,43033,2,0,0,1,1,2,2,1,Cross intersection,3,50,Local Road,50-59,Other injury,Bicyclists
T20140009544,5/9/2014,11:06:00,1,Collision with vehicle,6,Friday,160,VEHICLE COLLIDES WITH VEHICLE PARKED ON LEFT OF ROAD,1,270976,2,0,1,0,0,1,1,5,Not at intersection,2,50,Local Road,65-69,Serious injury,Bicyclists
T20140009563,4/12/2014,16:15:00,1,Collision with vehicle,7,Saturday,163,VEHICLE STRIKES DOOR OF PARKED/STATIONARY VEHICLE,9,270852,2,0,0,1,1,2,2,5,Not at intersection,3,999,Arterial Other,18-21,Other injury,Bicyclists
T20140009565,5/9/2014,15:20:00,1,Collision with vehicle,6,Friday,121,RIGHT THROUGH,1,40287,2,0,1,0,2,3,1,2,T intersection,2,40,Arterial Other,22-25,Serious injury,Bicyclists
T20140009579,5/9/2014,12:10:00,1,Collision with vehicle,6,Friday,163,VEHICLE STRIKES DOOR OF PARKED/STATIONARY VEHICLE,9,65271,2,0,0,1,1,2,2,2,T intersection,3,999,Local Road,26-29,Other injury,Bicyclists
T20140009667,5/3/2014,12:15:00,1,Collision with vehicle,6,Saturday,163,VEHICLE STRIKES DOOR OF PARKED/STATIONARY VEHICLE,1,36732,2,0,0,1,4,5,2,2,T intersection,3,999,Arterial Other,22-25,Other injury,Bicyclists
T20140009687,5/10/2014,17:30:00,1,Collision with vehicle,7,Saturday,110,CROSS TRAFFIC(INTERSECTIONS ONLY),2,41217,2,0,0,1,1,2,2,1,Cross intersection,3,999,Local Road,40-49,Other injury,Bicyclists
T20140009692,5/11/2014,8:45:00,1,Collision with vehicle,1,Sunday,110,CROSS TRAFFIC(INTERSECTIONS ONLY),1,29883,2,0,1,0,1,2,1,4,Multiple intersection,2,60,Local Road,30-39,Serious injury,Bicyclists
T20140009695,5/11/2014,9:55:00,1,Collision with vehicle,1,Sunday,110,CROSS TRAFFIC(INTERSECTIONS ONLY),1,49416,2,0,0,1,1,2,1,1,Cross intersection,3,50,Uknown,50-59,Other injury,Bicyclists
T20140009718,5/8/2014,16:45:00,2,Struck Pedestrian,5,Thursday,103,PED PLAYING/LYING/WORKING/STANDING ON CARRIAGEWAY.,2,271663,1,0,0,1,1,2,2,5,Not at intersection,3,50,Arterial Other,Unknown,Not injured,Bicyclists
T20140009730,5/11/2014,17:41:00,1,Collision with vehicle,1,Sunday,121,RIGHT THROUGH,2,41826,2,0,0,1,1,2,1,2,T intersection,3,50,Local Road,16-17,Other injury,Bicyclists
T20140009751,5/12/2014,7:55:00,1,Collision with vehicle,2,Monday,116,LEFT NEAR (INTERSECTIONS ONLY),2,44401,2,0,0,1,3,4,1,1,Cross intersection,3,60,Arterial Other,30-39,Other injury,Bicyclists
T20140009753,5/12/2014,7:57:00,1,Collision with vehicle,2,Monday,121,RIGHT THROUGH,2,36414,2,0,0,1,1,2,1,1,Cross intersection,3,999,Arterial Other,26-29,Other injury,Bicyclists
T20140009792,5/12/2014,12:45:00,1,Collision with vehicle,2,Monday,121,RIGHT THROUGH,1,66110,2,0,0,1,1,2,2,1,Cross intersection,3,40,Arterial Other,26-29,Other injury,Bicyclists
T20140009797,3/6/2014,8:30:00,6,Vehicle overturned (no collision),5,Thursday,174,OUT OF CONTROL ON CARRIAGEWAY (ON STRAIGHT),1,62796,1,0,1,0,0,1,2,2,T intersection,2,60,Local Road,50-59,Serious injury,Bicyclists
T20140009802,5/12/2014,16:50:00,1,Collision with vehicle,2,Monday,163,VEHICLE STRIKES DOOR OF PARKED/STATIONARY VEHICLE,1,56939,2,0,0,1,2,3,1,2,T intersection,3,50,Local Road,26-29,Other injury,Bicyclists
T20140009829,4/30/2014,12:00:00,1,Collision with vehicle,4,Wednesday,111,RIGHT FAR (INTERSECTIONS ONLY),1,30003,2,0,0,1,1,2,2,2,T intersection,3,50,Local Road,65-69,Other injury,Bicyclists
T20140009839,5/6/2014,17:30:00,8,No collision and no object struck,3,Tuesday,174,OUT OF CONTROL ON CARRIAGEWAY (ON STRAIGHT),1,271594,2,0,0,1,1,2,2,5,Not at intersection,3,60,Local Road,26-29,Other injury,Bicyclists
T20140009844,5/13/2014,9:05:00,1,Collision with vehicle,3,Tuesday,121,RIGHT THROUGH,1,41094,2,0,1,0,1,2,1,2,T intersection,2,60,Arterial Other,30-39,Serious injury,Bicyclists
T20140009869,5/13/2014,7:25:00,1,Collision with vehicle,2,Tuesday,113,RIGHT NEAR (INTERSECTIONS ONLY),2,35991,2,0,0,1,1,2,2,1,Cross intersection,3,40,Local Road,50-59,Other injury,Bicyclists
T20140009872,5/13/2014,13:05:00,1,Collision with vehicle,3,Tuesday,116,LEFT NEAR (INTERSECTIONS ONLY),1,40133,2,0,0,1,1,2,1,2,T intersection,3,50,Local Road,22-25,Other injury,Bicyclists
T20140009873,5/8/2014,15:30:00,1,Collision with vehicle,5,Thursday,148,VEHICLE OFF FOOTPATH STRIKES VEH ON CARRIAGEWAY,1,59095,2,0,1,0,1,2,2,1,Cross intersection,2,50,Arterial Highway,45424,Serious injury,Bicyclists
T20140009915,5/13/2014,16:45:00,1,Collision with vehicle,3,Tuesday,111,RIGHT FAR (INTERSECTIONS ONLY),2,271807,2,0,0,1,1,2,2,2,T intersection,3,60,Local Road,30-39,Other injury,Bicyclists
T20140009935,5/14/2014,7:55:00,1,Collision with vehicle,4,Wednesday,148,VEHICLE OFF FOOTPATH STRIKES VEH ON CARRIAGEWAY,2,48816,2,0,1,0,1,2,1,2,T intersection,2,999,Arterial Other,50-59,Serious injury,Bicyclists
T20140009976,5/14/2014,16:05:00,1,Collision with vehicle,4,Wednesday,110,CROSS TRAFFIC(INTERSECTIONS ONLY),2,43662,2,0,1,0,1,2,1,1,Cross intersection,2,60,Arterial Other,50-59,Serious injury,Bicyclists
T20140010027,5/15/2014,8:30:00,1,Collision with vehicle,5,Thursday,121,RIGHT THROUGH,1,45490,2,0,1,0,1,2,2,2,T intersection,2,60,Arterial Other,30-39,Serious injury,Bicyclists
T20140010028,5/7/2014,0:15:00,1,Collision with vehicle,4,Wednesday,160,VEHICLE COLLIDES WITH VEHICLE PARKED ON LEFT OF ROAD,6,271128,2,0,1,0,0,1,2,5,Not at intersection,2,50,Local Road,30-39,Serious injury,Bicyclists
T20140010037,5/15/2014,11:15:00,1,Collision with vehicle,5,Thursday,163,VEHICLE STRIKES DOOR OF PARKED/STATIONARY VEHICLE,1,271848,2,0,1,0,1,2,1,5,Not at intersection,2,40,Arterial Other,26-29,Serious injury,Bicyclists
T20140010063,5/15/2014,17:15:00,1,Collision with vehicle,5,Thursday,110,CROSS TRAFFIC(INTERSECTIONS ONLY),2,67320,2,0,0,1,1,2,2,1,Cross intersection,3,50,Uknown,30-39,Other injury,Bicyclists
T20140010066,5/13/2014,6:30:00,1,Collision with vehicle,3,Tuesday,110,CROSS TRAFFIC(INTERSECTIONS ONLY),2,36193,2,0,0,1,1,2,2,1,Cross intersection,3,50,Local Road,26-29,Other injury,Bicyclists
T20140010085,5/15/2014,16:55:00,1,Collision with vehicle,5,Thursday,121,RIGHT THROUGH,2,271149,2,0,1,0,1,2,1,1,Cross intersection,2,50,Local Road,40-49,Serious injury,Bicyclists
T20140010097,5/16/2014,8:03:00,8,No collision and no object struck,6,Friday,174,OUT OF CONTROL ON CARRIAGEWAY (ON STRAIGHT),1,70186,2,0,1,0,1,2,1,2,T intersection,2,60,Local Road,40-49,Serious injury,Bicyclists
T20140010101,5/15/2014,9:40:00,8,No collision and no object struck,5,Thursday,170,OFF CARRIAGEWAY TO LEFT,1,64823,2,0,0,1,1,2,2,4,Multiple intersection,3,60,Local Road,22-25,Other injury,Bicyclists
T20140010120,5/16/2014,12:45:00,1,Collision with vehicle,6,Friday,110,CROSS TRAFFIC(INTERSECTIONS ONLY),1,38150,2,0,0,1,2,3,1,1,Cross intersection,3,60,Arterial Other,22-25,Other injury,Bicyclists
T20140010122,5/13/2014,8:08:00,1,Collision with vehicle,3,Tuesday,110,CROSS TRAFFIC(INTERSECTIONS ONLY),1,43685,2,0,0,1,1,2,1,1,Cross intersection,3,60,Uknown,60-64,Other injury,Bicyclists
T20140010140,5/16/2014,17:35:00,1,Collision with vehicle,6,Friday,113,RIGHT NEAR (INTERSECTIONS ONLY),2,35549,2,0,0,1,1,2,1,1,Cross intersection,3,50,Arterial Other,50-59,Other injury,Bicyclists
T20140010143,5/16/2014,18:44:00,1,Collision with vehicle,6,Friday,163,VEHICLE STRIKES DOOR OF PARKED/STATIONARY VEHICLE,2,271892,2,0,0,1,1,2,1,5,Not at intersection,3,40,Local Road,26-29,Other injury,Bicyclists
T20140010146,5/16/2014,19:32:00,1,Collision with vehicle,6,Friday,163,VEHICLE STRIKES DOOR OF PARKED/STATIONARY VEHICLE,3,65562,2,0,0,1,1,2,1,2,T intersection,3,50,Local Road,40-49,Other injury,Bicyclists
T20140010179,5/15/2014,17:45:00,1,Collision with vehicle,4,Thursday,134,LANE CHANGE RIGHT (NOT OVERTAKING),3,37091,2,0,1,0,1,2,1,2,T intersection,2,40,Arterial Other,30-39,Serious injury,Bicyclists
T20140010200,5/8/2014,14:20:00,1,Collision with vehicle,5,Thursday,163,VEHICLE STRIKES DOOR OF PARKED/STATIONARY VEHICLE,1,271664,2,0,0,1,1,2,2,5,Not at intersection,3,40,Local Road,30-39,Other injury,Bicyclists
T20140010240,5/15/2014,9:45:00,1,Collision with vehicle,5,Thursday,163,VEHICLE STRIKES DOOR OF PARKED/STATIONARY VEHICLE,1,29447,2,0,0,1,2,3,2,1,Cross intersection,3,60,Arterial Other,40-49,Other injury,Bicyclists
T20140010244,5/16/2014,18:00:00,1,Collision with vehicle,6,Friday,121,RIGHT THROUGH,3,36828,2,0,0,1,1,2,2,2,T intersection,3,40,Arterial Other,30-39,Other injury,Bicyclists
T20140010250,5/13/2014,9:35:00,1,Collision with vehicle,3,Tuesday,163,VEHICLE STRIKES DOOR OF PARKED/STATIONARY VEHICLE,1,271817,2,0,0,1,1,2,1,5,Not at intersection,3,50,Arterial Highway,40-49,Other injury,Bicyclists
T20140010283,5/18/2014,20:30:00,1,Collision with vehicle,1,Sunday,121,RIGHT THROUGH,5,271543,2,0,1,0,1,2,1,2,T intersection,2,50,Local Road,40-49,Serious injury,Bicyclists
T20140010289,5/11/2014,12:45:00,1,Collision with vehicle,1,Sunday,163,VEHICLE STRIKES DOOR OF PARKED/STATIONARY VEHICLE,1,271966,2,0,1,0,1,2,2,5,Not at intersection,2,60,Local Road,22-25,Serious injury,Bicyclists
T20140010341,5/19/2014,16:45:00,1,Collision with vehicle,2,Monday,121,RIGHT THROUGH,2,271208,2,0,1,0,1,2,1,5,Not at intersection,2,60,Local Road,40-49,Serious injury,Bicyclists
T20140010350,5/19/2014,14:00:00,1,Collision with vehicle,2,Monday,121,RIGHT THROUGH,1,39921,2,0,0,1,1,2,2,2,T intersection,3,60,Arterial Other,22-25,Other injury,Bicyclists
T20140010357,5/18/2014,16:30:00,1,Collision with vehicle,1,Sunday,121,RIGHT THROUGH,2,37646,2,0,0,1,1,2,2,2,T intersection,3,40,Arterial Other,30-39,Other injury,Bicyclists
T20140010377,5/20/2014,5:50:00,1,Collision with vehicle,3,Tuesday,147,VEHICLE STRIKES ANOTHER VEH WHILE EMERGING FROM DRIVEWAY,3,271212,2,0,1,0,1,2,1,5,Not at intersection,2,60,Arterial Other,50-59,Serious injury,Bicyclists
T20140010390,5/20/2014,8:45:00,1,Collision with vehicle,3,Tuesday,113,RIGHT NEAR (INTERSECTIONS ONLY),1,271213,2,0,1,0,1,2,1,4,Multiple intersection,2,60,Arterial Other,30-39,Serious injury,Bicyclists
T20140010403,5/20/2014,7:50:00,1,Collision with vehicle,3,Tuesday,137,LEFT TURN SIDESWIPE,2,57582,2,0,1,1,0,2,1,2,T intersection,2,50,Arterial Other,30-39,Other injury,Bicyclists
T20140010423,5/12/2014,15:00:00,1,Collision with vehicle,2,Monday,121,RIGHT THROUGH,1,274442,2,0,0,1,1,2,2,5,Not at intersection,3,40,Local Road,30-39,Other injury,Bicyclists
T20140010447,5/20/2014,15:45:00,1,Collision with vehicle,3,Tuesday,119,OTHER ADJACENT (INTERSECTIONS ONLY),1,29537,2,0,0,1,1,2,1,4,Multiple intersection,3,60,Arterial Other,26-29,Other injury,Bicyclists
T20140010463,5/19/2014,17:45:00,1,Collision with vehicle,2,Monday,137,LEFT TURN SIDESWIPE,6,35399,2,0,0,1,1,2,2,1,Cross intersection,3,999,Arterial Other,40-49,Other injury,Bicyclists
T20140010468,5/16/2014,16:50:00,8,No collision and no object struck,6,Friday,174,OUT OF CONTROL ON CARRIAGEWAY (ON STRAIGHT),2,271224,1,0,0,1,0,1,2,5,Not at intersection,3,60,Local Road,30-39,Other injury,Bicyclists
T20140010476,5/15/2014,16:50:00,1,Collision with vehicle,5,Thursday,163,VEHICLE STRIKES DOOR OF PARKED/STATIONARY VEHICLE,2,271865,2,0,0,1,1,2,2,5,Not at intersection,3,60,Local Road,40-49,Other injury,Bicyclists
T20140010505,5/14/2014,16:00:00,1,Collision with vehicle,4,Wednesday,110,CROSS TRAFFIC(INTERSECTIONS ONLY),2,57665,2,0,1,1,0,2,2,1,Cross intersection,2,50,Local Road,65-69,Serious injury,Bicyclists
T20140010519,5/21/2014,15:10:00,1,Collision with vehicle,4,Wednesday,147,VEHICLE STRIKES ANOTHER VEH WHILE EMERGING FROM DRIVEWAY,1,271218,2,0,0,1,2,3,1,5,Not at intersection,3,888,Local Road,13-15,Other injury,Bicyclists
T20140010522,5/19/2014,18:00:00,8,No collision and no object struck,2,Monday,174,OUT OF CONTROL ON CARRIAGEWAY (ON STRAIGHT),2,189463,1,0,0,1,0,1,2,5,Not at intersection,3,40,Local Road,30-39,Other injury,Bicyclists
T20140010527,5/21/2014,18:10:00,1,Collision with vehicle,4,Wednesday,113,RIGHT NEAR (INTERSECTIONS ONLY),2,45536,2,0,0,1,1,2,1,2,T intersection,3,50,Local Road,40-49,Other injury,Bicyclists
T20140010567,5/22/2014,7:40:00,1,Collision with vehicle,5,Thursday,110,CROSS TRAFFIC(INTERSECTIONS ONLY),2,63608,2,0,0,1,1,2,1,1,Cross intersection,3,50,Local Road,30-39,Other injury,Bicyclists
T20140010577,3/11/2014,5:40:00,1,Collision with vehicle,3,Tuesday,160,VEHICLE COLLIDES WITH VEHICLE PARKED ON LEFT OF ROAD,5,271342,2,0,0,1,0,1,2,5,Not at intersection,3,60,Local Road,18-21,Other injury,Bicyclists
T20140010608,5/22/2014,15:42:00,1,Collision with vehicle,5,Thursday,121,RIGHT THROUGH,1,38486,2,0,0,1,4,5,1,2,T intersection,3,60,Arterial Highway,40-49,Other injury,Bicyclists
T20140010609,5/22/2014,9:00:00,1,Collision with vehicle,5,Thursday,163,VEHICLE STRIKES DOOR OF PARKED/STATIONARY VEHICLE,1,271933,2,0,0,1,1,2,2,5,Not at intersection,3,40,Local Road,30-39,Other injury,Bicyclists
T20140010648,5/23/2014,7:45:00,1,Collision with vehicle,6,Friday,147,VEHICLE STRIKES ANOTHER VEH WHILE EMERGING FROM DRIVEWAY,2,271937,2,0,0,1,1,2,1,5,Not at intersection,3,60,Arterial Other,16-17,Other injury,Bicyclists
T20140010667,5/23/2014,11:30:00,1,Collision with vehicle,6,Friday,147,VEHICLE STRIKES ANOTHER VEH WHILE EMERGING FROM DRIVEWAY,1,271235,2,0,1,0,1,2,1,5,Not at intersection,2,30,Local Road,70+,Serious injury,Bicyclists
T20140010701,5/23/2014,17:24:00,1,Collision with vehicle,6,Friday,148,VEHICLE OFF FOOTPATH STRIKES VEH ON CARRIAGEWAY,2,271947,2,0,0,1,1,2,1,5,Not at intersection,3,50,Local Road,26-29,Other injury,Bicyclists
T20140010727,5/24/2014,7:00:00,1,Collision with vehicle,7,Saturday,111,RIGHT FAR (INTERSECTIONS ONLY),2,35626,2,0,0,1,1,2,1,2,T intersection,3,60,Arterial Highway,30-39,Other injury,Bicyclists
T20140010742,5/15/2014,19:45:00,1,Collision with vehicle,5,Thursday,137,LEFT TURN SIDESWIPE,3,51114,2,0,0,1,1,2,1,2,T intersection,3,60,Local Road,30-39,Other injury,Bicyclists
T20140010786,5/25/2014,9:30:00,1,Collision with vehicle,1,Sunday,135,LANE CHANGE LEFT (NOT OVERTAKING),1,272003,2,0,0,1,1,2,2,1,Cross intersection,3,50,Local Road,16-17,Other injury,Bicyclists