ACCIDENT_NO,ACCIDENT_DATE,ACCIDENT_TIME,ACCIDENT_TYPE,ACCIDENT_TYPE_DESC,DAY_OF_WEEK,DAY_WEEK_DESC,DCA_CODE,DCA_DESC,LIGHT_CONDITION,NODE_ID,NO_OF_VEHICLES,NO_PERSONS_KILLED,NO_PERSONS_INJ_2,NO_PERSONS_INJ_3,NO_PERSONS_NOT_INJ,NO_PERSONS,POLICE_ATTEND,ROAD_GEOMETRY,ROAD_GEOMETRY_DESC,SEVERITY,SPEED_ZONE,RMA,AGE_GROUP,INJ_LEVEL,ROAD_USER_TYPE_DESC
T20140010792,5/24/2014,9:30:00,1,Collision with vehicle,7,Saturday,140,U TURN,1,45783,2,0,0,1,1,2,1,5,Not at intersection,3,777,Arterial Other,50-59,Other injury,Bicyclists
T20140010833,5/7/2014,8:33:00,1,Collision with vehicle,4,Wednesday,121,RIGHT THROUGH,1,65471,2,0,0,1,1,2,1,1,Cross intersection,3,50,Local Road,40-49,Other injury,Bicyclists
T20140010841,5/20/2014,14:20:00,1,Collision with vehicle,3,Tuesday,131,LEFT REAR,9,271905,2,0,0,1,1,2,2,5,Not at intersection,3,60,Uknown,65-69,Other injury,Bicyclists
T20140010844,5/26/2014,6:25:00,1,Collision with vehicle,2,Monday,113,RIGHT NEAR (INTERSECTIONS ONLY),3,134,2,0,0,1,1,2,1,2,T intersection,3,60,Arterial Highway,Unknown,Other injury,Bicyclists
T20140010868,4/29/2014,8:25:00,1,Collision with vehicle,3,Tuesday,147,VEHICLE STRIKES ANOTHER VEH WHILE EMERGING FROM DRIVEWAY,1,265474,2,0,0,1,1,2,2,2,T intersection,3,40,Local Road,22-25,Other injury,Bicyclists
T20140010876,5/26/2014,12:05:00,1,Collision with vehicle,2,Monday,163,VEHICLE STRIKES DOOR OF PARKED/STATIONARY VEHICLE,1,271242,2,1,0,0,1,2,1,5,Not at intersection,1,60,Local Road,50-59,Fatality,Bicyclists
T20140010906,5/26/2014,17:39:00,1,Collision with vehicle,2,Monday,113,RIGHT NEAR (INTERSECTIONS ONLY),2,271259,2,0,0,1,1,2,1,2,T intersection,3,50,Uknown,30-39,Other injury,Bicyclists
T20140010909,5/26/2014,18:00:00,1,Collision with vehicle,2,Monday,116,LEFT NEAR (INTERSECTIONS ONLY),2,35495,2,0,1,0,1,2,1,2,T intersection,2,60,Arterial Highway,30-39,Serious injury,Bicyclists
T20140010939,5/19/2014,10:30:00,1,Collision with vehicle,2,Monday,163,VEHICLE STRIKES DOOR OF PARKED/STATIONARY VEHICLE,1,48589,2,0,1,0,1,2,2,2,T intersection,2,50,Local Road,40-49,Serious injury,Bicyclists
T20140010947,5/24/2014,0:20:00,4,Collision with a fixed object,7,Saturday,171,LEFT OFF CARRIAGEWAY INTO OBJECT/PARKED VEHICLE,5,271332,2,0,0,1,1,2,1,5,Not at intersection,3,50,Local Road,Unknown,Not injured,Bicyclists
T20140010948,5/27/2014,12:55:00,8,No collision and no object struck,3,Tuesday,174,OUT OF CONTROL ON CARRIAGEWAY (ON STRAIGHT),1,272061,2,0,0,1,1,2,1,5,Not at intersection,3,50,Arterial Other,18-21,Other injury,Bicyclists
T20140010953,5/26/2014,6:00:00,1,Collision with vehicle,2,Monday,140,U TURN,3,271918,2,0,0,1,1,2,2,5,Not at intersection,3,60,Arterial Other,30-39,Other injury,Bicyclists
T20140010960,5/25/2014,13:00:00,8,No collision and no object struck,1,Sunday,179,OTHER ACCIDENTS-OFF STRAIGHT NOT INCLUDED IN DCAs 170-175,1,271241,1,0,1,0,0,1,2,5,Not at intersection,2,50,Arterial Highway,30-39,Serious injury,Bicyclists
T20140011024,5/16/2014,7:30:00,1,Collision with vehicle,6,Friday,130,REAR END(VEHICLES IN SAME LANE),2,272367,3,0,0,3,0,3,1,5,Not at intersection,3,100,Arterial Other,50-59,Other injury,Bicyclists
T20140011041,5/16/2014,18:30:00,1,Collision with vehicle,6,Friday,163,VEHICLE STRIKES DOOR OF PARKED/STATIONARY VEHICLE,2,272863,2,0,0,1,1,2,2,2,T intersection,3,999,Local Road,22-25,Other injury,Bicyclists
T20140011091,5/29/2014,9:28:00,1,Collision with vehicle,5,Thursday,130,REAR END(VEHICLES IN SAME LANE),1,29397,2,0,1,0,1,2,1,1,Cross intersection,2,40,Arterial Other,30-39,Serious injury,Bicyclists
T20140011104,5/29/2014,8:40:00,1,Collision with vehicle,5,Thursday,163,VEHICLE STRIKES DOOR OF PARKED/STATIONARY VEHICLE,1,282627,2,0,0,1,1,2,1,5,Not at intersection,3,60,Arterial Other,30-39,Other injury,Bicyclists
T20140011108,5/21/2014,8:00:00,1,Collision with vehicle,4,Wednesday,121,RIGHT THROUGH,1,38069,2,0,0,1,1,2,2,2,T intersection,3,60,Arterial Other,26-29,Other injury,Bicyclists
T20140011120,5/29/2014,8:00:00,1,Collision with vehicle,5,Thursday,110,CROSS TRAFFIC(INTERSECTIONS ONLY),1,411,2,0,0,1,1,2,2,1,Cross intersection,3,60,Arterial Other,30-39,Other injury,Bicyclists
T20140011142,5/23/2014,9:30:00,1,Collision with vehicle,6,Friday,136,RIGHT TURN SIDESWIPE,1,43553,2,0,0,1,1,2,2,1,Cross intersection,3,60,Arterial Other,40-49,Other injury,Bicyclists
T20140011147,5/28/2014,17:05:00,1,Collision with vehicle,4,Wednesday,133,LANE SIDE SWIPE (VEHICLES IN PARALLEL LANES),2,37784,2,0,0,1,1,2,2,1,Cross intersection,3,60,Arterial Other,26-29,Other injury,Bicyclists
T20140011160,5/30/2014,12:30:00,1,Collision with vehicle,6,Friday,110,CROSS TRAFFIC(INTERSECTIONS ONLY),1,44232,2,0,1,0,1,2,1,1,Cross intersection,2,50,Local Road,65-69,Serious injury,Bicyclists
T20140011161,5/30/2014,11:55:00,8,No collision and no object struck,6,Friday,174,OUT OF CONTROL ON CARRIAGEWAY (ON STRAIGHT),1,272054,1,0,0,1,0,1,1,2,T intersection,3,50,Uknown,30-39,Other injury,Bicyclists
T20140011167,5/30/2014,9:30:00,1,Collision with vehicle,6,Friday,121,RIGHT THROUGH,1,55566,2,0,0,1,1,2,2,1,Cross intersection,3,50,Local Road,30-39,Other injury,Bicyclists
T20140011184,5/8/2014,6:00:00,1,Collision with vehicle,5,Thursday,113,RIGHT NEAR (INTERSECTIONS ONLY),3,274594,2,0,0,1,1,2,2,2,T intersection,3,60,Local Road,30-39,Other injury,Bicyclists
T20140011189,5/30/2014,14:22:00,1,Collision with vehicle,6,Friday,113,RIGHT NEAR (INTERSECTIONS ONLY),1,271213,2,0,1,0,2,3,1,1,Cross intersection,2,60,Arterial Other,65-69,Serious injury,Bicyclists
T20140011191,5/26/2014,6:00:00,1,Collision with vehicle,2,Monday,132,RIGHT REAR.,2,63876,2,0,0,1,1,2,2,2,T intersection,3,40,Arterial Other,30-39,Other injury,Bicyclists
T20140011206,5/30/2014,15:30:00,1,Collision with vehicle,6,Friday,148,VEHICLE OFF FOOTPATH STRIKES VEH ON CARRIAGEWAY,1,36207,2,0,0,1,1,2,1,2,T intersection,3,60,Arterial Other,18-21,Other injury,Bicyclists
T20140011212,5/30/2014,15:50:00,1,Collision with vehicle,6,Friday,137,LEFT TURN SIDESWIPE,1,67820,2,0,0,1,1,2,2,2,T intersection,3,60,Local Road,13-15,Other injury,Bicyclists
T20140011215,5/30/2014,23:20:00,1,Collision with vehicle,6,Friday,163,VEHICLE STRIKES DOOR OF PARKED/STATIONARY VEHICLE,3,65670,2,0,0,1,4,5,1,1,Cross intersection,3,40,Local Road,26-29,Other injury,Bicyclists
T20140011225,5/30/2014,15:50:00,1,Collision with vehicle,6,Friday,135,LANE CHANGE LEFT (NOT OVERTAKING),1,36370,2,0,0,1,1,2,1,1,Cross intersection,3,60,Local Road,30-39,Other injury,Bicyclists
T20140011232,5/31/2014,7:55:00,1,Collision with vehicle,7,Saturday,113,RIGHT NEAR (INTERSECTIONS ONLY),2,29797,2,0,1,0,1,2,1,2,T intersection,2,60,Arterial Other,30-39,Serious injury,Bicyclists
T20140011237,5/29/2014,17:30:00,1,Collision with vehicle,5,Thursday,121,RIGHT THROUGH,2,43224,2,0,1,0,1,2,2,2,T intersection,2,60,Local Road,30-39,Serious injury,Bicyclists
T20140011257,5/31/2014,15:35:00,8,No collision and no object struck,7,Saturday,151,OUT OF CONTROL (OVERTAKING),1,66110,2,0,0,1,1,2,1,1,Cross intersection,3,40,Arterial Other,50-59,Other injury,Bicyclists
T20140011331,6/1/2014,16:10:00,1,Collision with vehicle,1,Sunday,163,VEHICLE STRIKES DOOR OF PARKED/STATIONARY VEHICLE,2,29597,2,0,0,1,2,3,1,2,T intersection,3,60,Arterial Other,30-39,Other injury,Bicyclists
T20140011361,6/2/2014,6:50:00,1,Collision with vehicle,2,Monday,110,CROSS TRAFFIC(INTERSECTIONS ONLY),2,37556,2,0,1,0,1,2,1,1,Cross intersection,2,50,Local Road,30-39,Serious injury,Bicyclists
T20140011394,5/26/2014,8:45:00,1,Collision with vehicle,2,Monday,121,RIGHT THROUGH,1,227971,2,0,0,1,1,2,2,2,T intersection,3,40,Arterial Other,30-39,Other injury,Bicyclists
T20140011402,6/2/2014,16:58:00,1,Collision with vehicle,2,Monday,147,VEHICLE STRIKES ANOTHER VEH WHILE EMERGING FROM DRIVEWAY,2,272094,2,0,0,1,1,2,1,5,Not at intersection,3,999,Arterial Other,30-39,Other injury,Bicyclists
T20140011474,6/3/2014,14:55:00,1,Collision with vehicle,3,Tuesday,148,VEHICLE OFF FOOTPATH STRIKES VEH ON CARRIAGEWAY,1,47110,2,0,0,1,1,2,1,1,Cross intersection,3,70,Local Road,16-17,Other injury,Bicyclists
T20140011523,5/27/2014,7:30:00,8,No collision and no object struck,3,Tuesday,174,OUT OF CONTROL ON CARRIAGEWAY (ON STRAIGHT),2,271451,1,0,1,0,0,1,2,2,T intersection,2,999,Local Road,50-59,Serious injury,Bicyclists
T20140011528,6/4/2014,14:00:00,1,Collision with vehicle,4,Wednesday,148,VEHICLE OFF FOOTPATH STRIKES VEH ON CARRIAGEWAY,1,55621,2,0,0,1,1,2,2,1,Cross intersection,3,60,Local Road,45424,Other injury,Bicyclists
T20140011531,6/3/2014,8:15:00,1,Collision with vehicle,3,Tuesday,121,RIGHT THROUGH,2,272104,2,0,0,1,1,2,2,2,T intersection,3,50,Arterial Other,30-39,Other injury,Bicyclists
T20140011541,6/4/2014,16:05:00,1,Collision with vehicle,4,Wednesday,163,VEHICLE STRIKES DOOR OF PARKED/STATIONARY VEHICLE,2,272113,2,0,0,1,1,2,1,5,Not at intersection,3,40,Local Road,22-25,Other injury,Bicyclists
T20140011571,5/27/2014,18:07:00,1,Collision with vehicle,3,Tuesday,130,REAR END(VEHICLES IN SAME LANE),9,1372,3,0,0,1,2,3,2,5,Not at intersection,3,999,Local Road,18-21,Other injury,Bicyclists
T20140011600,5/15/2014,22:00:00,8,No collision and no object struck,5,Thursday,174,OUT OF CONTROL ON CARRIAGEWAY (ON STRAIGHT),3,42429,1,0,0,1,0,1,2,1,Cross intersection,3,50,Local Road,30-39,Other injury,Bicyclists
T20140011606,5/12/2014,11:50:00,1,Collision with vehicle,2,Monday,154,PULLING OUT -REAR END,1,282839,3,0,0,1,2,3,2,1,Cross intersection,3,40,Local Road,50-59,Other injury,Bicyclists
T20140011608,6/4/2014,17:05:00,1,Collision with vehicle,4,Wednesday,163,VEHICLE STRIKES DOOR OF PARKED/STATIONARY VEHICLE,9,40289,2,0,0,2,0,2,2,2,T intersection,3,50,Arterial Other,22-25,Other injury,Bicyclists
T20140011636,6/5/2014,14:20:00,8,No collision and no object struck,5,Thursday,172,OFF CARRIAGEWAY TO RIGHT,1,272575,1,0,0,1,0,1,1,1,Cross intersection,3,50,Local Road,45424,Other injury,Bicyclists
T20140011648,6/5/2014,17:35:00,1,Collision with vehicle,5,Thursday,148,VEHICLE OFF FOOTPATH STRIKES VEH ON CARRIAGEWAY,3,45501,2,0,1,0,2,3,1,2,T intersection,2,60,Arterial Other,30-39,Serious injury,Bicyclists
T20140011654,6/5/2014,17:58:00,1,Collision with vehicle,5,Thursday,137,LEFT TURN SIDESWIPE,3,278453,2,0,0,1,3,4,1,1,Cross intersection,3,40,Local Road,30-39,Other injury,Bicyclists
T20140011668,5/6/2014,8:50:00,1,Collision with vehicle,2,Tuesday,137,LEFT TURN SIDESWIPE,9,258702,2,0,0,1,1,2,2,1,Cross intersection,3,60,Arterial Other,18-21,Other injury,Bicyclists
T20140011675,6/6/2014,6:00:00,1,Collision with vehicle,6,Friday,113,RIGHT NEAR (INTERSECTIONS ONLY),3,49469,2,0,0,1,1,2,1,1,Cross intersection,3,50,Local Road,30-39,Other injury,Bicyclists
T20140011678,7/25/2013,18:30:00,1,Collision with vehicle,5,Thursday,130,REAR END(VEHICLES IN SAME LANE),3,260062,2,0,0,1,1,2,2,2,T intersection,3,999,Arterial Other,30-39,Other injury,Bicyclists
T20140011688,6/6/2014,7:30:00,1,Collision with vehicle,6,Friday,143,ENTERING PARKING,2,135641,2,0,0,1,1,2,1,5,Not at intersection,3,40,Local Road,22-25,Other injury,Bicyclists
T20140011691,5/31/2014,9:20:00,1,Collision with vehicle,7,Saturday,137,LEFT TURN SIDESWIPE,1,43553,2,0,0,1,1,2,1,1,Cross intersection,3,60,Arterial Other,40-49,Other injury,Bicyclists
T20140011701,6/6/2014,11:25:00,1,Collision with vehicle,6,Friday,121,RIGHT THROUGH,1,272286,2,0,1,0,1,2,1,2,T intersection,2,80,Arterial Other,70+,Serious injury,Bicyclists
T20140011708,6/4/2014,19:45:00,1,Collision with vehicle,4,Wednesday,120,HEAD ON (NOT OVERTAKING),3,272541,2,0,0,1,1,2,1,5,Not at intersection,3,40,Local Road,30-39,Other injury,Bicyclists
T20140011713,6/6/2014,10:52:00,1,Collision with vehicle,6,Friday,112,LEFT FAR (INTERSECTIONS ONLY),1,47489,2,0,1,0,1,2,2,4,Multiple intersection,2,60,Local Road,30-39,Serious injury,Bicyclists
T20140011730,6/2/2014,6:40:00,1,Collision with vehicle,2,Monday,121,RIGHT THROUGH,6,72298,2,0,1,0,1,2,2,2,T intersection,2,50,Local Road,18-21,Serious injury,Bicyclists
T20140011738,6/6/2014,18:15:00,1,Collision with vehicle,6,Friday,163,VEHICLE STRIKES DOOR OF PARKED/STATIONARY VEHICLE,2,272206,2,0,0,1,1,2,2,5,Not at intersection,3,40,Local Road,26-29,Other injury,Bicyclists
T20140011752,6/6/2014,19:15:00,8,No collision and no object struck,5,Friday,174,OUT OF CONTROL ON CARRIAGEWAY (ON STRAIGHT),3,36152,2,0,0,1,1,2,1,1,Cross intersection,3,50,Local Road,60-64,Other injury,Bicyclists
T20140011762,6/6/2014,13:32:00,1,Collision with vehicle,6,Friday,113,RIGHT NEAR (INTERSECTIONS ONLY),1,61183,2,0,0,1,1,2,1,1,Cross intersection,3,60,Local Road,40-49,Other injury,Bicyclists
T20140011763,6/6/2014,9:25:00,1,Collision with vehicle,6,Friday,160,VEHICLE COLLIDES WITH VEHICLE PARKED ON LEFT OF ROAD,1,272212,2,0,0,1,0,1,1,5,Not at intersection,3,60,Arterial Other,22-25,Other injury,Bicyclists
T20140011765,6/7/2014,10:46:00,1,Collision with vehicle,7,Saturday,130,REAR END(VEHICLES IN SAME LANE),1,43297,2,0,0,1,1,2,1,1,Cross intersection,3,60,Arterial Highway,40-49,Other injury,Bicyclists
T20140011768,5/28/2014,18:15:00,1,Collision with vehicle,4,Wednesday,132,RIGHT REAR.,2,271511,2,0,0,1,1,2,2,2,T intersection,3,40,Local Road,40-49,Other injury,Bicyclists
T20140011780,6/6/2014,18:30:00,1,Collision with vehicle,6,Friday,121,RIGHT THROUGH,2,45835,2,0,0,1,1,2,2,1,Cross intersection,3,999,Arterial Other,30-39,Other injury,Bicyclists
T20140011819,6/8/2014,10:00:00,8,No collision and no object struck,1,Sunday,174,OUT OF CONTROL ON CARRIAGEWAY (ON STRAIGHT),1,69286,3,0,0,1,3,4,1,2,T intersection,3,50,Local Road,30-39,Other injury,Bicyclists
T20140011828,6/6/2014,18:10:00,1,Collision with vehicle,6,Friday,137,LEFT TURN SIDESWIPE,3,54674,2,0,0,1,1,2,2,2,T intersection,3,50,Local Road,70+,Other injury,Bicyclists
T20140011835,5/25/2014,10:00:00,1,Collision with vehicle,1,Sunday,121,RIGHT THROUGH,1,752,2,0,0,1,1,2,2,2,T intersection,3,60,Arterial Other,40-49,Other injury,Bicyclists
T20140011883,6/4/2014,20:30:00,6,Vehicle overturned (no collision),4,Wednesday,174,OUT OF CONTROL ON CARRIAGEWAY (ON STRAIGHT),3,271515,2,0,1,0,1,2,2,5,Not at intersection,2,60,Arterial Other,22-25,Serious injury,Bicyclists
T20140011930,5/30/2014,6:40:00,1,Collision with vehicle,6,Friday,110,CROSS TRAFFIC(INTERSECTIONS ONLY),3,36800,2,0,0,1,1,2,2,1,Cross intersection,3,50,Local Road,30-39,Other injury,Bicyclists
T20140011962,6/10/2014,8:45:00,1,Collision with vehicle,3,Tuesday,163,VEHICLE STRIKES DOOR OF PARKED/STATIONARY VEHICLE,2,272308,2,0,0,1,1,2,1,5,Not at intersection,3,60,Local Road,30-39,Other injury,Bicyclists
T20140011979,6/8/2014,9:30:00,8,No collision and no object struck,1,Sunday,174,OUT OF CONTROL ON CARRIAGEWAY (ON STRAIGHT),1,273181,2,0,0,1,0,1,2,5,Not at intersection,3,50,Arterial Other,30-39,Other injury,Bicyclists
T20140011987,6/10/2014,17:30:00,1,Collision with vehicle,3,Tuesday,116,LEFT NEAR (INTERSECTIONS ONLY),2,272985,2,0,0,1,1,2,1,2,T intersection,3,50,Local Road,30-39,Other injury,Bicyclists
T20140011988,6/10/2014,16:55:00,1,Collision with vehicle,3,Tuesday,121,RIGHT THROUGH,2,54768,2,0,1,0,1,2,1,9,Unknown,2,60,Arterial Other,30-39,Serious injury,Bicyclists
T20140011989,6/10/2014,17:50:00,8,No collision and no object struck,3,Tuesday,174,OUT OF CONTROL ON CARRIAGEWAY (ON STRAIGHT),2,35368,2,0,0,1,1,2,1,2,T intersection,3,50,Uknown,30-39,Other injury,Bicyclists
T20140012001,6/10/2014,15:15:00,1,Collision with vehicle,3,Tuesday,148,VEHICLE OFF FOOTPATH STRIKES VEH ON CARRIAGEWAY,1,254026,2,0,1,0,1,2,1,1,Cross intersection,2,50,Local Road,50-59,Serious injury,Bicyclists
T20140012011,5/28/2014,18:20:00,1,Collision with vehicle,4,Wednesday,163,VEHICLE STRIKES DOOR OF PARKED/STATIONARY VEHICLE,6,272438,2,0,1,0,1,2,2,5,Not at intersection,2,999,Local Road,50-59,Serious injury,Bicyclists
T20140012013,6/11/2014,7:03:00,1,Collision with vehicle,4,Wednesday,136,RIGHT TURN SIDESWIPE,2,45581,2,0,1,0,3,4,1,2,T intersection,2,60,Arterial Other,50-59,Serious injury,Bicyclists
T20140012019,6/11/2014,7:45:00,6,Vehicle overturned (no collision),4,Wednesday,174,OUT OF CONTROL ON CARRIAGEWAY (ON STRAIGHT),2,272934,1,0,0,1,0,1,1,5,Not at intersection,3,60,Arterial Other,30-39,Other injury,Bicyclists
T20140012028,6/11/2014,9:46:00,1,Collision with vehicle,4,Wednesday,113,RIGHT NEAR (INTERSECTIONS ONLY),1,58039,2,0,1,0,3,4,1,2,T intersection,2,80,Arterial Other,65-69,Serious injury,Bicyclists
T20140012029,6/11/2014,11:00:00,8,No collision and no object struck,4,Wednesday,174,OUT OF CONTROL ON CARRIAGEWAY (ON STRAIGHT),1,35934,2,0,1,0,1,2,2,1,Cross intersection,2,40,Arterial Other,26-29,Serious injury,Bicyclists
T20140012034,6/11/2014,8:45:00,1,Collision with vehicle,4,Wednesday,143,ENTERING PARKING,2,272347,2,0,0,1,1,2,2,5,Not at intersection,3,40,Local Road,26-29,Other injury,Bicyclists
T20140012038,6/11/2014,8:31:00,1,Collision with vehicle,4,Wednesday,121,RIGHT THROUGH,2,37684,2,0,0,1,1,2,1,2,T intersection,3,40,Local Road,30-39,Other injury,Bicyclists
T20140012046,6/11/2014,6:55:00,1,Collision with vehicle,4,Wednesday,113,RIGHT NEAR (INTERSECTIONS ONLY),2,336,2,0,0,1,1,2,1,1,Cross intersection,3,50,Local Road,30-39,Other injury,Bicyclists
T20140012060,5/28/2014,16:00:00,1,Collision with vehicle,4,Wednesday,121,RIGHT THROUGH,2,272028,2,0,0,1,1,2,2,2,T intersection,3,60,Local Road,50-59,Other injury,Bicyclists
T20140012065,6/11/2014,16:15:00,1,Collision with vehicle,4,Wednesday,116,LEFT NEAR (INTERSECTIONS ONLY),2,40515,2,0,0,1,1,2,1,2,T intersection,3,60,Arterial Other,18-21,Other injury,Bicyclists
T20140012099,6/12/2014,7:13:00,1,Collision with vehicle,5,Thursday,140,U TURN,3,37130,2,0,0,1,1,2,2,1,Cross intersection,3,999,Local Road,26-29,Other injury,Bicyclists
T20140012114,6/15/2013,14:00:00,1,Collision with vehicle,7,Saturday,163,VEHICLE STRIKES DOOR OF PARKED/STATIONARY VEHICLE,1,120923,2,0,0,1,1,2,2,5,Not at intersection,3,50,Local Road,26-29,Other injury,Bicyclists
T20140012122,6/12/2014,11:35:00,1,Collision with vehicle,4,Thursday,116,LEFT NEAR (INTERSECTIONS ONLY),1,306983,2,0,0,1,1,2,1,2,T intersection,3,999,Uknown,70+,Other injury,Bicyclists
T20140012124,11/17/2013,16:30:00,1,Collision with vehicle,1,Sunday,163,VEHICLE STRIKES DOOR OF PARKED/STATIONARY VEHICLE,9,271768,2,0,0,1,1,2,2,5,Not at intersection,3,60,Local Road,22-25,Other injury,Bicyclists
T20140012133,4/27/2014,12:30:00,1,Collision with vehicle,1,Sunday,130,REAR END(VEHICLES IN SAME LANE),1,272830,2,0,0,1,1,2,2,5,Not at intersection,3,60,Local Road,40-49,Other injury,Bicyclists
T20140012153,6/12/2014,15:53:00,1,Collision with vehicle,5,Thursday,147,VEHICLE STRIKES ANOTHER VEH WHILE EMERGING FROM DRIVEWAY,1,272144,2,0,0,1,1,2,1,5,Not at intersection,3,80,Arterial Highway,65-69,Other injury,Bicyclists
T20140012176,6/13/2014,9:00:00,1,Collision with vehicle,6,Friday,116,LEFT NEAR (INTERSECTIONS ONLY),1,271761,2,0,1,0,1,2,1,2,T intersection,2,50,Local Road,50-59,Serious injury,Bicyclists
T20140012179,6/13/2014,8:50:00,8,No collision and no object struck,6,Friday,174,OUT OF CONTROL ON CARRIAGEWAY (ON STRAIGHT),2,272154,2,0,0,1,1,2,2,5,Not at intersection,3,60,Arterial Other,30-39,Other injury,Bicyclists
T20140012218,6/13/2014,17:45:00,8,No collision and no object struck,6,Friday,174,OUT OF CONTROL ON CARRIAGEWAY (ON STRAIGHT),2,42040,2,0,1,0,1,2,1,2,T intersection,2,60,Arterial Other,50-59,Serious injury,Bicyclists
T20140012244,6/13/2014,13:40:00,1,Collision with vehicle,6,Friday,110,CROSS TRAFFIC(INTERSECTIONS ONLY),1,272017,2,0,1,0,1,2,1,1,Cross intersection,2,50,Local Road,50-59,Serious injury,Bicyclists
T20140012248,6/14/2014,7:30:00,2,Struck Pedestrian,7,Saturday,100,PED NEAR SIDE. PED HIT BY VEHICLE FROM THE RIGHT.,2,271853,1,0,1,0,1,2,2,5,Not at intersection,2,50,Local Road,40-49,Serious injury,Bicyclists
T20140012259,6/14/2014,11:30:00,1,Collision with vehicle,7,Saturday,121,RIGHT THROUGH,1,272177,2,0,0,2,0,2,1,5,Not at intersection,3,60,Arterial Other,30-39,Other injury,Bicyclists
T20140012269,6/13/2014,16:30:00,1,Collision with vehicle,6,Friday,147,VEHICLE STRIKES ANOTHER VEH WHILE EMERGING FROM DRIVEWAY,2,273309,2,0,0,1,1,2,2,5,Not at intersection,3,60,Arterial Other,30-39,Other injury,Bicyclists
T20140012289,3/29/2014,17:30:00,1,Collision with vehicle,7,Saturday,163,VEHICLE STRIKES DOOR OF PARKED/STATIONARY VEHICLE,2,67324,2,0,0,1,1,2,2,2,T intersection,3,50,Local Road,30-39,Other injury,Bicyclists
T20140012320,6/15/2014,1:07:00,1,Collision with vehicle,1,Sunday,110,CROSS TRAFFIC(INTERSECTIONS ONLY),3,45433,2,0,1,0,1,2,1,1,Cross intersection,2,40,Arterial Other,40-49,Serious injury,Bicyclists
T20140012332,6/15/2014,10:50:00,1,Collision with vehicle,1,Sunday,137,LEFT TURN SIDESWIPE,1,272381,2,0,1,0,1,2,1,2,T intersection,2,50,Arterial Highway,65-69,Serious injury,Bicyclists
T20140012333,6/15/2014,12:00:00,1,Collision with vehicle,1,Sunday,137,LEFT TURN SIDESWIPE,1,271766,2,0,1,0,2,3,1,5,Not at intersection,2,50,Arterial Other,30-39,Serious injury,Bicyclists
T20140012345,6/15/2014,14:18:00,1,Collision with vehicle,0,Sunday,121,RIGHT THROUGH,1,39192,2,0,0,1,1,2,1,2,T intersection,3,60,Arterial Other,30-39,Other injury,Bicyclists
T20140012348,6/15/2014,12:00:00,1,Collision with vehicle,0,Sunday,133,LANE SIDE SWIPE (VEHICLES IN PARALLEL LANES),1,273061,2,0,0,2,0,2,1,5,Not at intersection,3,100,Uknown,40-49,Other injury,Bicyclists
T20140012352,6/9/2014,8:25:00,1,Collision with vehicle,2,Monday,116,LEFT NEAR (INTERSECTIONS ONLY),2,35339,2,0,0,1,1,2,2,2,T intersection,3,70,Arterial Other,40-49,Other injury,Bicyclists
T20140012423,5/27/2014,7:05:00,8,No collision and no object struck,3,Tuesday,174,OUT OF CONTROL ON CARRIAGEWAY (ON STRAIGHT),2,271899,2,0,0,1,1,2,2,5,Not at intersection,3,50,Local Road,30-39,Other injury,Bicyclists
T20140012438,5/30/2014,19:35:00,8,No collision and no object struck,6,Friday,179,OTHER ACCIDENTS-OFF STRAIGHT NOT INCLUDED IN DCAs 170-175,3,272073,2,0,1,0,1,2,1,2,T intersection,2,60,Local Road,22-25,Serious injury,Bicyclists
T20140012442,5/1/2014,11:00:00,1,Collision with vehicle,5,Thursday,113,RIGHT NEAR (INTERSECTIONS ONLY),1,37820,2,0,0,1,1,2,2,1,Cross intersection,3,60,Arterial Other,40-49,Other injury,Bicyclists
T20140012449,6/11/2014,6:45:00,1,Collision with vehicle,4,Wednesday,121,RIGHT THROUGH,3,65831,2,0,1,0,1,2,2,1,Cross intersection,2,40,Arterial Other,50-59,Serious injury,Bicyclists
T20140012474,6/17/2014,9:03:00,1,Collision with vehicle,3,Tuesday,110,CROSS TRAFFIC(INTERSECTIONS ONLY),1,57475,2,0,1,0,1,2,1,1,Cross intersection,2,60,Arterial Other,22-25,Serious injury,Bicyclists
T20140012484,6/16/2014,5:30:00,1,Collision with vehicle,2,Monday,113,RIGHT NEAR (INTERSECTIONS ONLY),3,52047,2,0,0,1,1,2,2,2,T intersection,3,70,Arterial Other,50-59,Other injury,Bicyclists
T20140012497,6/17/2014,17:50:00,1,Collision with vehicle,3,Tuesday,148,VEHICLE OFF FOOTPATH STRIKES VEH ON CARRIAGEWAY,3,356176,2,0,1,0,1,2,1,5,Not at intersection,2,60,Arterial Other,40-49,Serious injury,Bicyclists
T20140012498,6/17/2014,8:36:00,1,Collision with vehicle,3,Tuesday,121,RIGHT THROUGH,2,66891,2,0,0,1,1,2,2,2,T intersection,3,60,Arterial Other,26-29,Other injury,Bicyclists
T20140012555,6/18/2014,15:18:00,1,Collision with vehicle,4,Wednesday,121,RIGHT THROUGH,1,397,2,0,0,1,1,2,1,2,T intersection,3,60,Arterial Other,50-59,Other injury,Bicyclists