ACCIDENT_NO,ACCIDENT_DATE,ACCIDENT_TIME,ACCIDENT_TYPE,ACCIDENT_TYPE_DESC,DAY_OF_WEEK,DAY_WEEK_DESC,DCA_CODE,DCA_DESC,LIGHT_CONDITION,NODE_ID,NO_OF_VEHICLES,NO_PERSONS_KILLED,NO_PERSONS_INJ_2,NO_PERSONS_INJ_3,NO_PERSONS_NOT_INJ,NO_PERSONS,POLICE_ATTEND,ROAD_GEOMETRY,ROAD_GEOMETRY_DESC,SEVERITY,SPEED_ZONE,RMA,AGE_GROUP,INJ_LEVEL,ROAD_USER_TYPE_DESC
T20140012565,6/18/2014,18:30:00,1,Collision with vehicle,4,Wednesday,121,RIGHT THROUGH,2,40128,2,0,1,0,1,2,1,1,Cross intersection,2,40,Local Road,30-39,Serious injury,Bicyclists
T20140012586,6/19/2014,8:10:00,1,Collision with vehicle,5,Thursday,110,CROSS TRAFFIC(INTERSECTIONS ONLY),2,43084,2,0,0,1,1,2,1,1,Cross intersection,3,50,Local Road,26-29,Other injury,Bicyclists
T20140012596,6/18/2014,8:15:00,1,Collision with vehicle,4,Wednesday,163,VEHICLE STRIKES DOOR OF PARKED/STATIONARY VEHICLE,2,40369,2,0,0,1,1,2,2,2,T intersection,3,60,Arterial Other,40-49,Other injury,Bicyclists
T20140012609,6/18/2014,17:50:00,1,Collision with vehicle,4,Wednesday,163,VEHICLE STRIKES DOOR OF PARKED/STATIONARY VEHICLE,3,273781,2,0,0,1,1,2,2,5,Not at intersection,3,40,Local Road,30-39,Other injury,Bicyclists
T20140012611,6/19/2014,6:30:00,1,Collision with vehicle,5,Thursday,148,VEHICLE OFF FOOTPATH STRIKES VEH ON CARRIAGEWAY,3,45873,2,0,1,0,2,3,1,4,Multiple intersection,2,60,Arterial Other,26-29,Serious injury,Bicyclists
T20140012639,6/19/2014,17:30:00,1,Collision with vehicle,5,Thursday,163,VEHICLE STRIKES DOOR OF PARKED/STATIONARY VEHICLE,2,140754,2,0,0,1,1,2,2,5,Not at intersection,3,40,Local Road,50-59,Other injury,Bicyclists
T20140012679,6/20/2014,9:05:00,1,Collision with vehicle,6,Friday,112,LEFT FAR (INTERSECTIONS ONLY),1,272531,2,0,0,1,1,2,1,2,T intersection,3,60,Uknown,60-64,Other injury,Bicyclists
T20140012695,6/20/2014,8:15:00,1,Collision with vehicle,6,Friday,121,RIGHT THROUGH,2,41353,2,0,0,1,1,2,1,1,Cross intersection,3,60,Arterial Other,18-21,Other injury,Bicyclists
T20140012762,6/21/2014,8:00:00,8,No collision and no object struck,7,Saturday,174,OUT OF CONTROL ON CARRIAGEWAY (ON STRAIGHT),2,29636,2,0,0,2,0,2,1,1,Cross intersection,3,60,Arterial Other,65-69,Other injury,Bicyclists
T20140012769,6/21/2014,11:20:00,1,Collision with vehicle,7,Saturday,113,RIGHT NEAR (INTERSECTIONS ONLY),1,35314,2,0,1,0,1,2,1,2,T intersection,2,80,Arterial Other,50-59,Serious injury,Bicyclists
T20140012820,6/22/2014,8:10:00,1,Collision with vehicle,1,Sunday,160,VEHICLE COLLIDES WITH VEHICLE PARKED ON LEFT OF ROAD,2,272137,2,0,1,0,1,2,1,5,Not at intersection,2,60,Arterial Other,65-69,Serious injury,Bicyclists
T20140012825,6/22/2014,11:30:00,1,Collision with vehicle,1,Sunday,163,VEHICLE STRIKES DOOR OF PARKED/STATIONARY VEHICLE,1,272674,2,0,0,1,1,2,2,5,Not at intersection,3,40,Local Road,26-29,Other injury,Bicyclists
T20140012840,6/13/2014,7:40:00,6,Vehicle overturned (no collision),6,Friday,172,OFF CARRIAGEWAY TO RIGHT,1,262968,1,0,0,1,0,1,2,2,T intersection,3,60,Arterial Highway,40-49,Other injury,Bicyclists
T20140012849,6/22/2014,13:30:00,1,Collision with vehicle,1,Sunday,148,VEHICLE OFF FOOTPATH STRIKES VEH ON CARRIAGEWAY,1,272776,2,0,1,0,1,2,1,5,Not at intersection,2,50,Local Road,45424,Serious injury,Bicyclists
T20140012886,6/23/2014,8:40:00,1,Collision with vehicle,2,Monday,110,CROSS TRAFFIC(INTERSECTIONS ONLY),2,272594,2,0,0,1,1,2,1,1,Cross intersection,3,50,Local Road,40-49,Other injury,Bicyclists
T20140012890,6/23/2014,10:20:00,1,Collision with vehicle,2,Monday,148,VEHICLE OFF FOOTPATH STRIKES VEH ON CARRIAGEWAY,1,36858,2,0,0,1,1,2,1,1,Cross intersection,3,999,Arterial Other,16-17,Other injury,Bicyclists
T20140012919,6/23/2014,17:49:00,1,Collision with vehicle,2,Monday,163,VEHICLE STRIKES DOOR OF PARKED/STATIONARY VEHICLE,2,272876,2,0,0,1,1,2,1,5,Not at intersection,3,40,Local Road,50-59,Other injury,Bicyclists
T20140012933,6/23/2014,19:10:00,1,Collision with vehicle,2,Monday,148,VEHICLE OFF FOOTPATH STRIKES VEH ON CARRIAGEWAY,3,40172,2,0,0,1,1,2,2,1,Cross intersection,3,50,Arterial Other,22-25,Other injury,Bicyclists
T20140012941,5/24/2014,21:10:00,1,Collision with vehicle,7,Saturday,121,RIGHT THROUGH,3,146,2,0,0,1,1,2,2,1,Cross intersection,3,40,Arterial Highway,26-29,Other injury,Bicyclists
T20140012955,6/13/2014,9:45:00,8,No collision and no object struck,6,Friday,174,OUT OF CONTROL ON CARRIAGEWAY (ON STRAIGHT),1,91147,1,0,0,1,0,1,2,5,Not at intersection,3,60,Arterial Other,26-29,Other injury,Bicyclists
T20140012974,2/15/2014,12:30:00,1,Collision with vehicle,7,Saturday,147,VEHICLE STRIKES ANOTHER VEH WHILE EMERGING FROM DRIVEWAY,1,274598,2,0,0,1,1,2,1,5,Not at intersection,3,50,Arterial Highway,45424,Other injury,Bicyclists
T20140013008,6/24/2014,17:05:00,1,Collision with vehicle,3,Tuesday,134,LANE CHANGE RIGHT (NOT OVERTAKING),3,272170,2,0,1,0,1,2,1,2,T intersection,2,999,Arterial Highway,18-21,Serious injury,Bicyclists
T20140013018,6/23/2014,8:45:00,1,Collision with vehicle,2,Monday,110,CROSS TRAFFIC(INTERSECTIONS ONLY),2,52919,2,0,0,1,1,2,2,1,Cross intersection,3,50,Uknown,50-59,Other injury,Bicyclists
T20140013045,6/25/2014,8:55:00,1,Collision with vehicle,4,Wednesday,121,RIGHT THROUGH,2,273305,2,0,0,1,1,2,2,2,T intersection,3,60,Arterial Highway,30-39,Other injury,Bicyclists
T20140013054,5/9/2014,9:15:00,1,Collision with vehicle,6,Friday,163,VEHICLE STRIKES DOOR OF PARKED/STATIONARY VEHICLE,1,272162,2,0,0,1,1,2,2,5,Not at intersection,3,60,Local Road,30-39,Other injury,Bicyclists
T20140013058,6/25/2014,9:30:00,1,Collision with vehicle,4,Wednesday,113,RIGHT NEAR (INTERSECTIONS ONLY),1,37037,2,0,0,1,1,2,2,1,Cross intersection,3,60,Local Road,30-39,Other injury,Bicyclists
T20140013065,6/25/2014,8:30:00,1,Collision with vehicle,4,Wednesday,121,RIGHT THROUGH,2,44349,2,0,0,1,1,2,1,1,Cross intersection,3,60,Uknown,60-64,Other injury,Bicyclists
T20140013066,6/10/2014,16:15:00,1,Collision with vehicle,3,Tuesday,110,CROSS TRAFFIC(INTERSECTIONS ONLY),2,39973,2,0,0,1,1,2,2,1,Cross intersection,3,50,Local Road,50-59,Other injury,Bicyclists
T20140013091,4/6/2014,14:50:00,1,Collision with vehicle,1,Sunday,130,REAR END(VEHICLES IN SAME LANE),1,272525,2,0,0,1,1,2,1,5,Not at intersection,3,60,Arterial Other,13-15,Other injury,Bicyclists
T20140013126,6/26/2014,6:45:00,1,Collision with vehicle,5,Thursday,116,LEFT NEAR (INTERSECTIONS ONLY),3,59008,2,0,1,0,1,2,1,2,T intersection,2,60,Local Road,50-59,Serious injury,Bicyclists
T20140013168,6/26/2014,15:49:00,1,Collision with vehicle,5,Thursday,148,VEHICLE OFF FOOTPATH STRIKES VEH ON CARRIAGEWAY,1,272725,2,0,0,1,1,2,1,5,Not at intersection,3,50,Local Road,30-39,Other injury,Bicyclists
T20140013199,12/30/2013,8:30:00,8,No collision and no object struck,2,Monday,172,OFF CARRIAGEWAY TO RIGHT,1,226339,2,0,0,1,1,2,2,2,T intersection,3,50,Uknown,50-59,Other injury,Bicyclists
T20140013220,6/13/2014,14:30:00,1,Collision with vehicle,6,Friday,133,LANE SIDE SWIPE (VEHICLES IN PARALLEL LANES),1,36626,2,0,0,1,1,2,1,1,Cross intersection,3,40,Arterial Other,70+,Other injury,Bicyclists
T20140013268,6/27/2014,21:30:00,1,Collision with vehicle,6,Friday,113,RIGHT NEAR (INTERSECTIONS ONLY),3,36869,2,0,0,1,2,3,1,2,T intersection,3,60,Arterial Other,22-25,Other injury,Bicyclists
T20140013273,6/27/2014,22:30:00,1,Collision with vehicle,6,Friday,147,VEHICLE STRIKES ANOTHER VEH WHILE EMERGING FROM DRIVEWAY,6,272735,2,0,0,1,1,2,2,5,Not at intersection,3,60,Arterial Highway,22-25,Other injury,Bicyclists
T20140013285,6/15/2014,9:40:00,1,Collision with vehicle,1,Sunday,153,CUTTING IN (OVERTAKING),1,272650,3,0,0,2,1,3,1,5,Not at intersection,3,60,Local Road,26-29,Other injury,Bicyclists
T20140013286,6/22/2014,8:45:00,1,Collision with vehicle,1,Sunday,116,LEFT NEAR (INTERSECTIONS ONLY),2,44113,2,0,0,1,1,2,1,1,Cross intersection,3,60,Local Road,60-64,Other injury,Bicyclists
T20140013309,4/27/2014,9:50:00,1,Collision with vehicle,1,Sunday,163,VEHICLE STRIKES DOOR OF PARKED/STATIONARY VEHICLE,1,274293,2,0,0,1,1,2,2,5,Not at intersection,3,50,Arterial Other,40-49,Other injury,Bicyclists
T20140013324,6/28/2014,17:40:00,1,Collision with vehicle,7,Saturday,113,RIGHT NEAR (INTERSECTIONS ONLY),3,65393,2,0,1,0,1,2,1,1,Cross intersection,2,40,Local Road,50-59,Serious injury,Bicyclists
T20140013365,6/29/2014,10:30:00,1,Collision with vehicle,1,Sunday,160,VEHICLE COLLIDES WITH VEHICLE PARKED ON LEFT OF ROAD,1,272745,2,0,0,1,0,1,1,5,Not at intersection,3,60,Local Road,65-69,Other injury,Bicyclists
T20140013378,6/29/2014,13:45:00,1,Collision with vehicle,1,Sunday,110,CROSS TRAFFIC(INTERSECTIONS ONLY),9,37972,2,0,0,1,1,2,2,1,Cross intersection,3,60,Local Road,50-59,Other injury,Bicyclists
T20140013409,6/30/2014,7:05:00,1,Collision with vehicle,2,Monday,121,RIGHT THROUGH,2,272764,2,0,0,1,1,2,1,5,Not at intersection,3,60,Arterial Other,50-59,Other injury,Bicyclists
T20140013459,6/13/2014,15:00:00,1,Collision with vehicle,6,Friday,134,LANE CHANGE RIGHT (NOT OVERTAKING),1,273549,2,0,0,1,1,2,2,5,Not at intersection,3,60,Local Road,26-29,Other injury,Bicyclists
T20140013492,6/28/2014,11:25:00,1,Collision with vehicle,7,Saturday,143,ENTERING PARKING,1,272743,2,0,1,0,1,2,1,5,Not at intersection,2,60,Arterial Other,30-39,Serious injury,Bicyclists
T20140013510,6/30/2014,16:55:00,1,Collision with vehicle,2,Monday,113,RIGHT NEAR (INTERSECTIONS ONLY),2,420,2,0,0,1,1,2,2,2,T intersection,3,60,Arterial Other,18-21,Other injury,Bicyclists
T20140013511,7/1/2014,12:45:00,1,Collision with vehicle,3,Tuesday,143,ENTERING PARKING,1,66352,2,0,0,1,1,2,1,2,T intersection,3,40,Arterial Other,40-49,Other injury,Bicyclists
T20140013515,6/30/2014,9:20:00,1,Collision with vehicle,2,Monday,110,CROSS TRAFFIC(INTERSECTIONS ONLY),1,57056,2,0,0,1,1,2,2,1,Cross intersection,3,50,Local Road,22-25,Other injury,Bicyclists
T20140013548,6/26/2014,8:50:00,1,Collision with vehicle,5,Thursday,119,OTHER ADJACENT (INTERSECTIONS ONLY),2,70616,2,0,0,1,1,2,2,2,T intersection,3,50,Local Road,50-59,Other injury,Bicyclists
T20140013564,4/8/2014,8:15:00,1,Collision with vehicle,3,Tuesday,116,LEFT NEAR (INTERSECTIONS ONLY),1,45873,2,0,0,1,1,2,1,2,T intersection,3,60,Arterial Other,30-39,Other injury,Bicyclists
T20140013609,7/2/2014,16:50:00,1,Collision with vehicle,4,Wednesday,110,CROSS TRAFFIC(INTERSECTIONS ONLY),1,40974,2,0,0,1,1,2,2,1,Cross intersection,3,999,Arterial Other,26-29,Other injury,Bicyclists
T20140013616,7/2/2014,18:30:00,1,Collision with vehicle,4,Wednesday,113,RIGHT NEAR (INTERSECTIONS ONLY),3,37193,2,0,0,1,1,2,1,1,Cross intersection,3,60,Arterial Other,30-39,Other injury,Bicyclists
T20140013632,7/1/2014,18:20:00,1,Collision with vehicle,3,Tuesday,113,RIGHT NEAR (INTERSECTIONS ONLY),2,861,2,0,1,0,1,2,1,2,T intersection,2,50,Local Road,40-49,Serious injury,Bicyclists
T20140013650,7/3/2014,8:10:00,1,Collision with vehicle,5,Thursday,133,LANE SIDE SWIPE (VEHICLES IN PARALLEL LANES),2,272904,2,0,0,1,1,2,1,5,Not at intersection,3,100,Arterial Highway,26-29,Other injury,Bicyclists
T20140013655,3/22/2013,12:00:00,1,Collision with vehicle,6,Friday,148,VEHICLE OFF FOOTPATH STRIKES VEH ON CARRIAGEWAY,1,254357,2,0,0,1,1,2,2,1,Cross intersection,3,777,Local Road,18-21,Other injury,Bicyclists
T20140013656,7/3/2014,9:50:00,1,Collision with vehicle,4,Thursday,116,LEFT NEAR (INTERSECTIONS ONLY),1,29886,2,0,0,1,1,2,1,4,Multiple intersection,3,60,Freeway,13-15,Other injury,Bicyclists
T20140013682,7/3/2014,14:38:00,1,Collision with vehicle,5,Thursday,163,VEHICLE STRIKES DOOR OF PARKED/STATIONARY VEHICLE,1,272970,2,0,0,1,1,2,1,5,Not at intersection,3,40,Local Road,26-29,Other injury,Bicyclists
T20140013703,7/3/2014,17:37:00,1,Collision with vehicle,5,Thursday,121,RIGHT THROUGH,2,37986,2,0,1,0,1,2,1,1,Cross intersection,2,60,Local Road,40-49,Serious injury,Bicyclists
T20140013708,7/3/2014,19:50:00,1,Collision with vehicle,5,Thursday,130,REAR END(VEHICLES IN SAME LANE),3,274207,2,0,0,1,1,2,2,5,Not at intersection,3,50,Local Road,18-21,Other injury,Bicyclists
T20140013711,7/3/2014,20:15:00,1,Collision with vehicle,5,Thursday,110,CROSS TRAFFIC(INTERSECTIONS ONLY),3,29754,2,0,0,1,1,2,1,1,Cross intersection,3,50,Local Road,40-49,Other injury,Bicyclists
T20140013732,6/16/2014,17:00:00,8,No collision and no object struck,2,Monday,174,OUT OF CONTROL ON CARRIAGEWAY (ON STRAIGHT),2,64697,2,0,0,1,1,2,2,2,T intersection,3,60,Local Road,26-29,Other injury,Bicyclists
T20140013735,5/25/2014,10:00:00,1,Collision with vehicle,1,Sunday,130,REAR END(VEHICLES IN SAME LANE),1,49140,2,0,0,1,2,3,1,1,Cross intersection,3,60,Arterial Other,26-29,Other injury,Bicyclists
T20140013809,7/5/2014,9:05:00,1,Collision with vehicle,7,Saturday,130,REAR END(VEHICLES IN SAME LANE),1,273375,2,0,1,0,1,2,1,5,Not at intersection,2,80,Arterial Other,40-49,Serious injury,Bicyclists
T20140013811,7/5/2014,9:25:00,1,Collision with vehicle,7,Saturday,130,REAR END(VEHICLES IN SAME LANE),1,44396,3,0,0,1,2,3,1,2,T intersection,3,60,Local Road,30-39,Not injured,Bicyclists
T20140013880,7/6/2014,9:30:00,1,Collision with vehicle,1,Sunday,130,REAR END(VEHICLES IN SAME LANE),1,39056,2,0,0,1,1,2,1,2,T intersection,3,60,Arterial Other,30-39,Other injury,Bicyclists
T20140013903,7/3/2014,18:15:00,1,Collision with vehicle,5,Thursday,143,ENTERING PARKING,2,272931,2,0,1,0,1,2,2,5,Not at intersection,2,60,Arterial Other,22-25,Serious injury,Bicyclists
T20140013911,6/24/2014,8:49:00,1,Collision with vehicle,3,Tuesday,121,RIGHT THROUGH,9,274078,2,0,0,1,1,2,2,5,Not at intersection,3,999,Local Road,30-39,Other injury,Bicyclists
T20140013958,5/29/2014,19:45:00,1,Collision with vehicle,5,Thursday,116,LEFT NEAR (INTERSECTIONS ONLY),3,37306,2,0,0,1,1,2,2,1,Cross intersection,3,60,Arterial Other,26-29,Other injury,Bicyclists
T20140013975,5/26/2014,21:30:00,1,Collision with vehicle,2,Monday,130,REAR END(VEHICLES IN SAME LANE),3,272843,2,0,1,0,1,2,2,5,Not at intersection,2,80,Arterial Other,22-25,Serious injury,Bicyclists
T20140014007,7/7/2014,8:30:00,1,Collision with vehicle,2,Monday,121,RIGHT THROUGH,2,36625,2,0,0,1,1,2,2,1,Cross intersection,3,40,Local Road,30-39,Other injury,Bicyclists
T20140014027,7/8/2014,8:59:00,1,Collision with vehicle,3,Tuesday,163,VEHICLE STRIKES DOOR OF PARKED/STATIONARY VEHICLE,2,37833,2,0,0,1,2,3,1,1,Cross intersection,3,60,Arterial Other,30-39,Other injury,Bicyclists
T20140014066,7/3/2014,7:00:00,1,Collision with vehicle,5,Thursday,135,LANE CHANGE LEFT (NOT OVERTAKING),2,221459,2,0,0,1,1,2,2,5,Not at intersection,3,999,Arterial Other,50-59,Other injury,Bicyclists
T20140014074,7/5/2014,15:47:00,1,Collision with vehicle,7,Saturday,110,CROSS TRAFFIC(INTERSECTIONS ONLY),1,62332,2,0,0,1,1,2,2,1,Cross intersection,3,60,Arterial Other,30-39,Other injury,Bicyclists
T20140014080,7/4/2014,11:20:00,1,Collision with vehicle,6,Friday,147,VEHICLE STRIKES ANOTHER VEH WHILE EMERGING FROM DRIVEWAY,1,274081,2,0,0,1,1,2,2,5,Not at intersection,3,60,Arterial Other,13-15,Other injury,Bicyclists
T20140014088,7/9/2014,8:45:00,1,Collision with vehicle,4,Wednesday,160,VEHICLE COLLIDES WITH VEHICLE PARKED ON LEFT OF ROAD,2,272954,2,0,0,1,0,1,1,5,Not at intersection,3,50,Local Road,60-64,Other injury,Bicyclists
T20140014089,4/10/2014,19:45:00,1,Collision with vehicle,5,Thursday,148,VEHICLE OFF FOOTPATH STRIKES VEH ON CARRIAGEWAY,3,278298,2,0,0,1,1,2,1,5,Not at intersection,3,70,Uknown,30-39,Other injury,Bicyclists
T20140014099,7/4/2014,8:30:00,1,Collision with vehicle,6,Friday,110,CROSS TRAFFIC(INTERSECTIONS ONLY),2,36851,2,0,0,1,1,2,2,1,Cross intersection,3,50,Local Road,40-49,Other injury,Bicyclists
T20140014146,7/9/2014,18:10:00,1,Collision with vehicle,4,Wednesday,121,RIGHT THROUGH,2,36046,2,0,0,1,1,2,1,1,Cross intersection,3,50,Local Road,30-39,Other injury,Bicyclists
T20140014170,7/10/2014,7:30:00,1,Collision with vehicle,5,Thursday,110,CROSS TRAFFIC(INTERSECTIONS ONLY),2,40181,2,0,0,1,1,2,1,1,Cross intersection,3,50,Local Road,30-39,Other injury,Bicyclists
T20140014175,7/9/2014,9:30:00,1,Collision with vehicle,4,Wednesday,160,VEHICLE COLLIDES WITH VEHICLE PARKED ON LEFT OF ROAD,1,36166,2,0,0,1,1,2,2,1,Cross intersection,3,50,Local Road,26-29,Other injury,Bicyclists
T20140014207,7/8/2014,6:45:00,1,Collision with vehicle,3,Tuesday,160,VEHICLE COLLIDES WITH VEHICLE PARKED ON LEFT OF ROAD,6,204847,2,0,1,0,1,2,2,5,Not at intersection,2,60,Arterial Other,40-49,Serious injury,Bicyclists
T20140014237,7/10/2014,17:50:00,1,Collision with vehicle,5,Thursday,147,VEHICLE STRIKES ANOTHER VEH WHILE EMERGING FROM DRIVEWAY,2,273043,2,0,0,1,1,2,2,5,Not at intersection,3,50,Local Road,30-39,Other injury,Bicyclists
T20140014243,7/11/2014,5:30:00,1,Collision with vehicle,6,Friday,140,U TURN,3,272998,2,0,0,1,1,2,1,5,Not at intersection,3,60,Arterial Other,40-49,Other injury,Bicyclists
T20140014247,7/9/2014,7:25:00,2,Struck Pedestrian,3,Wednesday,101,PED EMERGES FROM IN FRONT OF PARKED OR STATIONARY VEHICLE,2,30939,1,0,0,2,0,2,2,2,T intersection,3,60,Arterial Highway,30-39,Other injury,Bicyclists
T20140014313,7/11/2014,8:50:00,1,Collision with vehicle,6,Friday,140,U TURN,2,273510,2,0,0,1,1,2,2,5,Not at intersection,3,40,Local Road,26-29,Other injury,Bicyclists
T20140014322,6/26/2014,8:30:00,1,Collision with vehicle,5,Thursday,116,LEFT NEAR (INTERSECTIONS ONLY),9,41847,2,0,0,1,1,2,2,2,T intersection,3,70,Arterial Other,40-49,Other injury,Bicyclists
T20140014386,7/12/2014,17:30:00,1,Collision with vehicle,7,Saturday,148,VEHICLE OFF FOOTPATH STRIKES VEH ON CARRIAGEWAY,3,41713,2,0,0,1,1,2,1,1,Cross intersection,3,50,Arterial Other,45424,Other injury,Bicyclists
T20140014428,6/11/2014,7:45:00,6,Vehicle overturned (no collision),4,Wednesday,174,OUT OF CONTROL ON CARRIAGEWAY (ON STRAIGHT),2,273012,1,0,1,0,0,1,2,5,Not at intersection,2,60,Arterial Other,30-39,Serious injury,Bicyclists
T20140014445,7/13/2014,14:30:00,1,Collision with vehicle,1,Sunday,163,VEHICLE STRIKES DOOR OF PARKED/STATIONARY VEHICLE,1,275559,2,0,0,1,1,2,2,5,Not at intersection,3,40,Arterial Other,30-39,Other injury,Bicyclists
T20140014495,7/14/2014,9:40:00,1,Collision with vehicle,2,Monday,163,VEHICLE STRIKES DOOR OF PARKED/STATIONARY VEHICLE,1,273022,2,0,1,0,2,3,1,5,Not at intersection,2,999,Local Road,40-49,Serious injury,Bicyclists
T20140014509,7/10/2014,21:55:00,1,Collision with vehicle,5,Thursday,110,CROSS TRAFFIC(INTERSECTIONS ONLY),3,273211,2,0,1,0,2,3,1,1,Cross intersection,2,50,Uknown,16-17,Serious injury,Bicyclists
T20140014515,8/10/2013,18:00:00,1,Collision with vehicle,7,Saturday,160,VEHICLE COLLIDES WITH VEHICLE PARKED ON LEFT OF ROAD,6,272997,2,0,1,0,0,1,2,5,Not at intersection,2,50,Local Road,13-15,Serious injury,Bicyclists
T20140014549,7/15/2014,8:20:00,1,Collision with vehicle,3,Tuesday,121,RIGHT THROUGH,2,37945,2,0,0,1,2,3,1,2,T intersection,3,40,Local Road,26-29,Other injury,Bicyclists
T20140014571,6/10/2014,11:00:00,1,Collision with vehicle,3,Tuesday,135,LANE CHANGE LEFT (NOT OVERTAKING),1,273606,2,0,0,1,1,2,2,5,Not at intersection,3,60,Arterial Other,40-49,Other injury,Bicyclists
T20140014582,7/15/2014,18:25:00,1,Collision with vehicle,3,Tuesday,116,LEFT NEAR (INTERSECTIONS ONLY),2,273163,2,0,1,0,1,2,1,2,T intersection,2,50,Local Road,30-39,Serious injury,Bicyclists
T20140014660,7/16/2014,17:15:00,1,Collision with vehicle,4,Wednesday,163,VEHICLE STRIKES DOOR OF PARKED/STATIONARY VEHICLE,2,274463,3,0,0,1,2,3,2,5,Not at intersection,3,60,Local Road,40-49,Other injury,Bicyclists
T20140014662,7/16/2014,17:30:00,2,Struck Pedestrian,4,Wednesday,101,PED EMERGES FROM IN FRONT OF PARKED OR STATIONARY VEHICLE,2,273173,1,0,0,1,1,2,2,5,Not at intersection,3,40,Local Road,26-29,Other injury,Bicyclists
T20140014676,7/16/2014,7:40:00,1,Collision with vehicle,4,Wednesday,113,RIGHT NEAR (INTERSECTIONS ONLY),2,42515,2,0,0,1,1,2,2,2,T intersection,3,80,Arterial Highway,18-21,Other injury,Bicyclists
T20140014706,7/14/2014,6:30:00,1,Collision with vehicle,2,Monday,121,RIGHT THROUGH,2,273216,2,0,0,1,1,2,2,2,T intersection,3,50,Arterial Other,40-49,Other injury,Bicyclists
T20140014733,7/17/2014,14:10:00,1,Collision with vehicle,5,Thursday,147,VEHICLE STRIKES ANOTHER VEH WHILE EMERGING FROM DRIVEWAY,1,66392,2,0,0,1,1,2,1,2,T intersection,3,888,Arterial Other,40-49,Other injury,Bicyclists
T20140014756,7/17/2014,15:00:00,1,Collision with vehicle,5,Thursday,134,LANE CHANGE RIGHT (NOT OVERTAKING),1,273518,2,0,0,1,1,2,1,5,Not at intersection,3,40,Local Road,18-21,Other injury,Bicyclists
T20140014782,7/18/2014,7:50:00,1,Collision with vehicle,6,Friday,137,LEFT TURN SIDESWIPE,9,398,2,0,0,1,1,2,2,1,Cross intersection,3,50,Arterial Other,40-49,Other injury,Bicyclists
T20140014785,7/17/2014,9:10:00,1,Collision with vehicle,5,Thursday,116,LEFT NEAR (INTERSECTIONS ONLY),1,221901,3,0,1,1,1,3,1,2,T intersection,2,80,Freeway,60-64,Other injury,Bicyclists
T20140014791,2/3/2014,12:00:00,1,Collision with vehicle,2,Monday,163,VEHICLE STRIKES DOOR OF PARKED/STATIONARY VEHICLE,1,273276,3,0,0,1,2,3,2,5,Not at intersection,3,999,Local Road,18-21,Other injury,Bicyclists
T20140014798,7/17/2014,17:25:00,1,Collision with vehicle,5,Thursday,148,VEHICLE OFF FOOTPATH STRIKES VEH ON CARRIAGEWAY,2,40081,2,0,0,1,1,2,1,2,T intersection,3,40,Local Road,60-64,Other injury,Bicyclists
T20140014843,7/9/2014,18:00:00,1,Collision with vehicle,4,Wednesday,119,OTHER ADJACENT (INTERSECTIONS ONLY),2,48505,2,0,0,1,1,2,2,2,T intersection,3,50,Local Road,30-39,Other injury,Bicyclists
T20140014863,7/19/2014,8:46:00,8,No collision and no object struck,7,Saturday,174,OUT OF CONTROL ON CARRIAGEWAY (ON STRAIGHT),2,273528,1,0,0,1,0,1,1,5,Not at intersection,3,40,Local Road,30-39,Other injury,Bicyclists
T20140014874,3/30/2014,13:30:00,1,Collision with vehicle,1,Sunday,139,OTHER SAME DIRECTION-MANOUEVRES NOT INCLUDED IN DCAs 130-137,1,273234,3,0,1,0,2,3,2,5,Not at intersection,2,60,Local Road,65-69,Serious injury,Bicyclists
T20140014886,7/12/2014,9:20:00,1,Collision with vehicle,7,Saturday,121,RIGHT THROUGH,1,36889,2,0,0,1,1,2,2,1,Cross intersection,3,40,Local Road,30-39,Other injury,Bicyclists
T20140014890,7/18/2014,17:15:00,1,Collision with vehicle,6,Friday,116,LEFT NEAR (INTERSECTIONS ONLY),2,36353,2,0,0,1,1,2,2,1,Cross intersection,3,50,Local Road,30-39,Other injury,Bicyclists
T20140014896,7/19/2014,17:31:00,1,Collision with vehicle,7,Saturday,121,RIGHT THROUGH,2,50962,2,0,0,1,1,2,1,2,T intersection,3,50,Local Road,16-17,Other injury,Bicyclists
T20140014900,7/19/2014,19:30:00,1,Collision with vehicle,7,Saturday,163,VEHICLE STRIKES DOOR OF PARKED/STATIONARY VEHICLE,3,273682,2,0,0,1,1,2,1,5,Not at intersection,3,60,Arterial Other,18-21,Other injury,Bicyclists
T20140014931,7/18/2014,11:00:00,1,Collision with vehicle,5,Friday,137,LEFT TURN SIDESWIPE,1,278453,2,0,0,1,1,2,2,1,Cross intersection,3,50,Local Road,40-49,Other injury,Bicyclists
T20140014936,7/20/2014,12:12:00,1,Collision with vehicle,1,Sunday,163,VEHICLE STRIKES DOOR OF PARKED/STATIONARY VEHICLE,1,115690,3,0,0,1,2,3,1,5,Not at intersection,3,40,Arterial Other,30-39,Other injury,Bicyclists
T20140014954,7/19/2014,21:45:00,4,Collision with a fixed object,7,Saturday,171,LEFT OFF CARRIAGEWAY INTO OBJECT/PARKED VEHICLE,5,273534,2,0,0,2,1,3,1,5,Not at intersection,3,60,Local Road,Unknown,Not injured,Bicyclists
T20140015014,6/22/2014,15:19:00,1,Collision with vehicle,1,Sunday,110,CROSS TRAFFIC(INTERSECTIONS ONLY),1,52768,2,0,0,1,1,2,2,1,Cross intersection,3,50,Local Road,30-39,Other injury,Bicyclists