ACCIDENT_NO,ACCIDENT_DATE,ACCIDENT_TIME,ACCIDENT_TYPE,ACCIDENT_TYPE_DESC,DAY_OF_WEEK,DAY_WEEK_DESC,DCA_CODE,DCA_DESC,LIGHT_CONDITION,NODE_ID,NO_OF_VEHICLES,NO_PERSONS_KILLED,NO_PERSONS_INJ_2,NO_PERSONS_INJ_3,NO_PERSONS_NOT_INJ,NO_PERSONS,POLICE_ATTEND,ROAD_GEOMETRY,ROAD_GEOMETRY_DESC,SEVERITY,SPEED_ZONE,RMA,AGE_GROUP,INJ_LEVEL,ROAD_USER_TYPE_DESC
T20140015023,7/21/2014,17:00:00,1,Collision with vehicle,2,Monday,130,REAR END(VEHICLES IN SAME LANE),6,273556,2,0,0,1,1,2,2,5,Not at intersection,3,40,Local Road,50-59,Other injury,Bicyclists
T20140015024,7/21/2014,17:30:00,1,Collision with vehicle,2,Monday,110,CROSS TRAFFIC(INTERSECTIONS ONLY),2,44733,2,0,1,0,1,2,1,1,Cross intersection,2,50,Local Road,40-49,Serious injury,Bicyclists
T20140015027,7/10/2014,6:54:00,1,Collision with vehicle,4,Thursday,116,LEFT NEAR (INTERSECTIONS ONLY),2,278477,2,0,0,2,0,2,2,2,T intersection,3,999,Local Road,50-59,Other injury,Bicyclists
T20140015028,7/21/2014,19:05:00,1,Collision with vehicle,2,Monday,116,LEFT NEAR (INTERSECTIONS ONLY),3,40751,2,0,0,1,1,2,1,2,T intersection,3,70,Arterial Highway,30-39,Other injury,Bicyclists
T20140015071,7/22/2014,11:35:00,1,Collision with vehicle,2,Tuesday,113,RIGHT NEAR (INTERSECTIONS ONLY),1,273559,2,0,1,0,1,2,1,2,T intersection,2,50,Local Road,30-39,Serious injury,Bicyclists
T20140015095,7/22/2014,16:20:00,1,Collision with vehicle,3,Tuesday,110,CROSS TRAFFIC(INTERSECTIONS ONLY),2,51669,2,0,0,1,1,2,1,1,Cross intersection,3,50,Local Road,30-39,Other injury,Bicyclists
T20140015100,7/22/2014,11:00:00,1,Collision with vehicle,3,Tuesday,148,VEHICLE OFF FOOTPATH STRIKES VEH ON CARRIAGEWAY,1,63395,2,0,0,1,1,2,2,2,T intersection,3,70,Arterial Other,50-59,Other injury,Bicyclists
T20140015103,7/22/2014,16:30:00,1,Collision with vehicle,3,Tuesday,116,LEFT NEAR (INTERSECTIONS ONLY),2,273694,2,0,1,0,1,2,1,2,T intersection,2,50,Local Road,Unknown,Serious injury,Bicyclists
T20140015108,7/22/2014,18:34:00,1,Collision with vehicle,3,Tuesday,113,RIGHT NEAR (INTERSECTIONS ONLY),2,45873,2,0,1,0,1,2,1,2,T intersection,2,60,Arterial Other,40-49,Serious injury,Bicyclists
T20140015143,6/13/2014,12:00:00,1,Collision with vehicle,6,Friday,163,VEHICLE STRIKES DOOR OF PARKED/STATIONARY VEHICLE,1,275060,2,0,0,2,0,2,2,5,Not at intersection,3,40,Local Road,26-29,Other injury,Bicyclists
T20140015154,7/22/2014,17:15:00,1,Collision with vehicle,3,Tuesday,163,VEHICLE STRIKES DOOR OF PARKED/STATIONARY VEHICLE,2,274006,2,0,0,1,1,2,2,5,Not at intersection,3,40,Local Road,18-21,Other injury,Bicyclists
T20140015244,7/24/2014,14:17:00,1,Collision with vehicle,5,Thursday,121,RIGHT THROUGH,1,35698,2,0,0,1,1,2,1,1,Cross intersection,3,50,Local Road,50-59,Other injury,Bicyclists
T20140015249,7/24/2014,15:20:00,8,No collision and no object struck,5,Thursday,174,OUT OF CONTROL ON CARRIAGEWAY (ON STRAIGHT),1,275130,2,0,1,0,1,2,1,5,Not at intersection,2,40,Local Road,40-49,Serious injury,Bicyclists
T20140015253,7/24/2014,17:30:00,1,Collision with vehicle,5,Thursday,148,VEHICLE OFF FOOTPATH STRIKES VEH ON CARRIAGEWAY,2,273715,2,0,0,1,1,2,1,5,Not at intersection,3,50,Local Road,26-29,Other injury,Bicyclists
T20140015259,7/24/2014,17:20:00,1,Collision with vehicle,5,Thursday,142,LEAVING PARKING,3,274682,2,0,0,1,1,2,1,5,Not at intersection,3,40,Local Road,40-49,Other injury,Bicyclists
T20140015264,4/14/2014,17:20:00,1,Collision with vehicle,2,Monday,130,REAR END(VEHICLES IN SAME LANE),2,206,2,0,0,1,1,2,2,1,Cross intersection,3,50,Arterial Other,30-39,Other injury,Bicyclists
T20140015294,7/24/2014,8:30:00,1,Collision with vehicle,5,Thursday,110,CROSS TRAFFIC(INTERSECTIONS ONLY),2,35974,2,0,0,1,1,2,2,1,Cross intersection,3,50,Local Road,30-39,Other injury,Bicyclists
T20140015296,7/20/2014,13:00:00,8,No collision and no object struck,0,Sunday,184,OUT OF CONTROL ON CARRIAGEWAY (ON BEND),1,61159,1,0,0,1,0,1,2,2,T intersection,3,80,Local Road,26-29,Other injury,Bicyclists
T20140015302,7/25/2014,10:55:00,1,Collision with vehicle,6,Friday,137,LEFT TURN SIDESWIPE,1,274318,2,0,1,0,1,2,1,5,Not at intersection,2,60,Arterial Highway,40-49,Serious injury,Bicyclists
T20140015313,7/25/2014,12:15:00,1,Collision with vehicle,6,Friday,148,VEHICLE OFF FOOTPATH STRIKES VEH ON CARRIAGEWAY,1,30625,2,0,0,1,1,2,1,1,Cross intersection,3,60,Arterial Highway,30-39,Other injury,Bicyclists
T20140015340,10/18/2012,17:10:00,1,Collision with vehicle,5,Thursday,154,PULLING OUT -REAR END,2,273897,2,0,0,1,1,2,2,5,Not at intersection,3,60,Arterial Other,65-69,Other injury,Bicyclists
T20140015342,7/25/2014,17:45:00,1,Collision with vehicle,6,Friday,110,CROSS TRAFFIC(INTERSECTIONS ONLY),3,51063,2,0,1,0,1,2,1,1,Cross intersection,2,50,Local Road,40-49,Serious injury,Bicyclists
T20140015388,7/26/2014,13:10:00,8,No collision and no object struck,7,Saturday,170,OFF CARRIAGEWAY TO LEFT,1,273753,1,0,1,0,0,1,1,5,Not at intersection,2,80,Uknown,18-21,Serious injury,Bicyclists
T20140015453,7/27/2014,10:50:00,1,Collision with vehicle,1,Sunday,163,VEHICLE STRIKES DOOR OF PARKED/STATIONARY VEHICLE,1,131637,2,0,0,1,1,2,1,5,Not at intersection,3,50,Local Road,26-29,Other injury,Bicyclists
T20140015475,7/27/2014,15:00:00,1,Collision with vehicle,1,Sunday,160,VEHICLE COLLIDES WITH VEHICLE PARKED ON LEFT OF ROAD,1,273754,2,0,1,0,0,1,1,5,Not at intersection,2,60,Arterial Other,50-59,Serious injury,Bicyclists
T20140015490,7/27/2014,17:43:00,1,Collision with vehicle,0,Sunday,148,VEHICLE OFF FOOTPATH STRIKES VEH ON CARRIAGEWAY,3,36230,2,0,0,1,1,2,1,1,Cross intersection,3,60,Arterial Other,22-25,Other injury,Bicyclists
T20140015510,7/28/2014,6:20:00,1,Collision with vehicle,2,Monday,116,LEFT NEAR (INTERSECTIONS ONLY),3,51677,2,0,0,1,1,2,1,1,Cross intersection,3,60,Arterial Highway,30-39,Other injury,Bicyclists
T20140015541,7/10/2014,16:30:00,1,Collision with vehicle,5,Thursday,160,VEHICLE COLLIDES WITH VEHICLE PARKED ON LEFT OF ROAD,2,273771,2,0,0,1,1,2,1,5,Not at intersection,3,50,Local Road,30-39,Other injury,Bicyclists
T20140015545,7/28/2014,13:02:00,1,Collision with vehicle,2,Monday,134,LANE CHANGE RIGHT (NOT OVERTAKING),1,278562,2,0,1,0,1,2,1,5,Not at intersection,2,70,Local Road,70+,Serious injury,Bicyclists
T20140015567,7/28/2014,13:05:00,1,Collision with vehicle,2,Monday,113,RIGHT NEAR (INTERSECTIONS ONLY),1,37193,2,0,1,0,1,2,1,1,Cross intersection,2,60,Arterial Other,30-39,Serious injury,Bicyclists
T20140015568,7/8/2014,13:00:00,1,Collision with vehicle,3,Tuesday,147,VEHICLE STRIKES ANOTHER VEH WHILE EMERGING FROM DRIVEWAY,1,95431,2,0,0,1,1,2,2,5,Not at intersection,3,888,Arterial Highway,30-39,Other injury,Bicyclists
T20140015578,7/28/2014,17:10:00,1,Collision with vehicle,2,Monday,119,OTHER ADJACENT (INTERSECTIONS ONLY),2,64066,2,0,0,1,1,2,1,2,T intersection,3,60,Arterial Other,30-39,Other injury,Bicyclists
T20140015590,7/26/2014,13:30:00,1,Collision with vehicle,7,Saturday,159,OTHER OVERTAKING MANOEUVRES NOT INCLUDED IN DCAs 150-154,1,55705,2,0,0,1,1,2,1,2,T intersection,3,60,Arterial Other,26-29,Other injury,Bicyclists
T20140015593,7/28/2014,16:40:00,1,Collision with vehicle,2,Monday,121,RIGHT THROUGH,2,38969,2,0,0,1,1,2,2,2,T intersection,3,60,Arterial Other,18-21,Other injury,Bicyclists
T20140015608,7/29/2014,9:00:00,1,Collision with vehicle,3,Tuesday,110,CROSS TRAFFIC(INTERSECTIONS ONLY),1,38771,2,0,0,1,2,3,1,1,Cross intersection,3,50,Local Road,30-39,Other injury,Bicyclists
T20140015610,7/29/2014,7:45:00,1,Collision with vehicle,3,Tuesday,121,RIGHT THROUGH,2,41440,2,0,0,1,1,2,1,2,T intersection,3,60,Local Road,18-21,Other injury,Bicyclists
T20140015636,7/28/2014,16:50:00,1,Collision with vehicle,2,Monday,137,LEFT TURN SIDESWIPE,2,240343,2,0,0,1,1,2,1,4,Multiple intersection,3,60,Arterial Highway,26-29,Other injury,Bicyclists
T20140015655,1/30/2014,16:00:00,8,No collision and no object struck,5,Thursday,174,OUT OF CONTROL ON CARRIAGEWAY (ON STRAIGHT),1,274766,2,0,0,1,1,2,2,5,Not at intersection,3,999,Local Road,50-59,Other injury,Bicyclists
T20140015683,7/30/2014,9:10:00,1,Collision with vehicle,4,Wednesday,163,VEHICLE STRIKES DOOR OF PARKED/STATIONARY VEHICLE,1,129790,2,0,1,0,1,2,2,5,Not at intersection,2,60,Arterial Other,26-29,Serious injury,Bicyclists
T20140015684,7/26/2014,8:15:00,1,Collision with vehicle,7,Saturday,160,VEHICLE COLLIDES WITH VEHICLE PARKED ON LEFT OF ROAD,2,274957,2,0,1,0,0,1,2,5,Not at intersection,2,50,Local Road,50-59,Serious injury,Bicyclists
T20140015704,7/27/2014,12:10:00,1,Collision with vehicle,1,Sunday,116,LEFT NEAR (INTERSECTIONS ONLY),1,259074,2,0,0,1,2,3,2,2,T intersection,3,50,Local Road,40-49,Other injury,Bicyclists
T20140015707,7/24/2014,7:30:00,1,Collision with vehicle,5,Thursday,137,LEFT TURN SIDESWIPE,2,57531,2,0,0,1,1,2,2,2,T intersection,3,60,Arterial Highway,40-49,Other injury,Bicyclists
T20140015720,6/19/2014,14:00:00,1,Collision with vehicle,5,Thursday,137,LEFT TURN SIDESWIPE,1,36528,2,0,0,1,1,2,2,1,Cross intersection,3,60,Arterial Other,30-39,Other injury,Bicyclists
T20140015729,7/30/2014,18:28:00,1,Collision with vehicle,4,Wednesday,137,LEFT TURN SIDESWIPE,3,56670,2,0,0,1,1,2,1,3,Y intersection,3,60,Arterial Other,26-29,Other injury,Bicyclists
T20140015731,7/29/2014,17:45:00,1,Collision with vehicle,3,Tuesday,121,RIGHT THROUGH,3,274475,2,0,1,0,1,2,1,5,Not at intersection,2,60,Arterial Other,40-49,Serious injury,Bicyclists
T20140015744,7/31/2014,5:50:00,1,Collision with vehicle,5,Thursday,113,RIGHT NEAR (INTERSECTIONS ONLY),3,273966,3,0,1,0,1,2,1,2,T intersection,2,50,Local Road,40-49,Serious injury,Bicyclists
T20140015749,7/5/2014,12:16:00,1,Collision with vehicle,7,Saturday,110,CROSS TRAFFIC(INTERSECTIONS ONLY),1,63356,2,0,0,1,1,2,1,1,Cross intersection,3,50,Local Road,22-25,Other injury,Bicyclists
T20140015773,7/25/2014,11:00:00,1,Collision with vehicle,6,Friday,147,VEHICLE STRIKES ANOTHER VEH WHILE EMERGING FROM DRIVEWAY,1,274092,2,0,0,1,1,2,2,5,Not at intersection,3,60,Arterial Other,60-64,Other injury,Bicyclists
T20140015828,7/22/2014,7:10:00,1,Collision with vehicle,3,Tuesday,140,U TURN,3,274820,2,0,0,1,1,2,2,5,Not at intersection,3,40,Local Road,Unknown,Other injury,Bicyclists
T20140015857,8/1/2014,16:10:00,1,Collision with vehicle,6,Friday,137,LEFT TURN SIDESWIPE,1,65752,2,0,1,0,1,2,1,2,T intersection,2,40,Local Road,26-29,Serious injury,Bicyclists
T20140015892,8/1/2014,20:40:00,1,Collision with vehicle,6,Friday,116,LEFT NEAR (INTERSECTIONS ONLY),3,274213,2,0,0,1,1,2,1,2,T intersection,3,60,Arterial Other,26-29,Other injury,Bicyclists
T20140015915,8/2/2014,9:45:00,1,Collision with vehicle,7,Saturday,110,CROSS TRAFFIC(INTERSECTIONS ONLY),1,42018,2,0,1,0,1,2,1,1,Cross intersection,2,60,Local Road,60-64,Serious injury,Bicyclists
T20140016003,4/10/2014,23:20:00,1,Collision with vehicle,5,Thursday,131,LEFT REAR,3,401,2,0,1,0,1,2,1,2,T intersection,2,60,Arterial Other,22-25,Serious injury,Bicyclists
T20140016017,8/3/2014,14:00:00,1,Collision with vehicle,1,Sunday,113,RIGHT NEAR (INTERSECTIONS ONLY),1,29382,2,0,0,1,1,2,2,1,Cross intersection,3,60,Arterial Other,30-39,Other injury,Bicyclists
T20140016033,8/3/2014,12:46:00,1,Collision with vehicle,1,Sunday,163,VEHICLE STRIKES DOOR OF PARKED/STATIONARY VEHICLE,1,274169,3,0,1,1,2,4,1,5,Not at intersection,2,60,Local Road,30-39,Serious injury,Bicyclists
T20140016046,7/30/2014,10:00:00,1,Collision with vehicle,4,Wednesday,160,VEHICLE COLLIDES WITH VEHICLE PARKED ON LEFT OF ROAD,1,274166,2,0,0,1,1,2,1,5,Not at intersection,3,50,Arterial Other,18-21,Other injury,Bicyclists
T20140016079,8/4/2014,14:00:00,1,Collision with vehicle,2,Monday,110,CROSS TRAFFIC(INTERSECTIONS ONLY),1,250267,2,0,0,1,1,2,1,1,Cross intersection,3,50,Local Road,60-64,Other injury,Bicyclists
T20140016112,8/5/2014,5:55:00,1,Collision with vehicle,3,Tuesday,114,TWO RIGHT TURNING (INTERSECTIONS ONLY),3,51087,2,0,0,1,1,2,1,2,T intersection,3,50,Local Road,40-49,Other injury,Bicyclists
T20140016125,4/26/2014,8:00:00,8,No collision and no object struck,7,Saturday,174,OUT OF CONTROL ON CARRIAGEWAY (ON STRAIGHT),1,274161,2,0,0,1,1,2,2,2,T intersection,3,50,Local Road,50-59,Other injury,Bicyclists
T20140016133,7/22/2014,17:05:00,1,Collision with vehicle,3,Tuesday,160,VEHICLE COLLIDES WITH VEHICLE PARKED ON LEFT OF ROAD,9,277675,2,0,1,0,0,1,2,5,Not at intersection,2,999,Arterial Highway,30-39,Serious injury,Bicyclists
T20140016141,8/4/2014,11:00:00,1,Collision with vehicle,2,Monday,147,VEHICLE STRIKES ANOTHER VEH WHILE EMERGING FROM DRIVEWAY,1,274193,2,0,0,1,1,2,2,5,Not at intersection,3,60,Arterial Other,40-49,Other injury,Bicyclists
T20140016149,8/5/2014,16:05:00,1,Collision with vehicle,3,Tuesday,121,RIGHT THROUGH,1,63945,2,0,0,1,1,2,1,5,Not at intersection,3,60,Local Road,50-59,Other injury,Bicyclists
T20140016185,8/5/2014,17:20:00,1,Collision with vehicle,3,Tuesday,147,VEHICLE STRIKES ANOTHER VEH WHILE EMERGING FROM DRIVEWAY,2,274830,2,0,1,0,1,2,2,5,Not at intersection,2,60,Arterial Highway,45424,Serious injury,Bicyclists
T20140016192,8/4/2014,9:00:00,1,Collision with vehicle,2,Monday,130,REAR END(VEHICLES IN SAME LANE),1,278985,2,0,0,1,1,2,2,5,Not at intersection,3,60,Local Road,18-21,Other injury,Bicyclists
T20140016205,7/27/2014,8:00:00,1,Collision with vehicle,1,Sunday,110,CROSS TRAFFIC(INTERSECTIONS ONLY),2,29883,2,0,0,1,1,2,2,4,Multiple intersection,3,999,Local Road,40-49,Other injury,Bicyclists
T20140016221,8/6/2014,13:00:00,1,Collision with vehicle,4,Wednesday,133,LANE SIDE SWIPE (VEHICLES IN PARALLEL LANES),1,275106,2,0,1,0,1,2,1,5,Not at intersection,2,100,Arterial Highway,65-69,Serious injury,Bicyclists
T20140016223,8/6/2014,14:39:00,1,Collision with vehicle,4,Wednesday,163,VEHICLE STRIKES DOOR OF PARKED/STATIONARY VEHICLE,1,274286,2,0,1,0,1,2,2,5,Not at intersection,2,40,Arterial Other,30-39,Serious injury,Bicyclists
T20140016254,8/6/2014,18:30:00,1,Collision with vehicle,4,Wednesday,163,VEHICLE STRIKES DOOR OF PARKED/STATIONARY VEHICLE,3,37717,2,0,0,1,2,3,2,2,T intersection,3,40,Arterial Other,26-29,Other injury,Bicyclists
T20140016270,8/7/2014,7:00:00,1,Collision with vehicle,5,Thursday,130,REAR END(VEHICLES IN SAME LANE),2,275244,2,0,1,0,1,2,1,5,Not at intersection,2,80,Local Road,22-25,Serious injury,Bicyclists
T20140016274,1/23/2014,7:20:00,1,Collision with vehicle,5,Thursday,121,RIGHT THROUGH,1,39089,2,0,0,1,1,2,2,2,T intersection,3,60,Local Road,40-49,Other injury,Bicyclists
T20140016294,7/30/2014,15:50:00,1,Collision with vehicle,4,Wednesday,137,LEFT TURN SIDESWIPE,1,37904,2,0,0,1,1,2,2,1,Cross intersection,3,60,Local Road,30-39,Other injury,Bicyclists
T20140016322,8/7/2014,17:30:00,1,Collision with vehicle,5,Thursday,116,LEFT NEAR (INTERSECTIONS ONLY),2,67589,2,0,1,0,1,2,1,2,T intersection,2,50,Local Road,30-39,Serious injury,Bicyclists
T20140016323,8/7/2014,16:20:00,1,Collision with vehicle,5,Thursday,121,RIGHT THROUGH,1,36399,2,0,0,2,0,2,1,1,Cross intersection,3,50,Local Road,22-25,Other injury,Bicyclists
T20140016327,8/7/2014,18:50:00,1,Collision with vehicle,5,Thursday,116,LEFT NEAR (INTERSECTIONS ONLY),3,65625,2,0,0,1,1,2,1,2,T intersection,3,60,Local Road,40-49,Other injury,Bicyclists
T20140016334,8/7/2014,18:05:00,1,Collision with vehicle,5,Thursday,113,RIGHT NEAR (INTERSECTIONS ONLY),3,66048,2,0,1,0,2,3,1,2,T intersection,2,60,Local Road,50-59,Serious injury,Bicyclists
T20140016344,8/1/2014,15:30:00,1,Collision with vehicle,6,Friday,147,VEHICLE STRIKES ANOTHER VEH WHILE EMERGING FROM DRIVEWAY,1,274302,2,0,0,1,2,3,2,5,Not at intersection,3,50,Local Road,45424,Other injury,Bicyclists
T20140016373,8/8/2014,8:50:00,1,Collision with vehicle,6,Friday,113,RIGHT NEAR (INTERSECTIONS ONLY),1,36496,2,0,0,2,0,2,2,1,Cross intersection,3,40,Local Road,18-21,Other injury,Bicyclists
T20140016379,8/1/2014,9:00:00,1,Collision with vehicle,6,Friday,135,LANE CHANGE LEFT (NOT OVERTAKING),1,88647,2,0,0,1,1,2,2,5,Not at intersection,3,60,Arterial Highway,40-49,Other injury,Bicyclists
T20140016382,8/8/2014,12:22:00,1,Collision with vehicle,5,Friday,113,RIGHT NEAR (INTERSECTIONS ONLY),1,36475,2,0,1,0,2,3,1,2,T intersection,2,80,Arterial Other,50-59,Serious injury,Bicyclists
T20140016388,7/7/2014,3:00:00,8,No collision and no object struck,2,Monday,199,UNKNOWN-NO DETAILS ON MANOEUVRES OF ROAD-USERS IN ACCIDENT,6,411,1,0,1,0,0,1,2,1,Cross intersection,2,50,Arterial Other,26-29,Serious injury,Bicyclists
T20140016392,8/4/2014,7:08:00,1,Collision with vehicle,2,Monday,110,CROSS TRAFFIC(INTERSECTIONS ONLY),2,559,2,0,0,1,1,2,1,1,Cross intersection,3,50,Arterial Other,40-49,Other injury,Bicyclists
T20140016439,8/9/2014,2:40:00,1,Collision with vehicle,7,Saturday,136,RIGHT TURN SIDESWIPE,3,35988,2,0,0,1,1,2,1,1,Cross intersection,3,60,Local Road,40-49,Other injury,Bicyclists
T20140016448,7/2/2014,20:15:00,1,Collision with vehicle,4,Wednesday,121,RIGHT THROUGH,3,275061,2,0,0,1,1,2,2,5,Not at intersection,3,60,Arterial Other,40-49,Other injury,Bicyclists
T20140016452,8/9/2014,11:00:00,1,Collision with vehicle,7,Saturday,130,REAR END(VEHICLES IN SAME LANE),1,274581,2,0,1,0,1,2,1,5,Not at intersection,2,40,Local Road,40-49,Serious injury,Bicyclists
T20140016454,8/9/2014,11:15:00,1,Collision with vehicle,7,Saturday,147,VEHICLE STRIKES ANOTHER VEH WHILE EMERGING FROM DRIVEWAY,1,41420,2,0,1,0,1,2,1,2,T intersection,2,50,Arterial Highway,50-59,Serious injury,Bicyclists
T20140016455,8/7/2014,17:00:00,1,Collision with vehicle,5,Thursday,116,LEFT NEAR (INTERSECTIONS ONLY),3,62376,2,0,0,2,0,2,2,2,T intersection,3,50,Arterial Other,30-39,Other injury,Bicyclists
T20140016513,7/16/2014,18:00:00,1,Collision with vehicle,4,Wednesday,135,LANE CHANGE LEFT (NOT OVERTAKING),3,275151,2,0,0,1,1,2,2,5,Not at intersection,3,60,Arterial Other,30-39,Other injury,Bicyclists
T20140016514,8/10/2014,12:30:00,6,Vehicle overturned (no collision),1,Sunday,174,OUT OF CONTROL ON CARRIAGEWAY (ON STRAIGHT),1,274551,2,0,0,1,1,2,1,5,Not at intersection,3,40,Local Road,65-69,Other injury,Bicyclists
T20140016533,8/10/2014,16:15:00,1,Collision with vehicle,1,Sunday,163,VEHICLE STRIKES DOOR OF PARKED/STATIONARY VEHICLE,1,37161,2,0,0,2,0,2,2,2,T intersection,3,40,Arterial Other,26-29,Other injury,Bicyclists
T20140016564,7/25/2014,11:00:00,1,Collision with vehicle,6,Friday,120,HEAD ON (NOT OVERTAKING),1,275105,2,0,0,1,1,2,2,5,Not at intersection,3,40,Arterial Other,22-25,Other injury,Bicyclists
T20140016566,8/11/2014,8:50:00,1,Collision with vehicle,2,Monday,148,VEHICLE OFF FOOTPATH STRIKES VEH ON CARRIAGEWAY,1,38047,2,0,0,1,1,2,1,1,Cross intersection,3,40,Arterial Other,26-29,Other injury,Bicyclists
T20140016608,8/11/2014,17:33:00,1,Collision with vehicle,2,Monday,136,RIGHT TURN SIDESWIPE,1,72574,2,0,0,1,1,2,1,2,T intersection,3,50,Local Road,22-25,Other injury,Bicyclists
T20140016613,8/11/2014,18:25:00,1,Collision with vehicle,2,Monday,110,CROSS TRAFFIC(INTERSECTIONS ONLY),3,274481,2,0,1,0,1,2,1,1,Cross intersection,2,50,Local Road,65-69,Serious injury,Bicyclists
T20140016635,8/9/2014,21:45:00,1,Collision with vehicle,7,Saturday,121,RIGHT THROUGH,3,42029,2,0,1,0,1,2,1,1,Cross intersection,2,60,Local Road,16-17,Serious injury,Bicyclists
T20140016658,8/12/2014,8:40:00,1,Collision with vehicle,3,Tuesday,137,LEFT TURN SIDESWIPE,1,65767,2,0,0,1,1,2,1,2,T intersection,3,40,Local Road,30-39,Other injury,Bicyclists
T20140016687,7/3/2014,11:00:00,8,No collision and no object struck,5,Thursday,170,OFF CARRIAGEWAY TO LEFT,1,274473,2,0,1,0,1,2,2,2,T intersection,2,60,Local Road,45424,Serious injury,Bicyclists
T20140016725,8/13/2014,9:25:00,1,Collision with vehicle,4,Wednesday,163,VEHICLE STRIKES DOOR OF PARKED/STATIONARY VEHICLE,1,274385,3,0,0,1,2,3,1,5,Not at intersection,3,40,Arterial Other,40-49,Other injury,Bicyclists
T20140016758,8/12/2014,14:30:00,1,Collision with vehicle,3,Tuesday,163,VEHICLE STRIKES DOOR OF PARKED/STATIONARY VEHICLE,1,200270,2,0,1,0,1,2,2,5,Not at intersection,2,40,Arterial Other,18-21,Serious injury,Bicyclists
T20140016769,7/24/2014,15:00:00,8,No collision and no object struck,5,Thursday,174,OUT OF CONTROL ON CARRIAGEWAY (ON STRAIGHT),1,37223,1,0,0,1,0,1,2,2,T intersection,3,40,Arterial Other,26-29,Other injury,Bicyclists
T20140016811,8/13/2014,10:25:00,1,Collision with vehicle,4,Wednesday,143,ENTERING PARKING,1,274432,2,0,1,0,1,2,2,5,Not at intersection,2,60,Arterial Other,26-29,Serious injury,Bicyclists
T20140016815,8/14/2014,8:45:00,1,Collision with vehicle,5,Thursday,121,RIGHT THROUGH,1,40183,2,0,1,0,1,2,1,1,Cross intersection,2,60,Local Road,70+,Serious injury,Bicyclists
T20140016865,7/16/2014,18:25:00,1,Collision with vehicle,4,Wednesday,163,VEHICLE STRIKES DOOR OF PARKED/STATIONARY VEHICLE,3,274615,2,0,0,1,1,2,1,5,Not at intersection,3,40,Local Road,30-39,Other injury,Bicyclists
T20140016890,8/12/2014,8:20:00,4,Collision with a fixed object,3,Tuesday,171,LEFT OFF CARRIAGEWAY INTO OBJECT/PARKED VEHICLE,1,274601,2,0,1,0,2,3,2,5,Not at intersection,2,40,Arterial Other,30-39,Serious injury,Bicyclists
T20140016915,8/15/2014,16:15:00,1,Collision with vehicle,6,Friday,148,VEHICLE OFF FOOTPATH STRIKES VEH ON CARRIAGEWAY,1,29452,2,0,1,0,1,2,1,2,T intersection,2,50,Arterial Highway,30-39,Serious injury,Bicyclists
T20140016963,8/16/2014,3:30:00,1,Collision with vehicle,7,Saturday,110,CROSS TRAFFIC(INTERSECTIONS ONLY),3,36685,2,0,0,1,1,2,1,1,Cross intersection,3,60,Arterial Highway,26-29,Other injury,Bicyclists
T20140016979,8/15/2014,18:00:00,1,Collision with vehicle,6,Friday,145,REVERSING IN STREAM OF TRAFFIC,2,275027,2,0,0,1,1,2,2,5,Not at intersection,3,70,Arterial Highway,26-29,Other injury,Bicyclists
T20140016981,8/15/2014,16:45:00,1,Collision with vehicle,6,Friday,110,CROSS TRAFFIC(INTERSECTIONS ONLY),1,39901,2,0,0,1,1,2,2,1,Cross intersection,3,60,Arterial Other,50-59,Other injury,Bicyclists
T20140016994,8/12/2014,12:15:00,1,Collision with vehicle,3,Tuesday,139,OTHER SAME DIRECTION-MANOUEVRES NOT INCLUDED IN DCAs 130-137,1,274659,2,0,0,1,1,2,2,5,Not at intersection,3,60,Local Road,26-29,Other injury,Bicyclists
T20140017005,8/16/2014,12:00:00,1,Collision with vehicle,7,Saturday,137,LEFT TURN SIDESWIPE,1,274703,2,0,0,1,1,2,2,5,Not at intersection,3,60,Uknown,22-25,Other injury,Bicyclists
T20140017008,8/16/2014,15:10:00,1,Collision with vehicle,7,Saturday,147,VEHICLE STRIKES ANOTHER VEH WHILE EMERGING FROM DRIVEWAY,1,274563,2,0,0,1,1,2,1,5,Not at intersection,3,60,Arterial Other,Unknown,Other injury,Bicyclists
T20140017018,8/16/2014,20:00:00,1,Collision with vehicle,7,Saturday,133,LANE SIDE SWIPE (VEHICLES IN PARALLEL LANES),9,274972,3,0,0,1,1,2,2,5,Not at intersection,3,40,Local Road,40-49,Other injury,Bicyclists
T20140017021,8/10/2014,13:10:00,1,Collision with vehicle,1,Sunday,163,VEHICLE STRIKES DOOR OF PARKED/STATIONARY VEHICLE,1,35360,2,0,0,1,1,2,2,1,Cross intersection,3,40,Local Road,40-49,Other injury,Bicyclists
T20140017055,8/15/2014,21:20:00,1,Collision with vehicle,6,Friday,137,LEFT TURN SIDESWIPE,3,65743,2,0,0,1,1,2,2,1,Cross intersection,3,40,Local Road,26-29,Other injury,Bicyclists
T20140017082,8/15/2014,11:00:00,2,Struck Pedestrian,6,Friday,102,FAR SIDE. PED HIT BY VEHICLE FROM THE LEFT,1,244068,1,0,0,1,1,2,2,2,T intersection,3,60,Arterial Other,50-59,Other injury,Bicyclists
T20140017091,8/18/2014,10:45:00,1,Collision with vehicle,2,Monday,160,VEHICLE COLLIDES WITH VEHICLE PARKED ON LEFT OF ROAD,1,274992,2,0,0,1,1,2,1,5,Not at intersection,3,100,Arterial Other,40-49,Other injury,Bicyclists