ACCIDENT_NO,ACCIDENT_DATE,ACCIDENT_TIME,ACCIDENT_TYPE,ACCIDENT_TYPE_DESC,DAY_OF_WEEK,DAY_WEEK_DESC,DCA_CODE,DCA_DESC,LIGHT_CONDITION,NODE_ID,NO_OF_VEHICLES,NO_PERSONS_KILLED,NO_PERSONS_INJ_2,NO_PERSONS_INJ_3,NO_PERSONS_NOT_INJ,NO_PERSONS,POLICE_ATTEND,ROAD_GEOMETRY,ROAD_GEOMETRY_DESC,SEVERITY,SPEED_ZONE,RMA,AGE_GROUP,INJ_LEVEL,ROAD_USER_TYPE_DESC
T20140017111,8/18/2014,7:35:00,1,Collision with vehicle,2,Monday,137,LEFT TURN SIDESWIPE,2,277480,2,0,1,0,1,2,1,2,T intersection,2,60,Arterial Other,40-49,Serious injury,Bicyclists
T20140017119,8/16/2014,23:15:00,1,Collision with vehicle,6,Saturday,140,U TURN,6,275806,2,0,0,1,0,1,2,5,Not at intersection,3,60,Arterial Other,40-49,Other injury,Bicyclists
T20140017155,8/18/2014,9:00:00,1,Collision with vehicle,2,Monday,121,RIGHT THROUGH,1,37722,2,0,0,1,1,2,2,2,T intersection,3,40,Arterial Other,50-59,Other injury,Bicyclists
T20140017170,8/12/2014,7:40:00,1,Collision with vehicle,3,Tuesday,113,RIGHT NEAR (INTERSECTIONS ONLY),2,39434,2,0,0,1,1,2,2,2,T intersection,3,70,Arterial Other,40-49,Other injury,Bicyclists
T20140017180,8/19/2014,13:50:00,1,Collision with vehicle,3,Tuesday,133,LANE SIDE SWIPE (VEHICLES IN PARALLEL LANES),1,63650,2,0,0,1,2,3,1,1,Cross intersection,3,50,Local Road,30-39,Other injury,Bicyclists
T20140017195,8/19/2014,8:20:00,1,Collision with vehicle,3,Tuesday,163,VEHICLE STRIKES DOOR OF PARKED/STATIONARY VEHICLE,1,274593,2,0,0,1,1,2,2,5,Not at intersection,3,50,Local Road,26-29,Other injury,Bicyclists
T20140017203,8/15/2014,2:00:00,8,No collision and no object struck,6,Friday,174,OUT OF CONTROL ON CARRIAGEWAY (ON STRAIGHT),3,274584,1,0,0,1,0,1,2,5,Not at intersection,3,40,Local Road,18-21,Other injury,Bicyclists
T20140017224,4/29/2014,18:00:00,1,Collision with vehicle,3,Tuesday,160,VEHICLE COLLIDES WITH VEHICLE PARKED ON LEFT OF ROAD,2,66523,2,0,0,1,0,1,2,2,T intersection,3,50,Local Road,26-29,Other injury,Bicyclists
T20140017229,8/20/2014,7:05:00,1,Collision with vehicle,4,Wednesday,121,RIGHT THROUGH,2,42033,2,0,1,1,0,2,1,2,T intersection,2,70,Arterial Other,30-39,Serious injury,Bicyclists
T20140017239,8/20/2014,8:00:00,1,Collision with vehicle,4,Wednesday,121,RIGHT THROUGH,1,38131,2,0,0,1,1,2,1,2,T intersection,3,60,Arterial Other,30-39,Other injury,Bicyclists
T20140017258,8/13/2014,9:40:00,1,Collision with vehicle,4,Wednesday,137,LEFT TURN SIDESWIPE,1,36690,2,0,1,0,1,2,2,2,T intersection,2,60,Arterial Other,30-39,Serious injury,Bicyclists
T20140017272,8/20/2014,13:00:00,1,Collision with vehicle,4,Wednesday,121,RIGHT THROUGH,1,35297,2,0,0,1,1,2,2,1,Cross intersection,3,60,Arterial Other,26-29,Other injury,Bicyclists
T20140017282,8/20/2014,17:30:00,1,Collision with vehicle,4,Wednesday,121,RIGHT THROUGH,6,40626,2,0,0,1,1,2,1,2,T intersection,3,50,Uknown,40-49,Other injury,Bicyclists
T20140017293,8/20/2014,18:10:00,8,No collision and no object struck,4,Wednesday,174,OUT OF CONTROL ON CARRIAGEWAY (ON STRAIGHT),3,63853,2,0,0,1,1,2,2,1,Cross intersection,3,60,Local Road,30-39,Other injury,Bicyclists
T20140017297,8/21/2014,8:47:00,1,Collision with vehicle,5,Thursday,147,VEHICLE STRIKES ANOTHER VEH WHILE EMERGING FROM DRIVEWAY,1,274774,2,0,0,1,2,3,1,5,Not at intersection,3,50,Arterial Highway,50-59,Other injury,Bicyclists
T20140017301,8/20/2014,7:00:00,1,Collision with vehicle,4,Wednesday,147,VEHICLE STRIKES ANOTHER VEH WHILE EMERGING FROM DRIVEWAY,1,274683,2,0,0,1,1,2,2,5,Not at intersection,3,60,Arterial Other,26-29,Other injury,Bicyclists
T20140017325,8/21/2014,9:30:00,1,Collision with vehicle,5,Thursday,130,REAR END(VEHICLES IN SAME LANE),1,274775,2,0,0,1,1,2,1,5,Not at intersection,3,60,Arterial Other,60-64,Other injury,Bicyclists
T20140017360,8/21/2014,6:30:00,1,Collision with vehicle,5,Thursday,137,LEFT TURN SIDESWIPE,2,39216,2,0,1,0,1,2,1,1,Cross intersection,2,60,Local Road,50-59,Serious injury,Bicyclists
T20140017363,8/20/2014,17:45:00,8,No collision and no object struck,4,Wednesday,174,OUT OF CONTROL ON CARRIAGEWAY (ON STRAIGHT),2,36625,2,0,0,1,1,2,2,1,Cross intersection,3,50,Local Road,50-59,Other injury,Bicyclists
T20140017365,7/24/2014,15:15:00,1,Collision with vehicle,5,Thursday,137,LEFT TURN SIDESWIPE,1,69295,2,0,0,1,1,2,2,2,T intersection,3,60,Local Road,16-17,Other injury,Bicyclists
T20140017377,4/30/2014,17:55:00,1,Collision with vehicle,4,Wednesday,148,VEHICLE OFF FOOTPATH STRIKES VEH ON CARRIAGEWAY,3,39069,2,0,0,1,1,2,1,2,T intersection,3,60,Local Road,45424,Other injury,Bicyclists
T20140017399,8/22/2014,10:10:00,8,No collision and no object struck,6,Friday,174,OUT OF CONTROL ON CARRIAGEWAY (ON STRAIGHT),1,274932,2,0,0,1,1,2,2,5,Not at intersection,3,60,Uknown,18-21,Other injury,Bicyclists
T20140017414,8/22/2014,6:55:00,1,Collision with vehicle,6,Friday,116,LEFT NEAR (INTERSECTIONS ONLY),9,37493,2,0,0,1,1,2,2,1,Cross intersection,3,60,Local Road,30-39,Other injury,Bicyclists
T20140017427,8/22/2014,16:00:00,1,Collision with vehicle,6,Friday,147,VEHICLE STRIKES ANOTHER VEH WHILE EMERGING FROM DRIVEWAY,1,274891,2,0,0,1,1,2,1,5,Not at intersection,3,60,Arterial Other,13-15,Other injury,Bicyclists
T20140017470,8/23/2014,14:00:00,1,Collision with vehicle,7,Saturday,111,RIGHT FAR (INTERSECTIONS ONLY),1,275688,2,0,1,0,1,2,1,2,T intersection,2,50,Local Road,45424,Serious injury,Bicyclists
T20140017571,8/25/2014,9:00:00,1,Collision with vehicle,1,Monday,133,LANE SIDE SWIPE (VEHICLES IN PARALLEL LANES),1,275133,2,0,1,0,1,2,1,5,Not at intersection,2,40,Local Road,50-59,Serious injury,Bicyclists
T20140017572,8/25/2014,8:35:00,1,Collision with vehicle,2,Monday,121,RIGHT THROUGH,1,29406,2,0,0,1,1,2,1,1,Cross intersection,3,50,Local Road,30-39,Other injury,Bicyclists
T20140017589,8/25/2014,12:15:00,1,Collision with vehicle,2,Monday,163,VEHICLE STRIKES DOOR OF PARKED/STATIONARY VEHICLE,1,274815,2,0,0,1,1,2,1,5,Not at intersection,3,50,Local Road,18-21,Other injury,Bicyclists
T20140017597,8/22/2014,12:45:00,1,Collision with vehicle,6,Friday,147,VEHICLE STRIKES ANOTHER VEH WHILE EMERGING FROM DRIVEWAY,1,274802,2,0,0,1,1,2,2,5,Not at intersection,3,999,Local Road,50-59,Other injury,Bicyclists
T20140017630,8/23/2014,12:00:00,1,Collision with vehicle,7,Saturday,137,LEFT TURN SIDESWIPE,1,40082,2,0,0,1,1,2,2,2,T intersection,3,60,Arterial Other,30-39,Other injury,Bicyclists
T20140017646,8/26/2014,6:30:00,9,Other accident,3,Tuesday,199,UNKNOWN-NO DETAILS ON MANOEUVRES OF ROAD-USERS IN ACCIDENT,2,274862,1,0,0,1,0,1,1,5,Not at intersection,3,60,Arterial Other,40-49,Other injury,Bicyclists
T20140017687,8/26/2014,8:00:00,1,Collision with vehicle,2,Tuesday,163,VEHICLE STRIKES DOOR OF PARKED/STATIONARY VEHICLE,1,675,2,0,0,1,1,2,2,1,Cross intersection,3,50,Arterial Other,22-25,Other injury,Bicyclists
T20140017702,8/26/2014,16:00:00,1,Collision with vehicle,3,Tuesday,163,VEHICLE STRIKES DOOR OF PARKED/STATIONARY VEHICLE,1,274875,2,0,1,1,0,2,2,5,Not at intersection,2,60,Arterial Other,30-39,Other injury,Bicyclists
T20140017710,8/26/2014,6:00:00,1,Collision with vehicle,3,Tuesday,160,VEHICLE COLLIDES WITH VEHICLE PARKED ON LEFT OF ROAD,2,275176,3,0,0,1,1,2,1,5,Not at intersection,3,60,Arterial Other,30-39,Other injury,Bicyclists
T20140017741,8/25/2014,8:30:00,1,Collision with vehicle,2,Monday,148,VEHICLE OFF FOOTPATH STRIKES VEH ON CARRIAGEWAY,1,39955,2,0,0,1,1,2,1,1,Cross intersection,3,50,Local Road,40-49,Other injury,Bicyclists
T20140017767,8/27/2014,15:25:00,1,Collision with vehicle,4,Wednesday,116,LEFT NEAR (INTERSECTIONS ONLY),1,51555,2,0,1,0,1,2,1,2,T intersection,2,60,Arterial Highway,70+,Serious injury,Bicyclists
T20140017778,8/27/2014,16:20:00,1,Collision with vehicle,4,Wednesday,148,VEHICLE OFF FOOTPATH STRIKES VEH ON CARRIAGEWAY,1,277223,2,0,1,0,1,2,1,1,Cross intersection,2,80,Arterial Other,13-15,Serious injury,Bicyclists
T20140017780,8/27/2014,8:30:00,1,Collision with vehicle,4,Wednesday,131,LEFT REAR,1,36839,2,0,0,1,1,2,2,2,T intersection,3,40,Arterial Other,26-29,Other injury,Bicyclists
T20140017781,8/27/2014,16:42:00,1,Collision with vehicle,4,Wednesday,121,RIGHT THROUGH,1,38872,2,0,1,0,1,2,1,2,T intersection,2,60,Arterial Other,30-39,Serious injury,Bicyclists
T20140017785,8/27/2014,19:00:00,1,Collision with vehicle,4,Wednesday,110,CROSS TRAFFIC(INTERSECTIONS ONLY),3,54257,2,0,0,1,2,3,1,1,Cross intersection,3,60,Local Road,16-17,Other injury,Bicyclists
T20140017792,8/25/2014,7:40:00,1,Collision with vehicle,2,Monday,147,VEHICLE STRIKES ANOTHER VEH WHILE EMERGING FROM DRIVEWAY,2,275437,2,0,0,1,1,2,2,2,T intersection,3,999,Arterial Other,40-49,Other injury,Bicyclists
T20140017793,8/27/2014,8:30:00,1,Collision with vehicle,4,Wednesday,137,LEFT TURN SIDESWIPE,1,275372,2,0,1,0,1,2,2,5,Not at intersection,2,40,Arterial Other,22-25,Serious injury,Bicyclists
T20140017829,8/27/2014,17:30:00,1,Collision with vehicle,4,Wednesday,121,RIGHT THROUGH,2,68052,2,0,0,1,1,2,2,2,T intersection,3,50,Local Road,26-29,Other injury,Bicyclists
T20140017850,8/28/2014,14:55:00,1,Collision with vehicle,5,Thursday,142,LEAVING PARKING,1,274937,2,0,1,0,1,2,1,5,Not at intersection,2,40,Arterial Other,30-39,Serious injury,Bicyclists
T20140017865,8/28/2014,18:40:00,1,Collision with vehicle,5,Thursday,163,VEHICLE STRIKES DOOR OF PARKED/STATIONARY VEHICLE,3,37702,2,0,1,0,2,3,1,2,T intersection,2,40,Local Road,40-49,Serious injury,Bicyclists
T20140017870,8/28/2014,16:40:00,1,Collision with vehicle,5,Thursday,148,VEHICLE OFF FOOTPATH STRIKES VEH ON CARRIAGEWAY,1,274836,2,0,1,0,1,2,1,5,Not at intersection,2,50,Local Road,50-59,Serious injury,Bicyclists
T20140017873,8/28/2014,19:00:00,1,Collision with vehicle,5,Thursday,121,RIGHT THROUGH,3,40050,2,0,0,1,1,2,1,2,T intersection,3,60,Arterial Other,26-29,Other injury,Bicyclists
T20140017881,8/28/2014,17:30:00,1,Collision with vehicle,5,Thursday,121,RIGHT THROUGH,2,45639,2,0,0,1,1,2,2,2,T intersection,3,60,Local Road,26-29,Other injury,Bicyclists
T20140017885,7/10/2014,23:30:00,1,Collision with vehicle,5,Thursday,116,LEFT NEAR (INTERSECTIONS ONLY),3,53266,2,0,0,1,1,2,2,2,T intersection,3,999,Arterial Other,26-29,Other injury,Bicyclists
T20140017956,8/29/2014,18:24:00,1,Collision with vehicle,6,Friday,110,CROSS TRAFFIC(INTERSECTIONS ONLY),3,37825,2,0,0,1,1,2,1,1,Cross intersection,3,40,Local Road,26-29,Other injury,Bicyclists
T20140017971,8/29/2014,15:45:00,1,Collision with vehicle,6,Friday,137,LEFT TURN SIDESWIPE,1,274843,2,0,1,0,1,2,1,1,Cross intersection,2,50,Uknown,40-49,Serious injury,Bicyclists
T20140017978,8/30/2014,8:55:00,8,No collision and no object struck,7,Saturday,174,OUT OF CONTROL ON CARRIAGEWAY (ON STRAIGHT),1,274844,3,0,2,1,0,3,1,5,Not at intersection,2,60,Arterial Other,40-49,Serious injury,Bicyclists
T20140017981,8/30/2014,10:20:00,1,Collision with vehicle,7,Saturday,121,RIGHT THROUGH,1,35297,2,0,1,0,1,2,1,1,Cross intersection,2,40,Arterial Other,40-49,Serious injury,Bicyclists
T20140018000,8/30/2014,7:55:00,6,Vehicle overturned (no collision),7,Saturday,174,OUT OF CONTROL ON CARRIAGEWAY (ON STRAIGHT),2,275754,1,0,1,0,0,1,1,5,Not at intersection,2,100,Local Road,40-49,Serious injury,Bicyclists
T20140018046,8/30/2014,12:36:00,1,Collision with vehicle,7,Saturday,113,RIGHT NEAR (INTERSECTIONS ONLY),1,226695,2,0,1,0,1,2,1,2,T intersection,2,50,Local Road,26-29,Serious injury,Bicyclists
T20140018066,8/31/2014,12:00:00,1,Collision with vehicle,1,Sunday,163,VEHICLE STRIKES DOOR OF PARKED/STATIONARY VEHICLE,1,275014,2,0,0,1,1,2,2,5,Not at intersection,3,60,Arterial Other,30-39,Other injury,Bicyclists
T20140018149,9/1/2014,15:30:00,1,Collision with vehicle,2,Monday,147,VEHICLE STRIKES ANOTHER VEH WHILE EMERGING FROM DRIVEWAY,1,274900,2,0,0,1,1,2,2,5,Not at intersection,3,40,Local Road,45424,Other injury,Bicyclists
T20140018174,8/7/2014,7:30:00,1,Collision with vehicle,5,Thursday,163,VEHICLE STRIKES DOOR OF PARKED/STATIONARY VEHICLE,3,275026,2,0,0,1,1,2,2,5,Not at intersection,3,60,Arterial Other,40-49,Other injury,Bicyclists
T20140018188,9/2/2014,9:15:00,1,Collision with vehicle,3,Tuesday,116,LEFT NEAR (INTERSECTIONS ONLY),1,29373,2,0,0,1,1,2,2,1,Cross intersection,3,999,Uknown,18-21,Other injury,Bicyclists
T20140018191,9/2/2014,8:00:00,1,Collision with vehicle,3,Tuesday,110,CROSS TRAFFIC(INTERSECTIONS ONLY),1,41086,2,0,1,0,1,2,1,1,Cross intersection,2,60,Local Road,26-29,Serious injury,Bicyclists
T20140018232,9/2/2014,16:58:00,1,Collision with vehicle,3,Tuesday,121,RIGHT THROUGH,1,45237,2,0,1,0,2,3,1,1,Cross intersection,2,50,Arterial Other,22-25,Serious injury,Bicyclists
T20140018237,9/2/2014,18:45:00,1,Collision with vehicle,3,Tuesday,121,RIGHT THROUGH,3,39171,2,0,0,1,1,2,1,2,T intersection,3,40,Arterial Other,22-25,Other injury,Bicyclists
T20140018251,9/3/2014,8:00:00,1,Collision with vehicle,4,Wednesday,121,RIGHT THROUGH,1,65752,2,0,0,1,1,2,1,2,T intersection,3,40,Local Road,30-39,Other injury,Bicyclists
T20140018254,8/28/2014,17:30:00,1,Collision with vehicle,5,Thursday,113,RIGHT NEAR (INTERSECTIONS ONLY),2,36499,2,0,0,1,1,2,2,1,Cross intersection,3,40,Local Road,30-39,Other injury,Bicyclists
T20140018264,9/3/2014,11:55:00,1,Collision with vehicle,4,Wednesday,121,RIGHT THROUGH,1,36603,2,0,1,0,1,2,1,1,Cross intersection,2,50,Local Road,30-39,Serious injury,Bicyclists
T20140018288,7/26/2014,13:00:00,1,Collision with vehicle,7,Saturday,132,RIGHT REAR.,1,37730,2,0,0,1,1,2,1,2,T intersection,3,60,Arterial Other,22-25,Other injury,Bicyclists
T20140018294,8/29/2014,8:00:00,1,Collision with vehicle,6,Friday,110,CROSS TRAFFIC(INTERSECTIONS ONLY),1,47739,2,0,0,1,1,2,2,1,Cross intersection,3,999,Local Road,40-49,Other injury,Bicyclists
T20140018295,9/3/2014,6:00:00,1,Collision with vehicle,4,Wednesday,130,REAR END(VEHICLES IN SAME LANE),3,63419,2,0,1,0,1,2,2,2,T intersection,2,50,Arterial Highway,26-29,Serious injury,Bicyclists
T20140018332,9/4/2014,12:50:00,1,Collision with vehicle,5,Thursday,137,LEFT TURN SIDESWIPE,1,59484,2,0,0,1,1,2,2,1,Cross intersection,3,60,Uknown,40-49,Other injury,Bicyclists
T20140018359,9/4/2014,17:00:00,1,Collision with vehicle,5,Thursday,110,CROSS TRAFFIC(INTERSECTIONS ONLY),2,42717,2,0,0,1,1,2,2,1,Cross intersection,3,999,Local Road,13-15,Other injury,Bicyclists
T20140018361,9/4/2014,15:15:00,1,Collision with vehicle,4,Thursday,110,CROSS TRAFFIC(INTERSECTIONS ONLY),1,36152,2,0,0,1,1,2,1,1,Cross intersection,3,50,Local Road,30-39,Other injury,Bicyclists
T20140018362,9/4/2014,16:15:00,1,Collision with vehicle,5,Thursday,147,VEHICLE STRIKES ANOTHER VEH WHILE EMERGING FROM DRIVEWAY,1,275054,2,0,1,0,1,2,1,2,T intersection,2,50,Local Road,13-15,Serious injury,Bicyclists
T20140018363,9/4/2014,17:45:00,1,Collision with vehicle,5,Thursday,121,RIGHT THROUGH,2,36696,2,0,0,1,1,2,1,2,T intersection,3,40,Arterial Other,22-25,Other injury,Bicyclists
T20140018373,9/4/2014,15:50:00,1,Collision with vehicle,5,Thursday,163,VEHICLE STRIKES DOOR OF PARKED/STATIONARY VEHICLE,1,275631,2,0,0,1,3,4,1,5,Not at intersection,3,60,Local Road,22-25,Other injury,Bicyclists
T20140018377,9/3/2014,8:30:00,1,Collision with vehicle,4,Wednesday,160,VEHICLE COLLIDES WITH VEHICLE PARKED ON LEFT OF ROAD,1,275016,2,0,0,1,0,1,2,5,Not at intersection,3,50,Local Road,30-39,Other injury,Bicyclists
T20140018391,9/5/2014,6:35:00,1,Collision with vehicle,6,Friday,110,CROSS TRAFFIC(INTERSECTIONS ONLY),2,36047,2,0,1,0,2,3,1,1,Cross intersection,2,50,Local Road,26-29,Serious injury,Bicyclists
T20140018416,9/5/2014,8:00:00,1,Collision with vehicle,6,Friday,113,RIGHT NEAR (INTERSECTIONS ONLY),1,239301,2,0,2,0,1,3,1,2,T intersection,2,50,Local Road,70+,Serious injury,Bicyclists
T20140018446,9/5/2014,18:52:00,1,Collision with vehicle,6,Friday,121,RIGHT THROUGH,3,169,2,0,1,0,1,2,1,1,Cross intersection,2,60,Arterial Highway,26-29,Serious injury,Bicyclists
T20140018486,9/6/2014,12:00:00,8,No collision and no object struck,7,Saturday,174,OUT OF CONTROL ON CARRIAGEWAY (ON STRAIGHT),1,35400,2,0,1,1,1,3,1,1,Cross intersection,2,50,Arterial Other,50-59,Serious injury,Bicyclists
T20140018512,9/5/2014,22:30:00,1,Collision with vehicle,6,Friday,142,LEAVING PARKING,6,37020,2,0,0,1,1,2,2,2,T intersection,3,60,Local Road,50-59,Other injury,Bicyclists
T20140018532,9/6/2014,16:40:00,1,Collision with vehicle,7,Saturday,110,CROSS TRAFFIC(INTERSECTIONS ONLY),1,48429,2,0,0,1,3,4,1,1,Cross intersection,3,60,Local Road,50-59,Other injury,Bicyclists
T20140018559,9/6/2014,16:10:00,1,Collision with vehicle,7,Saturday,130,REAR END(VEHICLES IN SAME LANE),1,289589,2,0,1,0,1,2,1,5,Not at intersection,2,100,Local Road,45424,Serious injury,Bicyclists
T20140018566,9/7/2014,12:17:00,1,Collision with vehicle,1,Sunday,143,ENTERING PARKING,1,275089,3,0,0,1,3,4,1,5,Not at intersection,3,60,Local Road,30-39,Other injury,Bicyclists
T20140018573,9/6/2014,18:43:00,1,Collision with vehicle,7,Saturday,160,VEHICLE COLLIDES WITH VEHICLE PARKED ON LEFT OF ROAD,5,275085,2,0,0,1,0,1,1,5,Not at intersection,3,50,Local Road,18-21,Other injury,Bicyclists
T20140018628,8/1/2014,8:30:00,1,Collision with vehicle,6,Friday,137,LEFT TURN SIDESWIPE,1,236994,2,0,0,1,1,2,2,1,Cross intersection,3,60,Arterial Other,40-49,Other injury,Bicyclists
T20140018650,9/8/2014,15:00:00,1,Collision with vehicle,2,Monday,137,LEFT TURN SIDESWIPE,1,38092,2,0,1,0,1,2,1,1,Cross intersection,2,60,Uknown,30-39,Serious injury,Bicyclists
T20140018659,8/26/2014,11:30:00,6,Vehicle overturned (no collision),3,Tuesday,174,OUT OF CONTROL ON CARRIAGEWAY (ON STRAIGHT),1,275053,2,0,1,0,1,2,9,2,T intersection,2,40,Arterial Other,30-39,Serious injury,Bicyclists
T20140018686,9/2/2014,17:45:00,1,Collision with vehicle,3,Tuesday,137,LEFT TURN SIDESWIPE,2,275665,2,0,0,1,1,2,2,5,Not at intersection,3,60,Arterial Highway,50-59,Other injury,Bicyclists
T20140018731,9/8/2014,22:42:00,1,Collision with vehicle,2,Monday,160,VEHICLE COLLIDES WITH VEHICLE PARKED ON LEFT OF ROAD,3,275126,2,0,1,0,0,1,1,5,Not at intersection,2,50,Local Road,40-49,Serious injury,Bicyclists
T20140018742,8/29/2014,19:30:00,1,Collision with vehicle,6,Friday,142,LEAVING PARKING,3,275159,2,0,0,1,1,2,2,5,Not at intersection,3,40,Arterial Other,30-39,Other injury,Bicyclists
T20140018769,6/24/2014,9:35:00,6,Vehicle overturned (no collision),3,Tuesday,184,OUT OF CONTROL ON CARRIAGEWAY (ON BEND),1,291120,2,0,1,0,0,1,2,5,Not at intersection,2,50,Local Road,50-59,Serious injury,Bicyclists
T20140018808,7/30/2014,8:45:00,1,Collision with vehicle,4,Wednesday,137,LEFT TURN SIDESWIPE,2,36495,2,0,0,1,1,2,2,1,Cross intersection,3,60,Local Road,22-25,Other injury,Bicyclists
T20140018809,9/4/2014,7:40:00,8,No collision and no object struck,5,Thursday,170,OFF CARRIAGEWAY TO LEFT,2,275138,2,0,0,1,1,2,2,5,Not at intersection,3,50,Local Road,30-39,Other injury,Bicyclists
T20140018820,9/10/2014,14:17:00,1,Collision with vehicle,4,Wednesday,116,LEFT NEAR (INTERSECTIONS ONLY),1,36628,2,0,0,1,1,2,1,2,T intersection,3,40,Local Road,65-69,Other injury,Bicyclists
T20140018850,9/3/2014,13:45:00,8,No collision and no object struck,4,Wednesday,184,OUT OF CONTROL ON CARRIAGEWAY (ON BEND),1,275155,1,1,0,0,0,1,2,5,Not at intersection,1,100,Local Road,70+,Fatality,Bicyclists
T20140018852,9/11/2014,12:38:00,1,Collision with vehicle,5,Thursday,130,REAR END(VEHICLES IN SAME LANE),1,275611,2,0,0,1,1,2,1,5,Not at intersection,3,40,Arterial Other,22-25,Other injury,Bicyclists
T20140018860,9/5/2014,16:50:00,1,Collision with vehicle,6,Friday,110,CROSS TRAFFIC(INTERSECTIONS ONLY),1,35977,2,0,1,0,1,2,1,1,Cross intersection,2,50,Local Road,40-49,Serious injury,Bicyclists
T20140018882,9/11/2014,20:05:00,1,Collision with vehicle,5,Thursday,123,RIGHT/LEFT. ONE VEH TURNING RIGHT THE OTHER LEFT.,6,63212,2,0,1,0,1,2,1,2,T intersection,2,40,Local Road,40-49,Serious injury,Bicyclists
T20140018886,9/11/2014,17:40:00,8,No collision and no object struck,5,Thursday,174,OUT OF CONTROL ON CARRIAGEWAY (ON STRAIGHT),2,35625,2,0,0,1,1,2,1,2,T intersection,3,80,Arterial Highway,50-59,Other injury,Bicyclists
T20140018904,9/12/2014,8:22:00,1,Collision with vehicle,6,Friday,148,VEHICLE OFF FOOTPATH STRIKES VEH ON CARRIAGEWAY,1,37868,2,0,0,1,1,2,2,1,Cross intersection,3,70,Arterial Highway,26-29,Other injury,Bicyclists
T20140018911,9/12/2014,8:58:00,1,Collision with vehicle,6,Friday,137,LEFT TURN SIDESWIPE,1,40168,2,0,1,0,2,3,1,2,T intersection,2,40,Arterial Other,40-49,Serious injury,Bicyclists
T20140018936,9/12/2014,18:30:00,1,Collision with vehicle,6,Friday,110,CROSS TRAFFIC(INTERSECTIONS ONLY),3,36962,2,0,0,1,1,2,1,4,Multiple intersection,3,50,Local Road,40-49,Other injury,Bicyclists
T20140018939,9/11/2014,18:00:00,1,Collision with vehicle,5,Thursday,133,LANE SIDE SWIPE (VEHICLES IN PARALLEL LANES),2,275809,2,0,0,1,1,2,2,5,Not at intersection,3,60,Arterial Other,30-39,Other injury,Bicyclists
T20140018947,9/12/2014,14:35:00,1,Collision with vehicle,6,Friday,137,LEFT TURN SIDESWIPE,1,45422,2,0,0,1,1,2,2,2,T intersection,3,999,Arterial Other,18-21,Other injury,Bicyclists
T20140018962,9/12/2014,21:00:00,1,Collision with vehicle,6,Friday,110,CROSS TRAFFIC(INTERSECTIONS ONLY),3,29423,2,0,1,0,1,2,1,1,Cross intersection,2,40,Local Road,50-59,Serious injury,Bicyclists
T20140018982,9/13/2014,2:30:00,1,Collision with vehicle,7,Saturday,160,VEHICLE COLLIDES WITH VEHICLE PARKED ON LEFT OF ROAD,6,275196,2,0,1,0,0,1,2,5,Not at intersection,2,60,Local Road,30-39,Serious injury,Bicyclists
T20140019012,9/12/2014,14:00:00,8,No collision and no object struck,6,Friday,174,OUT OF CONTROL ON CARRIAGEWAY (ON STRAIGHT),1,12930,2,0,0,1,1,2,2,1,Cross intersection,3,999,Arterial Highway,30-39,Other injury,Bicyclists
T20140019030,9/5/2014,13:30:00,1,Collision with vehicle,6,Friday,163,VEHICLE STRIKES DOOR OF PARKED/STATIONARY VEHICLE,1,275211,2,0,0,1,1,2,2,5,Not at intersection,3,40,Local Road,26-29,Other injury,Bicyclists
T20140019034,9/14/2014,8:40:00,1,Collision with vehicle,1,Sunday,147,VEHICLE STRIKES ANOTHER VEH WHILE EMERGING FROM DRIVEWAY,1,275257,2,0,0,1,1,2,1,5,Not at intersection,3,60,Arterial Highway,50-59,Other injury,Bicyclists
T20140019044,9/14/2014,9:11:00,1,Collision with vehicle,0,Sunday,110,CROSS TRAFFIC(INTERSECTIONS ONLY),1,278719,2,0,0,1,1,2,1,1,Cross intersection,3,50,Local Road,40-49,Other injury,Bicyclists
T20140019063,7/16/2014,8:00:00,1,Collision with vehicle,4,Wednesday,147,VEHICLE STRIKES ANOTHER VEH WHILE EMERGING FROM DRIVEWAY,2,275201,2,0,0,1,1,2,2,5,Not at intersection,3,60,Arterial Other,40-49,Other injury,Bicyclists
T20140019072,9/12/2014,8:30:00,8,No collision and no object struck,6,Friday,174,OUT OF CONTROL ON CARRIAGEWAY (ON STRAIGHT),1,275223,2,0,1,0,1,2,2,5,Not at intersection,2,50,Local Road,26-29,Serious injury,Bicyclists
T20140019112,9/15/2014,9:45:00,1,Collision with vehicle,2,Monday,110,CROSS TRAFFIC(INTERSECTIONS ONLY),1,72743,2,0,0,1,1,2,2,1,Cross intersection,3,50,Local Road,40-49,Other injury,Bicyclists
T20140019122,9/15/2014,12:00:00,1,Collision with vehicle,2,Monday,163,VEHICLE STRIKES DOOR OF PARKED/STATIONARY VEHICLE,1,275417,2,0,1,0,1,2,2,5,Not at intersection,2,50,Arterial Highway,70+,Serious injury,Bicyclists
T20140019132,9/15/2014,10:00:00,1,Collision with vehicle,2,Monday,110,CROSS TRAFFIC(INTERSECTIONS ONLY),1,37972,2,0,1,0,1,2,1,1,Cross intersection,2,50,Local Road,30-39,Serious injury,Bicyclists
T20140019179,9/16/2014,8:50:00,1,Collision with vehicle,3,Tuesday,121,RIGHT THROUGH,1,52618,2,0,0,1,2,3,1,1,Cross intersection,3,50,Arterial Highway,22-25,Other injury,Bicyclists