ACCIDENT_NO,ACCIDENT_DATE,ACCIDENT_TIME,ACCIDENT_TYPE,ACCIDENT_TYPE_DESC,DAY_OF_WEEK,DAY_WEEK_DESC,DCA_CODE,DCA_DESC,LIGHT_CONDITION,NODE_ID,NO_OF_VEHICLES,NO_PERSONS_KILLED,NO_PERSONS_INJ_2,NO_PERSONS_INJ_3,NO_PERSONS_NOT_INJ,NO_PERSONS,POLICE_ATTEND,ROAD_GEOMETRY,ROAD_GEOMETRY_DESC,SEVERITY,SPEED_ZONE,RMA,AGE_GROUP,INJ_LEVEL,ROAD_USER_TYPE_DESC
T20140019208,9/15/2014,9:05:00,1,Collision with vehicle,2,Monday,136,RIGHT TURN SIDESWIPE,1,271213,2,0,0,1,1,2,1,4,Multiple intersection,3,40,Arterial Other,60-64,Other injury,Bicyclists
T20140019218,8/14/2014,7:40:00,1,Collision with vehicle,5,Thursday,110,CROSS TRAFFIC(INTERSECTIONS ONLY),2,43377,2,0,1,0,1,2,2,1,Cross intersection,2,50,Local Road,16-17,Serious injury,Bicyclists
T20140019248,9/17/2014,8:16:00,1,Collision with vehicle,4,Wednesday,148,VEHICLE OFF FOOTPATH STRIKES VEH ON CARRIAGEWAY,1,275348,2,0,1,0,1,2,1,5,Not at intersection,2,60,Arterial Other,40-49,Serious injury,Bicyclists
T20140019272,9/17/2014,12:30:00,1,Collision with vehicle,4,Wednesday,153,CUTTING IN (OVERTAKING),1,275297,2,0,0,1,1,2,1,5,Not at intersection,3,80,Arterial Other,18-21,Other injury,Bicyclists
T20140019281,9/17/2014,14:20:00,1,Collision with vehicle,4,Wednesday,148,VEHICLE OFF FOOTPATH STRIKES VEH ON CARRIAGEWAY,1,282905,2,0,0,1,1,2,1,5,Not at intersection,3,60,Arterial Other,40-49,Other injury,Bicyclists
T20140019361,9/18/2014,15:45:00,1,Collision with vehicle,5,Thursday,163,VEHICLE STRIKES DOOR OF PARKED/STATIONARY VEHICLE,1,277323,2,0,1,0,1,2,1,5,Not at intersection,2,60,Local Road,30-39,Serious injury,Bicyclists
T20140019363,3/18/2014,6:40:00,1,Collision with vehicle,3,Tuesday,163,VEHICLE STRIKES DOOR OF PARKED/STATIONARY VEHICLE,2,277010,2,0,0,1,1,2,2,5,Not at intersection,3,40,Local Road,26-29,Other injury,Bicyclists
T20140019370,9/18/2014,18:10:00,1,Collision with vehicle,5,Thursday,147,VEHICLE STRIKES ANOTHER VEH WHILE EMERGING FROM DRIVEWAY,2,52503,2,0,0,1,1,2,1,5,Not at intersection,3,60,Arterial Highway,30-39,Other injury,Bicyclists
T20140019384,8/18/2014,15:00:00,1,Collision with vehicle,1,Monday,133,LANE SIDE SWIPE (VEHICLES IN PARALLEL LANES),1,19500,2,0,1,0,2,3,2,1,Cross intersection,2,999,Arterial Highway,40-49,Serious injury,Bicyclists
T20140019445,9/16/2014,11:00:00,1,Collision with vehicle,3,Tuesday,121,RIGHT THROUGH,1,43239,2,0,0,1,1,2,2,2,T intersection,3,999,Uknown,30-39,Other injury,Bicyclists
T20140019485,9/20/2014,8:15:00,1,Collision with vehicle,7,Saturday,120,HEAD ON (NOT OVERTAKING),1,275842,2,0,1,0,1,2,1,5,Not at intersection,2,50,Local Road,22-25,Serious injury,Bicyclists
T20140019498,9/20/2014,13:40:00,4,Collision with a fixed object,7,Saturday,181,OFF RIGHT BEND INTO OBJECT/PARKED VEHICLE,1,275318,1,0,1,0,0,1,1,5,Not at intersection,2,60,Uknown,50-59,Serious injury,Bicyclists
T20140019549,9/20/2014,13:30:00,1,Collision with vehicle,7,Saturday,163,VEHICLE STRIKES DOOR OF PARKED/STATIONARY VEHICLE,1,275810,2,0,0,1,1,2,2,5,Not at intersection,3,60,Arterial Highway,30-39,Other injury,Bicyclists
T20140019557,9/21/2014,11:50:00,1,Collision with vehicle,1,Sunday,114,TWO RIGHT TURNING (INTERSECTIONS ONLY),1,60593,2,0,0,1,1,2,1,1,Cross intersection,3,100,Arterial Other,50-59,Other injury,Bicyclists
T20140019582,9/21/2014,17:20:00,1,Collision with vehicle,0,Sunday,110,CROSS TRAFFIC(INTERSECTIONS ONLY),1,37556,2,0,1,0,1,2,1,1,Cross intersection,2,50,Local Road,30-39,Serious injury,Bicyclists
T20140019623,9/22/2014,13:30:00,1,Collision with vehicle,1,Monday,113,RIGHT NEAR (INTERSECTIONS ONLY),1,36215,2,0,1,0,1,2,2,2,T intersection,2,60,Arterial Other,30-39,Serious injury,Bicyclists
T20140019661,9/23/2014,7:30:00,1,Collision with vehicle,3,Tuesday,133,LANE SIDE SWIPE (VEHICLES IN PARALLEL LANES),2,275446,2,0,1,0,1,2,1,5,Not at intersection,2,60,Local Road,50-59,Serious injury,Bicyclists
T20140019671,9/23/2014,9:25:00,1,Collision with vehicle,3,Tuesday,153,CUTTING IN (OVERTAKING),1,275435,2,0,1,0,1,2,1,5,Not at intersection,2,80,Arterial Other,50-59,Serious injury,Bicyclists
T20140019689,9/23/2014,13:40:00,1,Collision with vehicle,3,Tuesday,112,LEFT FAR (INTERSECTIONS ONLY),1,277557,3,0,0,2,1,3,1,2,T intersection,3,50,Local Road,45424,Other injury,Bicyclists
T20140019695,9/23/2014,16:00:00,1,Collision with vehicle,3,Tuesday,163,VEHICLE STRIKES DOOR OF PARKED/STATIONARY VEHICLE,1,275429,2,0,0,1,1,2,1,5,Not at intersection,3,60,Arterial Other,26-29,Other injury,Bicyclists
T20140019703,9/23/2014,17:23:00,1,Collision with vehicle,3,Tuesday,135,LANE CHANGE LEFT (NOT OVERTAKING),2,275434,2,0,1,0,1,2,1,5,Not at intersection,2,60,Arterial Other,40-49,Serious injury,Bicyclists
T20140019711,8/28/2014,6:55:00,1,Collision with vehicle,5,Thursday,163,VEHICLE STRIKES DOOR OF PARKED/STATIONARY VEHICLE,3,275438,2,0,0,1,1,2,2,5,Not at intersection,3,40,Arterial Other,40-49,Other injury,Bicyclists
T20140019731,9/15/2014,4:30:00,1,Collision with vehicle,2,Monday,121,RIGHT THROUGH,5,278722,2,0,0,1,1,2,2,2,T intersection,3,60,Local Road,18-21,Other injury,Bicyclists
T20140019742,9/23/2014,17:00:00,1,Collision with vehicle,3,Tuesday,111,RIGHT FAR (INTERSECTIONS ONLY),2,1237,2,0,0,1,1,2,2,2,T intersection,3,60,Arterial Other,40-49,Other injury,Bicyclists
T20140019750,9/24/2014,11:10:00,1,Collision with vehicle,4,Wednesday,135,LANE CHANGE LEFT (NOT OVERTAKING),1,37965,3,0,1,0,3,4,1,2,T intersection,2,70,Arterial Highway,26-29,Serious injury,Bicyclists
T20140019793,9/10/2014,16:10:00,6,Vehicle overturned (no collision),4,Wednesday,184,OUT OF CONTROL ON CARRIAGEWAY (ON BEND),1,275484,1,0,0,1,0,1,2,5,Not at intersection,3,70,Arterial Other,50-59,Other injury,Bicyclists
T20140019822,9/23/2014,17:30:00,1,Collision with vehicle,3,Tuesday,143,ENTERING PARKING,2,274776,2,0,0,1,1,2,2,1,Cross intersection,3,50,Local Road,40-49,Other injury,Bicyclists
T20140019852,9/25/2014,17:30:00,1,Collision with vehicle,5,Thursday,130,REAR END(VEHICLES IN SAME LANE),2,275455,2,0,1,0,1,2,1,5,Not at intersection,2,70,Arterial Other,40-49,Serious injury,Bicyclists
T20140019889,9/26/2014,8:00:00,1,Collision with vehicle,6,Friday,110,CROSS TRAFFIC(INTERSECTIONS ONLY),1,48520,2,0,1,0,1,2,1,1,Cross intersection,2,50,Local Road,40-49,Serious injury,Bicyclists
T20140019903,9/26/2014,10:05:00,1,Collision with vehicle,6,Friday,111,RIGHT FAR (INTERSECTIONS ONLY),1,44926,2,0,0,1,1,2,1,1,Cross intersection,3,60,Arterial Other,16-17,Other injury,Bicyclists
T20140019932,9/24/2014,21:45:00,1,Collision with vehicle,4,Wednesday,132,RIGHT REAR.,3,275621,2,0,0,1,1,2,2,5,Not at intersection,3,60,Arterial Other,26-29,Other injury,Bicyclists
T20140019946,9/26/2014,22:44:00,1,Collision with vehicle,6,Friday,124,RIGHT/RIGHT BOTH VEHs FROM OPPOSITE DIRECTIONS TURNING RIGHT,6,997,2,0,0,1,1,2,1,1,Cross intersection,3,60,Arterial Other,18-21,Other injury,Bicyclists
T20140019948,9/26/2014,19:25:00,1,Collision with vehicle,6,Friday,130,REAR END(VEHICLES IN SAME LANE),3,278106,3,0,2,0,0,2,1,5,Not at intersection,2,60,Arterial Other,18-21,Serious injury,Bicyclists
T20140019950,9/26/2014,22:25:00,1,Collision with vehicle,6,Friday,111,RIGHT FAR (INTERSECTIONS ONLY),3,471,2,0,0,1,1,2,1,4,Multiple intersection,3,60,Arterial Other,26-29,Other injury,Bicyclists
T20140019973,9/27/2014,11:00:00,1,Collision with vehicle,7,Saturday,147,VEHICLE STRIKES ANOTHER VEH WHILE EMERGING FROM DRIVEWAY,1,275518,3,0,0,1,3,4,2,5,Not at intersection,3,60,Arterial Highway,70+,Other injury,Bicyclists
T20140019975,9/27/2014,11:45:00,8,No collision and no object struck,7,Saturday,174,OUT OF CONTROL ON CARRIAGEWAY (ON STRAIGHT),1,275779,2,0,0,1,1,2,1,5,Not at intersection,3,60,Uknown,30-39,Other injury,Bicyclists
T20140019978,9/13/2014,12:15:00,1,Collision with vehicle,7,Saturday,147,VEHICLE STRIKES ANOTHER VEH WHILE EMERGING FROM DRIVEWAY,1,275503,2,0,0,1,1,2,2,5,Not at intersection,3,60,Arterial Highway,22-25,Other injury,Bicyclists
T20140019989,9/27/2014,10:45:00,1,Collision with vehicle,7,Saturday,153,CUTTING IN (OVERTAKING),1,275519,2,0,1,0,1,2,1,2,T intersection,2,60,Arterial Other,50-59,Serious injury,Bicyclists
T20140019995,9/8/2014,13:00:00,1,Collision with vehicle,2,Monday,163,VEHICLE STRIKES DOOR OF PARKED/STATIONARY VEHICLE,1,36674,2,0,0,1,1,2,2,2,T intersection,3,70,Arterial Highway,18-21,Other injury,Bicyclists
T20140020037,9/18/2014,17:50:00,1,Collision with vehicle,5,Thursday,131,LEFT REAR,2,51735,2,0,0,1,1,2,1,2,T intersection,3,80,Arterial Highway,50-59,Other injury,Bicyclists
T20140020049,9/28/2014,8:20:00,1,Collision with vehicle,1,Sunday,113,RIGHT NEAR (INTERSECTIONS ONLY),1,275598,2,0,0,1,1,2,2,1,Cross intersection,3,60,Arterial Other,40-49,Other injury,Bicyclists
T20140020052,9/28/2014,11:20:00,1,Collision with vehicle,1,Sunday,130,REAR END(VEHICLES IN SAME LANE),1,275521,3,0,0,1,2,3,1,5,Not at intersection,3,60,Local Road,40-49,Other injury,Bicyclists
T20140020063,9/28/2014,8:00:00,8,No collision and no object struck,1,Sunday,174,OUT OF CONTROL ON CARRIAGEWAY (ON STRAIGHT),1,249179,2,0,1,0,1,2,1,1,Cross intersection,2,60,Arterial Other,40-49,Serious injury,Bicyclists
T20140020074,9/29/2014,4:34:00,1,Collision with vehicle,2,Monday,133,LANE SIDE SWIPE (VEHICLES IN PARALLEL LANES),5,275533,2,0,1,0,1,2,1,5,Not at intersection,2,80,Arterial Other,40-49,Serious injury,Bicyclists
T20140020127,9/26/2014,16:45:00,1,Collision with vehicle,6,Friday,147,VEHICLE STRIKES ANOTHER VEH WHILE EMERGING FROM DRIVEWAY,1,282661,2,0,0,1,0,1,2,5,Not at intersection,3,60,Arterial Highway,50-59,Other injury,Bicyclists
T20140020136,9/29/2014,18:47:00,1,Collision with vehicle,2,Monday,121,RIGHT THROUGH,3,45158,2,0,0,2,0,2,1,2,T intersection,3,60,Arterial Other,13-15,Other injury,Bicyclists
T20140020139,9/29/2014,17:05:00,1,Collision with vehicle,2,Monday,148,VEHICLE OFF FOOTPATH STRIKES VEH ON CARRIAGEWAY,1,29716,2,0,0,1,1,2,1,2,T intersection,3,60,Arterial Highway,40-49,Other injury,Bicyclists
T20140020151,9/29/2014,22:30:00,1,Collision with vehicle,2,Monday,140,U TURN,3,275760,2,0,1,0,2,3,1,5,Not at intersection,2,40,Local Road,18-21,Serious injury,Bicyclists
T20140020162,9/30/2014,9:00:00,1,Collision with vehicle,3,Tuesday,137,LEFT TURN SIDESWIPE,1,275982,2,0,1,0,1,2,1,4,Multiple intersection,2,60,Arterial Other,50-59,Serious injury,Bicyclists
T20140020228,10/1/2014,7:25:00,1,Collision with vehicle,4,Wednesday,163,VEHICLE STRIKES DOOR OF PARKED/STATIONARY VEHICLE,2,275601,2,0,0,1,1,2,1,5,Not at intersection,3,40,Local Road,26-29,Other injury,Bicyclists
T20140020232,10/1/2014,7:45:00,1,Collision with vehicle,3,Wednesday,121,RIGHT THROUGH,2,37724,2,0,1,1,0,2,1,1,Cross intersection,2,40,Arterial Other,60-64,Serious injury,Bicyclists
T20140020237,9/18/2014,17:20:00,1,Collision with vehicle,5,Thursday,121,RIGHT THROUGH,9,244573,2,0,0,1,1,2,2,1,Cross intersection,3,999,Local Road,30-39,Other injury,Bicyclists
T20140020240,10/1/2014,8:20:00,1,Collision with vehicle,4,Wednesday,121,RIGHT THROUGH,1,35304,2,0,0,1,1,2,1,1,Cross intersection,3,40,Arterial Other,30-39,Other injury,Bicyclists
T20140020254,10/1/2014,8:35:00,1,Collision with vehicle,4,Wednesday,121,RIGHT THROUGH,1,35302,2,0,1,0,1,2,1,1,Cross intersection,2,40,Arterial Other,22-25,Serious injury,Bicyclists
T20140020257,10/1/2014,7:15:00,1,Collision with vehicle,4,Wednesday,147,VEHICLE STRIKES ANOTHER VEH WHILE EMERGING FROM DRIVEWAY,2,275769,2,0,0,1,1,2,2,5,Not at intersection,3,60,Arterial Other,40-49,Other injury,Bicyclists
T20140020267,9/27/2014,16:45:00,1,Collision with vehicle,7,Saturday,121,RIGHT THROUGH,1,278227,2,0,0,1,1,2,2,2,T intersection,3,60,Arterial Other,50-59,Other injury,Bicyclists
T20140020291,10/1/2014,18:50:00,1,Collision with vehicle,4,Wednesday,148,VEHICLE OFF FOOTPATH STRIKES VEH ON CARRIAGEWAY,3,275676,2,0,0,1,1,2,1,5,Not at intersection,3,50,Local Road,26-29,Other injury,Bicyclists
T20140020301,10/1/2014,17:45:00,1,Collision with vehicle,3,Wednesday,111,RIGHT FAR (INTERSECTIONS ONLY),2,46338,2,0,0,1,1,2,1,3,Y intersection,3,50,Local Road,50-59,Other injury,Bicyclists
T20140020302,10/1/2014,22:45:00,1,Collision with vehicle,4,Wednesday,147,VEHICLE STRIKES ANOTHER VEH WHILE EMERGING FROM DRIVEWAY,3,275641,2,0,1,0,2,3,1,5,Not at intersection,2,888,Arterial Other,50-59,Serious injury,Bicyclists
T20140020311,10/2/2014,8:00:00,3,Struck animal,5,Thursday,167,STRUCK ANIMAL,1,275678,1,0,0,1,0,1,2,5,Not at intersection,3,30,Local Road,Unknown,Other injury,Bicyclists
T20140020349,10/2/2014,15:00:00,1,Collision with vehicle,5,Thursday,147,VEHICLE STRIKES ANOTHER VEH WHILE EMERGING FROM DRIVEWAY,1,275730,2,0,0,1,2,3,2,5,Not at intersection,3,999,Local Road,30-39,Other injury,Bicyclists
T20140020357,10/1/2014,18:45:00,1,Collision with vehicle,4,Wednesday,110,CROSS TRAFFIC(INTERSECTIONS ONLY),2,29581,2,0,0,1,1,2,2,1,Cross intersection,3,50,Arterial Other,50-59,Other injury,Bicyclists
T20140020401,10/2/2014,16:45:00,1,Collision with vehicle,4,Thursday,139,OTHER SAME DIRECTION-MANOUEVRES NOT INCLUDED IN DCAs 130-137,1,36152,2,0,0,1,1,2,2,1,Cross intersection,3,60,Local Road,26-29,Other injury,Bicyclists
T20140020406,10/2/2014,9:05:00,1,Collision with vehicle,5,Thursday,111,RIGHT FAR (INTERSECTIONS ONLY),1,275850,2,0,1,0,1,2,2,1,Cross intersection,2,50,Local Road,30-39,Serious injury,Bicyclists
T20140020503,10/4/2014,11:00:00,1,Collision with vehicle,7,Saturday,110,CROSS TRAFFIC(INTERSECTIONS ONLY),1,43740,2,0,0,1,1,2,2,1,Cross intersection,3,50,Local Road,26-29,Other injury,Bicyclists
T20140020517,10/4/2014,13:30:00,1,Collision with vehicle,7,Saturday,113,RIGHT NEAR (INTERSECTIONS ONLY),1,275770,2,0,0,1,2,3,2,2,T intersection,3,50,Local Road,13-15,Other injury,Bicyclists
T20140020527,10/5/2014,9:50:00,1,Collision with vehicle,1,Sunday,163,VEHICLE STRIKES DOOR OF PARKED/STATIONARY VEHICLE,1,275917,2,0,0,1,2,3,1,5,Not at intersection,3,60,Local Road,30-39,Other injury,Bicyclists
T20140020534,10/5/2014,7:15:00,8,No collision and no object struck,1,Sunday,174,OUT OF CONTROL ON CARRIAGEWAY (ON STRAIGHT),2,277497,1,0,0,1,0,1,2,5,Not at intersection,3,999,Arterial Other,50-59,Other injury,Bicyclists
T20140020560,10/5/2014,19:18:00,1,Collision with vehicle,1,Sunday,110,CROSS TRAFFIC(INTERSECTIONS ONLY),2,29581,2,0,1,0,1,2,1,1,Cross intersection,2,40,Arterial Other,50-59,Serious injury,Bicyclists
T20140020628,10/6/2014,18:08:00,1,Collision with vehicle,2,Monday,113,RIGHT NEAR (INTERSECTIONS ONLY),2,55345,2,0,0,1,1,2,1,2,T intersection,3,50,Local Road,40-49,Other injury,Bicyclists
T20140020638,10/6/2014,19:57:00,1,Collision with vehicle,2,Monday,148,VEHICLE OFF FOOTPATH STRIKES VEH ON CARRIAGEWAY,3,37883,2,0,0,1,1,2,1,2,T intersection,3,60,Arterial Other,26-29,Other injury,Bicyclists
T20140020640,10/3/2014,19:30:00,1,Collision with vehicle,6,Friday,121,RIGHT THROUGH,3,277618,2,0,0,1,1,2,2,5,Not at intersection,3,50,Local Road,22-25,Other injury,Bicyclists
T20140020647,10/6/2014,18:45:00,1,Collision with vehicle,2,Monday,110,CROSS TRAFFIC(INTERSECTIONS ONLY),2,68279,2,0,1,0,1,2,1,1,Cross intersection,2,50,Local Road,26-29,Serious injury,Bicyclists
T20140020661,10/6/2014,16:20:00,8,No collision and no object struck,2,Monday,170,OFF CARRIAGEWAY TO LEFT,1,59760,1,0,0,1,0,1,1,1,Cross intersection,3,50,Local Road,50-59,Other injury,Bicyclists
T20140020663,10/3/2014,13:00:00,1,Collision with vehicle,6,Friday,163,VEHICLE STRIKES DOOR OF PARKED/STATIONARY VEHICLE,1,270448,2,0,0,1,1,2,2,4,Multiple intersection,3,60,Uknown,26-29,Other injury,Bicyclists
T20140020694,10/7/2014,13:10:00,1,Collision with vehicle,3,Tuesday,121,RIGHT THROUGH,1,37279,2,0,1,0,1,2,1,2,T intersection,2,60,Arterial Other,30-39,Serious injury,Bicyclists
T20140020718,10/7/2014,18:00:00,1,Collision with vehicle,3,Tuesday,121,RIGHT THROUGH,2,41188,2,0,0,1,1,2,1,2,T intersection,3,60,Arterial Other,22-25,Other injury,Bicyclists
T20140020726,9/29/2014,16:30:00,8,No collision and no object struck,2,Monday,174,OUT OF CONTROL ON CARRIAGEWAY (ON STRAIGHT),1,66274,1,0,1,0,0,1,1,1,Cross intersection,2,60,Local Road,50-59,Serious injury,Bicyclists
T20140020758,4/3/2014,5:00:00,1,Collision with vehicle,5,Thursday,110,CROSS TRAFFIC(INTERSECTIONS ONLY),2,42194,2,0,0,1,1,2,2,1,Cross intersection,3,50,Local Road,30-39,Other injury,Bicyclists
T20140020760,10/8/2014,7:45:00,6,Vehicle overturned (no collision),4,Wednesday,174,OUT OF CONTROL ON CARRIAGEWAY (ON STRAIGHT),2,38252,2,0,0,2,0,2,2,2,T intersection,3,60,Arterial Highway,40-49,Other injury,Bicyclists
T20140020764,10/8/2014,8:00:00,1,Collision with vehicle,4,Wednesday,113,RIGHT NEAR (INTERSECTIONS ONLY),1,38831,2,0,0,1,1,2,1,1,Cross intersection,3,50,Local Road,26-29,Other injury,Bicyclists
T20140020814,10/9/2014,8:10:00,1,Collision with vehicle,5,Thursday,110,CROSS TRAFFIC(INTERSECTIONS ONLY),1,41166,2,0,1,0,1,2,1,1,Cross intersection,2,50,Local Road,30-39,Serious injury,Bicyclists
T20140020818,10/9/2014,8:55:00,1,Collision with vehicle,5,Thursday,110,CROSS TRAFFIC(INTERSECTIONS ONLY),1,36495,2,0,1,0,1,2,1,1,Cross intersection,2,50,Local Road,30-39,Serious injury,Bicyclists
T20140020822,10/7/2014,14:00:00,1,Collision with vehicle,3,Tuesday,137,LEFT TURN SIDESWIPE,1,29391,2,0,0,1,1,2,2,2,T intersection,3,40,Local Road,26-29,Other injury,Bicyclists
T20140020837,10/9/2014,12:40:00,8,No collision and no object struck,5,Thursday,174,OUT OF CONTROL ON CARRIAGEWAY (ON STRAIGHT),1,36912,2,0,0,1,1,2,1,1,Cross intersection,3,40,Local Road,60-64,Other injury,Bicyclists
T20140020844,10/7/2014,20:30:00,1,Collision with vehicle,3,Tuesday,132,RIGHT REAR.,6,71866,2,0,1,0,1,2,2,2,T intersection,2,999,Local Road,30-39,Serious injury,Bicyclists
T20140020874,10/9/2014,18:15:00,1,Collision with vehicle,5,Thursday,148,VEHICLE OFF FOOTPATH STRIKES VEH ON CARRIAGEWAY,2,39477,2,0,0,1,1,2,1,2,T intersection,3,50,Local Road,18-21,Other injury,Bicyclists
T20140020879,10/9/2014,17:05:00,1,Collision with vehicle,5,Thursday,121,RIGHT THROUGH,2,36051,2,0,1,0,1,2,1,2,T intersection,2,999,Local Road,22-25,Serious injury,Bicyclists
T20140020912,10/10/2014,8:20:00,1,Collision with vehicle,6,Friday,121,RIGHT THROUGH,1,66392,2,0,0,1,1,2,1,2,T intersection,3,60,Arterial Other,30-39,Other injury,Bicyclists
T20140020937,10/7/2014,10:10:00,1,Collision with vehicle,3,Tuesday,116,LEFT NEAR (INTERSECTIONS ONLY),1,275986,2,0,0,1,1,2,2,2,T intersection,3,60,Arterial Highway,18-21,Other injury,Bicyclists
T20140020956,10/9/2014,20:15:00,1,Collision with vehicle,4,Thursday,163,VEHICLE STRIKES DOOR OF PARKED/STATIONARY VEHICLE,3,280172,3,0,0,1,1,2,2,5,Not at intersection,3,50,Local Road,22-25,Other injury,Bicyclists
T20140020988,10/11/2014,8:30:00,1,Collision with vehicle,7,Saturday,148,VEHICLE OFF FOOTPATH STRIKES VEH ON CARRIAGEWAY,1,277240,2,0,1,0,1,2,1,5,Not at intersection,2,50,Local Road,70+,Serious injury,Bicyclists
T20140020989,10/11/2014,8:27:00,1,Collision with vehicle,7,Saturday,121,RIGHT THROUGH,1,275932,2,0,1,0,1,2,1,5,Not at intersection,2,60,Arterial Other,30-39,Serious injury,Bicyclists
T20140020990,10/11/2014,8:00:00,1,Collision with vehicle,7,Saturday,160,VEHICLE COLLIDES WITH VEHICLE PARKED ON LEFT OF ROAD,1,276068,2,0,0,1,0,1,1,5,Not at intersection,3,60,Arterial Other,40-49,Other injury,Bicyclists
T20140021012,10/11/2014,15:00:00,6,Vehicle overturned (no collision),6,Saturday,170,OFF CARRIAGEWAY TO LEFT,1,275851,1,0,0,1,0,1,2,5,Not at intersection,3,60,Local Road,30-39,Other injury,Bicyclists
T20140021055,10/12/2014,10:55:00,6,Vehicle overturned (no collision),1,Sunday,174,OUT OF CONTROL ON CARRIAGEWAY (ON STRAIGHT),1,275785,1,1,0,0,0,1,1,5,Not at intersection,1,100,Local Road,65-69,Fatality,Bicyclists
T20140021060,10/11/2014,15:30:00,1,Collision with vehicle,7,Saturday,110,CROSS TRAFFIC(INTERSECTIONS ONLY),1,54011,2,0,0,1,1,2,2,1,Cross intersection,3,40,Local Road,26-29,Other injury,Bicyclists
T20140021065,10/12/2014,13:30:00,1,Collision with vehicle,1,Sunday,137,LEFT TURN SIDESWIPE,1,278372,2,0,0,1,1,2,2,2,T intersection,3,999,Local Road,40-49,Other injury,Bicyclists
T20140021076,10/12/2014,18:40:00,1,Collision with vehicle,1,Sunday,133,LANE SIDE SWIPE (VEHICLES IN PARALLEL LANES),2,276024,2,0,0,1,1,2,1,5,Not at intersection,3,60,Arterial Other,30-39,Other injury,Bicyclists
T20140021117,10/13/2014,12:45:00,1,Collision with vehicle,1,Monday,147,VEHICLE STRIKES ANOTHER VEH WHILE EMERGING FROM DRIVEWAY,1,607843,2,0,1,0,1,2,2,5,Not at intersection,2,999,Local Road,45424,Serious injury,Bicyclists
T20140021149,10/13/2014,18:30:00,1,Collision with vehicle,2,Monday,143,ENTERING PARKING,2,275875,2,0,0,1,1,2,1,5,Not at intersection,3,50,Arterial Other,30-39,Other injury,Bicyclists
T20140021154,10/13/2014,11:40:00,2,Struck Pedestrian,1,Monday,106,VEH STRIKES PED ON FOOTPATH/MEDIAN/TRAFFIC ISLAND.,1,278141,1,0,1,0,0,1,1,9,Unknown,2,999,Local Road,26-29,Serious injury,Pedestrians
T20140021197,10/14/2014,7:15:00,1,Collision with vehicle,3,Tuesday,137,LEFT TURN SIDESWIPE,2,35713,2,0,1,0,1,2,1,2,T intersection,2,40,Arterial Other,30-39,Serious injury,Bicyclists
T20140021225,10/14/2014,17:48:00,1,Collision with vehicle,3,Tuesday,147,VEHICLE STRIKES ANOTHER VEH WHILE EMERGING FROM DRIVEWAY,2,275885,2,0,0,1,1,2,1,5,Not at intersection,3,40,Local Road,26-29,Other injury,Bicyclists
T20140021255,10/15/2014,8:55:00,4,Collision with a fixed object,4,Wednesday,173,RIGHT OFF CARRIAGEWAY INTO OBJECT/PARKED VEHICLE,1,275957,1,0,1,0,0,1,1,5,Not at intersection,2,60,Local Road,60-64,Serious injury,Bicyclists
T20140021263,10/15/2014,13:40:00,1,Collision with vehicle,4,Wednesday,113,RIGHT NEAR (INTERSECTIONS ONLY),1,41762,2,0,1,0,1,2,1,2,T intersection,2,80,Arterial Highway,65-69,Serious injury,Bicyclists
T20140021292,10/15/2014,20:10:00,1,Collision with vehicle,4,Wednesday,147,VEHICLE STRIKES ANOTHER VEH WHILE EMERGING FROM DRIVEWAY,2,249464,2,0,1,0,1,2,1,5,Not at intersection,2,60,Arterial Highway,18-21,Serious injury,Bicyclists
T20140021295,10/15/2014,11:00:00,1,Collision with vehicle,4,Wednesday,163,VEHICLE STRIKES DOOR OF PARKED/STATIONARY VEHICLE,9,275962,2,0,0,1,1,2,2,5,Not at intersection,3,40,Local Road,26-29,Other injury,Bicyclists
T20140021343,9/8/2014,19:00:00,1,Collision with vehicle,2,Monday,163,VEHICLE STRIKES DOOR OF PARKED/STATIONARY VEHICLE,3,280634,2,0,0,1,1,2,2,5,Not at intersection,3,60,Arterial Other,30-39,Other injury,Bicyclists
T20140021361,10/16/2014,16:25:00,1,Collision with vehicle,5,Thursday,121,RIGHT THROUGH,1,45330,2,0,0,1,1,2,1,2,T intersection,3,60,Arterial Other,30-39,Other injury,Bicyclists
T20140021380,10/16/2014,17:20:00,1,Collision with vehicle,5,Thursday,148,VEHICLE OFF FOOTPATH STRIKES VEH ON CARRIAGEWAY,1,275988,2,0,0,1,3,4,1,5,Not at intersection,3,60,Local Road,26-29,Other injury,Bicyclists
T20140021404,10/14/2014,7:10:00,1,Collision with vehicle,3,Tuesday,119,OTHER ADJACENT (INTERSECTIONS ONLY),2,47401,2,0,1,0,1,2,2,4,Multiple intersection,2,50,Arterial Other,18-21,Serious injury,Bicyclists
T20140021417,10/16/2014,21:05:00,1,Collision with vehicle,5,Thursday,121,RIGHT THROUGH,3,29679,2,0,0,1,1,2,2,2,T intersection,3,60,Arterial Other,40-49,Other injury,Bicyclists
T20140021421,10/17/2014,8:04:00,1,Collision with vehicle,6,Friday,143,ENTERING PARKING,1,275989,2,0,0,1,1,2,1,5,Not at intersection,3,40,Local Road,26-29,Other injury,Bicyclists
T20140021426,10/16/2014,16:30:00,8,No collision and no object struck,5,Thursday,174,OUT OF CONTROL ON CARRIAGEWAY (ON STRAIGHT),1,276031,2,0,0,1,0,1,2,5,Not at intersection,3,60,Local Road,22-25,Other injury,Bicyclists