ACCIDENT_NO,ACCIDENT_DATE,ACCIDENT_TIME,ACCIDENT_TYPE,ACCIDENT_TYPE_DESC,DAY_OF_WEEK,DAY_WEEK_DESC,DCA_CODE,DCA_DESC,LIGHT_CONDITION,NODE_ID,NO_OF_VEHICLES,NO_PERSONS_KILLED,NO_PERSONS_INJ_2,NO_PERSONS_INJ_3,NO_PERSONS_NOT_INJ,NO_PERSONS,POLICE_ATTEND,ROAD_GEOMETRY,ROAD_GEOMETRY_DESC,SEVERITY,SPEED_ZONE,RMA,AGE_GROUP,INJ_LEVEL,ROAD_USER_TYPE_DESC
T20140021435,10/17/2014,12:15:00,4,Collision with a fixed object,5,Friday,171,LEFT OFF CARRIAGEWAY INTO OBJECT/PARKED VEHICLE,1,37745,2,0,1,0,0,1,2,2,T intersection,2,50,Arterial Other,30-39,Serious injury,Bicyclists
T20140021480,10/18/2014,9:20:00,1,Collision with vehicle,7,Saturday,149,OTHER MANOEUVRING NOT INCLUDED IN DCAs 140-148,1,276065,3,0,0,2,2,4,1,5,Not at intersection,3,90,Arterial Highway,50-59,Other injury,Bicyclists
T20140021489,10/18/2014,12:00:00,1,Collision with vehicle,7,Saturday,160,VEHICLE COLLIDES WITH VEHICLE PARKED ON LEFT OF ROAD,1,2726,2,0,0,1,1,2,1,5,Not at intersection,3,60,Arterial Other,30-39,Other injury,Bicyclists
T20140021507,10/18/2014,12:17:00,1,Collision with vehicle,7,Saturday,147,VEHICLE STRIKES ANOTHER VEH WHILE EMERGING FROM DRIVEWAY,1,278416,2,0,1,0,1,2,1,5,Not at intersection,2,999,Arterial Other,16-17,Serious injury,Bicyclists
T20140021521,10/16/2014,15:40:00,1,Collision with vehicle,5,Thursday,147,VEHICLE STRIKES ANOTHER VEH WHILE EMERGING FROM DRIVEWAY,1,276032,2,0,0,1,3,4,2,2,T intersection,3,60,Local Road,45424,Other injury,Bicyclists
T20140021572,9/21/2014,17:00:00,1,Collision with vehicle,0,Sunday,133,LANE SIDE SWIPE (VEHICLES IN PARALLEL LANES),2,36017,2,0,0,1,1,2,2,1,Cross intersection,3,50,Arterial Other,22-25,Other injury,Bicyclists
T20140021577,10/19/2014,12:23:00,1,Collision with vehicle,1,Sunday,148,VEHICLE OFF FOOTPATH STRIKES VEH ON CARRIAGEWAY,1,223827,2,0,1,0,2,3,1,1,Cross intersection,2,70,Arterial Highway,16-17,Serious injury,Bicyclists
T20140021593,10/19/2014,15:30:00,1,Collision with vehicle,1,Sunday,140,U TURN,1,14250,2,0,0,1,1,2,1,2,T intersection,3,40,Local Road,40-49,Other injury,Bicyclists
T20140021603,10/19/2014,15:40:00,1,Collision with vehicle,0,Sunday,133,LANE SIDE SWIPE (VEHICLES IN PARALLEL LANES),1,281922,3,0,0,1,2,3,2,5,Not at intersection,3,999,Arterial Other,50-59,Other injury,Bicyclists
T20140021610,10/18/2014,18:45:00,1,Collision with vehicle,6,Saturday,133,LANE SIDE SWIPE (VEHICLES IN PARALLEL LANES),2,276085,2,0,0,1,1,2,2,5,Not at intersection,3,50,Uknown,22-25,Other injury,Bicyclists
T20140021614,10/19/2014,16:20:00,1,Collision with vehicle,1,Sunday,136,RIGHT TURN SIDESWIPE,1,276087,2,0,0,1,2,3,1,5,Not at intersection,3,50,Uknown,16-17,Other injury,Bicyclists
T20140021623,10/20/2014,4:38:00,1,Collision with vehicle,2,Monday,163,VEHICLE STRIKES DOOR OF PARKED/STATIONARY VEHICLE,9,276088,2,0,0,1,2,3,2,5,Not at intersection,3,40,Arterial Other,30-39,Other injury,Bicyclists
T20140021632,10/20/2014,8:50:00,1,Collision with vehicle,2,Monday,121,RIGHT THROUGH,1,277694,2,0,0,1,1,2,1,5,Not at intersection,3,50,Local Road,40-49,Other injury,Bicyclists
T20140021634,10/20/2014,9:00:00,1,Collision with vehicle,2,Monday,163,VEHICLE STRIKES DOOR OF PARKED/STATIONARY VEHICLE,1,277748,2,0,0,1,1,2,1,5,Not at intersection,3,60,Arterial Other,30-39,Other injury,Bicyclists
T20140021641,10/20/2014,8:30:00,1,Collision with vehicle,2,Monday,142,LEAVING PARKING,1,214045,2,0,0,1,0,1,2,5,Not at intersection,3,40,Local Road,30-39,Other injury,Bicyclists
T20140021644,10/20/2014,7:47:00,1,Collision with vehicle,2,Monday,137,LEFT TURN SIDESWIPE,2,38907,2,0,0,1,1,2,1,1,Cross intersection,3,50,Local Road,50-59,Other injury,Bicyclists
T20140021651,10/18/2014,14:00:00,1,Collision with vehicle,7,Saturday,147,VEHICLE STRIKES ANOTHER VEH WHILE EMERGING FROM DRIVEWAY,9,256274,2,0,0,1,1,2,2,2,T intersection,3,999,Arterial Other,22-25,Other injury,Bicyclists
T20140021658,9/10/2014,7:50:00,6,Vehicle overturned (no collision),4,Wednesday,174,OUT OF CONTROL ON CARRIAGEWAY (ON STRAIGHT),2,125359,2,0,0,1,1,2,2,5,Not at intersection,3,40,Local Road,30-39,Other injury,Bicyclists
T20140021670,10/20/2014,14:32:00,1,Collision with vehicle,2,Monday,121,RIGHT THROUGH,1,36619,2,0,1,0,1,2,1,1,Cross intersection,2,50,Local Road,30-39,Serious injury,Bicyclists
T20140021680,10/16/2014,8:00:00,1,Collision with vehicle,5,Thursday,121,RIGHT THROUGH,1,45633,2,0,0,1,1,2,1,2,T intersection,3,40,Arterial Other,30-39,Other injury,Bicyclists
T20140021689,10/20/2014,8:00:00,1,Collision with vehicle,2,Monday,121,RIGHT THROUGH,1,67722,2,0,0,1,1,2,2,2,T intersection,3,999,Local Road,30-39,Other injury,Bicyclists
T20140021698,10/20/2014,17:20:00,1,Collision with vehicle,1,Monday,129,OTHER OPPOSING MANOEUVRES NOT INCLUDED IN DCAs 120-125.,2,277249,2,0,1,0,1,2,1,5,Not at intersection,2,50,Local Road,18-21,Serious injury,Bicyclists
T20140021709,10/21/2014,8:50:00,1,Collision with vehicle,3,Tuesday,116,LEFT NEAR (INTERSECTIONS ONLY),1,41006,2,0,1,0,1,2,1,2,T intersection,2,60,Arterial Other,60-64,Serious injury,Bicyclists
T20140021717,10/21/2014,8:40:00,8,No collision and no object struck,3,Tuesday,151,OUT OF CONTROL (OVERTAKING),1,193891,2,0,0,1,1,2,2,5,Not at intersection,3,999,Local Road,60-64,Other injury,Bicyclists
T20140021737,10/21/2014,8:50:00,1,Collision with vehicle,3,Tuesday,143,ENTERING PARKING,1,36317,2,0,0,2,1,3,2,1,Cross intersection,3,999,Local Road,60-64,Other injury,Bicyclists
T20140021743,10/15/2014,17:00:00,1,Collision with vehicle,4,Wednesday,163,VEHICLE STRIKES DOOR OF PARKED/STATIONARY VEHICLE,2,277659,2,0,0,1,1,2,2,5,Not at intersection,3,40,Local Road,30-39,Other injury,Bicyclists
T20140021752,10/21/2014,13:20:00,1,Collision with vehicle,2,Tuesday,163,VEHICLE STRIKES DOOR OF PARKED/STATIONARY VEHICLE,1,277872,2,0,0,1,1,2,2,5,Not at intersection,3,50,Arterial Other,40-49,Other injury,Bicyclists
T20140021761,10/21/2014,18:00:00,1,Collision with vehicle,3,Tuesday,110,CROSS TRAFFIC(INTERSECTIONS ONLY),2,49842,2,0,1,0,1,2,1,1,Cross intersection,2,60,Arterial Highway,50-59,Serious injury,Bicyclists
T20140021764,10/21/2014,17:45:00,1,Collision with vehicle,3,Tuesday,116,LEFT NEAR (INTERSECTIONS ONLY),2,50647,2,0,1,0,1,2,1,1,Cross intersection,2,70,Uknown,Unknown,Serious injury,Bicyclists
T20140021827,10/10/2014,17:45:00,1,Collision with vehicle,6,Friday,121,RIGHT THROUGH,9,40053,2,0,0,1,1,2,2,2,T intersection,3,60,Arterial Other,30-39,Other injury,Bicyclists
T20140021833,10/4/2014,6:30:00,1,Collision with vehicle,7,Saturday,163,VEHICLE STRIKES DOOR OF PARKED/STATIONARY VEHICLE,2,277917,2,0,0,1,1,2,2,5,Not at intersection,3,60,Arterial Other,22-25,Other injury,Bicyclists
T20140021844,10/22/2014,18:00:00,1,Collision with vehicle,4,Wednesday,129,OTHER OPPOSING MANOEUVRES NOT INCLUDED IN DCAs 120-125.,2,277717,2,0,0,1,2,3,1,2,T intersection,3,50,Local Road,45424,Other injury,Bicyclists
T20140021851,10/22/2014,14:51:00,1,Collision with vehicle,4,Wednesday,113,RIGHT NEAR (INTERSECTIONS ONLY),1,67486,2,0,0,1,1,2,2,2,T intersection,3,60,Arterial Other,26-29,Other injury,Bicyclists
T20140021889,10/20/2014,17:45:00,1,Collision with vehicle,1,Monday,121,RIGHT THROUGH,2,41391,2,0,0,1,1,2,2,1,Cross intersection,3,60,Arterial Other,22-25,Other injury,Bicyclists
T20140021893,10/21/2014,8:30:00,8,No collision and no object struck,3,Tuesday,174,OUT OF CONTROL ON CARRIAGEWAY (ON STRAIGHT),1,280057,2,0,1,0,1,2,2,5,Not at intersection,2,60,Arterial Other,50-59,Serious injury,Bicyclists
T20140021922,10/23/2014,17:25:00,1,Collision with vehicle,5,Thursday,137,LEFT TURN SIDESWIPE,2,37295,3,0,0,1,2,3,1,2,T intersection,3,60,Arterial Other,30-39,Other injury,Bicyclists
T20140021923,8/26/2013,12:00:00,8,No collision and no object struck,2,Monday,172,OFF CARRIAGEWAY TO RIGHT,1,276105,2,0,0,1,1,2,1,5,Not at intersection,3,100,Local Road,30-39,Other injury,Bicyclists
T20140021933,10/23/2014,20:00:00,1,Collision with vehicle,5,Thursday,113,RIGHT NEAR (INTERSECTIONS ONLY),3,38559,2,0,1,1,0,2,1,1,Cross intersection,2,50,Local Road,40-49,Serious injury,Bicyclists
T20140021948,10/24/2014,6:15:00,1,Collision with vehicle,5,Friday,110,CROSS TRAFFIC(INTERSECTIONS ONLY),3,49615,2,0,0,1,1,2,2,1,Cross intersection,3,40,Arterial Other,40-49,Other injury,Bicyclists
T20140021959,10/24/2014,9:20:00,1,Collision with vehicle,6,Friday,121,RIGHT THROUGH,1,277771,2,0,0,1,1,2,1,5,Not at intersection,3,60,Arterial Other,65-69,Other injury,Bicyclists
T20140021961,10/12/2014,14:00:00,5,collision with some other object,1,Sunday,165,TEMPORARY ROADWORKS,1,277648,1,0,0,1,0,1,2,5,Not at intersection,3,60,Local Road,65-69,Other injury,Bicyclists
T20140021968,10/24/2014,10:00:00,1,Collision with vehicle,6,Friday,142,LEAVING PARKING,1,277253,2,0,1,0,1,2,1,5,Not at intersection,2,60,Arterial Other,50-59,Serious injury,Bicyclists
T20140021994,10/24/2014,14:22:00,1,Collision with vehicle,6,Friday,148,VEHICLE OFF FOOTPATH STRIKES VEH ON CARRIAGEWAY,1,277774,2,0,1,0,1,2,1,5,Not at intersection,2,60,Arterial Other,50-59,Serious injury,Bicyclists
T20140022014,10/24/2014,17:00:00,1,Collision with vehicle,5,Friday,136,RIGHT TURN SIDESWIPE,2,277847,2,0,1,0,1,2,1,5,Not at intersection,2,50,Local Road,40-49,Serious injury,Bicyclists
T20140022051,4/2/2014,7:30:00,6,Vehicle overturned (no collision),4,Wednesday,174,OUT OF CONTROL ON CARRIAGEWAY (ON STRAIGHT),9,278763,2,0,0,1,0,1,2,5,Not at intersection,3,999,Local Road,30-39,Other injury,Bicyclists
T20140022056,10/23/2014,12:00:00,1,Collision with vehicle,5,Thursday,163,VEHICLE STRIKES DOOR OF PARKED/STATIONARY VEHICLE,1,278410,2,0,1,0,2,3,2,5,Not at intersection,2,40,Local Road,30-39,Serious injury,Bicyclists
T20140022062,10/24/2014,16:20:00,1,Collision with vehicle,6,Friday,137,LEFT TURN SIDESWIPE,1,47000,2,0,1,0,0,1,2,2,T intersection,2,60,Arterial Highway,40-49,Serious injury,Bicyclists
T20140022070,10/25/2014,11:30:00,1,Collision with vehicle,7,Saturday,133,LANE SIDE SWIPE (VEHICLES IN PARALLEL LANES),1,278809,2,0,1,0,1,2,1,5,Not at intersection,2,100,Arterial Highway,40-49,Serious injury,Bicyclists
T20140022072,10/25/2014,9:10:00,1,Collision with vehicle,7,Saturday,111,RIGHT FAR (INTERSECTIONS ONLY),1,56911,2,0,0,1,1,2,2,1,Cross intersection,3,60,Arterial Other,50-59,Other injury,Bicyclists
T20140022073,10/25/2014,10:30:00,8,No collision and no object struck,7,Saturday,174,OUT OF CONTROL ON CARRIAGEWAY (ON STRAIGHT),1,280202,3,0,0,1,2,3,2,5,Not at intersection,3,999,Arterial Other,30-39,Other injury,Bicyclists
T20140022078,10/25/2014,12:30:00,1,Collision with vehicle,7,Saturday,111,RIGHT FAR (INTERSECTIONS ONLY),1,279652,2,0,1,0,1,2,1,2,T intersection,2,50,Local Road,45424,Serious injury,Bicyclists
T20140022084,10/24/2014,16:50:00,1,Collision with vehicle,6,Friday,112,LEFT FAR (INTERSECTIONS ONLY),1,279896,2,0,0,1,1,2,2,2,T intersection,3,999,Uknown,18-21,Other injury,Bicyclists
T20140022131,10/16/2014,9:00:00,1,Collision with vehicle,5,Thursday,121,RIGHT THROUGH,1,405,2,0,0,1,0,1,2,2,T intersection,3,40,Local Road,22-25,Other injury,Bicyclists
T20140022137,10/26/2014,7:40:00,1,Collision with vehicle,1,Sunday,110,CROSS TRAFFIC(INTERSECTIONS ONLY),2,60947,2,0,1,0,1,2,1,1,Cross intersection,2,60,Uknown,60-64,Serious injury,Bicyclists
T20140022147,10/26/2014,10:30:00,1,Collision with vehicle,0,Sunday,163,VEHICLE STRIKES DOOR OF PARKED/STATIONARY VEHICLE,1,40112,2,0,0,1,1,2,2,2,T intersection,3,60,Arterial Other,50-59,Other injury,Bicyclists
T20140022171,10/23/2014,13:20:00,1,Collision with vehicle,4,Thursday,163,VEHICLE STRIKES DOOR OF PARKED/STATIONARY VEHICLE,1,279741,2,0,0,1,1,2,2,5,Not at intersection,3,40,Local Road,30-39,Other injury,Bicyclists
T20140022209,10/26/2014,17:00:00,1,Collision with vehicle,1,Sunday,110,CROSS TRAFFIC(INTERSECTIONS ONLY),2,42247,2,0,0,1,1,2,2,1,Cross intersection,3,50,Local Road,26-29,Other injury,Bicyclists
T20140022264,10/27/2014,18:15:00,1,Collision with vehicle,2,Monday,110,CROSS TRAFFIC(INTERSECTIONS ONLY),2,49383,2,0,0,1,1,2,1,1,Cross intersection,3,60,Arterial Other,16-17,Other injury,Bicyclists
T20140022356,10/28/2014,16:00:00,1,Collision with vehicle,3,Tuesday,113,RIGHT NEAR (INTERSECTIONS ONLY),1,36069,2,0,0,1,1,2,1,2,T intersection,3,60,Arterial Other,22-25,Other injury,Bicyclists
T20140022363,10/28/2014,15:45:00,1,Collision with vehicle,3,Tuesday,133,LANE SIDE SWIPE (VEHICLES IN PARALLEL LANES),1,286753,2,0,0,2,0,2,1,5,Not at intersection,3,100,Arterial Highway,50-59,Other injury,Bicyclists
T20140022366,10/28/2014,19:39:00,1,Collision with vehicle,3,Tuesday,163,VEHICLE STRIKES DOOR OF PARKED/STATIONARY VEHICLE,2,277966,3,0,1,0,2,3,1,5,Not at intersection,2,40,Local Road,26-29,Serious injury,Bicyclists
T20140022376,10/28/2014,9:25:00,1,Collision with vehicle,3,Tuesday,121,RIGHT THROUGH,1,37208,2,0,1,0,1,2,1,2,T intersection,2,50,Arterial Other,30-39,Serious injury,Bicyclists
T20140022392,10/25/2014,10:10:00,1,Collision with vehicle,6,Saturday,133,LANE SIDE SWIPE (VEHICLES IN PARALLEL LANES),1,38092,2,0,0,1,0,1,2,1,Cross intersection,3,999,Uknown,40-49,Other injury,Bicyclists
T20140022396,10/29/2014,8:35:00,1,Collision with vehicle,4,Wednesday,121,RIGHT THROUGH,1,39696,2,0,0,1,2,3,1,2,T intersection,3,60,Local Road,40-49,Other injury,Bicyclists
T20140022415,10/16/2014,7:45:00,1,Collision with vehicle,5,Thursday,121,RIGHT THROUGH,2,40053,2,0,1,0,1,2,2,2,T intersection,2,60,Arterial Other,40-49,Serious injury,Bicyclists
T20140022418,10/28/2014,21:50:00,1,Collision with vehicle,3,Tuesday,111,RIGHT FAR (INTERSECTIONS ONLY),3,286515,2,0,0,2,0,2,2,2,T intersection,3,50,Local Road,40-49,Other injury,Bicyclists
T20140022423,10/29/2014,13:30:00,1,Collision with vehicle,4,Wednesday,110,CROSS TRAFFIC(INTERSECTIONS ONLY),1,69797,2,0,1,0,1,2,1,1,Cross intersection,2,60,Arterial Highway,70+,Serious injury,Bicyclists
T20140022437,10/29/2014,15:10:00,1,Collision with vehicle,4,Wednesday,116,LEFT NEAR (INTERSECTIONS ONLY),1,59756,2,0,1,0,1,2,1,1,Cross intersection,2,50,Arterial Highway,16-17,Serious injury,Bicyclists
T20140022440,10/29/2014,16:10:00,1,Collision with vehicle,4,Wednesday,148,VEHICLE OFF FOOTPATH STRIKES VEH ON CARRIAGEWAY,1,279321,2,0,1,0,1,2,1,5,Not at intersection,2,50,Local Road,50-59,Serious injury,Bicyclists
T20140022455,10/29/2014,18:10:00,1,Collision with vehicle,3,Wednesday,148,VEHICLE OFF FOOTPATH STRIKES VEH ON CARRIAGEWAY,2,281753,2,0,0,1,1,2,1,1,Cross intersection,3,70,Arterial Highway,30-39,Other injury,Bicyclists
T20140022456,10/29/2014,18:00:00,1,Collision with vehicle,4,Wednesday,110,CROSS TRAFFIC(INTERSECTIONS ONLY),2,267337,2,0,0,1,1,2,1,1,Cross intersection,3,60,Local Road,40-49,Other injury,Bicyclists
T20140022476,10/29/2014,12:30:00,1,Collision with vehicle,4,Wednesday,113,RIGHT NEAR (INTERSECTIONS ONLY),1,279908,2,0,0,1,1,2,1,1,Cross intersection,3,60,Arterial Other,22-25,Other injury,Bicyclists
T20140022497,10/30/2014,6:44:00,1,Collision with vehicle,5,Thursday,121,RIGHT THROUGH,2,279328,2,0,0,1,1,2,1,2,T intersection,3,60,Arterial Highway,18-21,Other injury,Bicyclists
T20140022499,9/18/2014,14:30:00,1,Collision with vehicle,5,Thursday,134,LANE CHANGE RIGHT (NOT OVERTAKING),1,277550,2,0,0,1,1,2,1,5,Not at intersection,3,70,Uknown,60-64,Other injury,Bicyclists
T20140022515,10/30/2014,15:15:00,1,Collision with vehicle,5,Thursday,112,LEFT FAR (INTERSECTIONS ONLY),1,44992,2,0,0,1,1,2,2,2,T intersection,3,50,Local Road,Unknown,Other injury,Bicyclists
T20140022562,8/29/2014,7:30:00,1,Collision with vehicle,5,Friday,147,VEHICLE STRIKES ANOTHER VEH WHILE EMERGING FROM DRIVEWAY,2,277363,2,0,1,0,1,2,2,5,Not at intersection,2,50,Local Road,30-39,Serious injury,Bicyclists
T20140022585,10/31/2014,7:10:00,1,Collision with vehicle,6,Friday,137,LEFT TURN SIDESWIPE,2,278018,2,0,0,1,1,2,1,1,Cross intersection,3,60,Arterial Other,40-49,Other injury,Bicyclists
T20140022607,10/31/2014,16:15:00,1,Collision with vehicle,6,Friday,160,VEHICLE COLLIDES WITH VEHICLE PARKED ON LEFT OF ROAD,1,277931,2,0,0,1,0,1,1,5,Not at intersection,3,50,Local Road,13-15,Other injury,Bicyclists
T20140022626,10/31/2014,15:00:00,1,Collision with vehicle,6,Friday,163,VEHICLE STRIKES DOOR OF PARKED/STATIONARY VEHICLE,1,266526,2,0,0,1,2,3,2,5,Not at intersection,3,40,Local Road,60-64,Other injury,Bicyclists
T20140022719,11/2/2014,8:50:00,1,Collision with vehicle,1,Sunday,160,VEHICLE COLLIDES WITH VEHICLE PARKED ON LEFT OF ROAD,1,277380,2,0,1,0,0,1,1,5,Not at intersection,2,60,Arterial Other,40-49,Serious injury,Bicyclists
T20140022747,11/2/2014,14:00:00,1,Collision with vehicle,1,Sunday,163,VEHICLE STRIKES DOOR OF PARKED/STATIONARY VEHICLE,9,36185,2,0,0,1,1,2,2,2,T intersection,3,60,Arterial Other,22-25,Other injury,Bicyclists
T20140022770,11/3/2014,10:50:00,6,Vehicle overturned (no collision),2,Monday,174,OUT OF CONTROL ON CARRIAGEWAY (ON STRAIGHT),1,277957,2,0,0,1,1,2,1,5,Not at intersection,3,80,Uknown,40-49,Other injury,Bicyclists
T20140022842,11/4/2014,10:35:00,1,Collision with vehicle,3,Tuesday,160,VEHICLE COLLIDES WITH VEHICLE PARKED ON LEFT OF ROAD,1,101365,2,0,1,0,0,1,1,5,Not at intersection,2,60,Arterial Other,40-49,Serious injury,Bicyclists
T20140022875,11/3/2014,8:00:00,8,No collision and no object struck,2,Monday,174,OUT OF CONTROL ON CARRIAGEWAY (ON STRAIGHT),1,40374,2,0,0,1,1,2,2,1,Cross intersection,3,60,Arterial Other,30-39,Other injury,Bicyclists
T20140022877,11/4/2014,6:40:00,1,Collision with vehicle,3,Tuesday,116,LEFT NEAR (INTERSECTIONS ONLY),1,277933,2,0,0,1,1,2,2,2,T intersection,3,50,Local Road,50-59,Other injury,Bicyclists
T20140022895,11/5/2014,8:30:00,2,Struck Pedestrian,3,Wednesday,101,PED EMERGES FROM IN FRONT OF PARKED OR STATIONARY VEHICLE,1,277926,1,0,0,1,1,2,1,5,Not at intersection,3,50,Local Road,26-29,Not injured,Bicyclists
T20140022896,11/5/2014,8:30:00,1,Collision with vehicle,4,Wednesday,137,LEFT TURN SIDESWIPE,1,40064,2,0,0,1,1,2,1,2,T intersection,3,50,Local Road,50-59,Other injury,Bicyclists
T20140022901,9/19/2014,11:30:00,8,No collision and no object struck,6,Friday,174,OUT OF CONTROL ON CARRIAGEWAY (ON STRAIGHT),1,286270,1,0,0,1,0,1,1,5,Not at intersection,3,50,Arterial Other,30-39,Other injury,Bicyclists
T20140022942,11/5/2014,19:05:00,1,Collision with vehicle,4,Wednesday,147,VEHICLE STRIKES ANOTHER VEH WHILE EMERGING FROM DRIVEWAY,9,278761,2,0,1,0,0,1,2,2,T intersection,2,50,Arterial Highway,13-15,Serious injury,Bicyclists
T20140022945,11/5/2014,20:55:00,1,Collision with vehicle,4,Wednesday,121,RIGHT THROUGH,3,277886,2,0,0,1,1,2,1,2,T intersection,3,50,Local Road,30-39,Other injury,Bicyclists
T20140022957,11/5/2014,8:45:00,1,Collision with vehicle,4,Wednesday,113,RIGHT NEAR (INTERSECTIONS ONLY),1,58027,2,0,0,1,1,2,1,1,Cross intersection,3,40,Local Road,22-25,Other injury,Bicyclists
T20140022960,11/5/2014,12:40:00,1,Collision with vehicle,3,Wednesday,163,VEHICLE STRIKES DOOR OF PARKED/STATIONARY VEHICLE,1,1412,2,0,0,1,2,3,1,5,Not at intersection,3,50,Local Road,22-25,Other injury,Bicyclists
T20140022965,11/6/2014,8:08:00,8,No collision and no object struck,5,Thursday,174,OUT OF CONTROL ON CARRIAGEWAY (ON STRAIGHT),1,37698,2,0,1,0,1,2,1,1,Cross intersection,2,40,Local Road,26-29,Serious injury,Bicyclists
T20140022980,11/4/2014,16:30:00,8,No collision and no object struck,3,Tuesday,170,OFF CARRIAGEWAY TO LEFT,1,277797,1,0,1,0,0,1,2,5,Not at intersection,2,50,Local Road,45424,Serious injury,Bicyclists
T20140022989,11/6/2014,8:40:00,1,Collision with vehicle,5,Thursday,121,RIGHT THROUGH,1,36983,2,0,1,0,1,2,1,2,T intersection,2,50,Arterial Other,40-49,Serious injury,Bicyclists
T20140023005,7/31/2014,19:00:00,8,No collision and no object struck,5,Thursday,174,OUT OF CONTROL ON CARRIAGEWAY (ON STRAIGHT),3,41376,1,0,1,0,0,1,1,2,T intersection,2,50,Local Road,60-64,Serious injury,Bicyclists
T20140023014,11/6/2014,18:30:00,1,Collision with vehicle,5,Thursday,133,LANE SIDE SWIPE (VEHICLES IN PARALLEL LANES),1,277998,2,0,1,0,1,2,1,5,Not at intersection,2,60,Arterial Highway,40-49,Serious injury,Bicyclists
T20140023015,11/6/2014,9:05:00,1,Collision with vehicle,4,Thursday,137,LEFT TURN SIDESWIPE,1,29887,2,0,0,1,1,2,2,4,Multiple intersection,3,60,Arterial Highway,30-39,Other injury,Bicyclists
T20140023035,11/6/2014,19:00:00,8,No collision and no object struck,5,Thursday,174,OUT OF CONTROL ON CARRIAGEWAY (ON STRAIGHT),2,41332,2,0,1,0,1,2,2,1,Cross intersection,2,50,Local Road,40-49,Serious injury,Bicyclists
T20140023058,11/7/2014,8:46:00,1,Collision with vehicle,6,Friday,135,LANE CHANGE LEFT (NOT OVERTAKING),1,57933,2,0,0,1,0,1,1,1,Cross intersection,3,60,Arterial Other,30-39,Other injury,Bicyclists
T20140023065,10/21/2014,8:40:00,1,Collision with vehicle,3,Tuesday,137,LEFT TURN SIDESWIPE,1,45466,2,0,0,1,0,1,2,2,T intersection,3,40,Arterial Other,40-49,Other injury,Bicyclists
T20140023066,11/7/2014,7:22:00,1,Collision with vehicle,6,Friday,135,LANE CHANGE LEFT (NOT OVERTAKING),2,278024,2,0,1,0,1,2,1,2,T intersection,2,100,Freeway,26-29,Serious injury,Bicyclists
T20140023076,10/2/2014,13:00:00,1,Collision with vehicle,5,Thursday,135,LANE CHANGE LEFT (NOT OVERTAKING),1,277979,2,0,0,1,1,2,2,5,Not at intersection,3,40,Uknown,30-39,Other injury,Bicyclists
T20140023083,11/6/2014,17:20:00,2,Struck Pedestrian,5,Thursday,100,PED NEAR SIDE. PED HIT BY VEHICLE FROM THE RIGHT.,2,400,1,0,0,2,0,2,2,1,Cross intersection,3,40,Arterial Other,26-29,Other injury,Bicyclists
T20140023096,11/7/2014,7:44:00,1,Collision with vehicle,6,Friday,116,LEFT NEAR (INTERSECTIONS ONLY),2,278192,2,0,0,2,0,2,2,2,T intersection,3,50,Arterial Highway,40-49,Other injury,Bicyclists
T20140023168,11/7/2014,21:45:00,1,Collision with vehicle,6,Friday,160,VEHICLE COLLIDES WITH VEHICLE PARKED ON LEFT OF ROAD,9,278029,2,0,0,1,0,1,2,5,Not at intersection,3,50,Local Road,40-49,Other injury,Bicyclists
T20140023170,11/6/2014,19:30:00,1,Collision with vehicle,5,Thursday,137,LEFT TURN SIDESWIPE,2,57475,2,0,1,0,0,1,2,4,Multiple intersection,2,60,Arterial Other,30-39,Serious injury,Bicyclists
T20140023202,11/9/2014,16:38:00,1,Collision with vehicle,1,Sunday,121,RIGHT THROUGH,1,277853,2,0,1,0,1,2,1,5,Not at intersection,2,60,Arterial Other,30-39,Serious injury,Bicyclists
T20140023276,11/3/2014,7:30:00,1,Collision with vehicle,2,Monday,133,LANE SIDE SWIPE (VEHICLES IN PARALLEL LANES),2,278760,2,0,0,1,0,1,2,5,Not at intersection,3,80,Arterial Highway,40-49,Other injury,Bicyclists
T20140023279,11/10/2014,12:00:00,1,Collision with vehicle,1,Monday,110,CROSS TRAFFIC(INTERSECTIONS ONLY),1,50242,2,0,0,1,0,1,2,1,Cross intersection,3,50,Arterial Other,16-17,Other injury,Bicyclists
T20140023282,11/10/2014,18:12:00,1,Collision with vehicle,2,Monday,116,LEFT NEAR (INTERSECTIONS ONLY),1,37572,2,0,1,0,1,2,1,1,Cross intersection,2,50,Local Road,22-25,Serious injury,Bicyclists
T20140023288,11/10/2014,7:55:00,1,Collision with vehicle,2,Monday,148,VEHICLE OFF FOOTPATH STRIKES VEH ON CARRIAGEWAY,2,278052,2,0,0,1,1,2,2,5,Not at intersection,3,50,Local Road,13-15,Other injury,Bicyclists
T20140023336,11/11/2014,11:35:00,1,Collision with vehicle,3,Tuesday,113,RIGHT NEAR (INTERSECTIONS ONLY),1,41152,2,0,0,1,1,2,1,1,Cross intersection,3,60,Local Road,40-49,Other injury,Bicyclists
T20140023355,11/11/2014,17:26:00,1,Collision with vehicle,3,Tuesday,121,RIGHT THROUGH,1,36655,2,0,1,0,1,2,1,2,T intersection,2,40,Local Road,30-39,Serious injury,Bicyclists