ACCIDENT_NO,ACCIDENT_DATE,ACCIDENT_TIME,ACCIDENT_TYPE,ACCIDENT_TYPE_DESC,DAY_OF_WEEK,DAY_WEEK_DESC,DCA_CODE,DCA_DESC,LIGHT_CONDITION,NODE_ID,NO_OF_VEHICLES,NO_PERSONS_KILLED,NO_PERSONS_INJ_2,NO_PERSONS_INJ_3,NO_PERSONS_NOT_INJ,NO_PERSONS,POLICE_ATTEND,ROAD_GEOMETRY,ROAD_GEOMETRY_DESC,SEVERITY,SPEED_ZONE,RMA,AGE_GROUP,INJ_LEVEL,ROAD_USER_TYPE_DESC
T20140023364,11/11/2014,19:19:00,1,Collision with vehicle,3,Tuesday,110,CROSS TRAFFIC(INTERSECTIONS ONLY),2,52524,2,0,0,1,1,2,1,1,Cross intersection,3,60,Uknown,22-25,Other injury,Bicyclists
T20140023369,11/11/2014,18:15:00,8,No collision and no object struck,3,Tuesday,174,OUT OF CONTROL ON CARRIAGEWAY (ON STRAIGHT),1,278898,2,0,0,1,1,2,1,5,Not at intersection,3,60,Arterial Highway,26-29,Other injury,Bicyclists
T20140023376,11/11/2014,19:15:00,1,Collision with vehicle,3,Tuesday,121,RIGHT THROUGH,2,39206,2,0,0,1,2,3,1,1,Cross intersection,3,60,Arterial Other,40-49,Other injury,Bicyclists
T20140023380,11/12/2014,1:00:00,1,Collision with vehicle,4,Wednesday,113,RIGHT NEAR (INTERSECTIONS ONLY),3,38834,2,0,1,0,1,2,1,2,T intersection,2,60,Arterial Other,30-39,Serious injury,Bicyclists
T20140023383,11/6/2014,14:30:00,1,Collision with vehicle,5,Thursday,110,CROSS TRAFFIC(INTERSECTIONS ONLY),1,36047,2,0,0,1,1,2,2,1,Cross intersection,3,50,Local Road,22-25,Other injury,Bicyclists
T20140023385,11/12/2014,8:12:00,8,No collision and no object struck,4,Wednesday,174,OUT OF CONTROL ON CARRIAGEWAY (ON STRAIGHT),1,237030,2,0,1,0,0,1,1,2,T intersection,2,80,Arterial Other,40-49,Serious injury,Bicyclists
T20140023407,7/22/2014,16:45:00,1,Collision with vehicle,3,Tuesday,139,OTHER SAME DIRECTION-MANOUEVRES NOT INCLUDED IN DCAs 130-137,2,278125,2,0,0,1,1,2,2,5,Not at intersection,3,40,Uknown,22-25,Other injury,Bicyclists
T20140023433,11/10/2014,17:30:00,1,Collision with vehicle,2,Monday,133,LANE SIDE SWIPE (VEHICLES IN PARALLEL LANES),9,281980,2,0,0,1,1,2,2,1,Cross intersection,3,40,Local Road,40-49,Other injury,Bicyclists
T20140023437,11/12/2014,17:40:00,1,Collision with vehicle,4,Wednesday,137,LEFT TURN SIDESWIPE,1,280122,2,0,0,1,1,2,1,2,T intersection,3,50,Local Road,18-21,Other injury,Bicyclists
T20140023439,11/12/2014,19:30:00,1,Collision with vehicle,4,Wednesday,153,CUTTING IN (OVERTAKING),2,280158,2,0,0,1,1,2,2,5,Not at intersection,3,40,Local Road,40-49,Other injury,Bicyclists
T20140023445,11/12/2014,11:00:00,1,Collision with vehicle,4,Wednesday,130,REAR END(VEHICLES IN SAME LANE),1,277744,2,1,0,0,1,2,1,5,Not at intersection,1,100,Arterial Other,70+,Fatality,Bicyclists
T20140023460,11/4/2014,10:00:00,1,Collision with vehicle,3,Tuesday,110,CROSS TRAFFIC(INTERSECTIONS ONLY),1,44536,2,0,1,0,1,2,1,1,Cross intersection,2,60,Arterial Highway,50-59,Serious injury,Bicyclists
T20140023514,11/13/2014,17:50:00,1,Collision with vehicle,5,Thursday,110,CROSS TRAFFIC(INTERSECTIONS ONLY),1,15140,2,0,0,1,0,1,2,1,Cross intersection,3,60,Local Road,30-39,Other injury,Bicyclists
T20140023522,11/13/2014,17:12:00,1,Collision with vehicle,5,Thursday,148,VEHICLE OFF FOOTPATH STRIKES VEH ON CARRIAGEWAY,1,278350,2,0,0,1,1,2,1,5,Not at intersection,3,40,Arterial Highway,30-39,Other injury,Bicyclists
T20140023546,11/14/2014,3:29:00,1,Collision with vehicle,6,Friday,139,OTHER SAME DIRECTION-MANOUEVRES NOT INCLUDED IN DCAs 130-137,3,278398,2,0,0,1,2,3,1,5,Not at intersection,3,60,Local Road,30-39,Other injury,Bicyclists
T20140023561,10/30/2014,8:15:00,1,Collision with vehicle,5,Thursday,137,LEFT TURN SIDESWIPE,1,35379,2,0,0,1,1,2,2,2,T intersection,3,60,Arterial Highway,60-64,Other injury,Bicyclists
T20140023562,11/13/2014,12:30:00,1,Collision with vehicle,5,Thursday,163,VEHICLE STRIKES DOOR OF PARKED/STATIONARY VEHICLE,1,279331,2,0,0,1,1,2,2,5,Not at intersection,3,60,Arterial Other,40-49,Other injury,Bicyclists
T20140023563,11/13/2014,16:15:00,1,Collision with vehicle,5,Thursday,163,VEHICLE STRIKES DOOR OF PARKED/STATIONARY VEHICLE,1,280176,3,0,0,1,2,3,2,5,Not at intersection,3,40,Arterial Other,40-49,Other injury,Bicyclists
T20140023564,11/12/2014,16:00:00,1,Collision with vehicle,4,Wednesday,136,RIGHT TURN SIDESWIPE,1,278782,2,0,0,1,1,2,2,5,Not at intersection,3,70,Local Road,50-59,Other injury,Bicyclists
T20140023575,11/13/2014,15:30:00,1,Collision with vehicle,5,Thursday,163,VEHICLE STRIKES DOOR OF PARKED/STATIONARY VEHICLE,1,274432,2,0,1,0,1,2,2,5,Not at intersection,2,999,Arterial Other,60-64,Serious injury,Bicyclists
T20140023653,11/15/2014,15:30:00,1,Collision with vehicle,6,Saturday,116,LEFT NEAR (INTERSECTIONS ONLY),1,42742,2,0,0,1,2,3,1,2,T intersection,3,60,Arterial Other,26-29,Other injury,Bicyclists
T20140023657,11/15/2014,10:15:00,1,Collision with vehicle,7,Saturday,121,RIGHT THROUGH,1,41085,2,0,0,1,1,2,2,2,T intersection,3,50,Arterial Other,22-25,Other injury,Bicyclists
T20140023678,11/15/2014,21:57:00,1,Collision with vehicle,7,Saturday,148,VEHICLE OFF FOOTPATH STRIKES VEH ON CARRIAGEWAY,3,29372,2,0,0,1,1,2,1,1,Cross intersection,3,60,Arterial Highway,30-39,Other injury,Bicyclists
T20140023683,11/15/2014,21:27:00,1,Collision with vehicle,7,Saturday,147,VEHICLE STRIKES ANOTHER VEH WHILE EMERGING FROM DRIVEWAY,3,279312,2,0,1,0,1,2,1,5,Not at intersection,2,70,Arterial Other,50-59,Serious injury,Bicyclists
T20140023714,11/9/2014,13:10:00,1,Collision with vehicle,0,Sunday,121,RIGHT THROUGH,1,37718,2,0,1,0,1,2,1,1,Cross intersection,2,50,Local Road,30-39,Serious injury,Bicyclists
T20140023719,11/11/2014,20:30:00,2,Struck Pedestrian,3,Tuesday,101,PED EMERGES FROM IN FRONT OF PARKED OR STATIONARY VEHICLE,9,278067,1,0,0,1,1,2,2,5,Not at intersection,3,60,Local Road,26-29,Other injury,Bicyclists
T20140023722,11/16/2014,16:15:00,1,Collision with vehicle,1,Sunday,140,U TURN,1,277975,2,0,1,0,1,2,1,5,Not at intersection,2,50,Arterial Highway,40-49,Serious injury,Bicyclists
T20140023724,11/16/2014,16:14:00,1,Collision with vehicle,1,Sunday,153,CUTTING IN (OVERTAKING),1,72915,2,0,1,0,0,1,1,2,T intersection,2,60,Arterial Other,30-39,Serious injury,Bicyclists
T20140023749,11/17/2014,6:35:00,1,Collision with vehicle,2,Monday,130,REAR END(VEHICLES IN SAME LANE),2,278196,2,0,0,1,1,2,1,5,Not at intersection,3,80,Arterial Highway,50-59,Other injury,Bicyclists
T20140023752,11/16/2014,12:50:00,1,Collision with vehicle,1,Sunday,147,VEHICLE STRIKES ANOTHER VEH WHILE EMERGING FROM DRIVEWAY,1,281973,2,0,0,1,1,2,2,5,Not at intersection,3,40,Local Road,30-39,Other injury,Bicyclists
T20140023780,11/17/2014,9:00:00,1,Collision with vehicle,2,Monday,163,VEHICLE STRIKES DOOR OF PARKED/STATIONARY VEHICLE,9,281556,3,0,1,0,2,3,2,5,Not at intersection,2,40,Arterial Other,26-29,Serious injury,Bicyclists
T20140023839,11/18/2014,9:16:00,8,No collision and no object struck,3,Tuesday,174,OUT OF CONTROL ON CARRIAGEWAY (ON STRAIGHT),1,279087,2,0,1,0,1,2,1,5,Not at intersection,2,40,Arterial Other,26-29,Serious injury,Bicyclists
T20140023842,11/18/2014,9:14:00,1,Collision with vehicle,3,Tuesday,110,CROSS TRAFFIC(INTERSECTIONS ONLY),1,252686,2,0,1,0,1,2,1,1,Cross intersection,2,40,Local Road,50-59,Serious injury,Bicyclists
T20140023844,11/7/2014,9:20:00,8,No collision and no object struck,6,Friday,174,OUT OF CONTROL ON CARRIAGEWAY (ON STRAIGHT),1,42017,1,0,1,0,0,1,1,2,T intersection,2,60,Arterial Other,40-49,Serious injury,Bicyclists
T20140023856,11/14/2014,8:45:00,1,Collision with vehicle,6,Friday,169,OTHER ON PATH,1,278762,2,0,1,0,0,1,2,5,Not at intersection,2,40,Local Road,40-49,Serious injury,Bicyclists
T20140023857,11/17/2014,18:45:00,8,No collision and no object struck,1,Monday,174,OUT OF CONTROL ON CARRIAGEWAY (ON STRAIGHT),1,278011,2,0,1,0,1,2,2,5,Not at intersection,2,60,Arterial Other,30-39,Serious injury,Bicyclists
T20140023860,11/10/2014,7:40:00,1,Collision with vehicle,2,Monday,148,VEHICLE OFF FOOTPATH STRIKES VEH ON CARRIAGEWAY,2,287722,2,0,0,1,0,1,2,5,Not at intersection,3,60,Local Road,26-29,Other injury,Bicyclists
T20140023883,11/17/2014,17:50:00,8,No collision and no object struck,2,Monday,174,OUT OF CONTROL ON CARRIAGEWAY (ON STRAIGHT),1,278012,1,0,1,0,0,1,1,5,Not at intersection,2,50,Uknown,50-59,Serious injury,Bicyclists
T20140023887,11/18/2014,18:50:00,1,Collision with vehicle,3,Tuesday,148,VEHICLE OFF FOOTPATH STRIKES VEH ON CARRIAGEWAY,1,39833,2,0,0,1,1,2,1,2,T intersection,3,70,Local Road,16-17,Other injury,Bicyclists
T20140023901,11/4/2014,11:00:00,8,No collision and no object struck,3,Tuesday,174,OUT OF CONTROL ON CARRIAGEWAY (ON STRAIGHT),1,36872,2,0,0,1,0,1,2,1,Cross intersection,3,60,Arterial Other,60-64,Other injury,Bicyclists
T20140023918,11/17/2014,18:15:00,1,Collision with vehicle,1,Monday,163,VEHICLE STRIKES DOOR OF PARKED/STATIONARY VEHICLE,1,278202,2,0,0,1,1,2,2,5,Not at intersection,3,50,Local Road,40-49,Other injury,Bicyclists
T20140023922,10/26/2014,9:30:00,1,Collision with vehicle,0,Sunday,116,LEFT NEAR (INTERSECTIONS ONLY),1,36749,2,0,0,1,0,1,2,2,T intersection,3,60,Arterial Other,50-59,Other injury,Bicyclists
T20140023961,11/19/2014,17:56:00,8,No collision and no object struck,4,Wednesday,174,OUT OF CONTROL ON CARRIAGEWAY (ON STRAIGHT),1,54545,2,0,1,0,1,2,1,2,T intersection,2,40,Arterial Other,30-39,Serious injury,Bicyclists
T20140023964,10/29/2014,13:40:00,1,Collision with vehicle,3,Wednesday,135,LANE CHANGE LEFT (NOT OVERTAKING),1,287486,2,0,0,1,1,2,2,5,Not at intersection,3,50,Local Road,22-25,Other injury,Bicyclists
T20140024001,11/7/2014,12:20:00,1,Collision with vehicle,6,Friday,136,RIGHT TURN SIDESWIPE,1,278145,2,0,0,1,1,2,2,5,Not at intersection,3,50,Local Road,65-69,Other injury,Bicyclists
T20140024003,11/20/2014,8:10:00,2,Struck Pedestrian,5,Thursday,102,FAR SIDE. PED HIT BY VEHICLE FROM THE LEFT,1,36040,1,0,0,1,1,2,2,2,T intersection,3,60,Local Road,22-25,Other injury,Bicyclists
T20140024011,11/20/2014,8:40:00,1,Collision with vehicle,5,Thursday,148,VEHICLE OFF FOOTPATH STRIKES VEH ON CARRIAGEWAY,1,278187,2,0,0,1,1,2,1,5,Not at intersection,3,40,Local Road,13-15,Other injury,Bicyclists
T20140024012,11/13/2014,8:00:00,1,Collision with vehicle,5,Thursday,147,VEHICLE STRIKES ANOTHER VEH WHILE EMERGING FROM DRIVEWAY,1,278151,2,0,0,1,1,2,2,5,Not at intersection,3,999,Local Road,70+,Other injury,Bicyclists
T20140024037,11/20/2014,15:40:00,1,Collision with vehicle,5,Thursday,147,VEHICLE STRIKES ANOTHER VEH WHILE EMERGING FROM DRIVEWAY,1,280134,2,0,0,1,1,2,1,5,Not at intersection,3,50,Local Road,13-15,Other injury,Bicyclists
T20140024049,11/20/2014,16:00:00,1,Collision with vehicle,5,Thursday,110,CROSS TRAFFIC(INTERSECTIONS ONLY),1,63222,2,0,0,1,2,3,1,1,Cross intersection,3,50,Local Road,18-21,Other injury,Bicyclists
T20140024052,11/20/2014,18:15:00,1,Collision with vehicle,5,Thursday,110,CROSS TRAFFIC(INTERSECTIONS ONLY),1,44865,2,0,0,1,1,2,1,1,Cross intersection,3,60,Local Road,40-49,Other injury,Bicyclists
T20140024053,11/20/2014,17:45:00,8,No collision and no object struck,5,Thursday,174,OUT OF CONTROL ON CARRIAGEWAY (ON STRAIGHT),1,278212,1,0,0,1,0,1,1,5,Not at intersection,3,80,Uknown,16-17,Other injury,Bicyclists
T20140024059,11/20/2014,18:37:00,1,Collision with vehicle,5,Thursday,130,REAR END(VEHICLES IN SAME LANE),1,64823,2,0,1,0,1,2,1,4,Multiple intersection,2,40,Local Road,30-39,Serious injury,Bicyclists
T20140024061,11/18/2014,19:30:00,1,Collision with vehicle,3,Tuesday,110,CROSS TRAFFIC(INTERSECTIONS ONLY),2,53031,2,0,0,1,0,1,2,1,Cross intersection,3,60,Arterial Other,16-17,Other injury,Bicyclists
T20140024086,11/13/2014,7:40:00,1,Collision with vehicle,5,Thursday,121,RIGHT THROUGH,2,279286,2,0,0,1,1,2,2,2,T intersection,3,50,Local Road,40-49,Other injury,Bicyclists
T20140024091,11/19/2014,2:15:00,1,Collision with vehicle,3,Wednesday,133,LANE SIDE SWIPE (VEHICLES IN PARALLEL LANES),6,280253,2,0,0,1,1,2,2,5,Not at intersection,3,50,Local Road,22-25,Other injury,Bicyclists
T20140024092,11/21/2014,6:20:00,1,Collision with vehicle,6,Friday,130,REAR END(VEHICLES IN SAME LANE),1,559,2,0,0,1,1,2,1,1,Cross intersection,3,60,Arterial Other,50-59,Other injury,Bicyclists
T20140024109,11/20/2014,17:00:00,1,Collision with vehicle,5,Thursday,142,LEAVING PARKING,1,278243,2,0,0,1,1,2,2,5,Not at intersection,3,60,Arterial Other,40-49,Other injury,Bicyclists
T20140024111,8/31/2014,13:50:00,8,No collision and no object struck,1,Sunday,174,OUT OF CONTROL ON CARRIAGEWAY (ON STRAIGHT),1,278380,1,0,1,0,0,1,2,5,Not at intersection,2,999,Arterial Highway,50-59,Serious injury,Bicyclists
T20140024127,11/21/2014,8:40:00,1,Collision with vehicle,6,Friday,121,RIGHT THROUGH,1,35395,2,0,0,1,1,2,2,2,T intersection,3,60,Arterial Other,30-39,Other injury,Bicyclists
T20140024131,11/21/2014,14:15:00,1,Collision with vehicle,6,Friday,148,VEHICLE OFF FOOTPATH STRIKES VEH ON CARRIAGEWAY,1,278332,2,0,1,0,1,2,1,5,Not at intersection,2,60,Uknown,70+,Serious injury,Bicyclists
T20140024158,11/21/2014,15:30:00,1,Collision with vehicle,6,Friday,147,VEHICLE STRIKES ANOTHER VEH WHILE EMERGING FROM DRIVEWAY,1,219645,2,0,0,1,1,2,1,5,Not at intersection,3,50,Local Road,40-49,Other injury,Bicyclists
T20140024167,11/21/2014,16:00:00,1,Collision with vehicle,6,Friday,148,VEHICLE OFF FOOTPATH STRIKES VEH ON CARRIAGEWAY,1,280212,2,0,2,0,0,2,1,5,Not at intersection,2,50,Local Road,45424,Serious injury,Bicyclists
T20140024169,11/21/2014,20:00:00,1,Collision with vehicle,6,Friday,160,VEHICLE COLLIDES WITH VEHICLE PARKED ON LEFT OF ROAD,2,278248,2,0,0,1,0,1,1,5,Not at intersection,3,60,Local Road,40-49,Other injury,Bicyclists
T20140024178,11/21/2014,15:20:00,1,Collision with vehicle,5,Friday,147,VEHICLE STRIKES ANOTHER VEH WHILE EMERGING FROM DRIVEWAY,1,280185,2,0,0,1,1,2,2,3,Y intersection,3,70,Arterial Other,16-17,Other injury,Bicyclists
T20140024181,11/22/2014,10:45:00,1,Collision with vehicle,7,Saturday,148,VEHICLE OFF FOOTPATH STRIKES VEH ON CARRIAGEWAY,1,37058,2,0,0,1,1,2,1,2,T intersection,3,60,Arterial Highway,50-59,Other injury,Bicyclists
T20140024196,11/13/2014,8:15:00,1,Collision with vehicle,5,Thursday,121,RIGHT THROUGH,1,29944,2,0,0,1,1,2,2,1,Cross intersection,3,60,Local Road,30-39,Other injury,Bicyclists
T20140024227,11/22/2014,10:00:00,1,Collision with vehicle,6,Saturday,132,RIGHT REAR.,1,36557,2,0,0,1,1,2,2,1,Cross intersection,3,999,Arterial Other,30-39,Other injury,Bicyclists
T20140024243,11/22/2014,16:32:00,1,Collision with vehicle,7,Saturday,113,RIGHT NEAR (INTERSECTIONS ONLY),1,39961,2,0,1,0,1,2,1,2,T intersection,2,60,Local Road,50-59,Serious injury,Bicyclists
T20140024263,10/25/2014,11:00:00,8,No collision and no object struck,7,Saturday,174,OUT OF CONTROL ON CARRIAGEWAY (ON STRAIGHT),1,278804,1,0,1,0,0,1,2,2,T intersection,2,50,Local Road,60-64,Serious injury,Bicyclists
T20140024271,11/12/2014,17:00:00,1,Collision with vehicle,4,Wednesday,137,LEFT TURN SIDESWIPE,9,250821,2,0,0,1,1,2,2,5,Not at intersection,3,50,Local Road,60-64,Other injury,Bicyclists
T20140024272,11/22/2014,15:00:00,1,Collision with vehicle,7,Saturday,147,VEHICLE STRIKES ANOTHER VEH WHILE EMERGING FROM DRIVEWAY,1,279476,2,0,0,1,1,2,1,5,Not at intersection,3,60,Local Road,45424,Other injury,Bicyclists
T20140024274,11/23/2014,9:30:00,1,Collision with vehicle,1,Sunday,169,OTHER ON PATH,1,279045,2,0,1,0,1,2,2,5,Not at intersection,2,999,Local Road,30-39,Serious injury,Bicyclists
T20140024316,11/23/2014,12:50:00,1,Collision with vehicle,1,Sunday,148,VEHICLE OFF FOOTPATH STRIKES VEH ON CARRIAGEWAY,1,35626,2,0,0,1,0,1,2,2,T intersection,3,60,Arterial Highway,30-39,Other injury,Bicyclists
T20140024334,11/22/2014,11:15:00,1,Collision with vehicle,7,Saturday,137,LEFT TURN SIDESWIPE,1,280425,2,0,0,2,0,2,2,5,Not at intersection,3,70,Arterial Highway,30-39,Other injury,Bicyclists
T20140024337,11/24/2014,8:35:00,1,Collision with vehicle,2,Monday,147,VEHICLE STRIKES ANOTHER VEH WHILE EMERGING FROM DRIVEWAY,1,279764,2,0,0,1,1,2,2,5,Not at intersection,3,999,Local Road,45424,Other injury,Bicyclists
T20140024366,11/17/2014,16:45:00,1,Collision with vehicle,1,Monday,121,RIGHT THROUGH,1,278240,2,0,0,1,1,2,2,5,Not at intersection,3,60,Arterial Highway,30-39,Other injury,Bicyclists
T20140024390,11/21/2014,18:30:00,1,Collision with vehicle,6,Friday,163,VEHICLE STRIKES DOOR OF PARKED/STATIONARY VEHICLE,1,274062,2,0,0,1,1,2,2,5,Not at intersection,3,999,Arterial Other,60-64,Other injury,Bicyclists
T20140024409,11/6/2014,13:30:00,1,Collision with vehicle,5,Thursday,130,REAR END(VEHICLES IN SAME LANE),1,278322,2,0,0,1,1,2,9,5,Not at intersection,3,999,Local Road,50-59,Other injury,Bicyclists
T20140024414,11/25/2014,8:55:00,1,Collision with vehicle,2,Tuesday,148,VEHICLE OFF FOOTPATH STRIKES VEH ON CARRIAGEWAY,1,278381,2,0,0,1,1,2,1,2,T intersection,3,50,Local Road,45424,Other injury,Bicyclists
T20140024429,11/25/2014,10:20:00,1,Collision with vehicle,3,Tuesday,121,RIGHT THROUGH,1,46840,3,0,1,0,2,3,1,2,T intersection,2,70,Arterial Highway,22-25,Serious injury,Bicyclists
T20140024437,11/25/2014,14:05:00,1,Collision with vehicle,3,Tuesday,140,U TURN,1,280505,2,0,1,0,1,2,1,5,Not at intersection,2,50,Local Road,50-59,Serious injury,Bicyclists
T20140024450,11/20/2014,8:45:00,1,Collision with vehicle,5,Thursday,153,CUTTING IN (OVERTAKING),1,36272,2,0,1,0,1,2,2,2,T intersection,2,999,Local Road,50-59,Serious injury,Bicyclists
T20140024458,10/27/2014,9:50:00,1,Collision with vehicle,1,Monday,148,VEHICLE OFF FOOTPATH STRIKES VEH ON CARRIAGEWAY,1,45308,2,0,0,1,1,2,2,2,T intersection,3,50,Arterial Other,18-21,Other injury,Bicyclists
T20140024465,11/25/2014,17:17:00,1,Collision with vehicle,3,Tuesday,121,RIGHT THROUGH,1,45315,2,0,1,0,1,2,1,2,T intersection,2,60,Arterial Other,50-59,Serious injury,Bicyclists
T20140024466,11/25/2014,18:00:00,1,Collision with vehicle,2,Tuesday,110,CROSS TRAFFIC(INTERSECTIONS ONLY),1,37823,2,0,0,1,1,2,2,1,Cross intersection,3,60,Arterial Other,22-25,Other injury,Bicyclists
T20140024483,11/26/2014,7:00:00,1,Collision with vehicle,4,Wednesday,137,LEFT TURN SIDESWIPE,2,278291,2,0,0,1,1,2,1,5,Not at intersection,3,40,Local Road,30-39,Other injury,Bicyclists
T20140024488,11/25/2014,10:15:00,1,Collision with vehicle,3,Tuesday,163,VEHICLE STRIKES DOOR OF PARKED/STATIONARY VEHICLE,1,278986,2,0,0,1,1,2,2,5,Not at intersection,3,60,Arterial Other,30-39,Other injury,Bicyclists
T20140024489,11/26/2014,8:30:00,1,Collision with vehicle,4,Wednesday,199,UNKNOWN-NO DETAILS ON MANOEUVRES OF ROAD-USERS IN ACCIDENT,1,279623,2,0,1,0,0,1,1,5,Not at intersection,2,80,Local Road,40-49,Serious injury,Bicyclists
T20140024494,11/26/2014,8:17:00,1,Collision with vehicle,4,Wednesday,134,LANE CHANGE RIGHT (NOT OVERTAKING),1,280939,2,0,1,0,2,3,1,5,Not at intersection,2,60,Uknown,65-69,Serious injury,Bicyclists
T20140024537,11/26/2014,17:45:00,1,Collision with vehicle,4,Wednesday,163,VEHICLE STRIKES DOOR OF PARKED/STATIONARY VEHICLE,1,279990,2,0,0,1,2,3,1,5,Not at intersection,3,40,Arterial Other,40-49,Other injury,Bicyclists
T20140024552,11/26/2014,14:35:00,1,Collision with vehicle,4,Wednesday,110,CROSS TRAFFIC(INTERSECTIONS ONLY),1,36499,2,0,1,0,1,2,1,1,Cross intersection,2,50,Local Road,26-29,Serious injury,Bicyclists
T20140024555,11/26/2014,21:45:00,1,Collision with vehicle,3,Wednesday,116,LEFT NEAR (INTERSECTIONS ONLY),5,262027,2,0,0,1,1,2,2,2,T intersection,3,40,Local Road,26-29,Other injury,Bicyclists
T20140024561,11/26/2014,18:15:00,1,Collision with vehicle,4,Wednesday,148,VEHICLE OFF FOOTPATH STRIKES VEH ON CARRIAGEWAY,1,67835,2,0,1,0,1,2,1,2,T intersection,2,60,Uknown,16-17,Serious injury,Bicyclists
T20140024587,11/6/2014,9:30:00,1,Collision with vehicle,5,Thursday,160,VEHICLE COLLIDES WITH VEHICLE PARKED ON LEFT OF ROAD,1,278733,2,0,0,1,0,1,1,5,Not at intersection,3,30,Local Road,18-21,Other injury,Bicyclists
T20140024653,11/27/2014,17:20:00,1,Collision with vehicle,5,Thursday,121,RIGHT THROUGH,1,278899,2,0,0,1,1,2,2,5,Not at intersection,3,80,Arterial Other,22-25,Other injury,Bicyclists
T20140024688,11/28/2014,15:42:00,1,Collision with vehicle,6,Friday,148,VEHICLE OFF FOOTPATH STRIKES VEH ON CARRIAGEWAY,1,279255,2,0,0,1,1,2,1,2,T intersection,3,40,Local Road,40-49,Other injury,Bicyclists
T20140024710,11/28/2014,9:30:00,1,Collision with vehicle,6,Friday,163,VEHICLE STRIKES DOOR OF PARKED/STATIONARY VEHICLE,1,279086,2,0,1,0,1,2,2,5,Not at intersection,2,999,Arterial Other,30-39,Serious injury,Bicyclists
T20140024714,11/28/2014,19:35:00,1,Collision with vehicle,6,Friday,130,REAR END(VEHICLES IN SAME LANE),2,66960,2,0,0,1,1,2,1,1,Cross intersection,3,50,Local Road,22-25,Other injury,Bicyclists
T20140024715,11/28/2014,21:00:00,1,Collision with vehicle,6,Friday,122,LEFT THROUGH,3,29588,2,0,0,1,1,2,1,1,Cross intersection,3,40,Arterial Other,30-39,Other injury,Bicyclists
T20140024793,4/7/2014,7:45:00,8,No collision and no object struck,2,Monday,170,OFF CARRIAGEWAY TO LEFT,2,278989,2,0,0,1,0,1,2,5,Not at intersection,3,60,Arterial Other,40-49,Other injury,Bicyclists
T20140024802,11/25/2014,13:45:00,1,Collision with vehicle,3,Tuesday,148,VEHICLE OFF FOOTPATH STRIKES VEH ON CARRIAGEWAY,1,263749,2,0,0,1,1,2,2,5,Not at intersection,3,50,Arterial Other,30-39,Other injury,Bicyclists
T20140024806,11/10/2014,17:30:00,1,Collision with vehicle,2,Monday,121,RIGHT THROUGH,9,279051,2,0,0,1,1,2,2,5,Not at intersection,3,999,Local Road,40-49,Other injury,Bicyclists
T20140024832,8/31/2014,5:15:00,1,Collision with vehicle,1,Sunday,160,VEHICLE COLLIDES WITH VEHICLE PARKED ON LEFT OF ROAD,3,279395,3,0,0,1,0,1,2,5,Not at intersection,3,999,Local Road,40-49,Other injury,Bicyclists
T20140024863,12/1/2014,8:30:00,1,Collision with vehicle,2,Monday,148,VEHICLE OFF FOOTPATH STRIKES VEH ON CARRIAGEWAY,1,586,2,0,0,1,1,2,1,1,Cross intersection,3,40,Arterial Other,45424,Other injury,Bicyclists
T20140024864,12/1/2014,7:30:00,1,Collision with vehicle,2,Monday,147,VEHICLE STRIKES ANOTHER VEH WHILE EMERGING FROM DRIVEWAY,1,287329,2,0,0,1,1,2,1,5,Not at intersection,3,50,Local Road,50-59,Other injury,Bicyclists
T20140024867,12/1/2014,9:00:00,1,Collision with vehicle,2,Monday,153,CUTTING IN (OVERTAKING),1,279101,2,0,0,2,0,2,1,5,Not at intersection,3,80,Arterial Other,65-69,Other injury,Bicyclists
T20140024879,12/1/2014,8:30:00,1,Collision with vehicle,1,Monday,121,RIGHT THROUGH,1,280480,2,0,0,1,1,2,1,4,Multiple intersection,3,50,Uknown,30-39,Other injury,Bicyclists
T20140024888,12/1/2014,9:00:00,1,Collision with vehicle,2,Monday,121,RIGHT THROUGH,1,280237,2,0,1,0,1,2,1,5,Not at intersection,2,60,Arterial Other,40-49,Serious injury,Bicyclists
T20140024899,11/5/2014,16:20:00,1,Collision with vehicle,3,Wednesday,110,CROSS TRAFFIC(INTERSECTIONS ONLY),1,63111,2,0,0,1,1,2,2,1,Cross intersection,3,50,Local Road,50-59,Other injury,Bicyclists
T20140024910,12/1/2014,18:50:00,1,Collision with vehicle,2,Monday,135,LANE CHANGE LEFT (NOT OVERTAKING),1,279128,2,0,1,0,1,2,1,5,Not at intersection,2,60,Arterial Other,50-59,Serious injury,Bicyclists
T20140024921,12/1/2014,18:00:00,1,Collision with vehicle,2,Monday,148,VEHICLE OFF FOOTPATH STRIKES VEH ON CARRIAGEWAY,1,43631,2,0,1,0,1,2,1,1,Cross intersection,2,80,Arterial Highway,26-29,Serious injury,Bicyclists
T20140024950,12/2/2014,8:30:00,1,Collision with vehicle,2,Tuesday,110,CROSS TRAFFIC(INTERSECTIONS ONLY),1,40349,2,0,0,1,3,4,1,1,Cross intersection,3,60,Arterial Other,22-25,Other injury,Bicyclists