ACCIDENT_NO,ACCIDENT_DATE,ACCIDENT_TIME,ACCIDENT_TYPE,ACCIDENT_TYPE_DESC,DAY_OF_WEEK,DAY_WEEK_DESC,DCA_CODE,DCA_DESC,LIGHT_CONDITION,NODE_ID,NO_OF_VEHICLES,NO_PERSONS_KILLED,NO_PERSONS_INJ_2,NO_PERSONS_INJ_3,NO_PERSONS_NOT_INJ,NO_PERSONS,POLICE_ATTEND,ROAD_GEOMETRY,ROAD_GEOMETRY_DESC,SEVERITY,SPEED_ZONE,RMA,AGE_GROUP,INJ_LEVEL,ROAD_USER_TYPE_DESC
T20140024953,12/2/2014,12:00:00,1,Collision with vehicle,3,Tuesday,135,LANE CHANGE LEFT (NOT OVERTAKING),1,280366,2,0,0,1,1,2,2,5,Not at intersection,3,60,Arterial Other,50-59,Other injury,Bicyclists
T20140024969,12/2/2014,11:30:00,1,Collision with vehicle,3,Tuesday,147,VEHICLE STRIKES ANOTHER VEH WHILE EMERGING FROM DRIVEWAY,1,47552,2,0,0,1,1,2,1,5,Not at intersection,3,60,Arterial Other,70+,Other injury,Bicyclists
T20140024983,12/2/2014,18:00:00,1,Collision with vehicle,3,Tuesday,137,LEFT TURN SIDESWIPE,1,37271,2,0,0,1,1,2,1,1,Cross intersection,3,60,Arterial Other,22-25,Other injury,Bicyclists
T20140024986,12/2/2014,19:00:00,1,Collision with vehicle,3,Tuesday,121,RIGHT THROUGH,2,36994,2,0,0,1,1,2,1,2,T intersection,3,60,Arterial Other,18-21,Other injury,Bicyclists
T20140025001,9/12/2014,6:30:00,1,Collision with vehicle,6,Friday,113,RIGHT NEAR (INTERSECTIONS ONLY),2,46068,2,0,0,1,1,2,2,2,T intersection,3,80,Arterial Highway,40-49,Other injury,Bicyclists
T20140025038,12/3/2014,14:20:00,8,No collision and no object struck,4,Wednesday,179,OTHER ACCIDENTS-OFF STRAIGHT NOT INCLUDED IN DCAs 170-175,1,39459,1,0,1,0,0,1,1,1,Cross intersection,2,70,Arterial Other,18-21,Serious injury,Bicyclists
T20140025051,12/3/2014,10:55:00,1,Collision with vehicle,4,Wednesday,159,OTHER OVERTAKING MANOEUVRES NOT INCLUDED IN DCAs 150-154,1,278988,3,1,0,0,2,3,1,5,Not at intersection,1,100,Arterial Other,65-69,Fatality,Bicyclists
T20140025089,10/20/2014,18:14:00,1,Collision with vehicle,2,Monday,131,LEFT REAR,2,30939,2,0,0,1,1,2,2,1,Cross intersection,3,60,Arterial Highway,65-69,Other injury,Bicyclists
T20140025090,12/4/2014,7:16:00,1,Collision with vehicle,5,Thursday,116,LEFT NEAR (INTERSECTIONS ONLY),2,59004,2,0,0,2,0,2,2,2,T intersection,3,60,Local Road,16-17,Other injury,Bicyclists
T20140025108,12/4/2014,6:45:00,1,Collision with vehicle,5,Thursday,131,LEFT REAR,2,226252,2,0,0,1,1,2,1,2,T intersection,3,60,Uknown,50-59,Other injury,Bicyclists
T20140025115,11/3/2014,14:00:00,6,Vehicle overturned (no collision),2,Monday,174,OUT OF CONTROL ON CARRIAGEWAY (ON STRAIGHT),1,258814,1,0,1,0,0,1,2,5,Not at intersection,2,40,Local Road,30-39,Serious injury,Bicyclists
T20140025129,12/4/2014,13:15:00,1,Collision with vehicle,5,Thursday,121,RIGHT THROUGH,1,37646,2,0,1,0,1,2,1,2,T intersection,2,40,Arterial Other,22-25,Serious injury,Bicyclists
T20140025131,12/4/2014,10:00:00,1,Collision with vehicle,5,Thursday,163,VEHICLE STRIKES DOOR OF PARKED/STATIONARY VEHICLE,1,279501,2,0,0,1,1,2,1,5,Not at intersection,3,40,Local Road,30-39,Other injury,Bicyclists
T20140025133,12/4/2014,11:25:00,1,Collision with vehicle,5,Thursday,112,LEFT FAR (INTERSECTIONS ONLY),1,47589,2,0,1,0,1,2,1,2,T intersection,2,60,Arterial Other,40-49,Serious injury,Bicyclists
T20140025141,11/30/2014,8:00:00,1,Collision with vehicle,1,Sunday,110,CROSS TRAFFIC(INTERSECTIONS ONLY),1,281408,2,0,0,1,1,2,2,1,Cross intersection,3,50,Local Road,30-39,Other injury,Bicyclists
T20140025147,11/28/2014,20:10:00,1,Collision with vehicle,6,Friday,111,RIGHT FAR (INTERSECTIONS ONLY),2,280628,2,0,0,1,1,2,2,2,T intersection,3,50,Local Road,16-17,Other injury,Bicyclists
T20140025156,12/4/2014,19:15:00,1,Collision with vehicle,5,Thursday,163,VEHICLE STRIKES DOOR OF PARKED/STATIONARY VEHICLE,2,279668,2,0,0,1,1,2,2,2,T intersection,3,40,Local Road,26-29,Other injury,Bicyclists
T20140025167,12/4/2014,15:20:00,1,Collision with vehicle,4,Thursday,110,CROSS TRAFFIC(INTERSECTIONS ONLY),1,36496,2,0,0,1,1,2,1,1,Cross intersection,3,40,Local Road,30-39,Other injury,Bicyclists
T20140025236,12/5/2014,8:50:00,1,Collision with vehicle,6,Friday,121,RIGHT THROUGH,1,37711,2,0,0,1,0,1,2,2,T intersection,3,50,Arterial Other,30-39,Other injury,Bicyclists
T20140025252,12/6/2014,1:00:00,1,Collision with vehicle,7,Saturday,133,LANE SIDE SWIPE (VEHICLES IN PARALLEL LANES),3,279510,2,0,0,1,4,5,1,5,Not at intersection,3,40,Local Road,26-29,Other injury,Bicyclists
T20140025266,12/5/2014,7:54:00,1,Collision with vehicle,6,Friday,148,VEHICLE OFF FOOTPATH STRIKES VEH ON CARRIAGEWAY,1,1412,2,0,0,1,0,1,2,5,Not at intersection,3,999,Local Road,65-69,Other injury,Bicyclists
T20140025272,12/6/2014,9:15:00,1,Collision with vehicle,7,Saturday,113,RIGHT NEAR (INTERSECTIONS ONLY),1,29998,2,0,0,1,1,2,1,2,T intersection,3,70,Arterial Other,40-49,Other injury,Bicyclists
T20140025273,10/17/2014,5:50:00,1,Collision with vehicle,6,Friday,163,VEHICLE STRIKES DOOR OF PARKED/STATIONARY VEHICLE,3,186766,2,0,0,1,1,2,2,5,Not at intersection,3,50,Local Road,50-59,Other injury,Bicyclists
T20140025299,12/4/2014,7:55:00,1,Collision with vehicle,4,Thursday,110,CROSS TRAFFIC(INTERSECTIONS ONLY),1,66731,2,0,1,0,1,2,2,1,Cross intersection,2,40,Local Road,40-49,Serious injury,Bicyclists
T20140025303,12/6/2014,21:47:00,2,Struck Pedestrian,7,Saturday,100,PED NEAR SIDE. PED HIT BY VEHICLE FROM THE RIGHT.,3,41178,2,0,0,1,1,2,1,2,T intersection,3,40,Local Road,70+,Not injured,Drivers
T20140025346,11/29/2014,2:00:00,1,Collision with vehicle,7,Saturday,160,VEHICLE COLLIDES WITH VEHICLE PARKED ON LEFT OF ROAD,6,279519,3,0,1,0,0,1,2,5,Not at intersection,2,50,Local Road,26-29,Serious injury,Bicyclists
T20140025362,11/29/2014,10:55:00,1,Collision with vehicle,7,Saturday,163,VEHICLE STRIKES DOOR OF PARKED/STATIONARY VEHICLE,1,279699,2,0,0,1,1,2,2,5,Not at intersection,3,40,Arterial Other,26-29,Other injury,Bicyclists
T20140025398,12/8/2014,10:30:00,8,No collision and no object struck,2,Monday,151,OUT OF CONTROL (OVERTAKING),1,279597,1,0,0,1,0,1,2,5,Not at intersection,3,999,Uknown,40-49,Other injury,Bicyclists
T20140025415,11/22/2014,10:30:00,1,Collision with vehicle,7,Saturday,163,VEHICLE STRIKES DOOR OF PARKED/STATIONARY VEHICLE,9,280428,2,0,0,1,1,2,2,5,Not at intersection,3,40,Local Road,50-59,Other injury,Bicyclists
T20140025444,12/7/2014,19:30:00,1,Collision with vehicle,1,Sunday,148,VEHICLE OFF FOOTPATH STRIKES VEH ON CARRIAGEWAY,2,279635,2,0,0,1,1,2,1,2,T intersection,3,999,Local Road,65-69,Other injury,Bicyclists
T20140025463,10/30/2014,10:30:00,9,Other accident,5,Thursday,198,OTHER ACCIDENTS NOT CLASSIFIABLE ELSEWHERE,1,29389,1,0,0,1,0,1,2,1,Cross intersection,3,60,Local Road,30-39,Other injury,Bicyclists
T20140025526,12/10/2014,6:41:00,8,No collision and no object struck,4,Wednesday,174,OUT OF CONTROL ON CARRIAGEWAY (ON STRAIGHT),2,280106,2,0,1,0,1,2,1,5,Not at intersection,2,60,Arterial Other,50-59,Serious injury,Bicyclists
T20140025528,12/10/2014,7:45:00,1,Collision with vehicle,3,Wednesday,137,LEFT TURN SIDESWIPE,1,279856,2,0,0,1,1,2,1,5,Not at intersection,3,70,Arterial Other,50-59,Other injury,Bicyclists
T20140025582,12/10/2014,16:20:00,8,No collision and no object struck,4,Wednesday,174,OUT OF CONTROL ON CARRIAGEWAY (ON STRAIGHT),1,279998,2,0,0,1,1,2,1,5,Not at intersection,3,999,Local Road,70+,Other injury,Bicyclists
T20140025591,12/10/2014,9:45:00,8,No collision and no object struck,4,Wednesday,174,OUT OF CONTROL ON CARRIAGEWAY (ON STRAIGHT),1,279766,2,0,0,1,1,2,2,5,Not at intersection,3,50,Local Road,40-49,Other injury,Bicyclists
T20140025609,12/8/2014,14:30:00,8,No collision and no object struck,2,Monday,174,OUT OF CONTROL ON CARRIAGEWAY (ON STRAIGHT),1,36503,2,0,0,1,1,2,2,1,Cross intersection,3,40,Local Road,40-49,Other injury,Bicyclists
T20140025610,12/10/2014,15:30:00,8,No collision and no object struck,4,Wednesday,174,OUT OF CONTROL ON CARRIAGEWAY (ON STRAIGHT),1,50594,2,0,0,1,0,1,2,1,Cross intersection,3,60,Local Road,45424,Other injury,Bicyclists
T20140025618,11/19/2014,8:45:00,1,Collision with vehicle,3,Wednesday,116,LEFT NEAR (INTERSECTIONS ONLY),1,38901,2,0,0,1,1,2,2,2,T intersection,3,60,Arterial Other,40-49,Other injury,Bicyclists
T20140025645,12/8/2014,17:45:00,1,Collision with vehicle,2,Monday,121,RIGHT THROUGH,1,280550,2,0,0,1,1,2,2,5,Not at intersection,3,70,Local Road,40-49,Other injury,Bicyclists
T20140025656,12/11/2014,15:30:00,1,Collision with vehicle,4,Thursday,163,VEHICLE STRIKES DOOR OF PARKED/STATIONARY VEHICLE,1,280474,2,0,0,1,1,2,1,5,Not at intersection,3,40,Local Road,22-25,Other injury,Bicyclists
T20140025657,12/11/2014,16:44:00,1,Collision with vehicle,5,Thursday,148,VEHICLE OFF FOOTPATH STRIKES VEH ON CARRIAGEWAY,1,61548,2,0,1,0,1,2,1,2,T intersection,2,60,Local Road,18-21,Serious injury,Bicyclists
T20140025661,11/18/2014,14:30:00,1,Collision with vehicle,2,Tuesday,116,LEFT NEAR (INTERSECTIONS ONLY),1,10752,2,0,0,1,0,1,2,4,Multiple intersection,3,50,Freeway,22-25,Other injury,Bicyclists
T20140025663,12/10/2014,0:00:00,8,No collision and no object struck,4,Wednesday,174,OUT OF CONTROL ON CARRIAGEWAY (ON STRAIGHT),3,281496,2,0,0,1,0,1,2,2,T intersection,3,50,Local Road,18-21,Other injury,Bicyclists
T20140025696,11/30/2014,10:10:00,8,No collision and no object struck,1,Sunday,174,OUT OF CONTROL ON CARRIAGEWAY (ON STRAIGHT),1,281702,2,0,0,1,1,2,2,5,Not at intersection,3,50,Local Road,40-49,Other injury,Bicyclists
T20140025698,12/12/2014,6:25:00,1,Collision with vehicle,6,Friday,148,VEHICLE OFF FOOTPATH STRIKES VEH ON CARRIAGEWAY,2,214847,2,0,0,1,1,2,1,5,Not at intersection,3,60,Arterial Other,26-29,Other injury,Bicyclists
T20140025719,12/12/2014,8:30:00,1,Collision with vehicle,6,Friday,110,CROSS TRAFFIC(INTERSECTIONS ONLY),1,38681,2,0,1,0,1,2,2,1,Cross intersection,2,50,Local Road,40-49,Serious injury,Bicyclists
T20140025721,12/12/2014,8:40:00,1,Collision with vehicle,6,Friday,121,RIGHT THROUGH,1,281411,2,0,0,1,1,2,2,2,T intersection,3,40,Local Road,26-29,Other injury,Bicyclists
T20140025726,12/12/2014,12:01:00,1,Collision with vehicle,6,Friday,133,LANE SIDE SWIPE (VEHICLES IN PARALLEL LANES),1,48527,2,0,1,0,0,1,1,2,T intersection,2,80,Arterial Highway,50-59,Serious injury,Bicyclists
T20140025727,12/10/2014,17:45:00,1,Collision with vehicle,4,Wednesday,121,RIGHT THROUGH,1,29364,2,0,0,1,1,2,2,2,T intersection,3,60,Arterial Highway,40-49,Other injury,Bicyclists
T20140025754,12/12/2014,19:00:00,1,Collision with vehicle,6,Friday,148,VEHICLE OFF FOOTPATH STRIKES VEH ON CARRIAGEWAY,2,41671,2,0,1,0,1,2,1,2,T intersection,2,888,Arterial Highway,30-39,Serious injury,Bicyclists
T20140025764,12/12/2014,18:30:00,1,Collision with vehicle,6,Friday,137,LEFT TURN SIDESWIPE,1,280171,2,0,0,1,1,2,2,5,Not at intersection,3,60,Arterial Other,30-39,Other injury,Bicyclists
T20140025768,12/12/2014,21:00:00,1,Collision with vehicle,6,Friday,119,OTHER ADJACENT (INTERSECTIONS ONLY),3,279910,2,0,0,1,3,4,1,2,T intersection,3,50,Local Road,45424,Other injury,Bicyclists
T20140025796,12/12/2014,9:00:00,1,Collision with vehicle,5,Friday,135,LANE CHANGE LEFT (NOT OVERTAKING),1,280102,2,0,1,0,1,2,1,5,Not at intersection,2,60,Arterial Highway,50-59,Serious injury,Bicyclists
T20140025797,12/13/2014,5:30:00,1,Collision with vehicle,7,Saturday,130,REAR END(VEHICLES IN SAME LANE),2,280254,2,0,1,0,1,2,1,5,Not at intersection,2,70,Arterial Other,40-49,Serious injury,Bicyclists
T20140025823,12/11/2014,16:00:00,1,Collision with vehicle,5,Thursday,163,VEHICLE STRIKES DOOR OF PARKED/STATIONARY VEHICLE,1,279913,2,0,0,1,2,3,2,5,Not at intersection,3,60,Arterial Other,30-39,Other injury,Bicyclists
T20140025897,11/11/2014,17:00:00,8,No collision and no object struck,3,Tuesday,174,OUT OF CONTROL ON CARRIAGEWAY (ON STRAIGHT),1,280000,1,0,0,1,0,1,2,5,Not at intersection,3,999,Arterial Other,26-29,Other injury,Bicyclists
T20140025906,12/14/2014,15:37:00,1,Collision with vehicle,1,Sunday,121,RIGHT THROUGH,1,279927,2,0,1,0,1,2,1,5,Not at intersection,2,60,Local Road,50-59,Serious injury,Bicyclists
T20140025915,12/9/2014,9:00:00,1,Collision with vehicle,2,Tuesday,116,LEFT NEAR (INTERSECTIONS ONLY),1,22459,3,0,0,2,1,3,1,1,Cross intersection,3,60,Arterial Highway,60-64,Other injury,Bicyclists
T20140025917,12/14/2014,18:25:00,8,No collision and no object struck,1,Sunday,174,OUT OF CONTROL ON CARRIAGEWAY (ON STRAIGHT),1,279979,1,0,1,0,0,1,1,5,Not at intersection,2,50,Local Road,18-21,Serious injury,Bicyclists
T20140025940,12/11/2014,9:30:00,8,No collision and no object struck,5,Thursday,174,OUT OF CONTROL ON CARRIAGEWAY (ON STRAIGHT),1,232049,2,0,0,1,0,1,2,1,Cross intersection,3,60,Arterial Other,60-64,Other injury,Bicyclists
T20140025966,12/15/2014,13:50:00,1,Collision with vehicle,2,Monday,130,REAR END(VEHICLES IN SAME LANE),1,186197,2,0,0,1,1,2,1,5,Not at intersection,3,60,Arterial Other,40-49,Other injury,Bicyclists
T20140025990,11/4/2014,21:30:00,8,No collision and no object struck,3,Tuesday,174,OUT OF CONTROL ON CARRIAGEWAY (ON STRAIGHT),3,281974,2,0,0,1,0,1,2,2,T intersection,3,40,Arterial Other,26-29,Other injury,Bicyclists
T20140025997,12/15/2014,17:20:00,1,Collision with vehicle,2,Monday,148,VEHICLE OFF FOOTPATH STRIKES VEH ON CARRIAGEWAY,1,35528,2,0,0,1,0,1,1,2,T intersection,3,60,Arterial Other,40-49,Other injury,Bicyclists
T20140026006,12/15/2014,19:10:00,1,Collision with vehicle,2,Monday,148,VEHICLE OFF FOOTPATH STRIKES VEH ON CARRIAGEWAY,2,36651,2,0,0,1,1,2,1,1,Cross intersection,3,80,Arterial Other,18-21,Other injury,Bicyclists
T20140026007,12/15/2014,18:32:00,1,Collision with vehicle,2,Monday,121,RIGHT THROUGH,1,37713,2,0,0,1,1,2,1,2,T intersection,3,40,Arterial Other,26-29,Other injury,Bicyclists
T20140026013,12/15/2014,20:07:00,1,Collision with vehicle,2,Monday,163,VEHICLE STRIKES DOOR OF PARKED/STATIONARY VEHICLE,2,280007,2,0,1,0,1,2,1,5,Not at intersection,2,60,Arterial Other,30-39,Serious injury,Bicyclists
T20140026034,12/16/2014,9:00:00,6,Vehicle overturned (no collision),3,Tuesday,174,OUT OF CONTROL ON CARRIAGEWAY (ON STRAIGHT),1,280031,1,0,0,1,0,1,1,5,Not at intersection,3,50,Local Road,60-64,Other injury,Bicyclists
T20140026036,12/16/2014,8:16:00,1,Collision with vehicle,2,Tuesday,113,RIGHT NEAR (INTERSECTIONS ONLY),1,38824,2,0,0,1,1,2,1,2,T intersection,3,40,Local Road,40-49,Other injury,Bicyclists
T20140026039,12/16/2014,9:08:00,1,Collision with vehicle,3,Tuesday,143,ENTERING PARKING,1,280657,2,0,1,0,1,2,1,5,Not at intersection,2,40,Arterial Other,22-25,Serious injury,Bicyclists
T20140026049,12/16/2014,11:30:00,1,Collision with vehicle,3,Tuesday,137,LEFT TURN SIDESWIPE,1,44522,2,0,0,2,0,2,1,2,T intersection,3,100,Uknown,40-49,Other injury,Bicyclists
T20140026050,12/16/2014,11:05:00,1,Collision with vehicle,3,Tuesday,134,LANE CHANGE RIGHT (NOT OVERTAKING),1,281175,2,0,1,0,1,2,1,5,Not at intersection,2,60,Arterial Other,40-49,Serious injury,Bicyclists
T20140026072,12/16/2014,17:00:00,8,No collision and no object struck,3,Tuesday,174,OUT OF CONTROL ON CARRIAGEWAY (ON STRAIGHT),9,36366,1,0,0,1,0,1,2,1,Cross intersection,3,999,Arterial Other,18-21,Other injury,Bicyclists
T20140026102,12/15/2014,15:30:00,1,Collision with vehicle,2,Monday,163,VEHICLE STRIKES DOOR OF PARKED/STATIONARY VEHICLE,1,280054,2,0,1,0,3,4,1,2,T intersection,2,40,Local Road,50-59,Serious injury,Bicyclists
T20140026170,12/17/2014,18:40:00,1,Collision with vehicle,4,Wednesday,163,VEHICLE STRIKES DOOR OF PARKED/STATIONARY VEHICLE,1,280004,2,0,1,0,2,3,1,5,Not at intersection,2,50,Local Road,30-39,Serious injury,Bicyclists
T20140026172,12/17/2014,17:00:00,1,Collision with vehicle,3,Wednesday,121,RIGHT THROUGH,1,36370,2,0,0,1,1,2,2,1,Cross intersection,3,60,Local Road,26-29,Other injury,Bicyclists
T20140026173,12/17/2014,16:45:00,1,Collision with vehicle,3,Wednesday,163,VEHICLE STRIKES DOOR OF PARKED/STATIONARY VEHICLE,1,280056,2,0,0,1,1,2,1,5,Not at intersection,3,40,Local Road,22-25,Other injury,Bicyclists
T20140026197,12/18/2014,8:43:00,1,Collision with vehicle,5,Thursday,121,RIGHT THROUGH,1,35332,2,0,1,0,1,2,1,1,Cross intersection,2,40,Local Road,30-39,Serious injury,Bicyclists
T20140026215,11/27/2014,18:00:00,1,Collision with vehicle,5,Thursday,137,LEFT TURN SIDESWIPE,9,280584,2,0,0,1,1,2,2,5,Not at intersection,3,40,Local Road,26-29,Other injury,Bicyclists
T20140026225,12/18/2014,11:20:00,1,Collision with vehicle,5,Thursday,148,VEHICLE OFF FOOTPATH STRIKES VEH ON CARRIAGEWAY,1,280880,2,0,1,0,1,2,1,5,Not at intersection,2,50,Local Road,16-17,Serious injury,Bicyclists
T20140026233,12/18/2014,9:50:00,1,Collision with vehicle,5,Thursday,130,REAR END(VEHICLES IN SAME LANE),1,281691,2,0,0,1,4,5,1,2,T intersection,3,50,Local Road,30-39,Other injury,Bicyclists
T20140026237,12/18/2014,15:00:00,1,Collision with vehicle,5,Thursday,121,RIGHT THROUGH,1,280692,2,0,0,1,1,2,1,2,T intersection,3,70,Arterial Highway,70+,Other injury,Bicyclists
T20140026240,9/10/2014,8:40:00,1,Collision with vehicle,4,Wednesday,136,RIGHT TURN SIDESWIPE,1,36267,2,0,0,1,1,2,2,1,Cross intersection,3,40,Local Road,22-25,Other injury,Bicyclists
T20140026263,12/18/2014,17:20:00,1,Collision with vehicle,5,Thursday,130,REAR END(VEHICLES IN SAME LANE),1,280111,2,0,1,0,1,2,1,5,Not at intersection,2,80,Local Road,50-59,Serious injury,Bicyclists
T20140026271,12/18/2014,21:00:00,8,No collision and no object struck,5,Thursday,174,OUT OF CONTROL ON CARRIAGEWAY (ON STRAIGHT),3,280118,1,0,1,0,0,1,1,5,Not at intersection,2,60,Arterial Other,40-49,Serious injury,Bicyclists
T20140026301,12/15/2014,15:20:00,2,Struck Pedestrian,2,Monday,101,PED EMERGES FROM IN FRONT OF PARKED OR STATIONARY VEHICLE,1,281416,1,0,1,0,1,2,1,5,Not at intersection,2,40,Local Road,30-39,Not injured,Bicyclists
T20140026305,12/19/2014,11:24:00,1,Collision with vehicle,6,Friday,145,REVERSING IN STREAM OF TRAFFIC,1,280155,2,0,0,1,1,2,1,5,Not at intersection,3,60,Local Road,40-49,Other injury,Bicyclists
T20140026333,12/19/2014,17:30:00,1,Collision with vehicle,6,Friday,160,VEHICLE COLLIDES WITH VEHICLE PARKED ON LEFT OF ROAD,1,281039,2,0,0,1,1,2,2,5,Not at intersection,3,60,Arterial Other,30-39,Other injury,Bicyclists
T20140026368,12/20/2014,8:30:00,1,Collision with vehicle,6,Saturday,163,VEHICLE STRIKES DOOR OF PARKED/STATIONARY VEHICLE,1,280138,3,0,0,2,1,3,2,5,Not at intersection,3,50,Arterial Other,40-49,Other injury,Bicyclists
T20140026375,12/17/2014,16:30:00,1,Collision with vehicle,4,Wednesday,143,ENTERING PARKING,1,280061,2,0,0,1,1,2,2,5,Not at intersection,3,999,Arterial Other,22-25,Other injury,Bicyclists
T20140026403,12/19/2014,8:45:00,1,Collision with vehicle,6,Friday,163,VEHICLE STRIKES DOOR OF PARKED/STATIONARY VEHICLE,1,67898,2,0,0,1,1,2,2,1,Cross intersection,3,50,Local Road,30-39,Other injury,Bicyclists
T20140026406,12/20/2014,14:25:00,1,Collision with vehicle,6,Saturday,121,RIGHT THROUGH,1,40135,2,0,1,0,2,3,1,1,Cross intersection,2,60,Local Road,22-25,Serious injury,Bicyclists
T20140026463,12/18/2014,21:30:00,1,Collision with vehicle,5,Thursday,113,RIGHT NEAR (INTERSECTIONS ONLY),3,37779,2,0,0,1,1,2,2,2,T intersection,3,60,Local Road,26-29,Other injury,Bicyclists
T20140026473,12/21/2014,10:25:00,1,Collision with vehicle,1,Sunday,133,LANE SIDE SWIPE (VEHICLES IN PARALLEL LANES),1,280257,2,0,0,1,2,3,2,5,Not at intersection,3,80,Arterial Highway,40-49,Other injury,Bicyclists
T20140026507,12/18/2014,9:00:00,1,Collision with vehicle,5,Thursday,137,LEFT TURN SIDESWIPE,1,280663,2,0,0,1,1,2,1,5,Not at intersection,3,40,Arterial Other,30-39,Other injury,Bicyclists
T20140026538,12/22/2014,10:43:00,1,Collision with vehicle,2,Monday,148,VEHICLE OFF FOOTPATH STRIKES VEH ON CARRIAGEWAY,1,289069,2,0,1,0,1,2,1,5,Not at intersection,2,50,Local Road,30-39,Serious injury,Bicyclists
T20140026541,12/22/2014,9:05:00,1,Collision with vehicle,2,Monday,110,CROSS TRAFFIC(INTERSECTIONS ONLY),1,62135,2,0,0,1,2,3,1,1,Cross intersection,3,50,Local Road,50-59,Other injury,Bicyclists
T20140026548,12/18/2014,7:45:00,1,Collision with vehicle,5,Thursday,111,RIGHT FAR (INTERSECTIONS ONLY),1,280101,2,0,0,1,1,2,2,2,T intersection,3,60,Uknown,50-59,Other injury,Bicyclists
T20140026603,12/23/2014,9:20:00,1,Collision with vehicle,3,Tuesday,111,RIGHT FAR (INTERSECTIONS ONLY),1,15488,2,0,0,1,1,2,1,1,Cross intersection,3,80,Local Road,40-49,Other injury,Bicyclists
T20140026611,12/23/2014,10:30:00,1,Collision with vehicle,3,Tuesday,163,VEHICLE STRIKES DOOR OF PARKED/STATIONARY VEHICLE,1,280867,2,0,0,1,1,2,2,5,Not at intersection,3,60,Local Road,26-29,Other injury,Bicyclists
T20140026614,12/22/2014,15:45:00,1,Collision with vehicle,2,Monday,123,RIGHT/LEFT. ONE VEH TURNING RIGHT THE OTHER LEFT.,1,37491,2,0,1,0,1,2,2,1,Cross intersection,2,50,Arterial Other,30-39,Serious injury,Bicyclists
T20140026620,12/23/2014,7:00:00,1,Collision with vehicle,3,Tuesday,140,U TURN,1,286360,2,0,0,1,1,2,1,5,Not at intersection,3,60,Local Road,30-39,Other injury,Bicyclists
T20140026682,12/15/2014,8:00:00,8,No collision and no object struck,2,Monday,174,OUT OF CONTROL ON CARRIAGEWAY (ON STRAIGHT),1,291597,2,0,1,0,1,2,2,5,Not at intersection,2,999,Local Road,50-59,Serious injury,Bicyclists
T20140026700,12/1/2014,10:35:00,1,Collision with vehicle,2,Monday,147,VEHICLE STRIKES ANOTHER VEH WHILE EMERGING FROM DRIVEWAY,1,280287,2,0,1,0,1,2,1,5,Not at intersection,2,70,Arterial Highway,30-39,Serious injury,Bicyclists
T20140026793,12/26/2014,8:40:00,1,Collision with vehicle,6,Friday,133,LANE SIDE SWIPE (VEHICLES IN PARALLEL LANES),1,282792,2,0,1,0,1,2,1,5,Not at intersection,2,70,Local Road,50-59,Serious injury,Bicyclists
T20140026851,12/27/2014,7:45:00,1,Collision with vehicle,7,Saturday,137,LEFT TURN SIDESWIPE,1,32495,2,0,0,1,1,2,1,2,T intersection,3,60,Arterial Other,22-25,Other injury,Bicyclists
T20140026866,12/26/2014,8:00:00,3,Struck animal,6,Friday,167,STRUCK ANIMAL,1,280380,1,0,0,1,0,1,2,2,T intersection,3,100,Uknown,70+,Other injury,Bicyclists
T20140026878,12/26/2014,22:18:00,1,Collision with vehicle,6,Friday,163,VEHICLE STRIKES DOOR OF PARKED/STATIONARY VEHICLE,3,280360,2,0,0,2,0,2,1,5,Not at intersection,3,50,Arterial Other,22-25,Other injury,Bicyclists
T20140026898,12/27/2014,20:00:00,2,Struck Pedestrian,6,Saturday,106,VEH STRIKES PED ON FOOTPATH/MEDIAN/TRAFFIC ISLAND.,2,282194,1,0,0,1,1,2,1,2,T intersection,3,999,Arterial Highway,45424,Not injured,Bicyclists
T20140026914,12/28/2014,8:25:00,8,No collision and no object struck,1,Sunday,174,OUT OF CONTROL ON CARRIAGEWAY (ON STRAIGHT),1,42502,1,1,0,0,0,1,1,1,Cross intersection,1,50,Local Road,70+,Fatality,Bicyclists
T20140026921,12/27/2014,16:40:00,6,Vehicle overturned (no collision),7,Saturday,174,OUT OF CONTROL ON CARRIAGEWAY (ON STRAIGHT),1,280246,1,0,1,0,0,1,1,2,T intersection,2,80,Arterial Other,26-29,Serious injury,Bicyclists
T20140026936,12/28/2014,16:45:00,1,Collision with vehicle,1,Sunday,148,VEHICLE OFF FOOTPATH STRIKES VEH ON CARRIAGEWAY,1,280271,2,0,0,1,1,2,1,5,Not at intersection,3,50,Uknown,45424,Other injury,Bicyclists
T20140026942,12/28/2014,12:15:00,6,Vehicle overturned (no collision),1,Sunday,180,OFF CARRIAGEWAY ON RIGHT BEND,1,281045,2,0,0,1,1,2,1,5,Not at intersection,3,100,Arterial Other,30-39,Not injured,Bicyclists
T20140026947,12/28/2014,21:25:00,1,Collision with vehicle,1,Sunday,111,RIGHT FAR (INTERSECTIONS ONLY),5,15424,2,0,0,1,5,6,1,2,T intersection,3,60,Uknown,45424,Other injury,Bicyclists
T20140026978,12/28/2014,18:00:00,1,Collision with vehicle,0,Sunday,110,CROSS TRAFFIC(INTERSECTIONS ONLY),1,251441,2,0,0,1,1,2,2,1,Cross intersection,3,60,Local Road,30-39,Other injury,Bicyclists