ACCIDENT_NO,ACCIDENT_DATE,ACCIDENT_TIME,ACCIDENT_TYPE,ACCIDENT_TYPE_DESC,DAY_OF_WEEK,DAY_WEEK_DESC,DCA_CODE,DCA_DESC,LIGHT_CONDITION,NODE_ID,NO_OF_VEHICLES,NO_PERSONS_KILLED,NO_PERSONS_INJ_2,NO_PERSONS_INJ_3,NO_PERSONS_NOT_INJ,NO_PERSONS,POLICE_ATTEND,ROAD_GEOMETRY,ROAD_GEOMETRY_DESC,SEVERITY,SPEED_ZONE,RMA,AGE_GROUP,INJ_LEVEL,ROAD_USER_TYPE_DESC
T20140026985,12/29/2014,13:55:00,1,Collision with vehicle,2,Monday,163,VEHICLE STRIKES DOOR OF PARKED/STATIONARY VEHICLE,1,281349,3,0,0,1,2,3,1,5,Not at intersection,3,50,Arterial Highway,40-49,Other injury,Bicyclists
T20140027013,12/29/2014,13:00:00,1,Collision with vehicle,2,Monday,147,VEHICLE STRIKES ANOTHER VEH WHILE EMERGING FROM DRIVEWAY,1,280235,2,0,0,1,1,2,2,5,Not at intersection,3,60,Arterial Other,Unknown,Other injury,Bicyclists
T20140027017,12/29/2014,16:30:00,1,Collision with vehicle,1,Monday,163,VEHICLE STRIKES DOOR OF PARKED/STATIONARY VEHICLE,1,280886,2,0,0,1,1,2,2,2,T intersection,3,40,Local Road,40-49,Other injury,Bicyclists
T20140027044,12/17/2014,8:45:00,1,Collision with vehicle,4,Wednesday,130,REAR END(VEHICLES IN SAME LANE),1,280713,2,0,0,1,1,2,2,2,T intersection,3,999,Local Road,60-64,Other injury,Bicyclists
T20140027067,12/19/2014,18:00:00,1,Collision with vehicle,6,Friday,163,VEHICLE STRIKES DOOR OF PARKED/STATIONARY VEHICLE,9,280306,2,0,0,1,1,2,2,5,Not at intersection,3,999,Arterial Other,22-25,Other injury,Bicyclists
T20140027071,12/30/2014,15:06:00,1,Collision with vehicle,3,Tuesday,148,VEHICLE OFF FOOTPATH STRIKES VEH ON CARRIAGEWAY,1,29537,2,0,1,0,2,3,1,4,Multiple intersection,2,50,Arterial Other,45424,Serious injury,Bicyclists
T20140027073,12/18/2014,7:30:00,1,Collision with vehicle,5,Thursday,110,CROSS TRAFFIC(INTERSECTIONS ONLY),1,42726,2,0,0,1,1,2,2,1,Cross intersection,3,50,Local Road,50-59,Other injury,Bicyclists
T20140027091,12/30/2014,23:45:00,1,Collision with vehicle,2,Tuesday,133,LANE SIDE SWIPE (VEHICLES IN PARALLEL LANES),5,281041,2,0,0,1,0,1,1,5,Not at intersection,3,100,Arterial Other,50-59,Other injury,Bicyclists
T20140027098,12/18/2014,10:30:00,1,Collision with vehicle,5,Thursday,147,VEHICLE STRIKES ANOTHER VEH WHILE EMERGING FROM DRIVEWAY,1,280620,2,0,1,0,1,2,2,5,Not at intersection,2,999,Arterial Highway,50-59,Serious injury,Bicyclists
T20140027114,12/31/2014,10:45:00,1,Collision with vehicle,4,Wednesday,147,VEHICLE STRIKES ANOTHER VEH WHILE EMERGING FROM DRIVEWAY,1,280506,2,0,1,0,1,2,1,5,Not at intersection,2,50,Uknown,60-64,Serious injury,Bicyclists
T20140027134,11/14/2014,16:30:00,8,No collision and no object struck,6,Friday,180,OFF CARRIAGEWAY ON RIGHT BEND,1,280321,1,0,1,0,0,1,2,5,Not at intersection,2,999,Arterial Other,40-49,Serious injury,Bicyclists
T20150000064,12/31/2014,8:00:00,1,Collision with vehicle,4,Wednesday,143,ENTERING PARKING,1,40133,2,0,0,1,1,2,2,2,T intersection,3,40,Local Road,30-39,Other injury,Bicyclists
T20150000067,1/1/2015,18:10:00,1,Collision with vehicle,5,Thursday,112,LEFT FAR (INTERSECTIONS ONLY),1,280320,2,0,0,1,1,2,1,2,T intersection,3,777,Uknown,45424,Other injury,Bicyclists
T20150000079,12/31/2014,17:50:00,1,Collision with vehicle,4,Wednesday,121,RIGHT THROUGH,1,126212,2,0,1,0,1,2,2,5,Not at intersection,2,40,Local Road,30-39,Serious injury,Bicyclists
T20150000093,1/2/2015,12:05:00,8,No collision and no object struck,6,Friday,174,OUT OF CONTROL ON CARRIAGEWAY (ON STRAIGHT),9,36940,2,0,0,1,1,2,2,1,Cross intersection,3,60,Local Road,26-29,Other injury,Bicyclists
T20150000096,1/2/2015,16:55:00,1,Collision with vehicle,6,Friday,163,VEHICLE STRIKES DOOR OF PARKED/STATIONARY VEHICLE,1,281773,2,0,0,1,1,2,1,5,Not at intersection,3,60,Arterial Other,26-29,Other injury,Bicyclists
T20150000156,1/2/2015,21:00:00,6,Vehicle overturned (no collision),6,Friday,170,OFF CARRIAGEWAY TO LEFT,2,280598,1,0,0,1,0,1,1,2,T intersection,3,60,Arterial Highway,40-49,Other injury,Bicyclists
T20150000184,1/4/2015,9:25:00,1,Collision with vehicle,1,Sunday,151,OUT OF CONTROL (OVERTAKING),1,280359,2,0,1,0,1,2,1,5,Not at intersection,2,60,Arterial Other,50-59,Serious injury,Bicyclists
T20150000208,1/4/2015,17:30:00,1,Collision with vehicle,1,Sunday,110,CROSS TRAFFIC(INTERSECTIONS ONLY),1,40406,2,0,1,0,0,1,2,1,Cross intersection,2,50,Arterial Other,22-25,Serious injury,Bicyclists
T20150000221,1/4/2015,19:50:00,1,Collision with vehicle,0,Sunday,116,LEFT NEAR (INTERSECTIONS ONLY),5,29858,2,0,0,1,1,2,1,1,Cross intersection,3,60,Freeway,30-39,Other injury,Bicyclists
T20150000270,1/5/2015,17:00:00,1,Collision with vehicle,2,Monday,163,VEHICLE STRIKES DOOR OF PARKED/STATIONARY VEHICLE,1,280540,2,0,0,1,1,2,2,5,Not at intersection,3,40,Local Road,30-39,Other injury,Bicyclists
T20150000299,1/6/2015,10:55:00,1,Collision with vehicle,2,Tuesday,133,LANE SIDE SWIPE (VEHICLES IN PARALLEL LANES),1,280450,2,0,0,1,1,2,1,2,T intersection,3,40,Local Road,22-25,Other injury,Bicyclists
T20150000313,1/2/2015,13:30:00,1,Collision with vehicle,5,Friday,110,CROSS TRAFFIC(INTERSECTIONS ONLY),1,44411,2,0,0,1,1,2,2,1,Cross intersection,3,60,Local Road,26-29,Other injury,Bicyclists
T20150000320,1/4/2015,23:30:00,1,Collision with vehicle,1,Sunday,163,VEHICLE STRIKES DOOR OF PARKED/STATIONARY VEHICLE,3,280449,2,0,0,1,1,2,2,5,Not at intersection,3,50,Local Road,22-25,Other injury,Bicyclists
T20150000353,1/6/2015,17:10:00,4,Collision with a fixed object,3,Tuesday,179,OTHER ACCIDENTS-OFF STRAIGHT NOT INCLUDED IN DCAs 170-175,1,280601,1,0,0,1,0,1,1,5,Not at intersection,3,999,Arterial Other,45424,Other injury,Bicyclists
T20150000377,12/31/2014,11:25:00,1,Collision with vehicle,4,Wednesday,137,LEFT TURN SIDESWIPE,1,281183,2,0,0,1,1,2,1,5,Not at intersection,3,40,Local Road,40-49,Other injury,Bicyclists
T20150000381,1/7/2015,11:45:00,1,Collision with vehicle,4,Wednesday,116,LEFT NEAR (INTERSECTIONS ONLY),1,282306,2,0,0,1,1,2,1,2,T intersection,3,60,Arterial Other,26-29,Other injury,Bicyclists
T20150000388,1/7/2015,10:00:00,1,Collision with vehicle,4,Wednesday,147,VEHICLE STRIKES ANOTHER VEH WHILE EMERGING FROM DRIVEWAY,1,281196,2,0,1,0,1,2,1,5,Not at intersection,2,60,Arterial Highway,50-59,Serious injury,Bicyclists
T20150000415,1/7/2015,19:00:00,1,Collision with vehicle,4,Wednesday,113,RIGHT NEAR (INTERSECTIONS ONLY),2,281660,2,0,1,0,0,1,1,2,T intersection,2,50,Local Road,45424,Serious injury,Bicyclists
T20150000526,1/9/2015,7:55:00,1,Collision with vehicle,6,Friday,110,CROSS TRAFFIC(INTERSECTIONS ONLY),1,68624,2,0,0,1,1,2,1,1,Cross intersection,3,50,Local Road,65-69,Other injury,Bicyclists
T20150000529,1/8/2015,15:25:00,1,Collision with vehicle,5,Thursday,137,LEFT TURN SIDESWIPE,1,45686,2,0,1,0,1,2,2,4,Multiple intersection,2,999,Arterial Other,30-39,Serious injury,Bicyclists
T20150000533,12/22/2014,8:30:00,6,Vehicle overturned (no collision),1,Monday,174,OUT OF CONTROL ON CARRIAGEWAY (ON STRAIGHT),1,280541,2,0,1,0,0,1,2,5,Not at intersection,2,60,Arterial Other,26-29,Serious injury,Bicyclists
T20150000542,1/8/2015,19:00:00,1,Collision with vehicle,5,Thursday,130,REAR END(VEHICLES IN SAME LANE),2,32340,2,0,0,1,1,2,2,1,Cross intersection,3,60,Arterial Highway,30-39,Other injury,Bicyclists
T20150000572,1/9/2015,15:20:00,1,Collision with vehicle,6,Friday,147,VEHICLE STRIKES ANOTHER VEH WHILE EMERGING FROM DRIVEWAY,1,295673,2,0,0,1,1,2,1,5,Not at intersection,3,50,Local Road,30-39,Other injury,Bicyclists
T20150000589,1/9/2015,20:45:00,1,Collision with vehicle,6,Friday,111,RIGHT FAR (INTERSECTIONS ONLY),3,38732,2,0,1,0,3,4,1,1,Cross intersection,2,50,Uknown,30-39,Serious injury,Bicyclists
T20150000599,1/10/2015,0:30:00,8,No collision and no object struck,7,Saturday,175,OFF END OF ROAD/T-INTERSECTION.,6,41783,1,0,0,1,0,1,1,2,T intersection,3,70,Local Road,50-59,Other injury,Bicyclists
T20150000688,1/11/2015,13:20:00,1,Collision with vehicle,1,Sunday,147,VEHICLE STRIKES ANOTHER VEH WHILE EMERGING FROM DRIVEWAY,1,280734,2,0,1,0,1,2,1,5,Not at intersection,2,50,Arterial Highway,40-49,Serious injury,Bicyclists
T20150000725,1/9/2015,7:25:00,1,Collision with vehicle,6,Friday,140,U TURN,1,270088,2,0,0,1,1,2,2,5,Not at intersection,3,40,Local Road,40-49,Other injury,Bicyclists
T20150000735,1/12/2015,7:45:00,1,Collision with vehicle,2,Monday,110,CROSS TRAFFIC(INTERSECTIONS ONLY),1,29881,2,0,1,0,1,2,1,4,Multiple intersection,2,50,Local Road,30-39,Serious injury,Bicyclists
T20150000737,1/12/2015,7:15:00,1,Collision with vehicle,2,Monday,130,REAR END(VEHICLES IN SAME LANE),1,289274,2,0,0,1,1,2,1,5,Not at intersection,3,60,Arterial Other,40-49,Other injury,Bicyclists
T20150000740,1/12/2015,10:30:00,1,Collision with vehicle,1,Monday,121,RIGHT THROUGH,1,246201,2,0,0,1,1,2,1,2,T intersection,3,60,Arterial Highway,60-64,Other injury,Bicyclists
T20150000753,8/31/2014,8:00:00,6,Vehicle overturned (no collision),1,Sunday,170,OFF CARRIAGEWAY TO LEFT,1,280992,1,0,1,0,0,1,2,5,Not at intersection,2,100,Arterial Other,50-59,Serious injury,Bicyclists
T20150000780,1/12/2015,17:25:00,1,Collision with vehicle,2,Monday,148,VEHICLE OFF FOOTPATH STRIKES VEH ON CARRIAGEWAY,1,57518,2,0,0,1,1,2,1,1,Cross intersection,3,60,Arterial Highway,30-39,Other injury,Bicyclists
T20150000782,1/12/2015,18:00:00,1,Collision with vehicle,2,Monday,163,VEHICLE STRIKES DOOR OF PARKED/STATIONARY VEHICLE,1,280813,2,0,1,0,2,3,1,5,Not at intersection,2,40,Arterial Other,50-59,Serious injury,Bicyclists
T20150000784,1/1/2015,17:50:00,1,Collision with vehicle,5,Thursday,163,VEHICLE STRIKES DOOR OF PARKED/STATIONARY VEHICLE,1,289730,2,0,0,1,1,2,2,5,Not at intersection,3,50,Arterial Highway,40-49,Other injury,Bicyclists
T20150000794,1/12/2015,17:15:00,1,Collision with vehicle,2,Monday,137,LEFT TURN SIDESWIPE,1,287520,2,0,0,1,1,2,2,5,Not at intersection,3,60,Local Road,26-29,Other injury,Bicyclists
T20150000795,1/12/2015,18:50:00,1,Collision with vehicle,2,Monday,121,RIGHT THROUGH,1,534,2,0,0,1,1,2,1,1,Cross intersection,3,70,Arterial Other,50-59,Other injury,Bicyclists
T20150000808,1/12/2015,16:00:00,1,Collision with vehicle,2,Monday,130,REAR END(VEHICLES IN SAME LANE),1,281008,2,0,1,0,5,6,1,4,Multiple intersection,2,80,Arterial Other,40-49,Serious injury,Bicyclists
T20150000825,1/7/2015,10:30:00,1,Collision with vehicle,4,Wednesday,147,VEHICLE STRIKES ANOTHER VEH WHILE EMERGING FROM DRIVEWAY,1,282755,2,0,0,1,1,2,2,5,Not at intersection,3,999,Uknown,60-64,Other injury,Bicyclists
T20150000835,1/7/2015,11:15:00,8,No collision and no object struck,4,Wednesday,170,OFF CARRIAGEWAY TO LEFT,1,280898,2,0,1,0,0,1,2,5,Not at intersection,2,50,Local Road,40-49,Serious injury,Bicyclists
T20150000861,12/9/2014,21:30:00,1,Collision with vehicle,3,Tuesday,163,VEHICLE STRIKES DOOR OF PARKED/STATIONARY VEHICLE,3,282841,2,0,0,1,1,2,2,5,Not at intersection,3,40,Local Road,26-29,Other injury,Bicyclists
T20150000876,1/13/2015,17:35:00,1,Collision with vehicle,2,Tuesday,136,RIGHT TURN SIDESWIPE,1,39216,2,0,0,1,1,2,1,1,Cross intersection,3,60,Local Road,22-25,Other injury,Bicyclists
T20150000958,1/14/2015,14:58:00,1,Collision with vehicle,4,Wednesday,133,LANE SIDE SWIPE (VEHICLES IN PARALLEL LANES),1,293017,2,0,1,0,0,1,1,5,Not at intersection,2,80,Local Road,40-49,Serious injury,Bicyclists
T20150000991,1/14/2015,13:30:00,1,Collision with vehicle,4,Wednesday,121,RIGHT THROUGH,1,39235,2,0,0,1,1,2,1,2,T intersection,3,60,Arterial Other,30-39,Other injury,Bicyclists
T20150000995,1/15/2015,7:45:00,1,Collision with vehicle,4,Thursday,111,RIGHT FAR (INTERSECTIONS ONLY),1,41413,2,0,0,1,1,2,1,1,Cross intersection,3,60,Local Road,26-29,Other injury,Bicyclists
T20150001009,1/15/2015,8:40:00,1,Collision with vehicle,5,Thursday,110,CROSS TRAFFIC(INTERSECTIONS ONLY),1,42350,2,0,1,0,1,2,1,1,Cross intersection,2,60,Uknown,40-49,Serious injury,Bicyclists
T20150001011,1/15/2015,8:45:00,1,Collision with vehicle,5,Thursday,121,RIGHT THROUGH,1,65471,2,0,1,0,2,3,1,1,Cross intersection,2,50,Local Road,26-29,Serious injury,Bicyclists
T20150001036,1/3/2015,7:10:00,1,Collision with vehicle,7,Saturday,160,VEHICLE COLLIDES WITH VEHICLE PARKED ON LEFT OF ROAD,1,280926,2,0,0,1,1,2,2,5,Not at intersection,3,60,Arterial Other,26-29,Other injury,Bicyclists
T20150001044,1/15/2015,16:15:00,1,Collision with vehicle,5,Thursday,121,RIGHT THROUGH,1,22519,2,0,0,1,1,2,1,1,Cross intersection,3,60,Arterial Other,18-21,Other injury,Bicyclists
T20150001126,1/16/2015,14:30:00,1,Collision with vehicle,6,Friday,113,RIGHT NEAR (INTERSECTIONS ONLY),1,45694,2,0,0,1,1,2,2,2,T intersection,3,80,Arterial Other,30-39,Other injury,Bicyclists
T20150001159,1/12/2015,19:00:00,1,Collision with vehicle,2,Monday,130,REAR END(VEHICLES IN SAME LANE),2,281253,2,0,1,0,1,2,1,5,Not at intersection,2,40,Local Road,30-39,Serious injury,Bicyclists
T20150001188,1/17/2015,10:55:00,1,Collision with vehicle,7,Saturday,116,LEFT NEAR (INTERSECTIONS ONLY),1,29793,2,0,0,1,1,2,1,2,T intersection,3,50,Arterial Other,26-29,Other injury,Bicyclists
T20150001192,1/17/2015,9:30:00,1,Collision with vehicle,7,Saturday,148,VEHICLE OFF FOOTPATH STRIKES VEH ON CARRIAGEWAY,1,39879,2,0,0,1,1,2,1,2,T intersection,3,50,Local Road,60-64,Other injury,Bicyclists
T20150001199,1/17/2015,12:30:00,1,Collision with vehicle,7,Saturday,121,RIGHT THROUGH,1,35951,2,0,0,1,1,2,2,2,T intersection,3,50,Arterial Other,30-39,Other injury,Bicyclists
T20150001223,1/17/2015,14:30:00,1,Collision with vehicle,7,Saturday,121,RIGHT THROUGH,9,287500,2,0,0,1,1,2,2,5,Not at intersection,3,999,Arterial Highway,26-29,Other injury,Bicyclists
T20150001266,1/19/2015,5:20:00,1,Collision with vehicle,1,Monday,147,VEHICLE STRIKES ANOTHER VEH WHILE EMERGING FROM DRIVEWAY,6,281239,2,0,0,1,1,2,2,5,Not at intersection,3,60,Uknown,22-25,Other injury,Bicyclists
T20150001286,1/19/2015,10:10:00,1,Collision with vehicle,2,Monday,110,CROSS TRAFFIC(INTERSECTIONS ONLY),1,52507,2,0,0,1,1,2,1,1,Cross intersection,3,60,Arterial Other,60-64,Other injury,Bicyclists
T20150001294,1/12/2015,8:30:00,1,Collision with vehicle,2,Monday,116,LEFT NEAR (INTERSECTIONS ONLY),1,48192,2,0,0,1,1,2,2,2,T intersection,3,60,Local Road,30-39,Other injury,Bicyclists
T20150001308,1/5/2015,17:24:00,1,Collision with vehicle,2,Monday,147,VEHICLE STRIKES ANOTHER VEH WHILE EMERGING FROM DRIVEWAY,1,282072,2,0,1,0,1,2,1,5,Not at intersection,2,888,Local Road,45424,Serious injury,Bicyclists
T20150001312,11/3/2014,6:45:00,8,No collision and no object struck,2,Monday,174,OUT OF CONTROL ON CARRIAGEWAY (ON STRAIGHT),9,44393,1,0,0,1,0,1,2,1,Cross intersection,3,50,Arterial Other,50-59,Other injury,Bicyclists
T20150001320,1/19/2015,17:45:00,1,Collision with vehicle,2,Monday,137,LEFT TURN SIDESWIPE,1,29379,2,0,1,0,1,2,1,2,T intersection,2,80,Freeway,50-59,Serious injury,Bicyclists
T20150001333,1/19/2015,19:30:00,1,Collision with vehicle,2,Monday,137,LEFT TURN SIDESWIPE,2,90,2,0,0,1,1,2,2,1,Cross intersection,3,999,Local Road,30-39,Other injury,Bicyclists
T20150001338,1/19/2015,17:50:00,1,Collision with vehicle,1,Monday,135,LANE CHANGE LEFT (NOT OVERTAKING),1,282815,2,0,0,1,1,2,1,5,Not at intersection,3,50,Local Road,40-49,Other injury,Bicyclists
T20150001340,1/19/2015,18:30:00,1,Collision with vehicle,2,Monday,137,LEFT TURN SIDESWIPE,1,1161,2,0,0,1,1,2,2,2,T intersection,3,999,Arterial Other,40-49,Other injury,Bicyclists
T20150001345,1/19/2015,20:11:00,1,Collision with vehicle,2,Monday,148,VEHICLE OFF FOOTPATH STRIKES VEH ON CARRIAGEWAY,2,35855,2,0,1,0,1,2,1,1,Cross intersection,2,60,Local Road,40-49,Serious injury,Bicyclists
T20150001359,1/20/2015,10:00:00,1,Collision with vehicle,3,Tuesday,110,CROSS TRAFFIC(INTERSECTIONS ONLY),1,43996,2,0,1,0,1,2,1,1,Cross intersection,2,90,Arterial Other,50-59,Serious injury,Bicyclists
T20150001369,1/20/2015,12:30:00,1,Collision with vehicle,3,Tuesday,160,VEHICLE COLLIDES WITH VEHICLE PARKED ON LEFT OF ROAD,1,321,2,0,1,0,1,2,1,5,Not at intersection,2,40,Freeway,30-39,Serious injury,Bicyclists
T20150001384,1/20/2015,15:33:00,1,Collision with vehicle,3,Tuesday,110,CROSS TRAFFIC(INTERSECTIONS ONLY),1,49384,2,0,1,0,2,3,1,1,Cross intersection,2,60,Arterial Highway,16-17,Serious injury,Bicyclists
T20150001395,1/20/2015,7:55:00,1,Collision with vehicle,3,Tuesday,121,RIGHT THROUGH,1,35456,2,0,0,1,1,2,2,1,Cross intersection,3,40,Arterial Other,40-49,Other injury,Bicyclists
T20150001399,1/20/2015,20:15:00,1,Collision with vehicle,2,Tuesday,116,LEFT NEAR (INTERSECTIONS ONLY),2,37491,2,0,0,1,1,2,1,1,Cross intersection,3,60,Arterial Other,30-39,Other injury,Bicyclists
T20150001409,1/14/2015,13:45:00,2,Struck Pedestrian,4,Wednesday,106,VEH STRIKES PED ON FOOTPATH/MEDIAN/TRAFFIC ISLAND.,1,281327,1,0,0,1,1,2,2,5,Not at intersection,3,40,Arterial Other,22-25,Not injured,Bicyclists
T20150001421,12/17/2014,17:50:00,1,Collision with vehicle,4,Wednesday,147,VEHICLE STRIKES ANOTHER VEH WHILE EMERGING FROM DRIVEWAY,1,281168,2,0,0,1,0,1,2,5,Not at intersection,3,60,Local Road,30-39,Other injury,Bicyclists
T20150001426,1/21/2015,10:30:00,1,Collision with vehicle,4,Wednesday,119,OTHER ADJACENT (INTERSECTIONS ONLY),1,61591,2,0,0,1,0,1,1,2,T intersection,3,50,Arterial Other,16-17,Other injury,Bicyclists
T20150001429,1/6/2015,18:00:00,1,Collision with vehicle,3,Tuesday,163,VEHICLE STRIKES DOOR OF PARKED/STATIONARY VEHICLE,9,289590,2,0,0,1,1,2,9,5,Not at intersection,3,50,Local Road,22-25,Other injury,Bicyclists
T20150001434,1/13/2015,17:10:00,1,Collision with vehicle,3,Tuesday,148,VEHICLE OFF FOOTPATH STRIKES VEH ON CARRIAGEWAY,1,281184,2,0,0,1,1,2,1,5,Not at intersection,3,50,Local Road,45424,Other injury,Bicyclists
T20150001446,1/21/2015,13:56:00,8,No collision and no object struck,4,Wednesday,174,OUT OF CONTROL ON CARRIAGEWAY (ON STRAIGHT),1,281190,1,0,1,0,0,1,1,5,Not at intersection,2,40,Arterial Other,22-25,Serious injury,Bicyclists
T20150001469,1/21/2015,6:30:00,1,Collision with vehicle,4,Wednesday,116,LEFT NEAR (INTERSECTIONS ONLY),1,45428,2,0,0,1,1,2,1,2,T intersection,3,50,Arterial Other,40-49,Other injury,Bicyclists
T20150001471,1/21/2015,23:00:00,1,Collision with vehicle,4,Wednesday,147,VEHICLE STRIKES ANOTHER VEH WHILE EMERGING FROM DRIVEWAY,3,281194,2,0,1,0,1,2,1,5,Not at intersection,2,50,Local Road,13-15,Serious injury,Bicyclists
T20150001473,12/19/2014,21:11:00,8,No collision and no object struck,6,Friday,174,OUT OF CONTROL ON CARRIAGEWAY (ON STRAIGHT),9,287211,2,0,0,1,0,1,2,5,Not at intersection,3,60,Arterial Other,30-39,Other injury,Bicyclists
T20150001493,1/22/2015,9:24:00,1,Collision with vehicle,5,Thursday,113,RIGHT NEAR (INTERSECTIONS ONLY),1,281862,2,0,0,1,2,3,1,2,T intersection,3,80,Uknown,40-49,Other injury,Bicyclists
T20150001495,1/22/2015,8:42:00,1,Collision with vehicle,5,Thursday,136,RIGHT TURN SIDESWIPE,1,278920,2,0,1,0,1,2,1,4,Multiple intersection,2,70,Local Road,65-69,Serious injury,Bicyclists
T20150001519,1/21/2015,19:00:00,1,Collision with vehicle,4,Wednesday,133,LANE SIDE SWIPE (VEHICLES IN PARALLEL LANES),2,281446,2,0,0,1,1,2,2,5,Not at intersection,3,60,Local Road,26-29,Other injury,Bicyclists
T20150001533,1/21/2015,7:25:00,1,Collision with vehicle,4,Wednesday,133,LANE SIDE SWIPE (VEHICLES IN PARALLEL LANES),1,29430,2,0,0,1,0,1,2,1,Cross intersection,3,60,Local Road,30-39,Other injury,Bicyclists
T20150001544,1/22/2015,18:20:00,1,Collision with vehicle,4,Thursday,148,VEHICLE OFF FOOTPATH STRIKES VEH ON CARRIAGEWAY,1,44057,2,0,0,1,1,2,2,1,Cross intersection,3,50,Local Road,22-25,Other injury,Bicyclists
T20150001549,1/22/2015,18:50:00,1,Collision with vehicle,5,Thursday,121,RIGHT THROUGH,1,37525,2,0,0,1,1,2,1,2,T intersection,3,60,Arterial Other,40-49,Other injury,Bicyclists
T20150001590,9/20/2014,0:09:00,8,No collision and no object struck,7,Saturday,174,OUT OF CONTROL ON CARRIAGEWAY (ON STRAIGHT),3,281243,1,0,0,1,0,1,1,5,Not at intersection,3,50,Local Road,40-49,Other injury,Bicyclists
T20150001657,1/24/2015,8:05:00,1,Collision with vehicle,7,Saturday,163,VEHICLE STRIKES DOOR OF PARKED/STATIONARY VEHICLE,1,281254,3,0,0,2,1,3,1,5,Not at intersection,3,60,Arterial Other,40-49,Other injury,Bicyclists
T20150001681,1/24/2015,12:30:00,1,Collision with vehicle,7,Saturday,160,VEHICLE COLLIDES WITH VEHICLE PARKED ON LEFT OF ROAD,1,281280,2,0,0,1,0,1,2,5,Not at intersection,3,60,Arterial Other,18-21,Other injury,Bicyclists
T20150001739,1/25/2015,13:50:00,8,No collision and no object struck,1,Sunday,174,OUT OF CONTROL ON CARRIAGEWAY (ON STRAIGHT),1,252788,2,0,0,1,2,3,1,5,Not at intersection,3,30,Local Road,26-29,Other injury,Bicyclists
T20150001740,1/25/2015,13:40:00,1,Collision with vehicle,1,Sunday,137,LEFT TURN SIDESWIPE,1,44823,2,0,0,1,1,2,1,2,T intersection,3,60,Arterial Other,26-29,Other injury,Bicyclists
T20150001767,1/25/2015,21:46:00,1,Collision with vehicle,1,Sunday,121,RIGHT THROUGH,3,45093,2,0,1,0,1,2,1,2,T intersection,2,50,Local Road,50-59,Serious injury,Bicyclists
T20150001788,1/17/2015,21:20:00,1,Collision with vehicle,7,Saturday,130,REAR END(VEHICLES IN SAME LANE),3,281345,2,0,0,1,1,2,2,5,Not at intersection,3,999,Local Road,16-17,Other injury,Bicyclists
T20150001791,1/17/2015,8:15:00,8,No collision and no object struck,7,Saturday,174,OUT OF CONTROL ON CARRIAGEWAY (ON STRAIGHT),1,57610,2,0,1,0,0,1,1,2,T intersection,2,60,Arterial Other,30-39,Serious injury,Bicyclists
T20150001850,1/23/2015,16:45:00,1,Collision with vehicle,6,Friday,137,LEFT TURN SIDESWIPE,1,35989,2,0,0,1,0,1,2,1,Cross intersection,3,40,Local Road,22-25,Other injury,Bicyclists
T20150001873,1/23/2015,19:30:00,8,No collision and no object struck,6,Friday,174,OUT OF CONTROL ON CARRIAGEWAY (ON STRAIGHT),9,37512,2,0,0,1,0,1,2,2,T intersection,3,80,Arterial Other,30-39,Other injury,Bicyclists
T20150001908,1/27/2015,22:20:00,1,Collision with vehicle,3,Tuesday,134,LANE CHANGE RIGHT (NOT OVERTAKING),3,38721,2,0,1,0,0,1,2,5,Not at intersection,2,999,Arterial Highway,18-21,Serious injury,Bicyclists
T20150001916,1/28/2015,8:30:00,1,Collision with vehicle,3,Wednesday,110,CROSS TRAFFIC(INTERSECTIONS ONLY),1,36629,2,0,0,1,1,2,1,1,Cross intersection,3,40,Local Road,26-29,Other injury,Bicyclists
T20150001922,1/28/2015,8:35:00,1,Collision with vehicle,4,Wednesday,148,VEHICLE OFF FOOTPATH STRIKES VEH ON CARRIAGEWAY,1,281449,2,1,0,0,1,2,1,5,Not at intersection,1,50,Arterial Highway,70+,Fatality,Bicyclists
T20150001926,1/28/2015,9:13:00,1,Collision with vehicle,4,Wednesday,163,VEHICLE STRIKES DOOR OF PARKED/STATIONARY VEHICLE,1,282583,2,0,0,1,2,3,1,5,Not at intersection,3,40,Arterial Other,30-39,Other injury,Bicyclists
T20150001927,1/28/2015,12:45:00,1,Collision with vehicle,4,Wednesday,147,VEHICLE STRIKES ANOTHER VEH WHILE EMERGING FROM DRIVEWAY,1,281519,2,0,0,1,1,2,1,5,Not at intersection,3,60,Local Road,45424,Other injury,Bicyclists
T20150001949,1/28/2015,15:45:00,1,Collision with vehicle,4,Wednesday,150,HEAD ON(OVERTAKING),1,281461,2,0,1,0,1,2,1,5,Not at intersection,2,50,Arterial Other,40-49,Serious injury,Bicyclists
T20150001962,1/28/2015,18:35:00,1,Collision with vehicle,4,Wednesday,133,LANE SIDE SWIPE (VEHICLES IN PARALLEL LANES),1,281474,2,0,1,0,0,1,1,5,Not at intersection,2,70,Arterial Other,40-49,Serious injury,Bicyclists
T20150001968,1/28/2015,19:16:00,1,Collision with vehicle,4,Wednesday,116,LEFT NEAR (INTERSECTIONS ONLY),2,41733,2,0,0,1,1,2,1,2,T intersection,3,60,Arterial Other,30-39,Other injury,Bicyclists