ACCIDENT_NO,ACCIDENT_DATE,ACCIDENT_TIME,ACCIDENT_TYPE,ACCIDENT_TYPE_DESC,DAY_OF_WEEK,DAY_WEEK_DESC,DCA_CODE,DCA_DESC,LIGHT_CONDITION,NODE_ID,NO_OF_VEHICLES,NO_PERSONS_KILLED,NO_PERSONS_INJ_2,NO_PERSONS_INJ_3,NO_PERSONS_NOT_INJ,NO_PERSONS,POLICE_ATTEND,ROAD_GEOMETRY,ROAD_GEOMETRY_DESC,SEVERITY,SPEED_ZONE,RMA,AGE_GROUP,INJ_LEVEL,ROAD_USER_TYPE_DESC
T20150002019,1/24/2015,2:00:00,8,No collision and no object struck,7,Saturday,174,OUT OF CONTROL ON CARRIAGEWAY (ON STRAIGHT),9,62431,1,0,0,1,0,1,2,2,T intersection,3,50,Local Road,26-29,Other injury,Bicyclists
T20150002022,10/30/2014,16:10:00,1,Collision with vehicle,5,Thursday,121,RIGHT THROUGH,1,48589,2,0,0,1,1,2,2,3,Y intersection,3,50,Local Road,30-39,Other injury,Bicyclists
T20150002031,1/29/2015,17:00:00,1,Collision with vehicle,5,Thursday,137,LEFT TURN SIDESWIPE,1,282480,2,0,1,0,1,2,1,1,Cross intersection,2,80,Arterial Highway,65-69,Serious injury,Bicyclists
T20150002037,1/29/2015,18:25:00,1,Collision with vehicle,4,Thursday,142,LEAVING PARKING,1,281543,2,0,0,1,0,1,2,5,Not at intersection,3,40,Local Road,50-59,Other injury,Bicyclists
T20150002072,1/4/2015,11:02:00,1,Collision with vehicle,1,Sunday,163,VEHICLE STRIKES DOOR OF PARKED/STATIONARY VEHICLE,1,164754,3,0,1,1,1,3,1,5,Not at intersection,2,50,Arterial Highway,50-59,Other injury,Bicyclists
T20150002074,1/30/2015,8:00:00,1,Collision with vehicle,5,Friday,140,U TURN,1,50959,2,0,0,1,1,2,1,2,T intersection,3,60,Arterial Highway,70+,Other injury,Bicyclists
T20150002087,1/30/2015,8:28:00,1,Collision with vehicle,5,Friday,121,RIGHT THROUGH,1,178,2,0,0,1,1,2,1,2,T intersection,3,50,Local Road,26-29,Other injury,Bicyclists
T20150002088,1/30/2015,8:17:00,1,Collision with vehicle,6,Friday,133,LANE SIDE SWIPE (VEHICLES IN PARALLEL LANES),1,282561,2,0,1,0,0,1,1,5,Not at intersection,2,50,Local Road,26-29,Serious injury,Bicyclists
T20150002094,1/30/2015,7:40:00,8,No collision and no object struck,6,Friday,184,OUT OF CONTROL ON CARRIAGEWAY (ON BEND),1,150182,1,0,1,0,0,1,1,5,Not at intersection,2,80,Uknown,65-69,Serious injury,Bicyclists
T20150002126,1/30/2015,9:45:00,1,Collision with vehicle,5,Friday,121,RIGHT THROUGH,1,38890,2,0,0,1,0,1,2,1,Cross intersection,3,999,Arterial Other,22-25,Other injury,Bicyclists
T20150002176,1/31/2015,19:00:00,1,Collision with vehicle,7,Saturday,160,VEHICLE COLLIDES WITH VEHICLE PARKED ON LEFT OF ROAD,2,281685,2,0,0,1,0,1,2,5,Not at intersection,3,999,Local Road,13-15,Other injury,Bicyclists
T20150002184,1/31/2015,16:45:00,1,Collision with vehicle,7,Saturday,137,LEFT TURN SIDESWIPE,9,40074,2,0,0,1,1,2,2,1,Cross intersection,3,60,Local Road,Unknown,Other injury,Bicyclists
T20150002199,1/29/2015,18:10:00,1,Collision with vehicle,5,Thursday,116,LEFT NEAR (INTERSECTIONS ONLY),1,40540,2,0,0,1,1,2,9,2,T intersection,3,60,Local Road,40-49,Other injury,Bicyclists
T20150002219,2/1/2015,11:26:00,1,Collision with vehicle,1,Sunday,136,RIGHT TURN SIDESWIPE,1,36110,2,0,0,2,0,2,1,1,Cross intersection,3,60,Local Road,26-29,Other injury,Bicyclists
T20150002228,1/31/2015,17:43:00,1,Collision with vehicle,7,Saturday,148,VEHICLE OFF FOOTPATH STRIKES VEH ON CARRIAGEWAY,1,281665,2,0,1,0,1,2,1,5,Not at intersection,2,60,Local Road,30-39,Serious injury,Bicyclists
T20150002229,2/1/2015,15:45:00,1,Collision with vehicle,1,Sunday,120,HEAD ON (NOT OVERTAKING),1,282457,2,0,1,0,1,2,1,5,Not at intersection,2,80,Uknown,50-59,Serious injury,Bicyclists
T20150002327,2/3/2015,7:53:00,1,Collision with vehicle,3,Tuesday,121,RIGHT THROUGH,2,35395,2,0,0,1,1,2,1,2,T intersection,3,60,Arterial Other,30-39,Other injury,Bicyclists
T20150002331,9/5/2014,14:00:00,1,Collision with vehicle,6,Friday,121,RIGHT THROUGH,1,227971,2,0,0,1,1,2,2,2,T intersection,3,40,Arterial Other,26-29,Other injury,Bicyclists
T20150002353,2/1/2015,10:00:00,3,Struck animal,1,Sunday,167,STRUCK ANIMAL,1,281788,1,0,0,1,0,1,2,5,Not at intersection,3,100,Uknown,60-64,Other injury,Bicyclists
T20150002358,2/3/2015,15:50:00,1,Collision with vehicle,2,Tuesday,121,RIGHT THROUGH,1,42214,2,0,0,1,1,2,1,2,T intersection,3,70,Arterial Other,50-59,Other injury,Bicyclists
T20150002381,2/3/2015,17:14:00,1,Collision with vehicle,3,Tuesday,114,TWO RIGHT TURNING (INTERSECTIONS ONLY),1,45116,2,0,0,1,1,2,1,2,T intersection,3,60,Local Road,26-29,Other injury,Bicyclists
T20150002398,1/24/2015,10:00:00,1,Collision with vehicle,7,Saturday,137,LEFT TURN SIDESWIPE,1,41066,2,0,0,1,1,2,2,1,Cross intersection,3,60,Arterial Other,18-21,Other injury,Bicyclists
T20150002409,2/4/2015,8:30:00,1,Collision with vehicle,4,Wednesday,121,RIGHT THROUGH,1,41227,2,0,0,1,1,2,1,2,T intersection,3,60,Arterial Other,30-39,Other injury,Bicyclists
T20150002420,2/4/2015,6:30:00,1,Collision with vehicle,4,Wednesday,110,CROSS TRAFFIC(INTERSECTIONS ONLY),2,35358,2,0,0,1,1,2,2,1,Cross intersection,3,40,Local Road,30-39,Other injury,Bicyclists
T20150002422,2/4/2015,8:30:00,1,Collision with vehicle,4,Wednesday,121,RIGHT THROUGH,1,40349,2,0,1,0,1,2,1,1,Cross intersection,2,60,Arterial Other,30-39,Serious injury,Bicyclists
T20150002429,2/4/2015,8:00:00,1,Collision with vehicle,4,Wednesday,163,VEHICLE STRIKES DOOR OF PARKED/STATIONARY VEHICLE,1,281765,4,0,2,1,1,4,1,5,Not at intersection,2,60,Arterial Other,30-39,Other injury,Bicyclists
T20150002439,2/4/2015,12:10:00,1,Collision with vehicle,4,Wednesday,147,VEHICLE STRIKES ANOTHER VEH WHILE EMERGING FROM DRIVEWAY,1,287359,2,0,1,0,1,2,1,5,Not at intersection,2,80,Uknown,60-64,Serious injury,Bicyclists
T20150002459,1/29/2015,9:30:00,1,Collision with vehicle,5,Thursday,116,LEFT NEAR (INTERSECTIONS ONLY),1,38914,2,0,0,1,0,1,2,2,T intersection,3,60,Arterial Other,40-49,Other injury,Bicyclists
T20150002468,2/4/2015,17:00:00,1,Collision with vehicle,4,Wednesday,148,VEHICLE OFF FOOTPATH STRIKES VEH ON CARRIAGEWAY,1,281779,2,0,0,1,0,1,2,5,Not at intersection,3,60,Arterial Other,13-15,Other injury,Bicyclists
T20150002470,2/4/2015,17:40:00,1,Collision with vehicle,4,Wednesday,137,LEFT TURN SIDESWIPE,1,282411,2,0,0,1,1,2,1,5,Not at intersection,3,40,Local Road,26-29,Other injury,Bicyclists
T20150002486,2/4/2015,18:50:00,1,Collision with vehicle,4,Wednesday,163,VEHICLE STRIKES DOOR OF PARKED/STATIONARY VEHICLE,1,281828,2,0,0,1,1,2,1,5,Not at intersection,3,40,Local Road,26-29,Other injury,Bicyclists
T20150002513,12/24/2014,13:30:00,1,Collision with vehicle,4,Wednesday,163,VEHICLE STRIKES DOOR OF PARKED/STATIONARY VEHICLE,1,281979,2,0,0,1,0,1,9,5,Not at intersection,3,60,Arterial Other,30-39,Other injury,Bicyclists
T20150002533,2/3/2015,10:30:00,1,Collision with vehicle,3,Tuesday,140,U TURN,1,282351,2,0,0,1,0,1,2,5,Not at intersection,3,40,Arterial Other,26-29,Other injury,Bicyclists
T20150002555,2/5/2015,20:00:00,1,Collision with vehicle,5,Thursday,116,LEFT NEAR (INTERSECTIONS ONLY),2,42015,2,0,1,0,1,2,2,2,T intersection,2,60,Arterial Other,40-49,Serious injury,Bicyclists
T20150002570,9/18/2014,7:30:00,1,Collision with vehicle,5,Thursday,163,VEHICLE STRIKES DOOR OF PARKED/STATIONARY VEHICLE,9,287067,2,0,0,1,1,2,2,5,Not at intersection,3,999,Arterial Other,30-39,Other injury,Bicyclists
T20150002577,2/6/2015,7:15:00,1,Collision with vehicle,5,Friday,110,CROSS TRAFFIC(INTERSECTIONS ONLY),2,22502,2,0,0,1,1,2,1,1,Cross intersection,3,80,Arterial Other,50-59,Other injury,Bicyclists
T20150002589,2/6/2015,10:00:00,8,No collision and no object struck,6,Friday,170,OFF CARRIAGEWAY TO LEFT,1,281861,2,0,0,1,1,2,1,5,Not at intersection,3,50,Local Road,40-49,Other injury,Bicyclists
T20150002590,2/6/2015,9:00:00,1,Collision with vehicle,6,Friday,121,RIGHT THROUGH,1,35709,2,0,1,0,1,2,1,2,T intersection,2,60,Arterial Other,40-49,Serious injury,Bicyclists
T20150002607,2/6/2015,13:35:00,1,Collision with vehicle,6,Friday,121,RIGHT THROUGH,1,70726,2,0,0,1,1,2,1,1,Cross intersection,3,80,Arterial Highway,50-59,Other injury,Bicyclists
T20150002610,2/5/2015,19:00:00,1,Collision with vehicle,4,Thursday,163,VEHICLE STRIKES DOOR OF PARKED/STATIONARY VEHICLE,6,281856,2,0,0,1,0,1,2,2,T intersection,3,50,Local Road,22-25,Other injury,Bicyclists
T20150002624,1/15/2015,22:30:00,1,Collision with vehicle,5,Thursday,110,CROSS TRAFFIC(INTERSECTIONS ONLY),3,29359,2,0,0,1,1,2,2,1,Cross intersection,3,60,Local Road,30-39,Other injury,Bicyclists
T20150002635,2/6/2015,17:10:00,1,Collision with vehicle,5,Friday,121,RIGHT THROUGH,1,49962,2,0,0,1,1,2,2,1,Cross intersection,3,50,Arterial Other,30-39,Other injury,Bicyclists
T20150002637,2/4/2015,18:44:00,1,Collision with vehicle,4,Wednesday,147,VEHICLE STRIKES ANOTHER VEH WHILE EMERGING FROM DRIVEWAY,1,281840,2,0,0,2,0,2,2,5,Not at intersection,3,888,Local Road,45424,Other injury,Bicyclists
T20150002638,2/6/2015,8:30:00,1,Collision with vehicle,6,Friday,116,LEFT NEAR (INTERSECTIONS ONLY),1,37640,2,0,0,1,1,2,2,4,Multiple intersection,3,40,Arterial Other,26-29,Other injury,Bicyclists
T20150002646,1/29/2015,10:15:00,1,Collision with vehicle,5,Thursday,113,RIGHT NEAR (INTERSECTIONS ONLY),1,40694,2,0,1,0,1,2,2,2,T intersection,2,60,Local Road,50-59,Serious injury,Bicyclists
T20150002687,2/7/2015,13:25:00,1,Collision with vehicle,6,Saturday,121,RIGHT THROUGH,1,287272,2,0,0,1,1,2,1,5,Not at intersection,3,50,Local Road,70+,Other injury,Bicyclists
T20150002700,2/6/2015,8:45:00,1,Collision with vehicle,6,Friday,137,LEFT TURN SIDESWIPE,1,287830,2,0,0,1,1,2,2,2,T intersection,3,60,Local Road,50-59,Other injury,Bicyclists
T20150002705,2/6/2015,17:38:00,1,Collision with vehicle,6,Friday,139,OTHER SAME DIRECTION-MANOUEVRES NOT INCLUDED IN DCAs 130-137,1,287953,2,0,0,1,0,1,1,5,Not at intersection,3,50,Local Road,50-59,Other injury,Bicyclists
T20150002745,2/8/2015,12:55:00,1,Collision with vehicle,1,Sunday,163,VEHICLE STRIKES DOOR OF PARKED/STATIONARY VEHICLE,1,282122,2,0,0,1,2,3,2,5,Not at intersection,3,50,Arterial Highway,30-39,Other injury,Bicyclists
T20150002769,2/8/2015,9:20:00,8,No collision and no object struck,1,Sunday,174,OUT OF CONTROL ON CARRIAGEWAY (ON STRAIGHT),1,64125,2,0,1,0,0,1,2,2,T intersection,2,60,Arterial Highway,50-59,Serious injury,Bicyclists
T20150002793,2/9/2015,6:00:00,1,Collision with vehicle,2,Monday,116,LEFT NEAR (INTERSECTIONS ONLY),3,1178,2,0,0,1,1,2,1,2,T intersection,3,60,Arterial Other,30-39,Other injury,Bicyclists
T20150002868,2/10/2015,8:09:00,1,Collision with vehicle,3,Tuesday,137,LEFT TURN SIDESWIPE,1,118570,2,0,0,1,1,2,1,5,Not at intersection,3,60,Arterial Highway,26-29,Other injury,Bicyclists
T20150002883,2/10/2015,9:04:00,1,Collision with vehicle,3,Tuesday,121,RIGHT THROUGH,1,398,2,0,1,0,1,2,1,1,Cross intersection,2,60,Arterial Other,22-25,Serious injury,Bicyclists
T20150002912,1/19/2015,17:30:00,1,Collision with vehicle,2,Monday,163,VEHICLE STRIKES DOOR OF PARKED/STATIONARY VEHICLE,1,286293,2,0,0,1,1,2,2,5,Not at intersection,3,40,Local Road,22-25,Other injury,Bicyclists
T20150002932,2/10/2015,19:50:00,1,Collision with vehicle,3,Tuesday,147,VEHICLE STRIKES ANOTHER VEH WHILE EMERGING FROM DRIVEWAY,2,286969,2,0,1,0,1,2,1,2,T intersection,2,50,Local Road,45424,Serious injury,Bicyclists
T20150002943,2/11/2015,6:35:00,1,Collision with vehicle,4,Wednesday,154,PULLING OUT -REAR END,2,282081,2,0,1,0,1,2,1,5,Not at intersection,2,40,Arterial Other,30-39,Serious injury,Bicyclists
T20150002951,2/11/2015,8:50:00,1,Collision with vehicle,4,Wednesday,148,VEHICLE OFF FOOTPATH STRIKES VEH ON CARRIAGEWAY,1,233985,2,0,1,0,1,2,1,2,T intersection,2,60,Arterial Highway,40-49,Serious injury,Bicyclists
T20150002953,2/5/2015,17:20:00,1,Collision with vehicle,5,Thursday,147,VEHICLE STRIKES ANOTHER VEH WHILE EMERGING FROM DRIVEWAY,1,281969,2,0,0,1,1,2,2,5,Not at intersection,3,999,Uknown,60-64,Other injury,Bicyclists
T20150002956,2/11/2015,8:40:00,1,Collision with vehicle,4,Wednesday,121,RIGHT THROUGH,1,35709,2,0,1,0,1,2,1,2,T intersection,2,60,Arterial Other,40-49,Serious injury,Bicyclists
T20150002964,2/11/2015,8:30:00,1,Collision with vehicle,4,Wednesday,116,LEFT NEAR (INTERSECTIONS ONLY),1,51787,2,0,0,1,1,2,2,2,T intersection,3,60,Arterial Highway,40-49,Other injury,Bicyclists
T20150002980,12/16/2014,6:00:00,8,No collision and no object struck,2,Tuesday,174,OUT OF CONTROL ON CARRIAGEWAY (ON STRAIGHT),2,70852,2,0,1,0,1,2,2,2,T intersection,2,60,Arterial Other,30-39,Serious injury,Bicyclists
T20150002998,2/11/2015,16:50:00,8,No collision and no object struck,4,Wednesday,174,OUT OF CONTROL ON CARRIAGEWAY (ON STRAIGHT),1,29396,2,0,0,1,1,2,1,4,Multiple intersection,3,40,Local Road,18-21,Other injury,Bicyclists
T20150003012,2/11/2015,16:45:00,1,Collision with vehicle,4,Wednesday,134,LANE CHANGE RIGHT (NOT OVERTAKING),1,282042,2,0,0,1,1,2,1,5,Not at intersection,3,70,Arterial Highway,26-29,Other injury,Bicyclists
T20150003028,2/8/2015,16:00:00,1,Collision with vehicle,1,Sunday,143,ENTERING PARKING,1,282187,2,0,0,1,1,2,2,5,Not at intersection,3,50,Local Road,26-29,Other injury,Bicyclists
T20150003061,2/10/2015,18:45:00,1,Collision with vehicle,3,Tuesday,111,RIGHT FAR (INTERSECTIONS ONLY),1,282066,2,0,0,1,1,2,2,2,T intersection,3,50,Local Road,30-39,Other injury,Bicyclists
T20150003069,2/12/2015,8:30:00,1,Collision with vehicle,5,Thursday,111,RIGHT FAR (INTERSECTIONS ONLY),1,296826,2,0,1,0,1,2,2,2,T intersection,2,999,Local Road,40-49,Serious injury,Bicyclists
T20150003076,2/10/2015,18:45:00,1,Collision with vehicle,3,Tuesday,163,VEHICLE STRIKES DOOR OF PARKED/STATIONARY VEHICLE,1,286506,2,0,1,0,1,2,2,5,Not at intersection,2,60,Local Road,30-39,Serious injury,Bicyclists
T20150003079,2/4/2012,15:00:00,1,Collision with vehicle,7,Saturday,147,VEHICLE STRIKES ANOTHER VEH WHILE EMERGING FROM DRIVEWAY,1,282444,2,0,0,1,0,1,2,5,Not at intersection,3,50,Local Road,30-39,Other injury,Bicyclists
T20150003083,2/12/2015,7:30:00,1,Collision with vehicle,5,Thursday,137,LEFT TURN SIDESWIPE,2,65772,2,0,0,1,1,2,2,1,Cross intersection,3,40,Local Road,30-39,Other injury,Bicyclists
T20150003085,2/12/2015,17:00:00,1,Collision with vehicle,5,Thursday,121,RIGHT THROUGH,1,51631,2,0,0,1,1,2,2,1,Cross intersection,3,50,Local Road,40-49,Other injury,Bicyclists
T20150003089,2/12/2015,18:00:00,1,Collision with vehicle,5,Thursday,113,RIGHT NEAR (INTERSECTIONS ONLY),1,40724,2,0,0,1,1,2,1,2,T intersection,3,60,Arterial Other,22-25,Other injury,Bicyclists
T20150003091,2/12/2015,17:50:00,1,Collision with vehicle,5,Thursday,116,LEFT NEAR (INTERSECTIONS ONLY),1,40074,2,0,0,1,1,2,2,1,Cross intersection,3,50,Local Road,22-25,Other injury,Bicyclists
T20150003099,2/12/2015,19:50:00,1,Collision with vehicle,4,Thursday,147,VEHICLE STRIKES ANOTHER VEH WHILE EMERGING FROM DRIVEWAY,2,282123,2,0,0,1,1,2,1,5,Not at intersection,3,50,Local Road,45424,Other injury,Bicyclists
T20150003115,2/9/2015,5:45:00,1,Collision with vehicle,2,Monday,147,VEHICLE STRIKES ANOTHER VEH WHILE EMERGING FROM DRIVEWAY,6,287649,2,0,0,1,1,2,2,5,Not at intersection,3,60,Arterial Other,30-39,Other injury,Bicyclists
T20150003122,2/12/2015,16:30:00,1,Collision with vehicle,5,Thursday,132,RIGHT REAR.,1,282291,2,0,0,1,1,2,2,2,T intersection,3,999,Local Road,50-59,Other injury,Bicyclists
T20150003125,2/13/2015,8:50:00,1,Collision with vehicle,6,Friday,137,LEFT TURN SIDESWIPE,1,282160,3,0,0,2,1,3,1,5,Not at intersection,3,40,Local Road,65-69,Other injury,Bicyclists
T20150003128,12/20/2014,11:45:00,1,Collision with vehicle,7,Saturday,147,VEHICLE STRIKES ANOTHER VEH WHILE EMERGING FROM DRIVEWAY,1,282624,2,0,0,1,1,2,2,5,Not at intersection,3,60,Local Road,50-59,Other injury,Bicyclists
T20150003132,2/13/2015,10:45:00,1,Collision with vehicle,6,Friday,113,RIGHT NEAR (INTERSECTIONS ONLY),1,35626,2,0,0,1,2,3,1,2,T intersection,3,60,Arterial Highway,70+,Other injury,Bicyclists
T20150003194,2/13/2015,8:25:00,1,Collision with vehicle,6,Friday,121,RIGHT THROUGH,1,53073,2,0,0,1,1,2,1,1,Cross intersection,3,60,Local Road,70+,Other injury,Bicyclists
T20150003256,2/14/2015,19:00:00,1,Collision with vehicle,7,Saturday,140,U TURN,2,291818,2,0,1,0,2,3,1,5,Not at intersection,2,60,Uknown,30-39,Serious injury,Bicyclists
T20150003272,1/17/2015,19:45:00,1,Collision with vehicle,7,Saturday,110,CROSS TRAFFIC(INTERSECTIONS ONLY),9,37376,2,0,0,1,1,2,2,1,Cross intersection,3,999,Uknown,50-59,Other injury,Bicyclists
T20150003286,2/15/2015,9:40:00,1,Collision with vehicle,0,Sunday,110,CROSS TRAFFIC(INTERSECTIONS ONLY),1,1067,2,0,0,1,1,2,1,1,Cross intersection,3,50,Arterial Highway,30-39,Other injury,Bicyclists
T20150003340,2/8/2015,10:45:00,8,No collision and no object struck,0,Sunday,180,OFF CARRIAGEWAY ON RIGHT BEND,1,282191,2,0,0,1,0,1,2,5,Not at intersection,3,60,Arterial Other,40-49,Other injury,Bicyclists
T20150003341,2/16/2015,8:30:00,1,Collision with vehicle,2,Monday,133,LANE SIDE SWIPE (VEHICLES IN PARALLEL LANES),1,50119,2,0,0,1,0,1,2,1,Cross intersection,3,60,Arterial Other,50-59,Other injury,Bicyclists
T20150003342,2/16/2015,8:38:00,1,Collision with vehicle,2,Monday,137,LEFT TURN SIDESWIPE,1,282403,2,0,0,1,1,2,1,5,Not at intersection,3,50,Local Road,30-39,Other injury,Bicyclists
T20150003365,2/14/2015,19:10:00,1,Collision with vehicle,7,Saturday,163,VEHICLE STRIKES DOOR OF PARKED/STATIONARY VEHICLE,2,282483,2,0,0,1,2,3,2,5,Not at intersection,3,50,Local Road,30-39,Other injury,Bicyclists
T20150003370,2/15/2015,11:08:00,6,Vehicle overturned (no collision),1,Sunday,174,OUT OF CONTROL ON CARRIAGEWAY (ON STRAIGHT),1,282503,1,0,1,0,0,1,1,5,Not at intersection,2,50,Local Road,50-59,Serious injury,Bicyclists
T20150003380,2/14/2015,14:45:00,1,Collision with vehicle,7,Saturday,160,VEHICLE COLLIDES WITH VEHICLE PARKED ON LEFT OF ROAD,1,282232,2,0,1,0,1,2,2,5,Not at intersection,2,50,Local Road,18-21,Serious injury,Bicyclists
T20150003411,2/17/2015,7:40:00,1,Collision with vehicle,3,Tuesday,116,LEFT NEAR (INTERSECTIONS ONLY),2,35815,2,0,1,0,1,2,1,4,Multiple intersection,2,60,Arterial Other,50-59,Serious injury,Bicyclists
T20150003412,2/14/2015,11:40:00,1,Collision with vehicle,6,Saturday,163,VEHICLE STRIKES DOOR OF PARKED/STATIONARY VEHICLE,1,282270,2,0,0,1,2,3,2,5,Not at intersection,3,999,Arterial Other,30-39,Other injury,Bicyclists
T20150003414,2/17/2015,8:35:00,1,Collision with vehicle,3,Tuesday,121,RIGHT THROUGH,1,31040,2,0,1,0,2,3,1,2,T intersection,2,60,Arterial Other,40-49,Serious injury,Bicyclists
T20150003419,2/17/2015,9:15:00,8,No collision and no object struck,3,Tuesday,174,OUT OF CONTROL ON CARRIAGEWAY (ON STRAIGHT),1,37258,2,0,1,0,2,3,2,1,Cross intersection,2,60,Local Road,40-49,Serious injury,Bicyclists
T20150003436,2/16/2015,18:30:00,6,Vehicle overturned (no collision),2,Monday,174,OUT OF CONTROL ON CARRIAGEWAY (ON STRAIGHT),1,39012,2,0,0,1,1,2,2,2,T intersection,3,999,Arterial Other,26-29,Other injury,Bicyclists
T20150003440,1/22/2015,17:55:00,1,Collision with vehicle,5,Thursday,135,LANE CHANGE LEFT (NOT OVERTAKING),1,282274,2,0,1,0,2,3,1,5,Not at intersection,2,50,Local Road,30-39,Serious injury,Bicyclists
T20150003455,2/17/2015,6:55:00,1,Collision with vehicle,3,Tuesday,140,U TURN,2,288331,2,0,1,0,1,2,1,5,Not at intersection,2,60,Arterial Other,50-59,Serious injury,Bicyclists
T20150003469,2/17/2015,16:20:00,1,Collision with vehicle,2,Tuesday,110,CROSS TRAFFIC(INTERSECTIONS ONLY),1,29361,2,0,0,1,1,2,1,1,Cross intersection,3,40,Local Road,16-17,Other injury,Bicyclists
T20150003492,11/20/2014,18:02:00,1,Collision with vehicle,5,Thursday,121,RIGHT THROUGH,2,29542,2,0,0,1,1,2,2,1,Cross intersection,3,60,Arterial Other,40-49,Other injury,Bicyclists
T20150003500,2/18/2015,8:00:00,1,Collision with vehicle,4,Wednesday,163,VEHICLE STRIKES DOOR OF PARKED/STATIONARY VEHICLE,1,282715,2,0,0,1,1,2,2,5,Not at intersection,3,999,Arterial Other,30-39,Other injury,Bicyclists
T20150003507,2/18/2015,8:37:00,1,Collision with vehicle,4,Wednesday,121,RIGHT THROUGH,1,37698,2,0,0,1,1,2,1,1,Cross intersection,3,60,Local Road,22-25,Other injury,Bicyclists
T20150003517,2/11/2015,7:40:00,1,Collision with vehicle,4,Wednesday,143,ENTERING PARKING,2,282484,2,0,1,0,1,2,2,5,Not at intersection,2,60,Arterial Other,22-25,Serious injury,Bicyclists
T20150003532,2/16/2015,21:00:00,1,Collision with vehicle,2,Monday,142,LEAVING PARKING,3,287162,2,0,0,1,1,2,2,5,Not at intersection,3,70,Arterial Highway,30-39,Other injury,Bicyclists
T20150003568,2/11/2015,17:30:00,1,Collision with vehicle,4,Wednesday,121,RIGHT THROUGH,1,45362,2,0,0,1,1,2,1,1,Cross intersection,3,50,Local Road,26-29,Other injury,Bicyclists
T20150003587,2/15/2015,18:50:00,1,Collision with vehicle,1,Sunday,148,VEHICLE OFF FOOTPATH STRIKES VEH ON CARRIAGEWAY,1,69023,2,0,0,1,2,3,1,2,T intersection,3,80,Arterial Highway,45424,Other injury,Bicyclists
T20150003588,2/19/2015,11:30:00,8,No collision and no object struck,5,Thursday,174,OUT OF CONTROL ON CARRIAGEWAY (ON STRAIGHT),1,38289,1,0,0,1,0,1,2,1,Cross intersection,3,999,Arterial Other,30-39,Other injury,Bicyclists
T20150003589,2/19/2015,6:30:00,1,Collision with vehicle,5,Thursday,121,RIGHT THROUGH,2,38906,2,0,1,0,1,2,1,2,T intersection,2,60,Arterial Other,40-49,Serious injury,Bicyclists
T20150003592,2/19/2015,9:45:00,1,Collision with vehicle,5,Thursday,110,CROSS TRAFFIC(INTERSECTIONS ONLY),1,36073,2,0,1,0,1,2,1,1,Cross intersection,2,100,Arterial Other,65-69,Serious injury,Bicyclists
T20150003618,2/17/2015,17:05:00,1,Collision with vehicle,3,Tuesday,133,LANE SIDE SWIPE (VEHICLES IN PARALLEL LANES),1,289696,2,0,0,1,1,2,2,5,Not at intersection,3,40,Arterial Other,30-39,Other injury,Bicyclists
T20150003619,2/19/2015,15:10:00,1,Collision with vehicle,5,Thursday,110,CROSS TRAFFIC(INTERSECTIONS ONLY),1,38057,2,0,0,2,0,2,1,1,Cross intersection,3,60,Arterial Other,50-59,Other injury,Bicyclists
T20150003620,1/22/2015,10:30:00,8,No collision and no object struck,5,Thursday,174,OUT OF CONTROL ON CARRIAGEWAY (ON STRAIGHT),1,282566,1,0,0,1,0,1,2,2,T intersection,3,50,Uknown,30-39,Other injury,Bicyclists
T20150003623,2/10/2015,19:15:00,1,Collision with vehicle,3,Tuesday,148,VEHICLE OFF FOOTPATH STRIKES VEH ON CARRIAGEWAY,2,37507,2,0,0,1,1,2,2,1,Cross intersection,3,40,Local Road,65-69,Other injury,Bicyclists
T20150003652,2/19/2015,21:46:00,1,Collision with vehicle,5,Thursday,110,CROSS TRAFFIC(INTERSECTIONS ONLY),3,65743,2,0,0,1,1,2,1,1,Cross intersection,3,40,Local Road,22-25,Other injury,Bicyclists
T20150003658,1/19/2015,11:00:00,1,Collision with vehicle,2,Monday,131,LEFT REAR,1,29396,2,0,0,1,0,1,2,4,Multiple intersection,3,40,Local Road,30-39,Other injury,Bicyclists
T20150003679,2/20/2015,10:45:00,1,Collision with vehicle,5,Friday,116,LEFT NEAR (INTERSECTIONS ONLY),1,282456,2,0,2,0,0,2,1,2,T intersection,2,100,Uknown,65-69,Serious injury,Bicyclists
T20150003683,2/20/2015,9:35:00,1,Collision with vehicle,6,Friday,163,VEHICLE STRIKES DOOR OF PARKED/STATIONARY VEHICLE,1,282443,2,0,1,0,1,2,1,5,Not at intersection,2,60,Local Road,60-64,Serious injury,Bicyclists
T20150003687,2/20/2015,7:40:00,1,Collision with vehicle,6,Friday,130,REAR END(VEHICLES IN SAME LANE),2,42287,2,0,0,1,1,2,1,2,T intersection,3,60,Arterial Other,26-29,Other injury,Bicyclists
T20150003693,2/17/2015,17:15:00,6,Vehicle overturned (no collision),3,Tuesday,174,OUT OF CONTROL ON CARRIAGEWAY (ON STRAIGHT),1,38966,1,0,0,1,0,1,2,1,Cross intersection,3,60,Arterial Other,50-59,Other injury,Bicyclists
T20150003762,2/12/2015,9:30:00,8,No collision and no object struck,5,Thursday,170,OFF CARRIAGEWAY TO LEFT,1,264671,2,0,0,1,1,2,2,2,T intersection,3,60,Arterial Other,30-39,Other injury,Bicyclists