ACCIDENT_NO,ACCIDENT_DATE,ACCIDENT_TIME,ACCIDENT_TYPE,ACCIDENT_TYPE_DESC,DAY_OF_WEEK,DAY_WEEK_DESC,DCA_CODE,DCA_DESC,LIGHT_CONDITION,NODE_ID,NO_OF_VEHICLES,NO_PERSONS_KILLED,NO_PERSONS_INJ_2,NO_PERSONS_INJ_3,NO_PERSONS_NOT_INJ,NO_PERSONS,POLICE_ATTEND,ROAD_GEOMETRY,ROAD_GEOMETRY_DESC,SEVERITY,SPEED_ZONE,RMA,AGE_GROUP,INJ_LEVEL,ROAD_USER_TYPE_DESC
T20150003763,2/19/2015,15:30:00,1,Collision with vehicle,5,Thursday,147,VEHICLE STRIKES ANOTHER VEH WHILE EMERGING FROM DRIVEWAY,1,286518,2,0,0,1,1,2,2,5,Not at intersection,3,50,Local Road,30-39,Other injury,Bicyclists
T20150003767,2/21/2015,10:15:00,1,Collision with vehicle,7,Saturday,160,VEHICLE COLLIDES WITH VEHICLE PARKED ON LEFT OF ROAD,1,42699,2,0,1,0,0,1,1,2,T intersection,2,60,Arterial Other,40-49,Serious injury,Bicyclists
T20150003789,2/18/2015,8:30:00,1,Collision with vehicle,4,Wednesday,120,HEAD ON (NOT OVERTAKING),1,286408,2,0,0,2,0,2,2,5,Not at intersection,3,888,Local Road,30-39,Other injury,Bicyclists
T20150003809,2/21/2015,14:15:00,1,Collision with vehicle,7,Saturday,163,VEHICLE STRIKES DOOR OF PARKED/STATIONARY VEHICLE,1,282455,2,0,0,1,1,2,2,5,Not at intersection,3,70,Arterial Other,22-25,Other injury,Bicyclists
T20150003835,2/22/2015,9:40:00,1,Collision with vehicle,1,Sunday,137,LEFT TURN SIDESWIPE,1,282409,2,0,1,0,1,2,1,2,T intersection,2,70,Arterial Other,40-49,Serious injury,Bicyclists
T20150003843,2/17/2015,17:50:00,1,Collision with vehicle,3,Tuesday,148,VEHICLE OFF FOOTPATH STRIKES VEH ON CARRIAGEWAY,1,14474,2,0,0,1,1,2,2,4,Multiple intersection,3,999,Freeway,30-39,Other injury,Bicyclists
T20150003854,2/22/2015,12:44:00,4,Collision with a fixed object,1,Sunday,173,RIGHT OFF CARRIAGEWAY INTO OBJECT/PARKED VEHICLE,1,35349,1,0,0,1,0,1,1,1,Cross intersection,3,40,Arterial Other,Unknown,Other injury,Bicyclists
T20150003887,2/21/2015,7:30:00,1,Collision with vehicle,7,Saturday,137,LEFT TURN SIDESWIPE,2,42058,2,0,0,1,1,2,1,2,T intersection,3,60,Arterial Other,26-29,Other injury,Bicyclists
T20150003894,2/23/2015,7:45:00,1,Collision with vehicle,2,Monday,133,LANE SIDE SWIPE (VEHICLES IN PARALLEL LANES),2,281213,2,0,1,0,2,3,1,5,Not at intersection,2,40,Local Road,40-49,Serious injury,Bicyclists
T20150003985,2/24/2015,9:30:00,1,Collision with vehicle,3,Tuesday,130,REAR END(VEHICLES IN SAME LANE),1,288029,2,0,1,0,1,2,1,5,Not at intersection,2,100,Local Road,30-39,Serious injury,Bicyclists
T20150004026,2/24/2015,8:30:00,1,Collision with vehicle,3,Tuesday,163,VEHICLE STRIKES DOOR OF PARKED/STATIONARY VEHICLE,1,282551,2,0,0,1,0,1,2,5,Not at intersection,3,40,Local Road,26-29,Other injury,Bicyclists
T20150004028,2/24/2015,19:20:00,1,Collision with vehicle,3,Tuesday,137,LEFT TURN SIDESWIPE,2,65831,2,0,0,1,2,3,1,1,Cross intersection,3,40,Arterial Other,30-39,Other injury,Bicyclists
T20150004032,2/5/2015,8:15:00,1,Collision with vehicle,4,Thursday,123,RIGHT/LEFT. ONE VEH TURNING RIGHT THE OTHER LEFT.,1,57887,2,0,0,1,1,2,2,1,Cross intersection,3,60,Local Road,26-29,Other injury,Bicyclists
T20150004062,2/25/2015,9:20:00,1,Collision with vehicle,4,Wednesday,163,VEHICLE STRIKES DOOR OF PARKED/STATIONARY VEHICLE,1,282568,2,0,0,2,0,2,2,5,Not at intersection,3,60,Arterial Other,65-69,Other injury,Bicyclists
T20150004073,2/25/2015,14:20:00,1,Collision with vehicle,4,Wednesday,163,VEHICLE STRIKES DOOR OF PARKED/STATIONARY VEHICLE,1,282616,2,0,0,1,1,2,1,5,Not at intersection,3,40,Local Road,26-29,Other injury,Bicyclists
T20150004083,2/23/2015,8:45:00,1,Collision with vehicle,2,Monday,121,RIGHT THROUGH,1,45633,2,0,0,1,1,2,2,2,T intersection,3,40,Arterial Other,22-25,Other injury,Bicyclists
T20150004100,2/25/2015,18:11:00,1,Collision with vehicle,4,Wednesday,133,LANE SIDE SWIPE (VEHICLES IN PARALLEL LANES),1,230894,2,0,1,0,1,2,1,1,Cross intersection,2,50,Local Road,50-59,Serious injury,Bicyclists
T20150004118,2/26/2015,8:45:00,1,Collision with vehicle,4,Thursday,121,RIGHT THROUGH,1,36629,2,0,1,0,1,2,1,1,Cross intersection,2,40,Local Road,22-25,Serious injury,Bicyclists
T20150004125,2/25/2015,16:12:00,1,Collision with vehicle,4,Wednesday,148,VEHICLE OFF FOOTPATH STRIKES VEH ON CARRIAGEWAY,1,220,2,0,0,1,0,1,2,5,Not at intersection,3,888,Local Road,Unknown,Other injury,Bicyclists
T20150004144,2/26/2015,8:00:00,1,Collision with vehicle,5,Thursday,137,LEFT TURN SIDESWIPE,1,244718,2,0,0,2,0,2,1,2,T intersection,3,60,Arterial Highway,40-49,Other injury,Bicyclists
T20150004147,2/25/2015,10:00:00,1,Collision with vehicle,4,Wednesday,163,VEHICLE STRIKES DOOR OF PARKED/STATIONARY VEHICLE,1,35360,2,0,0,1,2,3,2,1,Cross intersection,3,40,Local Road,30-39,Other injury,Bicyclists
T20150004150,2/25/2015,11:45:00,1,Collision with vehicle,4,Wednesday,163,VEHICLE STRIKES DOOR OF PARKED/STATIONARY VEHICLE,1,282636,2,0,0,1,1,2,1,5,Not at intersection,3,40,Arterial Other,40-49,Other injury,Bicyclists
T20150004153,2/21/2015,7:15:00,1,Collision with vehicle,7,Saturday,137,LEFT TURN SIDESWIPE,2,37703,2,0,0,1,1,2,2,2,T intersection,3,40,Local Road,22-25,Other injury,Bicyclists
T20150004154,2/26/2015,11:45:00,1,Collision with vehicle,5,Thursday,121,RIGHT THROUGH,1,65851,2,0,1,0,1,2,1,1,Cross intersection,2,40,Arterial Other,40-49,Serious injury,Bicyclists
T20150004163,2/26/2015,16:09:00,1,Collision with vehicle,5,Thursday,121,RIGHT THROUGH,1,282634,2,0,0,1,1,2,1,5,Not at intersection,3,80,Arterial Other,50-59,Other injury,Bicyclists
T20150004185,2/26/2015,16:30:00,1,Collision with vehicle,5,Thursday,163,VEHICLE STRIKES DOOR OF PARKED/STATIONARY VEHICLE,1,286971,2,0,0,1,1,2,2,5,Not at intersection,3,999,Local Road,70+,Other injury,Bicyclists
T20150004217,2/21/2015,10:00:00,1,Collision with vehicle,7,Saturday,131,LEFT REAR,1,287766,3,0,0,1,2,3,2,5,Not at intersection,3,60,Uknown,30-39,Other injury,Bicyclists
T20150004220,2/25/2015,18:45:00,1,Collision with vehicle,4,Wednesday,121,RIGHT THROUGH,2,47714,2,0,1,0,1,2,2,2,T intersection,2,60,Arterial Highway,50-59,Serious injury,Bicyclists
T20150004222,2/26/2015,7:45:00,1,Collision with vehicle,4,Thursday,113,RIGHT NEAR (INTERSECTIONS ONLY),2,38001,2,0,0,1,1,2,2,1,Cross intersection,3,60,Local Road,65-69,Other injury,Bicyclists
T20150004225,2/27/2015,9:05:00,1,Collision with vehicle,6,Friday,116,LEFT NEAR (INTERSECTIONS ONLY),1,65795,2,0,0,1,1,2,1,2,T intersection,3,40,Local Road,50-59,Other injury,Bicyclists
T20150004236,2/27/2015,9:20:00,1,Collision with vehicle,6,Friday,137,LEFT TURN SIDESWIPE,1,44058,2,0,1,0,1,2,1,2,T intersection,2,50,Arterial Highway,60-64,Serious injury,Bicyclists
T20150004279,2/27/2015,16:40:00,1,Collision with vehicle,6,Friday,116,LEFT NEAR (INTERSECTIONS ONLY),1,57573,2,0,0,1,1,2,1,2,T intersection,3,999,Arterial Highway,50-59,Other injury,Bicyclists
T20150004286,2/27/2015,16:05:00,1,Collision with vehicle,6,Friday,163,VEHICLE STRIKES DOOR OF PARKED/STATIONARY VEHICLE,1,286660,3,1,0,0,2,3,1,5,Not at intersection,1,40,Arterial Other,26-29,Fatality,Bicyclists
T20150004316,12/22/2014,10:57:00,1,Collision with vehicle,2,Monday,143,ENTERING PARKING,1,282673,2,0,0,1,1,2,1,5,Not at intersection,3,40,Uknown,22-25,Other injury,Bicyclists
T20150004320,2/28/2015,8:05:00,1,Collision with vehicle,7,Saturday,110,CROSS TRAFFIC(INTERSECTIONS ONLY),1,50187,2,0,0,1,1,2,1,1,Cross intersection,3,60,Local Road,40-49,Other injury,Bicyclists
T20150004325,2/28/2015,10:30:00,1,Collision with vehicle,7,Saturday,121,RIGHT THROUGH,1,59598,3,0,0,1,1,2,2,2,T intersection,3,60,Arterial Highway,26-29,Other injury,Bicyclists
T20150004341,2/28/2015,11:40:00,1,Collision with vehicle,7,Saturday,113,RIGHT NEAR (INTERSECTIONS ONLY),1,36276,2,0,1,0,1,2,1,1,Cross intersection,2,60,Arterial Highway,50-59,Serious injury,Bicyclists
T20150004347,2/18/2015,17:30:00,1,Collision with vehicle,3,Wednesday,143,ENTERING PARKING,1,215972,2,0,0,1,1,2,2,5,Not at intersection,3,40,Local Road,26-29,Other injury,Bicyclists
T20150004348,2/27/2015,9:20:00,1,Collision with vehicle,6,Friday,160,VEHICLE COLLIDES WITH VEHICLE PARKED ON LEFT OF ROAD,1,266024,2,0,0,1,1,2,2,2,T intersection,3,50,Arterial Other,30-39,Other injury,Bicyclists
T20150004385,2/19/2015,17:15:00,1,Collision with vehicle,5,Thursday,110,CROSS TRAFFIC(INTERSECTIONS ONLY),9,44113,2,0,0,1,1,2,2,1,Cross intersection,3,999,Local Road,30-39,Other injury,Bicyclists
T20150004388,3/1/2015,9:00:00,1,Collision with vehicle,1,Sunday,110,CROSS TRAFFIC(INTERSECTIONS ONLY),1,44260,2,0,1,0,1,2,1,1,Cross intersection,2,70,Arterial Other,40-49,Serious injury,Bicyclists
T20150004399,2/17/2015,17:00:00,1,Collision with vehicle,3,Tuesday,110,CROSS TRAFFIC(INTERSECTIONS ONLY),1,37556,2,0,1,0,1,2,2,1,Cross intersection,2,50,Local Road,30-39,Serious injury,Bicyclists
T20150004400,3/1/2015,10:07:00,8,No collision and no object struck,1,Sunday,174,OUT OF CONTROL ON CARRIAGEWAY (ON STRAIGHT),1,37491,2,0,0,1,1,2,1,1,Cross intersection,3,40,Arterial Other,30-39,Other injury,Bicyclists
T20150004448,3/2/2015,8:05:00,1,Collision with vehicle,2,Monday,147,VEHICLE STRIKES ANOTHER VEH WHILE EMERGING FROM DRIVEWAY,1,286849,2,0,0,1,2,3,1,5,Not at intersection,3,60,Arterial Highway,13-15,Other injury,Bicyclists
T20150004449,2/25/2015,18:00:00,1,Collision with vehicle,4,Wednesday,147,VEHICLE STRIKES ANOTHER VEH WHILE EMERGING FROM DRIVEWAY,1,286601,2,0,0,1,1,2,2,5,Not at intersection,3,70,Arterial Other,65-69,Other injury,Bicyclists
T20150004455,3/2/2015,12:30:00,1,Collision with vehicle,1,Monday,137,LEFT TURN SIDESWIPE,1,356834,2,0,0,1,1,2,1,1,Cross intersection,3,60,Arterial Highway,60-64,Other injury,Bicyclists
T20150004480,3/2/2015,13:45:00,1,Collision with vehicle,2,Monday,147,VEHICLE STRIKES ANOTHER VEH WHILE EMERGING FROM DRIVEWAY,1,282821,2,0,0,1,1,2,2,5,Not at intersection,3,60,Arterial Other,18-21,Other injury,Bicyclists
T20150004493,2/22/2015,11:45:00,8,No collision and no object struck,1,Sunday,170,OFF CARRIAGEWAY TO LEFT,1,37580,1,0,1,0,0,1,2,1,Cross intersection,2,50,Local Road,50-59,Serious injury,Bicyclists
T20150004501,12/17/2014,13:30:00,1,Collision with vehicle,4,Wednesday,163,VEHICLE STRIKES DOOR OF PARKED/STATIONARY VEHICLE,1,287489,2,0,0,1,1,2,2,5,Not at intersection,3,60,Arterial Other,30-39,Other injury,Bicyclists
T20150004518,3/3/2015,7:55:00,1,Collision with vehicle,3,Tuesday,152,PULLING OUT (OVERTAKING),2,47280,2,0,1,0,1,2,1,2,T intersection,2,50,Local Road,50-59,Serious injury,Bicyclists
T20150004523,3/3/2015,9:04:00,1,Collision with vehicle,3,Tuesday,163,VEHICLE STRIKES DOOR OF PARKED/STATIONARY VEHICLE,1,282868,2,0,0,1,1,2,1,5,Not at intersection,3,60,Arterial Other,30-39,Other injury,Bicyclists
T20150004554,3/3/2015,10:00:00,1,Collision with vehicle,2,Tuesday,110,CROSS TRAFFIC(INTERSECTIONS ONLY),1,72235,2,0,0,1,1,2,2,1,Cross intersection,3,50,Local Road,26-29,Other injury,Bicyclists
T20150004562,3/3/2015,7:45:00,1,Collision with vehicle,3,Tuesday,133,LANE SIDE SWIPE (VEHICLES IN PARALLEL LANES),2,249179,2,0,0,1,1,2,1,1,Cross intersection,3,50,Arterial Other,26-29,Other injury,Bicyclists
T20150004583,3/3/2015,16:45:00,1,Collision with vehicle,3,Tuesday,163,VEHICLE STRIKES DOOR OF PARKED/STATIONARY VEHICLE,1,286630,2,0,0,1,1,2,2,2,T intersection,3,40,Uknown,40-49,Other injury,Bicyclists
T20150004588,3/3/2015,20:15:00,1,Collision with vehicle,3,Tuesday,130,REAR END(VEHICLES IN SAME LANE),3,50081,2,0,1,0,1,2,1,2,T intersection,2,60,Arterial Other,65-69,Serious injury,Bicyclists
T20150004594,3/3/2015,20:25:00,1,Collision with vehicle,2,Tuesday,119,OTHER ADJACENT (INTERSECTIONS ONLY),3,356837,2,0,0,1,1,2,1,3,Y intersection,3,60,Local Road,26-29,Other injury,Bicyclists
T20150004620,3/3/2015,19:28:00,1,Collision with vehicle,3,Tuesday,121,RIGHT THROUGH,2,223511,2,0,1,0,1,2,1,2,T intersection,2,70,Arterial Other,50-59,Serious injury,Bicyclists
T20150004629,3/4/2015,8:00:00,1,Collision with vehicle,4,Wednesday,147,VEHICLE STRIKES ANOTHER VEH WHILE EMERGING FROM DRIVEWAY,1,286079,2,0,0,1,1,2,1,5,Not at intersection,3,40,Arterial Other,13-15,Other injury,Bicyclists
T20150004646,3/3/2015,17:07:00,1,Collision with vehicle,3,Tuesday,110,CROSS TRAFFIC(INTERSECTIONS ONLY),2,799,2,0,1,0,1,2,1,1,Cross intersection,2,60,Uknown,18-21,Serious injury,Bicyclists
T20150004653,3/4/2015,14:44:00,1,Collision with vehicle,4,Wednesday,130,REAR END(VEHICLES IN SAME LANE),1,36258,4,0,1,1,2,4,1,1,Cross intersection,2,40,Local Road,22-25,Serious injury,Bicyclists
T20150004657,11/25/2014,5:30:00,8,No collision and no object struck,3,Tuesday,174,OUT OF CONTROL ON CARRIAGEWAY (ON STRAIGHT),2,286245,2,0,1,0,0,1,2,5,Not at intersection,2,40,Arterial Other,30-39,Serious injury,Bicyclists
T20150004676,3/4/2015,19:00:00,1,Collision with vehicle,3,Wednesday,147,VEHICLE STRIKES ANOTHER VEH WHILE EMERGING FROM DRIVEWAY,2,286253,2,0,0,1,1,2,1,2,T intersection,3,999,Uknown,26-29,Other injury,Bicyclists
T20150004683,3/4/2015,17:50:00,1,Collision with vehicle,3,Wednesday,110,CROSS TRAFFIC(INTERSECTIONS ONLY),2,64092,2,0,0,1,1,2,1,1,Cross intersection,3,40,Local Road,30-39,Other injury,Bicyclists
T20150004684,3/4/2015,17:42:00,1,Collision with vehicle,4,Wednesday,119,OTHER ADJACENT (INTERSECTIONS ONLY),2,48520,2,0,0,1,1,2,1,4,Multiple intersection,3,40,Local Road,30-39,Other injury,Bicyclists
T20150004697,3/3/2015,17:40:00,1,Collision with vehicle,3,Tuesday,163,VEHICLE STRIKES DOOR OF PARKED/STATIONARY VEHICLE,9,286404,3,0,0,2,1,3,2,5,Not at intersection,3,60,Arterial Other,30-39,Other injury,Bicyclists
T20150004698,3/5/2015,7:08:00,1,Collision with vehicle,5,Thursday,137,LEFT TURN SIDESWIPE,2,29528,2,0,0,1,1,2,1,4,Multiple intersection,3,60,Arterial Highway,30-39,Other injury,Bicyclists
T20150004701,3/5/2015,8:20:00,1,Collision with vehicle,5,Thursday,147,VEHICLE STRIKES ANOTHER VEH WHILE EMERGING FROM DRIVEWAY,1,286823,2,0,0,1,1,2,1,5,Not at intersection,3,888,Local Road,18-21,Other injury,Bicyclists
T20150004702,3/4/2015,20:00:00,1,Collision with vehicle,4,Wednesday,120,HEAD ON (NOT OVERTAKING),2,292356,2,0,1,0,1,2,1,5,Not at intersection,2,80,Local Road,30-39,Serious injury,Bicyclists
T20150004703,3/4/2015,17:50:00,1,Collision with vehicle,4,Wednesday,137,LEFT TURN SIDESWIPE,2,41133,2,0,0,1,1,2,2,1,Cross intersection,3,60,Arterial Other,30-39,Other injury,Bicyclists
T20150004707,3/3/2015,14:45:00,1,Collision with vehicle,3,Tuesday,110,CROSS TRAFFIC(INTERSECTIONS ONLY),1,287980,2,0,0,1,1,2,2,4,Multiple intersection,3,50,Local Road,26-29,Other injury,Bicyclists
T20150004709,3/5/2015,7:05:00,1,Collision with vehicle,5,Thursday,133,LANE SIDE SWIPE (VEHICLES IN PARALLEL LANES),2,287260,2,0,0,1,0,1,1,5,Not at intersection,3,60,Arterial Other,30-39,Other injury,Bicyclists
T20150004718,2/26/2015,13:10:00,1,Collision with vehicle,5,Thursday,145,REVERSING IN STREAM OF TRAFFIC,1,286286,2,0,0,2,0,2,2,2,T intersection,3,30,Arterial Other,30-39,Other injury,Bicyclists
T20150004719,3/5/2015,7:50:00,1,Collision with vehicle,5,Thursday,147,VEHICLE STRIKES ANOTHER VEH WHILE EMERGING FROM DRIVEWAY,2,286277,2,0,0,1,1,2,2,5,Not at intersection,3,50,Uknown,30-39,Other injury,Bicyclists
T20150004724,3/5/2015,12:00:00,1,Collision with vehicle,5,Thursday,121,RIGHT THROUGH,1,37486,2,0,0,1,1,2,1,4,Multiple intersection,3,50,Local Road,50-59,Other injury,Bicyclists
T20150004742,3/3/2015,18:30:00,1,Collision with vehicle,3,Tuesday,130,REAR END(VEHICLES IN SAME LANE),2,287641,2,0,0,1,1,2,2,5,Not at intersection,3,70,Arterial Highway,30-39,Other injury,Bicyclists
T20150004748,3/3/2015,15:40:00,1,Collision with vehicle,3,Tuesday,137,LEFT TURN SIDESWIPE,1,37429,2,0,0,1,1,2,2,2,T intersection,3,60,Arterial Other,30-39,Other injury,Bicyclists
T20150004749,3/5/2015,16:15:00,1,Collision with vehicle,5,Thursday,121,RIGHT THROUGH,1,39962,2,0,1,1,2,4,1,2,T intersection,2,40,Uknown,16-17,Serious injury,Bicyclists
T20150004750,3/5/2015,16:29:00,1,Collision with vehicle,5,Thursday,163,VEHICLE STRIKES DOOR OF PARKED/STATIONARY VEHICLE,1,286285,2,0,0,1,1,2,1,5,Not at intersection,3,60,Arterial Other,50-59,Other injury,Bicyclists
T20150004761,2/13/2015,7:25:00,1,Collision with vehicle,5,Friday,123,RIGHT/LEFT. ONE VEH TURNING RIGHT THE OTHER LEFT.,2,44398,2,0,0,1,1,2,2,1,Cross intersection,3,60,Arterial Other,40-49,Other injury,Bicyclists
T20150004762,1/22/2015,8:30:00,1,Collision with vehicle,5,Thursday,163,VEHICLE STRIKES DOOR OF PARKED/STATIONARY VEHICLE,9,286268,2,0,0,1,1,2,2,5,Not at intersection,3,60,Local Road,30-39,Other injury,Bicyclists
T20150004773,3/5/2015,18:30:00,1,Collision with vehicle,5,Thursday,147,VEHICLE STRIKES ANOTHER VEH WHILE EMERGING FROM DRIVEWAY,2,286413,2,0,0,1,1,2,1,5,Not at intersection,3,70,Arterial Highway,18-21,Other injury,Bicyclists
T20150004786,3/6/2015,7:08:00,1,Collision with vehicle,6,Friday,130,REAR END(VEHICLES IN SAME LANE),2,45628,2,0,0,1,1,2,1,1,Cross intersection,3,50,Arterial Other,30-39,Other injury,Bicyclists
T20150004795,4/18/2013,8:30:00,1,Collision with vehicle,5,Thursday,110,CROSS TRAFFIC(INTERSECTIONS ONLY),1,38043,2,0,0,1,1,2,2,1,Cross intersection,3,50,Local Road,18-21,Other injury,Bicyclists
T20150004800,3/6/2015,8:20:00,1,Collision with vehicle,6,Friday,110,CROSS TRAFFIC(INTERSECTIONS ONLY),1,40801,2,0,0,1,1,2,2,1,Cross intersection,3,60,Arterial Other,50-59,Other injury,Bicyclists
T20150004817,3/6/2015,6:41:00,1,Collision with vehicle,6,Friday,121,RIGHT THROUGH,6,287142,2,0,1,0,1,2,1,2,T intersection,2,60,Local Road,30-39,Serious injury,Bicyclists
T20150004829,3/5/2015,15:00:00,1,Collision with vehicle,5,Thursday,110,CROSS TRAFFIC(INTERSECTIONS ONLY),1,35941,2,0,0,1,1,2,1,1,Cross intersection,3,50,Local Road,22-25,Other injury,Bicyclists
T20150004842,2/5/2015,17:30:00,1,Collision with vehicle,5,Thursday,137,LEFT TURN SIDESWIPE,1,40133,2,0,0,1,1,2,2,2,T intersection,3,40,Local Road,26-29,Other injury,Bicyclists
T20150004843,3/6/2015,16:10:00,1,Collision with vehicle,6,Friday,120,HEAD ON (NOT OVERTAKING),1,286655,3,0,1,1,1,3,1,5,Not at intersection,2,60,Arterial Other,40-49,Serious injury,Bicyclists
T20150004844,3/6/2015,17:17:00,1,Collision with vehicle,6,Friday,121,RIGHT THROUGH,3,29405,2,0,1,0,1,2,1,1,Cross intersection,2,50,Local Road,30-39,Serious injury,Bicyclists
T20150004845,3/2/2015,12:15:00,4,Collision with a fixed object,2,Monday,171,LEFT OFF CARRIAGEWAY INTO OBJECT/PARKED VEHICLE,1,356845,1,0,0,1,0,1,2,5,Not at intersection,3,60,Arterial Highway,30-39,Other injury,Bicyclists
T20150004873,3/6/2015,21:10:00,1,Collision with vehicle,6,Friday,121,RIGHT THROUGH,3,45583,2,0,0,1,1,2,1,1,Cross intersection,3,50,Arterial Other,30-39,Other injury,Bicyclists
T20150004896,3/7/2015,9:10:00,8,No collision and no object struck,7,Saturday,174,OUT OF CONTROL ON CARRIAGEWAY (ON STRAIGHT),1,286353,1,0,0,1,0,1,1,5,Not at intersection,3,80,Arterial Other,60-64,Other injury,Bicyclists
T20150004901,3/3/2015,17:20:00,1,Collision with vehicle,3,Tuesday,147,VEHICLE STRIKES ANOTHER VEH WHILE EMERGING FROM DRIVEWAY,2,286396,2,0,0,1,1,2,2,5,Not at intersection,3,999,Uknown,50-59,Other injury,Bicyclists
T20150004906,3/7/2015,7:15:00,1,Collision with vehicle,7,Saturday,153,CUTTING IN (OVERTAKING),1,287467,8,0,2,5,0,7,1,5,Not at intersection,2,60,Arterial Other,60-64,Serious injury,Bicyclists
T20150004907,3/6/2015,9:30:00,1,Collision with vehicle,6,Friday,139,OTHER SAME DIRECTION-MANOUEVRES NOT INCLUDED IN DCAs 130-137,1,40223,2,0,0,1,0,1,2,1,Cross intersection,3,999,Arterial Highway,22-25,Other injury,Bicyclists
T20150004914,3/7/2015,11:15:00,3,Struck animal,6,Saturday,167,STRUCK ANIMAL,1,286434,1,0,0,1,0,1,1,5,Not at intersection,3,100,Arterial Highway,50-59,Other injury,Bicyclists
T20150004920,3/7/2015,15:10:00,1,Collision with vehicle,7,Saturday,133,LANE SIDE SWIPE (VEHICLES IN PARALLEL LANES),1,286340,3,0,1,1,1,3,1,5,Not at intersection,2,60,Arterial Other,40-49,Serious injury,Bicyclists
T20150004923,3/7/2015,8:30:00,8,No collision and no object struck,7,Saturday,170,OFF CARRIAGEWAY TO LEFT,1,286355,2,0,0,1,0,1,2,5,Not at intersection,3,50,Uknown,40-49,Other injury,Bicyclists
T20150004924,3/5/2015,7:15:00,1,Collision with vehicle,5,Thursday,143,ENTERING PARKING,2,286990,2,0,0,1,0,1,2,1,Cross intersection,3,60,Arterial Highway,30-39,Other injury,Bicyclists
T20150004934,3/7/2015,11:13:00,8,No collision and no object struck,7,Saturday,174,OUT OF CONTROL ON CARRIAGEWAY (ON STRAIGHT),1,286354,2,0,0,1,1,2,2,5,Not at intersection,3,40,Local Road,30-39,Other injury,Bicyclists
T20150004958,3/8/2015,0:21:00,1,Collision with vehicle,1,Sunday,130,REAR END(VEHICLES IN SAME LANE),3,64424,2,0,1,0,1,2,1,2,T intersection,2,50,Arterial Other,26-29,Serious injury,Bicyclists
T20150004979,3/8/2015,12:21:00,1,Collision with vehicle,1,Sunday,137,LEFT TURN SIDESWIPE,1,287755,2,0,0,1,2,3,2,2,T intersection,3,40,Local Road,30-39,Other injury,Bicyclists
T20150004981,2/26/2015,12:30:00,1,Collision with vehicle,5,Thursday,163,VEHICLE STRIKES DOOR OF PARKED/STATIONARY VEHICLE,9,215307,2,0,0,1,0,1,2,5,Not at intersection,3,40,Local Road,26-29,Other injury,Bicyclists
T20150005003,3/5/2015,15:30:00,1,Collision with vehicle,5,Thursday,110,CROSS TRAFFIC(INTERSECTIONS ONLY),1,42717,2,0,0,1,1,2,2,1,Cross intersection,3,50,Local Road,45424,Other injury,Bicyclists
T20150005061,1/23/2015,20:00:00,1,Collision with vehicle,6,Friday,113,RIGHT NEAR (INTERSECTIONS ONLY),2,37768,2,0,0,2,0,2,2,1,Cross intersection,3,40,Arterial Other,30-39,Other injury,Bicyclists
T20150005064,3/9/2015,12:00:00,1,Collision with vehicle,2,Monday,163,VEHICLE STRIKES DOOR OF PARKED/STATIONARY VEHICLE,1,286492,2,0,0,1,1,2,2,5,Not at intersection,3,999,Local Road,26-29,Other injury,Bicyclists
T20150005096,3/10/2015,8:40:00,1,Collision with vehicle,3,Tuesday,135,LANE CHANGE LEFT (NOT OVERTAKING),1,286497,2,0,1,0,2,3,1,5,Not at intersection,2,60,Arterial Other,22-25,Serious injury,Bicyclists
T20150005097,2/26/2015,21:23:00,1,Collision with vehicle,5,Thursday,163,VEHICLE STRIKES DOOR OF PARKED/STATIONARY VEHICLE,9,286440,2,0,0,2,0,2,2,5,Not at intersection,3,999,Arterial Other,26-29,Other injury,Bicyclists
T20150005102,3/9/2015,18:30:00,1,Collision with vehicle,2,Monday,148,VEHICLE OFF FOOTPATH STRIKES VEH ON CARRIAGEWAY,2,43027,2,0,1,0,1,2,1,2,T intersection,2,80,Arterial Highway,50-59,Serious injury,Bicyclists
T20150005112,3/7/2015,17:00:00,1,Collision with vehicle,7,Saturday,133,LANE SIDE SWIPE (VEHICLES IN PARALLEL LANES),2,41106,2,0,0,1,0,1,2,1,Cross intersection,3,60,Arterial Other,40-49,Other injury,Bicyclists
T20150005113,3/10/2015,12:00:00,1,Collision with vehicle,2,Tuesday,130,REAR END(VEHICLES IN SAME LANE),1,357596,2,0,0,1,1,2,1,6,Dead end,3,50,Local Road,30-39,Other injury,Bicyclists
T20150005150,3/10/2015,18:10:00,1,Collision with vehicle,2,Tuesday,137,LEFT TURN SIDESWIPE,2,29879,2,0,0,1,1,2,2,2,T intersection,3,50,Local Road,40-49,Other injury,Bicyclists
T20150005156,2/19/2015,20:10:00,1,Collision with vehicle,5,Thursday,147,VEHICLE STRIKES ANOTHER VEH WHILE EMERGING FROM DRIVEWAY,2,256274,2,0,1,0,1,2,9,5,Not at intersection,2,50,Arterial Other,30-39,Serious injury,Bicyclists
T20150005159,2/22/2015,18:05:00,8,No collision and no object struck,1,Sunday,170,OFF CARRIAGEWAY TO LEFT,1,191982,2,0,1,0,0,1,2,5,Not at intersection,2,60,Local Road,30-39,Serious injury,Bicyclists
T20150005174,3/10/2015,16:15:00,8,No collision and no object struck,3,Tuesday,184,OUT OF CONTROL ON CARRIAGEWAY (ON BEND),1,287129,1,0,1,0,0,1,1,5,Not at intersection,2,100,Arterial Highway,50-59,Serious injury,Bicyclists