ACCIDENT_NO,ACCIDENT_DATE,ACCIDENT_TIME,ACCIDENT_TYPE,ACCIDENT_TYPE_DESC,DAY_OF_WEEK,DAY_WEEK_DESC,DCA_CODE,DCA_DESC,LIGHT_CONDITION,NODE_ID,NO_OF_VEHICLES,NO_PERSONS_KILLED,NO_PERSONS_INJ_2,NO_PERSONS_INJ_3,NO_PERSONS_NOT_INJ,NO_PERSONS,POLICE_ATTEND,ROAD_GEOMETRY,ROAD_GEOMETRY_DESC,SEVERITY,SPEED_ZONE,RMA,AGE_GROUP,INJ_LEVEL,ROAD_USER_TYPE_DESC
T20150005178,3/11/2015,6:50:00,8,No collision and no object struck,4,Wednesday,174,OUT OF CONTROL ON CARRIAGEWAY (ON STRAIGHT),2,70641,2,0,1,0,1,2,1,2,T intersection,2,60,Arterial Other,30-39,Serious injury,Bicyclists
T20150005179,3/10/2015,17:50:00,1,Collision with vehicle,3,Tuesday,121,RIGHT THROUGH,2,29459,2,0,1,0,1,2,2,2,T intersection,2,60,Arterial Other,50-59,Serious injury,Bicyclists
T20150005184,3/11/2015,6:15:00,1,Collision with vehicle,4,Wednesday,160,VEHICLE COLLIDES WITH VEHICLE PARKED ON LEFT OF ROAD,3,286496,2,0,0,1,0,1,1,5,Not at intersection,3,60,Arterial Other,30-39,Other injury,Bicyclists
T20150005223,1/19/2015,19:30:00,1,Collision with vehicle,2,Monday,121,RIGHT THROUGH,2,36215,2,0,0,1,1,2,2,2,T intersection,3,999,Arterial Other,40-49,Other injury,Bicyclists
T20150005255,2/10/2015,8:45:00,1,Collision with vehicle,3,Tuesday,148,VEHICLE OFF FOOTPATH STRIKES VEH ON CARRIAGEWAY,1,287659,2,0,0,1,1,2,1,2,T intersection,3,50,Local Road,45424,Other injury,Bicyclists
T20150005259,3/12/2015,6:45:00,1,Collision with vehicle,5,Thursday,133,LANE SIDE SWIPE (VEHICLES IN PARALLEL LANES),2,356852,2,0,0,1,2,3,1,5,Not at intersection,3,100,Arterial Other,50-59,Other injury,Bicyclists
T20150005269,3/9/2015,7:00:00,1,Collision with vehicle,2,Monday,116,LEFT NEAR (INTERSECTIONS ONLY),2,52931,2,0,0,1,1,2,2,1,Cross intersection,3,60,Local Road,30-39,Other injury,Bicyclists
T20150005274,3/10/2015,19:15:00,1,Collision with vehicle,3,Tuesday,120,HEAD ON (NOT OVERTAKING),2,286553,2,0,0,1,1,2,2,2,T intersection,3,50,Local Road,16-17,Other injury,Bicyclists
T20150005280,3/12/2015,9:07:00,1,Collision with vehicle,5,Thursday,143,ENTERING PARKING,1,286582,2,0,0,1,1,2,1,5,Not at intersection,3,60,Local Road,30-39,Other injury,Bicyclists
T20150005281,11/8/2014,14:00:00,1,Collision with vehicle,7,Saturday,148,VEHICLE OFF FOOTPATH STRIKES VEH ON CARRIAGEWAY,9,286786,2,0,0,1,0,1,2,2,T intersection,3,999,Local Road,22-25,Other injury,Bicyclists
T20150005286,3/12/2015,9:00:00,1,Collision with vehicle,5,Thursday,148,VEHICLE OFF FOOTPATH STRIKES VEH ON CARRIAGEWAY,1,286586,2,0,1,0,1,2,1,2,T intersection,2,40,Local Road,40-49,Serious injury,Bicyclists
T20150005291,3/12/2015,12:53:00,1,Collision with vehicle,5,Thursday,163,VEHICLE STRIKES DOOR OF PARKED/STATIONARY VEHICLE,1,287259,2,0,0,1,1,2,1,5,Not at intersection,3,40,Arterial Other,22-25,Other injury,Bicyclists
T20150005296,3/9/2015,19:04:00,8,No collision and no object struck,2,Monday,174,OUT OF CONTROL ON CARRIAGEWAY (ON STRAIGHT),2,286754,1,0,1,0,0,1,1,5,Not at intersection,2,80,Arterial Other,30-39,Serious injury,Bicyclists
T20150005306,3/12/2015,9:45:00,1,Collision with vehicle,5,Thursday,135,LANE CHANGE LEFT (NOT OVERTAKING),1,286552,2,0,1,0,1,2,1,5,Not at intersection,2,60,Arterial Highway,50-59,Serious injury,Bicyclists
T20150005320,3/12/2015,19:05:00,1,Collision with vehicle,5,Thursday,130,REAR END(VEHICLES IN SAME LANE),2,35708,2,0,0,1,1,2,2,2,T intersection,3,60,Arterial Other,50-59,Other injury,Bicyclists
T20150005329,3/9/2015,11:45:00,1,Collision with vehicle,2,Monday,110,CROSS TRAFFIC(INTERSECTIONS ONLY),1,29581,2,0,1,0,1,2,1,1,Cross intersection,2,60,Arterial Other,40-49,Serious injury,Bicyclists
T20150005341,3/11/2015,13:00:00,1,Collision with vehicle,4,Wednesday,163,VEHICLE STRIKES DOOR OF PARKED/STATIONARY VEHICLE,1,291964,2,0,0,1,1,2,2,5,Not at intersection,3,50,Local Road,30-39,Other injury,Bicyclists
T20150005360,3/13/2015,10:50:00,1,Collision with vehicle,6,Friday,113,RIGHT NEAR (INTERSECTIONS ONLY),1,20956,2,0,1,0,1,2,1,2,T intersection,2,100,Uknown,16-17,Serious injury,Bicyclists
T20150005366,3/2/2015,15:00:00,1,Collision with vehicle,2,Monday,163,VEHICLE STRIKES DOOR OF PARKED/STATIONARY VEHICLE,1,287380,2,0,0,1,0,1,2,5,Not at intersection,3,60,Arterial Other,30-39,Other injury,Bicyclists
T20150005368,1/16/2015,14:12:00,8,No collision and no object struck,6,Friday,174,OUT OF CONTROL ON CARRIAGEWAY (ON STRAIGHT),1,287265,1,0,0,1,0,1,1,5,Not at intersection,3,40,Local Road,26-29,Other injury,Bicyclists
T20150005385,3/13/2015,17:45:00,1,Collision with vehicle,6,Friday,148,VEHICLE OFF FOOTPATH STRIKES VEH ON CARRIAGEWAY,2,29599,2,0,1,0,1,2,1,1,Cross intersection,2,60,Arterial Other,30-39,Serious injury,Bicyclists
T20150005387,3/13/2015,18:00:00,1,Collision with vehicle,5,Friday,163,VEHICLE STRIKES DOOR OF PARKED/STATIONARY VEHICLE,2,286632,2,0,0,1,3,4,1,5,Not at intersection,3,40,Arterial Other,22-25,Other injury,Bicyclists
T20150005395,3/13/2015,19:20:00,1,Collision with vehicle,6,Friday,116,LEFT NEAR (INTERSECTIONS ONLY),2,286871,2,0,1,0,0,1,1,2,T intersection,2,60,Local Road,45424,Serious injury,Bicyclists
T20150005398,3/13/2015,20:15:00,1,Collision with vehicle,6,Friday,110,CROSS TRAFFIC(INTERSECTIONS ONLY),3,43425,2,0,0,1,2,3,1,1,Cross intersection,3,70,Local Road,60-64,Other injury,Bicyclists
T20150005402,3/13/2015,20:00:00,6,Vehicle overturned (no collision),6,Friday,174,OUT OF CONTROL ON CARRIAGEWAY (ON STRAIGHT),3,286631,2,0,0,1,2,3,1,5,Not at intersection,3,60,Arterial Other,26-29,Other injury,Bicyclists
T20150005412,3/4/2015,7:30:00,8,No collision and no object struck,4,Wednesday,174,OUT OF CONTROL ON CARRIAGEWAY (ON STRAIGHT),2,36574,1,0,0,1,0,1,2,2,T intersection,3,40,Arterial Other,40-49,Other injury,Bicyclists
T20150005414,3/14/2015,9:20:00,1,Collision with vehicle,7,Saturday,116,LEFT NEAR (INTERSECTIONS ONLY),1,29955,2,0,0,1,1,2,1,1,Cross intersection,3,60,Arterial Highway,40-49,Other injury,Bicyclists
T20150005435,3/14/2015,11:30:00,1,Collision with vehicle,7,Saturday,121,RIGHT THROUGH,1,29581,2,0,0,1,1,2,1,1,Cross intersection,3,60,Arterial Other,22-25,Other injury,Bicyclists
T20150005439,2/25/2015,5:45:00,3,Struck animal,4,Wednesday,167,STRUCK ANIMAL,2,287518,1,0,1,0,0,1,2,5,Not at intersection,2,100,Arterial Other,50-59,Serious injury,Bicyclists
T20150005444,3/14/2015,8:25:00,8,No collision and no object struck,7,Saturday,172,OFF CARRIAGEWAY TO RIGHT,1,300546,2,0,0,1,2,3,1,5,Not at intersection,3,60,Local Road,50-59,Other injury,Bicyclists
T20150005459,3/14/2015,19:30:00,1,Collision with vehicle,7,Saturday,110,CROSS TRAFFIC(INTERSECTIONS ONLY),2,286755,2,0,1,0,1,2,1,1,Cross intersection,2,50,Local Road,16-17,Serious injury,Bicyclists
T20150005469,3/14/2015,23:20:00,1,Collision with vehicle,7,Saturday,148,VEHICLE OFF FOOTPATH STRIKES VEH ON CARRIAGEWAY,3,286841,2,0,0,1,2,3,2,5,Not at intersection,3,60,Local Road,45424,Other injury,Bicyclists
T20150005491,3/15/2015,8:00:00,8,No collision and no object struck,1,Sunday,174,OUT OF CONTROL ON CARRIAGEWAY (ON STRAIGHT),1,90749,1,0,1,0,0,1,2,5,Not at intersection,2,999,Arterial Highway,50-59,Serious injury,Bicyclists
T20150005540,3/6/2015,15:45:00,1,Collision with vehicle,6,Friday,121,RIGHT THROUGH,1,70316,2,0,0,1,0,1,2,5,Not at intersection,3,60,Local Road,13-15,Other injury,Bicyclists
T20150005556,3/16/2015,10:09:00,1,Collision with vehicle,1,Monday,133,LANE SIDE SWIPE (VEHICLES IN PARALLEL LANES),1,65987,2,0,0,1,1,2,1,2,T intersection,3,40,Local Road,22-25,Other injury,Bicyclists
T20150005566,3/16/2015,8:30:00,1,Collision with vehicle,2,Monday,110,CROSS TRAFFIC(INTERSECTIONS ONLY),1,69130,2,0,0,1,1,2,1,4,Multiple intersection,3,60,Local Road,65-69,Other injury,Bicyclists
T20150005570,3/13/2015,6:30:00,1,Collision with vehicle,6,Friday,133,LANE SIDE SWIPE (VEHICLES IN PARALLEL LANES),6,288646,2,0,0,1,0,1,2,5,Not at intersection,3,50,Arterial Other,30-39,Other injury,Bicyclists
T20150005575,3/16/2015,7:45:00,1,Collision with vehicle,2,Monday,121,RIGHT THROUGH,2,30011,2,0,0,1,0,1,2,1,Cross intersection,3,70,Uknown,50-59,Other injury,Bicyclists
T20150005585,3/16/2015,10:40:00,1,Collision with vehicle,2,Monday,143,ENTERING PARKING,1,291054,2,0,1,0,1,2,2,5,Not at intersection,2,999,Local Road,22-25,Serious injury,Bicyclists
T20150005609,3/16/2015,8:00:00,1,Collision with vehicle,2,Monday,147,VEHICLE STRIKES ANOTHER VEH WHILE EMERGING FROM DRIVEWAY,1,291206,2,0,1,0,1,2,2,5,Not at intersection,2,50,Local Road,13-15,Serious injury,Bicyclists
T20150005627,3/14/2015,20:20:00,1,Collision with vehicle,7,Saturday,116,LEFT NEAR (INTERSECTIONS ONLY),6,45532,2,0,0,1,1,2,2,2,T intersection,3,60,Local Road,40-49,Other injury,Bicyclists
T20150005633,3/17/2015,7:10:00,1,Collision with vehicle,3,Tuesday,132,RIGHT REAR.,2,64353,2,0,1,0,1,2,1,2,T intersection,2,60,Uknown,22-25,Serious injury,Bicyclists
T20150005634,3/17/2015,7:54:00,1,Collision with vehicle,3,Tuesday,137,LEFT TURN SIDESWIPE,2,452,2,0,1,0,0,1,1,4,Multiple intersection,2,80,Uknown,50-59,Serious injury,Bicyclists
T20150005642,3/17/2015,9:20:00,1,Collision with vehicle,3,Tuesday,110,CROSS TRAFFIC(INTERSECTIONS ONLY),1,242403,2,0,1,0,4,5,1,1,Cross intersection,2,60,Local Road,40-49,Serious injury,Bicyclists
T20150005659,3/17/2015,9:00:00,1,Collision with vehicle,3,Tuesday,137,LEFT TURN SIDESWIPE,1,29528,2,0,0,1,1,2,2,1,Cross intersection,3,60,Arterial Highway,22-25,Other injury,Bicyclists
T20150005678,3/17/2015,15:50:00,1,Collision with vehicle,3,Tuesday,148,VEHICLE OFF FOOTPATH STRIKES VEH ON CARRIAGEWAY,1,286817,2,0,0,1,1,2,1,5,Not at intersection,3,40,Local Road,45424,Other injury,Bicyclists
T20150005691,3/13/2015,17:30:00,1,Collision with vehicle,6,Friday,110,CROSS TRAFFIC(INTERSECTIONS ONLY),2,36619,2,0,0,1,1,2,2,1,Cross intersection,3,50,Local Road,26-29,Other injury,Bicyclists
T20150005712,3/13/2015,6:30:00,1,Collision with vehicle,6,Friday,163,VEHICLE STRIKES DOOR OF PARKED/STATIONARY VEHICLE,6,292386,2,0,0,1,1,2,2,5,Not at intersection,3,60,Arterial Other,30-39,Other injury,Bicyclists
T20150005731,3/16/2015,9:30:00,8,No collision and no object struck,2,Monday,174,OUT OF CONTROL ON CARRIAGEWAY (ON STRAIGHT),1,286898,1,0,0,1,0,1,2,5,Not at intersection,3,40,Local Road,40-49,Other injury,Bicyclists
T20150005732,3/17/2015,13:00:00,8,No collision and no object struck,3,Tuesday,174,OUT OF CONTROL ON CARRIAGEWAY (ON STRAIGHT),1,66245,2,0,0,1,1,2,2,2,T intersection,3,60,Arterial Other,22-25,Other injury,Bicyclists
T20150005735,3/18/2015,8:40:00,1,Collision with vehicle,4,Wednesday,148,VEHICLE OFF FOOTPATH STRIKES VEH ON CARRIAGEWAY,1,42915,2,0,0,1,0,1,2,2,T intersection,3,60,Local Road,13-15,Other injury,Bicyclists
T20150005751,2/18/2015,18:00:00,1,Collision with vehicle,4,Wednesday,147,VEHICLE STRIKES ANOTHER VEH WHILE EMERGING FROM DRIVEWAY,9,289558,2,0,0,1,0,1,2,5,Not at intersection,3,999,Uknown,40-49,Other injury,Bicyclists
T20150005769,2/15/2015,8:00:00,1,Collision with vehicle,1,Sunday,121,RIGHT THROUGH,1,37488,2,0,0,2,0,2,2,1,Cross intersection,3,60,Local Road,26-29,Other injury,Bicyclists
T20150005773,3/18/2015,18:20:00,1,Collision with vehicle,3,Wednesday,121,RIGHT THROUGH,2,37209,2,0,0,1,1,2,1,2,T intersection,3,40,Arterial Other,22-25,Other injury,Bicyclists
T20150005802,2/7/2015,8:00:00,1,Collision with vehicle,7,Saturday,130,REAR END(VEHICLES IN SAME LANE),1,286912,2,0,1,0,0,1,2,5,Not at intersection,2,50,Local Road,60-64,Serious injury,Bicyclists
T20150005819,3/16/2015,8:15:00,1,Collision with vehicle,2,Monday,110,CROSS TRAFFIC(INTERSECTIONS ONLY),1,29581,2,0,0,1,1,2,2,1,Cross intersection,3,999,Arterial Other,22-25,Other injury,Bicyclists
T20150005836,3/16/2015,16:45:00,1,Collision with vehicle,1,Monday,121,RIGHT THROUGH,1,39775,2,0,0,1,0,1,2,2,T intersection,3,60,Arterial Other,18-21,Other injury,Bicyclists
T20150005881,3/5/2015,23:40:00,1,Collision with vehicle,5,Thursday,163,VEHICLE STRIKES DOOR OF PARKED/STATIONARY VEHICLE,3,286874,2,0,0,1,1,2,2,5,Not at intersection,3,50,Local Road,30-39,Other injury,Bicyclists
T20150005884,3/15/2015,17:00:00,1,Collision with vehicle,1,Sunday,137,LEFT TURN SIDESWIPE,2,581,2,0,0,1,1,2,2,2,T intersection,3,40,Arterial Other,26-29,Other injury,Bicyclists
T20150005889,3/20/2015,8:30:00,1,Collision with vehicle,6,Friday,135,LANE CHANGE LEFT (NOT OVERTAKING),1,287424,2,0,0,1,2,3,1,2,T intersection,3,110,Freeway,70+,Other injury,Bicyclists
T20150005893,3/13/2015,14:10:00,1,Collision with vehicle,6,Friday,130,REAR END(VEHICLES IN SAME LANE),1,287071,2,0,0,1,1,2,2,5,Not at intersection,3,50,Arterial Other,50-59,Other injury,Bicyclists
T20150005894,3/20/2015,9:34:00,1,Collision with vehicle,6,Friday,148,VEHICLE OFF FOOTPATH STRIKES VEH ON CARRIAGEWAY,1,286986,2,0,1,0,1,2,1,5,Not at intersection,2,60,Arterial Other,50-59,Serious injury,Bicyclists
T20150005896,3/20/2015,10:08:00,1,Collision with vehicle,5,Friday,116,LEFT NEAR (INTERSECTIONS ONLY),1,286967,2,0,0,1,1,2,1,2,T intersection,3,80,Arterial Other,70+,Other injury,Bicyclists
T20150005898,3/20/2015,8:45:00,1,Collision with vehicle,6,Friday,137,LEFT TURN SIDESWIPE,1,38929,2,0,0,1,1,2,1,2,T intersection,3,40,Arterial Other,22-25,Other injury,Bicyclists
T20150005910,3/20/2015,11:30:00,1,Collision with vehicle,5,Friday,110,CROSS TRAFFIC(INTERSECTIONS ONLY),1,36451,2,0,0,1,1,2,1,1,Cross intersection,3,60,Arterial Other,22-25,Other injury,Bicyclists
T20150005923,3/20/2015,13:35:00,1,Collision with vehicle,6,Friday,113,RIGHT NEAR (INTERSECTIONS ONLY),1,35420,2,0,0,1,1,2,1,1,Cross intersection,3,60,Arterial Other,30-39,Other injury,Bicyclists
T20150005940,11/7/2014,8:30:00,1,Collision with vehicle,6,Friday,147,VEHICLE STRIKES ANOTHER VEH WHILE EMERGING FROM DRIVEWAY,9,286890,2,0,1,0,0,1,2,5,Not at intersection,2,999,Local Road,45424,Serious injury,Bicyclists
T20150005943,3/16/2015,7:30:00,1,Collision with vehicle,2,Monday,163,VEHICLE STRIKES DOOR OF PARKED/STATIONARY VEHICLE,2,287648,2,0,1,0,0,1,2,5,Not at intersection,2,60,Local Road,30-39,Serious injury,Bicyclists
T20150005957,3/20/2015,15:30:00,1,Collision with vehicle,5,Friday,121,RIGHT THROUGH,1,62336,2,0,0,1,1,2,1,2,T intersection,3,50,Local Road,30-39,Other injury,Bicyclists
T20150005972,3/18/2015,5:45:00,1,Collision with vehicle,4,Wednesday,160,VEHICLE COLLIDES WITH VEHICLE PARKED ON LEFT OF ROAD,6,286895,2,0,1,0,1,2,2,5,Not at intersection,2,999,Local Road,40-49,Serious injury,Bicyclists
T20150005977,3/21/2015,10:00:00,8,No collision and no object struck,7,Saturday,180,OFF CARRIAGEWAY ON RIGHT BEND,1,286976,1,0,1,0,0,1,1,5,Not at intersection,2,60,Uknown,50-59,Serious injury,Bicyclists
T20150005990,3/21/2015,12:10:00,1,Collision with vehicle,7,Saturday,147,VEHICLE STRIKES ANOTHER VEH WHILE EMERGING FROM DRIVEWAY,1,286901,2,0,1,0,1,2,1,5,Not at intersection,2,80,Arterial Highway,70+,Serious injury,Bicyclists
T20150005993,3/21/2015,13:35:00,1,Collision with vehicle,7,Saturday,153,CUTTING IN (OVERTAKING),1,41137,2,0,0,1,1,2,1,1,Cross intersection,3,60,Arterial Other,50-59,Other injury,Bicyclists
T20150006004,3/20/2015,17:00:00,1,Collision with vehicle,6,Friday,163,VEHICLE STRIKES DOOR OF PARKED/STATIONARY VEHICLE,2,286923,2,0,1,0,1,2,2,5,Not at intersection,2,999,Local Road,30-39,Serious injury,Bicyclists
T20150006016,3/21/2015,14:40:00,1,Collision with vehicle,7,Saturday,135,LANE CHANGE LEFT (NOT OVERTAKING),1,286985,2,0,1,0,1,2,1,5,Not at intersection,2,60,Arterial Other,26-29,Serious injury,Bicyclists
T20150006023,3/21/2015,20:15:00,1,Collision with vehicle,7,Saturday,148,VEHICLE OFF FOOTPATH STRIKES VEH ON CARRIAGEWAY,4,62650,2,0,0,1,1,2,1,2,T intersection,3,60,Local Road,13-15,Other injury,Bicyclists
T20150006037,3/21/2015,23:12:00,1,Collision with vehicle,7,Saturday,115,RIGHT/LEFT FAR (INTERSECTIONS ONLY),3,52500,2,0,0,1,1,2,1,1,Cross intersection,3,60,Arterial Other,40-49,Other injury,Bicyclists
T20150006051,3/21/2015,10:10:00,1,Collision with vehicle,7,Saturday,121,RIGHT THROUGH,1,287057,2,0,0,1,1,2,2,2,T intersection,3,60,Arterial Other,26-29,Other injury,Bicyclists
T20150006062,3/22/2015,12:55:00,1,Collision with vehicle,1,Sunday,130,REAR END(VEHICLES IN SAME LANE),1,291179,2,0,0,1,1,2,2,5,Not at intersection,3,80,Arterial Other,22-25,Other injury,Bicyclists
T20150006070,3/22/2015,14:00:00,1,Collision with vehicle,1,Sunday,135,LANE CHANGE LEFT (NOT OVERTAKING),1,287257,2,0,0,1,1,2,1,5,Not at intersection,3,40,Arterial Other,30-39,Other injury,Bicyclists
T20150006076,3/16/2015,8:40:00,1,Collision with vehicle,2,Monday,137,LEFT TURN SIDESWIPE,1,45650,2,0,0,1,1,2,2,2,T intersection,3,40,Arterial Other,30-39,Other injury,Bicyclists
T20150006101,3/22/2015,17:50:00,1,Collision with vehicle,1,Sunday,160,VEHICLE COLLIDES WITH VEHICLE PARKED ON LEFT OF ROAD,2,291719,14,0,4,1,5,10,1,5,Not at intersection,2,40,Arterial Other,40-49,Not injured,Bicyclists
T20150006144,3/23/2015,8:35:00,1,Collision with vehicle,2,Monday,121,RIGHT THROUGH,1,178,2,0,1,0,1,2,1,2,T intersection,2,40,Local Road,30-39,Serious injury,Bicyclists
T20150006174,3/23/2015,15:48:00,1,Collision with vehicle,2,Monday,137,LEFT TURN SIDESWIPE,1,35441,2,0,1,0,1,2,1,2,T intersection,2,60,Arterial Other,13-15,Serious injury,Bicyclists
T20150006209,3/21/2015,18:45:00,1,Collision with vehicle,7,Saturday,163,VEHICLE STRIKES DOOR OF PARKED/STATIONARY VEHICLE,9,291214,2,0,2,0,0,2,2,5,Not at intersection,2,60,Local Road,30-39,Serious injury,Bicyclists
T20150006231,3/10/2015,9:10:00,2,Struck Pedestrian,3,Tuesday,106,VEH STRIKES PED ON FOOTPATH/MEDIAN/TRAFFIC ISLAND.,1,41230,1,0,1,0,0,1,2,1,Cross intersection,2,777,Local Road,22-25,Serious injury,Pedestrians
T20150006233,3/23/2015,10:00:00,1,Collision with vehicle,2,Monday,163,VEHICLE STRIKES DOOR OF PARKED/STATIONARY VEHICLE,1,289143,2,0,0,1,1,2,2,5,Not at intersection,3,70,Arterial Other,18-21,Other injury,Bicyclists
T20150006250,3/24/2015,6:00:00,1,Collision with vehicle,3,Tuesday,113,RIGHT NEAR (INTERSECTIONS ONLY),5,40020,2,0,1,1,0,2,2,2,T intersection,2,50,Local Road,50-59,Serious injury,Bicyclists
T20150006273,3/4/2015,17:30:00,1,Collision with vehicle,4,Wednesday,160,VEHICLE COLLIDES WITH VEHICLE PARKED ON LEFT OF ROAD,2,288952,2,0,1,0,0,1,2,5,Not at intersection,2,60,Local Road,26-29,Serious injury,Bicyclists
T20150006275,3/20/2015,22:30:00,1,Collision with vehicle,6,Friday,147,VEHICLE STRIKES ANOTHER VEH WHILE EMERGING FROM DRIVEWAY,6,287084,2,0,0,1,1,2,2,5,Not at intersection,3,60,Local Road,30-39,Other injury,Bicyclists
T20150006279,3/24/2015,17:00:00,1,Collision with vehicle,3,Tuesday,113,RIGHT NEAR (INTERSECTIONS ONLY),2,224272,2,0,0,1,1,2,2,2,T intersection,3,40,Local Road,50-59,Other injury,Bicyclists
T20150006286,3/24/2015,17:50:00,1,Collision with vehicle,3,Tuesday,113,RIGHT NEAR (INTERSECTIONS ONLY),2,63461,2,0,0,1,1,2,1,1,Cross intersection,3,50,Uknown,30-39,Other injury,Bicyclists
T20150006287,3/24/2015,17:38:00,1,Collision with vehicle,3,Tuesday,110,CROSS TRAFFIC(INTERSECTIONS ONLY),2,36096,2,0,1,0,1,2,1,1,Cross intersection,2,50,Local Road,30-39,Serious injury,Bicyclists
T20150006302,3/24/2015,14:47:00,1,Collision with vehicle,3,Tuesday,147,VEHICLE STRIKES ANOTHER VEH WHILE EMERGING FROM DRIVEWAY,1,288219,2,0,0,1,1,2,1,2,T intersection,3,70,Arterial Highway,30-39,Other injury,Bicyclists
T20150006310,3/25/2015,8:35:00,1,Collision with vehicle,4,Wednesday,121,RIGHT THROUGH,1,287167,2,0,0,1,1,2,1,5,Not at intersection,3,60,Local Road,22-25,Other injury,Bicyclists
T20150006313,3/24/2015,18:45:00,1,Collision with vehicle,3,Tuesday,163,VEHICLE STRIKES DOOR OF PARKED/STATIONARY VEHICLE,3,287132,2,0,0,1,3,4,2,5,Not at intersection,3,40,Arterial Other,26-29,Other injury,Bicyclists
T20150006325,3/25/2015,7:55:00,1,Collision with vehicle,4,Wednesday,163,VEHICLE STRIKES DOOR OF PARKED/STATIONARY VEHICLE,2,287185,2,0,0,1,1,2,1,2,T intersection,3,60,Arterial Other,30-39,Other injury,Bicyclists
T20150006329,3/25/2015,12:46:00,1,Collision with vehicle,4,Wednesday,121,RIGHT THROUGH,1,752,2,0,1,0,1,2,1,2,T intersection,2,60,Arterial Other,50-59,Serious injury,Bicyclists
T20150006334,3/21/2015,15:00:00,1,Collision with vehicle,7,Saturday,147,VEHICLE STRIKES ANOTHER VEH WHILE EMERGING FROM DRIVEWAY,1,287369,2,0,0,1,0,1,2,5,Not at intersection,3,999,Uknown,65-69,Other injury,Bicyclists
T20150006339,8/30/2014,17:00:00,8,No collision and no object struck,7,Saturday,174,OUT OF CONTROL ON CARRIAGEWAY (ON STRAIGHT),2,287078,2,0,0,1,0,1,2,5,Not at intersection,3,60,Arterial Other,18-21,Other injury,Bicyclists
T20150006342,3/25/2015,12:34:00,1,Collision with vehicle,4,Wednesday,133,LANE SIDE SWIPE (VEHICLES IN PARALLEL LANES),1,45637,2,0,0,1,1,2,2,2,T intersection,3,60,Arterial Other,30-39,Other injury,Bicyclists
T20150006360,3/25/2015,16:30:00,1,Collision with vehicle,4,Wednesday,110,CROSS TRAFFIC(INTERSECTIONS ONLY),1,41423,2,0,1,0,3,4,1,1,Cross intersection,2,60,Local Road,40-49,Serious injury,Bicyclists
T20150006365,3/25/2015,19:18:00,1,Collision with vehicle,4,Wednesday,163,VEHICLE STRIKES DOOR OF PARKED/STATIONARY VEHICLE,2,287119,2,0,1,0,2,3,1,5,Not at intersection,2,60,Arterial Other,40-49,Serious injury,Bicyclists
T20150006366,3/25/2015,18:00:00,1,Collision with vehicle,4,Wednesday,121,RIGHT THROUGH,2,35989,2,0,0,1,1,2,2,1,Cross intersection,3,50,Local Road,30-39,Other injury,Bicyclists
T20150006390,3/26/2015,8:56:00,1,Collision with vehicle,4,Thursday,110,CROSS TRAFFIC(INTERSECTIONS ONLY),1,43734,2,0,0,1,1,2,1,1,Cross intersection,3,60,Local Road,40-49,Other injury,Bicyclists
T20150006396,3/25/2015,18:00:00,1,Collision with vehicle,3,Wednesday,121,RIGHT THROUGH,2,29459,2,0,0,1,1,2,2,2,T intersection,3,60,Arterial Other,30-39,Other injury,Bicyclists
T20150006397,3/22/2015,11:30:00,1,Collision with vehicle,1,Sunday,110,CROSS TRAFFIC(INTERSECTIONS ONLY),1,286657,2,0,0,1,1,2,2,1,Cross intersection,3,60,Local Road,18-21,Other injury,Bicyclists
T20150006398,3/18/2015,18:40:00,8,No collision and no object struck,4,Wednesday,174,OUT OF CONTROL ON CARRIAGEWAY (ON STRAIGHT),2,36399,2,0,1,0,0,1,2,1,Cross intersection,2,50,Local Road,30-39,Serious injury,Bicyclists
T20150006402,3/14/2015,9:00:00,1,Collision with vehicle,7,Saturday,148,VEHICLE OFF FOOTPATH STRIKES VEH ON CARRIAGEWAY,1,270204,2,0,0,1,1,2,2,2,T intersection,3,999,Local Road,50-59,Other injury,Bicyclists
T20150006405,3/25/2015,18:20:00,1,Collision with vehicle,4,Wednesday,140,U TURN,2,287165,2,0,0,2,0,2,1,5,Not at intersection,3,60,Local Road,30-39,Other injury,Bicyclists
T20150006412,3/6/2015,10:45:00,1,Collision with vehicle,5,Friday,148,VEHICLE OFF FOOTPATH STRIKES VEH ON CARRIAGEWAY,1,29394,2,0,0,1,1,2,2,2,T intersection,3,60,Arterial Highway,26-29,Other injury,Bicyclists
T20150006416,3/22/2015,18:15:00,1,Collision with vehicle,0,Sunday,163,VEHICLE STRIKES DOOR OF PARKED/STATIONARY VEHICLE,2,292598,2,0,0,1,1,2,2,1,Cross intersection,3,60,Arterial Other,26-29,Other injury,Bicyclists
T20150006417,3/25/2015,9:30:00,1,Collision with vehicle,3,Wednesday,163,VEHICLE STRIKES DOOR OF PARKED/STATIONARY VEHICLE,9,287177,2,0,0,1,1,2,2,5,Not at intersection,3,60,Arterial Other,50-59,Other injury,Bicyclists
T20150006431,3/26/2015,15:05:00,1,Collision with vehicle,5,Thursday,147,VEHICLE STRIKES ANOTHER VEH WHILE EMERGING FROM DRIVEWAY,1,287364,2,0,1,0,1,2,2,2,T intersection,2,60,Local Road,40-49,Serious injury,Bicyclists
T20150006474,2/27/2015,20:23:00,1,Collision with vehicle,6,Friday,116,LEFT NEAR (INTERSECTIONS ONLY),3,29908,2,0,0,1,1,2,1,1,Cross intersection,3,80,Uknown,26-29,Other injury,Bicyclists