ACCIDENT_NO,ACCIDENT_DATE,ACCIDENT_TIME,ACCIDENT_TYPE,ACCIDENT_TYPE_DESC,DAY_OF_WEEK,DAY_WEEK_DESC,DCA_CODE,DCA_DESC,LIGHT_CONDITION,NODE_ID,NO_OF_VEHICLES,NO_PERSONS_KILLED,NO_PERSONS_INJ_2,NO_PERSONS_INJ_3,NO_PERSONS_NOT_INJ,NO_PERSONS,POLICE_ATTEND,ROAD_GEOMETRY,ROAD_GEOMETRY_DESC,SEVERITY,SPEED_ZONE,RMA,AGE_GROUP,INJ_LEVEL,ROAD_USER_TYPE_DESC
T20150006497,3/25/2015,17:30:00,8,No collision and no object struck,4,Wednesday,174,OUT OF CONTROL ON CARRIAGEWAY (ON STRAIGHT),2,287199,2,0,0,1,0,1,2,5,Not at intersection,3,50,Arterial Other,30-39,Other injury,Bicyclists
T20150006530,3/25/2015,19:00:00,1,Collision with vehicle,4,Wednesday,130,REAR END(VEHICLES IN SAME LANE),2,287454,2,0,0,1,1,2,2,5,Not at intersection,3,100,Uknown,40-49,Other injury,Bicyclists
T20150006536,3/27/2015,15:25:00,1,Collision with vehicle,6,Friday,148,VEHICLE OFF FOOTPATH STRIKES VEH ON CARRIAGEWAY,1,287313,2,0,0,1,1,2,1,2,T intersection,3,50,Local Road,13-15,Other injury,Bicyclists
T20150006587,3/28/2015,12:30:00,1,Collision with vehicle,7,Saturday,147,VEHICLE STRIKES ANOTHER VEH WHILE EMERGING FROM DRIVEWAY,1,287807,2,0,0,1,1,2,1,5,Not at intersection,3,50,Local Road,18-21,Other injury,Bicyclists
T20150006620,3/26/2015,17:42:00,8,No collision and no object struck,5,Thursday,198,OTHER ACCIDENTS NOT CLASSIFIABLE ELSEWHERE,2,287252,1,0,1,0,0,1,1,5,Not at intersection,2,60,Arterial Other,30-39,Serious injury,Bicyclists
T20150006622,3/28/2015,19:10:00,8,No collision and no object struck,7,Saturday,170,OFF CARRIAGEWAY TO LEFT,2,287542,1,0,1,0,0,1,1,5,Not at intersection,2,40,Uknown,50-59,Serious injury,Bicyclists
T20150006627,3/28/2015,19:34:00,1,Collision with vehicle,7,Saturday,137,LEFT TURN SIDESWIPE,3,36584,2,0,0,1,1,2,1,2,T intersection,3,50,Local Road,26-29,Other injury,Bicyclists
T20150006654,3/29/2015,10:30:00,1,Collision with vehicle,1,Sunday,163,VEHICLE STRIKES DOOR OF PARKED/STATIONARY VEHICLE,1,287242,3,0,1,0,3,4,1,2,T intersection,2,40,Local Road,40-49,Serious injury,Bicyclists
T20150006658,3/29/2015,10:45:00,1,Collision with vehicle,1,Sunday,116,LEFT NEAR (INTERSECTIONS ONLY),1,61611,2,0,0,1,1,2,1,1,Cross intersection,3,80,Arterial Other,70+,Other injury,Bicyclists
T20150006698,3/29/2015,17:35:00,1,Collision with vehicle,1,Sunday,116,LEFT NEAR (INTERSECTIONS ONLY),2,287450,2,0,0,1,1,2,1,1,Cross intersection,3,40,Local Road,22-25,Other injury,Bicyclists
T20150006726,3/30/2015,8:55:00,1,Collision with vehicle,1,Monday,137,LEFT TURN SIDESWIPE,1,38815,2,0,0,1,1,2,1,2,T intersection,3,70,Arterial Other,30-39,Other injury,Bicyclists
T20150006756,3/20/2015,6:20:00,1,Collision with vehicle,6,Friday,130,REAR END(VEHICLES IN SAME LANE),2,287346,2,0,0,1,0,1,2,5,Not at intersection,3,50,Local Road,40-49,Other injury,Bicyclists
T20150006761,3/7/2015,11:30:00,8,No collision and no object struck,7,Saturday,174,OUT OF CONTROL ON CARRIAGEWAY (ON STRAIGHT),9,54738,2,0,1,0,0,1,2,4,Multiple intersection,2,999,Freeway,50-59,Serious injury,Bicyclists
T20150006764,2/28/2015,21:30:00,1,Collision with vehicle,7,Saturday,139,OTHER SAME DIRECTION-MANOUEVRES NOT INCLUDED IN DCAs 130-137,3,356866,2,0,0,1,1,2,2,2,T intersection,3,999,Local Road,18-21,Other injury,Bicyclists
T20150006771,3/30/2015,19:45:00,1,Collision with vehicle,2,Monday,110,CROSS TRAFFIC(INTERSECTIONS ONLY),2,221867,2,0,0,1,1,2,1,4,Multiple intersection,3,50,Local Road,26-29,Other injury,Bicyclists
T20150006793,3/24/2015,17:50:00,1,Collision with vehicle,3,Tuesday,116,LEFT NEAR (INTERSECTIONS ONLY),2,39172,2,0,1,0,1,2,2,2,T intersection,2,60,Arterial Other,50-59,Serious injury,Bicyclists
T20150006798,2/23/2014,15:00:00,1,Collision with vehicle,1,Sunday,148,VEHICLE OFF FOOTPATH STRIKES VEH ON CARRIAGEWAY,9,260,2,0,0,1,1,2,2,1,Cross intersection,3,60,Arterial Highway,65-69,Other injury,Bicyclists
T20150006816,3/31/2015,13:35:00,1,Collision with vehicle,3,Tuesday,121,RIGHT THROUGH,1,36489,2,0,0,1,1,2,1,1,Cross intersection,3,40,Local Road,40-49,Other injury,Bicyclists
T20150006821,11/12/2014,16:30:00,1,Collision with vehicle,4,Wednesday,121,RIGHT THROUGH,1,287367,2,0,0,1,1,2,2,5,Not at intersection,3,50,Uknown,30-39,Other injury,Bicyclists
T20150006836,3/31/2015,11:20:00,1,Collision with vehicle,3,Tuesday,130,REAR END(VEHICLES IN SAME LANE),1,289820,6,0,1,1,0,2,1,5,Not at intersection,2,60,Uknown,40-49,Serious injury,Bicyclists
T20150006837,3/31/2015,14:45:00,1,Collision with vehicle,3,Tuesday,134,LANE CHANGE RIGHT (NOT OVERTAKING),1,287371,2,0,0,1,1,2,1,5,Not at intersection,3,60,Arterial Other,18-21,Other injury,Bicyclists
T20150006844,3/30/2015,16:20:00,1,Collision with vehicle,1,Monday,163,VEHICLE STRIKES DOOR OF PARKED/STATIONARY VEHICLE,1,295476,2,0,0,1,1,2,2,5,Not at intersection,3,60,Local Road,40-49,Other injury,Bicyclists
T20150006855,3/31/2015,17:45:00,1,Collision with vehicle,3,Tuesday,121,RIGHT THROUGH,2,37705,2,0,1,0,1,2,1,1,Cross intersection,2,60,Arterial Other,50-59,Serious injury,Bicyclists
T20150006858,3/31/2015,11:00:00,1,Collision with vehicle,3,Tuesday,133,LANE SIDE SWIPE (VEHICLES IN PARALLEL LANES),9,287407,2,0,0,1,1,2,2,5,Not at intersection,3,50,Local Road,22-25,Other injury,Bicyclists
T20150006860,3/31/2015,17:30:00,1,Collision with vehicle,2,Tuesday,121,RIGHT THROUGH,2,29371,2,0,0,1,1,2,1,1,Cross intersection,3,60,Arterial Other,26-29,Other injury,Bicyclists
T20150006863,3/31/2015,20:40:00,1,Collision with vehicle,3,Tuesday,113,RIGHT NEAR (INTERSECTIONS ONLY),3,60986,2,0,0,2,0,2,1,2,T intersection,3,60,Local Road,26-29,Other injury,Bicyclists
T20150006952,4/2/2015,7:15:00,8,No collision and no object struck,5,Thursday,170,OFF CARRIAGEWAY TO LEFT,2,296233,1,0,0,1,0,1,1,5,Not at intersection,3,60,Arterial Other,26-29,Other injury,Bicyclists
T20150007023,4/2/2015,18:05:00,1,Collision with vehicle,5,Thursday,163,VEHICLE STRIKES DOOR OF PARKED/STATIONARY VEHICLE,2,35356,2,0,0,1,2,3,1,1,Cross intersection,3,40,Local Road,30-39,Other injury,Bicyclists
T20150007034,3/31/2015,18:30:00,1,Collision with vehicle,3,Tuesday,147,VEHICLE STRIKES ANOTHER VEH WHILE EMERGING FROM DRIVEWAY,2,287891,2,0,0,1,1,2,2,5,Not at intersection,3,999,Arterial Other,26-29,Other injury,Bicyclists
T20150007037,4/3/2015,9:10:00,1,Collision with vehicle,6,Friday,116,LEFT NEAR (INTERSECTIONS ONLY),1,29908,2,0,1,0,2,3,1,1,Cross intersection,2,80,Uknown,50-59,Serious injury,Bicyclists
T20150007040,4/3/2015,8:45:00,1,Collision with vehicle,5,Friday,137,LEFT TURN SIDESWIPE,1,274307,2,0,0,1,1,2,2,5,Not at intersection,3,60,Arterial Other,26-29,Other injury,Bicyclists
T20150007058,3/28/2015,17:30:00,1,Collision with vehicle,7,Saturday,121,RIGHT THROUGH,2,37684,2,0,1,0,1,2,2,2,T intersection,2,40,Local Road,22-25,Serious injury,Bicyclists
T20150007073,3/29/2015,11:00:00,1,Collision with vehicle,1,Sunday,147,VEHICLE STRIKES ANOTHER VEH WHILE EMERGING FROM DRIVEWAY,1,288567,2,0,0,1,1,2,2,5,Not at intersection,3,50,Local Road,45424,Other injury,Bicyclists
T20150007076,4/3/2015,15:15:00,1,Collision with vehicle,6,Friday,130,REAR END(VEHICLES IN SAME LANE),1,287503,2,0,1,0,3,4,1,5,Not at intersection,2,50,Arterial Other,40-49,Serious injury,Bicyclists
T20150007094,4/3/2015,17:15:00,1,Collision with vehicle,6,Friday,116,LEFT NEAR (INTERSECTIONS ONLY),2,758,2,0,0,1,1,2,1,1,Cross intersection,3,60,Local Road,60-64,Other injury,Bicyclists
T20150007106,4/4/2015,8:00:00,1,Collision with vehicle,7,Saturday,121,RIGHT THROUGH,1,41699,2,0,1,0,1,2,1,2,T intersection,2,60,Arterial Other,40-49,Serious injury,Bicyclists
T20150007111,4/4/2015,11:15:00,8,No collision and no object struck,7,Saturday,174,OUT OF CONTROL ON CARRIAGEWAY (ON STRAIGHT),1,287491,1,0,0,1,0,1,1,5,Not at intersection,3,100,Arterial Other,30-39,Other injury,Bicyclists
T20150007112,4/1/2015,18:15:00,1,Collision with vehicle,4,Wednesday,163,VEHICLE STRIKES DOOR OF PARKED/STATIONARY VEHICLE,6,287616,2,0,1,0,1,2,2,5,Not at intersection,2,999,Uknown,26-29,Serious injury,Bicyclists
T20150007169,3/23/2015,16:00:00,1,Collision with vehicle,2,Monday,147,VEHICLE STRIKES ANOTHER VEH WHILE EMERGING FROM DRIVEWAY,1,287721,2,0,0,1,1,2,2,5,Not at intersection,3,40,Uknown,16-17,Other injury,Bicyclists
T20150007185,4/5/2015,15:17:00,1,Collision with vehicle,1,Sunday,110,CROSS TRAFFIC(INTERSECTIONS ONLY),1,39973,2,0,0,1,1,2,1,1,Cross intersection,3,50,Local Road,18-21,Other injury,Bicyclists
T20150007212,4/6/2015,6:50:00,1,Collision with vehicle,2,Monday,116,LEFT NEAR (INTERSECTIONS ONLY),2,37235,2,0,0,1,1,2,1,1,Cross intersection,3,70,Uknown,65-69,Other injury,Bicyclists
T20150007213,4/4/2015,9:35:00,1,Collision with vehicle,7,Saturday,133,LANE SIDE SWIPE (VEHICLES IN PARALLEL LANES),1,291432,2,0,0,1,1,2,2,5,Not at intersection,3,999,Arterial Other,30-39,Other injury,Bicyclists
T20150007231,4/6/2015,12:15:00,1,Collision with vehicle,1,Monday,163,VEHICLE STRIKES DOOR OF PARKED/STATIONARY VEHICLE,1,357601,2,0,1,0,2,3,1,5,Not at intersection,2,60,Uknown,26-29,Serious injury,Bicyclists
T20150007245,4/2/2015,19:00:00,1,Collision with vehicle,5,Thursday,133,LANE SIDE SWIPE (VEHICLES IN PARALLEL LANES),9,40142,2,0,0,1,0,1,2,1,Cross intersection,3,60,Local Road,70+,Other injury,Bicyclists
T20150007285,4/7/2015,10:40:00,1,Collision with vehicle,3,Tuesday,121,RIGHT THROUGH,1,287599,2,0,1,0,1,2,1,5,Not at intersection,2,60,Arterial Other,40-49,Serious injury,Bicyclists
T20150007329,4/7/2015,10:15:00,8,No collision and no object struck,3,Tuesday,174,OUT OF CONTROL ON CARRIAGEWAY (ON STRAIGHT),1,39011,2,0,0,1,0,1,2,2,T intersection,3,60,Local Road,65-69,Other injury,Bicyclists
T20150007402,4/8/2015,16:10:00,1,Collision with vehicle,4,Wednesday,130,REAR END(VEHICLES IN SAME LANE),1,289419,2,0,1,0,1,2,1,5,Not at intersection,2,80,Local Road,50-59,Serious injury,Bicyclists
T20150007434,4/9/2015,7:01:00,1,Collision with vehicle,5,Thursday,133,LANE SIDE SWIPE (VEHICLES IN PARALLEL LANES),2,287977,2,0,1,0,1,2,1,5,Not at intersection,2,60,Arterial Other,60-64,Serious injury,Bicyclists
T20150007440,4/9/2015,8:45:00,1,Collision with vehicle,5,Thursday,133,LANE SIDE SWIPE (VEHICLES IN PARALLEL LANES),1,288811,2,0,1,0,1,2,2,5,Not at intersection,2,80,Uknown,50-59,Serious injury,Bicyclists
T20150007467,4/9/2015,7:05:00,1,Collision with vehicle,5,Thursday,110,CROSS TRAFFIC(INTERSECTIONS ONLY),2,39198,2,0,1,0,1,2,1,1,Cross intersection,2,60,Arterial Other,50-59,Serious injury,Bicyclists
T20150007474,2/26/2015,16:05:00,1,Collision with vehicle,5,Thursday,148,VEHICLE OFF FOOTPATH STRIKES VEH ON CARRIAGEWAY,1,287748,2,0,0,1,1,2,1,5,Not at intersection,3,60,Local Road,70+,Other injury,Bicyclists
T20150007476,4/8/2015,17:00:00,1,Collision with vehicle,4,Wednesday,143,ENTERING PARKING,2,287718,2,0,1,0,0,1,2,5,Not at intersection,2,40,Local Road,22-25,Serious injury,Bicyclists
T20150007507,4/9/2015,17:35:00,1,Collision with vehicle,5,Thursday,121,RIGHT THROUGH,2,57663,2,0,0,1,1,2,2,1,Cross intersection,3,60,Arterial Other,22-25,Other injury,Bicyclists
T20150007514,4/7/2015,9:40:00,1,Collision with vehicle,3,Tuesday,137,LEFT TURN SIDESWIPE,1,29373,2,0,0,1,0,1,2,1,Cross intersection,3,60,Uknown,40-49,Other injury,Bicyclists
T20150007516,4/10/2015,8:15:00,1,Collision with vehicle,6,Friday,137,LEFT TURN SIDESWIPE,1,53272,2,0,0,1,2,3,1,2,T intersection,3,60,Local Road,30-39,Other injury,Bicyclists
T20150007518,4/10/2015,10:00:00,1,Collision with vehicle,6,Friday,137,LEFT TURN SIDESWIPE,1,288142,2,0,0,1,3,4,1,5,Not at intersection,3,60,Arterial Other,30-39,Other injury,Bicyclists
T20150007533,4/8/2015,8:30:00,1,Collision with vehicle,4,Wednesday,137,LEFT TURN SIDESWIPE,1,287768,2,0,1,0,1,2,2,2,T intersection,2,999,Arterial Other,30-39,Serious injury,Bicyclists
T20150007534,4/9/2015,18:50:00,1,Collision with vehicle,5,Thursday,121,RIGHT THROUGH,2,63937,2,0,0,1,1,2,2,2,T intersection,3,999,Local Road,22-25,Other injury,Bicyclists
T20150007550,3/16/2015,17:00:00,1,Collision with vehicle,2,Monday,147,VEHICLE STRIKES ANOTHER VEH WHILE EMERGING FROM DRIVEWAY,2,287883,2,0,0,1,0,1,2,5,Not at intersection,3,60,Arterial Other,40-49,Other injury,Bicyclists
T20150007554,4/10/2015,15:54:00,1,Collision with vehicle,5,Friday,130,REAR END(VEHICLES IN SAME LANE),1,36335,2,0,1,0,0,1,1,1,Cross intersection,2,50,Arterial Other,26-29,Serious injury,Bicyclists
T20150007602,4/11/2015,13:43:00,1,Collision with vehicle,7,Saturday,110,CROSS TRAFFIC(INTERSECTIONS ONLY),1,259670,2,0,0,1,2,3,1,1,Cross intersection,3,100,Local Road,45424,Other injury,Bicyclists
T20150007605,4/11/2015,13:30:00,8,No collision and no object struck,7,Saturday,170,OFF CARRIAGEWAY TO LEFT,1,287897,1,0,1,0,0,1,1,5,Not at intersection,2,60,Local Road,50-59,Serious injury,Bicyclists
T20150007627,4/11/2015,16:05:00,1,Collision with vehicle,7,Saturday,121,RIGHT THROUGH,1,36875,2,0,1,0,1,2,1,1,Cross intersection,2,60,Arterial Other,50-59,Serious injury,Bicyclists
T20150007662,4/11/2015,21:00:00,1,Collision with vehicle,7,Saturday,139,OTHER SAME DIRECTION-MANOUEVRES NOT INCLUDED IN DCAs 130-137,3,71378,2,0,0,1,0,1,1,1,Cross intersection,3,50,Local Road,40-49,Other injury,Bicyclists
T20150007671,4/12/2015,12:40:00,1,Collision with vehicle,1,Sunday,133,LANE SIDE SWIPE (VEHICLES IN PARALLEL LANES),1,287928,2,0,0,1,3,4,1,5,Not at intersection,3,60,Local Road,70+,Other injury,Bicyclists
T20150007689,4/12/2015,15:30:00,1,Collision with vehicle,1,Sunday,153,CUTTING IN (OVERTAKING),1,287833,2,0,0,1,1,2,2,5,Not at intersection,3,60,Uknown,40-49,Other injury,Bicyclists
T20150007716,4/10/2015,14:30:00,1,Collision with vehicle,6,Friday,163,VEHICLE STRIKES DOOR OF PARKED/STATIONARY VEHICLE,1,289038,2,0,1,0,1,2,2,5,Not at intersection,2,40,Local Road,26-29,Serious injury,Bicyclists
T20150007725,4/13/2015,12:00:00,1,Collision with vehicle,1,Monday,110,CROSS TRAFFIC(INTERSECTIONS ONLY),1,49930,2,0,1,0,1,2,1,1,Cross intersection,2,60,Local Road,70+,Serious injury,Bicyclists
T20150007750,4/13/2015,18:36:00,8,No collision and no object struck,2,Monday,174,OUT OF CONTROL ON CARRIAGEWAY (ON STRAIGHT),3,29650,2,0,1,0,1,2,1,1,Cross intersection,2,60,Arterial Other,30-39,Serious injury,Bicyclists
T20150007756,4/13/2015,21:00:00,1,Collision with vehicle,2,Monday,137,LEFT TURN SIDESWIPE,3,287884,2,0,0,2,0,2,2,2,T intersection,3,60,Local Road,30-39,Other injury,Bicyclists
T20150007762,4/12/2015,14:00:00,1,Collision with vehicle,1,Sunday,116,LEFT NEAR (INTERSECTIONS ONLY),1,289157,2,0,1,0,1,2,2,2,T intersection,2,40,Arterial Other,40-49,Serious injury,Bicyclists
T20150007773,4/14/2015,6:45:00,1,Collision with vehicle,3,Tuesday,116,LEFT NEAR (INTERSECTIONS ONLY),2,41725,2,0,1,0,2,3,1,2,T intersection,2,60,Arterial Other,50-59,Serious injury,Bicyclists
T20150007777,4/14/2015,8:40:00,1,Collision with vehicle,3,Tuesday,121,RIGHT THROUGH,1,37693,2,0,0,1,2,3,2,2,T intersection,3,40,Local Road,30-39,Other injury,Bicyclists
T20150007884,4/15/2015,9:10:00,1,Collision with vehicle,4,Wednesday,121,RIGHT THROUGH,1,66308,2,0,0,1,1,2,1,2,T intersection,3,60,Arterial Other,22-25,Other injury,Bicyclists
T20150007902,4/15/2015,9:16:00,1,Collision with vehicle,4,Wednesday,135,LANE CHANGE LEFT (NOT OVERTAKING),1,288330,2,0,0,1,1,2,2,5,Not at intersection,3,40,Local Road,22-25,Other injury,Bicyclists
T20150007907,4/14/2015,16:10:00,1,Collision with vehicle,3,Tuesday,112,LEFT FAR (INTERSECTIONS ONLY),1,43370,2,0,0,1,1,2,1,2,T intersection,3,60,Arterial Other,30-39,Other injury,Bicyclists
T20150007914,4/14/2015,17:40:00,1,Collision with vehicle,3,Tuesday,147,VEHICLE STRIKES ANOTHER VEH WHILE EMERGING FROM DRIVEWAY,2,287994,2,0,0,1,1,2,1,5,Not at intersection,3,999,Arterial Other,30-39,Other injury,Bicyclists
T20150007926,4/2/2015,20:00:00,1,Collision with vehicle,5,Thursday,163,VEHICLE STRIKES DOOR OF PARKED/STATIONARY VEHICLE,6,29396,2,0,0,1,1,2,2,1,Cross intersection,3,40,Local Road,22-25,Other injury,Bicyclists
T20150007932,4/15/2015,17:30:00,1,Collision with vehicle,3,Wednesday,121,RIGHT THROUGH,2,287984,2,0,0,1,1,2,1,5,Not at intersection,3,50,Local Road,40-49,Other injury,Bicyclists
T20150007936,4/15/2015,19:23:00,1,Collision with vehicle,4,Wednesday,136,RIGHT TURN SIDESWIPE,3,37735,2,0,0,1,1,2,1,2,T intersection,3,60,Arterial Other,22-25,Other injury,Bicyclists
T20150007952,4/9/2015,12:00:00,1,Collision with vehicle,5,Thursday,163,VEHICLE STRIKES DOOR OF PARKED/STATIONARY VEHICLE,1,289932,2,0,1,0,1,2,1,2,T intersection,2,50,Arterial Highway,Unknown,Serious injury,Bicyclists
T20150007961,4/16/2015,5:55:00,1,Collision with vehicle,5,Thursday,113,RIGHT NEAR (INTERSECTIONS ONLY),3,251419,2,0,1,0,1,2,1,2,T intersection,2,80,Arterial Highway,50-59,Serious injury,Bicyclists
T20150007973,4/14/2015,7:55:00,1,Collision with vehicle,3,Tuesday,110,CROSS TRAFFIC(INTERSECTIONS ONLY),2,288043,2,0,0,1,1,2,2,1,Cross intersection,3,50,Local Road,16-17,Other injury,Bicyclists
T20150007981,4/14/2015,8:30:00,1,Collision with vehicle,3,Tuesday,137,LEFT TURN SIDESWIPE,1,35492,2,0,0,1,2,3,2,2,T intersection,3,40,Local Road,16-17,Other injury,Bicyclists
T20150007999,4/16/2015,6:40:00,1,Collision with vehicle,5,Thursday,110,CROSS TRAFFIC(INTERSECTIONS ONLY),2,52897,2,0,0,1,1,2,2,1,Cross intersection,3,60,Arterial Other,30-39,Other injury,Bicyclists
T20150008014,4/16/2015,6:58:00,1,Collision with vehicle,4,Thursday,130,REAR END(VEHICLES IN SAME LANE),2,288071,2,0,0,1,1,2,2,2,T intersection,3,60,Local Road,26-29,Other injury,Bicyclists
T20150008051,4/6/2015,12:50:00,1,Collision with vehicle,1,Monday,116,LEFT NEAR (INTERSECTIONS ONLY),1,861,2,0,0,1,1,2,2,2,T intersection,3,60,Local Road,30-39,Other injury,Bicyclists
T20150008061,4/17/2015,9:00:00,8,No collision and no object struck,6,Friday,174,OUT OF CONTROL ON CARRIAGEWAY (ON STRAIGHT),1,178,1,0,0,1,0,1,2,2,T intersection,3,40,Local Road,50-59,Other injury,Bicyclists
T20150008119,4/16/2015,18:00:00,1,Collision with vehicle,5,Thursday,163,VEHICLE STRIKES DOOR OF PARKED/STATIONARY VEHICLE,2,289805,2,0,1,0,2,3,2,5,Not at intersection,2,60,Uknown,30-39,Serious injury,Bicyclists
T20150008146,4/18/2015,8:40:00,8,No collision and no object struck,7,Saturday,174,OUT OF CONTROL ON CARRIAGEWAY (ON STRAIGHT),1,288073,1,0,1,0,0,1,1,5,Not at intersection,2,60,Arterial Other,30-39,Serious injury,Bicyclists
T20150008173,4/18/2015,10:50:00,1,Collision with vehicle,7,Saturday,121,RIGHT THROUGH,1,40667,2,0,0,1,1,2,1,2,T intersection,3,60,Arterial Other,40-49,Other injury,Bicyclists
T20150008182,4/11/2015,19:45:00,1,Collision with vehicle,7,Saturday,121,RIGHT THROUGH,3,288840,2,0,1,0,1,2,1,2,T intersection,2,50,Local Road,40-49,Serious injury,Bicyclists
T20150008203,4/18/2015,17:30:00,1,Collision with vehicle,7,Saturday,163,VEHICLE STRIKES DOOR OF PARKED/STATIONARY VEHICLE,2,289927,2,0,0,1,3,4,1,5,Not at intersection,3,40,Arterial Other,40-49,Other injury,Bicyclists
T20150008240,4/19/2015,10:00:00,1,Collision with vehicle,1,Sunday,130,REAR END(VEHICLES IN SAME LANE),1,291165,2,0,0,1,1,2,1,5,Not at intersection,3,60,Arterial Other,40-49,Other injury,Bicyclists
T20150008247,4/19/2015,12:20:00,1,Collision with vehicle,1,Sunday,121,RIGHT THROUGH,1,54254,2,0,0,1,3,4,1,2,T intersection,3,70,Arterial Other,60-64,Other injury,Bicyclists
T20150008252,4/19/2015,13:00:00,1,Collision with vehicle,0,Sunday,139,OTHER SAME DIRECTION-MANOUEVRES NOT INCLUDED IN DCAs 130-137,1,291386,2,0,0,1,0,1,1,5,Not at intersection,3,50,Local Road,45424,Other injury,Bicyclists
T20150008269,4/18/2015,9:00:00,8,No collision and no object struck,6,Saturday,174,OUT OF CONTROL ON CARRIAGEWAY (ON STRAIGHT),1,288183,1,0,0,1,0,1,2,5,Not at intersection,3,50,Local Road,22-25,Other injury,Bicyclists
T20150008271,4/14/2015,8:40:00,1,Collision with vehicle,3,Tuesday,121,RIGHT THROUGH,1,293249,2,0,0,1,1,2,2,5,Not at intersection,3,999,Arterial Other,30-39,Other injury,Bicyclists
T20150008273,4/17/2015,18:30:00,1,Collision with vehicle,6,Friday,163,VEHICLE STRIKES DOOR OF PARKED/STATIONARY VEHICLE,3,189521,2,0,0,1,1,2,2,5,Not at intersection,3,999,Local Road,30-39,Other injury,Bicyclists
T20150008339,4/20/2015,16:20:00,1,Collision with vehicle,2,Monday,121,RIGHT THROUGH,1,43332,2,0,0,1,1,2,1,2,T intersection,3,60,Local Road,65-69,Other injury,Bicyclists
T20150008342,4/18/2015,16:04:00,1,Collision with vehicle,7,Saturday,148,VEHICLE OFF FOOTPATH STRIKES VEH ON CARRIAGEWAY,1,288276,2,0,1,1,0,2,1,5,Not at intersection,2,60,Local Road,13-15,Serious injury,Bicyclists
T20150008377,4/20/2015,9:50:00,1,Collision with vehicle,2,Monday,121,RIGHT THROUGH,1,66257,2,0,0,1,1,2,2,2,T intersection,3,60,Arterial Other,40-49,Other injury,Bicyclists
T20150008387,4/21/2015,11:00:00,1,Collision with vehicle,3,Tuesday,131,LEFT REAR,1,64176,2,0,0,1,1,2,2,2,T intersection,3,50,Local Road,50-59,Other injury,Bicyclists
T20150008427,3/4/2015,14:00:00,8,No collision and no object struck,4,Wednesday,174,OUT OF CONTROL ON CARRIAGEWAY (ON STRAIGHT),1,288299,1,0,0,1,0,1,2,5,Not at intersection,3,999,Local Road,50-59,Other injury,Bicyclists
T20150008432,4/21/2015,17:30:00,1,Collision with vehicle,3,Tuesday,132,RIGHT REAR.,2,288432,2,0,1,0,1,2,1,2,T intersection,2,80,Uknown,50-59,Serious injury,Bicyclists
T20150008436,4/21/2015,18:30:00,1,Collision with vehicle,3,Tuesday,147,VEHICLE STRIKES ANOTHER VEH WHILE EMERGING FROM DRIVEWAY,3,288448,2,0,0,1,1,2,1,5,Not at intersection,3,50,Local Road,26-29,Other injury,Bicyclists
T20150008459,4/22/2015,7:15:00,8,No collision and no object struck,4,Wednesday,174,OUT OF CONTROL ON CARRIAGEWAY (ON STRAIGHT),2,43974,2,0,0,1,2,3,1,2,T intersection,3,80,Arterial Highway,65-69,Other injury,Bicyclists
T20150008466,4/22/2015,9:30:00,1,Collision with vehicle,4,Wednesday,121,RIGHT THROUGH,1,40373,2,0,0,1,1,2,1,2,T intersection,3,999,Arterial Other,60-64,Other injury,Bicyclists
T20150008476,4/17/2015,14:15:00,1,Collision with vehicle,6,Friday,163,VEHICLE STRIKES DOOR OF PARKED/STATIONARY VEHICLE,1,289154,2,0,0,1,1,2,2,5,Not at intersection,3,40,Arterial Other,18-21,Other injury,Bicyclists
T20150008479,4/3/2015,21:30:00,1,Collision with vehicle,6,Friday,110,CROSS TRAFFIC(INTERSECTIONS ONLY),3,45005,2,0,0,1,1,2,2,1,Cross intersection,3,60,Arterial Other,50-59,Other injury,Bicyclists
T20150008499,4/22/2015,14:45:00,8,No collision and no object struck,4,Wednesday,184,OUT OF CONTROL ON CARRIAGEWAY (ON BEND),1,290663,1,0,1,0,0,1,2,5,Not at intersection,2,50,Local Road,60-64,Serious injury,Bicyclists
T20150008579,4/23/2015,7:52:00,1,Collision with vehicle,4,Thursday,137,LEFT TURN SIDESWIPE,2,1140,2,0,0,1,0,1,2,2,T intersection,3,70,Arterial Other,18-21,Other injury,Bicyclists
T20150008607,4/24/2015,7:54:00,1,Collision with vehicle,6,Friday,147,VEHICLE STRIKES ANOTHER VEH WHILE EMERGING FROM DRIVEWAY,1,288716,2,0,0,1,1,2,1,5,Not at intersection,3,60,Arterial Other,40-49,Other injury,Bicyclists
T20150008627,4/24/2015,11:00:00,1,Collision with vehicle,6,Friday,136,RIGHT TURN SIDESWIPE,1,291689,2,0,1,0,1,2,1,5,Not at intersection,2,50,Local Road,40-49,Serious injury,Bicyclists
T20150008647,4/24/2015,15:45:00,1,Collision with vehicle,6,Friday,110,CROSS TRAFFIC(INTERSECTIONS ONLY),1,36992,2,0,0,1,1,2,1,1,Cross intersection,3,40,Freeway,22-25,Other injury,Bicyclists
T20150008651,4/24/2015,17:00:00,1,Collision with vehicle,6,Friday,133,LANE SIDE SWIPE (VEHICLES IN PARALLEL LANES),1,288298,2,0,0,1,1,2,2,5,Not at intersection,3,60,Arterial Other,50-59,Other injury,Bicyclists