ACCIDENT_NO,ACCIDENT_DATE,ACCIDENT_TIME,ACCIDENT_TYPE,ACCIDENT_TYPE_DESC,DAY_OF_WEEK,DAY_WEEK_DESC,DCA_CODE,DCA_DESC,LIGHT_CONDITION,NODE_ID,NO_OF_VEHICLES,NO_PERSONS_KILLED,NO_PERSONS_INJ_2,NO_PERSONS_INJ_3,NO_PERSONS_NOT_INJ,NO_PERSONS,POLICE_ATTEND,ROAD_GEOMETRY,ROAD_GEOMETRY_DESC,SEVERITY,SPEED_ZONE,RMA,AGE_GROUP,INJ_LEVEL,ROAD_USER_TYPE_DESC
T20150008670,4/10/2015,6:50:00,1,Collision with vehicle,6,Friday,136,RIGHT TURN SIDESWIPE,2,288295,2,0,0,1,0,1,2,2,T intersection,3,70,Arterial Other,18-21,Other injury,Bicyclists
T20150008672,4/24/2015,16:52:00,1,Collision with vehicle,6,Friday,147,VEHICLE STRIKES ANOTHER VEH WHILE EMERGING FROM DRIVEWAY,1,288381,2,0,0,1,1,2,1,5,Not at intersection,3,60,Arterial Other,40-49,Other injury,Bicyclists
T20150008674,2/20/2015,8:00:00,1,Collision with vehicle,6,Friday,163,VEHICLE STRIKES DOOR OF PARKED/STATIONARY VEHICLE,1,288426,2,0,0,1,1,2,2,5,Not at intersection,3,50,Local Road,40-49,Other injury,Bicyclists
T20150008675,4/24/2015,21:30:00,1,Collision with vehicle,6,Friday,148,VEHICLE OFF FOOTPATH STRIKES VEH ON CARRIAGEWAY,3,53591,2,0,0,1,2,3,1,1,Cross intersection,3,50,Arterial Other,50-59,Not injured,Bicyclists
T20150008678,4/24/2015,18:37:00,1,Collision with vehicle,6,Friday,121,RIGHT THROUGH,3,250261,2,0,0,1,1,2,1,2,T intersection,3,50,Local Road,30-39,Other injury,Bicyclists
T20150008743,4/13/2015,18:30:00,1,Collision with vehicle,2,Monday,121,RIGHT THROUGH,2,288598,2,0,0,1,1,2,2,5,Not at intersection,3,60,Local Road,30-39,Other injury,Bicyclists
T20150008762,4/20/2015,8:00:00,1,Collision with vehicle,2,Monday,113,RIGHT NEAR (INTERSECTIONS ONLY),1,29477,2,0,0,1,1,2,2,2,T intersection,3,999,Arterial Other,30-39,Other injury,Bicyclists
T20150008851,4/27/2015,8:40:00,1,Collision with vehicle,2,Monday,121,RIGHT THROUGH,1,41355,2,0,1,0,1,2,1,2,T intersection,2,60,Arterial Other,30-39,Serious injury,Bicyclists
T20150008897,4/27/2015,15:00:00,1,Collision with vehicle,2,Monday,121,RIGHT THROUGH,1,37812,2,0,0,1,0,1,2,1,Cross intersection,3,60,Arterial Other,26-29,Other injury,Bicyclists
T20150008921,4/28/2015,8:00:00,1,Collision with vehicle,3,Tuesday,110,CROSS TRAFFIC(INTERSECTIONS ONLY),1,288566,2,0,0,1,1,2,2,1,Cross intersection,3,999,Local Road,40-49,Other injury,Bicyclists
T20150008950,4/28/2015,14:10:00,1,Collision with vehicle,3,Tuesday,143,ENTERING PARKING,1,288543,2,0,0,1,1,2,1,5,Not at intersection,3,60,Arterial Other,40-49,Other injury,Bicyclists
T20150008961,4/28/2015,12:50:00,1,Collision with vehicle,3,Tuesday,160,VEHICLE COLLIDES WITH VEHICLE PARKED ON LEFT OF ROAD,1,31046,3,0,0,1,1,2,1,1,Cross intersection,3,999,Local Road,22-25,Other injury,Bicyclists
T20150008992,3/4/2015,10:00:00,1,Collision with vehicle,4,Wednesday,139,OTHER SAME DIRECTION-MANOUEVRES NOT INCLUDED IN DCAs 130-137,1,288589,2,0,0,1,0,1,2,5,Not at intersection,3,60,Arterial Other,22-25,Other injury,Bicyclists
T20150008996,4/29/2015,8:25:00,1,Collision with vehicle,4,Wednesday,154,PULLING OUT -REAR END,1,289024,2,0,0,1,1,2,1,5,Not at intersection,3,60,Arterial Other,30-39,Other injury,Bicyclists
T20150009003,4/29/2015,9:00:00,1,Collision with vehicle,4,Wednesday,134,LANE CHANGE RIGHT (NOT OVERTAKING),1,29636,2,0,0,1,3,4,1,1,Cross intersection,3,60,Arterial Other,13-15,Other injury,Bicyclists
T20150009005,4/29/2015,8:50:00,1,Collision with vehicle,4,Wednesday,147,VEHICLE STRIKES ANOTHER VEH WHILE EMERGING FROM DRIVEWAY,1,288493,2,0,1,1,0,2,2,5,Not at intersection,2,100,Uknown,0-4,Serious injury,Bicyclists
T20150009012,4/11/2015,9:18:00,1,Collision with vehicle,7,Saturday,121,RIGHT THROUGH,1,35986,3,0,1,0,2,3,1,1,Cross intersection,2,40,Local Road,30-39,Serious injury,Bicyclists
T20150009038,4/28/2015,21:20:00,1,Collision with vehicle,2,Tuesday,153,CUTTING IN (OVERTAKING),3,36576,2,0,0,1,0,1,2,2,T intersection,3,60,Arterial Other,22-25,Other injury,Bicyclists
T20150009044,4/29/2015,18:35:00,1,Collision with vehicle,3,Wednesday,110,CROSS TRAFFIC(INTERSECTIONS ONLY),6,59778,2,0,0,1,1,2,2,1,Cross intersection,3,50,Local Road,40-49,Other injury,Bicyclists
T20150009060,4/29/2015,17:26:00,8,No collision and no object struck,4,Wednesday,174,OUT OF CONTROL ON CARRIAGEWAY (ON STRAIGHT),2,37525,2,0,0,1,0,1,1,2,T intersection,3,60,Arterial Other,50-59,Other injury,Bicyclists
T20150009078,4/30/2015,8:00:00,1,Collision with vehicle,4,Thursday,135,LANE CHANGE LEFT (NOT OVERTAKING),1,66182,2,0,0,1,1,2,1,2,T intersection,3,60,Arterial Other,26-29,Other injury,Bicyclists
T20150009089,4/30/2015,6:00:00,1,Collision with vehicle,5,Thursday,148,VEHICLE OFF FOOTPATH STRIKES VEH ON CARRIAGEWAY,3,54908,2,0,0,1,1,2,1,2,T intersection,3,50,Arterial Highway,22-25,Other injury,Bicyclists
T20150009094,4/29/2015,18:00:00,1,Collision with vehicle,4,Wednesday,137,LEFT TURN SIDESWIPE,2,36590,2,0,0,1,1,2,2,2,T intersection,3,40,Local Road,18-21,Other injury,Bicyclists
T20150009097,4/29/2015,15:10:00,1,Collision with vehicle,3,Wednesday,137,LEFT TURN SIDESWIPE,1,288581,2,0,0,1,1,2,1,5,Not at intersection,3,60,Arterial Highway,70+,Other injury,Bicyclists
T20150009124,4/30/2015,9:11:00,1,Collision with vehicle,5,Thursday,137,LEFT TURN SIDESWIPE,1,29420,2,0,1,0,1,2,1,1,Cross intersection,2,40,Local Road,26-29,Serious injury,Bicyclists
T20150009205,5/1/2015,17:00:00,1,Collision with vehicle,6,Friday,110,CROSS TRAFFIC(INTERSECTIONS ONLY),2,63701,2,0,1,0,1,2,1,1,Cross intersection,2,50,Local Road,30-39,Serious injury,Bicyclists
T20150009220,5/1/2015,17:40:00,1,Collision with vehicle,6,Friday,160,VEHICLE COLLIDES WITH VEHICLE PARKED ON LEFT OF ROAD,2,292961,2,0,0,1,1,2,1,4,Multiple intersection,3,50,Local Road,13-15,Other injury,Bicyclists
T20150009223,5/1/2015,19:00:00,1,Collision with vehicle,5,Friday,121,RIGHT THROUGH,3,40448,2,0,1,0,1,2,1,1,Cross intersection,2,60,Arterial Other,40-49,Serious injury,Bicyclists
T20150009230,4/25/2015,8:00:00,1,Collision with vehicle,7,Saturday,113,RIGHT NEAR (INTERSECTIONS ONLY),1,67397,2,0,0,1,1,2,2,2,T intersection,3,50,Local Road,40-49,Other injury,Bicyclists
T20150009242,5/2/2015,11:50:00,1,Collision with vehicle,6,Saturday,133,LANE SIDE SWIPE (VEHICLES IN PARALLEL LANES),1,129256,2,0,0,1,2,3,1,5,Not at intersection,3,60,Arterial Highway,70+,Other injury,Bicyclists
T20150009268,5/2/2015,16:15:00,1,Collision with vehicle,7,Saturday,148,VEHICLE OFF FOOTPATH STRIKES VEH ON CARRIAGEWAY,2,288652,2,0,0,1,1,2,1,2,T intersection,3,50,Local Road,18-21,Other injury,Bicyclists
T20150009271,5/2/2015,17:54:00,1,Collision with vehicle,7,Saturday,113,RIGHT NEAR (INTERSECTIONS ONLY),3,42763,2,0,1,0,1,2,1,2,T intersection,2,60,Arterial Other,40-49,Serious injury,Bicyclists
T20150009294,5/3/2015,9:55:00,1,Collision with vehicle,1,Sunday,121,RIGHT THROUGH,1,41159,2,0,1,0,1,2,1,1,Cross intersection,2,60,Arterial Other,50-59,Serious injury,Bicyclists
T20150009324,5/3/2015,16:10:00,1,Collision with vehicle,1,Sunday,121,RIGHT THROUGH,2,525,2,0,1,0,1,2,1,2,T intersection,2,70,Arterial Other,60-64,Serious injury,Bicyclists
T20150009348,5/4/2015,6:35:00,1,Collision with vehicle,2,Monday,130,REAR END(VEHICLES IN SAME LANE),2,43200,6,0,2,1,3,6,1,2,T intersection,2,60,Arterial Highway,40-49,Serious injury,Bicyclists
T20150009351,5/4/2015,6:30:00,1,Collision with vehicle,2,Monday,113,RIGHT NEAR (INTERSECTIONS ONLY),3,134,2,0,1,0,1,2,1,2,T intersection,2,60,Arterial Highway,60-64,Serious injury,Bicyclists
T20150009361,5/4/2015,10:00:00,1,Collision with vehicle,2,Monday,121,RIGHT THROUGH,1,288647,2,0,1,0,2,3,1,5,Not at intersection,2,60,Arterial Other,65-69,Serious injury,Bicyclists
T20150009417,5/4/2015,21:15:00,1,Collision with vehicle,2,Monday,163,VEHICLE STRIKES DOOR OF PARKED/STATIONARY VEHICLE,3,288726,2,0,0,1,1,2,1,5,Not at intersection,3,50,Local Road,22-25,Other injury,Bicyclists
T20150009423,5/4/2015,16:16:00,1,Collision with vehicle,2,Monday,130,REAR END(VEHICLES IN SAME LANE),2,288786,2,0,1,0,1,2,1,5,Not at intersection,2,60,Arterial Other,40-49,Serious injury,Bicyclists
T20150009446,4/21/2015,12:10:00,2,Struck Pedestrian,3,Tuesday,108,PED STRUCK WALKING TO/FROM OR BOARDING/ALIGHTING VEHICLE.,1,36385,2,0,0,1,2,3,2,1,Cross intersection,3,40,Local Road,Unknown,Not injured,Bicyclists
T20150009451,5/5/2015,9:50:00,1,Collision with vehicle,3,Tuesday,148,VEHICLE OFF FOOTPATH STRIKES VEH ON CARRIAGEWAY,1,289338,2,0,1,0,1,2,1,5,Not at intersection,2,999,Local Road,50-59,Serious injury,Bicyclists
T20150009496,3/16/2015,8:00:00,4,Collision with a fixed object,2,Monday,171,LEFT OFF CARRIAGEWAY INTO OBJECT/PARKED VEHICLE,1,288789,2,0,1,0,0,1,2,5,Not at intersection,2,40,Arterial Other,22-25,Serious injury,Drivers
T20150009501,5/5/2015,19:10:00,9,Other accident,3,Tuesday,198,OTHER ACCIDENTS NOT CLASSIFIABLE ELSEWHERE,3,35399,2,0,1,0,0,1,1,1,Cross intersection,2,60,Arterial Other,30-39,Serious injury,Bicyclists
T20150009513,5/6/2015,8:50:00,1,Collision with vehicle,4,Wednesday,110,CROSS TRAFFIC(INTERSECTIONS ONLY),1,49236,2,0,0,1,1,2,1,1,Cross intersection,3,50,Local Road,50-59,Other injury,Bicyclists
T20150009548,5/6/2015,8:46:00,1,Collision with vehicle,4,Wednesday,136,RIGHT TURN SIDESWIPE,1,250803,2,0,0,1,1,2,1,2,T intersection,3,40,Uknown,30-39,Other injury,Bicyclists
T20150009561,5/1/2015,8:30:00,1,Collision with vehicle,6,Friday,148,VEHICLE OFF FOOTPATH STRIKES VEH ON CARRIAGEWAY,1,288800,2,0,1,0,0,1,2,5,Not at intersection,2,60,Arterial Other,40-49,Serious injury,Bicyclists
T20150009568,4/14/2015,19:00:00,1,Collision with vehicle,3,Tuesday,121,RIGHT THROUGH,2,229065,2,0,1,0,1,2,2,1,Cross intersection,2,999,Local Road,22-25,Serious injury,Bicyclists
T20150009572,5/6/2015,15:25:00,1,Collision with vehicle,4,Wednesday,121,RIGHT THROUGH,1,289704,2,0,1,0,1,2,1,2,T intersection,2,40,Local Road,45424,Serious injury,Bicyclists
T20150009586,5/6/2015,17:49:00,1,Collision with vehicle,4,Wednesday,110,CROSS TRAFFIC(INTERSECTIONS ONLY),3,66708,2,0,1,0,1,2,1,1,Cross intersection,2,50,Local Road,70+,Serious injury,Bicyclists
T20150009603,5/6/2015,9:15:00,1,Collision with vehicle,4,Wednesday,163,VEHICLE STRIKES DOOR OF PARKED/STATIONARY VEHICLE,1,288815,2,0,1,0,1,2,1,5,Not at intersection,2,60,Local Road,65-69,Serious injury,Bicyclists
T20150009631,5/7/2015,10:30:00,1,Collision with vehicle,5,Thursday,133,LANE SIDE SWIPE (VEHICLES IN PARALLEL LANES),1,29400,2,0,0,1,1,2,2,1,Cross intersection,3,60,Arterial Highway,26-29,Other injury,Bicyclists
T20150009640,4/28/2015,18:30:00,1,Collision with vehicle,3,Tuesday,115,RIGHT/LEFT FAR (INTERSECTIONS ONLY),5,47481,2,0,0,1,1,2,1,2,T intersection,3,50,Uknown,40-49,Other injury,Bicyclists
T20150009642,3/23/2015,16:00:00,1,Collision with vehicle,2,Monday,130,REAR END(VEHICLES IN SAME LANE),1,35297,2,0,1,0,0,1,2,1,Cross intersection,2,40,Arterial Other,18-21,Serious injury,Bicyclists
T20150009645,5/6/2015,8:30:00,1,Collision with vehicle,4,Wednesday,130,REAR END(VEHICLES IN SAME LANE),1,38837,2,0,0,2,0,2,2,1,Cross intersection,3,80,Arterial Other,30-39,Other injury,Bicyclists
T20150009671,5/7/2015,17:50:00,1,Collision with vehicle,4,Thursday,136,RIGHT TURN SIDESWIPE,3,42227,2,0,0,1,1,2,1,1,Cross intersection,3,60,Arterial Other,40-49,Other injury,Bicyclists
T20150009673,5/7/2015,17:30:00,1,Collision with vehicle,5,Thursday,152,PULLING OUT (OVERTAKING),2,65390,2,0,0,1,1,2,1,2,T intersection,3,50,Local Road,18-21,Other injury,Bicyclists
T20150009680,5/7/2015,22:55:00,1,Collision with vehicle,5,Thursday,116,LEFT NEAR (INTERSECTIONS ONLY),3,38045,2,0,0,2,0,2,1,1,Cross intersection,3,40,Arterial Other,26-29,Other injury,Bicyclists
T20150009696,5/8/2015,10:40:00,1,Collision with vehicle,6,Friday,135,LANE CHANGE LEFT (NOT OVERTAKING),1,41136,2,0,0,1,0,1,1,2,T intersection,3,60,Arterial Other,60-64,Other injury,Bicyclists
T20150009702,5/7/2015,12:30:00,8,No collision and no object struck,5,Thursday,174,OUT OF CONTROL ON CARRIAGEWAY (ON STRAIGHT),1,288906,1,0,0,1,0,1,2,5,Not at intersection,3,999,Local Road,26-29,Other injury,Bicyclists
T20150009709,2/23/2015,14:00:00,8,No collision and no object struck,2,Monday,174,OUT OF CONTROL ON CARRIAGEWAY (ON STRAIGHT),1,290475,2,0,0,1,1,2,2,5,Not at intersection,3,999,Local Road,60-64,Other injury,Bicyclists
T20150009715,4/6/2015,10:30:00,8,No collision and no object struck,2,Monday,174,OUT OF CONTROL ON CARRIAGEWAY (ON STRAIGHT),1,370,1,0,0,1,0,1,2,1,Cross intersection,3,40,Arterial Highway,50-59,Other injury,Bicyclists
T20150009716,4/17/2015,8:00:00,1,Collision with vehicle,6,Friday,137,LEFT TURN SIDESWIPE,1,45644,2,0,1,0,1,2,2,2,T intersection,2,60,Arterial Other,22-25,Serious injury,Bicyclists
T20150009742,5/3/2015,11:00:00,5,collision with some other object,1,Sunday,166,STRUCK OBJECT ON CARRIAGEWAY,1,288886,1,0,0,1,0,1,2,5,Not at intersection,3,60,Arterial Highway,50-59,Other injury,Bicyclists
T20150009751,5/8/2015,23:00:00,1,Collision with vehicle,6,Friday,133,LANE SIDE SWIPE (VEHICLES IN PARALLEL LANES),3,36329,2,0,0,1,1,2,1,2,T intersection,3,60,Local Road,30-39,Other injury,Bicyclists
T20150009752,4/30/2015,8:00:00,1,Collision with vehicle,5,Thursday,137,LEFT TURN SIDESWIPE,1,290062,2,0,0,1,1,2,2,5,Not at intersection,3,60,Arterial Other,26-29,Other injury,Bicyclists
T20150009756,5/8/2015,9:30:00,1,Collision with vehicle,5,Friday,116,LEFT NEAR (INTERSECTIONS ONLY),1,258734,2,0,0,1,1,2,1,1,Cross intersection,3,60,Uknown,30-39,Other injury,Bicyclists
T20150009815,5/10/2015,0:55:00,1,Collision with vehicle,1,Sunday,110,CROSS TRAFFIC(INTERSECTIONS ONLY),3,35364,2,0,0,1,2,3,1,1,Cross intersection,3,40,Local Road,26-29,Other injury,Bicyclists
T20150009816,5/9/2015,23:40:00,1,Collision with vehicle,6,Saturday,121,RIGHT THROUGH,3,258734,2,0,0,1,2,3,1,1,Cross intersection,3,60,Uknown,22-25,Other injury,Bicyclists
T20150009840,5/10/2015,9:45:00,8,No collision and no object struck,1,Sunday,174,OUT OF CONTROL ON CARRIAGEWAY (ON STRAIGHT),1,288938,1,0,0,1,0,1,1,5,Not at intersection,3,40,Local Road,26-29,Other injury,Bicyclists
T20150009851,4/25/2015,18:20:00,1,Collision with vehicle,7,Saturday,148,VEHICLE OFF FOOTPATH STRIKES VEH ON CARRIAGEWAY,3,35420,2,0,0,1,1,2,2,1,Cross intersection,3,60,Arterial Other,50-59,Other injury,Bicyclists
T20150009862,5/10/2015,14:46:00,1,Collision with vehicle,1,Sunday,116,LEFT NEAR (INTERSECTIONS ONLY),1,70010,2,1,0,0,1,2,1,2,T intersection,1,100,Uknown,70+,Fatality,Bicyclists
T20150009867,5/7/2015,9:00:00,1,Collision with vehicle,5,Thursday,137,LEFT TURN SIDESWIPE,1,31046,2,0,0,1,1,2,2,1,Cross intersection,3,60,Local Road,30-39,Other injury,Bicyclists
T20150009884,5/11/2015,6:05:00,1,Collision with vehicle,2,Monday,130,REAR END(VEHICLES IN SAME LANE),3,290010,2,0,1,0,1,2,1,5,Not at intersection,2,70,Uknown,16-17,Serious injury,Bicyclists
T20150009940,5/11/2015,18:12:00,1,Collision with vehicle,2,Monday,110,CROSS TRAFFIC(INTERSECTIONS ONLY),3,289117,2,0,1,0,1,2,1,4,Multiple intersection,2,60,Freeway,60-64,Serious injury,Bicyclists
T20150009969,5/12/2015,9:05:00,8,No collision and no object struck,2,Tuesday,121,RIGHT THROUGH,1,66404,2,0,0,1,1,2,1,2,T intersection,3,60,Arterial Other,30-39,Other injury,Bicyclists
T20150009980,5/12/2015,11:05:00,1,Collision with vehicle,2,Tuesday,116,LEFT NEAR (INTERSECTIONS ONLY),1,289044,2,0,1,0,1,2,1,2,T intersection,2,60,Arterial Other,22-25,Serious injury,Bicyclists
T20150009982,5/11/2015,13:32:00,6,Vehicle overturned (no collision),2,Monday,174,OUT OF CONTROL ON CARRIAGEWAY (ON STRAIGHT),1,289079,1,0,1,0,0,1,2,5,Not at intersection,2,60,Arterial Other,50-59,Serious injury,Bicyclists
T20150009986,5/6/2015,18:00:00,1,Collision with vehicle,4,Wednesday,147,VEHICLE STRIKES ANOTHER VEH WHILE EMERGING FROM DRIVEWAY,6,290844,2,0,0,1,1,2,2,5,Not at intersection,3,60,Arterial Other,40-49,Other injury,Bicyclists
T20150009987,5/11/2015,12:05:00,1,Collision with vehicle,2,Monday,111,RIGHT FAR (INTERSECTIONS ONLY),1,42467,2,0,1,0,1,2,1,1,Cross intersection,2,60,Arterial Other,18-21,Serious injury,Bicyclists
T20150010006,5/8/2015,21:30:00,1,Collision with vehicle,6,Friday,163,VEHICLE STRIKES DOOR OF PARKED/STATIONARY VEHICLE,9,289436,2,0,0,1,1,2,2,5,Not at intersection,3,40,Arterial Other,30-39,Other injury,Bicyclists
T20150010027,4/30/2015,16:45:00,1,Collision with vehicle,5,Thursday,163,VEHICLE STRIKES DOOR OF PARKED/STATIONARY VEHICLE,1,291617,2,0,0,1,1,2,2,5,Not at intersection,3,60,Arterial Other,30-39,Other injury,Bicyclists
T20150010030,4/21/2015,10:30:00,1,Collision with vehicle,3,Tuesday,110,CROSS TRAFFIC(INTERSECTIONS ONLY),1,50277,2,0,0,1,0,1,2,1,Cross intersection,3,60,Arterial Other,50-59,Other injury,Bicyclists
T20150010055,5/13/2015,9:00:00,2,Struck Pedestrian,4,Wednesday,100,PED NEAR SIDE. PED HIT BY VEHICLE FROM THE RIGHT.,1,35367,1,0,0,1,1,2,2,1,Cross intersection,3,40,Local Road,26-29,Other injury,Bicyclists
T20150010056,5/1/2015,13:20:00,1,Collision with vehicle,6,Friday,148,VEHICLE OFF FOOTPATH STRIKES VEH ON CARRIAGEWAY,1,246508,2,0,0,1,1,2,2,1,Cross intersection,3,999,Arterial Other,22-25,Other injury,Bicyclists
T20150010064,4/21/2015,15:38:00,1,Collision with vehicle,3,Tuesday,147,VEHICLE STRIKES ANOTHER VEH WHILE EMERGING FROM DRIVEWAY,1,292099,2,0,0,2,1,3,1,5,Not at intersection,3,60,Arterial Highway,50-59,Other injury,Bicyclists
T20150010088,5/13/2015,8:30:00,1,Collision with vehicle,3,Wednesday,121,RIGHT THROUGH,1,356917,2,0,0,1,1,2,2,5,Not at intersection,3,60,Arterial Other,30-39,Other injury,Bicyclists
T20150010118,5/14/2015,8:30:00,1,Collision with vehicle,5,Thursday,137,LEFT TURN SIDESWIPE,1,39115,2,0,1,0,2,3,1,2,T intersection,2,60,Local Road,18-21,Serious injury,Bicyclists
T20150010126,5/14/2015,9:40:00,1,Collision with vehicle,5,Thursday,137,LEFT TURN SIDESWIPE,1,35369,2,0,0,1,1,2,1,2,T intersection,3,40,Local Road,30-39,Other injury,Bicyclists
T20150010143,5/12/2015,8:45:00,8,No collision and no object struck,3,Tuesday,170,OFF CARRIAGEWAY TO LEFT,1,36851,1,0,0,1,0,1,2,1,Cross intersection,3,40,Local Road,30-39,Other injury,Bicyclists
T20150010155,5/14/2015,12:15:00,1,Collision with vehicle,5,Thursday,133,LANE SIDE SWIPE (VEHICLES IN PARALLEL LANES),1,290194,2,0,0,1,1,2,2,5,Not at intersection,3,40,Local Road,26-29,Other injury,Bicyclists
T20150010173,5/14/2015,18:20:00,1,Collision with vehicle,5,Thursday,121,RIGHT THROUGH,3,289120,2,0,0,1,1,2,1,2,T intersection,3,40,Local Road,30-39,Other injury,Bicyclists
T20150010176,5/14/2015,17:25:00,1,Collision with vehicle,5,Thursday,135,LANE CHANGE LEFT (NOT OVERTAKING),2,29940,2,0,0,1,3,4,1,2,T intersection,3,50,Local Road,30-39,Other injury,Bicyclists
T20150010182,5/13/2015,16:15:00,1,Collision with vehicle,3,Wednesday,163,VEHICLE STRIKES DOOR OF PARKED/STATIONARY VEHICLE,2,36090,2,0,0,1,1,2,2,1,Cross intersection,3,50,Arterial Other,30-39,Other injury,Bicyclists
T20150010190,5/9/2015,17:30:00,1,Collision with vehicle,6,Saturday,163,VEHICLE STRIKES DOOR OF PARKED/STATIONARY VEHICLE,1,356922,2,0,1,0,1,2,2,5,Not at intersection,2,50,Local Road,22-25,Serious injury,Bicyclists
T20150010192,5/14/2015,19:40:00,1,Collision with vehicle,5,Thursday,121,RIGHT THROUGH,3,38634,2,0,1,0,1,2,1,2,T intersection,2,50,Local Road,30-39,Serious injury,Bicyclists
T20150010217,5/15/2015,8:30:00,1,Collision with vehicle,6,Friday,121,RIGHT THROUGH,1,44758,2,0,1,0,1,2,1,2,T intersection,2,60,Uknown,40-49,Serious injury,Bicyclists
T20150010221,5/15/2015,4:20:00,1,Collision with vehicle,6,Friday,110,CROSS TRAFFIC(INTERSECTIONS ONLY),3,37816,2,0,0,1,0,1,2,1,Cross intersection,3,60,Arterial Other,18-21,Other injury,Bicyclists
T20150010229,5/12/2015,15:10:00,1,Collision with vehicle,3,Tuesday,137,LEFT TURN SIDESWIPE,9,289875,2,0,0,1,1,2,2,5,Not at intersection,3,999,Local Road,40-49,Other injury,Bicyclists
T20150010287,5/9/2015,9:00:00,1,Collision with vehicle,7,Saturday,137,LEFT TURN SIDESWIPE,1,60748,2,0,0,1,1,2,2,2,T intersection,3,30,Arterial Other,30-39,Other injury,Bicyclists
T20150010314,5/11/2015,18:00:00,1,Collision with vehicle,2,Monday,113,RIGHT NEAR (INTERSECTIONS ONLY),3,289185,2,0,1,0,2,3,1,2,T intersection,2,50,Local Road,40-49,Serious injury,Bicyclists
T20150010322,5/16/2015,7:42:00,1,Collision with vehicle,7,Saturday,116,LEFT NEAR (INTERSECTIONS ONLY),2,47552,2,0,0,1,1,2,1,2,T intersection,3,60,Arterial Other,30-39,Other injury,Bicyclists
T20150010339,5/16/2015,15:00:00,1,Collision with vehicle,7,Saturday,110,CROSS TRAFFIC(INTERSECTIONS ONLY),1,37488,2,0,1,0,1,2,1,1,Cross intersection,2,60,Local Road,30-39,Serious injury,Bicyclists
T20150010350,5/16/2015,16:50:00,1,Collision with vehicle,6,Saturday,148,VEHICLE OFF FOOTPATH STRIKES VEH ON CARRIAGEWAY,1,356923,2,0,0,1,1,2,1,1,Cross intersection,3,50,Local Road,0-4,Other injury,Bicyclists
T20150010362,5/16/2015,17:45:00,1,Collision with vehicle,7,Saturday,130,REAR END(VEHICLES IN SAME LANE),2,289493,2,0,0,1,1,2,2,2,T intersection,3,50,Local Road,13-15,Other injury,Bicyclists
T20150010410,5/17/2015,8:45:00,1,Collision with vehicle,1,Sunday,163,VEHICLE STRIKES DOOR OF PARKED/STATIONARY VEHICLE,1,289568,2,0,1,0,1,2,1,5,Not at intersection,2,40,Arterial Other,50-59,Serious injury,Bicyclists
T20150010413,5/17/2015,13:25:00,1,Collision with vehicle,0,Sunday,133,LANE SIDE SWIPE (VEHICLES IN PARALLEL LANES),1,292503,2,0,0,1,0,1,1,5,Not at intersection,3,60,Arterial Other,30-39,Other injury,Bicyclists
T20150010424,5/17/2015,16:00:00,1,Collision with vehicle,1,Sunday,121,RIGHT THROUGH,1,884,3,0,1,0,2,3,1,1,Cross intersection,2,60,Arterial Other,60-64,Serious injury,Bicyclists
T20150010434,5/17/2015,16:05:00,1,Collision with vehicle,1,Sunday,147,VEHICLE STRIKES ANOTHER VEH WHILE EMERGING FROM DRIVEWAY,2,291985,2,0,0,1,2,3,2,5,Not at intersection,3,60,Arterial Other,60-64,Other injury,Bicyclists
T20150010435,5/17/2015,17:37:00,2,Struck Pedestrian,1,Sunday,106,VEH STRIKES PED ON FOOTPATH/MEDIAN/TRAFFIC ISLAND.,3,289240,2,0,0,2,2,4,1,5,Not at intersection,3,60,Arterial Other,26-29,Other injury,Bicyclists
T20150010458,5/10/2015,19:45:00,1,Collision with vehicle,1,Sunday,163,VEHICLE STRIKES DOOR OF PARKED/STATIONARY VEHICLE,3,290014,2,0,1,0,1,2,2,2,T intersection,2,999,Local Road,22-25,Serious injury,Bicyclists
T20150010471,5/18/2015,8:30:00,1,Collision with vehicle,2,Monday,147,VEHICLE STRIKES ANOTHER VEH WHILE EMERGING FROM DRIVEWAY,1,289572,2,0,0,1,1,2,1,2,T intersection,3,50,Local Road,50-59,Other injury,Bicyclists
T20150010496,5/18/2015,9:15:00,1,Collision with vehicle,1,Monday,121,RIGHT THROUGH,1,289565,2,0,0,1,1,2,1,5,Not at intersection,3,50,Local Road,40-49,Other injury,Bicyclists
T20150010516,5/18/2015,18:15:00,1,Collision with vehicle,2,Monday,163,VEHICLE STRIKES DOOR OF PARKED/STATIONARY VEHICLE,3,289279,2,0,0,1,3,4,1,5,Not at intersection,3,40,Local Road,50-59,Other injury,Bicyclists
T20150010533,5/18/2015,18:30:00,1,Collision with vehicle,2,Monday,137,LEFT TURN SIDESWIPE,3,64501,2,0,0,1,1,2,1,1,Cross intersection,3,50,Local Road,40-49,Other injury,Bicyclists
T20150010534,5/18/2015,15:13:00,1,Collision with vehicle,2,Monday,163,VEHICLE STRIKES DOOR OF PARKED/STATIONARY VEHICLE,1,289287,2,0,1,0,1,2,2,5,Not at intersection,2,40,Arterial Other,30-39,Serious injury,Bicyclists
T20150010545,5/13/2015,18:55:00,1,Collision with vehicle,4,Wednesday,148,VEHICLE OFF FOOTPATH STRIKES VEH ON CARRIAGEWAY,6,400,2,0,0,1,0,1,2,1,Cross intersection,3,60,Arterial Other,40-49,Other injury,Bicyclists