ACCIDENT_NO,ACCIDENT_DATE,ACCIDENT_TIME,ACCIDENT_TYPE,ACCIDENT_TYPE_DESC,DAY_OF_WEEK,DAY_WEEK_DESC,DCA_CODE,DCA_DESC,LIGHT_CONDITION,NODE_ID,NO_OF_VEHICLES,NO_PERSONS_KILLED,NO_PERSONS_INJ_2,NO_PERSONS_INJ_3,NO_PERSONS_NOT_INJ,NO_PERSONS,POLICE_ATTEND,ROAD_GEOMETRY,ROAD_GEOMETRY_DESC,SEVERITY,SPEED_ZONE,RMA,AGE_GROUP,INJ_LEVEL,ROAD_USER_TYPE_DESC
T20150010549,5/19/2015,7:00:00,1,Collision with vehicle,3,Tuesday,130,REAR END(VEHICLES IN SAME LANE),2,36375,2,0,0,1,1,2,1,1,Cross intersection,3,60,Arterial Other,18-21,Other injury,Bicyclists
T20150010560,4/4/2015,12:00:00,1,Collision with vehicle,7,Saturday,130,REAR END(VEHICLES IN SAME LANE),1,51911,2,0,1,0,0,1,2,2,T intersection,2,60,Arterial Other,30-39,Serious injury,Bicyclists
T20150010574,5/19/2015,9:00:00,1,Collision with vehicle,3,Tuesday,148,VEHICLE OFF FOOTPATH STRIKES VEH ON CARRIAGEWAY,1,289525,2,0,0,1,0,1,2,2,T intersection,3,60,Local Road,30-39,Other injury,Bicyclists
T20150010586,5/1/2015,8:50:00,1,Collision with vehicle,6,Friday,148,VEHICLE OFF FOOTPATH STRIKES VEH ON CARRIAGEWAY,1,57709,2,0,1,0,1,2,2,1,Cross intersection,2,60,Arterial Highway,26-29,Serious injury,Bicyclists
T20150010588,5/19/2015,8:40:00,1,Collision with vehicle,3,Tuesday,121,RIGHT THROUGH,1,29364,2,0,0,1,1,2,1,2,T intersection,3,60,Arterial Highway,22-25,Other injury,Bicyclists
T20150010598,5/19/2015,16:15:00,1,Collision with vehicle,3,Tuesday,147,VEHICLE STRIKES ANOTHER VEH WHILE EMERGING FROM DRIVEWAY,2,289520,2,0,0,1,1,2,1,5,Not at intersection,3,70,Arterial Highway,13-15,Other injury,Bicyclists
T20150010601,5/19/2015,11:35:00,1,Collision with vehicle,3,Tuesday,147,VEHICLE STRIKES ANOTHER VEH WHILE EMERGING FROM DRIVEWAY,1,289768,2,0,0,1,1,2,1,5,Not at intersection,3,50,Local Road,13-15,Other injury,Bicyclists
T20150010611,5/19/2015,19:15:00,1,Collision with vehicle,3,Tuesday,163,VEHICLE STRIKES DOOR OF PARKED/STATIONARY VEHICLE,3,289329,2,0,0,1,2,3,1,5,Not at intersection,3,40,Local Road,22-25,Other injury,Bicyclists
T20150010632,5/19/2015,15:05:00,1,Collision with vehicle,3,Tuesday,148,VEHICLE OFF FOOTPATH STRIKES VEH ON CARRIAGEWAY,1,37501,2,0,0,1,2,3,1,2,T intersection,3,60,Arterial Other,18-21,Other injury,Bicyclists
T20150010657,5/20/2015,9:30:00,1,Collision with vehicle,4,Wednesday,121,RIGHT THROUGH,1,65209,2,0,0,2,0,2,1,2,T intersection,3,60,Local Road,22-25,Other injury,Bicyclists
T20150010671,5/5/2015,17:30:00,1,Collision with vehicle,3,Tuesday,163,VEHICLE STRIKES DOOR OF PARKED/STATIONARY VEHICLE,2,225359,2,0,0,1,1,2,1,2,T intersection,3,50,Local Road,26-29,Other injury,Bicyclists
T20150010678,5/17/2015,16:00:00,1,Collision with vehicle,1,Sunday,121,RIGHT THROUGH,2,289340,2,0,0,1,1,2,2,5,Not at intersection,3,60,Arterial Other,40-49,Other injury,Bicyclists
T20150010721,5/18/2015,11:45:00,1,Collision with vehicle,2,Monday,110,CROSS TRAFFIC(INTERSECTIONS ONLY),1,36353,2,0,0,1,1,2,2,1,Cross intersection,3,40,Local Road,18-21,Other injury,Bicyclists
T20150010726,5/20/2015,19:20:00,1,Collision with vehicle,4,Wednesday,148,VEHICLE OFF FOOTPATH STRIKES VEH ON CARRIAGEWAY,3,290543,2,0,1,0,1,2,1,1,Cross intersection,2,60,Arterial Other,30-39,Serious injury,Bicyclists
T20150010729,4/30/2015,15:30:00,1,Collision with vehicle,5,Thursday,160,VEHICLE COLLIDES WITH VEHICLE PARKED ON LEFT OF ROAD,1,289404,2,0,0,1,0,1,2,5,Not at intersection,3,50,Uknown,13-15,Other injury,Bicyclists
T20150010746,4/2/2015,8:15:00,1,Collision with vehicle,5,Thursday,147,VEHICLE STRIKES ANOTHER VEH WHILE EMERGING FROM DRIVEWAY,1,289345,2,0,0,1,1,2,2,5,Not at intersection,3,777,Arterial Other,50-59,Other injury,Bicyclists
T20150010748,5/14/2015,18:30:00,1,Collision with vehicle,5,Thursday,121,RIGHT THROUGH,3,45587,2,0,0,1,0,1,2,2,T intersection,3,60,Arterial Other,22-25,Other injury,Bicyclists
T20150010756,5/21/2015,9:10:00,1,Collision with vehicle,5,Thursday,116,LEFT NEAR (INTERSECTIONS ONLY),1,58327,2,0,0,1,1,2,1,2,T intersection,3,50,Uknown,60-64,Other injury,Bicyclists
T20150010758,4/9/2015,7:30:00,1,Collision with vehicle,5,Thursday,137,LEFT TURN SIDESWIPE,2,36847,2,0,0,1,1,2,2,2,T intersection,3,40,Local Road,30-39,Other injury,Bicyclists
T20150010767,5/21/2015,7:15:00,1,Collision with vehicle,5,Thursday,116,LEFT NEAR (INTERSECTIONS ONLY),2,63561,2,0,0,1,1,2,2,1,Cross intersection,3,60,Arterial Other,22-25,Other injury,Bicyclists
T20150010772,5/19/2015,19:00:00,1,Collision with vehicle,3,Tuesday,163,VEHICLE STRIKES DOOR OF PARKED/STATIONARY VEHICLE,6,289691,2,0,0,1,2,3,2,5,Not at intersection,3,40,Local Road,26-29,Other injury,Bicyclists
T20150010808,5/21/2015,16:09:00,1,Collision with vehicle,5,Thursday,137,LEFT TURN SIDESWIPE,2,65743,2,0,0,1,1,2,1,1,Cross intersection,3,40,Local Road,Unknown,Other injury,Bicyclists
T20150010824,5/21/2015,17:58:00,1,Collision with vehicle,5,Thursday,121,RIGHT THROUGH,3,40102,2,0,0,1,1,2,2,2,T intersection,3,60,Arterial Other,26-29,Other injury,Bicyclists
T20150010842,5/21/2015,21:57:00,1,Collision with vehicle,4,Thursday,120,HEAD ON (NOT OVERTAKING),3,289602,2,0,0,1,1,2,1,5,Not at intersection,3,50,Arterial Highway,16-17,Other injury,Bicyclists
T20150010858,5/7/2015,8:00:00,1,Collision with vehicle,5,Thursday,139,OTHER SAME DIRECTION-MANOUEVRES NOT INCLUDED IN DCAs 130-137,1,289454,2,0,1,0,1,2,2,5,Not at intersection,2,60,Arterial Other,50-59,Serious injury,Bicyclists
T20150010859,5/22/2015,12:30:00,1,Collision with vehicle,6,Friday,148,VEHICLE OFF FOOTPATH STRIKES VEH ON CARRIAGEWAY,1,50684,2,0,0,1,1,2,1,2,T intersection,3,60,Arterial Highway,22-25,Other injury,Bicyclists
T20150010861,5/22/2015,9:00:00,1,Collision with vehicle,6,Friday,163,VEHICLE STRIKES DOOR OF PARKED/STATIONARY VEHICLE,1,290600,2,0,0,1,1,2,2,5,Not at intersection,3,60,Arterial Other,30-39,Other injury,Bicyclists
T20150010862,5/22/2015,10:00:00,1,Collision with vehicle,6,Friday,130,REAR END(VEHICLES IN SAME LANE),1,289799,2,0,0,1,1,2,1,5,Not at intersection,3,50,Arterial Other,40-49,Other injury,Bicyclists
T20150010866,5/22/2015,12:30:00,1,Collision with vehicle,5,Friday,113,RIGHT NEAR (INTERSECTIONS ONLY),1,50670,2,0,0,1,4,5,1,1,Cross intersection,3,50,Local Road,50-59,Other injury,Bicyclists
T20150010867,5/22/2015,11:00:00,1,Collision with vehicle,6,Friday,137,LEFT TURN SIDESWIPE,1,231563,2,0,0,1,1,2,1,1,Cross intersection,3,60,Arterial Other,26-29,Other injury,Bicyclists
T20150010874,5/22/2015,12:10:00,1,Collision with vehicle,6,Friday,121,RIGHT THROUGH,1,289455,2,0,0,1,1,2,1,5,Not at intersection,3,999,Arterial Highway,40-49,Other injury,Bicyclists
T20150010921,5/16/2015,9:45:00,1,Collision with vehicle,7,Saturday,137,LEFT TURN SIDESWIPE,1,37429,2,0,0,1,2,3,2,2,T intersection,3,60,Arterial Other,60-64,Other injury,Bicyclists
T20150010938,4/29/2015,7:30:00,1,Collision with vehicle,4,Wednesday,147,VEHICLE STRIKES ANOTHER VEH WHILE EMERGING FROM DRIVEWAY,9,289483,2,0,0,1,1,2,2,2,T intersection,3,50,Local Road,40-49,Other injury,Bicyclists
T20150010949,5/22/2015,8:30:00,1,Collision with vehicle,6,Friday,148,VEHICLE OFF FOOTPATH STRIKES VEH ON CARRIAGEWAY,1,52463,2,0,1,0,0,1,2,1,Cross intersection,2,60,Local Road,45424,Serious injury,Bicyclists
T20150010953,5/23/2015,17:55:00,1,Collision with vehicle,7,Saturday,145,REVERSING IN STREAM OF TRAFFIC,3,289459,2,0,1,1,0,2,2,5,Not at intersection,2,50,Local Road,60-64,Serious injury,Bicyclists
T20150010986,5/22/2015,15:00:00,1,Collision with vehicle,6,Friday,163,VEHICLE STRIKES DOOR OF PARKED/STATIONARY VEHICLE,9,296934,2,0,0,1,1,2,2,5,Not at intersection,3,40,Arterial Other,16-17,Other injury,Bicyclists
T20150011002,5/1/2015,20:30:00,1,Collision with vehicle,6,Friday,121,RIGHT THROUGH,3,534,2,0,0,1,1,2,2,1,Cross intersection,3,70,Arterial Other,30-39,Other injury,Bicyclists
T20150011048,5/25/2015,8:45:00,1,Collision with vehicle,1,Monday,147,VEHICLE STRIKES ANOTHER VEH WHILE EMERGING FROM DRIVEWAY,1,289854,2,0,0,1,3,4,1,5,Not at intersection,3,40,Local Road,13-15,Other injury,Bicyclists
T20150011057,5/25/2015,10:00:00,1,Collision with vehicle,2,Monday,148,VEHICLE OFF FOOTPATH STRIKES VEH ON CARRIAGEWAY,1,289523,2,0,1,1,0,2,1,5,Not at intersection,2,40,Local Road,22-25,Serious injury,Bicyclists
T20150011065,4/2/2015,8:02:00,1,Collision with vehicle,4,Thursday,147,VEHICLE STRIKES ANOTHER VEH WHILE EMERGING FROM DRIVEWAY,1,290058,2,0,0,1,1,2,2,5,Not at intersection,3,50,Local Road,13-15,Other injury,Bicyclists
T20150011081,5/25/2015,8:41:00,1,Collision with vehicle,2,Monday,121,RIGHT THROUGH,1,35395,2,0,0,1,1,2,1,2,T intersection,3,60,Arterial Other,60-64,Other injury,Bicyclists
T20150011103,5/25/2015,19:05:00,1,Collision with vehicle,2,Monday,119,OTHER ADJACENT (INTERSECTIONS ONLY),3,36000,2,0,0,1,1,2,1,2,T intersection,3,50,Local Road,30-39,Other injury,Bicyclists
T20150011106,5/21/2015,19:30:00,1,Collision with vehicle,5,Thursday,163,VEHICLE STRIKES DOOR OF PARKED/STATIONARY VEHICLE,3,289622,2,0,1,0,1,2,2,2,T intersection,2,999,Local Road,30-39,Serious injury,Bicyclists
T20150011125,5/25/2015,18:45:00,1,Collision with vehicle,2,Monday,116,LEFT NEAR (INTERSECTIONS ONLY),3,36379,2,0,0,1,1,2,1,2,T intersection,3,40,Local Road,30-39,Other injury,Bicyclists
T20150011138,5/26/2015,7:00:00,1,Collision with vehicle,3,Tuesday,137,LEFT TURN SIDESWIPE,2,270441,2,0,0,1,1,2,1,2,T intersection,3,40,Local Road,30-39,Other injury,Bicyclists
T20150011161,5/1/2015,21:30:00,8,No collision and no object struck,6,Friday,170,OFF CARRIAGEWAY TO LEFT,3,289632,2,0,0,1,0,1,9,5,Not at intersection,3,40,Arterial Other,26-29,Other injury,Bicyclists
T20150011175,5/20/2015,8:30:00,8,No collision and no object struck,4,Wednesday,184,OUT OF CONTROL ON CARRIAGEWAY (ON BEND),1,289988,1,0,1,0,0,1,2,5,Not at intersection,2,50,Arterial Other,22-25,Serious injury,Bicyclists
T20150011247,5/26/2015,17:45:00,1,Collision with vehicle,2,Tuesday,160,VEHICLE COLLIDES WITH VEHICLE PARKED ON LEFT OF ROAD,3,289630,2,0,0,1,2,3,1,2,T intersection,3,40,Local Road,50-59,Other injury,Bicyclists
T20150011252,5/21/2015,8:30:00,1,Collision with vehicle,4,Thursday,116,LEFT NEAR (INTERSECTIONS ONLY),1,38872,2,0,0,1,1,2,2,2,T intersection,3,999,Arterial Other,18-21,Other injury,Bicyclists
T20150011264,5/27/2015,15:25:00,1,Collision with vehicle,4,Wednesday,148,VEHICLE OFF FOOTPATH STRIKES VEH ON CARRIAGEWAY,1,227113,2,0,0,1,1,2,1,2,T intersection,3,80,Arterial Highway,13-15,Other injury,Bicyclists
T20150011286,5/18/2015,8:10:00,1,Collision with vehicle,1,Monday,110,CROSS TRAFFIC(INTERSECTIONS ONLY),1,52897,2,0,0,1,1,2,2,1,Cross intersection,3,60,Arterial Other,50-59,Other injury,Bicyclists
T20150011302,5/26/2015,11:45:00,1,Collision with vehicle,2,Tuesday,130,REAR END(VEHICLES IN SAME LANE),1,294786,2,0,0,1,1,2,2,2,T intersection,3,40,Arterial Other,30-39,Other injury,Bicyclists
T20150011308,5/28/2015,10:45:00,1,Collision with vehicle,5,Thursday,120,HEAD ON (NOT OVERTAKING),1,45484,2,0,1,0,1,2,1,2,T intersection,2,60,Arterial Other,22-25,Serious injury,Bicyclists
T20150011369,5/28/2015,15:00:00,1,Collision with vehicle,5,Thursday,147,VEHICLE STRIKES ANOTHER VEH WHILE EMERGING FROM DRIVEWAY,1,123320,2,0,0,1,1,2,1,5,Not at intersection,3,888,Arterial Highway,40-49,Other injury,Bicyclists
T20150011406,5/29/2015,10:50:00,1,Collision with vehicle,6,Friday,110,CROSS TRAFFIC(INTERSECTIONS ONLY),1,191416,2,0,0,1,1,2,1,1,Cross intersection,3,80,Uknown,50-59,Other injury,Bicyclists
T20150011414,5/28/2015,8:30:00,1,Collision with vehicle,5,Thursday,136,RIGHT TURN SIDESWIPE,1,178,2,0,0,1,1,2,2,2,T intersection,3,40,Local Road,30-39,Other injury,Bicyclists
T20150011421,5/29/2015,12:17:00,1,Collision with vehicle,6,Friday,143,ENTERING PARKING,1,289746,2,0,0,1,2,3,1,5,Not at intersection,3,60,Arterial Other,50-59,Other injury,Bicyclists
T20150011422,5/29/2015,9:11:00,1,Collision with vehicle,5,Friday,116,LEFT NEAR (INTERSECTIONS ONLY),1,252686,2,0,0,1,1,2,1,1,Cross intersection,3,50,Local Road,26-29,Other injury,Bicyclists
T20150011460,5/29/2015,17:00:00,1,Collision with vehicle,6,Friday,121,RIGHT THROUGH,2,35383,2,0,0,1,1,2,1,1,Cross intersection,3,40,Arterial Other,30-39,Other injury,Bicyclists
T20150011482,5/28/2015,12:30:00,8,No collision and no object struck,5,Thursday,174,OUT OF CONTROL ON CARRIAGEWAY (ON STRAIGHT),1,35942,2,0,0,1,0,1,2,1,Cross intersection,3,50,Arterial Other,30-39,Other injury,Bicyclists
T20150011498,5/1/2015,8:00:00,1,Collision with vehicle,6,Friday,110,CROSS TRAFFIC(INTERSECTIONS ONLY),1,287450,2,0,0,1,1,2,2,1,Cross intersection,3,50,Local Road,50-59,Other injury,Bicyclists
T20150011499,5/5/2015,10:30:00,2,Struck Pedestrian,3,Tuesday,106,VEH STRIKES PED ON FOOTPATH/MEDIAN/TRAFFIC ISLAND.,1,290200,1,0,0,1,0,1,2,5,Not at intersection,3,888,Arterial Other,Unknown,Other injury,Pedestrians
T20150011532,5/29/2015,15:30:00,1,Collision with vehicle,6,Friday,153,CUTTING IN (OVERTAKING),1,289810,2,0,0,1,1,2,2,2,T intersection,3,40,Local Road,22-25,Other injury,Bicyclists
T20150011557,5/26/2015,19:00:00,1,Collision with vehicle,3,Tuesday,163,VEHICLE STRIKES DOOR OF PARKED/STATIONARY VEHICLE,3,289882,2,0,1,0,1,2,2,2,T intersection,2,50,Local Road,26-29,Serious injury,Bicyclists
T20150011560,5/30/2015,11:00:00,1,Collision with vehicle,7,Saturday,110,CROSS TRAFFIC(INTERSECTIONS ONLY),9,35662,2,0,0,2,0,2,2,1,Cross intersection,3,70,Arterial Other,26-29,Other injury,Bicyclists
T20150011573,5/30/2015,16:00:00,1,Collision with vehicle,7,Saturday,120,HEAD ON (NOT OVERTAKING),2,291121,2,0,0,1,1,2,2,5,Not at intersection,3,999,Arterial Other,50-59,Other injury,Bicyclists
T20150011610,6/1/2015,7:30:00,1,Collision with vehicle,2,Monday,110,CROSS TRAFFIC(INTERSECTIONS ONLY),1,37029,2,0,1,0,1,2,1,1,Cross intersection,2,50,Local Road,30-39,Serious injury,Bicyclists
T20150011652,6/1/2015,15:30:00,1,Collision with vehicle,2,Monday,121,RIGHT THROUGH,1,35344,2,0,0,1,2,3,1,2,T intersection,3,40,Arterial Other,22-25,Other injury,Bicyclists
T20150011670,6/1/2015,8:15:00,1,Collision with vehicle,2,Monday,148,VEHICLE OFF FOOTPATH STRIKES VEH ON CARRIAGEWAY,2,289886,2,0,0,1,0,1,2,4,Multiple intersection,3,60,Freeway,50-59,Other injury,Bicyclists
T20150011693,5/20/2015,16:00:00,1,Collision with vehicle,4,Wednesday,121,RIGHT THROUGH,2,36533,2,0,0,1,1,2,2,1,Cross intersection,3,40,Arterial Other,30-39,Other injury,Bicyclists
T20150011695,5/21/2015,14:30:00,1,Collision with vehicle,5,Thursday,133,LANE SIDE SWIPE (VEHICLES IN PARALLEL LANES),1,290252,2,0,0,1,1,2,2,5,Not at intersection,3,999,Uknown,30-39,Other injury,Bicyclists
T20150011697,4/27/2015,23:00:00,1,Collision with vehicle,1,Monday,116,LEFT NEAR (INTERSECTIONS ONLY),3,75407,2,0,0,1,0,1,2,4,Multiple intersection,3,50,Arterial Other,22-25,Other injury,Bicyclists
T20150011714,6/2/2015,9:15:00,1,Collision with vehicle,3,Tuesday,148,VEHICLE OFF FOOTPATH STRIKES VEH ON CARRIAGEWAY,1,68637,2,0,0,1,1,2,1,2,T intersection,3,80,Uknown,50-59,Other injury,Bicyclists
T20150011716,5/19/2015,16:00:00,1,Collision with vehicle,3,Tuesday,147,VEHICLE STRIKES ANOTHER VEH WHILE EMERGING FROM DRIVEWAY,2,289995,2,0,0,1,0,1,2,5,Not at intersection,3,999,Local Road,18-21,Other injury,Bicyclists
T20150011739,6/2/2015,15:40:00,1,Collision with vehicle,3,Tuesday,120,HEAD ON (NOT OVERTAKING),1,290910,2,0,1,0,1,2,1,5,Not at intersection,2,50,Local Road,45424,Serious injury,Bicyclists
T20150011748,6/2/2015,8:20:00,1,Collision with vehicle,3,Tuesday,148,VEHICLE OFF FOOTPATH STRIKES VEH ON CARRIAGEWAY,2,54453,2,0,0,1,0,1,2,1,Cross intersection,3,60,Arterial Other,40-49,Other injury,Bicyclists
T20150011757,5/12/2015,17:30:00,8,No collision and no object struck,3,Tuesday,174,OUT OF CONTROL ON CARRIAGEWAY (ON STRAIGHT),2,289940,1,0,1,0,0,1,2,5,Not at intersection,2,80,Local Road,16-17,Serious injury,Bicyclists
T20150011794,6/3/2015,13:30:00,1,Collision with vehicle,4,Wednesday,147,VEHICLE STRIKES ANOTHER VEH WHILE EMERGING FROM DRIVEWAY,1,290147,2,0,0,1,2,3,1,5,Not at intersection,3,999,Arterial Other,70+,Other injury,Bicyclists
T20150011816,6/3/2015,17:55:00,1,Collision with vehicle,4,Wednesday,116,LEFT NEAR (INTERSECTIONS ONLY),3,43667,2,0,0,1,1,2,1,2,T intersection,3,60,Local Road,50-59,Other injury,Bicyclists
T20150011826,5/12/2015,9:50:00,8,No collision and no object struck,3,Tuesday,174,OUT OF CONTROL ON CARRIAGEWAY (ON STRAIGHT),1,45640,1,0,0,1,0,1,2,1,Cross intersection,3,40,Arterial Other,30-39,Other injury,Bicyclists
T20150011835,6/3/2015,23:15:00,1,Collision with vehicle,4,Wednesday,148,VEHICLE OFF FOOTPATH STRIKES VEH ON CARRIAGEWAY,3,40357,2,0,0,1,1,2,1,2,T intersection,3,70,Arterial Highway,50-59,Other injury,Bicyclists
T20150011844,1/23/2015,19:50:00,7,Fall from or in moving vehicle,6,Friday,190,FELL IN/FROM VEHICLE,2,36395,2,0,0,1,1,2,1,1,Cross intersection,3,50,Local Road,26-29,Other injury,Bicyclists
T20150011908,6/4/2015,15:05:00,1,Collision with vehicle,5,Thursday,130,REAR END(VEHICLES IN SAME LANE),1,38570,2,0,0,2,0,2,2,1,Cross intersection,3,50,Local Road,40-49,Other injury,Bicyclists
T20150011947,6/5/2015,8:50:00,1,Collision with vehicle,6,Friday,110,CROSS TRAFFIC(INTERSECTIONS ONLY),2,38016,2,0,0,1,1,2,1,1,Cross intersection,3,50,Local Road,26-29,Other injury,Bicyclists
T20150011948,4/10/2015,13:20:00,1,Collision with vehicle,6,Friday,110,CROSS TRAFFIC(INTERSECTIONS ONLY),1,51401,2,0,0,1,1,2,1,1,Cross intersection,3,50,Local Road,22-25,Other injury,Bicyclists
T20150011954,5/22/2015,6:58:00,1,Collision with vehicle,6,Friday,140,U TURN,2,291283,2,0,0,1,1,2,1,5,Not at intersection,3,60,Local Road,22-25,Other injury,Bicyclists
T20150011983,5/26/2015,22:30:00,1,Collision with vehicle,3,Tuesday,130,REAR END(VEHICLES IN SAME LANE),3,63410,2,0,0,1,1,2,1,2,T intersection,3,60,Uknown,18-21,Other injury,Bicyclists
T20150011986,6/5/2015,17:17:00,1,Collision with vehicle,6,Friday,147,VEHICLE STRIKES ANOTHER VEH WHILE EMERGING FROM DRIVEWAY,2,290089,2,0,0,1,1,2,1,2,T intersection,3,50,Uknown,45424,Other injury,Bicyclists
T20150011988,11/5/2014,19:10:00,1,Collision with vehicle,4,Wednesday,163,VEHICLE STRIKES DOOR OF PARKED/STATIONARY VEHICLE,2,36105,2,0,0,1,1,2,2,1,Cross intersection,3,50,Arterial Other,22-25,Other injury,Bicyclists
T20150012004,6/5/2015,19:49:00,1,Collision with vehicle,6,Friday,110,CROSS TRAFFIC(INTERSECTIONS ONLY),3,292482,2,0,0,1,1,2,1,1,Cross intersection,3,60,Arterial Other,18-21,Other injury,Bicyclists
T20150012016,6/3/2015,6:00:00,1,Collision with vehicle,4,Wednesday,113,RIGHT NEAR (INTERSECTIONS ONLY),3,59333,2,0,1,0,1,2,1,2,T intersection,2,60,Arterial Other,70+,Serious injury,Bicyclists
T20150012047,6/5/2015,16:00:00,1,Collision with vehicle,5,Friday,133,LANE SIDE SWIPE (VEHICLES IN PARALLEL LANES),2,290975,2,0,0,1,1,2,2,1,Cross intersection,3,70,Arterial Highway,30-39,Other injury,Bicyclists
T20150012063,6/6/2015,16:20:00,1,Collision with vehicle,7,Saturday,137,LEFT TURN SIDESWIPE,2,277806,2,0,0,1,1,2,1,2,T intersection,3,80,Arterial Other,40-49,Other injury,Bicyclists
T20150012084,6/6/2015,17:15:00,1,Collision with vehicle,7,Saturday,148,VEHICLE OFF FOOTPATH STRIKES VEH ON CARRIAGEWAY,2,290384,2,0,1,1,0,2,1,2,T intersection,2,50,Local Road,18-21,Serious injury,Bicyclists
T20150012103,6/7/2015,12:15:00,8,No collision and no object struck,1,Sunday,174,OUT OF CONTROL ON CARRIAGEWAY (ON STRAIGHT),1,81008,2,0,0,1,0,1,2,5,Not at intersection,3,40,Local Road,26-29,Other injury,Bicyclists
T20150012107,6/7/2015,10:07:00,1,Collision with vehicle,0,Sunday,131,LEFT REAR,1,67820,2,0,0,1,1,2,1,2,T intersection,3,60,Local Road,22-25,Other injury,Bicyclists
T20150012143,8/30/2014,17:35:00,8,No collision and no object struck,7,Saturday,174,OUT OF CONTROL ON CARRIAGEWAY (ON STRAIGHT),2,290817,2,0,0,1,1,2,2,5,Not at intersection,3,50,Local Road,30-39,Other injury,Bicyclists
T20150012168,5/26/2015,19:30:00,1,Collision with vehicle,3,Tuesday,140,U TURN,3,290423,2,0,0,1,1,2,2,5,Not at intersection,3,50,Uknown,30-39,Other injury,Bicyclists
T20150012216,6/3/2015,10:40:00,1,Collision with vehicle,3,Wednesday,163,VEHICLE STRIKES DOOR OF PARKED/STATIONARY VEHICLE,1,291705,2,0,1,0,1,2,2,2,T intersection,2,50,Local Road,40-49,Serious injury,Bicyclists
T20150012223,3/27/2015,9:30:00,1,Collision with vehicle,6,Friday,110,CROSS TRAFFIC(INTERSECTIONS ONLY),1,42018,2,0,0,1,1,2,2,1,Cross intersection,3,50,Local Road,40-49,Other injury,Bicyclists
T20150012244,6/9/2015,16:40:00,1,Collision with vehicle,3,Tuesday,121,RIGHT THROUGH,2,42214,2,0,0,2,0,2,1,2,T intersection,3,70,Arterial Other,16-17,Other injury,Bicyclists
T20150012292,5/27/2015,10:30:00,8,No collision and no object struck,4,Wednesday,174,OUT OF CONTROL ON CARRIAGEWAY (ON STRAIGHT),1,42159,2,0,0,1,0,1,2,2,T intersection,3,60,Local Road,40-49,Other injury,Bicyclists
T20150012297,6/9/2015,17:00:00,1,Collision with vehicle,3,Tuesday,163,VEHICLE STRIKES DOOR OF PARKED/STATIONARY VEHICLE,2,292702,2,0,0,1,1,2,2,5,Not at intersection,3,60,Arterial Other,30-39,Other injury,Bicyclists
T20150012308,6/7/2015,22:00:00,1,Collision with vehicle,1,Sunday,163,VEHICLE STRIKES DOOR OF PARKED/STATIONARY VEHICLE,3,290278,2,0,1,0,0,1,2,5,Not at intersection,2,40,Uknown,30-39,Serious injury,Bicyclists
T20150012360,6/10/2015,21:33:00,1,Collision with vehicle,4,Wednesday,116,LEFT NEAR (INTERSECTIONS ONLY),3,289044,2,0,1,0,1,2,1,2,T intersection,2,60,Arterial Other,30-39,Serious injury,Bicyclists
T20150012365,6/11/2015,7:10:00,8,No collision and no object struck,5,Thursday,174,OUT OF CONTROL ON CARRIAGEWAY (ON STRAIGHT),5,290416,1,1,0,0,0,1,1,5,Not at intersection,1,100,Local Road,40-49,Fatality,Bicyclists
T20150012369,6/11/2015,16:00:00,1,Collision with vehicle,5,Thursday,121,RIGHT THROUGH,2,894,2,0,0,1,1,2,1,1,Cross intersection,3,60,Uknown,65-69,Other injury,Bicyclists
T20150012419,6/12/2015,8:30:00,1,Collision with vehicle,6,Friday,148,VEHICLE OFF FOOTPATH STRIKES VEH ON CARRIAGEWAY,2,40014,2,0,0,1,1,2,2,2,T intersection,3,40,Local Road,16-17,Other injury,Bicyclists
T20150012421,6/12/2015,8:50:00,1,Collision with vehicle,6,Friday,147,VEHICLE STRIKES ANOTHER VEH WHILE EMERGING FROM DRIVEWAY,2,290968,2,0,0,1,1,2,2,5,Not at intersection,3,50,Arterial Highway,18-21,Other injury,Bicyclists
T20150012429,6/12/2015,10:30:00,1,Collision with vehicle,6,Friday,133,LANE SIDE SWIPE (VEHICLES IN PARALLEL LANES),1,36712,2,0,1,0,1,2,1,1,Cross intersection,2,40,Local Road,40-49,Serious injury,Bicyclists
T20150012445,6/11/2015,6:15:00,1,Collision with vehicle,5,Thursday,110,CROSS TRAFFIC(INTERSECTIONS ONLY),3,10586,2,0,0,1,1,2,2,4,Multiple intersection,3,60,Uknown,40-49,Other injury,Bicyclists
T20150012459,6/12/2015,12:40:00,1,Collision with vehicle,6,Friday,147,VEHICLE STRIKES ANOTHER VEH WHILE EMERGING FROM DRIVEWAY,1,291014,2,0,0,1,1,2,1,5,Not at intersection,3,70,Arterial Other,40-49,Other injury,Bicyclists
T20150012492,6/12/2015,19:20:00,1,Collision with vehicle,6,Friday,148,VEHICLE OFF FOOTPATH STRIKES VEH ON CARRIAGEWAY,3,50099,2,0,1,0,1,2,1,1,Cross intersection,2,70,Arterial Highway,13-15,Serious injury,Bicyclists
T20150012520,6/13/2015,8:45:00,1,Collision with vehicle,7,Saturday,110,CROSS TRAFFIC(INTERSECTIONS ONLY),2,41179,2,0,0,1,1,2,2,1,Cross intersection,3,999,Arterial Other,50-59,Other injury,Bicyclists
T20150012527,6/13/2015,8:30:00,1,Collision with vehicle,7,Saturday,110,CROSS TRAFFIC(INTERSECTIONS ONLY),2,43435,2,0,1,0,1,2,1,1,Cross intersection,2,60,Local Road,50-59,Serious injury,Bicyclists