ACCIDENT_NO,ACCIDENT_DATE,ACCIDENT_TIME,ACCIDENT_TYPE,ACCIDENT_TYPE_DESC,DAY_OF_WEEK,DAY_WEEK_DESC,DCA_CODE,DCA_DESC,LIGHT_CONDITION,NODE_ID,NO_OF_VEHICLES,NO_PERSONS_KILLED,NO_PERSONS_INJ_2,NO_PERSONS_INJ_3,NO_PERSONS_NOT_INJ,NO_PERSONS,POLICE_ATTEND,ROAD_GEOMETRY,ROAD_GEOMETRY_DESC,SEVERITY,SPEED_ZONE,RMA,AGE_GROUP,INJ_LEVEL,ROAD_USER_TYPE_DESC
T20150012532,6/12/2015,18:30:00,1,Collision with vehicle,6,Friday,148,VEHICLE OFF FOOTPATH STRIKES VEH ON CARRIAGEWAY,3,295724,2,0,0,1,1,2,2,5,Not at intersection,3,40,Arterial Other,22-25,Other injury,Bicyclists
T20150012538,6/13/2015,11:50:00,1,Collision with vehicle,7,Saturday,121,RIGHT THROUGH,1,42030,2,0,1,0,0,1,1,2,T intersection,2,60,Arterial Other,65-69,Serious injury,Bicyclists
T20150012548,6/13/2015,10:20:00,1,Collision with vehicle,7,Saturday,147,VEHICLE STRIKES ANOTHER VEH WHILE EMERGING FROM DRIVEWAY,1,294092,2,0,0,2,1,3,2,5,Not at intersection,3,999,Local Road,45424,Other injury,Bicyclists
T20150012574,6/13/2015,6:10:00,1,Collision with vehicle,7,Saturday,163,VEHICLE STRIKES DOOR OF PARKED/STATIONARY VEHICLE,2,290351,2,0,0,1,1,2,1,5,Not at intersection,3,40,Local Road,22-25,Other injury,Bicyclists
T20150012594,6/14/2015,10:45:00,1,Collision with vehicle,1,Sunday,147,VEHICLE STRIKES ANOTHER VEH WHILE EMERGING FROM DRIVEWAY,1,291308,2,0,0,1,1,2,1,5,Not at intersection,3,30,Arterial Other,65-69,Other injury,Bicyclists
T20150012599,6/14/2015,11:10:00,1,Collision with vehicle,0,Sunday,110,CROSS TRAFFIC(INTERSECTIONS ONLY),1,63701,2,0,0,1,1,2,1,1,Cross intersection,3,50,Local Road,30-39,Other injury,Bicyclists
T20150012605,6/14/2015,10:50:00,1,Collision with vehicle,1,Sunday,116,LEFT NEAR (INTERSECTIONS ONLY),1,291309,2,0,0,1,1,2,1,2,T intersection,3,80,Arterial Other,65-69,Other injury,Bicyclists
T20150012645,6/15/2015,8:50:00,1,Collision with vehicle,1,Monday,137,LEFT TURN SIDESWIPE,1,357275,2,0,0,1,2,3,1,5,Not at intersection,3,60,Arterial Other,40-49,Other injury,Bicyclists
T20150012684,6/3/2015,10:00:00,1,Collision with vehicle,4,Wednesday,147,VEHICLE STRIKES ANOTHER VEH WHILE EMERGING FROM DRIVEWAY,1,291011,2,0,0,1,1,2,2,5,Not at intersection,3,40,Local Road,30-39,Other injury,Bicyclists
T20150012729,6/10/2015,11:15:00,8,No collision and no object struck,4,Wednesday,174,OUT OF CONTROL ON CARRIAGEWAY (ON STRAIGHT),1,290513,2,0,0,1,1,2,2,5,Not at intersection,3,40,Local Road,30-39,Other injury,Bicyclists
T20150012795,6/15/2015,23:40:00,1,Collision with vehicle,2,Monday,160,VEHICLE COLLIDES WITH VEHICLE PARKED ON LEFT OF ROAD,3,290667,2,0,0,1,0,1,1,5,Not at intersection,3,40,Arterial Other,30-39,Other injury,Bicyclists
T20150012811,6/17/2015,7:24:00,1,Collision with vehicle,4,Wednesday,110,CROSS TRAFFIC(INTERSECTIONS ONLY),2,41124,2,0,1,0,1,2,1,1,Cross intersection,2,50,Arterial Other,40-49,Serious injury,Bicyclists
T20150012824,6/12/2015,17:30:00,1,Collision with vehicle,6,Friday,121,RIGHT THROUGH,2,65351,2,0,0,1,1,2,2,2,T intersection,3,40,Local Road,26-29,Other injury,Bicyclists
T20150012848,4/30/2015,18:15:00,2,Struck Pedestrian,5,Thursday,106,VEH STRIKES PED ON FOOTPATH/MEDIAN/TRAFFIC ISLAND.,2,290540,1,0,1,0,1,2,2,5,Not at intersection,2,999,Local Road,50-59,Not injured,Bicyclists
T20150012858,6/17/2015,12:05:00,1,Collision with vehicle,4,Wednesday,113,RIGHT NEAR (INTERSECTIONS ONLY),1,36121,2,1,0,0,1,2,1,1,Cross intersection,1,60,Arterial Highway,16-17,Fatality,Bicyclists
T20150012881,6/12/2015,15:45:00,1,Collision with vehicle,6,Friday,130,REAR END(VEHICLES IN SAME LANE),1,290882,2,0,0,1,1,2,2,5,Not at intersection,3,50,Local Road,30-39,Other injury,Bicyclists
T20150012889,6/18/2015,5:59:00,1,Collision with vehicle,5,Thursday,134,LANE CHANGE RIGHT (NOT OVERTAKING),3,56604,2,0,1,0,1,2,1,2,T intersection,2,50,Local Road,30-39,Serious injury,Bicyclists
T20150012893,6/10/2015,14:15:00,1,Collision with vehicle,4,Wednesday,148,VEHICLE OFF FOOTPATH STRIKES VEH ON CARRIAGEWAY,1,279911,2,0,0,1,1,2,1,2,T intersection,3,50,Local Road,13-15,Other injury,Bicyclists
T20150012968,6/19/2015,5:45:00,1,Collision with vehicle,6,Friday,113,RIGHT NEAR (INTERSECTIONS ONLY),3,292167,2,0,0,1,1,2,1,2,T intersection,3,999,Local Road,13-15,Other injury,Bicyclists
T20150012987,6/17/2015,17:20:00,1,Collision with vehicle,3,Wednesday,163,VEHICLE STRIKES DOOR OF PARKED/STATIONARY VEHICLE,2,292840,2,0,0,1,2,3,2,5,Not at intersection,3,40,Local Road,30-39,Other injury,Bicyclists
T20150013039,6/19/2015,17:15:00,1,Collision with vehicle,5,Friday,121,RIGHT THROUGH,2,38001,2,0,0,1,1,2,2,1,Cross intersection,3,50,Local Road,22-25,Other injury,Bicyclists
T20150013041,6/11/2015,18:40:00,1,Collision with vehicle,5,Thursday,116,LEFT NEAR (INTERSECTIONS ONLY),6,65879,2,0,0,1,1,2,2,2,T intersection,3,999,Local Road,30-39,Other injury,Bicyclists
T20150013109,6/20/2015,10:25:00,1,Collision with vehicle,7,Saturday,113,RIGHT NEAR (INTERSECTIONS ONLY),1,57599,2,0,0,1,1,2,1,2,T intersection,3,60,Arterial Other,40-49,Other injury,Bicyclists
T20150013149,6/3/2015,13:37:00,1,Collision with vehicle,4,Wednesday,147,VEHICLE STRIKES ANOTHER VEH WHILE EMERGING FROM DRIVEWAY,1,292338,2,0,0,1,1,2,1,5,Not at intersection,3,70,Arterial Highway,16-17,Other injury,Bicyclists
T20150013159,6/20/2015,6:00:00,1,Collision with vehicle,7,Saturday,116,LEFT NEAR (INTERSECTIONS ONLY),3,29651,2,0,1,0,1,2,2,1,Cross intersection,2,70,Arterial Highway,40-49,Serious injury,Bicyclists
T20150013170,6/21/2015,12:05:00,1,Collision with vehicle,1,Sunday,121,RIGHT THROUGH,1,41579,2,0,0,1,1,2,1,1,Cross intersection,3,60,Arterial Other,50-59,Other injury,Bicyclists
T20150013186,6/21/2015,16:20:00,1,Collision with vehicle,1,Sunday,110,CROSS TRAFFIC(INTERSECTIONS ONLY),2,290809,2,0,0,1,1,2,1,1,Cross intersection,3,40,Uknown,60-64,Other injury,Bicyclists
T20150013188,6/21/2015,17:15:00,1,Collision with vehicle,1,Sunday,121,RIGHT THROUGH,2,29598,2,0,1,0,1,2,1,1,Cross intersection,2,60,Arterial Other,18-21,Serious injury,Bicyclists
T20150013296,6/23/2015,8:20:00,1,Collision with vehicle,3,Tuesday,133,LANE SIDE SWIPE (VEHICLES IN PARALLEL LANES),2,290772,2,0,1,0,1,2,1,5,Not at intersection,2,100,Arterial Highway,50-59,Serious injury,Bicyclists
T20150013299,6/23/2015,9:15:00,1,Collision with vehicle,3,Tuesday,113,RIGHT NEAR (INTERSECTIONS ONLY),1,43539,2,0,1,0,2,3,1,2,T intersection,2,50,Local Road,65-69,Serious injury,Bicyclists
T20150013362,6/24/2015,8:30:00,1,Collision with vehicle,3,Wednesday,121,RIGHT THROUGH,1,40157,2,0,1,0,1,2,1,2,T intersection,2,60,Arterial Other,50-59,Serious injury,Bicyclists
T20150013381,6/24/2015,6:45:00,1,Collision with vehicle,4,Wednesday,130,REAR END(VEHICLES IN SAME LANE),3,290819,2,0,0,1,1,2,1,5,Not at intersection,3,50,Local Road,22-25,Other injury,Bicyclists
T20150013386,6/24/2015,8:20:00,1,Collision with vehicle,4,Wednesday,148,VEHICLE OFF FOOTPATH STRIKES VEH ON CARRIAGEWAY,2,11397,2,1,0,0,1,2,1,4,Multiple intersection,1,80,Freeway,50-59,Fatality,Bicyclists
T20150013392,3/28/2015,20:45:00,4,Collision with a fixed object,7,Saturday,171,LEFT OFF CARRIAGEWAY INTO OBJECT/PARKED VEHICLE,2,290826,1,0,1,0,0,1,2,5,Not at intersection,2,999,Local Road,30-39,Serious injury,Bicyclists
T20150013395,6/1/2015,17:45:00,1,Collision with vehicle,2,Monday,111,RIGHT FAR (INTERSECTIONS ONLY),3,230894,2,0,0,1,1,2,1,1,Cross intersection,3,50,Local Road,40-49,Other injury,Bicyclists
T20150013408,6/24/2015,17:35:00,1,Collision with vehicle,4,Wednesday,113,RIGHT NEAR (INTERSECTIONS ONLY),3,290876,2,0,0,1,1,2,1,4,Multiple intersection,3,50,Local Road,40-49,Other injury,Bicyclists
T20150013411,6/24/2015,17:20:00,1,Collision with vehicle,4,Wednesday,132,RIGHT REAR.,2,1140,2,0,0,1,1,2,1,2,T intersection,3,50,Arterial Other,30-39,Other injury,Bicyclists
T20150013423,6/24/2015,16:15:00,1,Collision with vehicle,4,Wednesday,150,HEAD ON(OVERTAKING),2,291103,3,0,1,0,2,3,1,2,T intersection,2,60,Local Road,22-25,Serious injury,Bicyclists
T20150013433,6/24/2015,22:00:00,1,Collision with vehicle,4,Wednesday,120,HEAD ON (NOT OVERTAKING),3,290909,2,0,1,0,1,2,1,5,Not at intersection,2,50,Local Road,18-21,Serious injury,Bicyclists
T20150013465,1/30/2015,16:45:00,1,Collision with vehicle,6,Friday,154,PULLING OUT -REAR END,1,29397,2,0,0,1,0,1,2,1,Cross intersection,3,999,Arterial Other,30-39,Other injury,Bicyclists
T20150013481,4/22/2015,17:30:00,1,Collision with vehicle,4,Wednesday,133,LANE SIDE SWIPE (VEHICLES IN PARALLEL LANES),2,290905,2,0,0,1,2,3,2,5,Not at intersection,3,70,Arterial Other,26-29,Other injury,Bicyclists
T20150013496,6/17/2015,17:30:00,1,Collision with vehicle,4,Wednesday,110,CROSS TRAFFIC(INTERSECTIONS ONLY),3,43905,2,0,0,1,1,2,2,1,Cross intersection,3,50,Local Road,50-59,Other injury,Bicyclists
T20150013521,5/20/2015,8:45:00,1,Collision with vehicle,4,Wednesday,121,RIGHT THROUGH,1,36862,2,0,0,1,1,2,2,1,Cross intersection,3,50,Arterial Other,40-49,Other injury,Bicyclists
T20150013529,6/20/2015,23:00:00,1,Collision with vehicle,7,Saturday,121,RIGHT THROUGH,9,257387,2,0,0,1,1,2,2,2,T intersection,3,999,Local Road,22-25,Other injury,Bicyclists
T20150013538,6/26/2015,14:30:00,1,Collision with vehicle,6,Friday,163,VEHICLE STRIKES DOOR OF PARKED/STATIONARY VEHICLE,1,291616,2,0,0,2,0,2,1,5,Not at intersection,3,60,Local Road,30-39,Other injury,Bicyclists
T20150013563,6/26/2015,5:45:00,1,Collision with vehicle,6,Friday,130,REAR END(VEHICLES IN SAME LANE),3,291926,2,0,1,0,1,2,1,5,Not at intersection,2,70,Arterial Highway,30-39,Serious injury,Bicyclists
T20150013571,5/30/2015,19:05:00,1,Collision with vehicle,7,Saturday,133,LANE SIDE SWIPE (VEHICLES IN PARALLEL LANES),3,36043,2,0,0,1,2,3,1,1,Cross intersection,3,60,Local Road,22-25,Other injury,Bicyclists
T20150013637,6/21/2015,14:00:00,1,Collision with vehicle,1,Sunday,116,LEFT NEAR (INTERSECTIONS ONLY),1,275489,2,0,0,1,1,2,2,2,T intersection,3,60,Local Road,65-69,Other injury,Bicyclists
T20150013647,6/28/2015,10:00:00,1,Collision with vehicle,1,Sunday,147,VEHICLE STRIKES ANOTHER VEH WHILE EMERGING FROM DRIVEWAY,1,291160,2,0,1,0,1,2,1,5,Not at intersection,2,60,Arterial Other,50-59,Serious injury,Bicyclists
T20150013663,6/22/2015,15:32:00,1,Collision with vehicle,2,Monday,116,LEFT NEAR (INTERSECTIONS ONLY),1,37431,2,0,0,1,1,2,2,4,Multiple intersection,3,70,Uknown,40-49,Other injury,Bicyclists
T20150013667,6/28/2015,15:20:00,1,Collision with vehicle,1,Sunday,147,VEHICLE STRIKES ANOTHER VEH WHILE EMERGING FROM DRIVEWAY,1,290949,2,0,0,1,1,2,1,5,Not at intersection,3,50,Local Road,45424,Other injury,Bicyclists
T20150013693,6/29/2015,7:44:00,1,Collision with vehicle,2,Monday,110,CROSS TRAFFIC(INTERSECTIONS ONLY),2,35819,2,0,1,0,1,2,1,1,Cross intersection,2,50,Local Road,50-59,Serious injury,Bicyclists
T20150013710,6/26/2015,14:45:00,1,Collision with vehicle,6,Friday,121,RIGHT THROUGH,1,36584,2,0,0,1,1,2,2,2,T intersection,3,40,Local Road,26-29,Other injury,Bicyclists
T20150013735,6/29/2015,15:45:00,1,Collision with vehicle,2,Monday,110,CROSS TRAFFIC(INTERSECTIONS ONLY),1,29581,2,0,1,0,1,2,2,1,Cross intersection,2,50,Arterial Other,40-49,Serious injury,Bicyclists
T20150013736,6/5/2015,16:15:00,1,Collision with vehicle,6,Friday,113,RIGHT NEAR (INTERSECTIONS ONLY),2,63006,2,0,0,1,1,2,2,2,T intersection,3,60,Arterial Other,50-59,Other injury,Bicyclists
T20150013748,5/28/2015,9:40:00,1,Collision with vehicle,5,Thursday,147,VEHICLE STRIKES ANOTHER VEH WHILE EMERGING FROM DRIVEWAY,1,291062,2,0,0,1,1,2,2,5,Not at intersection,3,888,Local Road,50-59,Other injury,Bicyclists
T20150013771,6/30/2015,11:55:00,1,Collision with vehicle,2,Tuesday,110,CROSS TRAFFIC(INTERSECTIONS ONLY),1,39144,2,0,1,0,1,2,1,1,Cross intersection,2,50,Local Road,16-17,Serious injury,Bicyclists
T20150013790,6/30/2015,18:00:00,1,Collision with vehicle,3,Tuesday,143,ENTERING PARKING,3,291197,2,0,0,1,1,2,1,5,Not at intersection,3,50,Local Road,40-49,Other injury,Bicyclists
T20150013795,6/30/2015,18:30:00,1,Collision with vehicle,2,Tuesday,163,VEHICLE STRIKES DOOR OF PARKED/STATIONARY VEHICLE,6,357447,2,0,0,1,1,2,1,5,Not at intersection,3,60,Arterial Other,40-49,Other injury,Bicyclists
T20150013799,6/27/2015,15:00:00,8,No collision and no object struck,6,Saturday,174,OUT OF CONTROL ON CARRIAGEWAY (ON STRAIGHT),1,37173,1,0,0,1,0,1,2,2,T intersection,3,60,Arterial Other,26-29,Other injury,Bicyclists
T20150013803,6/30/2015,17:23:00,1,Collision with vehicle,3,Tuesday,143,ENTERING PARKING,2,291198,2,0,0,1,1,2,1,5,Not at intersection,3,60,Arterial Other,30-39,Other injury,Bicyclists
T20150013827,7/1/2015,9:50:00,1,Collision with vehicle,4,Wednesday,110,CROSS TRAFFIC(INTERSECTIONS ONLY),1,37854,2,0,0,1,1,2,1,1,Cross intersection,3,50,Local Road,18-21,Other injury,Bicyclists
T20150013829,7/1/2015,10:10:00,1,Collision with vehicle,4,Wednesday,137,LEFT TURN SIDESWIPE,1,291879,2,0,0,1,1,2,1,2,T intersection,3,50,Local Road,40-49,Other injury,Bicyclists
T20150013830,7/1/2015,7:50:00,1,Collision with vehicle,4,Wednesday,110,CROSS TRAFFIC(INTERSECTIONS ONLY),2,38161,2,0,1,0,1,2,1,1,Cross intersection,2,50,Local Road,50-59,Serious injury,Bicyclists
T20150013833,7/1/2015,11:30:00,1,Collision with vehicle,4,Wednesday,116,LEFT NEAR (INTERSECTIONS ONLY),1,49057,2,0,0,1,1,2,1,2,T intersection,3,50,Local Road,26-29,Other injury,Bicyclists
T20150013849,7/1/2015,14:30:00,1,Collision with vehicle,4,Wednesday,116,LEFT NEAR (INTERSECTIONS ONLY),1,291207,2,0,0,1,1,2,2,2,T intersection,3,70,Local Road,50-59,Other injury,Bicyclists
T20150013864,6/22/2015,8:10:00,1,Collision with vehicle,2,Monday,153,CUTTING IN (OVERTAKING),2,293243,2,0,1,0,1,2,1,5,Not at intersection,2,50,Arterial Other,30-39,Serious injury,Bicyclists
T20150013905,7/2/2015,12:10:00,1,Collision with vehicle,5,Thursday,133,LANE SIDE SWIPE (VEHICLES IN PARALLEL LANES),1,295685,2,0,0,1,1,2,2,5,Not at intersection,3,60,Arterial Highway,30-39,Other injury,Bicyclists
T20150013908,7/2/2015,7:00:00,1,Collision with vehicle,5,Thursday,137,LEFT TURN SIDESWIPE,6,31046,2,0,0,1,1,2,2,1,Cross intersection,3,50,Local Road,30-39,Other injury,Bicyclists
T20150013931,6/30/2015,15:33:00,1,Collision with vehicle,3,Tuesday,147,VEHICLE STRIKES ANOTHER VEH WHILE EMERGING FROM DRIVEWAY,1,291184,2,0,1,0,0,1,2,5,Not at intersection,2,888,Uknown,45424,Serious injury,Bicyclists
T20150013937,7/2/2015,18:00:00,1,Collision with vehicle,5,Thursday,142,LEAVING PARKING,3,291196,2,0,1,0,1,2,1,5,Not at intersection,2,50,Local Road,40-49,Serious injury,Bicyclists
T20150013939,3/3/2015,17:00:00,1,Collision with vehicle,3,Tuesday,121,RIGHT THROUGH,2,291600,2,0,0,1,1,2,2,5,Not at intersection,3,60,Uknown,50-59,Other injury,Bicyclists
T20150013945,6/4/2015,7:00:00,1,Collision with vehicle,5,Thursday,113,RIGHT NEAR (INTERSECTIONS ONLY),2,46967,2,0,1,0,1,2,9,1,Cross intersection,2,999,Local Road,30-39,Serious injury,Bicyclists
T20150013982,7/3/2015,6:35:00,1,Collision with vehicle,6,Friday,148,VEHICLE OFF FOOTPATH STRIKES VEH ON CARRIAGEWAY,5,291551,2,0,0,1,1,2,1,5,Not at intersection,3,50,Local Road,30-39,Other injury,Bicyclists
T20150014030,7/3/2015,17:08:00,1,Collision with vehicle,6,Friday,148,VEHICLE OFF FOOTPATH STRIKES VEH ON CARRIAGEWAY,3,43764,2,0,0,1,1,2,1,1,Cross intersection,3,60,Local Road,45424,Other injury,Bicyclists
T20150014057,7/4/2015,12:30:00,1,Collision with vehicle,7,Saturday,110,CROSS TRAFFIC(INTERSECTIONS ONLY),1,68175,2,0,1,0,1,2,1,1,Cross intersection,2,60,Arterial Other,30-39,Serious injury,Bicyclists
T20150014060,6/26/2015,17:45:00,1,Collision with vehicle,6,Friday,116,LEFT NEAR (INTERSECTIONS ONLY),3,68052,2,0,0,2,0,2,2,2,T intersection,3,60,Local Road,22-25,Other injury,Bicyclists
T20150014112,7/5/2015,14:46:00,1,Collision with vehicle,1,Sunday,136,RIGHT TURN SIDESWIPE,1,291291,2,0,0,1,1,2,1,5,Not at intersection,3,50,Local Road,70+,Other injury,Bicyclists
T20150014125,7/5/2015,15:40:00,1,Collision with vehicle,1,Sunday,130,REAR END(VEHICLES IN SAME LANE),1,224261,2,0,0,1,2,3,1,2,T intersection,3,80,Arterial Highway,50-59,Other injury,Bicyclists
T20150014169,6/26/2015,16:11:00,1,Collision with vehicle,6,Friday,116,LEFT NEAR (INTERSECTIONS ONLY),2,36379,2,0,0,1,1,2,1,2,T intersection,3,40,Local Road,30-39,Other injury,Bicyclists
T20150014229,7/7/2015,10:50:00,1,Collision with vehicle,3,Tuesday,148,VEHICLE OFF FOOTPATH STRIKES VEH ON CARRIAGEWAY,1,1192,2,0,0,1,1,2,1,1,Cross intersection,3,60,Arterial Other,22-25,Other injury,Bicyclists
T20150014242,6/30/2015,8:40:00,1,Collision with vehicle,3,Tuesday,147,VEHICLE STRIKES ANOTHER VEH WHILE EMERGING FROM DRIVEWAY,9,291445,2,0,0,1,1,2,2,5,Not at intersection,3,888,Arterial Other,50-59,Other injury,Bicyclists
T20150014243,7/7/2015,13:25:00,1,Collision with vehicle,3,Tuesday,135,LANE CHANGE LEFT (NOT OVERTAKING),1,292068,3,0,0,1,1,2,1,5,Not at intersection,3,50,Arterial Other,50-59,Other injury,Bicyclists
T20150014256,7/7/2015,14:30:00,8,No collision and no object struck,2,Tuesday,170,OFF CARRIAGEWAY TO LEFT,1,291347,1,0,0,1,0,1,2,5,Not at intersection,3,999,Local Road,50-59,Other injury,Bicyclists
T20150014278,7/8/2015,7:05:00,1,Collision with vehicle,4,Wednesday,113,RIGHT NEAR (INTERSECTIONS ONLY),2,50993,2,0,0,1,1,2,1,2,T intersection,3,60,Local Road,50-59,Other injury,Bicyclists
T20150014301,7/8/2015,12:05:00,1,Collision with vehicle,4,Wednesday,148,VEHICLE OFF FOOTPATH STRIKES VEH ON CARRIAGEWAY,1,291440,2,0,1,0,1,2,1,2,T intersection,2,50,Local Road,22-25,Serious injury,Bicyclists
T20150014303,7/8/2015,13:05:00,1,Collision with vehicle,4,Wednesday,143,ENTERING PARKING,1,291387,2,0,0,1,1,2,1,5,Not at intersection,3,60,Arterial Highway,26-29,Other injury,Bicyclists
T20150014324,7/8/2015,17:46:00,1,Collision with vehicle,4,Wednesday,121,RIGHT THROUGH,2,35935,2,0,0,2,0,2,1,2,T intersection,3,50,Arterial Other,50-59,Other injury,Bicyclists
T20150014352,7/1/2015,17:35:00,1,Collision with vehicle,4,Wednesday,163,VEHICLE STRIKES DOOR OF PARKED/STATIONARY VEHICLE,6,291427,2,0,0,1,1,2,2,5,Not at intersection,3,50,Local Road,40-49,Other injury,Bicyclists
T20150014386,7/7/2015,7:45:00,1,Collision with vehicle,3,Tuesday,147,VEHICLE STRIKES ANOTHER VEH WHILE EMERGING FROM DRIVEWAY,2,293604,2,0,0,1,1,2,2,5,Not at intersection,3,888,Local Road,40-49,Other injury,Bicyclists
T20150014393,7/7/2015,15:00:00,1,Collision with vehicle,3,Tuesday,163,VEHICLE STRIKES DOOR OF PARKED/STATIONARY VEHICLE,1,291450,2,0,0,1,1,2,2,5,Not at intersection,3,60,Arterial Other,30-39,Other injury,Bicyclists
T20150014418,7/10/2015,7:25:00,1,Collision with vehicle,6,Friday,110,CROSS TRAFFIC(INTERSECTIONS ONLY),2,50277,2,0,1,0,1,2,1,1,Cross intersection,2,60,Arterial Other,60-64,Serious injury,Bicyclists
T20150014469,7/10/2015,17:50:00,1,Collision with vehicle,5,Friday,163,VEHICLE STRIKES DOOR OF PARKED/STATIONARY VEHICLE,6,291479,2,0,0,1,1,2,1,5,Not at intersection,3,50,Local Road,30-39,Other injury,Bicyclists
T20150014489,7/10/2015,22:35:00,1,Collision with vehicle,6,Friday,121,RIGHT THROUGH,3,45649,2,0,0,1,1,2,1,1,Cross intersection,3,40,Arterial Other,40-49,Other injury,Bicyclists
T20150014527,7/10/2015,21:50:00,8,No collision and no object struck,6,Friday,174,OUT OF CONTROL ON CARRIAGEWAY (ON STRAIGHT),3,291484,1,0,0,1,0,1,1,5,Not at intersection,3,40,Local Road,26-29,Other injury,Bicyclists
T20150014562,7/11/2015,22:30:00,1,Collision with vehicle,7,Saturday,148,VEHICLE OFF FOOTPATH STRIKES VEH ON CARRIAGEWAY,5,61818,2,0,1,0,2,3,1,4,Multiple intersection,2,60,Freeway,16-17,Serious injury,Bicyclists
T20150014576,6/28/2015,6:40:00,1,Collision with vehicle,1,Sunday,113,RIGHT NEAR (INTERSECTIONS ONLY),3,41065,2,0,0,1,1,2,2,2,T intersection,3,999,Arterial Other,26-29,Other injury,Bicyclists
T20150014578,7/12/2015,13:00:00,1,Collision with vehicle,1,Sunday,111,RIGHT FAR (INTERSECTIONS ONLY),1,49670,2,0,0,1,2,3,2,2,T intersection,3,50,Local Road,40-49,Other injury,Bicyclists
T20150014621,7/13/2015,8:20:00,1,Collision with vehicle,2,Monday,163,VEHICLE STRIKES DOOR OF PARKED/STATIONARY VEHICLE,2,291932,2,0,0,1,1,2,2,5,Not at intersection,3,50,Arterial Other,30-39,Other injury,Bicyclists
T20150014629,6/28/2015,20:00:00,1,Collision with vehicle,1,Sunday,148,VEHICLE OFF FOOTPATH STRIKES VEH ON CARRIAGEWAY,3,295477,2,0,1,0,1,2,2,5,Not at intersection,2,60,Local Road,45424,Serious injury,Bicyclists
T20150014674,7/14/2015,8:45:00,1,Collision with vehicle,3,Tuesday,163,VEHICLE STRIKES DOOR OF PARKED/STATIONARY VEHICLE,2,65883,2,0,0,1,2,3,1,2,T intersection,3,40,Local Road,40-49,Other injury,Bicyclists
T20150014677,7/14/2015,7:00:00,1,Collision with vehicle,3,Tuesday,110,CROSS TRAFFIC(INTERSECTIONS ONLY),3,64348,2,0,1,0,1,2,2,1,Cross intersection,2,50,Arterial Highway,50-59,Serious injury,Bicyclists
T20150014699,6/24/2015,17:00:00,1,Collision with vehicle,4,Wednesday,147,VEHICLE STRIKES ANOTHER VEH WHILE EMERGING FROM DRIVEWAY,2,292276,2,0,0,1,1,2,2,5,Not at intersection,3,50,Arterial Highway,13-15,Other injury,Bicyclists
T20150014721,7/14/2015,19:15:00,1,Collision with vehicle,3,Tuesday,110,CROSS TRAFFIC(INTERSECTIONS ONLY),3,58138,2,0,1,0,1,2,1,1,Cross intersection,2,60,Local Road,40-49,Serious injury,Bicyclists
T20150014722,7/14/2015,19:30:00,1,Collision with vehicle,2,Tuesday,110,CROSS TRAFFIC(INTERSECTIONS ONLY),3,29361,2,0,0,1,0,1,2,1,Cross intersection,3,50,Local Road,30-39,Other injury,Bicyclists
T20150014749,7/15/2015,8:06:00,1,Collision with vehicle,4,Wednesday,113,RIGHT NEAR (INTERSECTIONS ONLY),2,41065,2,0,0,1,1,2,1,2,T intersection,3,60,Arterial Other,60-64,Other injury,Bicyclists
T20150014754,7/15/2015,8:00:00,1,Collision with vehicle,3,Wednesday,143,ENTERING PARKING,2,293070,2,0,0,1,1,2,2,5,Not at intersection,3,40,Local Road,30-39,Other injury,Bicyclists
T20150014865,7/16/2015,16:30:00,1,Collision with vehicle,5,Thursday,110,CROSS TRAFFIC(INTERSECTIONS ONLY),2,40017,2,0,0,1,1,2,2,1,Cross intersection,3,50,Local Road,22-25,Other injury,Bicyclists
T20150014905,7/17/2015,15:45:00,8,No collision and no object struck,6,Friday,174,OUT OF CONTROL ON CARRIAGEWAY (ON STRAIGHT),1,292134,1,0,0,1,0,1,2,5,Not at intersection,3,70,Arterial Other,50-59,Other injury,Bicyclists
T20150014963,7/15/2015,15:20:00,1,Collision with vehicle,4,Wednesday,133,LANE SIDE SWIPE (VEHICLES IN PARALLEL LANES),1,46964,2,0,0,1,1,2,2,1,Cross intersection,3,40,Local Road,13-15,Other injury,Bicyclists
T20150014964,7/17/2015,8:49:00,1,Collision with vehicle,6,Friday,136,RIGHT TURN SIDESWIPE,2,29419,2,0,0,1,1,2,1,1,Cross intersection,3,40,Local Road,18-21,Other injury,Bicyclists
T20150015001,7/18/2015,14:40:00,1,Collision with vehicle,7,Saturday,110,CROSS TRAFFIC(INTERSECTIONS ONLY),1,41124,2,0,1,0,1,2,1,1,Cross intersection,2,50,Arterial Other,40-49,Serious injury,Bicyclists
T20150015038,7/19/2015,8:30:00,1,Collision with vehicle,1,Sunday,134,LANE CHANGE RIGHT (NOT OVERTAKING),2,292883,2,0,1,0,1,2,1,5,Not at intersection,2,999,Freeway,65-69,Serious injury,Bicyclists
T20150015054,7/19/2015,13:00:00,1,Collision with vehicle,1,Sunday,147,VEHICLE STRIKES ANOTHER VEH WHILE EMERGING FROM DRIVEWAY,1,293743,2,0,1,0,0,1,1,5,Not at intersection,2,60,Arterial Other,22-25,Serious injury,Bicyclists
T20150015093,7/20/2015,6:10:00,1,Collision with vehicle,2,Monday,110,CROSS TRAFFIC(INTERSECTIONS ONLY),3,36495,2,0,1,0,1,2,1,1,Cross intersection,2,40,Local Road,26-29,Serious injury,Bicyclists