ACCIDENT_NO,ACCIDENT_DATE,ACCIDENT_TIME,ACCIDENT_TYPE,ACCIDENT_TYPE_DESC,DAY_OF_WEEK,DAY_WEEK_DESC,DCA_CODE,DCA_DESC,LIGHT_CONDITION,NODE_ID,NO_OF_VEHICLES,NO_PERSONS_KILLED,NO_PERSONS_INJ_2,NO_PERSONS_INJ_3,NO_PERSONS_NOT_INJ,NO_PERSONS,POLICE_ATTEND,ROAD_GEOMETRY,ROAD_GEOMETRY_DESC,SEVERITY,SPEED_ZONE,RMA,AGE_GROUP,INJ_LEVEL,ROAD_USER_TYPE_DESC
T20150015113,7/17/2015,17:30:00,1,Collision with vehicle,6,Friday,163,VEHICLE STRIKES DOOR OF PARKED/STATIONARY VEHICLE,3,279501,2,0,1,0,2,3,2,5,Not at intersection,2,60,Local Road,30-39,Serious injury,Bicyclists
T20150015143,7/8/2015,17:30:00,1,Collision with vehicle,4,Wednesday,121,RIGHT THROUGH,3,41157,2,0,0,1,1,2,2,1,Cross intersection,3,60,Local Road,18-21,Other injury,Bicyclists
T20150015154,7/20/2015,17:30:00,1,Collision with vehicle,1,Monday,120,HEAD ON (NOT OVERTAKING),2,307841,2,0,0,1,0,1,2,2,T intersection,3,50,Local Road,30-39,Other injury,Bicyclists
T20150015177,7/21/2015,10:04:00,5,collision with some other object,3,Tuesday,166,STRUCK OBJECT ON CARRIAGEWAY,1,292027,2,0,0,1,0,1,2,5,Not at intersection,3,40,Local Road,50-59,Other injury,Bicyclists
T20150015282,7/21/2015,8:20:00,1,Collision with vehicle,3,Tuesday,124,RIGHT/RIGHT BOTH VEHs FROM OPPOSITE DIRECTIONS TURNING RIGHT,2,37914,2,0,0,1,1,2,2,1,Cross intersection,3,999,Uknown,30-39,Other injury,Bicyclists
T20150015322,7/23/2015,9:45:00,1,Collision with vehicle,5,Thursday,113,RIGHT NEAR (INTERSECTIONS ONLY),1,292004,2,0,1,0,1,2,1,2,T intersection,2,60,Arterial Highway,40-49,Serious injury,Bicyclists
T20150015326,7/18/2015,16:00:00,1,Collision with vehicle,7,Saturday,121,RIGHT THROUGH,2,292003,2,0,1,1,0,2,2,5,Not at intersection,2,999,Arterial Other,18-21,Serious injury,Bicyclists
T20150015328,7/23/2015,8:50:00,1,Collision with vehicle,5,Thursday,130,REAR END(VEHICLES IN SAME LANE),2,292051,2,0,1,0,1,2,1,2,T intersection,2,100,Arterial Other,65-69,Serious injury,Bicyclists
T20150015357,7/9/2015,18:00:00,1,Collision with vehicle,5,Thursday,163,VEHICLE STRIKES DOOR OF PARKED/STATIONARY VEHICLE,6,292054,2,0,0,1,0,1,2,2,T intersection,3,50,Local Road,50-59,Other injury,Bicyclists
T20150015358,7/23/2015,17:30:00,1,Collision with vehicle,5,Thursday,110,CROSS TRAFFIC(INTERSECTIONS ONLY),2,41413,2,0,1,0,1,2,1,1,Cross intersection,2,60,Local Road,26-29,Serious injury,Bicyclists
T20150015361,7/23/2015,18:00:00,1,Collision with vehicle,5,Thursday,113,RIGHT NEAR (INTERSECTIONS ONLY),3,292649,2,0,0,1,1,2,1,2,T intersection,3,60,Local Road,50-59,Other injury,Bicyclists
T20150015378,4/18/2015,19:15:00,1,Collision with vehicle,7,Saturday,130,REAR END(VEHICLES IN SAME LANE),6,58063,2,0,0,1,0,1,2,2,T intersection,3,60,Local Road,30-39,Other injury,Bicyclists
T20150015436,7/24/2015,15:32:00,1,Collision with vehicle,5,Friday,147,VEHICLE STRIKES ANOTHER VEH WHILE EMERGING FROM DRIVEWAY,1,292159,2,0,0,1,1,2,1,5,Not at intersection,3,50,Local Road,0-4,Other injury,Bicyclists
T20150015448,7/24/2015,15:30:00,1,Collision with vehicle,6,Friday,148,VEHICLE OFF FOOTPATH STRIKES VEH ON CARRIAGEWAY,1,714,2,0,0,1,1,2,1,1,Cross intersection,3,60,Arterial Other,18-21,Other injury,Bicyclists
T20150015469,7/24/2015,15:55:00,1,Collision with vehicle,6,Friday,147,VEHICLE STRIKES ANOTHER VEH WHILE EMERGING FROM DRIVEWAY,1,293883,2,0,0,1,1,2,2,5,Not at intersection,3,999,Arterial Other,13-15,Other injury,Bicyclists
T20150015495,7/22/2015,18:15:00,1,Collision with vehicle,4,Wednesday,121,RIGHT THROUGH,3,35704,2,0,0,1,1,2,1,2,T intersection,3,60,Arterial Other,30-39,Other injury,Bicyclists
T20150015496,7/25/2015,7:15:00,8,No collision and no object struck,7,Saturday,174,OUT OF CONTROL ON CARRIAGEWAY (ON STRAIGHT),2,294694,1,0,0,1,0,1,2,5,Not at intersection,3,60,Local Road,50-59,Other injury,Bicyclists
T20150015524,7/25/2015,13:36:00,1,Collision with vehicle,7,Saturday,147,VEHICLE STRIKES ANOTHER VEH WHILE EMERGING FROM DRIVEWAY,1,293451,2,0,0,1,1,2,1,5,Not at intersection,3,40,Local Road,30-39,Other injury,Bicyclists
T20150015534,7/24/2015,9:20:00,1,Collision with vehicle,6,Friday,163,VEHICLE STRIKES DOOR OF PARKED/STATIONARY VEHICLE,1,35358,2,0,0,1,2,3,2,1,Cross intersection,3,40,Local Road,22-25,Other injury,Bicyclists
T20150015576,7/26/2015,9:50:00,1,Collision with vehicle,1,Sunday,116,LEFT NEAR (INTERSECTIONS ONLY),1,30009,2,0,0,1,1,2,1,1,Cross intersection,3,60,Uknown,50-59,Other injury,Bicyclists
T20150015610,7/27/2015,8:15:00,1,Collision with vehicle,2,Monday,113,RIGHT NEAR (INTERSECTIONS ONLY),2,38865,2,0,1,0,1,2,1,2,T intersection,2,50,Arterial Other,40-49,Serious injury,Bicyclists
T20150015629,7/24/2015,16:00:00,8,No collision and no object struck,6,Friday,174,OUT OF CONTROL ON CARRIAGEWAY (ON STRAIGHT),2,36563,2,0,0,1,0,1,2,2,T intersection,3,40,Local Road,22-25,Other injury,Bicyclists
T20150015660,7/17/2015,11:55:00,1,Collision with vehicle,6,Friday,134,LANE CHANGE RIGHT (NOT OVERTAKING),1,75135,2,0,1,0,1,2,1,5,Not at intersection,2,40,Local Road,30-39,Serious injury,Bicyclists
T20150015699,7/28/2015,12:30:00,1,Collision with vehicle,3,Tuesday,121,RIGHT THROUGH,1,36210,2,0,1,0,1,2,1,1,Cross intersection,2,50,Arterial Other,18-21,Serious injury,Bicyclists
T20150015717,7/28/2015,7:10:00,1,Collision with vehicle,3,Tuesday,110,CROSS TRAFFIC(INTERSECTIONS ONLY),2,50119,2,0,0,1,1,2,2,1,Cross intersection,3,60,Arterial Other,30-39,Other injury,Bicyclists
T20150015720,7/28/2015,17:00:00,1,Collision with vehicle,2,Tuesday,130,REAR END(VEHICLES IN SAME LANE),1,261245,2,0,0,1,0,1,2,5,Not at intersection,3,60,Arterial Other,30-39,Other injury,Bicyclists
T20150015830,7/30/2015,7:30:00,1,Collision with vehicle,5,Thursday,119,OTHER ADJACENT (INTERSECTIONS ONLY),5,52125,2,0,1,0,1,2,1,1,Cross intersection,2,50,Arterial Other,60-64,Serious injury,Bicyclists
T20150015839,7/22/2015,18:30:00,1,Collision with vehicle,4,Wednesday,136,RIGHT TURN SIDESWIPE,3,292254,2,0,0,1,0,1,2,5,Not at intersection,3,777,Local Road,26-29,Other injury,Bicyclists
T20150015848,7/15/2015,17:30:00,1,Collision with vehicle,4,Wednesday,143,ENTERING PARKING,2,293342,2,0,0,2,0,2,2,5,Not at intersection,3,60,Arterial Other,30-39,Other injury,Bicyclists
T20150015850,2/7/2015,12:00:00,1,Collision with vehicle,7,Saturday,130,REAR END(VEHICLES IN SAME LANE),1,292279,3,0,0,1,1,2,2,5,Not at intersection,3,50,Arterial Other,26-29,Other injury,Bicyclists
T20150015875,7/30/2015,18:10:00,1,Collision with vehicle,5,Thursday,110,CROSS TRAFFIC(INTERSECTIONS ONLY),3,35989,2,0,0,1,1,2,1,1,Cross intersection,3,50,Local Road,22-25,Other injury,Bicyclists
T20150015926,7/31/2015,7:30:00,4,Collision with a fixed object,6,Friday,171,LEFT OFF CARRIAGEWAY INTO OBJECT/PARKED VEHICLE,2,292302,1,0,0,1,0,1,1,5,Not at intersection,3,60,Uknown,30-39,Other injury,Bicyclists
T20150015935,7/31/2015,13:00:00,1,Collision with vehicle,6,Friday,121,RIGHT THROUGH,1,42061,2,0,1,0,0,1,1,2,T intersection,2,60,Arterial Other,30-39,Serious injury,Bicyclists
T20150016009,7/31/2015,7:00:00,1,Collision with vehicle,5,Friday,113,RIGHT NEAR (INTERSECTIONS ONLY),2,292693,2,0,0,1,1,2,2,2,T intersection,3,60,Local Road,40-49,Other injury,Bicyclists
T20150016077,7/21/2015,7:00:00,8,No collision and no object struck,3,Tuesday,174,OUT OF CONTROL ON CARRIAGEWAY (ON STRAIGHT),2,292393,2,0,0,1,0,1,2,1,Cross intersection,3,70,Local Road,50-59,Other injury,Bicyclists
T20150016100,8/2/2015,13:48:00,1,Collision with vehicle,0,Sunday,110,CROSS TRAFFIC(INTERSECTIONS ONLY),1,37037,2,0,0,1,1,2,1,1,Cross intersection,3,40,Local Road,50-59,Other injury,Bicyclists
T20150016130,5/24/2015,23:30:00,1,Collision with vehicle,1,Sunday,148,VEHICLE OFF FOOTPATH STRIKES VEH ON CARRIAGEWAY,9,262968,2,0,0,1,0,1,2,5,Not at intersection,3,70,Arterial Highway,26-29,Other injury,Bicyclists
T20150016131,7/20/2015,18:00:00,8,No collision and no object struck,2,Monday,174,OUT OF CONTROL ON CARRIAGEWAY (ON STRAIGHT),3,292404,1,0,1,0,0,1,9,5,Not at intersection,2,40,Local Road,50-59,Serious injury,Bicyclists
T20150016176,7/9/2015,8:45:00,1,Collision with vehicle,5,Thursday,147,VEHICLE STRIKES ANOTHER VEH WHILE EMERGING FROM DRIVEWAY,2,293978,2,0,1,0,1,2,2,5,Not at intersection,2,999,Arterial Other,50-59,Serious injury,Bicyclists
T20150016181,7/25/2015,8:48:00,8,No collision and no object struck,6,Saturday,174,OUT OF CONTROL ON CARRIAGEWAY (ON STRAIGHT),2,292434,1,0,1,0,0,1,1,1,Cross intersection,2,999,Local Road,50-59,Serious injury,Bicyclists
T20150016199,8/4/2015,8:40:00,1,Collision with vehicle,3,Tuesday,134,LANE CHANGE RIGHT (NOT OVERTAKING),1,292651,2,0,1,0,1,2,1,5,Not at intersection,2,60,Local Road,50-59,Serious injury,Bicyclists
T20150016204,8/2/2015,11:30:00,8,No collision and no object struck,1,Sunday,174,OUT OF CONTROL ON CARRIAGEWAY (ON STRAIGHT),1,292455,2,0,1,0,0,1,2,5,Not at intersection,2,60,Arterial Other,70+,Serious injury,Bicyclists
T20150016222,8/4/2015,14:29:00,1,Collision with vehicle,3,Tuesday,121,RIGHT THROUGH,1,293309,2,0,1,0,1,2,1,5,Not at intersection,2,50,Uknown,30-39,Serious injury,Bicyclists
T20150016260,7/28/2015,15:15:00,1,Collision with vehicle,2,Tuesday,163,VEHICLE STRIKES DOOR OF PARKED/STATIONARY VEHICLE,1,292566,2,0,0,1,1,2,2,5,Not at intersection,3,40,Local Road,30-39,Other injury,Bicyclists
T20150016304,8/5/2015,18:16:00,1,Collision with vehicle,4,Wednesday,137,LEFT TURN SIDESWIPE,3,35991,2,0,0,1,1,2,1,1,Cross intersection,3,60,Local Road,22-25,Other injury,Bicyclists
T20150016384,7/31/2015,9:00:00,1,Collision with vehicle,6,Friday,137,LEFT TURN SIDESWIPE,1,65367,2,0,0,1,1,2,2,2,T intersection,3,60,Local Road,26-29,Other injury,Bicyclists
T20150016387,8/6/2015,17:00:00,1,Collision with vehicle,5,Thursday,133,LANE SIDE SWIPE (VEHICLES IN PARALLEL LANES),2,292972,2,0,0,1,1,2,2,5,Not at intersection,3,100,Uknown,16-17,Other injury,Bicyclists
T20150016446,8/3/2015,8:15:00,1,Collision with vehicle,1,Monday,147,VEHICLE STRIKES ANOTHER VEH WHILE EMERGING FROM DRIVEWAY,1,292580,2,0,0,1,1,2,2,5,Not at intersection,3,888,Arterial Other,13-15,Other injury,Bicyclists
T20150016489,8/8/2015,8:50:00,1,Collision with vehicle,7,Saturday,121,RIGHT THROUGH,1,37722,2,0,0,2,0,2,1,2,T intersection,3,40,Arterial Other,30-39,Other injury,Bicyclists
T20150016502,8/8/2015,11:15:00,1,Collision with vehicle,7,Saturday,121,RIGHT THROUGH,1,292687,2,0,0,1,1,2,1,2,T intersection,3,60,Arterial Highway,22-25,Other injury,Bicyclists
T20150016567,8/9/2015,10:30:00,8,No collision and no object struck,1,Sunday,170,OFF CARRIAGEWAY TO LEFT,1,37071,1,0,0,1,0,1,1,2,T intersection,3,60,Arterial Other,60-64,Other injury,Bicyclists
T20150016591,8/7/2015,17:48:00,1,Collision with vehicle,6,Friday,148,VEHICLE OFF FOOTPATH STRIKES VEH ON CARRIAGEWAY,2,292699,2,0,1,0,1,2,1,1,Cross intersection,2,60,Local Road,30-39,Serious injury,Bicyclists
T20150016611,8/10/2015,11:15:00,2,Struck Pedestrian,1,Monday,102,FAR SIDE. PED HIT BY VEHICLE FROM THE LEFT,1,51412,1,0,0,1,1,2,1,1,Cross intersection,3,70,Arterial Other,40-49,Other injury,Bicyclists
T20150016625,8/1/2015,9:40:00,1,Collision with vehicle,7,Saturday,110,CROSS TRAFFIC(INTERSECTIONS ONLY),1,293090,2,0,0,1,0,1,2,1,Cross intersection,3,50,Local Road,26-29,Other injury,Bicyclists
T20150016654,7/28/2015,19:35:00,1,Collision with vehicle,3,Tuesday,143,ENTERING PARKING,6,292748,2,0,0,1,1,2,2,5,Not at intersection,3,60,Arterial Other,18-21,Other injury,Bicyclists
T20150016663,8/5/2015,17:30:00,1,Collision with vehicle,4,Wednesday,147,VEHICLE STRIKES ANOTHER VEH WHILE EMERGING FROM DRIVEWAY,2,292692,2,0,0,1,1,2,2,5,Not at intersection,3,999,Arterial Other,18-21,Other injury,Bicyclists
T20150016676,8/11/2015,8:45:00,1,Collision with vehicle,2,Tuesday,116,LEFT NEAR (INTERSECTIONS ONLY),1,58599,2,0,0,1,1,2,1,2,T intersection,3,50,Local Road,30-39,Other injury,Bicyclists
T20150016677,8/11/2015,9:00:00,1,Collision with vehicle,3,Tuesday,121,RIGHT THROUGH,1,292744,2,0,0,1,1,2,1,5,Not at intersection,3,80,Arterial Other,30-39,Other injury,Bicyclists
T20150016681,7/17/2015,18:15:00,8,No collision and no object struck,6,Friday,174,OUT OF CONTROL ON CARRIAGEWAY (ON STRAIGHT),2,292728,1,0,0,1,0,1,2,2,T intersection,3,50,Local Road,50-59,Other injury,Bicyclists
T20150016722,8/11/2015,18:00:00,2,Struck Pedestrian,3,Tuesday,100,PED NEAR SIDE. PED HIT BY VEHICLE FROM THE RIGHT.,3,292736,1,0,0,2,0,2,1,5,Not at intersection,3,40,Arterial Other,40-49,Other injury,Bicyclists
T20150016732,8/11/2015,18:45:00,1,Collision with vehicle,3,Tuesday,130,REAR END(VEHICLES IN SAME LANE),3,293204,2,0,1,0,1,2,1,2,T intersection,2,80,Uknown,40-49,Serious injury,Bicyclists
T20150016773,8/12/2015,10:50:00,1,Collision with vehicle,4,Wednesday,121,RIGHT THROUGH,1,63338,2,0,1,0,1,2,1,2,T intersection,2,60,Local Road,18-21,Serious injury,Bicyclists
T20150016782,8/12/2015,11:43:00,1,Collision with vehicle,4,Wednesday,116,LEFT NEAR (INTERSECTIONS ONLY),1,40674,2,0,0,1,1,2,1,2,T intersection,3,40,Arterial Other,50-59,Other injury,Bicyclists
T20150016788,5/27/2015,8:30:00,1,Collision with vehicle,4,Wednesday,131,LEFT REAR,2,100,2,0,0,1,0,1,2,1,Cross intersection,3,50,Local Road,40-49,Other injury,Bicyclists
T20150016800,8/7/2015,16:00:00,1,Collision with vehicle,6,Friday,147,VEHICLE STRIKES ANOTHER VEH WHILE EMERGING FROM DRIVEWAY,1,297604,2,0,0,1,1,2,2,5,Not at intersection,3,60,Arterial Other,26-29,Other injury,Bicyclists
T20150016843,8/13/2015,11:00:00,1,Collision with vehicle,5,Thursday,133,LANE SIDE SWIPE (VEHICLES IN PARALLEL LANES),1,294791,2,0,1,0,1,2,1,5,Not at intersection,2,60,Arterial Other,18-21,Serious injury,Bicyclists
T20150016844,8/4/2015,8:40:00,1,Collision with vehicle,3,Tuesday,110,CROSS TRAFFIC(INTERSECTIONS ONLY),1,36046,2,0,0,1,1,2,2,1,Cross intersection,3,40,Local Road,50-59,Other injury,Bicyclists
T20150016853,7/30/2014,20:50:00,1,Collision with vehicle,3,Wednesday,121,RIGHT THROUGH,3,293461,2,0,0,1,1,2,1,1,Cross intersection,3,60,Local Road,40-49,Other injury,Bicyclists
T20150016857,8/12/2015,6:10:00,1,Collision with vehicle,4,Wednesday,116,LEFT NEAR (INTERSECTIONS ONLY),2,36196,2,0,0,1,1,2,2,2,T intersection,3,50,Local Road,40-49,Other injury,Bicyclists
T20150016898,8/13/2015,13:30:00,1,Collision with vehicle,5,Thursday,163,VEHICLE STRIKES DOOR OF PARKED/STATIONARY VEHICLE,1,293842,2,0,0,1,1,2,2,5,Not at intersection,3,999,Local Road,22-25,Other injury,Bicyclists
T20150016908,8/13/2015,15:00:00,1,Collision with vehicle,5,Thursday,121,RIGHT THROUGH,1,292826,2,0,0,1,1,2,2,5,Not at intersection,3,60,Arterial Other,50-59,Other injury,Bicyclists
T20150016927,8/12/2015,16:20:00,1,Collision with vehicle,4,Wednesday,198,OTHER ACCIDENTS NOT CLASSIFIABLE ELSEWHERE,1,297352,2,0,1,0,1,2,1,5,Not at intersection,2,50,Local Road,40-49,Serious injury,Bicyclists
T20150016941,8/14/2015,16:35:00,1,Collision with vehicle,6,Friday,147,VEHICLE STRIKES ANOTHER VEH WHILE EMERGING FROM DRIVEWAY,1,292946,2,0,0,1,1,2,2,2,T intersection,3,60,Arterial Other,70+,Other injury,Bicyclists
T20150016976,8/15/2015,8:30:00,1,Collision with vehicle,6,Saturday,137,LEFT TURN SIDESWIPE,1,42154,2,0,0,1,0,1,2,2,T intersection,3,70,Arterial Other,13-15,Other injury,Bicyclists
T20150016993,8/15/2015,12:07:00,1,Collision with vehicle,7,Saturday,113,RIGHT NEAR (INTERSECTIONS ONLY),9,52511,2,0,0,1,1,2,1,2,T intersection,3,60,Uknown,65-69,Other injury,Bicyclists
T20150017021,8/15/2015,15:42:00,1,Collision with vehicle,7,Saturday,148,VEHICLE OFF FOOTPATH STRIKES VEH ON CARRIAGEWAY,1,294665,2,0,0,1,1,2,2,2,T intersection,3,50,Local Road,30-39,Other injury,Bicyclists
T20150017048,8/15/2015,14:20:00,1,Collision with vehicle,7,Saturday,163,VEHICLE STRIKES DOOR OF PARKED/STATIONARY VEHICLE,1,293081,2,0,1,0,1,2,1,5,Not at intersection,2,40,Arterial Other,18-21,Serious injury,Bicyclists
T20150017056,8/16/2015,9:55:00,8,No collision and no object struck,1,Sunday,174,OUT OF CONTROL ON CARRIAGEWAY (ON STRAIGHT),1,292941,1,0,0,1,0,1,1,5,Not at intersection,3,70,Local Road,30-39,Other injury,Bicyclists
T20150017085,8/16/2015,16:45:00,1,Collision with vehicle,1,Sunday,121,RIGHT THROUGH,1,36370,2,0,0,1,1,2,1,1,Cross intersection,3,50,Local Road,30-39,Other injury,Bicyclists
T20150017092,8/3/2015,16:30:00,1,Collision with vehicle,2,Monday,163,VEHICLE STRIKES DOOR OF PARKED/STATIONARY VEHICLE,1,75741,2,0,0,1,1,2,2,5,Not at intersection,3,999,Local Road,26-29,Other injury,Bicyclists
T20150017154,8/17/2015,18:30:00,1,Collision with vehicle,2,Monday,121,RIGHT THROUGH,6,47929,2,0,1,0,1,2,1,2,T intersection,2,60,Arterial Other,50-59,Serious injury,Bicyclists
T20150017241,8/18/2015,18:30:00,1,Collision with vehicle,3,Tuesday,121,RIGHT THROUGH,3,292993,2,0,1,0,1,2,1,5,Not at intersection,2,50,Local Road,26-29,Serious injury,Bicyclists
T20150017266,4/1/2015,6:45:00,8,No collision and no object struck,4,Wednesday,198,OTHER ACCIDENTS NOT CLASSIFIABLE ELSEWHERE,2,293011,1,0,1,0,0,1,2,1,Cross intersection,2,40,Local Road,40-49,Serious injury,Bicyclists
T20150017292,8/13/2015,18:00:00,1,Collision with vehicle,5,Thursday,143,ENTERING PARKING,2,293294,2,0,0,1,1,2,2,5,Not at intersection,3,60,Arterial Other,22-25,Other injury,Bicyclists
T20150017302,8/13/2015,8:30:00,1,Collision with vehicle,5,Thursday,163,VEHICLE STRIKES DOOR OF PARKED/STATIONARY VEHICLE,9,293035,2,0,1,0,1,2,2,2,T intersection,2,60,Uknown,40-49,Serious injury,Bicyclists
T20150017304,7/30/2015,11:10:00,1,Collision with vehicle,5,Thursday,163,VEHICLE STRIKES DOOR OF PARKED/STATIONARY VEHICLE,1,293079,2,0,0,1,0,1,2,5,Not at intersection,3,60,Local Road,30-39,Other injury,Bicyclists
T20150017312,8/19/2015,9:30:00,1,Collision with vehicle,4,Wednesday,137,LEFT TURN SIDESWIPE,1,294679,2,0,0,1,0,1,2,5,Not at intersection,3,60,Arterial Other,18-21,Other injury,Bicyclists
T20150017326,8/19/2015,14:04:00,1,Collision with vehicle,4,Wednesday,148,VEHICLE OFF FOOTPATH STRIKES VEH ON CARRIAGEWAY,1,42186,2,0,1,0,1,2,1,2,T intersection,2,60,Arterial Other,70+,Serious injury,Bicyclists
T20150017332,7/23/2015,18:00:00,1,Collision with vehicle,5,Thursday,121,RIGHT THROUGH,2,40337,2,0,0,1,1,2,2,1,Cross intersection,3,60,Local Road,40-49,Other injury,Bicyclists
T20150017334,8/20/2015,9:00:00,1,Collision with vehicle,5,Thursday,110,CROSS TRAFFIC(INTERSECTIONS ONLY),1,38025,2,0,0,1,1,2,1,1,Cross intersection,3,40,Local Road,22-25,Other injury,Bicyclists
T20150017414,8/7/2015,8:30:00,1,Collision with vehicle,6,Friday,148,VEHICLE OFF FOOTPATH STRIKES VEH ON CARRIAGEWAY,1,57923,2,0,0,1,1,2,2,1,Cross intersection,3,60,Local Road,13-15,Other injury,Bicyclists
T20150017448,8/21/2015,19:00:00,1,Collision with vehicle,6,Friday,147,VEHICLE STRIKES ANOTHER VEH WHILE EMERGING FROM DRIVEWAY,3,293426,2,0,0,1,2,3,1,5,Not at intersection,3,50,Local Road,30-39,Other injury,Bicyclists
T20150017474,8/21/2015,13:15:00,1,Collision with vehicle,6,Friday,148,VEHICLE OFF FOOTPATH STRIKES VEH ON CARRIAGEWAY,1,225085,2,0,0,1,1,2,2,1,Cross intersection,3,70,Arterial Highway,26-29,Other injury,Bicyclists
T20150017503,8/22/2015,15:10:00,1,Collision with vehicle,7,Saturday,148,VEHICLE OFF FOOTPATH STRIKES VEH ON CARRIAGEWAY,1,37960,2,0,0,1,1,2,1,2,T intersection,3,60,Arterial Other,16-17,Other injury,Bicyclists
T20150017534,8/23/2015,11:55:00,1,Collision with vehicle,1,Sunday,133,LANE SIDE SWIPE (VEHICLES IN PARALLEL LANES),1,188182,2,0,0,1,2,3,1,5,Not at intersection,3,40,Local Road,30-39,Other injury,Bicyclists
T20150017543,8/14/2015,10:48:00,1,Collision with vehicle,6,Friday,133,LANE SIDE SWIPE (VEHICLES IN PARALLEL LANES),1,293116,2,0,0,1,1,2,1,5,Not at intersection,3,60,Local Road,22-25,Other injury,Bicyclists
T20150017561,8/23/2015,16:00:00,1,Collision with vehicle,1,Sunday,137,LEFT TURN SIDESWIPE,1,29459,2,0,0,1,0,1,2,2,T intersection,3,60,Arterial Other,26-29,Other injury,Bicyclists
T20150017575,6/26/2015,15:30:00,1,Collision with vehicle,6,Friday,148,VEHICLE OFF FOOTPATH STRIKES VEH ON CARRIAGEWAY,1,293196,2,0,0,1,1,2,1,2,T intersection,3,50,Local Road,18-21,Other injury,Bicyclists
T20150017586,8/20/2015,7:15:00,1,Collision with vehicle,5,Thursday,113,RIGHT NEAR (INTERSECTIONS ONLY),2,48866,2,0,0,1,1,2,2,1,Cross intersection,3,999,Local Road,40-49,Other injury,Bicyclists
T20150017601,8/24/2015,14:25:00,1,Collision with vehicle,2,Monday,137,LEFT TURN SIDESWIPE,1,293168,2,0,0,1,1,2,1,5,Not at intersection,3,60,Arterial Other,22-25,Other injury,Bicyclists
T20150017608,8/24/2015,16:00:00,1,Collision with vehicle,2,Monday,137,LEFT TURN SIDESWIPE,2,36610,2,0,0,1,2,3,1,2,T intersection,3,40,Local Road,30-39,Other injury,Bicyclists
T20150017635,8/25/2015,9:05:00,1,Collision with vehicle,3,Tuesday,114,TWO RIGHT TURNING (INTERSECTIONS ONLY),1,39878,2,0,0,1,0,1,2,2,T intersection,3,60,Local Road,22-25,Other injury,Bicyclists
T20150017651,3/15/2015,18:00:00,1,Collision with vehicle,1,Sunday,147,VEHICLE STRIKES ANOTHER VEH WHILE EMERGING FROM DRIVEWAY,2,293888,2,0,0,1,1,2,2,5,Not at intersection,3,50,Arterial Other,50-59,Other injury,Bicyclists
T20150017660,8/25/2015,10:01:00,1,Collision with vehicle,3,Tuesday,130,REAR END(VEHICLES IN SAME LANE),1,35556,2,0,1,0,1,2,1,1,Cross intersection,2,80,Arterial Highway,40-49,Serious injury,Bicyclists
T20150017698,8/17/2015,17:20:00,1,Collision with vehicle,1,Monday,110,CROSS TRAFFIC(INTERSECTIONS ONLY),2,37300,2,0,0,1,1,2,2,1,Cross intersection,3,60,Local Road,22-25,Other injury,Bicyclists
T20150017705,8/20/2015,17:00:00,1,Collision with vehicle,5,Thursday,148,VEHICLE OFF FOOTPATH STRIKES VEH ON CARRIAGEWAY,2,36694,2,0,0,1,1,2,1,2,T intersection,3,70,Arterial Highway,40-49,Other injury,Bicyclists
T20150017736,8/26/2015,14:10:00,1,Collision with vehicle,4,Wednesday,110,CROSS TRAFFIC(INTERSECTIONS ONLY),1,29697,2,0,0,1,1,2,1,1,Cross intersection,3,50,Local Road,30-39,Other injury,Bicyclists
T20150017746,8/26/2015,16:51:00,1,Collision with vehicle,4,Wednesday,147,VEHICLE STRIKES ANOTHER VEH WHILE EMERGING FROM DRIVEWAY,1,293329,2,0,0,1,1,2,1,5,Not at intersection,3,50,Local Road,45424,Other injury,Bicyclists
T20150017748,8/26/2015,14:10:00,1,Collision with vehicle,4,Wednesday,147,VEHICLE STRIKES ANOTHER VEH WHILE EMERGING FROM DRIVEWAY,1,293371,2,0,0,1,1,2,2,5,Not at intersection,3,80,Arterial Other,22-25,Other injury,Bicyclists
T20150017775,8/27/2015,5:40:00,1,Collision with vehicle,5,Thursday,113,RIGHT NEAR (INTERSECTIONS ONLY),3,293502,2,0,1,0,1,2,1,1,Cross intersection,2,70,Local Road,22-25,Serious injury,Bicyclists
T20150017824,8/27/2015,16:00:00,1,Collision with vehicle,5,Thursday,137,LEFT TURN SIDESWIPE,1,293610,2,0,0,1,1,2,2,5,Not at intersection,3,60,Arterial Other,30-39,Other injury,Bicyclists
T20150017843,8/26/2015,11:30:00,1,Collision with vehicle,4,Wednesday,163,VEHICLE STRIKES DOOR OF PARKED/STATIONARY VEHICLE,1,293506,2,0,0,1,1,2,2,2,T intersection,3,60,Arterial Other,22-25,Other injury,Bicyclists
T20150017881,8/26/2015,7:45:00,1,Collision with vehicle,4,Wednesday,137,LEFT TURN SIDESWIPE,2,35713,2,0,0,1,1,2,2,2,T intersection,3,40,Arterial Other,40-49,Other injury,Bicyclists
T20150017915,8/22/2015,13:00:00,1,Collision with vehicle,7,Saturday,137,LEFT TURN SIDESWIPE,1,118550,2,0,0,1,1,2,2,5,Not at intersection,3,60,Arterial Other,70+,Other injury,Bicyclists
T20150017951,8/29/2015,8:05:00,1,Collision with vehicle,7,Saturday,121,RIGHT THROUGH,1,43212,2,0,1,0,1,2,1,2,T intersection,2,60,Arterial Highway,40-49,Serious injury,Bicyclists