ACCIDENT_NO,ACCIDENT_DATE,ACCIDENT_TIME,ACCIDENT_TYPE,ACCIDENT_TYPE_DESC,DAY_OF_WEEK,DAY_WEEK_DESC,DCA_CODE,DCA_DESC,LIGHT_CONDITION,NODE_ID,NO_OF_VEHICLES,NO_PERSONS_KILLED,NO_PERSONS_INJ_2,NO_PERSONS_INJ_3,NO_PERSONS_NOT_INJ,NO_PERSONS,POLICE_ATTEND,ROAD_GEOMETRY,ROAD_GEOMETRY_DESC,SEVERITY,SPEED_ZONE,RMA,AGE_GROUP,INJ_LEVEL,ROAD_USER_TYPE_DESC
T20150017982,8/29/2015,9:30:00,1,Collision with vehicle,6,Saturday,133,LANE SIDE SWIPE (VEHICLES IN PARALLEL LANES),1,293379,2,0,0,1,1,2,2,5,Not at intersection,3,100,Arterial Other,50-59,Other injury,Bicyclists
T20150017983,8/28/2015,8:35:00,1,Collision with vehicle,6,Friday,137,LEFT TURN SIDESWIPE,9,293381,2,0,0,1,1,2,2,5,Not at intersection,3,999,Local Road,22-25,Other injury,Bicyclists
T20150018032,7/7/2015,13:45:00,1,Collision with vehicle,2,Tuesday,143,ENTERING PARKING,1,293445,2,0,0,1,1,2,2,5,Not at intersection,3,40,Uknown,50-59,Other injury,Bicyclists
T20150018038,8/30/2015,12:20:00,1,Collision with vehicle,1,Sunday,163,VEHICLE STRIKES DOOR OF PARKED/STATIONARY VEHICLE,1,293711,3,0,1,0,3,4,1,5,Not at intersection,2,50,Arterial Highway,50-59,Serious injury,Bicyclists
T20150018094,8/22/2015,9:00:00,8,No collision and no object struck,7,Saturday,174,OUT OF CONTROL ON CARRIAGEWAY (ON STRAIGHT),1,293449,2,0,0,1,0,1,2,5,Not at intersection,3,100,Arterial Other,50-59,Other injury,Bicyclists
T20150018140,9/1/2015,6:45:00,1,Collision with vehicle,3,Tuesday,121,RIGHT THROUGH,3,51549,2,0,0,1,1,2,1,2,T intersection,3,60,Arterial Highway,26-29,Other injury,Bicyclists
T20150018172,9/1/2015,11:55:00,1,Collision with vehicle,2,Tuesday,121,RIGHT THROUGH,1,293965,2,0,0,1,1,2,2,5,Not at intersection,3,50,Local Road,22-25,Other injury,Bicyclists
T20150018175,8/31/2015,18:30:00,1,Collision with vehicle,2,Monday,113,RIGHT NEAR (INTERSECTIONS ONLY),2,38906,2,0,0,1,0,1,2,2,T intersection,3,60,Arterial Other,30-39,Other injury,Bicyclists
T20150018202,9/1/2015,18:05:00,1,Collision with vehicle,2,Tuesday,116,LEFT NEAR (INTERSECTIONS ONLY),2,49279,2,0,0,1,2,3,1,2,T intersection,3,60,Local Road,60-64,Other injury,Bicyclists
T20150018203,9/1/2015,18:00:00,1,Collision with vehicle,3,Tuesday,121,RIGHT THROUGH,3,37292,2,0,0,1,1,2,2,2,T intersection,3,50,Arterial Other,22-25,Other injury,Bicyclists
T20150018211,7/21/2015,8:15:00,1,Collision with vehicle,3,Tuesday,110,CROSS TRAFFIC(INTERSECTIONS ONLY),2,282646,2,0,0,1,1,2,2,1,Cross intersection,3,60,Arterial Highway,40-49,Other injury,Bicyclists
T20150018220,9/1/2015,23:40:00,1,Collision with vehicle,3,Tuesday,133,LANE SIDE SWIPE (VEHICLES IN PARALLEL LANES),3,36951,2,0,0,1,1,2,1,1,Cross intersection,3,40,Local Road,Unknown,Other injury,Bicyclists
T20150018238,9/2/2015,9:55:00,8,No collision and no object struck,4,Wednesday,174,OUT OF CONTROL ON CARRIAGEWAY (ON STRAIGHT),1,293513,1,0,1,0,0,1,1,5,Not at intersection,2,60,Local Road,16-17,Serious injury,Bicyclists
T20150018242,9/2/2015,8:15:00,8,No collision and no object struck,4,Wednesday,198,OTHER ACCIDENTS NOT CLASSIFIABLE ELSEWHERE,1,884,1,0,1,0,0,1,1,1,Cross intersection,2,60,Arterial Other,65-69,Serious injury,Bicyclists
T20150018277,1/7/2015,12:00:00,1,Collision with vehicle,4,Wednesday,163,VEHICLE STRIKES DOOR OF PARKED/STATIONARY VEHICLE,9,293820,2,0,0,1,0,1,2,5,Not at intersection,3,999,Local Road,50-59,Other injury,Bicyclists
T20150018306,9/3/2015,8:40:00,1,Collision with vehicle,5,Thursday,147,VEHICLE STRIKES ANOTHER VEH WHILE EMERGING FROM DRIVEWAY,1,293596,2,0,0,1,1,2,1,5,Not at intersection,3,50,Local Road,45424,Other injury,Bicyclists
T20150018347,9/3/2015,5:30:00,8,No collision and no object struck,5,Thursday,172,OFF CARRIAGEWAY TO RIGHT,2,294072,2,0,1,0,0,1,2,1,Cross intersection,2,80,Local Road,50-59,Serious injury,Bicyclists
T20150018377,5/28/2015,19:00:00,1,Collision with vehicle,5,Thursday,163,VEHICLE STRIKES DOOR OF PARKED/STATIONARY VEHICLE,6,293603,2,0,0,1,1,2,2,5,Not at intersection,3,40,Local Road,30-39,Other injury,Bicyclists
T20150018389,9/4/2015,8:43:00,1,Collision with vehicle,6,Friday,121,RIGHT THROUGH,1,48470,2,0,1,0,1,2,1,2,T intersection,2,60,Local Road,26-29,Serious injury,Bicyclists
T20150018395,9/4/2015,12:05:00,1,Collision with vehicle,6,Friday,163,VEHICLE STRIKES DOOR OF PARKED/STATIONARY VEHICLE,1,293740,2,0,0,2,0,2,1,5,Not at intersection,3,40,Local Road,22-25,Other injury,Bicyclists
T20150018399,9/4/2015,12:48:00,1,Collision with vehicle,6,Friday,160,VEHICLE COLLIDES WITH VEHICLE PARKED ON LEFT OF ROAD,1,293801,2,0,1,0,0,1,1,2,T intersection,2,50,Local Road,70+,Serious injury,Bicyclists
T20150018420,8/22/2015,8:15:00,1,Collision with vehicle,7,Saturday,116,LEFT NEAR (INTERSECTIONS ONLY),1,38092,2,0,0,1,1,2,2,1,Cross intersection,3,60,Uknown,60-64,Other injury,Bicyclists
T20150018423,9/2/2015,19:48:00,1,Collision with vehicle,4,Wednesday,110,CROSS TRAFFIC(INTERSECTIONS ONLY),3,41502,2,0,0,1,2,3,2,1,Cross intersection,3,60,Local Road,22-25,Other injury,Bicyclists
T20150018432,9/4/2015,15:48:00,1,Collision with vehicle,6,Friday,110,CROSS TRAFFIC(INTERSECTIONS ONLY),1,56438,2,0,0,1,1,2,2,1,Cross intersection,3,50,Local Road,45424,Other injury,Bicyclists
T20150018475,9/5/2015,9:58:00,1,Collision with vehicle,7,Saturday,110,CROSS TRAFFIC(INTERSECTIONS ONLY),1,39932,2,0,0,1,2,3,2,1,Cross intersection,3,999,Arterial Other,22-25,Other injury,Bicyclists
T20150018477,9/5/2015,7:40:00,1,Collision with vehicle,7,Saturday,133,LANE SIDE SWIPE (VEHICLES IN PARALLEL LANES),2,293682,2,0,0,1,0,1,2,5,Not at intersection,3,60,Uknown,22-25,Other injury,Bicyclists
T20150018485,9/5/2015,8:50:00,1,Collision with vehicle,7,Saturday,110,CROSS TRAFFIC(INTERSECTIONS ONLY),1,36073,2,0,0,1,1,2,2,1,Cross intersection,3,100,Arterial Other,40-49,Other injury,Bicyclists
T20150018509,9/5/2015,17:43:00,2,Struck Pedestrian,7,Saturday,100,PED NEAR SIDE. PED HIT BY VEHICLE FROM THE RIGHT.,2,293625,1,0,1,0,1,2,1,5,Not at intersection,2,70,Local Road,40-49,Serious injury,Bicyclists
T20150018516,9/2/2015,18:30:00,1,Collision with vehicle,3,Wednesday,110,CROSS TRAFFIC(INTERSECTIONS ONLY),3,41192,2,0,0,1,1,2,2,1,Cross intersection,3,50,Local Road,18-21,Other injury,Bicyclists
T20150018537,9/6/2015,10:15:00,1,Collision with vehicle,1,Sunday,163,VEHICLE STRIKES DOOR OF PARKED/STATIONARY VEHICLE,1,293638,2,0,1,0,1,2,1,5,Not at intersection,2,40,Arterial Other,30-39,Serious injury,Bicyclists
T20150018540,9/6/2015,11:06:00,1,Collision with vehicle,1,Sunday,116,LEFT NEAR (INTERSECTIONS ONLY),1,40083,2,0,1,0,1,2,1,2,T intersection,2,60,Arterial Other,60-64,Serious injury,Bicyclists
T20150018549,9/6/2015,4:25:00,1,Collision with vehicle,0,Sunday,160,VEHICLE COLLIDES WITH VEHICLE PARKED ON LEFT OF ROAD,3,293748,2,0,0,1,0,1,1,5,Not at intersection,3,40,Local Road,26-29,Other injury,Bicyclists
T20150018593,9/7/2015,8:00:00,8,No collision and no object struck,1,Monday,174,OUT OF CONTROL ON CARRIAGEWAY (ON STRAIGHT),1,293667,2,0,1,0,1,2,1,5,Not at intersection,2,40,Local Road,65-69,Serious injury,Bicyclists
T20150018643,9/7/2015,18:30:00,1,Collision with vehicle,1,Monday,130,REAR END(VEHICLES IN SAME LANE),3,357045,2,0,0,1,0,1,1,5,Not at intersection,3,50,Local Road,30-39,Other injury,Bicyclists
T20150018664,9/8/2015,9:11:00,1,Collision with vehicle,3,Tuesday,148,VEHICLE OFF FOOTPATH STRIKES VEH ON CARRIAGEWAY,1,299578,2,0,1,0,1,2,1,5,Not at intersection,2,50,Arterial Other,30-39,Serious injury,Bicyclists
T20150018669,9/8/2015,8:40:00,1,Collision with vehicle,3,Tuesday,110,CROSS TRAFFIC(INTERSECTIONS ONLY),1,52076,2,0,1,0,1,2,1,1,Cross intersection,2,60,Uknown,70+,Serious injury,Bicyclists
T20150018675,9/8/2015,12:01:00,1,Collision with vehicle,3,Tuesday,147,VEHICLE STRIKES ANOTHER VEH WHILE EMERGING FROM DRIVEWAY,1,256274,2,0,1,0,1,2,1,5,Not at intersection,2,60,Arterial Other,40-49,Serious injury,Bicyclists
T20150018690,9/8/2015,11:16:00,1,Collision with vehicle,3,Tuesday,123,RIGHT/LEFT. ONE VEH TURNING RIGHT THE OTHER LEFT.,1,44090,2,0,0,1,1,2,1,1,Cross intersection,3,100,Arterial Other,50-59,Other injury,Bicyclists
T20150018698,9/5/2015,10:00:00,1,Collision with vehicle,7,Saturday,130,REAR END(VEHICLES IN SAME LANE),1,294505,2,0,0,1,1,2,2,5,Not at intersection,3,50,Local Road,26-29,Other injury,Bicyclists
T20150018750,9/4/2015,23:45:00,1,Collision with vehicle,5,Friday,130,REAR END(VEHICLES IN SAME LANE),3,478,2,0,0,1,1,2,2,4,Multiple intersection,3,60,Arterial Other,30-39,Other injury,Bicyclists
T20150018759,9/9/2015,10:21:00,1,Collision with vehicle,4,Wednesday,147,VEHICLE STRIKES ANOTHER VEH WHILE EMERGING FROM DRIVEWAY,1,293750,2,0,1,0,2,3,1,5,Not at intersection,2,50,Arterial Highway,50-59,Serious injury,Bicyclists
T20150018765,9/9/2015,7:40:00,1,Collision with vehicle,4,Wednesday,110,CROSS TRAFFIC(INTERSECTIONS ONLY),2,288043,2,0,1,0,1,2,1,1,Cross intersection,2,50,Local Road,50-59,Serious injury,Bicyclists
T20150018772,9/8/2015,18:50:00,8,No collision and no object struck,3,Tuesday,170,OFF CARRIAGEWAY TO LEFT,3,40181,2,0,0,1,0,1,2,1,Cross intersection,3,40,Local Road,26-29,Other injury,Bicyclists
T20150018781,9/9/2015,12:15:00,1,Collision with vehicle,4,Wednesday,148,VEHICLE OFF FOOTPATH STRIKES VEH ON CARRIAGEWAY,1,294007,2,0,1,0,1,2,1,2,T intersection,2,60,Arterial Highway,50-59,Serious injury,Bicyclists
T20150018819,7/18/2015,12:40:00,8,No collision and no object struck,7,Saturday,174,OUT OF CONTROL ON CARRIAGEWAY (ON STRAIGHT),1,293793,1,0,1,0,0,1,2,5,Not at intersection,2,999,Local Road,26-29,Serious injury,Bicyclists
T20150018824,9/9/2015,16:00:00,1,Collision with vehicle,4,Wednesday,147,VEHICLE STRIKES ANOTHER VEH WHILE EMERGING FROM DRIVEWAY,1,294068,2,0,0,1,1,2,1,5,Not at intersection,3,50,Local Road,13-15,Other injury,Bicyclists
T20150018896,9/11/2015,6:50:00,1,Collision with vehicle,6,Friday,121,RIGHT THROUGH,2,55850,2,0,1,0,1,2,1,2,T intersection,2,60,Local Road,50-59,Serious injury,Bicyclists
T20150018924,9/11/2015,15:20:00,1,Collision with vehicle,6,Friday,142,LEAVING PARKING,1,294145,2,0,1,0,1,2,1,2,T intersection,2,50,Local Road,50-59,Serious injury,Bicyclists
T20150018925,9/9/2015,18:46:00,8,No collision and no object struck,4,Wednesday,174,OUT OF CONTROL ON CARRIAGEWAY (ON STRAIGHT),2,293843,1,0,0,1,0,1,2,5,Not at intersection,3,60,Local Road,50-59,Other injury,Bicyclists
T20150018966,9/12/2015,9:38:00,1,Collision with vehicle,7,Saturday,147,VEHICLE STRIKES ANOTHER VEH WHILE EMERGING FROM DRIVEWAY,1,293882,2,0,1,0,1,2,1,5,Not at intersection,2,50,Arterial Other,26-29,Serious injury,Bicyclists
T20150018977,9/12/2015,6:19:00,1,Collision with vehicle,7,Saturday,130,REAR END(VEHICLES IN SAME LANE),2,295028,2,0,1,0,1,2,1,5,Not at intersection,2,80,Arterial Highway,40-49,Serious injury,Bicyclists
T20150018984,9/12/2015,13:34:00,1,Collision with vehicle,7,Saturday,137,LEFT TURN SIDESWIPE,1,43874,2,0,0,1,1,2,2,1,Cross intersection,3,80,Uknown,50-59,Other injury,Bicyclists
T20150018994,7/17/2015,17:00:00,1,Collision with vehicle,6,Friday,121,RIGHT THROUGH,2,38783,2,0,0,1,1,2,2,1,Cross intersection,3,60,Local Road,30-39,Other injury,Bicyclists
T20150019026,9/13/2015,12:02:00,8,No collision and no object struck,1,Sunday,174,OUT OF CONTROL ON CARRIAGEWAY (ON STRAIGHT),1,293887,2,0,0,1,2,3,1,5,Not at intersection,3,50,Local Road,18-21,Other injury,Bicyclists
T20150019039,9/13/2015,12:50:00,1,Collision with vehicle,1,Sunday,163,VEHICLE STRIKES DOOR OF PARKED/STATIONARY VEHICLE,1,293878,2,0,0,2,0,2,2,5,Not at intersection,3,40,Arterial Other,30-39,Other injury,Bicyclists
T20150019041,9/13/2015,12:20:00,1,Collision with vehicle,1,Sunday,121,RIGHT THROUGH,1,1082,3,0,2,0,1,3,1,2,T intersection,2,50,Arterial Highway,40-49,Serious injury,Bicyclists
T20150019049,9/13/2015,14:30:00,1,Collision with vehicle,1,Sunday,137,LEFT TURN SIDESWIPE,1,294954,2,0,0,1,1,2,2,5,Not at intersection,3,40,Arterial Other,30-39,Other injury,Bicyclists
T20150019103,9/14/2015,7:30:00,1,Collision with vehicle,2,Monday,110,CROSS TRAFFIC(INTERSECTIONS ONLY),2,40477,2,0,1,0,1,2,2,1,Cross intersection,2,50,Local Road,40-49,Serious injury,Bicyclists
T20150019131,9/14/2015,16:08:00,1,Collision with vehicle,2,Monday,121,RIGHT THROUGH,2,246201,2,0,0,1,1,2,1,2,T intersection,3,60,Arterial Highway,30-39,Other injury,Bicyclists
T20150019141,9/14/2015,8:48:00,1,Collision with vehicle,2,Monday,148,VEHICLE OFF FOOTPATH STRIKES VEH ON CARRIAGEWAY,1,293956,2,0,1,0,1,2,2,2,T intersection,2,50,Local Road,45424,Serious injury,Bicyclists
T20150019185,9/11/2015,8:10:00,1,Collision with vehicle,5,Friday,110,CROSS TRAFFIC(INTERSECTIONS ONLY),1,29361,2,0,0,1,0,1,2,1,Cross intersection,3,50,Local Road,30-39,Other injury,Bicyclists
T20150019186,9/12/2015,3:29:00,1,Collision with vehicle,7,Saturday,130,REAR END(VEHICLES IN SAME LANE),3,295553,2,0,0,1,0,1,2,2,T intersection,3,60,Arterial Other,22-25,Other injury,Bicyclists
T20150019194,5/11/2015,18:00:00,1,Collision with vehicle,2,Monday,111,RIGHT FAR (INTERSECTIONS ONLY),6,293970,2,0,0,1,1,2,2,1,Cross intersection,3,50,Local Road,30-39,Other injury,Bicyclists
T20150019219,9/15/2015,17:57:00,1,Collision with vehicle,3,Tuesday,121,RIGHT THROUGH,2,36498,2,0,1,0,1,2,1,2,T intersection,2,60,Local Road,30-39,Serious injury,Bicyclists
T20150019220,9/15/2015,18:10:00,1,Collision with vehicle,2,Tuesday,110,CROSS TRAFFIC(INTERSECTIONS ONLY),2,44480,2,0,0,1,1,2,1,1,Cross intersection,3,60,Local Road,40-49,Other injury,Bicyclists
T20150019223,8/12/2015,18:15:00,1,Collision with vehicle,4,Wednesday,121,RIGHT THROUGH,3,38004,2,0,0,1,1,2,2,1,Cross intersection,3,50,Local Road,30-39,Other injury,Bicyclists
T20150019224,9/15/2015,19:15:00,1,Collision with vehicle,2,Tuesday,121,RIGHT THROUGH,3,37833,2,0,0,1,1,2,2,1,Cross intersection,3,60,Arterial Other,22-25,Other injury,Bicyclists
T20150019257,9/16/2015,8:05:00,1,Collision with vehicle,3,Wednesday,137,LEFT TURN SIDESWIPE,1,12928,2,0,0,1,1,2,2,4,Multiple intersection,3,999,Freeway,26-29,Other injury,Bicyclists
T20150019260,9/16/2015,7:40:00,1,Collision with vehicle,4,Wednesday,147,VEHICLE STRIKES ANOTHER VEH WHILE EMERGING FROM DRIVEWAY,2,294575,2,0,0,1,1,2,2,5,Not at intersection,3,999,Local Road,40-49,Other injury,Bicyclists
T20150019282,9/16/2015,15:35:00,1,Collision with vehicle,4,Wednesday,140,U TURN,1,294818,2,0,1,0,1,2,1,5,Not at intersection,2,50,Local Road,60-64,Serious injury,Bicyclists
T20150019287,9/16/2015,18:25:00,1,Collision with vehicle,4,Wednesday,110,CROSS TRAFFIC(INTERSECTIONS ONLY),2,47483,2,0,0,1,1,2,1,1,Cross intersection,3,50,Uknown,40-49,Other injury,Bicyclists
T20150019316,9/17/2015,8:45:00,1,Collision with vehicle,5,Thursday,121,RIGHT THROUGH,1,29393,3,0,0,2,1,3,1,2,T intersection,3,70,Arterial Other,30-39,Other injury,Bicyclists
T20150019317,9/4/2015,19:30:00,1,Collision with vehicle,5,Friday,110,CROSS TRAFFIC(INTERSECTIONS ONLY),3,294262,2,0,0,1,1,2,1,4,Multiple intersection,3,50,Local Road,30-39,Other injury,Bicyclists
T20150019338,9/16/2015,11:15:00,8,No collision and no object struck,4,Wednesday,174,OUT OF CONTROL ON CARRIAGEWAY (ON STRAIGHT),1,294094,1,0,1,0,0,1,1,5,Not at intersection,2,70,Local Road,65-69,Serious injury,Bicyclists
T20150019360,9/17/2015,17:45:00,1,Collision with vehicle,5,Thursday,135,LANE CHANGE LEFT (NOT OVERTAKING),3,294073,2,0,1,0,2,3,1,5,Not at intersection,2,80,Arterial Highway,50-59,Serious injury,Bicyclists
T20150019363,6/25/2015,14:00:00,1,Collision with vehicle,5,Thursday,130,REAR END(VEHICLES IN SAME LANE),9,48492,2,0,0,1,0,1,2,2,T intersection,3,999,Local Road,30-39,Other injury,Bicyclists
T20150019403,9/16/2015,13:00:00,1,Collision with vehicle,4,Wednesday,116,LEFT NEAR (INTERSECTIONS ONLY),1,295078,2,0,0,1,1,2,2,2,T intersection,3,60,Arterial Other,40-49,Other injury,Bicyclists
T20150019410,9/18/2015,8:23:00,1,Collision with vehicle,6,Friday,111,RIGHT FAR (INTERSECTIONS ONLY),1,45059,2,0,0,1,1,2,2,2,T intersection,3,60,Arterial Other,22-25,Other injury,Bicyclists
T20150019436,9/11/2015,17:00:00,1,Collision with vehicle,6,Friday,121,RIGHT THROUGH,2,45553,2,0,1,0,1,2,2,2,T intersection,2,50,Arterial Other,30-39,Serious injury,Bicyclists
T20150019449,9/18/2015,19:00:00,1,Collision with vehicle,6,Friday,147,VEHICLE STRIKES ANOTHER VEH WHILE EMERGING FROM DRIVEWAY,3,294199,2,0,0,1,1,2,1,5,Not at intersection,3,50,Arterial Other,16-17,Other injury,Bicyclists
T20150019464,9/18/2015,13:00:00,1,Collision with vehicle,5,Friday,116,LEFT NEAR (INTERSECTIONS ONLY),1,39258,2,0,0,1,1,2,1,2,T intersection,3,60,Local Road,65-69,Other injury,Bicyclists
T20150019470,9/18/2015,15:30:00,1,Collision with vehicle,6,Friday,163,VEHICLE STRIKES DOOR OF PARKED/STATIONARY VEHICLE,1,294082,2,0,1,0,0,1,2,2,T intersection,2,999,Local Road,50-59,Serious injury,Bicyclists
T20150019500,9/19/2015,16:05:00,1,Collision with vehicle,7,Saturday,135,LANE CHANGE LEFT (NOT OVERTAKING),1,294107,2,0,0,1,1,2,1,5,Not at intersection,3,60,Arterial Other,40-49,Other injury,Bicyclists
T20150019553,9/20/2015,13:45:00,1,Collision with vehicle,0,Sunday,136,RIGHT TURN SIDESWIPE,1,29592,2,0,0,1,2,3,1,4,Multiple intersection,3,60,Arterial Highway,40-49,Other injury,Bicyclists
T20150019554,9/20/2015,14:00:00,1,Collision with vehicle,1,Sunday,110,CROSS TRAFFIC(INTERSECTIONS ONLY),1,35808,2,0,0,1,1,2,1,1,Cross intersection,3,60,Local Road,40-49,Other injury,Bicyclists
T20150019558,9/20/2015,14:59:00,1,Collision with vehicle,1,Sunday,135,LANE CHANGE LEFT (NOT OVERTAKING),1,294889,2,0,1,0,1,2,1,5,Not at intersection,2,100,Uknown,50-59,Serious injury,Bicyclists
T20150019563,7/31/2015,17:30:00,1,Collision with vehicle,5,Friday,130,REAR END(VEHICLES IN SAME LANE),9,297862,2,0,0,1,1,2,2,5,Not at intersection,3,60,Arterial Other,40-49,Other injury,Bicyclists
T20150019592,9/20/2015,15:30:00,1,Collision with vehicle,1,Sunday,163,VEHICLE STRIKES DOOR OF PARKED/STATIONARY VEHICLE,1,294618,2,0,0,1,1,2,2,5,Not at intersection,3,40,Uknown,26-29,Other injury,Bicyclists
T20150019606,8/6/2015,20:30:00,1,Collision with vehicle,5,Thursday,163,VEHICLE STRIKES DOOR OF PARKED/STATIONARY VEHICLE,3,294152,2,0,0,1,0,1,2,5,Not at intersection,3,30,Local Road,18-21,Other injury,Bicyclists
T20150019637,4/30/2015,13:27:00,1,Collision with vehicle,5,Thursday,121,RIGHT THROUGH,1,36488,2,0,0,1,1,2,1,1,Cross intersection,3,60,Arterial Highway,26-29,Other injury,Bicyclists
T20150019682,9/20/2015,14:00:00,1,Collision with vehicle,1,Sunday,163,VEHICLE STRIKES DOOR OF PARKED/STATIONARY VEHICLE,1,229693,2,0,1,0,1,2,2,1,Cross intersection,2,60,Arterial Other,18-21,Serious injury,Bicyclists
T20150019739,9/15/2015,17:20:00,1,Collision with vehicle,2,Tuesday,163,VEHICLE STRIKES DOOR OF PARKED/STATIONARY VEHICLE,2,294258,2,0,0,1,1,2,2,5,Not at intersection,3,60,Local Road,30-39,Other injury,Bicyclists
T20150019757,9/23/2015,14:25:00,1,Collision with vehicle,4,Wednesday,130,REAR END(VEHICLES IN SAME LANE),1,45625,2,0,0,1,2,3,1,2,T intersection,3,60,Local Road,40-49,Other injury,Bicyclists
T20150019782,9/23/2015,18:45:00,1,Collision with vehicle,4,Wednesday,113,RIGHT NEAR (INTERSECTIONS ONLY),3,39122,2,0,1,0,1,2,1,1,Cross intersection,2,40,Local Road,16-17,Serious injury,Bicyclists
T20150019821,9/23/2015,21:50:00,1,Collision with vehicle,4,Wednesday,121,RIGHT THROUGH,3,36804,2,0,1,0,1,2,1,1,Cross intersection,2,60,Local Road,40-49,Serious injury,Bicyclists
T20150019839,9/22/2015,21:50:00,2,Struck Pedestrian,3,Tuesday,100,PED NEAR SIDE. PED HIT BY VEHICLE FROM THE RIGHT.,3,294300,1,0,0,2,0,2,1,5,Not at intersection,3,40,Arterial Other,22-25,Other injury,Bicyclists
T20150019890,9/25/2015,14:30:00,1,Collision with vehicle,6,Friday,122,LEFT THROUGH,1,294498,2,0,1,0,1,2,1,9,Unknown,2,50,Local Road,13-15,Serious injury,Bicyclists
T20150019915,8/19/2015,9:45:00,8,No collision and no object struck,4,Wednesday,174,OUT OF CONTROL ON CARRIAGEWAY (ON STRAIGHT),1,294428,1,0,1,0,0,1,2,5,Not at intersection,2,50,Uknown,18-21,Serious injury,Bicyclists
T20150019924,9/25/2015,16:15:00,1,Collision with vehicle,5,Friday,110,CROSS TRAFFIC(INTERSECTIONS ONLY),1,293118,2,0,0,1,1,2,1,1,Cross intersection,3,50,Uknown,60-64,Other injury,Bicyclists
T20150019940,9/13/2015,14:30:00,1,Collision with vehicle,1,Sunday,147,VEHICLE STRIKES ANOTHER VEH WHILE EMERGING FROM DRIVEWAY,1,294700,2,0,0,2,0,2,2,5,Not at intersection,3,999,Arterial Other,50-59,Other injury,Bicyclists
T20150019943,9/26/2015,8:00:00,1,Collision with vehicle,7,Saturday,121,RIGHT THROUGH,1,294391,2,0,0,2,0,2,1,5,Not at intersection,3,60,Local Road,16-17,Other injury,Bicyclists
T20150019950,9/26/2015,10:45:00,8,No collision and no object struck,6,Saturday,174,OUT OF CONTROL ON CARRIAGEWAY (ON STRAIGHT),1,36135,1,0,1,0,0,1,1,2,T intersection,2,40,Local Road,30-39,Serious injury,Bicyclists
T20150019951,9/26/2015,10:10:00,1,Collision with vehicle,7,Saturday,120,HEAD ON (NOT OVERTAKING),1,294340,2,0,1,0,1,2,1,5,Not at intersection,2,60,Arterial Other,30-39,Serious injury,Bicyclists
T20150019955,9/26/2015,8:30:00,1,Collision with vehicle,7,Saturday,135,LANE CHANGE LEFT (NOT OVERTAKING),1,40443,2,0,1,1,0,2,2,4,Multiple intersection,2,60,Arterial Other,40-49,Serious injury,Bicyclists
T20150019975,9/26/2015,8:40:00,1,Collision with vehicle,7,Saturday,133,LANE SIDE SWIPE (VEHICLES IN PARALLEL LANES),1,294805,2,0,1,0,0,1,2,5,Not at intersection,2,40,Local Road,26-29,Serious injury,Bicyclists
T20150019985,9/26/2015,18:00:00,1,Collision with vehicle,7,Saturday,119,OTHER ADJACENT (INTERSECTIONS ONLY),2,50211,2,0,1,0,1,2,1,2,T intersection,2,60,Local Road,22-25,Serious injury,Bicyclists
T20150020043,9/27/2015,16:15:00,1,Collision with vehicle,1,Sunday,110,CROSS TRAFFIC(INTERSECTIONS ONLY),1,71402,2,0,1,0,1,2,1,1,Cross intersection,2,50,Local Road,22-25,Serious injury,Bicyclists
T20150020055,6/19/2015,9:00:00,8,No collision and no object struck,6,Friday,174,OUT OF CONTROL ON CARRIAGEWAY (ON STRAIGHT),1,46460,1,0,0,1,0,1,2,2,T intersection,3,40,Local Road,30-39,Other injury,Bicyclists
T20150020064,9/28/2015,7:50:00,1,Collision with vehicle,2,Monday,137,LEFT TURN SIDESWIPE,2,37725,2,0,0,1,1,2,1,2,T intersection,3,60,Arterial Other,40-49,Other injury,Bicyclists
T20150020065,8/28/2015,17:00:00,1,Collision with vehicle,5,Friday,163,VEHICLE STRIKES DOOR OF PARKED/STATIONARY VEHICLE,2,294482,2,0,0,1,1,2,2,2,T intersection,3,40,Local Road,22-25,Other injury,Bicyclists
T20150020141,9/29/2015,7:12:00,1,Collision with vehicle,3,Tuesday,133,LANE SIDE SWIPE (VEHICLES IN PARALLEL LANES),2,294506,2,0,0,1,1,2,1,5,Not at intersection,3,40,Arterial Other,30-39,Other injury,Bicyclists
T20150020142,9/29/2015,7:45:00,1,Collision with vehicle,3,Tuesday,110,CROSS TRAFFIC(INTERSECTIONS ONLY),2,42018,2,0,1,0,1,2,1,1,Cross intersection,2,60,Local Road,60-64,Serious injury,Bicyclists
T20150020160,9/29/2015,7:25:00,1,Collision with vehicle,3,Tuesday,110,CROSS TRAFFIC(INTERSECTIONS ONLY),2,44345,2,0,0,1,1,2,1,1,Cross intersection,3,70,Arterial Other,40-49,Other injury,Bicyclists
T20150020182,9/29/2015,19:33:00,1,Collision with vehicle,2,Tuesday,110,CROSS TRAFFIC(INTERSECTIONS ONLY),3,83,2,0,0,1,1,2,1,1,Cross intersection,3,60,Arterial Other,40-49,Other injury,Bicyclists
T20150020185,9/29/2015,15:45:00,1,Collision with vehicle,3,Tuesday,147,VEHICLE STRIKES ANOTHER VEH WHILE EMERGING FROM DRIVEWAY,1,294583,2,0,0,1,1,2,1,5,Not at intersection,3,50,Local Road,13-15,Other injury,Bicyclists