ACCIDENT_NO,ACCIDENT_DATE,ACCIDENT_TIME,ACCIDENT_TYPE,ACCIDENT_TYPE_DESC,DAY_OF_WEEK,DAY_WEEK_DESC,DCA_CODE,DCA_DESC,LIGHT_CONDITION,NODE_ID,NO_OF_VEHICLES,NO_PERSONS_KILLED,NO_PERSONS_INJ_2,NO_PERSONS_INJ_3,NO_PERSONS_NOT_INJ,NO_PERSONS,POLICE_ATTEND,ROAD_GEOMETRY,ROAD_GEOMETRY_DESC,SEVERITY,SPEED_ZONE,RMA,AGE_GROUP,INJ_LEVEL,ROAD_USER_TYPE_DESC
T20150020187,9/12/2015,9:58:00,1,Collision with vehicle,7,Saturday,147,VEHICLE STRIKES ANOTHER VEH WHILE EMERGING FROM DRIVEWAY,1,295043,2,0,0,1,2,3,2,5,Not at intersection,3,999,Local Road,45424,Other injury,Bicyclists
T20150020201,9/30/2015,8:02:00,1,Collision with vehicle,4,Wednesday,121,RIGHT THROUGH,1,45640,2,0,1,0,3,4,1,1,Cross intersection,2,40,Arterial Other,30-39,Serious injury,Bicyclists
T20150020210,9/29/2015,19:15:00,1,Collision with vehicle,3,Tuesday,113,RIGHT NEAR (INTERSECTIONS ONLY),6,37914,2,0,0,1,1,2,2,1,Cross intersection,3,999,Uknown,40-49,Other injury,Bicyclists
T20150020243,8/14/2015,7:10:00,1,Collision with vehicle,6,Friday,133,LANE SIDE SWIPE (VEHICLES IN PARALLEL LANES),2,294509,2,0,0,1,1,2,2,5,Not at intersection,3,80,Arterial Highway,50-59,Other injury,Bicyclists
T20150020290,10/1/2015,6:45:00,1,Collision with vehicle,5,Thursday,130,REAR END(VEHICLES IN SAME LANE),2,296045,2,0,1,0,1,2,1,5,Not at intersection,2,100,Arterial Highway,50-59,Serious injury,Bicyclists
T20150020321,10/1/2015,18:50:00,1,Collision with vehicle,5,Thursday,121,RIGHT THROUGH,3,36332,2,0,1,0,0,1,1,2,T intersection,2,60,Local Road,22-25,Serious injury,Bicyclists
T20150020326,10/1/2015,19:07:00,2,Struck Pedestrian,5,Thursday,108,PED STRUCK WALKING TO/FROM OR BOARDING/ALIGHTING VEHICLE.,3,294547,1,0,0,1,1,2,1,1,Cross intersection,3,999,Local Road,26-29,Not injured,Bicyclists
T20150020339,10/1/2015,19:29:00,1,Collision with vehicle,5,Thursday,124,RIGHT/RIGHT BOTH VEHs FROM OPPOSITE DIRECTIONS TURNING RIGHT,3,37812,2,0,1,0,1,2,1,1,Cross intersection,2,50,Arterial Other,26-29,Serious injury,Bicyclists
T20150020356,9/11/2015,6:45:00,1,Collision with vehicle,6,Friday,137,LEFT TURN SIDESWIPE,2,70657,2,0,0,1,2,3,1,2,T intersection,3,60,Arterial Other,50-59,Other injury,Bicyclists
T20150020358,10/2/2015,7:55:00,1,Collision with vehicle,5,Friday,113,RIGHT NEAR (INTERSECTIONS ONLY),2,42693,2,0,0,1,1,2,1,2,T intersection,3,60,Arterial Other,30-39,Other injury,Bicyclists
T20150020360,10/2/2015,7:50:00,1,Collision with vehicle,6,Friday,163,VEHICLE STRIKES DOOR OF PARKED/STATIONARY VEHICLE,2,294569,2,0,0,1,1,2,1,5,Not at intersection,3,70,Arterial Other,13-15,Other injury,Bicyclists
T20150020372,10/2/2015,12:03:00,1,Collision with vehicle,6,Friday,137,LEFT TURN SIDESWIPE,1,294846,2,0,0,1,1,2,1,5,Not at intersection,3,60,Local Road,40-49,Other injury,Bicyclists
T20150020384,10/1/2015,7:30:00,1,Collision with vehicle,5,Thursday,121,RIGHT THROUGH,1,269267,2,0,1,0,1,2,1,5,Not at intersection,2,40,Local Road,30-39,Serious injury,Bicyclists
T20150020432,10/2/2015,12:30:00,1,Collision with vehicle,5,Friday,161,DOUBLE PARKED,1,294933,2,0,0,1,0,1,2,5,Not at intersection,3,40,Uknown,40-49,Other injury,Bicyclists
T20150020445,1/22/2015,17:50:00,1,Collision with vehicle,5,Thursday,163,VEHICLE STRIKES DOOR OF PARKED/STATIONARY VEHICLE,1,294591,2,0,0,1,0,1,2,5,Not at intersection,3,999,Local Road,50-59,Other injury,Bicyclists
T20150020459,10/3/2015,12:41:00,1,Collision with vehicle,7,Saturday,120,HEAD ON (NOT OVERTAKING),1,295722,2,0,1,0,0,1,1,5,Not at intersection,2,100,Uknown,22-25,Serious injury,Bicyclists
T20150020501,10/4/2015,10:19:00,1,Collision with vehicle,1,Sunday,121,RIGHT THROUGH,1,228612,2,0,0,1,1,2,1,2,T intersection,3,50,Local Road,26-29,Other injury,Bicyclists
T20150020510,10/4/2015,13:12:00,1,Collision with vehicle,0,Sunday,148,VEHICLE OFF FOOTPATH STRIKES VEH ON CARRIAGEWAY,1,296416,2,0,1,0,2,3,1,5,Not at intersection,2,80,Arterial Other,45424,Serious injury,Bicyclists
T20150020518,10/2/2015,20:00:00,8,No collision and no object struck,6,Friday,170,OFF CARRIAGEWAY TO LEFT,3,40126,2,0,1,0,0,1,2,1,Cross intersection,2,50,Local Road,40-49,Serious injury,Bicyclists
T20150020535,10/5/2015,0:30:00,1,Collision with vehicle,2,Monday,113,RIGHT NEAR (INTERSECTIONS ONLY),3,65610,2,0,0,1,1,2,1,2,T intersection,3,60,Arterial Other,22-25,Other injury,Bicyclists
T20150020567,10/5/2015,10:35:00,1,Collision with vehicle,2,Monday,130,REAR END(VEHICLES IN SAME LANE),1,295066,3,0,0,1,3,4,1,5,Not at intersection,3,40,Local Road,50-59,Other injury,Bicyclists
T20150020569,10/5/2015,8:15:00,1,Collision with vehicle,2,Monday,163,VEHICLE STRIKES DOOR OF PARKED/STATIONARY VEHICLE,1,36627,3,0,0,1,3,4,1,1,Cross intersection,3,40,Local Road,Unknown,Other injury,Bicyclists
T20150020571,2/13/2015,11:55:00,1,Collision with vehicle,6,Friday,121,RIGHT THROUGH,1,36385,2,0,0,1,1,2,1,1,Cross intersection,3,60,Local Road,18-21,Other injury,Bicyclists
T20150020576,9/19/2015,13:00:00,1,Collision with vehicle,7,Saturday,147,VEHICLE STRIKES ANOTHER VEH WHILE EMERGING FROM DRIVEWAY,1,295528,2,0,0,1,1,2,2,5,Not at intersection,3,50,Local Road,70+,Other injury,Bicyclists
T20150020594,10/1/2015,15:10:00,1,Collision with vehicle,5,Thursday,110,CROSS TRAFFIC(INTERSECTIONS ONLY),1,45295,2,0,0,1,1,2,2,1,Cross intersection,3,50,Local Road,30-39,Other injury,Bicyclists
T20150020640,10/6/2015,9:20:00,1,Collision with vehicle,3,Tuesday,163,VEHICLE STRIKES DOOR OF PARKED/STATIONARY VEHICLE,1,295467,2,0,0,1,2,3,1,5,Not at intersection,3,40,Uknown,26-29,Other injury,Bicyclists
T20150020650,10/5/2015,18:31:00,1,Collision with vehicle,2,Monday,121,RIGHT THROUGH,2,38864,3,0,1,0,2,3,1,2,T intersection,2,60,Arterial Other,30-39,Serious injury,Bicyclists
T20150020655,10/6/2015,8:30:00,1,Collision with vehicle,3,Tuesday,148,VEHICLE OFF FOOTPATH STRIKES VEH ON CARRIAGEWAY,1,294900,2,0,1,0,1,2,1,5,Not at intersection,2,80,Arterial Other,45424,Serious injury,Bicyclists
T20150020672,10/6/2015,16:15:00,1,Collision with vehicle,3,Tuesday,112,LEFT FAR (INTERSECTIONS ONLY),1,294990,2,0,0,1,2,3,1,4,Multiple intersection,3,40,Local Road,18-21,Other injury,Bicyclists
T20150020675,10/4/2015,14:10:00,1,Collision with vehicle,1,Sunday,133,LANE SIDE SWIPE (VEHICLES IN PARALLEL LANES),1,294708,2,0,0,1,4,5,1,5,Not at intersection,3,60,Arterial Other,50-59,Other injury,Bicyclists
T20150020708,10/7/2015,7:30:00,1,Collision with vehicle,4,Wednesday,122,LEFT THROUGH,2,295745,2,0,1,0,1,2,1,5,Not at intersection,2,60,Arterial Highway,30-39,Serious injury,Bicyclists
T20150020711,10/7/2015,8:44:00,1,Collision with vehicle,4,Wednesday,148,VEHICLE OFF FOOTPATH STRIKES VEH ON CARRIAGEWAY,1,63284,2,0,0,1,1,2,1,2,T intersection,3,40,Local Road,30-39,Other injury,Bicyclists
T20150020762,10/7/2015,7:35:00,1,Collision with vehicle,4,Wednesday,113,RIGHT NEAR (INTERSECTIONS ONLY),2,39231,2,0,1,0,1,2,1,1,Cross intersection,2,50,Local Road,50-59,Serious injury,Bicyclists
T20150020796,10/8/2015,10:30:00,1,Collision with vehicle,5,Thursday,135,LANE CHANGE LEFT (NOT OVERTAKING),1,295473,2,1,0,0,1,2,1,5,Not at intersection,1,80,Arterial Other,60-64,Fatality,Bicyclists
T20150020809,10/8/2015,18:50:00,1,Collision with vehicle,4,Thursday,121,RIGHT THROUGH,2,56550,2,0,0,1,1,2,1,2,T intersection,3,60,Arterial Other,30-39,Other injury,Bicyclists
T20150020817,10/8/2015,18:50:00,1,Collision with vehicle,4,Thursday,110,CROSS TRAFFIC(INTERSECTIONS ONLY),2,69260,2,0,1,0,1,2,1,1,Cross intersection,2,50,Local Road,65-69,Serious injury,Bicyclists
T20150020827,10/8/2015,15:30:00,1,Collision with vehicle,5,Thursday,137,LEFT TURN SIDESWIPE,1,295161,2,0,0,2,0,2,2,2,T intersection,3,50,Local Road,16-17,Other injury,Bicyclists
T20150020846,10/9/2015,10:30:00,1,Collision with vehicle,6,Friday,131,LEFT REAR,1,294908,2,0,0,1,1,2,1,5,Not at intersection,3,40,Arterial Other,30-39,Other injury,Bicyclists
T20150020875,10/7/2015,6:30:00,8,No collision and no object struck,4,Wednesday,174,OUT OF CONTROL ON CARRIAGEWAY (ON STRAIGHT),2,29425,2,0,0,1,0,1,2,1,Cross intersection,3,60,Arterial Highway,22-25,Other injury,Bicyclists
T20150020894,10/9/2015,18:45:00,1,Collision with vehicle,6,Friday,110,CROSS TRAFFIC(INTERSECTIONS ONLY),2,37517,2,0,1,0,1,2,1,1,Cross intersection,2,50,Local Road,16-17,Serious injury,Bicyclists
T20150020928,10/9/2015,18:15:00,1,Collision with vehicle,5,Friday,121,RIGHT THROUGH,2,40547,2,0,0,1,1,2,2,2,T intersection,3,999,Arterial Other,40-49,Other injury,Bicyclists
T20150020952,10/9/2015,18:20:00,1,Collision with vehicle,6,Friday,163,VEHICLE STRIKES DOOR OF PARKED/STATIONARY VEHICLE,2,296518,2,0,0,1,1,2,2,5,Not at intersection,3,50,Local Road,65-69,Other injury,Bicyclists
T20150020979,9/29/2015,16:10:00,1,Collision with vehicle,3,Tuesday,148,VEHICLE OFF FOOTPATH STRIKES VEH ON CARRIAGEWAY,1,295027,2,0,1,0,1,2,1,5,Not at intersection,2,999,Uknown,30-39,Serious injury,Bicyclists
T20150020982,10/11/2015,8:30:00,1,Collision with vehicle,1,Sunday,110,CROSS TRAFFIC(INTERSECTIONS ONLY),1,41089,2,0,0,1,1,2,1,1,Cross intersection,3,60,Arterial Other,60-64,Other injury,Bicyclists
T20150020986,10/10/2015,16:45:00,1,Collision with vehicle,7,Saturday,163,VEHICLE STRIKES DOOR OF PARKED/STATIONARY VEHICLE,1,297927,2,0,0,1,1,2,2,5,Not at intersection,3,999,Local Road,18-21,Other injury,Bicyclists
T20150021005,10/11/2015,15:10:00,1,Collision with vehicle,0,Sunday,160,VEHICLE COLLIDES WITH VEHICLE PARKED ON LEFT OF ROAD,1,296523,2,0,0,1,0,1,1,5,Not at intersection,3,60,Arterial Highway,50-59,Other injury,Bicyclists
T20150021012,10/11/2015,15:40:00,1,Collision with vehicle,1,Sunday,121,RIGHT THROUGH,1,63168,2,0,0,1,1,2,2,1,Cross intersection,3,50,Local Road,30-39,Other injury,Bicyclists
T20150021014,10/6/2015,9:45:00,1,Collision with vehicle,2,Tuesday,137,LEFT TURN SIDESWIPE,1,36180,2,0,0,1,1,2,2,2,T intersection,3,60,Uknown,50-59,Other injury,Bicyclists
T20150021020,10/8/2015,7:11:00,1,Collision with vehicle,5,Thursday,121,RIGHT THROUGH,2,41104,2,0,1,0,1,2,1,2,T intersection,2,60,Arterial Other,40-49,Serious injury,Bicyclists
T20150021027,10/11/2015,15:18:00,1,Collision with vehicle,1,Sunday,121,RIGHT THROUGH,1,68000,2,0,0,1,2,3,1,2,T intersection,3,50,Local Road,30-39,Other injury,Bicyclists
T20150021030,10/7/2015,16:10:00,1,Collision with vehicle,3,Wednesday,121,RIGHT THROUGH,1,294885,2,0,0,1,1,2,1,5,Not at intersection,3,60,Arterial Other,30-39,Other injury,Bicyclists
T20150021035,10/12/2015,4:50:00,1,Collision with vehicle,2,Monday,148,VEHICLE OFF FOOTPATH STRIKES VEH ON CARRIAGEWAY,3,44492,2,0,1,0,1,2,1,1,Cross intersection,2,60,Arterial Highway,30-39,Serious injury,Bicyclists
T20150021046,10/12/2015,8:20:00,1,Collision with vehicle,2,Monday,136,RIGHT TURN SIDESWIPE,1,294898,2,0,0,1,2,3,1,9,Unknown,3,90,Arterial Highway,45424,Other injury,Bicyclists
T20150021050,10/10/2015,20:30:00,1,Collision with vehicle,7,Saturday,130,REAR END(VEHICLES IN SAME LANE),2,126056,2,0,1,0,0,1,2,5,Not at intersection,2,60,Arterial Other,30-39,Serious injury,Bicyclists
T20150021060,10/12/2015,12:15:00,1,Collision with vehicle,2,Monday,147,VEHICLE STRIKES ANOTHER VEH WHILE EMERGING FROM DRIVEWAY,1,357091,2,0,0,1,1,2,1,5,Not at intersection,3,70,Arterial Other,65-69,Other injury,Bicyclists
T20150021077,10/11/2015,17:00:00,1,Collision with vehicle,1,Sunday,147,VEHICLE STRIKES ANOTHER VEH WHILE EMERGING FROM DRIVEWAY,2,295690,2,0,1,0,1,2,2,9,Unknown,2,50,Local Road,40-49,Serious injury,Bicyclists
T20150021078,10/12/2015,14:25:00,1,Collision with vehicle,2,Monday,110,CROSS TRAFFIC(INTERSECTIONS ONLY),1,29396,2,0,1,0,1,2,1,1,Cross intersection,2,50,Local Road,40-49,Serious injury,Bicyclists
T20150021081,10/12/2015,14:45:00,1,Collision with vehicle,2,Monday,147,VEHICLE STRIKES ANOTHER VEH WHILE EMERGING FROM DRIVEWAY,1,294940,2,0,0,1,2,3,1,2,T intersection,3,50,Local Road,45424,Other injury,Bicyclists
T20150021087,10/12/2015,11:30:00,2,Struck Pedestrian,2,Monday,106,VEH STRIKES PED ON FOOTPATH/MEDIAN/TRAFFIC ISLAND.,1,295081,1,0,0,1,1,2,1,5,Not at intersection,3,888,Arterial Highway,40-49,Other injury,Bicyclists
T20150021091,9/6/2015,19:00:00,1,Collision with vehicle,1,Sunday,130,REAR END(VEHICLES IN SAME LANE),3,295917,2,0,1,0,0,1,2,5,Not at intersection,2,40,Local Road,40-49,Serious injury,Bicyclists
T20150021095,10/12/2015,18:15:00,1,Collision with vehicle,2,Monday,121,RIGHT THROUGH,2,36498,2,0,0,1,1,2,1,2,T intersection,3,60,Local Road,40-49,Other injury,Bicyclists
T20150021097,10/12/2015,17:50:00,1,Collision with vehicle,2,Monday,110,CROSS TRAFFIC(INTERSECTIONS ONLY),2,35971,2,0,0,1,1,2,2,1,Cross intersection,3,50,Local Road,50-59,Other injury,Bicyclists
T20150021121,10/13/2015,7:40:00,1,Collision with vehicle,3,Tuesday,116,LEFT NEAR (INTERSECTIONS ONLY),2,59153,2,0,0,1,1,2,1,1,Cross intersection,3,60,Arterial Highway,70+,Other injury,Bicyclists
T20150021128,10/2/2015,14:10:00,1,Collision with vehicle,6,Friday,148,VEHICLE OFF FOOTPATH STRIKES VEH ON CARRIAGEWAY,1,91659,2,0,1,1,0,2,1,4,Multiple intersection,2,80,Freeway,50-59,Serious injury,Bicyclists
T20150021144,10/13/2015,9:00:00,1,Collision with vehicle,3,Tuesday,121,RIGHT THROUGH,1,295483,2,0,0,1,1,2,2,5,Not at intersection,3,50,Local Road,30-39,Other injury,Bicyclists
T20150021168,9/11/2015,14:30:00,1,Collision with vehicle,6,Friday,130,REAR END(VEHICLES IN SAME LANE),1,36221,2,0,0,1,0,1,2,1,Cross intersection,3,50,Arterial Other,18-21,Other injury,Bicyclists
T20150021169,10/13/2015,18:22:00,1,Collision with vehicle,3,Tuesday,134,LANE CHANGE RIGHT (NOT OVERTAKING),2,36564,3,0,0,1,2,3,1,2,T intersection,3,40,Local Road,26-29,Other injury,Bicyclists
T20150021173,10/13/2015,19:15:00,1,Collision with vehicle,3,Tuesday,121,RIGHT THROUGH,2,71128,2,0,1,0,1,2,1,2,T intersection,2,60,Local Road,40-49,Serious injury,Bicyclists
T20150021176,10/13/2015,17:55:00,2,Struck Pedestrian,3,Tuesday,102,FAR SIDE. PED HIT BY VEHICLE FROM THE LEFT,2,295184,1,0,2,0,0,2,1,5,Not at intersection,2,60,Arterial Other,40-49,Serious injury,Bicyclists
T20150021187,9/9/2015,8:50:00,1,Collision with vehicle,4,Wednesday,163,VEHICLE STRIKES DOOR OF PARKED/STATIONARY VEHICLE,1,296203,2,0,0,1,2,3,2,5,Not at intersection,3,40,Local Road,22-25,Other injury,Bicyclists
T20150021191,10/1/2015,12:15:00,1,Collision with vehicle,5,Thursday,163,VEHICLE STRIKES DOOR OF PARKED/STATIONARY VEHICLE,1,78244,2,0,0,1,1,2,2,5,Not at intersection,3,40,Arterial Other,22-25,Other injury,Bicyclists
T20150021250,8/19/2015,6:45:00,8,No collision and no object struck,4,Wednesday,170,OFF CARRIAGEWAY TO LEFT,2,35359,2,0,1,0,0,1,2,2,T intersection,2,40,Local Road,18-21,Serious injury,Bicyclists
T20150021256,10/14/2015,17:15:00,1,Collision with vehicle,4,Wednesday,110,CROSS TRAFFIC(INTERSECTIONS ONLY),2,29581,2,0,0,1,1,2,2,1,Cross intersection,3,50,Arterial Other,26-29,Other injury,Bicyclists
T20150021282,10/15/2015,8:30:00,1,Collision with vehicle,5,Thursday,137,LEFT TURN SIDESWIPE,1,295461,2,0,0,1,1,2,2,5,Not at intersection,3,60,Arterial Other,30-39,Other injury,Bicyclists
T20150021291,10/14/2015,13:05:00,1,Collision with vehicle,4,Wednesday,130,REAR END(VEHICLES IN SAME LANE),1,295087,2,0,0,1,1,2,1,5,Not at intersection,3,60,Arterial Other,30-39,Other injury,Bicyclists
T20150021355,10/15/2015,20:40:00,1,Collision with vehicle,5,Thursday,130,REAR END(VEHICLES IN SAME LANE),2,298894,2,0,1,0,0,1,1,2,T intersection,2,50,Arterial Other,40-49,Serious injury,Bicyclists
T20150021358,10/14/2015,6:15:00,3,Struck animal,4,Wednesday,167,STRUCK ANIMAL,2,295064,1,0,1,0,0,1,1,5,Not at intersection,2,100,Local Road,40-49,Serious injury,Bicyclists
T20150021374,10/16/2015,8:30:00,1,Collision with vehicle,6,Friday,143,ENTERING PARKING,1,295332,2,0,0,1,1,2,1,5,Not at intersection,3,40,Local Road,26-29,Other injury,Bicyclists
T20150021375,10/16/2015,9:15:00,8,No collision and no object struck,6,Friday,174,OUT OF CONTROL ON CARRIAGEWAY (ON STRAIGHT),1,295441,2,0,0,1,1,2,1,5,Not at intersection,3,60,Uknown,40-49,Other injury,Bicyclists
T20150021380,10/16/2015,10:12:00,1,Collision with vehicle,6,Friday,147,VEHICLE STRIKES ANOTHER VEH WHILE EMERGING FROM DRIVEWAY,1,295067,2,0,0,1,1,2,1,5,Not at intersection,3,50,Local Road,65-69,Other injury,Bicyclists
T20150021418,10/16/2015,18:03:00,1,Collision with vehicle,6,Friday,110,CROSS TRAFFIC(INTERSECTIONS ONLY),2,42230,2,0,0,1,1,2,1,1,Cross intersection,3,60,Local Road,50-59,Other injury,Bicyclists
T20150021427,10/14/2015,5:45:00,1,Collision with vehicle,4,Wednesday,116,LEFT NEAR (INTERSECTIONS ONLY),2,29796,2,0,0,1,1,2,2,2,T intersection,3,70,Arterial Other,40-49,Other injury,Bicyclists
T20150021436,10/16/2015,23:45:00,1,Collision with vehicle,6,Friday,121,RIGHT THROUGH,3,35714,2,0,1,0,1,2,1,1,Cross intersection,2,60,Arterial Other,30-39,Serious injury,Bicyclists
T20150021457,10/17/2015,10:28:00,1,Collision with vehicle,6,Saturday,121,RIGHT THROUGH,1,38127,2,0,0,1,1,2,1,2,T intersection,3,60,Arterial Other,30-39,Other injury,Bicyclists
T20150021467,10/12/2015,8:30:00,1,Collision with vehicle,2,Monday,116,LEFT NEAR (INTERSECTIONS ONLY),1,36618,2,0,0,1,1,2,2,2,T intersection,3,40,Local Road,26-29,Other injury,Bicyclists
T20150021484,10/17/2015,14:45:00,1,Collision with vehicle,6,Saturday,133,LANE SIDE SWIPE (VEHICLES IN PARALLEL LANES),1,295256,2,0,0,2,0,2,2,5,Not at intersection,3,70,Arterial Other,30-39,Other injury,Bicyclists
T20150021541,10/18/2015,15:30:00,1,Collision with vehicle,1,Sunday,113,RIGHT NEAR (INTERSECTIONS ONLY),1,37173,2,0,0,1,2,3,1,2,T intersection,3,60,Arterial Other,26-29,Other injury,Bicyclists
T20150021561,10/8/2015,17:45:00,1,Collision with vehicle,5,Thursday,142,LEAVING PARKING,2,296153,2,0,0,1,0,1,2,5,Not at intersection,3,60,Arterial Other,40-49,Other injury,Bicyclists
T20150021565,9/4/2015,17:00:00,1,Collision with vehicle,6,Friday,137,LEFT TURN SIDESWIPE,2,64738,2,0,0,1,1,2,1,1,Cross intersection,3,60,Uknown,40-49,Other injury,Bicyclists
T20150021607,10/19/2015,8:50:00,1,Collision with vehicle,2,Monday,148,VEHICLE OFF FOOTPATH STRIKES VEH ON CARRIAGEWAY,1,36514,2,0,0,1,1,2,1,2,T intersection,3,60,Arterial Other,65-69,Other injury,Bicyclists
T20150021611,10/15/2015,19:30:00,8,No collision and no object struck,4,Thursday,174,OUT OF CONTROL ON CARRIAGEWAY (ON STRAIGHT),2,296704,2,0,1,0,0,1,2,5,Not at intersection,2,40,Local Road,22-25,Serious injury,Bicyclists
T20150021662,10/14/2015,10:00:00,1,Collision with vehicle,4,Wednesday,135,LANE CHANGE LEFT (NOT OVERTAKING),1,80974,2,0,0,1,0,1,2,5,Not at intersection,3,40,Local Road,22-25,Other injury,Bicyclists
T20150021664,10/9/2015,21:00:00,1,Collision with vehicle,6,Friday,163,VEHICLE STRIKES DOOR OF PARKED/STATIONARY VEHICLE,1,297672,2,0,0,1,1,2,2,5,Not at intersection,3,60,Local Road,22-25,Other injury,Bicyclists
T20150021681,10/13/2015,18:40:00,1,Collision with vehicle,3,Tuesday,133,LANE SIDE SWIPE (VEHICLES IN PARALLEL LANES),9,296832,2,0,0,1,1,2,2,5,Not at intersection,3,80,Arterial Other,60-64,Other injury,Bicyclists
T20150021682,10/20/2015,9:19:00,1,Collision with vehicle,3,Tuesday,148,VEHICLE OFF FOOTPATH STRIKES VEH ON CARRIAGEWAY,1,295437,2,0,0,1,4,5,1,5,Not at intersection,3,60,Arterial Other,22-25,Other injury,Bicyclists
T20150021694,10/19/2015,12:30:00,1,Collision with vehicle,2,Monday,137,LEFT TURN SIDESWIPE,1,37916,2,0,0,1,1,2,1,2,T intersection,3,50,Arterial Other,40-49,Other injury,Bicyclists
T20150021714,10/18/2015,8:20:00,8,No collision and no object struck,1,Sunday,170,OFF CARRIAGEWAY TO LEFT,1,44964,1,0,1,0,0,1,2,5,Not at intersection,2,70,Arterial Other,30-39,Serious injury,Bicyclists
T20150021765,10/21/2015,8:37:00,1,Collision with vehicle,4,Wednesday,113,RIGHT NEAR (INTERSECTIONS ONLY),1,45050,2,0,0,1,1,2,1,2,T intersection,3,60,Local Road,30-39,Other injury,Bicyclists
T20150021766,10/21/2015,9:23:00,1,Collision with vehicle,4,Wednesday,110,CROSS TRAFFIC(INTERSECTIONS ONLY),1,65895,2,0,0,1,1,2,1,1,Cross intersection,3,40,Local Road,26-29,Other injury,Bicyclists
T20150021769,9/30/2015,11:00:00,8,No collision and no object struck,3,Wednesday,170,OFF CARRIAGEWAY TO LEFT,1,295243,3,0,0,1,0,1,2,5,Not at intersection,3,999,Local Road,50-59,Other injury,Bicyclists
T20150021770,10/21/2015,9:04:00,1,Collision with vehicle,4,Wednesday,163,VEHICLE STRIKES DOOR OF PARKED/STATIONARY VEHICLE,1,197741,2,0,1,0,2,3,1,5,Not at intersection,2,50,Uknown,30-39,Serious injury,Bicyclists
T20150021775,9/10/2015,16:49:00,8,No collision and no object struck,5,Thursday,174,OUT OF CONTROL ON CARRIAGEWAY (ON STRAIGHT),1,295364,1,0,0,1,0,1,1,5,Not at intersection,3,60,Arterial Highway,50-59,Other injury,Bicyclists
T20150021803,10/15/2015,7:45:00,8,No collision and no object struck,5,Thursday,170,OFF CARRIAGEWAY TO LEFT,2,45370,1,0,0,1,0,1,2,2,T intersection,3,999,Arterial Other,30-39,Other injury,Bicyclists
T20150021811,10/21/2015,19:10:00,1,Collision with vehicle,4,Wednesday,121,RIGHT THROUGH,2,41640,2,0,1,0,1,2,1,4,Multiple intersection,2,60,Arterial Highway,30-39,Serious injury,Bicyclists
T20150021825,10/21/2015,17:20:00,1,Collision with vehicle,4,Wednesday,163,VEHICLE STRIKES DOOR OF PARKED/STATIONARY VEHICLE,2,295255,2,0,1,0,1,2,2,5,Not at intersection,2,50,Local Road,50-59,Serious injury,Bicyclists
T20150021828,9/17/2015,19:00:00,1,Collision with vehicle,5,Thursday,143,ENTERING PARKING,2,51624,2,0,0,1,1,2,2,2,T intersection,3,60,Arterial Highway,13-15,Other injury,Bicyclists
T20150021842,9/29/2015,17:30:00,1,Collision with vehicle,3,Tuesday,110,CROSS TRAFFIC(INTERSECTIONS ONLY),2,41485,2,0,0,1,1,2,1,1,Cross intersection,3,60,Local Road,26-29,Other injury,Bicyclists
T20150021844,9/30/2015,16:30:00,1,Collision with vehicle,4,Wednesday,130,REAR END(VEHICLES IN SAME LANE),1,29977,2,0,0,1,1,2,2,1,Cross intersection,3,60,Arterial Other,60-64,Other injury,Bicyclists
T20150021857,8/17/2015,13:30:00,1,Collision with vehicle,2,Monday,147,VEHICLE STRIKES ANOTHER VEH WHILE EMERGING FROM DRIVEWAY,1,295316,2,0,0,1,1,2,1,5,Not at intersection,3,777,Uknown,70+,Other injury,Bicyclists
T20150021915,10/12/2015,20:55:00,1,Collision with vehicle,2,Monday,133,LANE SIDE SWIPE (VEHICLES IN PARALLEL LANES),3,295279,2,0,1,0,0,1,2,5,Not at intersection,2,60,Arterial Other,Unknown,Serious injury,Bicyclists
T20150021917,10/23/2015,7:13:00,1,Collision with vehicle,6,Friday,112,LEFT FAR (INTERSECTIONS ONLY),2,39982,2,0,0,1,1,2,1,2,T intersection,3,60,Local Road,13-15,Other injury,Bicyclists
T20150021918,10/23/2015,11:00:00,1,Collision with vehicle,6,Friday,148,VEHICLE OFF FOOTPATH STRIKES VEH ON CARRIAGEWAY,1,295372,2,0,0,1,1,2,1,5,Not at intersection,3,50,Local Road,16-17,Other injury,Bicyclists
T20150021936,10/17/2015,6:20:00,1,Collision with vehicle,7,Saturday,137,LEFT TURN SIDESWIPE,2,56670,2,0,0,1,1,2,1,2,T intersection,3,60,Arterial Other,40-49,Other injury,Bicyclists
T20150021974,10/19/2015,7:15:00,1,Collision with vehicle,2,Monday,163,VEHICLE STRIKES DOOR OF PARKED/STATIONARY VEHICLE,9,275053,2,0,1,0,1,2,2,5,Not at intersection,2,40,Arterial Other,26-29,Serious injury,Bicyclists
T20150021976,10/23/2015,15:30:00,1,Collision with vehicle,6,Friday,147,VEHICLE STRIKES ANOTHER VEH WHILE EMERGING FROM DRIVEWAY,1,295498,2,0,0,1,1,2,1,5,Not at intersection,3,999,Local Road,13-15,Other injury,Bicyclists
T20150021979,10/2/2015,12:50:00,1,Collision with vehicle,6,Friday,121,RIGHT THROUGH,1,33663,2,0,0,1,1,2,1,2,T intersection,3,60,Arterial Highway,40-49,Other injury,Bicyclists
T20150021987,10/24/2015,11:42:00,1,Collision with vehicle,7,Saturday,135,LANE CHANGE LEFT (NOT OVERTAKING),1,296829,2,0,0,1,1,2,2,2,T intersection,3,50,Local Road,30-39,Other injury,Bicyclists