ACCIDENT_NO,ACCIDENT_DATE,ACCIDENT_TIME,ACCIDENT_TYPE,ACCIDENT_TYPE_DESC,DAY_OF_WEEK,DAY_WEEK_DESC,DCA_CODE,DCA_DESC,LIGHT_CONDITION,NODE_ID,NO_OF_VEHICLES,NO_PERSONS_KILLED,NO_PERSONS_INJ_2,NO_PERSONS_INJ_3,NO_PERSONS_NOT_INJ,NO_PERSONS,POLICE_ATTEND,ROAD_GEOMETRY,ROAD_GEOMETRY_DESC,SEVERITY,SPEED_ZONE,RMA,AGE_GROUP,INJ_LEVEL,ROAD_USER_TYPE_DESC
T20150021997,10/22/2015,8:30:00,1,Collision with vehicle,5,Thursday,153,CUTTING IN (OVERTAKING),1,295444,2,0,0,1,1,2,2,5,Not at intersection,3,60,Arterial Other,40-49,Other injury,Bicyclists
T20150022049,10/24/2015,13:30:00,9,Other accident,7,Saturday,198,OTHER ACCIDENTS NOT CLASSIFIABLE ELSEWHERE,1,295315,2,0,1,0,0,1,1,5,Not at intersection,2,100,Arterial Other,40-49,Serious injury,Bicyclists
T20150022050,10/25/2015,8:15:00,1,Collision with vehicle,1,Sunday,133,LANE SIDE SWIPE (VEHICLES IN PARALLEL LANES),1,35297,2,0,0,1,1,2,1,1,Cross intersection,3,40,Arterial Other,30-39,Other injury,Bicyclists
T20150022078,10/25/2015,15:50:00,1,Collision with vehicle,1,Sunday,163,VEHICLE STRIKES DOOR OF PARKED/STATIONARY VEHICLE,1,295374,2,0,0,1,1,2,1,5,Not at intersection,3,40,Local Road,26-29,Other injury,Bicyclists
T20150022080,10/3/2015,20:20:00,1,Collision with vehicle,7,Saturday,110,CROSS TRAFFIC(INTERSECTIONS ONLY),3,64562,2,0,0,1,1,2,2,1,Cross intersection,3,999,Local Road,18-21,Other injury,Bicyclists
T20150022085,9/28/2015,17:40:00,1,Collision with vehicle,2,Monday,137,LEFT TURN SIDESWIPE,1,221516,2,0,0,1,1,2,1,1,Cross intersection,3,60,Arterial Highway,40-49,Other injury,Bicyclists
T20150022088,10/25/2015,15:00:00,1,Collision with vehicle,0,Sunday,163,VEHICLE STRIKES DOOR OF PARKED/STATIONARY VEHICLE,1,37705,2,0,0,1,0,1,2,1,Cross intersection,3,999,Arterial Other,26-29,Other injury,Bicyclists
T20150022133,4/1/2015,8:30:00,1,Collision with vehicle,4,Wednesday,130,REAR END(VEHICLES IN SAME LANE),1,42742,2,0,0,2,0,2,2,2,T intersection,3,60,Arterial Other,26-29,Other injury,Bicyclists
T20150022148,10/23/2015,17:12:00,1,Collision with vehicle,6,Friday,163,VEHICLE STRIKES DOOR OF PARKED/STATIONARY VEHICLE,2,296466,2,0,0,1,1,2,9,5,Not at intersection,3,40,Local Road,26-29,Other injury,Bicyclists
T20150022164,10/26/2015,17:55:00,1,Collision with vehicle,2,Monday,147,VEHICLE STRIKES ANOTHER VEH WHILE EMERGING FROM DRIVEWAY,2,295623,2,0,1,0,3,4,1,5,Not at intersection,2,50,Arterial Highway,45424,Serious injury,Bicyclists
T20150022167,10/14/2015,18:45:00,1,Collision with vehicle,3,Wednesday,130,REAR END(VEHICLES IN SAME LANE),2,295398,2,0,0,1,0,1,2,5,Not at intersection,3,60,Local Road,30-39,Other injury,Bicyclists
T20150022184,10/26/2015,18:30:00,1,Collision with vehicle,2,Monday,198,OTHER ACCIDENTS NOT CLASSIFIABLE ELSEWHERE,1,298414,2,0,0,1,0,1,1,5,Not at intersection,3,50,Local Road,16-17,Other injury,Bicyclists
T20150022195,10/24/2015,9:45:00,1,Collision with vehicle,7,Saturday,116,LEFT NEAR (INTERSECTIONS ONLY),1,47678,2,0,0,1,1,2,2,1,Cross intersection,3,80,Arterial Highway,40-49,Other injury,Bicyclists
T20150022211,10/26/2015,14:00:00,1,Collision with vehicle,2,Monday,160,VEHICLE COLLIDES WITH VEHICLE PARKED ON LEFT OF ROAD,1,295691,2,0,0,1,1,2,2,5,Not at intersection,3,60,Uknown,30-39,Other injury,Bicyclists
T20150022212,10/9/2015,10:30:00,8,No collision and no object struck,6,Friday,184,OUT OF CONTROL ON CARRIAGEWAY (ON BEND),1,295497,2,0,0,1,0,1,2,5,Not at intersection,3,80,Local Road,50-59,Other injury,Bicyclists
T20150022234,10/27/2015,7:58:00,1,Collision with vehicle,3,Tuesday,130,REAR END(VEHICLES IN SAME LANE),1,295459,2,0,0,1,1,2,1,5,Not at intersection,3,50,Local Road,30-39,Other injury,Bicyclists
T20150022244,10/27/2015,8:29:00,1,Collision with vehicle,3,Tuesday,121,RIGHT THROUGH,1,65711,2,0,0,1,1,2,1,2,T intersection,3,60,Local Road,40-49,Other injury,Bicyclists
T20150022251,10/23/2015,17:40:00,1,Collision with vehicle,6,Friday,163,VEHICLE STRIKES DOOR OF PARKED/STATIONARY VEHICLE,9,295598,2,0,0,1,1,2,2,5,Not at intersection,3,40,Local Road,26-29,Other injury,Bicyclists
T20150022259,10/16/2015,20:30:00,1,Collision with vehicle,5,Friday,121,RIGHT THROUGH,3,38001,2,0,0,1,1,2,2,1,Cross intersection,3,60,Local Road,30-39,Other injury,Bicyclists
T20150022271,10/27/2015,18:15:00,1,Collision with vehicle,3,Tuesday,148,VEHICLE OFF FOOTPATH STRIKES VEH ON CARRIAGEWAY,2,295744,2,0,1,1,0,2,1,1,Cross intersection,2,999,Arterial Highway,30-39,Serious injury,Bicyclists
T20150022285,10/22/2015,16:15:00,1,Collision with vehicle,5,Thursday,137,LEFT TURN SIDESWIPE,1,301894,2,0,0,1,1,2,2,5,Not at intersection,3,40,Local Road,40-49,Other injury,Bicyclists
T20150022298,10/28/2015,8:45:00,1,Collision with vehicle,4,Wednesday,137,LEFT TURN SIDESWIPE,1,38079,2,0,1,0,1,2,1,1,Cross intersection,2,60,Arterial Other,40-49,Serious injury,Bicyclists
T20150022314,10/24/2015,12:45:00,1,Collision with vehicle,7,Saturday,140,U TURN,1,57026,2,0,0,1,1,2,2,1,Cross intersection,3,50,Local Road,22-25,Other injury,Bicyclists
T20150022315,10/25/2015,11:50:00,1,Collision with vehicle,1,Sunday,137,LEFT TURN SIDESWIPE,1,295869,2,0,0,1,1,2,2,1,Cross intersection,3,50,Arterial Other,40-49,Other injury,Bicyclists
T20150022326,10/28/2015,15:15:00,1,Collision with vehicle,4,Wednesday,147,VEHICLE STRIKES ANOTHER VEH WHILE EMERGING FROM DRIVEWAY,1,123320,2,0,1,0,1,2,1,5,Not at intersection,2,888,Arterial Highway,26-29,Serious injury,Bicyclists
T20150022331,10/28/2015,17:55:00,1,Collision with vehicle,4,Wednesday,121,RIGHT THROUGH,2,40096,2,0,1,0,1,2,1,1,Cross intersection,2,40,Arterial Other,40-49,Serious injury,Bicyclists
T20150022336,10/24/2015,8:10:00,1,Collision with vehicle,7,Saturday,123,RIGHT/LEFT. ONE VEH TURNING RIGHT THE OTHER LEFT.,1,41145,2,0,1,0,2,3,1,4,Multiple intersection,2,60,Uknown,40-49,Serious injury,Bicyclists
T20150022343,10/28/2015,18:10:00,1,Collision with vehicle,4,Wednesday,110,CROSS TRAFFIC(INTERSECTIONS ONLY),2,277153,2,0,0,1,1,2,1,1,Cross intersection,3,50,Arterial Highway,40-49,Other injury,Bicyclists
T20150022356,10/22/2015,17:00:00,8,No collision and no object struck,5,Thursday,184,OUT OF CONTROL ON CARRIAGEWAY (ON BEND),2,295543,1,0,0,1,0,1,2,5,Not at intersection,3,50,Local Road,30-39,Other injury,Bicyclists
T20150022372,10/29/2015,6:30:00,1,Collision with vehicle,5,Thursday,121,RIGHT THROUGH,2,11820,2,0,1,0,1,2,1,2,T intersection,2,80,Arterial Other,30-39,Serious injury,Bicyclists
T20150022377,10/29/2015,8:02:00,1,Collision with vehicle,5,Thursday,147,VEHICLE STRIKES ANOTHER VEH WHILE EMERGING FROM DRIVEWAY,1,295562,2,0,0,1,1,2,1,5,Not at intersection,3,60,Uknown,45424,Other injury,Bicyclists
T20150022378,10/29/2015,9:30:00,1,Collision with vehicle,4,Thursday,113,RIGHT NEAR (INTERSECTIONS ONLY),1,72354,2,0,1,0,1,2,1,2,T intersection,2,60,Local Road,70+,Serious injury,Bicyclists
T20150022383,10/28/2015,20:00:00,1,Collision with vehicle,4,Wednesday,160,VEHICLE COLLIDES WITH VEHICLE PARKED ON LEFT OF ROAD,2,295609,2,0,0,1,0,1,2,5,Not at intersection,3,60,Local Road,40-49,Other injury,Bicyclists
T20150022387,10/29/2015,9:00:00,1,Collision with vehicle,5,Thursday,113,RIGHT NEAR (INTERSECTIONS ONLY),1,295552,2,0,0,1,1,2,1,1,Cross intersection,3,50,Local Road,45424,Other injury,Bicyclists
T20150022390,10/29/2015,8:51:00,1,Collision with vehicle,5,Thursday,163,VEHICLE STRIKES DOOR OF PARKED/STATIONARY VEHICLE,1,298103,2,0,0,1,1,2,2,5,Not at intersection,3,40,Uknown,30-39,Other injury,Bicyclists
T20150022410,10/29/2015,15:00:00,1,Collision with vehicle,5,Thursday,121,RIGHT THROUGH,1,29539,2,0,1,1,0,2,1,2,T intersection,2,60,Arterial Other,22-25,Serious injury,Bicyclists
T20150022450,10/29/2015,17:23:00,1,Collision with vehicle,5,Thursday,121,RIGHT THROUGH,2,41317,2,0,1,0,1,2,1,1,Cross intersection,2,60,Arterial Other,26-29,Serious injury,Bicyclists
T20150022471,10/30/2015,12:10:00,1,Collision with vehicle,6,Friday,121,RIGHT THROUGH,1,52621,2,0,0,1,1,2,1,1,Cross intersection,3,50,Local Road,50-59,Other injury,Bicyclists
T20150022498,10/30/2015,18:00:00,1,Collision with vehicle,6,Friday,116,LEFT NEAR (INTERSECTIONS ONLY),2,267320,2,0,1,0,1,2,1,2,T intersection,2,50,Local Road,30-39,Serious injury,Bicyclists
T20150022501,10/30/2015,18:35:00,1,Collision with vehicle,6,Friday,113,RIGHT NEAR (INTERSECTIONS ONLY),2,58588,2,0,0,1,1,2,1,1,Cross intersection,3,50,Uknown,40-49,Other injury,Bicyclists
T20150022522,10/31/2015,1:56:00,1,Collision with vehicle,7,Saturday,160,VEHICLE COLLIDES WITH VEHICLE PARKED ON LEFT OF ROAD,3,45604,3,0,0,1,2,3,1,1,Cross intersection,3,60,Local Road,30-39,Other injury,Bicyclists
T20150022537,10/31/2015,7:31:00,1,Collision with vehicle,7,Saturday,116,LEFT NEAR (INTERSECTIONS ONLY),2,38875,2,0,1,0,1,2,1,2,T intersection,2,60,Arterial Other,50-59,Serious injury,Bicyclists
T20150022545,10/30/2015,20:00:00,1,Collision with vehicle,6,Friday,133,LANE SIDE SWIPE (VEHICLES IN PARALLEL LANES),6,295617,2,0,0,1,0,1,2,5,Not at intersection,3,50,Arterial Other,40-49,Other injury,Bicyclists
T20150022573,10/30/2015,14:20:00,1,Collision with vehicle,6,Friday,133,LANE SIDE SWIPE (VEHICLES IN PARALLEL LANES),1,35308,2,0,0,1,0,1,2,4,Multiple intersection,3,60,Arterial Other,22-25,Other injury,Bicyclists
T20150022576,10/30/2015,12:15:00,1,Collision with vehicle,5,Friday,121,RIGHT THROUGH,1,405,2,0,0,1,1,2,2,2,T intersection,3,40,Local Road,26-29,Other injury,Bicyclists
T20150022579,10/31/2015,10:30:00,1,Collision with vehicle,7,Saturday,130,REAR END(VEHICLES IN SAME LANE),1,296204,2,0,1,0,0,1,1,5,Not at intersection,2,60,Arterial Other,40-49,Serious injury,Bicyclists
T20150022622,11/1/2015,8:50:00,1,Collision with vehicle,1,Sunday,110,CROSS TRAFFIC(INTERSECTIONS ONLY),1,61041,2,0,0,1,1,2,1,1,Cross intersection,3,80,Uknown,40-49,Other injury,Bicyclists
T20150022623,11/1/2015,12:10:00,1,Collision with vehicle,1,Sunday,148,VEHICLE OFF FOOTPATH STRIKES VEH ON CARRIAGEWAY,1,295600,2,0,0,1,1,2,1,5,Not at intersection,3,60,Local Road,13-15,Other injury,Bicyclists
T20150022663,11/1/2015,15:45:00,1,Collision with vehicle,1,Sunday,147,VEHICLE STRIKES ANOTHER VEH WHILE EMERGING FROM DRIVEWAY,1,296317,2,0,0,1,1,2,2,5,Not at intersection,3,70,Arterial Other,45424,Other injury,Bicyclists
T20150022673,11/2/2015,8:15:00,1,Collision with vehicle,2,Monday,110,CROSS TRAFFIC(INTERSECTIONS ONLY),1,43558,2,0,1,0,1,2,1,1,Cross intersection,2,60,Arterial Other,50-59,Serious injury,Bicyclists
T20150022677,11/1/2015,19:25:00,8,No collision and no object struck,1,Sunday,174,OUT OF CONTROL ON CARRIAGEWAY (ON STRAIGHT),2,295828,1,0,1,0,0,1,1,5,Not at intersection,2,80,Arterial Highway,22-25,Serious injury,Bicyclists
T20150022726,9/19/2015,15:30:00,2,Struck Pedestrian,7,Saturday,102,FAR SIDE. PED HIT BY VEHICLE FROM THE LEFT,1,296364,1,0,1,0,0,1,2,5,Not at intersection,2,60,Local Road,30-39,Serious injury,Pedestrians
T20150022757,11/3/2015,11:25:00,1,Collision with vehicle,3,Tuesday,110,CROSS TRAFFIC(INTERSECTIONS ONLY),1,29840,3,0,0,2,1,3,1,1,Cross intersection,3,50,Arterial Other,22-25,Other injury,Bicyclists
T20150022779,11/3/2015,11:50:00,1,Collision with vehicle,2,Tuesday,121,RIGHT THROUGH,1,36604,2,0,0,1,1,2,2,1,Cross intersection,3,50,Local Road,30-39,Other injury,Bicyclists
T20150022782,11/3/2015,15:20:00,1,Collision with vehicle,3,Tuesday,148,VEHICLE OFF FOOTPATH STRIKES VEH ON CARRIAGEWAY,1,297770,2,0,0,1,0,1,2,5,Not at intersection,3,60,Local Road,45424,Other injury,Bicyclists
T20150022789,11/3/2015,19:00:00,1,Collision with vehicle,3,Tuesday,137,LEFT TURN SIDESWIPE,2,36370,2,0,0,1,0,1,2,1,Cross intersection,3,999,Local Road,26-29,Other injury,Bicyclists
T20150022804,10/29/2015,8:00:00,1,Collision with vehicle,5,Thursday,116,LEFT NEAR (INTERSECTIONS ONLY),1,63205,2,0,1,0,1,2,2,1,Cross intersection,2,50,Local Road,30-39,Serious injury,Bicyclists
T20150022809,11/4/2015,9:00:00,1,Collision with vehicle,4,Wednesday,148,VEHICLE OFF FOOTPATH STRIKES VEH ON CARRIAGEWAY,1,29859,2,0,0,1,2,3,1,1,Cross intersection,3,50,Arterial Other,45424,Other injury,Bicyclists
T20150022810,10/27/2015,19:00:00,1,Collision with vehicle,3,Tuesday,137,LEFT TURN SIDESWIPE,9,302633,2,0,0,1,1,2,2,5,Not at intersection,3,50,Arterial Other,40-49,Other injury,Bicyclists
T20150022816,10/19/2015,16:30:00,1,Collision with vehicle,2,Monday,133,LANE SIDE SWIPE (VEHICLES IN PARALLEL LANES),1,100523,2,0,0,1,0,1,2,5,Not at intersection,3,80,Arterial Highway,40-49,Other injury,Bicyclists
T20150022835,11/4/2015,8:28:00,1,Collision with vehicle,4,Wednesday,113,RIGHT NEAR (INTERSECTIONS ONLY),1,43246,2,0,0,1,1,2,1,1,Cross intersection,3,50,Local Road,60-64,Other injury,Bicyclists
T20150022854,11/4/2015,17:24:00,8,No collision and no object struck,4,Wednesday,174,OUT OF CONTROL ON CARRIAGEWAY (ON STRAIGHT),1,296831,2,0,0,1,1,2,1,5,Not at intersection,3,40,Local Road,30-39,Other injury,Bicyclists
T20150022874,11/4/2015,15:45:00,1,Collision with vehicle,4,Wednesday,147,VEHICLE STRIKES ANOTHER VEH WHILE EMERGING FROM DRIVEWAY,1,295825,2,0,1,0,1,2,1,5,Not at intersection,2,60,Arterial Other,45424,Serious injury,Bicyclists
T20150022876,11/4/2015,17:02:00,1,Collision with vehicle,3,Wednesday,148,VEHICLE OFF FOOTPATH STRIKES VEH ON CARRIAGEWAY,1,67320,2,0,0,1,1,2,1,1,Cross intersection,3,60,Uknown,13-15,Other injury,Bicyclists
T20150022879,10/29/2015,12:00:00,8,No collision and no object struck,5,Thursday,174,OUT OF CONTROL ON CARRIAGEWAY (ON STRAIGHT),1,295787,2,0,1,0,0,1,2,5,Not at intersection,2,999,Local Road,40-49,Serious injury,Bicyclists
T20150022882,11/4/2015,16:50:00,1,Collision with vehicle,4,Wednesday,121,RIGHT THROUGH,1,45462,2,0,0,1,1,2,1,2,T intersection,3,60,Arterial Other,18-21,Other injury,Bicyclists
T20150022885,11/3/2015,22:44:00,1,Collision with vehicle,3,Tuesday,121,RIGHT THROUGH,3,37705,2,0,1,0,5,6,1,1,Cross intersection,2,40,Arterial Other,22-25,Serious injury,Bicyclists
T20150022900,11/5/2015,7:30:00,1,Collision with vehicle,5,Thursday,110,CROSS TRAFFIC(INTERSECTIONS ONLY),2,35977,2,0,1,0,1,2,1,1,Cross intersection,2,50,Local Road,30-39,Serious injury,Bicyclists
T20150022953,11/4/2015,16:40:00,1,Collision with vehicle,4,Wednesday,110,CROSS TRAFFIC(INTERSECTIONS ONLY),1,36395,2,0,1,0,1,2,2,1,Cross intersection,2,50,Local Road,40-49,Serious injury,Bicyclists
T20150022971,11/4/2015,5:30:00,1,Collision with vehicle,4,Wednesday,110,CROSS TRAFFIC(INTERSECTIONS ONLY),2,49140,2,0,0,1,1,2,2,1,Cross intersection,3,70,Arterial Other,50-59,Other injury,Bicyclists
T20150022980,11/3/2015,10:00:00,1,Collision with vehicle,3,Tuesday,130,REAR END(VEHICLES IN SAME LANE),1,295839,2,0,1,0,0,1,2,5,Not at intersection,2,60,Arterial Other,26-29,Serious injury,Bicyclists
T20150022983,10/30/2015,18:00:00,8,No collision and no object struck,6,Friday,170,OFF CARRIAGEWAY TO LEFT,2,53234,2,0,0,1,0,1,2,1,Cross intersection,3,999,Local Road,26-29,Other injury,Bicyclists
T20150022999,11/5/2015,16:30:00,1,Collision with vehicle,4,Thursday,137,LEFT TURN SIDESWIPE,1,37837,2,0,0,1,1,2,2,1,Cross intersection,3,60,Arterial Other,70+,Other injury,Bicyclists
T20150023100,11/7/2015,16:22:00,1,Collision with vehicle,7,Saturday,130,REAR END(VEHICLES IN SAME LANE),1,295912,2,1,0,0,1,2,1,5,Not at intersection,1,100,Arterial Other,50-59,Fatality,Bicyclists
T20150023112,11/8/2015,9:35:00,1,Collision with vehicle,1,Sunday,113,RIGHT NEAR (INTERSECTIONS ONLY),1,29998,2,0,0,1,4,5,1,2,T intersection,3,60,Arterial Other,40-49,Other injury,Bicyclists
T20150023120,11/7/2015,19:10:00,1,Collision with vehicle,7,Saturday,148,VEHICLE OFF FOOTPATH STRIKES VEH ON CARRIAGEWAY,2,44382,2,0,1,0,1,2,1,1,Cross intersection,2,60,Arterial Other,22-25,Serious injury,Bicyclists
T20150023171,11/9/2015,7:10:00,2,Struck Pedestrian,2,Monday,100,PED NEAR SIDE. PED HIT BY VEHICLE FROM THE RIGHT.,2,29427,1,0,0,1,1,2,1,1,Cross intersection,3,40,Local Road,30-39,Not injured,Bicyclists
T20150023179,11/9/2015,8:01:00,1,Collision with vehicle,1,Monday,110,CROSS TRAFFIC(INTERSECTIONS ONLY),1,251441,2,0,0,1,1,2,1,1,Cross intersection,3,60,Local Road,50-59,Other injury,Bicyclists
T20150023205,11/9/2015,10:15:00,1,Collision with vehicle,2,Monday,148,VEHICLE OFF FOOTPATH STRIKES VEH ON CARRIAGEWAY,1,55277,2,0,1,0,1,2,1,2,T intersection,2,60,Arterial Other,22-25,Serious injury,Bicyclists
T20150023222,11/9/2015,16:24:00,8,No collision and no object struck,2,Monday,180,OFF CARRIAGEWAY ON RIGHT BEND,1,296039,1,0,0,1,0,1,1,5,Not at intersection,3,50,Local Road,16-17,Other injury,Bicyclists
T20150023232,11/9/2015,19:27:00,1,Collision with vehicle,2,Monday,116,LEFT NEAR (INTERSECTIONS ONLY),2,41730,2,0,0,1,1,2,1,2,T intersection,3,50,Arterial Highway,30-39,Other injury,Bicyclists
T20150023245,10/22/2015,6:00:00,1,Collision with vehicle,5,Thursday,160,VEHICLE COLLIDES WITH VEHICLE PARKED ON LEFT OF ROAD,3,41096,2,0,1,0,0,1,2,2,T intersection,2,50,Arterial Other,65-69,Serious injury,Bicyclists
T20150023259,11/10/2015,9:30:00,1,Collision with vehicle,3,Tuesday,130,REAR END(VEHICLES IN SAME LANE),1,298665,2,0,0,1,0,1,2,5,Not at intersection,3,100,Local Road,22-25,Other injury,Bicyclists
T20150023261,11/2/2015,10:30:00,8,No collision and no object struck,2,Monday,174,OUT OF CONTROL ON CARRIAGEWAY (ON STRAIGHT),1,295948,2,0,0,1,0,1,2,2,T intersection,3,50,Local Road,26-29,Other injury,Bicyclists
T20150023279,11/10/2015,9:20:00,1,Collision with vehicle,2,Tuesday,121,RIGHT THROUGH,1,62912,2,0,0,1,1,2,1,2,T intersection,3,60,Arterial Other,40-49,Other injury,Bicyclists
T20150023304,11/10/2015,15:40:00,1,Collision with vehicle,3,Tuesday,121,RIGHT THROUGH,1,36490,2,0,0,1,2,3,1,1,Cross intersection,3,40,Local Road,18-21,Other injury,Bicyclists
T20150023318,11/4/2015,14:50:00,1,Collision with vehicle,4,Wednesday,163,VEHICLE STRIKES DOOR OF PARKED/STATIONARY VEHICLE,1,296378,2,0,0,1,1,2,2,5,Not at intersection,3,40,Arterial Other,26-29,Other injury,Bicyclists
T20150023321,11/11/2015,8:00:00,1,Collision with vehicle,4,Wednesday,119,OTHER ADJACENT (INTERSECTIONS ONLY),1,55840,2,0,1,0,1,2,1,2,T intersection,2,100,Arterial Other,16-17,Serious injury,Bicyclists
T20150023327,11/11/2015,8:15:00,1,Collision with vehicle,4,Wednesday,133,LANE SIDE SWIPE (VEHICLES IN PARALLEL LANES),1,296051,2,0,1,0,0,1,1,5,Not at intersection,2,60,Arterial Other,40-49,Serious injury,Bicyclists
T20150023441,11/12/2015,15:50:00,1,Collision with vehicle,5,Thursday,121,RIGHT THROUGH,1,59337,2,0,1,1,0,2,1,1,Cross intersection,2,60,Arterial Other,13-15,Serious injury,Bicyclists
T20150023491,11/13/2015,12:14:00,1,Collision with vehicle,6,Friday,163,VEHICLE STRIKES DOOR OF PARKED/STATIONARY VEHICLE,1,296081,2,0,0,1,1,2,1,5,Not at intersection,3,40,Local Road,26-29,Other injury,Bicyclists
T20150023566,11/14/2015,7:00:00,1,Collision with vehicle,7,Saturday,163,VEHICLE STRIKES DOOR OF PARKED/STATIONARY VEHICLE,2,296128,2,0,0,1,1,2,2,5,Not at intersection,3,50,Local Road,40-49,Other injury,Bicyclists
T20150023569,11/5/2015,10:00:00,1,Collision with vehicle,5,Thursday,110,CROSS TRAFFIC(INTERSECTIONS ONLY),1,29361,2,0,1,0,1,2,1,1,Cross intersection,2,40,Local Road,30-39,Serious injury,Bicyclists
T20150023620,11/15/2015,7:40:00,1,Collision with vehicle,0,Sunday,130,REAR END(VEHICLES IN SAME LANE),2,238590,2,0,0,1,1,2,2,2,T intersection,3,40,Local Road,40-49,Other injury,Bicyclists
T20150023621,10/23/2015,7:15:00,1,Collision with vehicle,6,Friday,137,LEFT TURN SIDESWIPE,2,35770,2,0,0,1,1,2,2,1,Cross intersection,3,50,Arterial Highway,30-39,Other injury,Bicyclists
T20150023675,11/16/2015,6:50:00,1,Collision with vehicle,2,Monday,119,OTHER ADJACENT (INTERSECTIONS ONLY),2,42583,2,1,0,0,1,2,1,2,T intersection,1,75,Arterial Highway,50-59,Fatality,Bicyclists
T20150023700,11/16/2015,16:00:00,1,Collision with vehicle,2,Monday,116,LEFT NEAR (INTERSECTIONS ONLY),1,237049,2,0,0,1,1,2,2,2,T intersection,3,70,Arterial Other,26-29,Other injury,Bicyclists
T20150023715,11/16/2015,18:09:00,8,No collision and no object struck,2,Monday,174,OUT OF CONTROL ON CARRIAGEWAY (ON STRAIGHT),1,44602,1,0,1,0,0,1,1,1,Cross intersection,2,50,Local Road,50-59,Serious injury,Bicyclists
T20150023743,11/15/2015,17:40:00,1,Collision with vehicle,1,Sunday,160,VEHICLE COLLIDES WITH VEHICLE PARKED ON LEFT OF ROAD,1,296658,3,0,0,1,1,2,1,5,Not at intersection,3,60,Arterial Other,13-15,Other injury,Bicyclists
T20150023745,11/17/2015,8:18:00,1,Collision with vehicle,3,Tuesday,137,LEFT TURN SIDESWIPE,1,36051,2,0,1,0,1,2,1,2,T intersection,2,50,Local Road,40-49,Serious injury,Bicyclists
T20150023748,11/14/2015,15:00:00,1,Collision with vehicle,7,Saturday,152,PULLING OUT (OVERTAKING),1,296206,2,0,0,1,1,2,2,2,T intersection,3,50,Local Road,26-29,Other injury,Bicyclists
T20150023789,11/17/2015,16:30:00,1,Collision with vehicle,3,Tuesday,113,RIGHT NEAR (INTERSECTIONS ONLY),1,41413,2,0,0,1,1,2,2,1,Cross intersection,3,60,Local Road,30-39,Other injury,Bicyclists
T20150023825,11/18/2015,7:40:00,1,Collision with vehicle,4,Wednesday,147,VEHICLE STRIKES ANOTHER VEH WHILE EMERGING FROM DRIVEWAY,2,296310,2,0,0,1,1,2,2,5,Not at intersection,3,999,Arterial Highway,40-49,Other injury,Bicyclists
T20150023872,11/13/2015,17:00:00,1,Collision with vehicle,6,Friday,121,RIGHT THROUGH,1,63889,2,0,0,1,1,2,2,2,T intersection,3,60,Local Road,26-29,Other injury,Bicyclists
T20150023873,11/11/2015,16:30:00,1,Collision with vehicle,4,Wednesday,163,VEHICLE STRIKES DOOR OF PARKED/STATIONARY VEHICLE,1,296777,2,0,0,1,1,2,2,5,Not at intersection,3,60,Arterial Other,70+,Other injury,Bicyclists
T20150023879,11/18/2015,18:55:00,8,No collision and no object struck,4,Wednesday,174,OUT OF CONTROL ON CARRIAGEWAY (ON STRAIGHT),1,296295,1,0,1,0,0,1,1,5,Not at intersection,2,60,Arterial Other,60-64,Serious injury,Bicyclists
T20150023886,11/18/2015,19:30:00,1,Collision with vehicle,4,Wednesday,110,CROSS TRAFFIC(INTERSECTIONS ONLY),2,50629,2,0,0,1,1,2,2,1,Cross intersection,3,50,Local Road,50-59,Other injury,Bicyclists
T20150023891,11/17/2015,18:30:00,1,Collision with vehicle,3,Tuesday,121,RIGHT THROUGH,1,29841,2,0,0,1,1,2,1,2,T intersection,3,40,Arterial Other,30-39,Other injury,Bicyclists
T20150023896,11/19/2015,8:17:00,1,Collision with vehicle,5,Thursday,148,VEHICLE OFF FOOTPATH STRIKES VEH ON CARRIAGEWAY,1,297116,2,0,0,1,1,2,1,5,Not at intersection,3,40,Arterial Other,13-15,Other injury,Bicyclists
T20150023902,11/19/2015,8:00:00,1,Collision with vehicle,5,Thursday,137,LEFT TURN SIDESWIPE,1,297671,2,0,0,1,1,2,2,9,Unknown,3,40,Arterial Other,26-29,Other injury,Bicyclists
T20150023917,11/18/2015,18:00:00,1,Collision with vehicle,4,Wednesday,135,LANE CHANGE LEFT (NOT OVERTAKING),1,116651,2,0,0,1,1,2,2,5,Not at intersection,3,999,Arterial Other,30-39,Other injury,Bicyclists
T20150023932,11/19/2015,9:03:00,1,Collision with vehicle,5,Thursday,163,VEHICLE STRIKES DOOR OF PARKED/STATIONARY VEHICLE,1,236032,2,0,1,0,1,2,1,5,Not at intersection,2,60,Local Road,26-29,Serious injury,Bicyclists
T20150023941,11/13/2015,11:30:00,1,Collision with vehicle,6,Friday,163,VEHICLE STRIKES DOOR OF PARKED/STATIONARY VEHICLE,1,296383,3,0,0,1,2,3,2,2,T intersection,3,40,Local Road,40-49,Other injury,Bicyclists
T20150023956,11/19/2015,17:00:00,1,Collision with vehicle,5,Thursday,110,CROSS TRAFFIC(INTERSECTIONS ONLY),2,224810,2,0,1,0,1,2,1,1,Cross intersection,2,50,Local Road,70+,Serious injury,Bicyclists