ACCIDENT_NO,ACCIDENT_DATE,ACCIDENT_TIME,ACCIDENT_TYPE,ACCIDENT_TYPE_DESC,DAY_OF_WEEK,DAY_WEEK_DESC,DCA_CODE,DCA_DESC,LIGHT_CONDITION,NODE_ID,NO_OF_VEHICLES,NO_PERSONS_KILLED,NO_PERSONS_INJ_2,NO_PERSONS_INJ_3,NO_PERSONS_NOT_INJ,NO_PERSONS,POLICE_ATTEND,ROAD_GEOMETRY,ROAD_GEOMETRY_DESC,SEVERITY,SPEED_ZONE,RMA,AGE_GROUP,INJ_LEVEL,ROAD_USER_TYPE_DESC
T20150023976,11/17/2015,11:00:00,1,Collision with vehicle,3,Tuesday,137,LEFT TURN SIDESWIPE,1,294901,2,0,0,1,1,2,2,5,Not at intersection,3,60,Arterial Other,40-49,Other injury,Bicyclists
T20150023979,11/20/2015,9:10:00,1,Collision with vehicle,6,Friday,121,RIGHT THROUGH,1,296347,2,0,0,1,1,2,1,5,Not at intersection,3,50,Local Road,30-39,Other injury,Bicyclists
T20150023986,11/12/2015,22:30:00,8,No collision and no object struck,5,Thursday,174,OUT OF CONTROL ON CARRIAGEWAY (ON STRAIGHT),3,45873,2,0,1,0,1,2,2,1,Cross intersection,2,60,Arterial Other,22-25,Serious injury,Bicyclists
T20150023992,11/17/2015,16:20:00,1,Collision with vehicle,3,Tuesday,130,REAR END(VEHICLES IN SAME LANE),9,297963,2,0,1,0,1,2,2,5,Not at intersection,2,60,Arterial Other,22-25,Serious injury,Bicyclists
T20150024004,10/22/2015,20:55:00,1,Collision with vehicle,5,Thursday,163,VEHICLE STRIKES DOOR OF PARKED/STATIONARY VEHICLE,3,296343,2,0,0,1,1,2,2,5,Not at intersection,3,40,Local Road,40-49,Other injury,Bicyclists
T20150024024,11/20/2015,15:34:00,1,Collision with vehicle,6,Friday,163,VEHICLE STRIKES DOOR OF PARKED/STATIONARY VEHICLE,1,296362,2,0,0,1,1,2,1,5,Not at intersection,3,50,Local Road,30-39,Other injury,Bicyclists
T20150024059,11/21/2015,8:10:00,1,Collision with vehicle,7,Saturday,160,VEHICLE COLLIDES WITH VEHICLE PARKED ON LEFT OF ROAD,1,296374,2,0,0,2,0,2,2,5,Not at intersection,3,50,Local Road,40-49,Other injury,Bicyclists
T20150024065,11/20/2015,9:35:00,1,Collision with vehicle,6,Friday,163,VEHICLE STRIKES DOOR OF PARKED/STATIONARY VEHICLE,1,296377,2,0,0,1,1,2,2,5,Not at intersection,3,60,Local Road,40-49,Other injury,Bicyclists
T20150024085,11/21/2015,11:15:00,1,Collision with vehicle,7,Saturday,121,RIGHT THROUGH,1,307181,2,0,1,0,0,1,1,4,Multiple intersection,2,60,Uknown,40-49,Serious injury,Bicyclists
T20150024116,11/22/2015,9:30:00,1,Collision with vehicle,1,Sunday,121,RIGHT THROUGH,1,45572,2,0,0,1,1,2,1,2,T intersection,3,40,Uknown,26-29,Other injury,Bicyclists
T20150024117,11/22/2015,9:00:00,1,Collision with vehicle,1,Sunday,147,VEHICLE STRIKES ANOTHER VEH WHILE EMERGING FROM DRIVEWAY,1,297696,2,0,1,0,1,2,1,5,Not at intersection,2,60,Arterial Other,50-59,Serious injury,Bicyclists
T20150024141,11/22/2015,14:15:00,8,No collision and no object struck,1,Sunday,174,OUT OF CONTROL ON CARRIAGEWAY (ON STRAIGHT),1,296760,2,0,0,1,1,2,1,5,Not at intersection,3,60,Arterial Highway,45424,Other injury,Bicyclists
T20150024148,11/20/2015,10:30:00,1,Collision with vehicle,6,Friday,163,VEHICLE STRIKES DOOR OF PARKED/STATIONARY VEHICLE,1,298668,2,0,1,0,2,3,2,5,Not at intersection,2,60,Arterial Other,50-59,Serious injury,Bicyclists
T20150024150,11/22/2015,16:52:00,1,Collision with vehicle,1,Sunday,148,VEHICLE OFF FOOTPATH STRIKES VEH ON CARRIAGEWAY,1,297874,2,0,0,1,1,2,1,5,Not at intersection,3,60,Uknown,45424,Other injury,Bicyclists
T20150024153,11/22/2015,11:05:00,1,Collision with vehicle,1,Sunday,130,REAR END(VEHICLES IN SAME LANE),1,298950,2,0,1,0,1,2,1,5,Not at intersection,2,100,Arterial Other,40-49,Serious injury,Bicyclists
T20150024166,11/20/2015,6:20:00,1,Collision with vehicle,5,Friday,110,CROSS TRAFFIC(INTERSECTIONS ONLY),2,71658,2,0,0,1,0,1,2,1,Cross intersection,3,60,Arterial Other,60-64,Other injury,Bicyclists
T20150024202,11/4/2015,18:20:00,1,Collision with vehicle,3,Wednesday,110,CROSS TRAFFIC(INTERSECTIONS ONLY),2,64476,2,0,0,1,1,2,2,1,Cross intersection,3,60,Local Road,18-21,Other injury,Bicyclists
T20150024232,11/23/2015,19:55:00,1,Collision with vehicle,2,Monday,122,LEFT THROUGH,2,34813,2,0,0,1,0,1,2,1,Cross intersection,3,60,Arterial Other,30-39,Other injury,Bicyclists
T20150024237,11/23/2015,17:40:00,1,Collision with vehicle,2,Monday,147,VEHICLE STRIKES ANOTHER VEH WHILE EMERGING FROM DRIVEWAY,1,296446,2,0,1,0,1,2,1,5,Not at intersection,2,50,Local Road,50-59,Serious injury,Bicyclists
T20150024255,11/24/2015,8:30:00,1,Collision with vehicle,3,Tuesday,116,LEFT NEAR (INTERSECTIONS ONLY),1,65665,2,0,1,0,1,2,1,2,T intersection,2,60,Arterial Other,26-29,Serious injury,Bicyclists
T20150024259,11/24/2015,10:05:00,1,Collision with vehicle,3,Tuesday,110,CROSS TRAFFIC(INTERSECTIONS ONLY),1,69142,2,0,1,0,1,2,1,1,Cross intersection,2,60,Local Road,65-69,Serious injury,Bicyclists
T20150024277,11/23/2015,9:00:00,1,Collision with vehicle,1,Monday,163,VEHICLE STRIKES DOOR OF PARKED/STATIONARY VEHICLE,1,357565,2,0,0,1,1,2,2,5,Not at intersection,3,40,Arterial Other,26-29,Other injury,Bicyclists
T20150024293,11/24/2015,15:15:00,1,Collision with vehicle,3,Tuesday,110,CROSS TRAFFIC(INTERSECTIONS ONLY),1,64428,2,0,0,1,1,2,2,1,Cross intersection,3,40,Local Road,45424,Other injury,Bicyclists
T20150024306,11/24/2015,17:50:00,1,Collision with vehicle,3,Tuesday,148,VEHICLE OFF FOOTPATH STRIKES VEH ON CARRIAGEWAY,1,298411,2,0,1,0,1,2,1,5,Not at intersection,2,50,Local Road,45424,Serious injury,Bicyclists
T20150024313,11/24/2015,22:33:00,1,Collision with vehicle,3,Tuesday,121,RIGHT THROUGH,3,38236,2,0,1,0,1,2,1,1,Cross intersection,2,60,Arterial Highway,30-39,Serious injury,Bicyclists
T20150024350,11/25/2015,11:05:00,1,Collision with vehicle,4,Wednesday,133,LANE SIDE SWIPE (VEHICLES IN PARALLEL LANES),1,51585,2,0,1,0,1,2,1,1,Cross intersection,2,60,Arterial Highway,22-25,Serious injury,Bicyclists
T20150024356,11/25/2015,9:45:00,1,Collision with vehicle,4,Wednesday,163,VEHICLE STRIKES DOOR OF PARKED/STATIONARY VEHICLE,1,297434,2,0,1,0,2,3,1,2,T intersection,2,40,Local Road,50-59,Serious injury,Bicyclists
T20150024361,11/25/2015,13:33:00,1,Collision with vehicle,4,Wednesday,137,LEFT TURN SIDESWIPE,1,67548,2,0,0,1,3,4,1,2,T intersection,3,60,Arterial Highway,30-39,Other injury,Bicyclists
T20150024367,11/25/2015,13:05:00,1,Collision with vehicle,4,Wednesday,147,VEHICLE STRIKES ANOTHER VEH WHILE EMERGING FROM DRIVEWAY,1,296605,2,0,0,1,1,2,1,5,Not at intersection,3,60,Arterial Highway,13-15,Other injury,Bicyclists
T20150024373,11/21/2015,12:45:00,1,Collision with vehicle,7,Saturday,143,ENTERING PARKING,9,298485,2,0,0,1,1,2,2,5,Not at intersection,3,60,Arterial Other,22-25,Other injury,Bicyclists
T20150024386,11/25/2015,17:30:00,1,Collision with vehicle,4,Wednesday,121,RIGHT THROUGH,1,296722,2,0,0,1,1,2,1,2,T intersection,3,50,Local Road,30-39,Other injury,Bicyclists
T20150024393,11/25/2015,16:30:00,1,Collision with vehicle,4,Wednesday,135,LANE CHANGE LEFT (NOT OVERTAKING),1,65743,2,0,0,1,1,2,1,1,Cross intersection,3,40,Local Road,30-39,Other injury,Bicyclists
T20150024403,11/8/2015,11:50:00,1,Collision with vehicle,1,Sunday,154,PULLING OUT -REAR END,1,43798,2,0,0,1,1,2,1,2,T intersection,3,60,Arterial Other,40-49,Other injury,Bicyclists
T20150024409,11/25/2015,23:00:00,1,Collision with vehicle,4,Wednesday,160,VEHICLE COLLIDES WITH VEHICLE PARKED ON LEFT OF ROAD,3,296570,2,0,0,1,0,1,1,5,Not at intersection,3,60,Local Road,30-39,Other injury,Bicyclists
T20150024422,11/26/2015,8:30:00,1,Collision with vehicle,5,Thursday,147,VEHICLE STRIKES ANOTHER VEH WHILE EMERGING FROM DRIVEWAY,1,296634,2,0,0,1,2,3,1,5,Not at intersection,3,60,Arterial Highway,50-59,Other injury,Bicyclists
T20150024444,11/22/2015,19:15:00,1,Collision with vehicle,1,Sunday,163,VEHICLE STRIKES DOOR OF PARKED/STATIONARY VEHICLE,2,296627,2,0,0,1,0,1,2,5,Not at intersection,3,999,Local Road,30-39,Other injury,Bicyclists
T20150024454,11/26/2015,8:40:00,1,Collision with vehicle,5,Thursday,137,LEFT TURN SIDESWIPE,1,65003,2,0,1,0,1,2,1,1,Cross intersection,2,40,Arterial Highway,22-25,Serious injury,Bicyclists
T20150024455,11/24/2015,12:30:00,8,No collision and no object struck,3,Tuesday,174,OUT OF CONTROL ON CARRIAGEWAY (ON STRAIGHT),1,390,2,0,1,0,0,1,2,1,Cross intersection,2,60,Arterial Other,26-29,Serious injury,Bicyclists
T20150024459,11/24/2015,11:15:00,1,Collision with vehicle,3,Tuesday,148,VEHICLE OFF FOOTPATH STRIKES VEH ON CARRIAGEWAY,1,29388,2,0,0,1,1,2,2,2,T intersection,3,50,Arterial Other,22-25,Other injury,Bicyclists
T20150024473,11/26/2015,16:11:00,1,Collision with vehicle,5,Thursday,147,VEHICLE STRIKES ANOTHER VEH WHILE EMERGING FROM DRIVEWAY,1,296691,2,0,0,1,1,2,1,5,Not at intersection,3,999,Uknown,45424,Other injury,Bicyclists
T20150024483,11/26/2015,14:50:00,1,Collision with vehicle,5,Thursday,163,VEHICLE STRIKES DOOR OF PARKED/STATIONARY VEHICLE,1,268001,2,0,0,1,1,2,2,5,Not at intersection,3,50,Local Road,30-39,Other injury,Bicyclists
T20150024487,11/26/2015,19:30:00,1,Collision with vehicle,5,Thursday,148,VEHICLE OFF FOOTPATH STRIKES VEH ON CARRIAGEWAY,2,49662,2,0,1,0,1,2,1,1,Cross intersection,2,60,Arterial Other,22-25,Serious injury,Bicyclists
T20150024510,11/27/2015,8:05:00,1,Collision with vehicle,6,Friday,142,LEAVING PARKING,1,296622,3,0,1,0,1,2,1,5,Not at intersection,2,50,Local Road,50-59,Serious injury,Bicyclists
T20150024530,11/27/2015,7:14:00,1,Collision with vehicle,6,Friday,121,RIGHT THROUGH,2,37748,2,0,0,1,1,2,1,1,Cross intersection,3,60,Arterial Other,30-39,Other injury,Bicyclists
T20150024631,11/28/2015,17:30:00,1,Collision with vehicle,7,Saturday,148,VEHICLE OFF FOOTPATH STRIKES VEH ON CARRIAGEWAY,1,296712,2,0,0,1,1,2,1,5,Not at intersection,3,40,Local Road,30-39,Other injury,Bicyclists
T20150024643,11/25/2015,6:30:00,8,No collision and no object struck,4,Wednesday,180,OFF CARRIAGEWAY ON RIGHT BEND,2,296914,2,0,1,0,0,1,2,5,Not at intersection,2,999,Local Road,30-39,Serious injury,Bicyclists
T20150024676,11/29/2015,8:50:00,1,Collision with vehicle,1,Sunday,137,LEFT TURN SIDESWIPE,1,660,2,0,1,0,1,2,1,2,T intersection,2,50,Arterial Other,40-49,Serious injury,Bicyclists
T20150024679,11/29/2015,12:35:00,1,Collision with vehicle,1,Sunday,116,LEFT NEAR (INTERSECTIONS ONLY),1,296719,3,0,0,2,1,3,1,1,Cross intersection,3,100,Arterial Other,65-69,Other injury,Bicyclists
T20150024685,11/28/2015,18:30:00,1,Collision with vehicle,7,Saturday,114,TWO RIGHT TURNING (INTERSECTIONS ONLY),1,37938,2,0,0,1,0,1,2,2,T intersection,3,40,Local Road,30-39,Other injury,Bicyclists
T20150024696,11/29/2015,1:20:00,1,Collision with vehicle,1,Sunday,153,CUTTING IN (OVERTAKING),9,29879,2,0,0,1,1,2,2,2,T intersection,3,60,Local Road,30-39,Other injury,Bicyclists
T20150024726,11/30/2015,8:20:00,1,Collision with vehicle,2,Monday,121,RIGHT THROUGH,1,40365,2,0,0,1,1,2,1,2,T intersection,3,60,Arterial Other,26-29,Other injury,Bicyclists
T20150024728,11/29/2015,14:10:00,1,Collision with vehicle,1,Sunday,147,VEHICLE STRIKES ANOTHER VEH WHILE EMERGING FROM DRIVEWAY,1,297165,2,0,0,1,1,2,1,5,Not at intersection,3,40,Local Road,13-15,Other injury,Bicyclists
T20150024734,11/30/2015,9:05:00,8,No collision and no object struck,2,Monday,174,OUT OF CONTROL ON CARRIAGEWAY (ON STRAIGHT),1,296727,1,0,0,1,0,1,1,5,Not at intersection,3,40,Arterial Other,26-29,Other injury,Bicyclists
T20150024744,11/24/2015,7:40:00,8,No collision and no object struck,3,Tuesday,174,OUT OF CONTROL ON CARRIAGEWAY (ON STRAIGHT),2,296769,2,0,0,1,0,1,2,1,Cross intersection,3,999,Local Road,26-29,Other injury,Bicyclists
T20150024752,11/24/2015,16:45:00,1,Collision with vehicle,3,Tuesday,131,LEFT REAR,1,55667,2,0,1,0,0,1,2,2,T intersection,2,60,Local Road,50-59,Serious injury,Bicyclists
T20150024772,11/12/2015,16:30:00,1,Collision with vehicle,5,Thursday,137,LEFT TURN SIDESWIPE,1,297057,2,0,0,1,1,2,2,5,Not at intersection,3,50,Local Road,22-25,Other injury,Bicyclists
T20150024797,11/18/2015,11:30:00,1,Collision with vehicle,3,Wednesday,133,LANE SIDE SWIPE (VEHICLES IN PARALLEL LANES),1,36945,2,0,0,1,0,1,2,2,T intersection,3,60,Arterial Highway,26-29,Other injury,Bicyclists
T20150024798,11/30/2015,15:40:00,1,Collision with vehicle,2,Monday,163,VEHICLE STRIKES DOOR OF PARKED/STATIONARY VEHICLE,1,296820,2,0,0,1,1,2,1,5,Not at intersection,3,40,Local Road,50-59,Other injury,Bicyclists
T20150024807,11/15/2015,8:25:00,1,Collision with vehicle,1,Sunday,136,RIGHT TURN SIDESWIPE,1,298388,2,0,0,1,1,2,2,5,Not at intersection,3,100,Arterial Other,40-49,Other injury,Bicyclists
T20150024836,12/1/2015,8:51:00,1,Collision with vehicle,3,Tuesday,133,LANE SIDE SWIPE (VEHICLES IN PARALLEL LANES),1,231,2,0,0,1,0,1,2,1,Cross intersection,3,40,Local Road,40-49,Other injury,Bicyclists
T20150024837,5/13/2015,13:55:00,1,Collision with vehicle,4,Wednesday,133,LANE SIDE SWIPE (VEHICLES IN PARALLEL LANES),1,296937,2,0,0,1,0,1,1,5,Not at intersection,3,40,Arterial Other,22-25,Other injury,Bicyclists
T20150024840,12/1/2015,10:40:00,1,Collision with vehicle,3,Tuesday,153,CUTTING IN (OVERTAKING),1,298216,2,0,0,2,0,2,2,5,Not at intersection,3,100,Arterial Other,30-39,Other injury,Bicyclists
T20150024855,12/1/2015,15:30:00,1,Collision with vehicle,3,Tuesday,147,VEHICLE STRIKES ANOTHER VEH WHILE EMERGING FROM DRIVEWAY,1,296979,2,0,0,1,1,2,1,5,Not at intersection,3,50,Local Road,13-15,Other injury,Bicyclists
T20150024862,12/1/2015,16:18:00,1,Collision with vehicle,3,Tuesday,163,VEHICLE STRIKES DOOR OF PARKED/STATIONARY VEHICLE,1,81017,2,0,1,0,1,2,1,5,Not at intersection,2,40,Local Road,26-29,Serious injury,Bicyclists
T20150024872,12/1/2015,16:30:00,1,Collision with vehicle,3,Tuesday,137,LEFT TURN SIDESWIPE,1,300520,3,0,0,1,1,2,1,5,Not at intersection,3,50,Local Road,40-49,Other injury,Bicyclists
T20150024874,12/1/2015,17:55:00,1,Collision with vehicle,2,Tuesday,110,CROSS TRAFFIC(INTERSECTIONS ONLY),1,29361,2,0,0,1,1,2,1,1,Cross intersection,3,50,Local Road,22-25,Other injury,Bicyclists
T20150024896,12/2/2015,7:10:00,1,Collision with vehicle,4,Wednesday,113,RIGHT NEAR (INTERSECTIONS ONLY),1,71162,2,0,1,0,1,2,1,2,T intersection,2,70,Arterial Other,50-59,Serious injury,Bicyclists
T20150024912,12/2/2015,8:20:00,1,Collision with vehicle,4,Wednesday,160,VEHICLE COLLIDES WITH VEHICLE PARKED ON LEFT OF ROAD,1,296896,3,0,1,0,0,1,1,5,Not at intersection,2,60,Local Road,30-39,Serious injury,Bicyclists
T20150024934,12/1/2015,8:20:00,1,Collision with vehicle,3,Tuesday,137,LEFT TURN SIDESWIPE,1,37196,2,0,0,1,1,2,2,1,Cross intersection,3,40,Arterial Other,40-49,Other injury,Bicyclists
T20150024943,12/2/2015,17:40:00,1,Collision with vehicle,3,Wednesday,143,ENTERING PARKING,2,49283,2,0,0,1,0,1,2,2,T intersection,3,999,Local Road,40-49,Other injury,Bicyclists
T20150024948,11/25/2015,8:50:00,1,Collision with vehicle,4,Wednesday,137,LEFT TURN SIDESWIPE,1,357133,2,0,1,0,1,2,2,5,Not at intersection,2,40,Local Road,30-39,Serious injury,Bicyclists
T20150024958,12/2/2015,10:08:00,1,Collision with vehicle,4,Wednesday,163,VEHICLE STRIKES DOOR OF PARKED/STATIONARY VEHICLE,1,296884,2,0,1,0,1,2,2,5,Not at intersection,2,50,Local Road,40-49,Serious injury,Bicyclists
T20150024988,12/2/2015,13:15:00,1,Collision with vehicle,4,Wednesday,139,OTHER SAME DIRECTION-MANOUEVRES NOT INCLUDED IN DCAs 130-137,1,55168,2,0,0,1,1,2,1,4,Multiple intersection,3,50,Local Road,30-39,Other injury,Bicyclists
T20150024989,12/3/2015,10:15:00,1,Collision with vehicle,5,Thursday,137,LEFT TURN SIDESWIPE,1,19424,2,0,1,0,1,2,1,1,Cross intersection,2,60,Arterial Other,60-64,Serious injury,Bicyclists
T20150024993,11/28/2015,17:15:00,8,No collision and no object struck,7,Saturday,174,OUT OF CONTROL ON CARRIAGEWAY (ON STRAIGHT),1,296873,1,0,0,1,0,1,2,5,Not at intersection,3,60,Arterial Other,30-39,Other injury,Bicyclists
T20150025010,12/2/2015,12:30:00,8,No collision and no object struck,4,Wednesday,174,OUT OF CONTROL ON CARRIAGEWAY (ON STRAIGHT),1,297092,1,0,0,1,0,1,2,5,Not at intersection,3,60,Arterial Highway,40-49,Other injury,Bicyclists
T20150025011,12/1/2015,15:30:00,1,Collision with vehicle,3,Tuesday,130,REAR END(VEHICLES IN SAME LANE),1,296881,2,0,1,0,1,2,2,5,Not at intersection,2,40,Arterial Other,18-21,Serious injury,Bicyclists
T20150025035,12/3/2015,18:50:00,1,Collision with vehicle,5,Thursday,147,VEHICLE STRIKES ANOTHER VEH WHILE EMERGING FROM DRIVEWAY,1,296848,2,1,0,0,1,2,1,5,Not at intersection,1,50,Local Road,18-21,Fatality,Bicyclists
T20150025036,12/2/2015,20:00:00,1,Collision with vehicle,3,Wednesday,110,CROSS TRAFFIC(INTERSECTIONS ONLY),2,297073,2,0,0,1,1,2,2,1,Cross intersection,3,60,Local Road,40-49,Other injury,Bicyclists
T20150025047,12/4/2015,6:16:00,8,No collision and no object struck,5,Friday,174,OUT OF CONTROL ON CARRIAGEWAY (ON STRAIGHT),2,296959,2,0,1,0,1,2,1,5,Not at intersection,2,50,Uknown,50-59,Serious injury,Bicyclists
T20150025049,12/3/2015,18:26:00,1,Collision with vehicle,5,Thursday,135,LANE CHANGE LEFT (NOT OVERTAKING),1,37708,2,0,0,1,1,2,1,2,T intersection,3,40,Local Road,30-39,Other injury,Bicyclists
T20150025053,12/4/2015,8:20:00,1,Collision with vehicle,6,Friday,110,CROSS TRAFFIC(INTERSECTIONS ONLY),1,36819,2,0,0,1,1,2,1,1,Cross intersection,3,50,Arterial Other,26-29,Other injury,Bicyclists
T20150025105,12/4/2015,15:40:00,1,Collision with vehicle,5,Friday,148,VEHICLE OFF FOOTPATH STRIKES VEH ON CARRIAGEWAY,1,296916,2,0,0,1,1,2,2,5,Not at intersection,3,50,Local Road,45424,Other injury,Bicyclists
T20150025159,12/4/2015,16:20:00,1,Collision with vehicle,5,Friday,110,CROSS TRAFFIC(INTERSECTIONS ONLY),1,39257,2,0,0,1,1,2,2,1,Cross intersection,3,60,Local Road,40-49,Other injury,Bicyclists
T20150025181,12/3/2015,8:00:00,8,No collision and no object struck,5,Thursday,174,OUT OF CONTROL ON CARRIAGEWAY (ON STRAIGHT),1,57475,2,0,1,0,1,2,2,4,Multiple intersection,2,60,Arterial Other,40-49,Serious injury,Bicyclists
T20150025188,12/5/2015,11:30:00,1,Collision with vehicle,7,Saturday,133,LANE SIDE SWIPE (VEHICLES IN PARALLEL LANES),1,29485,2,0,0,1,1,2,1,4,Multiple intersection,3,60,Arterial Highway,50-59,Other injury,Bicyclists
T20150025192,12/5/2015,15:00:00,1,Collision with vehicle,7,Saturday,137,LEFT TURN SIDESWIPE,9,30939,2,0,0,1,1,2,2,1,Cross intersection,3,60,Arterial Highway,22-25,Other injury,Bicyclists
T20150025257,12/6/2015,9:00:00,1,Collision with vehicle,1,Sunday,116,LEFT NEAR (INTERSECTIONS ONLY),1,61041,2,0,0,2,0,2,2,1,Cross intersection,3,999,Uknown,50-59,Other injury,Bicyclists
T20150025259,12/5/2015,1:30:00,1,Collision with vehicle,7,Saturday,133,LANE SIDE SWIPE (VEHICLES IN PARALLEL LANES),3,296961,2,0,1,0,0,1,2,1,Cross intersection,2,50,Local Road,30-39,Serious injury,Bicyclists
T20150025279,10/9/2015,18:00:00,1,Collision with vehicle,6,Friday,163,VEHICLE STRIKES DOOR OF PARKED/STATIONARY VEHICLE,2,298214,2,0,0,1,1,2,2,5,Not at intersection,3,40,Local Road,30-39,Other injury,Bicyclists
T20150025312,12/4/2015,8:45:00,1,Collision with vehicle,5,Friday,130,REAR END(VEHICLES IN SAME LANE),1,537,2,0,0,1,1,2,2,2,T intersection,3,60,Arterial Other,40-49,Other injury,Bicyclists
T20150025334,12/7/2015,10:10:00,1,Collision with vehicle,2,Monday,147,VEHICLE STRIKES ANOTHER VEH WHILE EMERGING FROM DRIVEWAY,1,297045,2,0,0,1,1,2,2,5,Not at intersection,3,50,Arterial Highway,65-69,Other injury,Bicyclists
T20150025342,12/7/2015,16:25:00,1,Collision with vehicle,2,Monday,121,RIGHT THROUGH,1,29373,2,0,0,2,0,2,1,1,Cross intersection,3,50,Uknown,40-49,Other injury,Bicyclists
T20150025394,4/10/2015,19:00:00,1,Collision with vehicle,6,Friday,116,LEFT NEAR (INTERSECTIONS ONLY),2,299183,2,0,0,1,1,2,2,2,T intersection,3,50,Local Road,30-39,Other injury,Bicyclists
T20150025397,12/8/2015,7:55:00,1,Collision with vehicle,3,Tuesday,110,CROSS TRAFFIC(INTERSECTIONS ONLY),1,49252,2,0,0,1,1,2,2,1,Cross intersection,3,60,Local Road,50-59,Other injury,Bicyclists
T20150025400,12/4/2015,15:00:00,1,Collision with vehicle,6,Friday,163,VEHICLE STRIKES DOOR OF PARKED/STATIONARY VEHICLE,1,230816,2,0,1,0,1,2,1,5,Not at intersection,2,40,Local Road,40-49,Serious injury,Bicyclists
T20150025418,12/2/2015,9:00:00,2,Struck Pedestrian,4,Wednesday,100,PED NEAR SIDE. PED HIT BY VEHICLE FROM THE RIGHT.,1,29423,1,0,0,1,1,2,2,1,Cross intersection,3,40,Local Road,26-29,Other injury,Bicyclists
T20150025424,11/29/2015,9:20:00,1,Collision with vehicle,1,Sunday,147,VEHICLE STRIKES ANOTHER VEH WHILE EMERGING FROM DRIVEWAY,1,301473,2,0,1,0,1,2,2,5,Not at intersection,2,999,Local Road,40-49,Serious injury,Bicyclists
T20150025429,12/8/2015,14:19:00,1,Collision with vehicle,2,Tuesday,147,VEHICLE STRIKES ANOTHER VEH WHILE EMERGING FROM DRIVEWAY,1,297580,2,0,0,1,1,2,1,5,Not at intersection,3,888,Arterial Other,30-39,Other injury,Bicyclists
T20150025477,12/9/2015,6:15:00,1,Collision with vehicle,4,Wednesday,113,RIGHT NEAR (INTERSECTIONS ONLY),2,53203,3,0,0,2,1,3,1,2,T intersection,3,60,Arterial Other,30-39,Other injury,Bicyclists
T20150025489,12/8/2015,15:00:00,1,Collision with vehicle,3,Tuesday,121,RIGHT THROUGH,1,37674,2,0,0,1,1,2,2,2,T intersection,3,40,Arterial Other,16-17,Other injury,Bicyclists
T20150025494,12/9/2015,8:10:00,1,Collision with vehicle,4,Wednesday,147,VEHICLE STRIKES ANOTHER VEH WHILE EMERGING FROM DRIVEWAY,1,357695,2,0,0,1,1,2,1,5,Not at intersection,3,40,Local Road,30-39,Other injury,Bicyclists
T20150025512,12/7/2015,18:00:00,1,Collision with vehicle,2,Monday,163,VEHICLE STRIKES DOOR OF PARKED/STATIONARY VEHICLE,1,299195,2,0,0,1,2,3,2,5,Not at intersection,3,60,Arterial Other,30-39,Other injury,Bicyclists
T20150025558,12/9/2015,19:12:00,1,Collision with vehicle,4,Wednesday,147,VEHICLE STRIKES ANOTHER VEH WHILE EMERGING FROM DRIVEWAY,2,299398,2,0,0,1,1,2,1,5,Not at intersection,3,999,Arterial Other,22-25,Other injury,Bicyclists
T20150025560,12/9/2015,15:03:00,1,Collision with vehicle,4,Wednesday,133,LANE SIDE SWIPE (VEHICLES IN PARALLEL LANES),1,297310,2,0,0,1,1,2,1,5,Not at intersection,3,60,Arterial Other,40-49,Other injury,Bicyclists
T20150025561,12/9/2015,16:11:00,1,Collision with vehicle,4,Wednesday,121,RIGHT THROUGH,1,41094,2,0,1,0,1,2,1,2,T intersection,2,60,Arterial Other,40-49,Serious injury,Bicyclists
T20150025601,12/10/2015,12:00:00,1,Collision with vehicle,5,Thursday,112,LEFT FAR (INTERSECTIONS ONLY),1,29722,3,0,1,0,2,3,1,2,T intersection,2,60,Local Road,40-49,Serious injury,Bicyclists
T20150025605,12/9/2015,17:00:00,1,Collision with vehicle,4,Wednesday,163,VEHICLE STRIKES DOOR OF PARKED/STATIONARY VEHICLE,2,228117,2,0,0,1,1,2,2,5,Not at intersection,3,999,Local Road,26-29,Other injury,Bicyclists
T20150025616,12/10/2015,13:30:00,1,Collision with vehicle,5,Thursday,110,CROSS TRAFFIC(INTERSECTIONS ONLY),1,49658,2,0,0,1,1,2,1,1,Cross intersection,3,50,Local Road,60-64,Other injury,Bicyclists
T20150025621,12/10/2015,10:00:00,1,Collision with vehicle,4,Thursday,163,VEHICLE STRIKES DOOR OF PARKED/STATIONARY VEHICLE,1,297180,2,0,0,1,1,2,2,5,Not at intersection,3,60,Arterial Other,22-25,Other injury,Bicyclists
T20150025645,12/9/2015,7:45:00,1,Collision with vehicle,4,Wednesday,137,LEFT TURN SIDESWIPE,1,297221,2,0,1,0,1,2,2,5,Not at intersection,2,60,Arterial Other,26-29,Serious injury,Bicyclists
T20150025650,12/10/2015,18:10:00,1,Collision with vehicle,4,Thursday,130,REAR END(VEHICLES IN SAME LANE),1,297346,2,0,0,1,1,2,2,5,Not at intersection,3,40,Local Road,30-39,Other injury,Bicyclists
T20150025674,12/3/2015,17:44:00,1,Collision with vehicle,5,Thursday,116,LEFT NEAR (INTERSECTIONS ONLY),1,37445,2,0,1,0,1,2,1,4,Multiple intersection,2,60,Local Road,40-49,Serious injury,Bicyclists