ACCIDENT_NO,ACCIDENT_DATE,ACCIDENT_TIME,ACCIDENT_TYPE,ACCIDENT_TYPE_DESC,DAY_OF_WEEK,DAY_WEEK_DESC,DCA_CODE,DCA_DESC,LIGHT_CONDITION,NODE_ID,NO_OF_VEHICLES,NO_PERSONS_KILLED,NO_PERSONS_INJ_2,NO_PERSONS_INJ_3,NO_PERSONS_NOT_INJ,NO_PERSONS,POLICE_ATTEND,ROAD_GEOMETRY,ROAD_GEOMETRY_DESC,SEVERITY,SPEED_ZONE,RMA,AGE_GROUP,INJ_LEVEL,ROAD_USER_TYPE_DESC
T20150025676,12/10/2015,13:20:00,1,Collision with vehicle,5,Thursday,110,CROSS TRAFFIC(INTERSECTIONS ONLY),1,37619,2,0,0,2,0,2,1,1,Cross intersection,3,40,Arterial Other,22-25,Other injury,Bicyclists
T20150025692,12/10/2015,17:45:00,1,Collision with vehicle,5,Thursday,142,LEAVING PARKING,1,298233,2,0,0,1,1,2,2,5,Not at intersection,3,60,Arterial Other,22-25,Other injury,Bicyclists
T20150025706,12/11/2015,12:58:00,1,Collision with vehicle,6,Friday,116,LEFT NEAR (INTERSECTIONS ONLY),1,46660,2,0,0,1,1,2,1,2,T intersection,3,80,Uknown,26-29,Other injury,Bicyclists
T20150025732,12/11/2015,17:43:00,1,Collision with vehicle,6,Friday,121,RIGHT THROUGH,1,45656,2,0,0,1,1,2,2,1,Cross intersection,3,40,Arterial Other,26-29,Other injury,Bicyclists
T20150025774,12/11/2015,9:15:00,1,Collision with vehicle,5,Friday,112,LEFT FAR (INTERSECTIONS ONLY),1,60287,2,0,0,1,1,2,2,2,T intersection,3,50,Arterial Other,16-17,Other injury,Bicyclists
T20150025777,12/9/2015,17:20:00,1,Collision with vehicle,4,Wednesday,163,VEHICLE STRIKES DOOR OF PARKED/STATIONARY VEHICLE,1,297347,2,0,0,1,2,3,2,5,Not at intersection,3,40,Local Road,40-49,Other injury,Bicyclists
T20150025795,12/12/2015,13:40:00,6,Vehicle overturned (no collision),7,Saturday,170,OFF CARRIAGEWAY TO LEFT,1,297377,2,0,0,1,1,2,1,5,Not at intersection,3,100,Local Road,22-25,Other injury,Bicyclists
T20150025802,12/12/2015,16:00:00,1,Collision with vehicle,6,Saturday,147,VEHICLE STRIKES ANOTHER VEH WHILE EMERGING FROM DRIVEWAY,1,297247,2,0,1,0,1,2,2,5,Not at intersection,2,999,Arterial Other,70+,Serious injury,Bicyclists
T20150025850,12/13/2015,9:30:00,1,Collision with vehicle,1,Sunday,116,LEFT NEAR (INTERSECTIONS ONLY),1,36963,2,0,0,1,1,2,1,1,Cross intersection,3,50,Local Road,30-39,Other injury,Bicyclists
T20150025854,12/13/2015,11:40:00,1,Collision with vehicle,1,Sunday,121,RIGHT THROUGH,1,32015,3,0,2,1,4,7,1,1,Cross intersection,2,70,Arterial Highway,30-39,Serious injury,Bicyclists
T20150025868,12/13/2015,16:15:00,1,Collision with vehicle,1,Sunday,111,RIGHT FAR (INTERSECTIONS ONLY),1,297257,2,0,0,2,0,2,1,3,Y intersection,3,60,Local Road,13-15,Other injury,Bicyclists
T20150025877,11/30/2015,12:45:00,1,Collision with vehicle,2,Monday,163,VEHICLE STRIKES DOOR OF PARKED/STATIONARY VEHICLE,1,304092,2,0,0,1,1,2,2,5,Not at intersection,3,40,Arterial Other,22-25,Other injury,Bicyclists
T20150025894,12/11/2015,10:55:00,1,Collision with vehicle,6,Friday,121,RIGHT THROUGH,1,300841,2,0,0,1,1,2,2,5,Not at intersection,3,40,Local Road,16-17,Other injury,Bicyclists
T20150025896,12/13/2015,9:00:00,1,Collision with vehicle,1,Sunday,130,REAR END(VEHICLES IN SAME LANE),1,297345,2,0,1,0,1,2,2,5,Not at intersection,2,50,Arterial Other,40-49,Serious injury,Bicyclists
T20150025903,7/2/2015,16:00:00,1,Collision with vehicle,4,Thursday,163,VEHICLE STRIKES DOOR OF PARKED/STATIONARY VEHICLE,2,36,2,0,1,0,0,1,2,1,Cross intersection,2,60,Arterial Other,30-39,Serious injury,Bicyclists
T20150025911,12/13/2015,19:10:00,1,Collision with vehicle,1,Sunday,110,CROSS TRAFFIC(INTERSECTIONS ONLY),2,49365,2,0,0,1,1,2,2,1,Cross intersection,3,60,Uknown,60-64,Other injury,Bicyclists
T20150025930,12/14/2015,14:00:00,1,Collision with vehicle,2,Monday,110,CROSS TRAFFIC(INTERSECTIONS ONLY),1,37556,2,0,0,1,1,2,1,1,Cross intersection,3,50,Local Road,30-39,Other injury,Bicyclists
T20150025934,12/14/2015,12:45:00,1,Collision with vehicle,2,Monday,143,ENTERING PARKING,1,297306,2,0,0,1,1,2,1,5,Not at intersection,3,40,Local Road,30-39,Other injury,Bicyclists
T20150025945,10/2/2015,9:42:00,1,Collision with vehicle,5,Friday,130,REAR END(VEHICLES IN SAME LANE),1,60637,2,0,0,1,0,1,2,2,T intersection,3,80,Arterial Other,50-59,Other injury,Bicyclists
T20150025950,9/25/2015,22:00:00,1,Collision with vehicle,6,Friday,130,REAR END(VEHICLES IN SAME LANE),3,297308,3,0,1,0,0,1,2,2,T intersection,2,50,Local Road,40-49,Serious injury,Bicyclists
T20150025961,11/2/2015,15:30:00,8,No collision and no object struck,2,Monday,174,OUT OF CONTROL ON CARRIAGEWAY (ON STRAIGHT),1,63710,2,0,0,1,1,2,2,2,T intersection,3,60,Arterial Other,50-59,Other injury,Bicyclists
T20150025968,12/14/2015,19:10:00,1,Collision with vehicle,2,Monday,113,RIGHT NEAR (INTERSECTIONS ONLY),2,278600,2,0,1,0,1,2,1,1,Cross intersection,2,50,Local Road,30-39,Serious injury,Bicyclists
T20150025972,12/14/2015,19:00:00,1,Collision with vehicle,2,Monday,116,LEFT NEAR (INTERSECTIONS ONLY),2,297282,2,0,1,0,1,2,1,2,T intersection,2,50,Local Road,50-59,Serious injury,Bicyclists
T20150025987,12/15/2015,8:00:00,1,Collision with vehicle,3,Tuesday,135,LANE CHANGE LEFT (NOT OVERTAKING),1,37181,2,0,1,0,1,2,1,1,Cross intersection,2,40,Arterial Other,30-39,Serious injury,Bicyclists
T20150025989,12/15/2015,8:18:00,1,Collision with vehicle,3,Tuesday,148,VEHICLE OFF FOOTPATH STRIKES VEH ON CARRIAGEWAY,1,297355,2,0,0,1,1,2,1,2,T intersection,3,999,Local Road,30-39,Other injury,Bicyclists
T20150026005,11/24/2015,18:20:00,1,Collision with vehicle,3,Tuesday,163,VEHICLE STRIKES DOOR OF PARKED/STATIONARY VEHICLE,9,37546,2,0,0,1,1,2,2,5,Not at intersection,3,40,Local Road,26-29,Other injury,Bicyclists
T20150026007,11/27/2015,17:40:00,1,Collision with vehicle,6,Friday,163,VEHICLE STRIKES DOOR OF PARKED/STATIONARY VEHICLE,1,65670,3,0,0,1,2,3,1,1,Cross intersection,3,40,Local Road,30-39,Other injury,Bicyclists
T20150026008,12/15/2015,12:10:00,2,Struck Pedestrian,2,Tuesday,105,PED WALKING AGAINST TRAFFIC.,1,297318,1,0,0,2,0,2,1,5,Not at intersection,3,40,Arterial Other,40-49,Other injury,Bicyclists
T20150026011,12/5/2015,12:00:00,1,Collision with vehicle,7,Saturday,111,RIGHT FAR (INTERSECTIONS ONLY),1,47516,2,0,1,0,1,2,2,2,T intersection,2,60,Uknown,65-69,Serious injury,Bicyclists
T20150026021,12/15/2015,9:00:00,1,Collision with vehicle,3,Tuesday,133,LANE SIDE SWIPE (VEHICLES IN PARALLEL LANES),1,37551,2,0,0,1,1,2,1,2,T intersection,3,60,Arterial Other,60-64,Other injury,Bicyclists
T20150026025,12/15/2015,7:45:00,1,Collision with vehicle,3,Tuesday,121,RIGHT THROUGH,1,37721,2,0,0,1,1,2,1,2,T intersection,3,40,Arterial Other,26-29,Other injury,Bicyclists
T20150026058,12/15/2015,17:44:00,1,Collision with vehicle,3,Tuesday,130,REAR END(VEHICLES IN SAME LANE),1,42061,2,0,0,1,1,2,1,2,T intersection,3,60,Arterial Other,30-39,Other injury,Bicyclists
T20150026059,12/14/2015,17:15:00,1,Collision with vehicle,1,Monday,140,U TURN,1,297823,2,0,0,1,0,1,2,2,T intersection,3,40,Local Road,26-29,Other injury,Bicyclists
T20150026093,12/16/2015,11:00:00,1,Collision with vehicle,4,Wednesday,163,VEHICLE STRIKES DOOR OF PARKED/STATIONARY VEHICLE,1,298196,2,0,0,1,1,2,1,5,Not at intersection,3,40,Arterial Other,Unknown,Other injury,Bicyclists
T20150026103,12/16/2015,9:44:00,1,Collision with vehicle,4,Wednesday,148,VEHICLE OFF FOOTPATH STRIKES VEH ON CARRIAGEWAY,1,45556,3,0,0,1,2,3,1,2,T intersection,3,60,Arterial Other,40-49,Other injury,Bicyclists
T20150026140,12/11/2015,8:00:00,1,Collision with vehicle,6,Friday,137,LEFT TURN SIDESWIPE,2,45628,2,0,0,1,0,1,2,1,Cross intersection,3,40,Arterial Other,26-29,Other injury,Bicyclists
T20150026142,12/16/2015,17:30:00,1,Collision with vehicle,4,Wednesday,121,RIGHT THROUGH,1,36379,2,0,1,0,1,2,1,2,T intersection,2,60,Local Road,30-39,Serious injury,Bicyclists
T20150026207,12/16/2015,15:48:00,1,Collision with vehicle,3,Wednesday,163,VEHICLE STRIKES DOOR OF PARKED/STATIONARY VEHICLE,1,297463,2,0,0,1,2,3,2,5,Not at intersection,3,40,Local Road,26-29,Other injury,Bicyclists
T20150026218,12/16/2015,7:00:00,1,Collision with vehicle,4,Wednesday,160,VEHICLE COLLIDES WITH VEHICLE PARKED ON LEFT OF ROAD,1,298924,2,0,0,1,0,1,2,5,Not at intersection,3,70,Arterial Highway,40-49,Other injury,Bicyclists
T20150026227,12/16/2015,13:45:00,1,Collision with vehicle,4,Wednesday,147,VEHICLE STRIKES ANOTHER VEH WHILE EMERGING FROM DRIVEWAY,1,297411,2,0,1,0,1,2,1,5,Not at intersection,2,50,Local Road,40-49,Serious injury,Bicyclists
T20150026235,12/17/2015,17:45:00,1,Collision with vehicle,5,Thursday,110,CROSS TRAFFIC(INTERSECTIONS ONLY),1,41413,2,0,0,1,1,2,1,1,Cross intersection,3,60,Local Road,30-39,Other injury,Bicyclists
T20150026239,12/17/2015,15:10:00,1,Collision with vehicle,4,Thursday,110,CROSS TRAFFIC(INTERSECTIONS ONLY),1,63461,2,0,0,1,1,2,2,1,Cross intersection,3,999,Uknown,30-39,Other injury,Bicyclists
T20150026246,12/17/2015,15:34:00,1,Collision with vehicle,5,Thursday,148,VEHICLE OFF FOOTPATH STRIKES VEH ON CARRIAGEWAY,1,361,2,0,1,0,1,2,1,2,T intersection,2,60,Arterial Other,70+,Serious injury,Bicyclists
T20150026261,12/18/2015,7:35:00,1,Collision with vehicle,6,Friday,111,RIGHT FAR (INTERSECTIONS ONLY),1,297410,2,0,0,1,1,2,1,2,T intersection,3,50,Local Road,30-39,Other injury,Bicyclists
T20150026263,12/2/2015,8:25:00,1,Collision with vehicle,4,Wednesday,198,OTHER ACCIDENTS NOT CLASSIFIABLE ELSEWHERE,1,297497,2,0,1,0,1,2,1,5,Not at intersection,2,50,Local Road,30-39,Serious injury,Bicyclists
T20150026288,12/17/2015,17:30:00,1,Collision with vehicle,5,Thursday,135,LANE CHANGE LEFT (NOT OVERTAKING),1,297583,2,0,0,1,1,2,2,5,Not at intersection,3,60,Arterial Other,50-59,Other injury,Bicyclists
T20150026301,12/18/2015,8:00:00,1,Collision with vehicle,6,Friday,121,RIGHT THROUGH,1,41188,2,0,1,0,1,2,1,2,T intersection,2,40,Arterial Other,50-59,Serious injury,Bicyclists
T20150026323,12/16/2015,16:25:00,1,Collision with vehicle,4,Wednesday,110,CROSS TRAFFIC(INTERSECTIONS ONLY),1,37984,2,0,0,1,1,2,1,1,Cross intersection,3,50,Local Road,30-39,Other injury,Bicyclists
T20150026336,12/18/2015,16:10:00,1,Collision with vehicle,6,Friday,110,CROSS TRAFFIC(INTERSECTIONS ONLY),1,299567,2,0,1,0,1,2,2,1,Cross intersection,2,50,Uknown,22-25,Serious injury,Bicyclists
T20150026367,12/19/2015,0:12:00,4,Collision with a fixed object,7,Saturday,171,LEFT OFF CARRIAGEWAY INTO OBJECT/PARKED VEHICLE,3,297451,1,0,1,0,0,1,1,5,Not at intersection,2,60,Arterial Highway,40-49,Serious injury,Bicyclists
T20150026379,12/15/2015,18:30:00,1,Collision with vehicle,3,Tuesday,121,RIGHT THROUGH,1,66231,2,0,0,1,1,2,2,2,T intersection,3,60,Arterial Other,50-59,Other injury,Bicyclists
T20150026409,12/18/2015,22:00:00,9,Other accident,6,Friday,198,OTHER ACCIDENTS NOT CLASSIFIABLE ELSEWHERE,3,299377,1,0,1,0,0,1,2,5,Not at intersection,2,999,Local Road,40-49,Serious injury,Bicyclists
T20150026413,12/7/2015,1:00:00,1,Collision with vehicle,2,Monday,137,LEFT TURN SIDESWIPE,3,29380,2,0,0,1,0,1,2,1,Cross intersection,3,60,Local Road,30-39,Other injury,Bicyclists
T20150026530,12/21/2015,14:33:00,1,Collision with vehicle,1,Monday,148,VEHICLE OFF FOOTPATH STRIKES VEH ON CARRIAGEWAY,1,300112,2,0,1,0,1,2,9,5,Not at intersection,2,60,Local Road,13-15,Serious injury,Bicyclists
T20150026550,12/21/2015,16:45:00,1,Collision with vehicle,2,Monday,160,VEHICLE COLLIDES WITH VEHICLE PARKED ON LEFT OF ROAD,1,299797,2,0,1,0,0,1,2,5,Not at intersection,2,40,Arterial Other,13-15,Serious injury,Bicyclists
T20150026573,12/9/2015,8:20:00,8,No collision and no object struck,4,Wednesday,174,OUT OF CONTROL ON CARRIAGEWAY (ON STRAIGHT),9,36858,2,0,0,1,0,1,2,1,Cross intersection,3,40,Arterial Other,40-49,Other injury,Bicyclists
T20150026576,12/22/2015,9:05:00,1,Collision with vehicle,3,Tuesday,137,LEFT TURN SIDESWIPE,1,36536,2,0,0,1,2,3,1,1,Cross intersection,3,40,Arterial Other,26-29,Other injury,Bicyclists
T20150026607,12/19/2015,6:44:00,5,collision with some other object,7,Saturday,166,STRUCK OBJECT ON CARRIAGEWAY,2,297686,1,0,1,0,0,1,1,5,Not at intersection,2,100,Uknown,40-49,Serious injury,Bicyclists
T20150026618,12/22/2015,15:45:00,1,Collision with vehicle,3,Tuesday,163,VEHICLE STRIKES DOOR OF PARKED/STATIONARY VEHICLE,1,297584,2,0,0,1,1,2,1,5,Not at intersection,3,60,Arterial Other,30-39,Other injury,Bicyclists
T20150026632,12/22/2015,7:45:00,1,Collision with vehicle,3,Tuesday,113,RIGHT NEAR (INTERSECTIONS ONLY),2,29643,2,0,0,1,0,1,2,4,Multiple intersection,3,60,Arterial Other,30-39,Other injury,Bicyclists
T20150026641,12/22/2015,19:44:00,1,Collision with vehicle,3,Tuesday,116,LEFT NEAR (INTERSECTIONS ONLY),2,36602,3,0,1,0,2,3,1,2,T intersection,2,80,Arterial Other,40-49,Serious injury,Bicyclists
T20150026691,12/22/2015,7:15:00,1,Collision with vehicle,3,Tuesday,137,LEFT TURN SIDESWIPE,1,36772,2,0,0,1,0,1,2,2,T intersection,3,60,Arterial Other,30-39,Other injury,Bicyclists
T20150026699,12/21/2015,8:30:00,1,Collision with vehicle,1,Monday,160,VEHICLE COLLIDES WITH VEHICLE PARKED ON LEFT OF ROAD,1,299875,3,0,1,0,0,1,2,5,Not at intersection,2,999,Local Road,40-49,Serious injury,Bicyclists
T20150026711,12/23/2015,16:03:00,1,Collision with vehicle,4,Wednesday,148,VEHICLE OFF FOOTPATH STRIKES VEH ON CARRIAGEWAY,1,306524,2,0,1,0,1,2,1,5,Not at intersection,2,60,Arterial Other,70+,Serious injury,Bicyclists
T20150026713,12/23/2015,16:35:00,1,Collision with vehicle,3,Wednesday,121,RIGHT THROUGH,1,36999,2,0,0,1,2,3,1,1,Cross intersection,3,40,Local Road,30-39,Other injury,Bicyclists
T20150026718,12/23/2015,17:45:00,1,Collision with vehicle,4,Wednesday,133,LANE SIDE SWIPE (VEHICLES IN PARALLEL LANES),1,298905,2,0,0,1,0,1,2,5,Not at intersection,3,60,Local Road,30-39,Other injury,Bicyclists
T20150026724,12/23/2015,17:29:00,1,Collision with vehicle,4,Wednesday,148,VEHICLE OFF FOOTPATH STRIKES VEH ON CARRIAGEWAY,1,298076,2,0,0,1,1,2,1,5,Not at intersection,3,60,Local Road,13-15,Other injury,Bicyclists
T20150026741,12/24/2015,0:30:00,1,Collision with vehicle,4,Thursday,160,VEHICLE COLLIDES WITH VEHICLE PARKED ON LEFT OF ROAD,3,36644,2,0,0,1,0,1,1,2,T intersection,3,50,Arterial Other,22-25,Other injury,Bicyclists
T20150026751,11/30/2015,16:00:00,8,No collision and no object struck,2,Monday,199,UNKNOWN-NO DETAILS ON MANOEUVRES OF ROAD-USERS IN ACCIDENT,1,298266,1,0,1,0,0,1,9,5,Not at intersection,2,999,Arterial Other,50-59,Serious injury,Bicyclists
T20150026753,12/24/2015,6:54:00,1,Collision with vehicle,4,Thursday,160,VEHICLE COLLIDES WITH VEHICLE PARKED ON LEFT OF ROAD,2,297653,2,0,1,0,0,1,1,5,Not at intersection,2,60,Arterial Other,40-49,Serious injury,Bicyclists
T20150026754,12/24/2015,8:15:00,1,Collision with vehicle,5,Thursday,110,CROSS TRAFFIC(INTERSECTIONS ONLY),1,39978,2,0,0,1,1,2,1,1,Cross intersection,3,60,Local Road,40-49,Other injury,Bicyclists
T20150026776,12/24/2015,8:15:00,1,Collision with vehicle,5,Thursday,122,LEFT THROUGH,1,29588,2,0,0,1,1,2,2,1,Cross intersection,3,40,Arterial Other,30-39,Other injury,Bicyclists
T20150026784,12/24/2015,9:45:00,1,Collision with vehicle,5,Thursday,113,RIGHT NEAR (INTERSECTIONS ONLY),1,61949,2,0,0,1,1,2,2,2,T intersection,3,50,Local Road,40-49,Other injury,Bicyclists
T20150026785,9/28/2015,6:30:00,1,Collision with vehicle,2,Monday,110,CROSS TRAFFIC(INTERSECTIONS ONLY),2,59676,2,0,0,1,0,1,2,1,Cross intersection,3,60,Local Road,22-25,Other injury,Bicyclists
T20150026815,12/22/2015,15:20:00,1,Collision with vehicle,2,Tuesday,130,REAR END(VEHICLES IN SAME LANE),1,36889,2,0,1,0,1,2,2,1,Cross intersection,2,50,Local Road,30-39,Serious injury,Bicyclists
T20150026885,12/22/2015,13:00:00,1,Collision with vehicle,3,Tuesday,132,RIGHT REAR.,1,44230,2,0,1,0,0,1,2,1,Cross intersection,2,60,Uknown,30-39,Serious injury,Bicyclists
T20150026956,12/24/2015,14:00:00,1,Collision with vehicle,5,Thursday,163,VEHICLE STRIKES DOOR OF PARKED/STATIONARY VEHICLE,1,302776,2,0,0,1,1,2,2,5,Not at intersection,3,50,Local Road,22-25,Other injury,Bicyclists
T20150026977,12/27/2015,16:10:00,1,Collision with vehicle,1,Sunday,116,LEFT NEAR (INTERSECTIONS ONLY),1,29425,2,0,1,0,1,2,1,1,Cross intersection,2,60,Arterial Highway,30-39,Serious injury,Bicyclists
T20150027000,12/28/2015,9:50:00,1,Collision with vehicle,2,Monday,130,REAR END(VEHICLES IN SAME LANE),1,304823,2,0,0,1,2,3,2,5,Not at intersection,3,50,Local Road,50-59,Other injury,Bicyclists
T20150027007,12/28/2015,13:30:00,1,Collision with vehicle,2,Monday,121,RIGHT THROUGH,1,43436,2,0,1,0,5,6,1,2,T intersection,2,60,Arterial Highway,22-25,Serious injury,Bicyclists
T20150027021,12/16/2015,15:00:00,1,Collision with vehicle,4,Wednesday,160,VEHICLE COLLIDES WITH VEHICLE PARKED ON LEFT OF ROAD,1,297818,2,0,1,0,0,1,2,5,Not at intersection,2,50,Local Road,16-17,Serious injury,Bicyclists
T20150027031,12/28/2015,13:30:00,1,Collision with vehicle,1,Monday,143,ENTERING PARKING,1,586,2,0,1,0,1,2,2,1,Cross intersection,2,40,Arterial Other,30-39,Serious injury,Bicyclists
T20150027035,12/28/2015,17:00:00,1,Collision with vehicle,2,Monday,147,VEHICLE STRIKES ANOTHER VEH WHILE EMERGING FROM DRIVEWAY,1,297960,2,0,0,1,0,1,2,5,Not at intersection,3,50,Local Road,45424,Other injury,Bicyclists
T20150027064,12/29/2015,9:50:00,8,No collision and no object struck,3,Tuesday,174,OUT OF CONTROL ON CARRIAGEWAY (ON STRAIGHT),1,297907,1,0,1,0,0,1,1,5,Not at intersection,2,60,Arterial Highway,30-39,Serious injury,Bicyclists
T20150027065,12/22/2015,14:20:00,1,Collision with vehicle,3,Tuesday,121,RIGHT THROUGH,1,37816,2,0,0,1,1,2,1,1,Cross intersection,3,60,Arterial Other,30-39,Other injury,Bicyclists
T20150027066,12/29/2015,9:10:00,1,Collision with vehicle,3,Tuesday,110,CROSS TRAFFIC(INTERSECTIONS ONLY),1,61041,2,0,0,1,1,2,1,1,Cross intersection,3,60,Uknown,50-59,Other injury,Bicyclists
T20150027068,12/19/2015,9:00:00,1,Collision with vehicle,6,Saturday,113,RIGHT NEAR (INTERSECTIONS ONLY),1,43303,2,0,0,1,1,2,2,2,T intersection,3,60,Local Road,50-59,Other injury,Bicyclists
T20150027085,12/29/2015,12:30:00,1,Collision with vehicle,3,Tuesday,113,RIGHT NEAR (INTERSECTIONS ONLY),1,29730,3,0,1,0,2,3,1,2,T intersection,2,70,Uknown,30-39,Not injured,Bicyclists
T20150027086,12/4/2015,6:45:00,1,Collision with vehicle,6,Friday,110,CROSS TRAFFIC(INTERSECTIONS ONLY),2,297830,2,0,0,1,1,2,2,4,Multiple intersection,3,50,Local Road,50-59,Other injury,Bicyclists
T20150027090,12/29/2015,14:10:00,1,Collision with vehicle,2,Tuesday,110,CROSS TRAFFIC(INTERSECTIONS ONLY),1,41086,2,0,0,1,1,2,2,1,Cross intersection,3,50,Local Road,50-59,Other injury,Bicyclists
T20150027116,12/29/2015,5:07:00,1,Collision with vehicle,2,Tuesday,137,LEFT TURN SIDESWIPE,2,289043,2,0,0,1,1,2,2,1,Cross intersection,3,60,Arterial Other,22-25,Other injury,Bicyclists
T20150027126,12/6/2015,18:05:00,1,Collision with vehicle,1,Sunday,147,VEHICLE STRIKES ANOTHER VEH WHILE EMERGING FROM DRIVEWAY,1,297858,2,0,1,0,1,2,1,5,Not at intersection,2,777,Local Road,40-49,Serious injury,Bicyclists
T20150027136,12/30/2015,9:50:00,8,No collision and no object struck,4,Wednesday,174,OUT OF CONTROL ON CARRIAGEWAY (ON STRAIGHT),1,297955,2,0,0,1,2,3,1,5,Not at intersection,3,80,Local Road,30-39,Other injury,Bicyclists
T20150027150,12/30/2015,11:45:00,1,Collision with vehicle,4,Wednesday,152,PULLING OUT (OVERTAKING),1,299333,2,0,1,0,2,3,1,5,Not at intersection,2,80,Arterial Other,65-69,Serious injury,Bicyclists
T20150027155,12/22/2015,5:50:00,8,No collision and no object struck,3,Tuesday,174,OUT OF CONTROL ON CARRIAGEWAY (ON STRAIGHT),2,297911,1,0,0,1,0,1,2,5,Not at intersection,3,60,Arterial Other,30-39,Other injury,Bicyclists
T20150027235,12/30/2015,16:15:00,8,No collision and no object struck,4,Wednesday,174,OUT OF CONTROL ON CARRIAGEWAY (ON STRAIGHT),1,37349,1,0,0,1,0,1,1,2,T intersection,3,40,Arterial Other,26-29,Other injury,Bicyclists
T20160000032,12/31/2015,13:10:00,1,Collision with vehicle,5,Thursday,121,RIGHT THROUGH,1,49665,2,0,1,0,1,2,1,2,T intersection,2,60,Local Road,40-49,Serious injury,Bicyclists
T20160000101,1/2/2016,9:10:00,1,Collision with vehicle,7,Saturday,153,CUTTING IN (OVERTAKING),1,298263,2,0,1,0,1,2,1,5,Not at intersection,2,60,Arterial Other,40-49,Serious injury,Bicyclists
T20160000113,1/2/2016,17:15:00,1,Collision with vehicle,7,Saturday,171,LEFT OFF CARRIAGEWAY INTO OBJECT/PARKED VEHICLE,1,300821,2,0,0,1,0,1,1,5,Not at intersection,3,60,Arterial Other,40-49,Other injury,Bicyclists
T20160000135,1/2/2016,14:00:00,1,Collision with vehicle,7,Saturday,135,LANE CHANGE LEFT (NOT OVERTAKING),1,94781,2,0,1,0,1,2,2,5,Not at intersection,2,60,Local Road,40-49,Serious injury,Bicyclists
T20160000140,1/3/2016,9:20:00,1,Collision with vehicle,1,Sunday,137,LEFT TURN SIDESWIPE,1,297984,3,0,0,2,1,3,1,5,Not at intersection,3,60,Local Road,65-69,Other injury,Bicyclists
T20160000149,12/15/2015,7:45:00,8,No collision and no object struck,3,Tuesday,174,OUT OF CONTROL ON CARRIAGEWAY (ON STRAIGHT),1,46651,1,0,1,0,0,1,2,1,Cross intersection,2,50,Arterial Other,30-39,Serious injury,Bicyclists
T20160000174,1/3/2016,8:45:00,1,Collision with vehicle,1,Sunday,133,LANE SIDE SWIPE (VEHICLES IN PARALLEL LANES),1,298219,2,0,0,1,1,2,2,5,Not at intersection,3,50,Local Road,50-59,Other injury,Bicyclists
T20160000202,1/3/2016,12:39:00,8,No collision and no object struck,1,Sunday,174,OUT OF CONTROL ON CARRIAGEWAY (ON STRAIGHT),1,298484,1,0,1,0,0,1,1,2,T intersection,2,70,Arterial Highway,70+,Serious injury,Bicyclists
T20160000211,1/4/2016,12:15:00,6,Vehicle overturned (no collision),2,Monday,179,OTHER ACCIDENTS-OFF STRAIGHT NOT INCLUDED IN DCAs 170-175,1,299134,1,0,0,1,0,1,1,5,Not at intersection,3,60,Arterial Other,40-49,Other injury,Bicyclists
T20160000224,12/29/2015,20:10:00,8,No collision and no object struck,3,Tuesday,174,OUT OF CONTROL ON CARRIAGEWAY (ON STRAIGHT),9,299386,2,0,1,0,0,1,2,4,Multiple intersection,2,60,Arterial Highway,30-39,Serious injury,Bicyclists
T20160000227,1/4/2016,10:56:00,6,Vehicle overturned (no collision),2,Monday,174,OUT OF CONTROL ON CARRIAGEWAY (ON STRAIGHT),1,299575,2,0,0,1,0,1,1,5,Not at intersection,3,40,Local Road,40-49,Other injury,Bicyclists
T20160000259,12/9/2015,18:00:00,1,Collision with vehicle,4,Wednesday,163,VEHICLE STRIKES DOOR OF PARKED/STATIONARY VEHICLE,1,298195,2,0,1,0,0,1,2,5,Not at intersection,2,50,Local Road,70+,Serious injury,Bicyclists
T20160000272,1/4/2016,15:25:00,1,Collision with vehicle,2,Monday,160,VEHICLE COLLIDES WITH VEHICLE PARKED ON LEFT OF ROAD,1,298893,3,0,0,2,0,2,1,5,Not at intersection,3,40,Local Road,30-39,Other injury,Bicyclists
T20160000275,1/5/2016,9:10:00,1,Collision with vehicle,3,Tuesday,137,LEFT TURN SIDESWIPE,1,29588,2,0,0,1,4,5,1,1,Cross intersection,3,40,Arterial Other,50-59,Other injury,Bicyclists
T20160000288,1/5/2016,11:45:00,1,Collision with vehicle,3,Tuesday,137,LEFT TURN SIDESWIPE,1,33662,2,0,0,1,1,2,2,2,T intersection,3,60,Arterial Highway,30-39,Other injury,Bicyclists
T20160000291,1/5/2016,13:38:00,8,No collision and no object struck,3,Tuesday,184,OUT OF CONTROL ON CARRIAGEWAY (ON BEND),1,298102,2,0,1,0,0,1,2,5,Not at intersection,2,999,Local Road,26-29,Serious injury,Bicyclists
T20160000300,1/5/2016,15:45:00,1,Collision with vehicle,3,Tuesday,121,RIGHT THROUGH,1,39714,2,0,0,1,5,6,1,2,T intersection,3,70,Arterial Other,40-49,Other injury,Bicyclists
T20160000338,1/6/2016,9:48:00,1,Collision with vehicle,4,Wednesday,121,RIGHT THROUGH,1,298149,2,0,0,1,1,2,1,1,Cross intersection,3,999,Uknown,45424,Other injury,Bicyclists
T20160000370,1/6/2016,13:30:00,1,Collision with vehicle,4,Wednesday,160,VEHICLE COLLIDES WITH VEHICLE PARKED ON LEFT OF ROAD,1,298211,2,0,0,1,0,1,1,5,Not at intersection,3,50,Uknown,22-25,Other injury,Bicyclists