ACCIDENT_NO,ACCIDENT_DATE,ACCIDENT_TIME,ACCIDENT_TYPE,ACCIDENT_TYPE_DESC,DAY_OF_WEEK,DAY_WEEK_DESC,DCA_CODE,DCA_DESC,LIGHT_CONDITION,NODE_ID,NO_OF_VEHICLES,NO_PERSONS_KILLED,NO_PERSONS_INJ_2,NO_PERSONS_INJ_3,NO_PERSONS_NOT_INJ,NO_PERSONS,POLICE_ATTEND,ROAD_GEOMETRY,ROAD_GEOMETRY_DESC,SEVERITY,SPEED_ZONE,RMA,AGE_GROUP,INJ_LEVEL,ROAD_USER_TYPE_DESC
T20160000372,1/6/2016,16:15:00,1,Collision with vehicle,4,Wednesday,110,CROSS TRAFFIC(INTERSECTIONS ONLY),1,41332,2,0,0,1,1,2,1,1,Cross intersection,3,60,Local Road,70+,Other injury,Bicyclists
T20160000382,1/6/2016,18:32:00,1,Collision with vehicle,4,Wednesday,121,RIGHT THROUGH,1,29405,2,0,1,0,1,2,1,1,Cross intersection,2,40,Local Road,30-39,Serious injury,Bicyclists
T20160000404,11/16/2015,16:00:00,1,Collision with vehicle,2,Monday,148,VEHICLE OFF FOOTPATH STRIKES VEH ON CARRIAGEWAY,1,54444,2,0,0,1,1,2,1,2,T intersection,3,60,Arterial Other,13-15,Other injury,Bicyclists
T20160000420,1/4/2016,17:14:00,1,Collision with vehicle,2,Monday,130,REAR END(VEHICLES IN SAME LANE),1,300454,2,0,1,0,1,2,2,5,Not at intersection,2,999,Arterial Other,40-49,Serious injury,Bicyclists
T20160000427,1/7/2016,10:00:00,1,Collision with vehicle,5,Thursday,133,LANE SIDE SWIPE (VEHICLES IN PARALLEL LANES),1,298243,2,0,1,0,1,2,1,5,Not at intersection,2,50,Arterial Other,50-59,Serious injury,Bicyclists
T20160000430,1/7/2016,8:10:00,1,Collision with vehicle,5,Thursday,140,U TURN,1,298217,2,0,0,1,1,2,1,5,Not at intersection,3,60,Arterial Other,30-39,Other injury,Bicyclists
T20160000449,1/7/2016,18:20:00,1,Collision with vehicle,5,Thursday,121,RIGHT THROUGH,1,36828,2,0,0,1,1,2,1,2,T intersection,3,40,Arterial Other,30-39,Other injury,Bicyclists
T20160000452,1/7/2016,14:45:00,1,Collision with vehicle,5,Thursday,113,RIGHT NEAR (INTERSECTIONS ONLY),1,70738,2,0,1,0,1,2,1,1,Cross intersection,2,60,Arterial Highway,18-21,Serious injury,Bicyclists
T20160000466,12/23/2015,10:00:00,1,Collision with vehicle,4,Wednesday,143,ENTERING PARKING,1,298362,2,0,1,0,1,2,1,5,Not at intersection,2,40,Local Road,50-59,Serious injury,Bicyclists
T20160000488,1/8/2016,8:22:00,1,Collision with vehicle,6,Friday,130,REAR END(VEHICLES IN SAME LANE),1,300612,2,0,1,0,1,2,1,5,Not at intersection,2,100,Uknown,50-59,Serious injury,Bicyclists
T20160000493,1/5/2016,17:30:00,1,Collision with vehicle,2,Tuesday,137,LEFT TURN SIDESWIPE,1,41159,2,0,0,1,2,3,2,1,Cross intersection,3,60,Arterial Other,40-49,Other injury,Bicyclists
T20160000501,1/8/2016,10:35:00,1,Collision with vehicle,5,Friday,160,VEHICLE COLLIDES WITH VEHICLE PARKED ON LEFT OF ROAD,1,298253,2,0,0,1,0,1,1,5,Not at intersection,3,50,Local Road,40-49,Other injury,Bicyclists
T20160000506,12/17/2015,21:30:00,1,Collision with vehicle,5,Thursday,133,LANE SIDE SWIPE (VEHICLES IN PARALLEL LANES),9,303581,2,0,0,1,1,2,2,5,Not at intersection,3,50,Local Road,26-29,Other injury,Bicyclists
T20160000541,1/6/2016,11:30:00,1,Collision with vehicle,4,Wednesday,143,ENTERING PARKING,1,298256,2,0,0,1,0,1,2,5,Not at intersection,3,999,Local Road,18-21,Other injury,Bicyclists
T20160000542,1/8/2016,17:42:00,1,Collision with vehicle,6,Friday,110,CROSS TRAFFIC(INTERSECTIONS ONLY),1,60932,2,0,1,0,1,2,1,1,Cross intersection,2,50,Local Road,40-49,Serious injury,Bicyclists
T20160000555,1/8/2016,6:15:00,1,Collision with vehicle,6,Friday,113,RIGHT NEAR (INTERSECTIONS ONLY),2,592,2,0,0,1,1,2,2,2,T intersection,3,50,Arterial Other,50-59,Other injury,Bicyclists
T20160000572,1/9/2016,10:00:00,1,Collision with vehicle,7,Saturday,137,LEFT TURN SIDESWIPE,1,35358,2,0,0,1,1,2,2,1,Cross intersection,3,999,Local Road,26-29,Other injury,Bicyclists
T20160000586,12/31/2015,7:35:00,1,Collision with vehicle,5,Thursday,143,ENTERING PARKING,1,303819,2,0,0,1,1,2,2,5,Not at intersection,3,999,Local Road,40-49,Other injury,Bicyclists
T20160000610,1/1/2016,15:38:00,1,Collision with vehicle,6,Friday,137,LEFT TURN SIDESWIPE,1,298376,2,0,1,0,1,2,1,5,Not at intersection,2,50,Local Road,50-59,Serious injury,Bicyclists
T20160000656,1/6/2016,19:30:00,1,Collision with vehicle,3,Wednesday,130,REAR END(VEHICLES IN SAME LANE),2,298667,2,0,1,0,0,1,2,5,Not at intersection,2,50,Local Road,45424,Serious injury,Bicyclists
T20160000670,1/5/2016,7:00:00,8,No collision and no object struck,3,Tuesday,184,OUT OF CONTROL ON CARRIAGEWAY (ON BEND),1,37396,1,0,1,0,0,1,2,2,T intersection,2,30,Arterial Other,65-69,Serious injury,Bicyclists
T20160000674,1/11/2016,11:20:00,8,No collision and no object struck,2,Monday,174,OUT OF CONTROL ON CARRIAGEWAY (ON STRAIGHT),1,301077,2,0,0,1,1,2,2,5,Not at intersection,3,60,Arterial Highway,40-49,Other injury,Bicyclists
T20160000681,1/11/2016,8:45:00,1,Collision with vehicle,2,Monday,116,LEFT NEAR (INTERSECTIONS ONLY),1,41127,2,0,0,1,1,2,1,2,T intersection,3,50,Arterial Other,50-59,Other injury,Bicyclists
T20160000683,12/17/2015,8:00:00,1,Collision with vehicle,4,Thursday,121,RIGHT THROUGH,1,68223,2,0,0,1,1,2,2,2,T intersection,3,60,Arterial Other,30-39,Other injury,Bicyclists
T20160000692,12/1/2015,10:00:00,1,Collision with vehicle,3,Tuesday,130,REAR END(VEHICLES IN SAME LANE),1,298364,2,0,0,1,1,2,2,5,Not at intersection,3,60,Arterial Other,30-39,Other injury,Bicyclists
T20160000707,1/11/2016,8:30:00,8,No collision and no object struck,2,Monday,174,OUT OF CONTROL ON CARRIAGEWAY (ON STRAIGHT),1,298342,2,0,0,1,0,1,2,5,Not at intersection,3,60,Local Road,30-39,Other injury,Bicyclists
T20160000708,1/11/2016,18:12:00,8,No collision and no object struck,2,Monday,174,OUT OF CONTROL ON CARRIAGEWAY (ON STRAIGHT),1,298373,1,0,1,0,0,1,1,5,Not at intersection,2,60,Arterial Other,30-39,Serious injury,Bicyclists
T20160000719,1/11/2016,20:30:00,8,No collision and no object struck,2,Monday,174,OUT OF CONTROL ON CARRIAGEWAY (ON STRAIGHT),2,35974,1,0,0,1,0,1,1,1,Cross intersection,3,50,Local Road,40-49,Other injury,Bicyclists
T20160000738,1/12/2016,10:50:00,1,Collision with vehicle,3,Tuesday,148,VEHICLE OFF FOOTPATH STRIKES VEH ON CARRIAGEWAY,1,298392,2,0,0,1,1,2,1,1,Cross intersection,3,50,Local Road,40-49,Other injury,Bicyclists
T20160000763,1/12/2016,15:05:00,1,Collision with vehicle,3,Tuesday,110,CROSS TRAFFIC(INTERSECTIONS ONLY),1,37698,2,0,0,1,1,2,1,1,Cross intersection,3,40,Local Road,30-39,Other injury,Bicyclists
T20160000766,1/9/2016,7:36:00,8,No collision and no object struck,7,Saturday,174,OUT OF CONTROL ON CARRIAGEWAY (ON STRAIGHT),1,298662,1,0,1,0,0,1,1,5,Not at intersection,2,60,Arterial Other,40-49,Serious injury,Bicyclists
T20160000778,1/12/2016,18:30:00,1,Collision with vehicle,3,Tuesday,142,LEAVING PARKING,1,29463,3,0,0,1,2,3,1,2,T intersection,3,60,Arterial Other,26-29,Other injury,Bicyclists
T20160000797,12/19/2015,9:18:00,1,Collision with vehicle,7,Saturday,116,LEFT NEAR (INTERSECTIONS ONLY),1,233700,2,0,0,1,1,2,1,2,T intersection,3,70,Arterial Other,40-49,Other injury,Bicyclists
T20160000816,12/28/2015,6:30:00,8,No collision and no object struck,2,Monday,174,OUT OF CONTROL ON CARRIAGEWAY (ON STRAIGHT),2,128682,1,0,0,1,0,1,1,5,Not at intersection,3,999,Arterial Highway,26-29,Other injury,Bicyclists
T20160000821,1/13/2016,12:08:00,1,Collision with vehicle,4,Wednesday,163,VEHICLE STRIKES DOOR OF PARKED/STATIONARY VEHICLE,1,36111,2,0,0,1,1,2,2,1,Cross intersection,3,40,Local Road,26-29,Other injury,Bicyclists
T20160000848,1/13/2016,6:45:00,1,Collision with vehicle,4,Wednesday,160,VEHICLE COLLIDES WITH VEHICLE PARKED ON LEFT OF ROAD,1,301094,2,0,0,1,1,2,2,5,Not at intersection,3,999,Arterial Other,22-25,Other injury,Bicyclists
T20160000860,1/13/2016,8:30:00,1,Collision with vehicle,4,Wednesday,137,LEFT TURN SIDESWIPE,1,35383,2,0,0,1,0,1,2,1,Cross intersection,3,999,Arterial Other,30-39,Other injury,Bicyclists
T20160000885,1/13/2016,7:10:00,1,Collision with vehicle,4,Wednesday,121,RIGHT THROUGH,1,37271,2,0,0,1,1,2,1,1,Cross intersection,3,60,Arterial Other,30-39,Other injury,Bicyclists
T20160000889,1/14/2016,8:30:00,1,Collision with vehicle,4,Thursday,110,CROSS TRAFFIC(INTERSECTIONS ONLY),1,50006,2,0,0,1,1,2,1,1,Cross intersection,3,60,Arterial Highway,40-49,Other injury,Bicyclists
T20160000892,10/14/2015,18:30:00,1,Collision with vehicle,3,Wednesday,116,LEFT NEAR (INTERSECTIONS ONLY),2,70994,2,0,0,1,0,1,2,2,T intersection,3,50,Local Road,50-59,Other injury,Bicyclists
T20160000969,11/26/2015,16:55:00,1,Collision with vehicle,4,Thursday,130,REAR END(VEHICLES IN SAME LANE),1,51090,2,0,0,1,1,2,1,2,T intersection,3,50,Local Road,30-39,Other injury,Bicyclists
T20160000980,1/15/2016,9:45:00,1,Collision with vehicle,6,Friday,116,LEFT NEAR (INTERSECTIONS ONLY),1,43567,3,0,1,1,1,3,1,1,Cross intersection,2,80,Arterial Highway,60-64,Serious injury,Bicyclists
T20160000986,1/15/2016,11:25:00,1,Collision with vehicle,6,Friday,116,LEFT NEAR (INTERSECTIONS ONLY),1,227113,2,0,1,0,1,2,1,2,T intersection,2,80,Arterial Highway,70+,Serious injury,Bicyclists
T20160000997,1/13/2016,11:10:00,8,No collision and no object struck,4,Wednesday,174,OUT OF CONTROL ON CARRIAGEWAY (ON STRAIGHT),1,298605,1,0,0,1,0,1,2,5,Not at intersection,3,40,Local Road,30-39,Other injury,Bicyclists
T20160001005,12/11/2015,16:00:00,1,Collision with vehicle,6,Friday,147,VEHICLE STRIKES ANOTHER VEH WHILE EMERGING FROM DRIVEWAY,1,298522,2,0,1,0,0,1,2,2,T intersection,2,999,Local Road,13-15,Serious injury,Bicyclists
T20160001016,1/15/2016,14:35:00,1,Collision with vehicle,5,Friday,113,RIGHT NEAR (INTERSECTIONS ONLY),1,235307,2,0,1,0,1,2,1,1,Cross intersection,2,60,Arterial Other,30-39,Serious injury,Bicyclists
T20160001049,1/15/2016,14:50:00,1,Collision with vehicle,5,Friday,115,RIGHT/LEFT FAR (INTERSECTIONS ONLY),1,298520,2,0,0,1,4,5,1,2,T intersection,3,50,Local Road,30-39,Other injury,Bicyclists
T20160001063,1/16/2016,11:00:00,1,Collision with vehicle,7,Saturday,116,LEFT NEAR (INTERSECTIONS ONLY),1,301467,2,0,1,0,1,2,1,2,T intersection,2,60,Local Road,70+,Serious injury,Bicyclists
T20160001084,1/16/2016,16:30:00,1,Collision with vehicle,6,Saturday,147,VEHICLE STRIKES ANOTHER VEH WHILE EMERGING FROM DRIVEWAY,1,299877,2,0,1,0,1,2,2,5,Not at intersection,2,999,Arterial Other,50-59,Serious injury,Bicyclists
T20160001112,1/17/2016,9:45:00,1,Collision with vehicle,0,Sunday,163,VEHICLE STRIKES DOOR OF PARKED/STATIONARY VEHICLE,1,298557,2,0,1,0,1,2,1,5,Not at intersection,2,60,Arterial Other,26-29,Serious injury,Bicyclists
T20160001116,1/17/2016,10:50:00,1,Collision with vehicle,1,Sunday,148,VEHICLE OFF FOOTPATH STRIKES VEH ON CARRIAGEWAY,1,234963,2,0,1,0,1,2,1,1,Cross intersection,2,50,Arterial Other,50-59,Serious injury,Bicyclists
T20160001117,1/17/2016,10:40:00,1,Collision with vehicle,0,Sunday,113,RIGHT NEAR (INTERSECTIONS ONLY),1,35729,2,0,0,1,1,2,1,4,Multiple intersection,3,60,Freeway,30-39,Other injury,Bicyclists
T20160001122,1/17/2016,11:56:00,8,No collision and no object struck,1,Sunday,180,OFF CARRIAGEWAY ON RIGHT BEND,1,299018,1,0,0,1,0,1,1,5,Not at intersection,3,100,Arterial Other,40-49,Other injury,Bicyclists
T20160001128,1/16/2016,15:40:00,1,Collision with vehicle,7,Saturday,140,U TURN,1,298678,2,0,1,0,1,2,1,5,Not at intersection,2,50,Arterial Other,30-39,Serious injury,Bicyclists
T20160001158,1/11/2016,10:30:00,1,Collision with vehicle,2,Monday,113,RIGHT NEAR (INTERSECTIONS ONLY),1,298824,2,0,0,1,0,1,2,2,T intersection,3,999,Uknown,30-39,Other injury,Bicyclists
T20160001161,1/12/2016,16:00:00,1,Collision with vehicle,3,Tuesday,130,REAR END(VEHICLES IN SAME LANE),1,29447,2,0,0,1,0,1,2,1,Cross intersection,3,40,Arterial Other,26-29,Other injury,Bicyclists
T20160001168,1/6/2016,16:27:00,8,No collision and no object struck,4,Wednesday,174,OUT OF CONTROL ON CARRIAGEWAY (ON STRAIGHT),1,36017,1,0,0,1,0,1,2,1,Cross intersection,3,60,Arterial Other,30-39,Other injury,Bicyclists
T20160001177,1/18/2016,8:50:00,1,Collision with vehicle,2,Monday,136,RIGHT TURN SIDESWIPE,1,298670,2,0,1,0,2,3,1,5,Not at intersection,2,80,Local Road,70+,Serious injury,Bicyclists
T20160001183,1/6/2016,11:00:00,4,Collision with a fixed object,4,Wednesday,183,OFF LEFT BEND INTO OBJECT/PARKED VEHICLE,1,298623,1,0,0,1,0,1,2,5,Not at intersection,3,80,Arterial Other,40-49,Other injury,Bicyclists
T20160001185,12/30/2015,20:00:00,1,Collision with vehicle,4,Wednesday,133,LANE SIDE SWIPE (VEHICLES IN PARALLEL LANES),2,298631,2,0,0,1,0,1,2,5,Not at intersection,3,50,Local Road,30-39,Other injury,Bicyclists
T20160001219,1/18/2016,17:15:00,1,Collision with vehicle,2,Monday,147,VEHICLE STRIKES ANOTHER VEH WHILE EMERGING FROM DRIVEWAY,1,38815,2,0,0,1,1,2,2,2,T intersection,3,60,Arterial Other,30-39,Other injury,Bicyclists
T20160001271,1/19/2016,7:17:00,1,Collision with vehicle,3,Tuesday,130,REAR END(VEHICLES IN SAME LANE),1,300097,3,0,1,1,2,4,1,5,Not at intersection,2,60,Arterial Other,40-49,Serious injury,Bicyclists
T20160001294,1/19/2016,18:00:00,1,Collision with vehicle,3,Tuesday,148,VEHICLE OFF FOOTPATH STRIKES VEH ON CARRIAGEWAY,1,42746,2,0,0,1,1,2,1,1,Cross intersection,3,80,Arterial Highway,13-15,Other injury,Bicyclists
T20160001298,1/19/2016,17:45:00,1,Collision with vehicle,3,Tuesday,163,VEHICLE STRIKES DOOR OF PARKED/STATIONARY VEHICLE,1,299930,2,0,0,1,2,3,2,5,Not at intersection,3,60,Arterial Other,30-39,Other injury,Bicyclists
T20160001304,1/17/2016,7:52:00,1,Collision with vehicle,0,Sunday,110,CROSS TRAFFIC(INTERSECTIONS ONLY),1,39884,2,0,1,0,1,2,2,1,Cross intersection,2,60,Uknown,30-39,Serious injury,Bicyclists
T20160001343,1/19/2016,17:30:00,1,Collision with vehicle,2,Tuesday,130,REAR END(VEHICLES IN SAME LANE),1,302787,2,0,0,1,1,2,2,2,T intersection,3,50,Arterial Other,50-59,Other injury,Bicyclists
T20160001347,1/20/2016,7:30:00,1,Collision with vehicle,4,Wednesday,137,LEFT TURN SIDESWIPE,5,41360,2,1,0,0,2,3,1,2,T intersection,1,60,Arterial Highway,22-25,Fatality,Bicyclists
T20160001359,12/14/2015,15:45:00,1,Collision with vehicle,1,Monday,134,LANE CHANGE RIGHT (NOT OVERTAKING),1,298761,2,0,0,1,0,1,2,5,Not at intersection,3,50,Local Road,45424,Other injury,Bicyclists
T20160001368,1/20/2016,13:30:00,1,Collision with vehicle,4,Wednesday,133,LANE SIDE SWIPE (VEHICLES IN PARALLEL LANES),1,48667,2,0,0,1,1,2,1,2,T intersection,3,40,Arterial Other,65-69,Other injury,Bicyclists
T20160001373,1/20/2016,15:11:00,1,Collision with vehicle,4,Wednesday,148,VEHICLE OFF FOOTPATH STRIKES VEH ON CARRIAGEWAY,1,42825,2,0,0,1,1,2,1,2,T intersection,3,60,Arterial Other,30-39,Other injury,Bicyclists
T20160001385,1/20/2016,14:45:00,1,Collision with vehicle,4,Wednesday,110,CROSS TRAFFIC(INTERSECTIONS ONLY),1,36603,2,0,0,1,1,2,1,1,Cross intersection,3,40,Local Road,50-59,Other injury,Bicyclists
T20160001405,1/15/2016,18:10:00,1,Collision with vehicle,6,Friday,143,ENTERING PARKING,1,298788,2,0,0,1,1,2,1,5,Not at intersection,3,40,Local Road,30-39,Other injury,Bicyclists
T20160001421,1/21/2016,13:10:00,1,Collision with vehicle,5,Thursday,116,LEFT NEAR (INTERSECTIONS ONLY),1,29903,2,0,0,2,0,2,1,1,Cross intersection,3,60,Arterial Other,40-49,Other injury,Bicyclists
T20160001459,1/21/2016,12:55:00,1,Collision with vehicle,5,Thursday,113,RIGHT NEAR (INTERSECTIONS ONLY),1,59082,2,0,0,1,1,2,1,2,T intersection,3,50,Local Road,13-15,Other injury,Bicyclists
T20160001464,1/20/2016,7:15:00,5,collision with some other object,4,Wednesday,191,LOAD OR MISSILE STRUCK VEHICLE,1,302704,2,0,1,0,0,1,1,5,Not at intersection,2,60,Arterial Other,30-39,Serious injury,Bicyclists
T20160001513,1/22/2016,6:15:00,8,No collision and no object struck,6,Friday,174,OUT OF CONTROL ON CARRIAGEWAY (ON STRAIGHT),2,298782,2,0,1,0,0,1,2,2,T intersection,2,60,Local Road,26-29,Serious injury,Bicyclists
T20160001561,1/21/2016,18:35:00,1,Collision with vehicle,5,Thursday,111,RIGHT FAR (INTERSECTIONS ONLY),2,300740,2,0,0,1,0,1,2,2,T intersection,3,60,Arterial Other,30-39,Other injury,Bicyclists
T20160001564,1/23/2016,7:13:00,1,Collision with vehicle,7,Saturday,145,REVERSING IN STREAM OF TRAFFIC,1,298881,2,0,1,0,1,2,1,2,T intersection,2,60,Arterial Other,30-39,Serious injury,Bicyclists
T20160001580,1/23/2016,1:00:00,1,Collision with vehicle,7,Saturday,135,LANE CHANGE LEFT (NOT OVERTAKING),3,298839,2,0,1,0,0,1,9,5,Not at intersection,2,60,Arterial Other,26-29,Serious injury,Bicyclists
T20160001581,1/20/2016,16:15:00,1,Collision with vehicle,4,Wednesday,121,RIGHT THROUGH,1,41812,2,0,1,0,1,2,2,2,T intersection,2,60,Uknown,50-59,Serious injury,Bicyclists
T20160001584,1/21/2016,9:20:00,1,Collision with vehicle,5,Thursday,137,LEFT TURN SIDESWIPE,1,123473,2,0,0,1,1,2,2,2,T intersection,3,40,Arterial Other,40-49,Other injury,Bicyclists
T20160001588,1/22/2016,21:30:00,1,Collision with vehicle,6,Friday,160,VEHICLE COLLIDES WITH VEHICLE PARKED ON LEFT OF ROAD,5,299396,2,0,0,1,0,1,1,5,Not at intersection,3,50,Local Road,16-17,Other injury,Bicyclists
T20160001624,12/29/2015,12:00:00,1,Collision with vehicle,3,Tuesday,163,VEHICLE STRIKES DOOR OF PARKED/STATIONARY VEHICLE,1,298825,2,0,0,1,1,2,2,5,Not at intersection,3,60,Local Road,30-39,Other injury,Bicyclists
T20160001653,1/24/2016,13:55:00,8,No collision and no object struck,1,Sunday,174,OUT OF CONTROL ON CARRIAGEWAY (ON STRAIGHT),1,47065,2,0,1,0,0,1,1,1,Cross intersection,2,60,Uknown,60-64,Serious injury,Bicyclists
T20160001677,1/24/2016,15:13:00,1,Collision with vehicle,0,Sunday,110,CROSS TRAFFIC(INTERSECTIONS ONLY),1,51057,2,0,0,1,0,1,1,1,Cross intersection,3,50,Arterial Highway,40-49,Other injury,Bicyclists
T20160001730,1/25/2016,16:25:00,1,Collision with vehicle,2,Monday,116,LEFT NEAR (INTERSECTIONS ONLY),1,43732,2,0,1,0,1,2,1,2,T intersection,2,60,Uknown,65-69,Serious injury,Bicyclists
T20160001738,1/25/2016,18:05:00,1,Collision with vehicle,2,Monday,147,VEHICLE STRIKES ANOTHER VEH WHILE EMERGING FROM DRIVEWAY,1,298912,2,0,0,1,1,2,1,5,Not at intersection,3,60,Arterial Highway,Unknown,Other injury,Bicyclists
T20160001782,1/26/2016,10:50:00,1,Collision with vehicle,3,Tuesday,147,VEHICLE STRIKES ANOTHER VEH WHILE EMERGING FROM DRIVEWAY,1,301267,2,0,1,0,1,2,1,5,Not at intersection,2,80,Uknown,16-17,Serious injury,Bicyclists
T20160001791,1/26/2016,12:30:00,1,Collision with vehicle,3,Tuesday,147,VEHICLE STRIKES ANOTHER VEH WHILE EMERGING FROM DRIVEWAY,1,300023,2,0,0,1,0,1,2,5,Not at intersection,3,888,Local Road,16-17,Other injury,Bicyclists
T20160001800,1/21/2016,11:00:00,8,No collision and no object struck,5,Thursday,174,OUT OF CONTROL ON CARRIAGEWAY (ON STRAIGHT),1,299033,2,0,0,2,0,2,2,5,Not at intersection,3,40,Arterial Other,40-49,Other injury,Bicyclists
T20160001822,1/26/2016,1:35:00,8,No collision and no object struck,3,Tuesday,174,OUT OF CONTROL ON CARRIAGEWAY (ON STRAIGHT),3,36095,1,0,1,0,0,1,1,1,Cross intersection,2,60,Local Road,50-59,Serious injury,Bicyclists
T20160001844,12/13/2015,13:50:00,1,Collision with vehicle,1,Sunday,148,VEHICLE OFF FOOTPATH STRIKES VEH ON CARRIAGEWAY,1,36090,2,0,0,1,1,2,2,1,Cross intersection,3,60,Arterial Other,30-39,Other injury,Bicyclists
T20160001853,1/21/2016,7:00:00,1,Collision with vehicle,5,Thursday,133,LANE SIDE SWIPE (VEHICLES IN PARALLEL LANES),1,300272,2,0,0,1,1,2,2,5,Not at intersection,3,50,Local Road,40-49,Other injury,Bicyclists
T20160001876,1/26/2016,11:30:00,1,Collision with vehicle,3,Tuesday,163,VEHICLE STRIKES DOOR OF PARKED/STATIONARY VEHICLE,1,298953,2,0,0,1,0,1,2,5,Not at intersection,3,60,Arterial Other,40-49,Other injury,Bicyclists
T20160001893,1/27/2016,16:15:00,1,Collision with vehicle,4,Wednesday,137,LEFT TURN SIDESWIPE,1,35990,2,0,0,1,0,1,2,1,Cross intersection,3,50,Local Road,30-39,Other injury,Bicyclists
T20160001910,1/26/2016,5:30:00,1,Collision with vehicle,3,Tuesday,130,REAR END(VEHICLES IN SAME LANE),6,29420,2,0,0,1,1,2,1,1,Cross intersection,3,40,Local Road,50-59,Other injury,Bicyclists
T20160001919,1/28/2016,6:00:00,1,Collision with vehicle,5,Thursday,121,RIGHT THROUGH,2,299040,3,0,0,1,2,3,1,5,Not at intersection,3,40,Local Road,30-39,Other injury,Bicyclists
T20160001934,1/27/2016,10:15:00,8,No collision and no object struck,3,Wednesday,137,LEFT TURN SIDESWIPE,1,299031,2,0,0,1,0,1,2,5,Not at intersection,3,50,Local Road,50-59,Other injury,Bicyclists
T20160001952,1/12/2016,16:00:00,1,Collision with vehicle,3,Tuesday,139,OTHER SAME DIRECTION-MANOUEVRES NOT INCLUDED IN DCAs 130-137,9,44522,2,0,0,1,0,1,2,2,T intersection,3,100,Uknown,30-39,Other injury,Bicyclists
T20160001955,1/28/2016,17:30:00,1,Collision with vehicle,5,Thursday,133,LANE SIDE SWIPE (VEHICLES IN PARALLEL LANES),1,299024,2,0,0,1,0,1,1,5,Not at intersection,3,50,Local Road,22-25,Other injury,Bicyclists
T20160001977,1/28/2016,9:00:00,1,Collision with vehicle,5,Thursday,163,VEHICLE STRIKES DOOR OF PARKED/STATIONARY VEHICLE,1,302277,2,0,0,1,1,2,2,5,Not at intersection,3,60,Local Road,26-29,Other injury,Bicyclists
T20160001978,1/28/2016,20:30:00,1,Collision with vehicle,5,Thursday,121,RIGHT THROUGH,2,238097,2,0,0,1,1,2,1,1,Cross intersection,3,60,Arterial Other,40-49,Other injury,Bicyclists
T20160001990,1/29/2016,6:13:00,1,Collision with vehicle,5,Friday,116,LEFT NEAR (INTERSECTIONS ONLY),2,287363,2,0,0,1,1,2,1,1,Cross intersection,3,60,Arterial Other,30-39,Other injury,Bicyclists
T20160002014,1/28/2016,19:55:00,1,Collision with vehicle,5,Thursday,111,RIGHT FAR (INTERSECTIONS ONLY),2,52912,2,0,1,0,1,2,1,1,Cross intersection,2,60,Local Road,40-49,Serious injury,Bicyclists
T20160002057,1/29/2016,16:05:00,2,Struck Pedestrian,6,Friday,101,PED EMERGES FROM IN FRONT OF PARKED OR STATIONARY VEHICLE,1,299179,1,0,1,1,0,2,1,5,Not at intersection,2,60,Arterial Other,22-25,Other injury,Bicyclists
T20160002091,1/30/2016,12:00:00,1,Collision with vehicle,6,Saturday,137,LEFT TURN SIDESWIPE,1,299326,2,0,0,1,1,2,1,5,Not at intersection,3,50,Local Road,40-49,Other injury,Bicyclists
T20160002097,1/30/2016,11:04:00,1,Collision with vehicle,7,Saturday,130,REAR END(VEHICLES IN SAME LANE),1,306453,2,0,0,1,1,2,2,5,Not at intersection,3,80,Arterial Other,50-59,Other injury,Bicyclists
T20160002119,1/30/2016,14:50:00,1,Collision with vehicle,7,Saturday,110,CROSS TRAFFIC(INTERSECTIONS ONLY),1,45005,2,0,1,0,1,2,2,1,Cross intersection,2,60,Arterial Other,50-59,Serious injury,Bicyclists
T20160002142,1/31/2016,9:12:00,1,Collision with vehicle,0,Sunday,113,RIGHT NEAR (INTERSECTIONS ONLY),1,40924,2,0,1,0,3,4,1,2,T intersection,2,80,Arterial Other,40-49,Serious injury,Bicyclists
T20160002162,1/31/2016,17:00:00,1,Collision with vehicle,0,Sunday,147,VEHICLE STRIKES ANOTHER VEH WHILE EMERGING FROM DRIVEWAY,1,299830,2,0,0,1,2,3,1,5,Not at intersection,3,60,Uknown,60-64,Other injury,Bicyclists
T20160002191,2/1/2016,7:55:00,1,Collision with vehicle,1,Monday,147,VEHICLE STRIKES ANOTHER VEH WHILE EMERGING FROM DRIVEWAY,1,299339,2,0,0,1,0,1,2,5,Not at intersection,3,999,Uknown,22-25,Other injury,Bicyclists
T20160002196,2/1/2016,8:45:00,1,Collision with vehicle,2,Monday,163,VEHICLE STRIKES DOOR OF PARKED/STATIONARY VEHICLE,1,80524,2,0,0,1,1,2,1,5,Not at intersection,3,60,Arterial Other,30-39,Other injury,Bicyclists
T20160002207,2/1/2016,8:20:00,1,Collision with vehicle,2,Monday,133,LANE SIDE SWIPE (VEHICLES IN PARALLEL LANES),1,69130,2,0,0,1,1,2,2,1,Cross intersection,3,999,Local Road,65-69,Other injury,Bicyclists
T20160002208,2/1/2016,12:58:00,1,Collision with vehicle,2,Monday,145,REVERSING IN STREAM OF TRAFFIC,1,299952,2,0,1,0,1,2,1,5,Not at intersection,2,50,Arterial Other,30-39,Serious injury,Bicyclists