ACCIDENT_NO,ACCIDENT_DATE,ACCIDENT_TIME,ACCIDENT_TYPE,ACCIDENT_TYPE_DESC,DAY_OF_WEEK,DAY_WEEK_DESC,DCA_CODE,DCA_DESC,LIGHT_CONDITION,NODE_ID,NO_OF_VEHICLES,NO_PERSONS_KILLED,NO_PERSONS_INJ_2,NO_PERSONS_INJ_3,NO_PERSONS_NOT_INJ,NO_PERSONS,POLICE_ATTEND,ROAD_GEOMETRY,ROAD_GEOMETRY_DESC,SEVERITY,SPEED_ZONE,RMA,AGE_GROUP,INJ_LEVEL,ROAD_USER_TYPE_DESC
T20160002234,2/1/2016,18:15:00,1,Collision with vehicle,2,Monday,133,LANE SIDE SWIPE (VEHICLES IN PARALLEL LANES),1,299146,2,0,0,1,1,2,1,5,Not at intersection,3,40,Local Road,22-25,Other injury,Bicyclists
T20160002238,1/13/2016,9:20:00,8,No collision and no object struck,4,Wednesday,174,OUT OF CONTROL ON CARRIAGEWAY (ON STRAIGHT),1,299178,1,0,0,1,0,1,2,5,Not at intersection,3,40,Local Road,26-29,Other injury,Bicyclists
T20160002247,2/1/2016,14:30:00,1,Collision with vehicle,2,Monday,163,VEHICLE STRIKES DOOR OF PARKED/STATIONARY VEHICLE,1,302968,2,0,0,1,1,2,2,5,Not at intersection,3,40,Local Road,22-25,Other injury,Bicyclists
T20160002257,1/16/2016,9:45:00,1,Collision with vehicle,7,Saturday,148,VEHICLE OFF FOOTPATH STRIKES VEH ON CARRIAGEWAY,1,54444,2,0,1,0,1,2,1,2,T intersection,2,60,Arterial Other,50-59,Serious injury,Bicyclists
T20160002263,2/2/2016,5:30:00,1,Collision with vehicle,3,Tuesday,116,LEFT NEAR (INTERSECTIONS ONLY),3,280243,2,0,0,1,1,2,1,4,Multiple intersection,3,80,Freeway,50-59,Other injury,Bicyclists
T20160002316,1/31/2016,11:40:00,1,Collision with vehicle,1,Sunday,137,LEFT TURN SIDESWIPE,1,299197,2,0,0,1,0,1,2,1,Cross intersection,3,60,Local Road,13-15,Other injury,Bicyclists
T20160002339,2/2/2016,17:45:00,1,Collision with vehicle,3,Tuesday,135,LANE CHANGE LEFT (NOT OVERTAKING),1,299324,2,0,0,1,1,2,1,5,Not at intersection,3,60,Local Road,40-49,Other injury,Bicyclists
T20160002343,2/2/2016,17:23:00,1,Collision with vehicle,3,Tuesday,110,CROSS TRAFFIC(INTERSECTIONS ONLY),1,52746,2,0,1,0,1,2,1,1,Cross intersection,2,60,Local Road,30-39,Serious injury,Bicyclists
T20160002347,1/19/2016,6:20:00,1,Collision with vehicle,3,Tuesday,136,RIGHT TURN SIDESWIPE,2,36709,2,0,0,1,1,2,2,2,T intersection,3,40,Arterial Other,26-29,Other injury,Bicyclists
T20160002361,3/2/2016,8:15:00,1,Collision with vehicle,4,Wednesday,121,RIGHT THROUGH,1,299237,2,0,0,1,1,2,1,5,Not at intersection,3,60,Arterial Other,40-49,Other injury,Bicyclists
T20160002367,2/3/2016,8:32:00,1,Collision with vehicle,4,Wednesday,121,RIGHT THROUGH,1,299235,2,0,1,0,1,2,1,5,Not at intersection,2,40,Local Road,18-21,Serious injury,Bicyclists
T20160002389,2/3/2016,9:10:00,1,Collision with vehicle,4,Wednesday,132,RIGHT REAR.,1,55755,2,0,1,0,1,2,1,2,T intersection,2,40,Arterial Other,40-49,Serious injury,Bicyclists
T20160002397,2/2/2016,16:30:00,1,Collision with vehicle,3,Tuesday,163,VEHICLE STRIKES DOOR OF PARKED/STATIONARY VEHICLE,1,299413,3,0,1,0,2,3,1,5,Not at intersection,2,50,Arterial Other,22-25,Serious injury,Bicyclists
T20160002418,2/3/2016,17:40:00,1,Collision with vehicle,3,Wednesday,121,RIGHT THROUGH,1,29471,2,0,0,1,1,2,2,1,Cross intersection,3,40,Arterial Other,30-39,Other injury,Bicyclists
T20160002432,1/18/2016,14:40:00,1,Collision with vehicle,2,Monday,163,VEHICLE STRIKES DOOR OF PARKED/STATIONARY VEHICLE,1,299546,2,0,0,1,1,2,2,5,Not at intersection,3,40,Local Road,30-39,Other injury,Bicyclists
T20160002487,2/4/2016,14:00:00,1,Collision with vehicle,4,Thursday,110,CROSS TRAFFIC(INTERSECTIONS ONLY),1,46964,2,0,0,1,1,2,2,1,Cross intersection,3,50,Local Road,26-29,Other injury,Bicyclists
T20160002497,2/4/2016,16:20:00,1,Collision with vehicle,5,Thursday,148,VEHICLE OFF FOOTPATH STRIKES VEH ON CARRIAGEWAY,1,49773,2,0,1,0,1,2,1,2,T intersection,2,60,Arterial Other,0-4,Serious injury,Bicyclists
T20160002504,2/4/2016,19:00:00,1,Collision with vehicle,5,Thursday,130,REAR END(VEHICLES IN SAME LANE),1,299329,2,0,0,1,1,2,1,5,Not at intersection,3,60,Arterial Other,30-39,Other injury,Bicyclists
T20160002517,2/4/2016,7:55:00,8,No collision and no object struck,4,Thursday,174,OUT OF CONTROL ON CARRIAGEWAY (ON STRAIGHT),2,299325,2,0,0,1,0,1,2,5,Not at intersection,3,60,Local Road,40-49,Other injury,Bicyclists
T20160002527,2/3/2016,6:50:00,1,Collision with vehicle,4,Wednesday,116,LEFT NEAR (INTERSECTIONS ONLY),1,38291,2,0,0,1,1,2,2,1,Cross intersection,3,50,Arterial Other,40-49,Other injury,Bicyclists
T20160002528,1/6/2016,16:32:00,8,No collision and no object struck,4,Wednesday,151,OUT OF CONTROL (OVERTAKING),1,299320,1,0,0,1,0,1,1,2,T intersection,3,40,Local Road,30-39,Other injury,Bicyclists
T20160002535,2/5/2016,8:55:00,1,Collision with vehicle,6,Friday,148,VEHICLE OFF FOOTPATH STRIKES VEH ON CARRIAGEWAY,1,37250,2,0,0,1,1,2,2,2,T intersection,3,50,Arterial Other,45424,Other injury,Bicyclists
T20160002562,1/30/2016,13:30:00,1,Collision with vehicle,7,Saturday,132,RIGHT REAR.,1,37811,2,0,0,1,0,1,2,1,Cross intersection,3,60,Arterial Other,22-25,Other injury,Bicyclists
T20160002571,2/5/2016,14:25:00,1,Collision with vehicle,6,Friday,163,VEHICLE STRIKES DOOR OF PARKED/STATIONARY VEHICLE,1,249328,2,0,0,1,1,2,9,5,Not at intersection,3,40,Local Road,26-29,Other injury,Bicyclists
T20160002589,2/5/2016,12:15:00,8,No collision and no object struck,6,Friday,174,OUT OF CONTROL ON CARRIAGEWAY (ON STRAIGHT),1,300573,2,0,0,1,1,2,2,2,T intersection,3,60,Local Road,40-49,Other injury,Bicyclists
T20160002623,2/6/2016,7:35:00,1,Collision with vehicle,7,Saturday,140,U TURN,1,303885,2,0,1,0,1,2,1,5,Not at intersection,2,80,Local Road,30-39,Serious injury,Bicyclists
T20160002625,2/6/2016,6:15:00,1,Collision with vehicle,7,Saturday,113,RIGHT NEAR (INTERSECTIONS ONLY),3,42022,2,0,1,0,1,2,1,2,T intersection,2,60,Arterial Other,50-59,Serious injury,Bicyclists
T20160002639,2/6/2016,12:15:00,1,Collision with vehicle,7,Saturday,147,VEHICLE STRIKES ANOTHER VEH WHILE EMERGING FROM DRIVEWAY,1,299635,2,0,0,1,1,2,2,5,Not at intersection,3,60,Arterial Other,30-39,Other injury,Bicyclists
T20160002651,2/5/2016,17:30:00,1,Collision with vehicle,5,Friday,140,U TURN,1,299457,2,0,0,1,1,2,2,5,Not at intersection,3,50,Local Road,40-49,Other injury,Bicyclists
T20160002653,2/6/2016,16:52:00,1,Collision with vehicle,6,Saturday,116,LEFT NEAR (INTERSECTIONS ONLY),1,223602,2,0,1,0,1,2,1,1,Cross intersection,2,60,Local Road,50-59,Serious injury,Bicyclists
T20160002666,2/5/2016,22:15:00,1,Collision with vehicle,6,Friday,123,RIGHT/LEFT. ONE VEH TURNING RIGHT THE OTHER LEFT.,6,38220,2,0,0,1,1,2,1,1,Cross intersection,3,60,Arterial Other,22-25,Other injury,Bicyclists
T20160002695,2/7/2016,10:34:00,1,Collision with vehicle,1,Sunday,136,RIGHT TURN SIDESWIPE,1,41102,2,0,0,1,2,3,1,2,T intersection,3,60,Arterial Other,70+,Other injury,Bicyclists
T20160002706,2/7/2016,8:15:00,1,Collision with vehicle,1,Sunday,140,U TURN,1,313252,2,0,1,0,1,2,1,5,Not at intersection,2,80,Arterial Other,60-64,Not injured,Bicyclists
T20160002713,2/6/2016,18:55:00,1,Collision with vehicle,6,Saturday,110,CROSS TRAFFIC(INTERSECTIONS ONLY),1,49703,2,0,0,1,1,2,1,1,Cross intersection,3,60,Arterial Other,40-49,Other injury,Bicyclists
T20160002721,2/3/2016,16:28:00,1,Collision with vehicle,4,Wednesday,137,LEFT TURN SIDESWIPE,1,45302,2,0,0,1,1,2,2,2,T intersection,3,60,Local Road,13-15,Other injury,Bicyclists
T20160002722,2/5/2016,18:50:00,1,Collision with vehicle,6,Friday,130,REAR END(VEHICLES IN SAME LANE),1,70008,2,0,0,1,1,2,2,5,Not at intersection,3,60,Local Road,50-59,Other injury,Bicyclists
T20160002765,2/8/2016,7:51:00,1,Collision with vehicle,1,Monday,135,LANE CHANGE LEFT (NOT OVERTAKING),1,38102,3,0,1,0,2,3,1,2,T intersection,2,60,Arterial Other,40-49,Serious injury,Bicyclists
T20160002770,2/8/2016,9:15:00,1,Collision with vehicle,2,Monday,116,LEFT NEAR (INTERSECTIONS ONLY),1,36947,2,0,1,0,1,2,1,2,T intersection,2,80,Arterial Other,50-59,Serious injury,Bicyclists
T20160002830,2/8/2016,17:00:00,8,No collision and no object struck,2,Monday,174,OUT OF CONTROL ON CARRIAGEWAY (ON STRAIGHT),9,299555,2,0,0,1,1,2,2,5,Not at intersection,3,999,Arterial Other,30-39,Other injury,Bicyclists
T20160002852,2/9/2016,8:15:00,1,Collision with vehicle,3,Tuesday,137,LEFT TURN SIDESWIPE,1,299636,2,1,0,1,0,2,1,2,T intersection,1,50,Local Road,65-69,Other injury,Bicyclists
T20160002853,2/9/2016,6:21:00,1,Collision with vehicle,3,Tuesday,121,RIGHT THROUGH,1,39425,2,0,0,1,1,2,1,2,T intersection,3,60,Arterial Highway,40-49,Other injury,Bicyclists
T20160002854,2/9/2016,11:30:00,1,Collision with vehicle,3,Tuesday,163,VEHICLE STRIKES DOOR OF PARKED/STATIONARY VEHICLE,1,299445,2,0,0,1,1,2,1,5,Not at intersection,3,60,Local Road,22-25,Other injury,Bicyclists
T20160002868,2/9/2016,8:30:00,1,Collision with vehicle,3,Tuesday,121,RIGHT THROUGH,1,29364,2,0,0,1,1,2,2,2,T intersection,3,60,Arterial Highway,30-39,Other injury,Bicyclists
T20160002881,2/9/2016,15:10:00,1,Collision with vehicle,3,Tuesday,147,VEHICLE STRIKES ANOTHER VEH WHILE EMERGING FROM DRIVEWAY,1,256274,2,0,1,0,1,2,1,5,Not at intersection,2,60,Arterial Other,40-49,Serious injury,Bicyclists
T20160002897,2/9/2016,16:52:00,1,Collision with vehicle,3,Tuesday,121,RIGHT THROUGH,1,39122,2,0,0,1,1,2,1,1,Cross intersection,3,50,Local Road,40-49,Other injury,Bicyclists
T20160002900,2/9/2016,15:30:00,1,Collision with vehicle,3,Tuesday,179,OTHER ACCIDENTS-OFF STRAIGHT NOT INCLUDED IN DCAs 170-175,1,43090,2,0,1,0,0,1,1,1,Cross intersection,2,999,Arterial Highway,70+,Serious injury,Bicyclists
T20160002902,1/30/2016,16:00:00,1,Collision with vehicle,6,Saturday,110,CROSS TRAFFIC(INTERSECTIONS ONLY),1,300857,2,0,0,1,1,2,2,1,Cross intersection,3,50,Local Road,30-39,Other injury,Bicyclists
T20160002906,2/9/2016,15:45:00,1,Collision with vehicle,3,Tuesday,116,LEFT NEAR (INTERSECTIONS ONLY),1,39966,2,1,0,0,1,2,1,1,Cross intersection,1,60,Local Road,70+,Fatality,Bicyclists
T20160002921,2/10/2016,4:00:00,1,Collision with vehicle,4,Wednesday,110,CROSS TRAFFIC(INTERSECTIONS ONLY),3,54148,2,0,1,0,1,2,1,1,Cross intersection,2,50,Local Road,40-49,Serious injury,Bicyclists
T20160002925,2/10/2016,6:10:00,1,Collision with vehicle,3,Wednesday,113,RIGHT NEAR (INTERSECTIONS ONLY),3,134,2,0,1,1,0,2,1,2,T intersection,2,60,Arterial Highway,40-49,Serious injury,Bicyclists
T20160002976,2/10/2016,15:31:00,1,Collision with vehicle,4,Wednesday,116,LEFT NEAR (INTERSECTIONS ONLY),1,61818,2,0,0,1,1,2,1,4,Multiple intersection,3,60,Freeway,13-15,Other injury,Bicyclists
T20160002984,2/8/2016,19:10:00,1,Collision with vehicle,1,Monday,121,RIGHT THROUGH,1,37115,3,0,0,1,2,3,2,1,Cross intersection,3,50,Local Road,30-39,Other injury,Bicyclists
T20160003019,2/11/2016,8:40:00,1,Collision with vehicle,4,Thursday,110,CROSS TRAFFIC(INTERSECTIONS ONLY),1,36507,2,0,0,1,1,2,1,1,Cross intersection,3,40,Local Road,30-39,Other injury,Bicyclists
T20160003028,2/9/2016,17:05:00,1,Collision with vehicle,3,Tuesday,135,LANE CHANGE LEFT (NOT OVERTAKING),1,300120,2,0,1,0,2,3,2,5,Not at intersection,2,60,Arterial Other,30-39,Serious injury,Bicyclists
T20160003088,2/11/2016,17:15:00,1,Collision with vehicle,5,Thursday,140,U TURN,1,299614,2,0,1,0,1,2,1,5,Not at intersection,2,50,Arterial Other,30-39,Serious injury,Bicyclists
T20160003090,2/11/2016,15:15:00,1,Collision with vehicle,5,Thursday,137,LEFT TURN SIDESWIPE,1,299580,2,0,0,1,1,2,1,5,Not at intersection,3,60,Local Road,13-15,Other injury,Bicyclists
T20160003134,2/11/2016,14:00:00,1,Collision with vehicle,5,Thursday,121,RIGHT THROUGH,1,300083,2,0,0,1,1,2,2,5,Not at intersection,3,40,Local Road,26-29,Other injury,Bicyclists
T20160003137,2/12/2016,8:30:00,1,Collision with vehicle,6,Friday,133,LANE SIDE SWIPE (VEHICLES IN PARALLEL LANES),1,233759,2,0,0,1,1,2,2,1,Cross intersection,3,60,Arterial Highway,40-49,Other injury,Bicyclists
T20160003143,2/12/2016,8:50:00,1,Collision with vehicle,6,Friday,163,VEHICLE STRIKES DOOR OF PARKED/STATIONARY VEHICLE,1,300004,2,0,1,0,2,3,2,5,Not at intersection,2,50,Uknown,40-49,Serious injury,Bicyclists
T20160003170,2/4/2016,10:36:00,1,Collision with vehicle,5,Thursday,114,TWO RIGHT TURNING (INTERSECTIONS ONLY),9,39977,2,0,0,1,0,1,2,2,T intersection,3,60,Arterial Other,18-21,Other injury,Bicyclists
T20160003181,2/12/2016,20:45:00,1,Collision with vehicle,6,Friday,160,VEHICLE COLLIDES WITH VEHICLE PARKED ON LEFT OF ROAD,3,299779,2,0,0,1,0,1,1,5,Not at intersection,3,60,Local Road,45424,Other injury,Bicyclists
T20160003183,2/12/2016,16:25:00,1,Collision with vehicle,6,Friday,147,VEHICLE STRIKES ANOTHER VEH WHILE EMERGING FROM DRIVEWAY,1,299615,2,0,1,0,1,2,2,5,Not at intersection,2,999,Local Road,30-39,Serious injury,Bicyclists
T20160003193,2/12/2016,23:47:00,1,Collision with vehicle,6,Friday,136,RIGHT TURN SIDESWIPE,3,291983,2,0,0,1,1,2,1,2,T intersection,3,60,Arterial Other,30-39,Other injury,Bicyclists
T20160003291,2/14/2016,10:48:00,1,Collision with vehicle,1,Sunday,148,VEHICLE OFF FOOTPATH STRIKES VEH ON CARRIAGEWAY,1,299873,2,0,1,0,1,2,1,5,Not at intersection,2,60,Arterial Other,30-39,Serious injury,Bicyclists
T20160003335,2/3/2016,18:40:00,1,Collision with vehicle,3,Wednesday,147,VEHICLE STRIKES ANOTHER VEH WHILE EMERGING FROM DRIVEWAY,9,299919,2,0,0,1,1,2,2,5,Not at intersection,3,50,Arterial Highway,40-49,Other injury,Bicyclists
T20160003339,2/15/2016,9:00:00,1,Collision with vehicle,2,Monday,130,REAR END(VEHICLES IN SAME LANE),1,299715,2,0,1,0,1,2,1,5,Not at intersection,2,100,Local Road,60-64,Serious injury,Bicyclists
T20160003354,2/15/2016,7:15:00,1,Collision with vehicle,1,Monday,121,RIGHT THROUGH,1,39171,2,0,0,1,1,2,1,2,T intersection,3,60,Arterial Other,40-49,Other injury,Bicyclists
T20160003359,2/15/2016,12:35:00,1,Collision with vehicle,2,Monday,163,VEHICLE STRIKES DOOR OF PARKED/STATIONARY VEHICLE,1,299655,2,0,0,1,1,2,1,5,Not at intersection,3,40,Arterial Other,22-25,Other injury,Bicyclists
T20160003403,2/15/2016,17:45:00,1,Collision with vehicle,2,Monday,121,RIGHT THROUGH,1,397,2,0,0,1,1,2,1,2,T intersection,3,60,Arterial Other,26-29,Other injury,Bicyclists
T20160003412,2/15/2016,16:00:00,1,Collision with vehicle,2,Monday,111,RIGHT FAR (INTERSECTIONS ONLY),1,35343,2,0,0,1,1,2,2,1,Cross intersection,3,60,Arterial Other,40-49,Other injury,Bicyclists
T20160003428,2/16/2016,8:00:00,1,Collision with vehicle,3,Tuesday,121,RIGHT THROUGH,1,37735,2,0,1,0,1,2,1,2,T intersection,2,40,Arterial Other,40-49,Serious injury,Bicyclists
T20160003429,2/16/2016,8:30:00,6,Vehicle overturned (no collision),3,Tuesday,174,OUT OF CONTROL ON CARRIAGEWAY (ON STRAIGHT),1,299683,2,0,1,0,1,2,1,5,Not at intersection,2,40,Local Road,26-29,Serious injury,Bicyclists
T20160003430,2/15/2016,18:15:00,1,Collision with vehicle,2,Monday,121,RIGHT THROUGH,1,37204,2,0,0,1,1,2,1,2,T intersection,3,50,Arterial Other,26-29,Other injury,Bicyclists
T20160003469,2/14/2016,13:42:00,1,Collision with vehicle,1,Sunday,137,LEFT TURN SIDESWIPE,9,42763,2,0,0,1,1,2,2,2,T intersection,3,50,Arterial Other,40-49,Other injury,Bicyclists
T20160003482,2/6/2016,13:30:00,1,Collision with vehicle,7,Saturday,163,VEHICLE STRIKES DOOR OF PARKED/STATIONARY VEHICLE,9,300061,2,0,0,1,2,3,9,5,Not at intersection,3,999,Arterial Other,18-21,Other injury,Bicyclists
T20160003490,2/11/2016,17:30:00,1,Collision with vehicle,5,Thursday,136,RIGHT TURN SIDESWIPE,1,37268,2,0,0,1,1,2,2,1,Cross intersection,3,50,Local Road,50-59,Other injury,Bicyclists
T20160003517,2/1/2016,17:00:00,8,No collision and no object struck,2,Monday,174,OUT OF CONTROL ON CARRIAGEWAY (ON STRAIGHT),9,299722,2,0,0,1,0,1,2,2,T intersection,3,60,Arterial Other,26-29,Other injury,Bicyclists
T20160003522,2/16/2016,7:50:00,1,Collision with vehicle,2,Tuesday,110,CROSS TRAFFIC(INTERSECTIONS ONLY),1,64562,2,0,1,0,1,2,1,1,Cross intersection,2,50,Local Road,50-59,Serious injury,Bicyclists
T20160003528,2/16/2016,6:15:00,1,Collision with vehicle,3,Tuesday,113,RIGHT NEAR (INTERSECTIONS ONLY),3,301607,2,0,0,1,1,2,1,2,T intersection,3,60,Uknown,40-49,Other injury,Bicyclists
T20160003530,2/16/2016,18:42:00,1,Collision with vehicle,2,Tuesday,137,LEFT TURN SIDESWIPE,1,300195,2,0,0,1,1,2,2,2,T intersection,3,50,Uknown,22-25,Other injury,Bicyclists
T20160003580,2/17/2016,13:45:00,1,Collision with vehicle,3,Wednesday,163,VEHICLE STRIKES DOOR OF PARKED/STATIONARY VEHICLE,1,301750,2,0,0,1,1,2,2,5,Not at intersection,3,50,Uknown,26-29,Other injury,Bicyclists
T20160003610,2/18/2016,5:52:00,6,Vehicle overturned (no collision),5,Thursday,179,OTHER ACCIDENTS-OFF STRAIGHT NOT INCLUDED IN DCAs 170-175,3,299833,1,0,0,1,0,1,1,5,Not at intersection,3,40,Local Road,30-39,Other injury,Bicyclists
T20160003624,2/18/2016,10:00:00,1,Collision with vehicle,5,Thursday,121,RIGHT THROUGH,1,54437,2,0,0,1,1,2,1,2,T intersection,3,60,Arterial Other,22-25,Other injury,Bicyclists
T20160003635,2/18/2016,8:46:00,1,Collision with vehicle,5,Thursday,148,VEHICLE OFF FOOTPATH STRIKES VEH ON CARRIAGEWAY,1,299907,2,0,0,1,1,2,1,5,Not at intersection,3,40,Local Road,16-17,Other injury,Bicyclists
T20160003636,2/9/2016,22:30:00,1,Collision with vehicle,3,Tuesday,120,HEAD ON (NOT OVERTAKING),3,67450,2,0,0,1,1,2,2,2,T intersection,3,50,Local Road,30-39,Other injury,Bicyclists
T20160003657,2/18/2016,7:20:00,1,Collision with vehicle,5,Thursday,160,VEHICLE COLLIDES WITH VEHICLE PARKED ON LEFT OF ROAD,1,300249,2,0,0,2,0,2,2,5,Not at intersection,3,60,Local Road,18-21,Other injury,Bicyclists
T20160003664,2/18/2016,18:10:00,1,Collision with vehicle,4,Thursday,121,RIGHT THROUGH,1,42779,2,0,0,1,1,2,2,2,T intersection,3,60,Arterial Other,26-29,Other injury,Bicyclists
T20160003670,2/18/2016,21:09:00,1,Collision with vehicle,4,Thursday,110,CROSS TRAFFIC(INTERSECTIONS ONLY),3,42918,2,0,1,0,1,2,1,1,Cross intersection,2,60,Uknown,30-39,Serious injury,Bicyclists
T20160003707,1/19/2016,16:30:00,1,Collision with vehicle,3,Tuesday,130,REAR END(VEHICLES IN SAME LANE),1,299933,2,0,0,1,0,1,2,4,Multiple intersection,3,80,Arterial Other,40-49,Other injury,Bicyclists
T20160003781,2/20/2016,13:00:00,1,Collision with vehicle,7,Saturday,121,RIGHT THROUGH,1,36370,2,0,0,1,1,2,1,1,Cross intersection,3,60,Local Road,45424,Other injury,Bicyclists
T20160003789,2/19/2016,19:25:00,1,Collision with vehicle,6,Friday,163,VEHICLE STRIKES DOOR OF PARKED/STATIONARY VEHICLE,3,299962,2,0,0,1,1,2,1,5,Not at intersection,3,50,Local Road,18-21,Other injury,Bicyclists
T20160003791,2/20/2016,8:43:00,1,Collision with vehicle,7,Saturday,140,U TURN,1,300098,2,0,1,0,1,2,1,5,Not at intersection,2,40,Local Road,50-59,Serious injury,Bicyclists
T20160003792,2/20/2016,9:16:00,1,Collision with vehicle,7,Saturday,148,VEHICLE OFF FOOTPATH STRIKES VEH ON CARRIAGEWAY,1,70164,2,0,0,1,1,2,1,2,T intersection,3,50,Arterial Highway,13-15,Other injury,Bicyclists
T20160003805,2/16/2016,15:40:00,1,Collision with vehicle,3,Tuesday,112,LEFT FAR (INTERSECTIONS ONLY),1,65222,2,0,0,1,1,2,1,2,T intersection,3,60,Arterial Other,26-29,Other injury,Bicyclists
T20160003809,2/19/2016,18:00:00,1,Collision with vehicle,6,Friday,110,CROSS TRAFFIC(INTERSECTIONS ONLY),1,29403,2,0,0,1,1,2,2,1,Cross intersection,3,60,Arterial Other,30-39,Other injury,Bicyclists
T20160003812,2/16/2016,8:50:00,1,Collision with vehicle,3,Tuesday,110,CROSS TRAFFIC(INTERSECTIONS ONLY),1,291551,2,0,0,1,2,3,1,1,Cross intersection,3,40,Local Road,22-25,Other injury,Bicyclists
T20160003862,2/21/2016,0:40:00,1,Collision with vehicle,0,Sunday,121,RIGHT THROUGH,3,45835,2,0,0,1,1,2,1,1,Cross intersection,3,60,Arterial Other,22-25,Other injury,Bicyclists
T20160003914,2/19/2016,9:00:00,1,Collision with vehicle,6,Friday,163,VEHICLE STRIKES DOOR OF PARKED/STATIONARY VEHICLE,1,300014,2,0,1,0,0,1,2,5,Not at intersection,2,60,Arterial Other,18-21,Serious injury,Bicyclists
T20160003921,2/15/2016,8:30:00,8,No collision and no object struck,2,Monday,170,OFF CARRIAGEWAY TO LEFT,1,56118,2,0,0,1,0,1,2,2,T intersection,3,50,Local Road,65-69,Other injury,Bicyclists
T20160003945,2/22/2016,15:15:00,1,Collision with vehicle,2,Monday,160,VEHICLE COLLIDES WITH VEHICLE PARKED ON LEFT OF ROAD,1,299918,2,0,1,0,0,1,1,5,Not at intersection,2,60,Arterial Other,18-21,Serious injury,Bicyclists
T20160003966,2/22/2016,14:00:00,1,Collision with vehicle,2,Monday,113,RIGHT NEAR (INTERSECTIONS ONLY),1,299945,2,0,0,1,0,1,9,2,T intersection,3,60,Local Road,16-17,Other injury,Bicyclists
T20160003995,2/23/2016,7:00:00,1,Collision with vehicle,3,Tuesday,121,RIGHT THROUGH,1,148867,2,0,1,0,1,2,1,5,Not at intersection,2,40,Local Road,40-49,Serious injury,Bicyclists
T20160004029,2/23/2016,8:45:00,1,Collision with vehicle,2,Tuesday,116,LEFT NEAR (INTERSECTIONS ONLY),1,36377,2,0,0,1,1,2,2,2,T intersection,3,60,Local Road,50-59,Other injury,Bicyclists
T20160004037,2/20/2016,14:30:00,8,No collision and no object struck,7,Saturday,174,OUT OF CONTROL ON CARRIAGEWAY (ON STRAIGHT),1,300002,1,0,1,0,0,1,2,5,Not at intersection,2,60,Local Road,30-39,Serious injury,Bicyclists
T20160004044,2/23/2016,8:30:00,1,Collision with vehicle,2,Tuesday,119,OTHER ADJACENT (INTERSECTIONS ONLY),1,36277,2,0,0,1,0,1,2,2,T intersection,3,999,Local Road,40-49,Other injury,Bicyclists
T20160004067,2/23/2016,17:42:00,1,Collision with vehicle,3,Tuesday,121,RIGHT THROUGH,1,29444,2,0,0,1,1,2,2,2,T intersection,3,999,Local Road,30-39,Other injury,Bicyclists
T20160004087,2/24/2016,7:40:00,1,Collision with vehicle,3,Wednesday,121,RIGHT THROUGH,1,36481,2,0,1,0,1,2,1,1,Cross intersection,2,40,Arterial Other,30-39,Serious injury,Bicyclists
T20160004132,10/12/2015,7:30:00,1,Collision with vehicle,1,Monday,121,RIGHT THROUGH,1,35464,2,0,0,1,1,2,2,2,T intersection,3,50,Local Road,26-29,Other injury,Bicyclists
T20160004154,2/24/2016,17:00:00,1,Collision with vehicle,4,Wednesday,147,VEHICLE STRIKES ANOTHER VEH WHILE EMERGING FROM DRIVEWAY,1,358121,2,0,1,0,1,2,1,5,Not at intersection,2,70,Arterial Other,50-59,Serious injury,Bicyclists
T20160004156,2/24/2016,15:05:00,1,Collision with vehicle,4,Wednesday,179,OTHER ACCIDENTS-OFF STRAIGHT NOT INCLUDED IN DCAs 170-175,1,304413,2,0,1,0,2,3,1,5,Not at intersection,2,40,Local Road,13-15,Serious injury,Bicyclists
T20160004191,2/25/2016,9:15:00,1,Collision with vehicle,5,Thursday,121,RIGHT THROUGH,1,37600,2,0,0,1,1,2,2,1,Cross intersection,3,60,Arterial Other,50-59,Other injury,Bicyclists
T20160004194,2/25/2016,8:16:00,1,Collision with vehicle,5,Thursday,110,CROSS TRAFFIC(INTERSECTIONS ONLY),1,57265,2,0,0,1,1,2,1,1,Cross intersection,3,40,Local Road,13-15,Other injury,Bicyclists
T20160004213,2/25/2016,13:15:00,1,Collision with vehicle,5,Thursday,147,VEHICLE STRIKES ANOTHER VEH WHILE EMERGING FROM DRIVEWAY,1,300057,2,0,0,1,1,2,1,5,Not at intersection,3,60,Arterial Other,50-59,Other injury,Bicyclists
T20160004228,2/8/2016,17:00:00,1,Collision with vehicle,2,Monday,130,REAR END(VEHICLES IN SAME LANE),1,64236,2,0,1,0,1,2,2,2,T intersection,2,60,Arterial Other,40-49,Serious injury,Bicyclists
T20160004246,2/24/2016,16:15:00,1,Collision with vehicle,4,Wednesday,136,RIGHT TURN SIDESWIPE,1,300082,2,0,0,1,0,1,2,1,Cross intersection,3,70,Arterial Highway,26-29,Other injury,Bicyclists
T20160004252,2/24/2016,16:00:00,1,Collision with vehicle,4,Wednesday,140,U TURN,1,302147,2,0,0,1,1,2,2,5,Not at intersection,3,50,Local Road,30-39,Other injury,Bicyclists
T20160004277,2/26/2016,6:50:00,1,Collision with vehicle,6,Friday,121,RIGHT THROUGH,2,292004,2,0,1,0,1,2,1,2,T intersection,2,60,Arterial Highway,40-49,Serious injury,Bicyclists