ACCIDENT_NO,ACCIDENT_DATE,ACCIDENT_TIME,ACCIDENT_TYPE,ACCIDENT_TYPE_DESC,DAY_OF_WEEK,DAY_WEEK_DESC,DCA_CODE,DCA_DESC,LIGHT_CONDITION,NODE_ID,NO_OF_VEHICLES,NO_PERSONS_KILLED,NO_PERSONS_INJ_2,NO_PERSONS_INJ_3,NO_PERSONS_NOT_INJ,NO_PERSONS,POLICE_ATTEND,ROAD_GEOMETRY,ROAD_GEOMETRY_DESC,SEVERITY,SPEED_ZONE,RMA,AGE_GROUP,INJ_LEVEL,ROAD_USER_TYPE_DESC
T20160004298,2/26/2016,11:22:00,1,Collision with vehicle,6,Friday,137,LEFT TURN SIDESWIPE,1,314330,2,0,0,1,1,2,1,5,Not at intersection,3,60,Uknown,30-39,Other injury,Bicyclists
T20160004300,2/26/2016,8:48:00,1,Collision with vehicle,5,Friday,110,CROSS TRAFFIC(INTERSECTIONS ONLY),1,29361,2,0,1,0,1,2,1,1,Cross intersection,2,50,Local Road,30-39,Serious injury,Bicyclists
T20160004313,2/26/2016,11:20:00,8,No collision and no object struck,6,Friday,174,OUT OF CONTROL ON CARRIAGEWAY (ON STRAIGHT),1,300122,1,0,0,1,0,1,2,5,Not at intersection,3,60,Local Road,18-21,Other injury,Bicyclists
T20160004323,2/8/2016,13:00:00,1,Collision with vehicle,1,Monday,110,CROSS TRAFFIC(INTERSECTIONS ONLY),1,41119,2,0,0,1,0,1,2,1,Cross intersection,3,50,Local Road,26-29,Other injury,Bicyclists
T20160004335,2/25/2016,15:40:00,1,Collision with vehicle,5,Thursday,147,VEHICLE STRIKES ANOTHER VEH WHILE EMERGING FROM DRIVEWAY,1,300150,2,0,0,1,1,2,2,5,Not at intersection,3,50,Arterial Other,40-49,Other injury,Bicyclists
T20160004355,12/12/2015,10:15:00,1,Collision with vehicle,7,Saturday,145,REVERSING IN STREAM OF TRAFFIC,1,300604,2,0,0,1,0,1,2,5,Not at intersection,3,50,Local Road,70+,Other injury,Bicyclists
T20160004406,2/27/2016,14:00:00,1,Collision with vehicle,7,Saturday,148,VEHICLE OFF FOOTPATH STRIKES VEH ON CARRIAGEWAY,9,300799,2,0,0,1,0,1,2,2,T intersection,3,50,Arterial Other,18-21,Other injury,Bicyclists
T20160004436,2/17/2016,8:30:00,1,Collision with vehicle,4,Wednesday,112,LEFT FAR (INTERSECTIONS ONLY),1,50758,2,0,0,1,1,2,1,2,T intersection,3,60,Local Road,45424,Other injury,Bicyclists
T20160004453,2/27/2016,17:50:00,1,Collision with vehicle,7,Saturday,110,CROSS TRAFFIC(INTERSECTIONS ONLY),2,35364,2,0,0,1,1,2,1,1,Cross intersection,3,40,Local Road,18-21,Other injury,Bicyclists
T20160004481,2/28/2016,15:59:00,1,Collision with vehicle,1,Sunday,163,VEHICLE STRIKES DOOR OF PARKED/STATIONARY VEHICLE,1,300324,2,0,0,1,1,2,1,5,Not at intersection,3,60,Arterial Other,50-59,Other injury,Bicyclists
T20160004483,2/28/2016,14:00:00,6,Vehicle overturned (no collision),0,Sunday,184,OUT OF CONTROL ON CARRIAGEWAY (ON BEND),1,300618,2,0,1,0,2,3,1,5,Not at intersection,2,80,Local Road,30-39,Serious injury,Bicyclists
T20160004523,2/25/2016,15:45:00,1,Collision with vehicle,5,Thursday,111,RIGHT FAR (INTERSECTIONS ONLY),1,37898,2,0,0,1,1,2,2,2,T intersection,3,70,Arterial Highway,50-59,Other injury,Bicyclists
T20160004527,2/29/2016,9:00:00,1,Collision with vehicle,2,Monday,148,VEHICLE OFF FOOTPATH STRIKES VEH ON CARRIAGEWAY,1,40522,2,0,0,1,0,1,2,2,T intersection,3,60,Arterial Highway,30-39,Other injury,Bicyclists
T20160004539,2/29/2016,6:50:00,1,Collision with vehicle,2,Monday,139,OTHER SAME DIRECTION-MANOUEVRES NOT INCLUDED IN DCAs 130-137,1,305077,2,0,0,1,1,2,2,5,Not at intersection,3,60,Arterial Other,26-29,Other injury,Bicyclists
T20160004566,2/27/2016,16:00:00,8,No collision and no object struck,7,Saturday,174,OUT OF CONTROL ON CARRIAGEWAY (ON STRAIGHT),1,55305,2,0,0,1,0,1,2,1,Cross intersection,3,30,Uknown,50-59,Other injury,Bicyclists
T20160004573,2/16/2016,19:30:00,6,Vehicle overturned (no collision),2,Tuesday,179,OTHER ACCIDENTS-OFF STRAIGHT NOT INCLUDED IN DCAs 170-175,1,397,1,0,0,1,0,1,2,2,T intersection,3,60,Arterial Other,18-21,Other injury,Bicyclists
T20160004579,2/25/2016,18:30:00,1,Collision with vehicle,5,Thursday,130,REAR END(VEHICLES IN SAME LANE),1,302388,2,0,0,1,1,2,1,1,Cross intersection,3,50,Local Road,30-39,Other injury,Bicyclists
T20160004583,2/29/2016,15:40:00,1,Collision with vehicle,1,Monday,133,LANE SIDE SWIPE (VEHICLES IN PARALLEL LANES),1,357785,3,0,0,1,2,3,2,5,Not at intersection,3,40,Local Road,40-49,Not injured,Bicyclists
T20160004606,2/29/2016,12:30:00,1,Collision with vehicle,2,Monday,137,LEFT TURN SIDESWIPE,1,35414,2,0,0,1,1,2,2,1,Cross intersection,3,60,Arterial Other,30-39,Other injury,Bicyclists
T20160004620,3/1/2016,8:40:00,1,Collision with vehicle,3,Tuesday,116,LEFT NEAR (INTERSECTIONS ONLY),1,37638,2,0,1,0,1,2,2,2,T intersection,2,40,Arterial Other,30-39,Serious injury,Bicyclists
T20160004671,3/1/2016,17:30:00,1,Collision with vehicle,3,Tuesday,110,CROSS TRAFFIC(INTERSECTIONS ONLY),1,65305,2,0,0,1,1,2,2,1,Cross intersection,3,50,Local Road,30-39,Other injury,Bicyclists
T20160004675,3/1/2016,19:50:00,1,Collision with vehicle,3,Tuesday,136,RIGHT TURN SIDESWIPE,3,29488,2,0,0,1,1,2,1,4,Multiple intersection,3,60,Local Road,26-29,Other injury,Bicyclists
T20160004685,2/23/2016,8:00:00,1,Collision with vehicle,3,Tuesday,163,VEHICLE STRIKES DOOR OF PARKED/STATIONARY VEHICLE,1,300309,2,0,1,0,0,1,2,5,Not at intersection,2,999,Local Road,26-29,Serious injury,Bicyclists
T20160004705,3/2/2016,8:45:00,1,Collision with vehicle,4,Wednesday,116,LEFT NEAR (INTERSECTIONS ONLY),1,301032,2,0,1,0,1,2,1,2,T intersection,2,50,Uknown,13-15,Serious injury,Bicyclists
T20160004706,2/29/2016,17:50:00,1,Collision with vehicle,2,Monday,163,VEHICLE STRIKES DOOR OF PARKED/STATIONARY VEHICLE,1,300473,3,0,1,1,1,3,2,5,Not at intersection,2,40,Arterial Other,22-25,Serious injury,Bicyclists
T20160004710,3/1/2016,17:59:00,1,Collision with vehicle,2,Tuesday,147,VEHICLE STRIKES ANOTHER VEH WHILE EMERGING FROM DRIVEWAY,1,301861,2,0,0,1,1,2,1,5,Not at intersection,3,50,Local Road,40-49,Other injury,Bicyclists
T20160004765,3/2/2016,18:00:00,1,Collision with vehicle,4,Wednesday,137,LEFT TURN SIDESWIPE,5,29396,2,0,0,1,2,3,2,1,Cross intersection,3,40,Local Road,22-25,Other injury,Bicyclists
T20160004787,3/3/2016,8:15:00,1,Collision with vehicle,4,Thursday,110,CROSS TRAFFIC(INTERSECTIONS ONLY),1,42037,2,0,0,1,1,2,1,1,Cross intersection,3,60,Local Road,16-17,Other injury,Bicyclists
T20160004799,3/2/2016,18:30:00,8,No collision and no object struck,3,Wednesday,174,OUT OF CONTROL ON CARRIAGEWAY (ON STRAIGHT),1,803353,2,0,1,0,1,2,1,5,Not at intersection,2,40,Local Road,30-39,Serious injury,Bicyclists
T20160004837,3/2/2016,17:00:00,1,Collision with vehicle,3,Wednesday,121,RIGHT THROUGH,1,67377,2,0,0,1,1,2,2,2,T intersection,3,50,Arterial Other,22-25,Other injury,Bicyclists
T20160004845,3/3/2016,18:50:00,1,Collision with vehicle,5,Thursday,121,RIGHT THROUGH,1,300730,2,0,1,0,1,2,1,5,Not at intersection,2,40,Arterial Other,30-39,Serious injury,Bicyclists
T20160004850,3/3/2016,15:10:00,1,Collision with vehicle,5,Thursday,148,VEHICLE OFF FOOTPATH STRIKES VEH ON CARRIAGEWAY,1,303282,2,0,0,1,0,1,1,5,Not at intersection,3,60,Uknown,13-15,Other injury,Bicyclists
T20160004863,3/3/2016,19:15:00,1,Collision with vehicle,5,Thursday,116,LEFT NEAR (INTERSECTIONS ONLY),1,-1,2,0,0,1,1,2,1,1,Cross intersection,3,80,Uknown,40-49,Other injury,Bicyclists
T20160004875,2/28/2016,21:45:00,1,Collision with vehicle,0,Sunday,121,RIGHT THROUGH,3,45511,2,0,0,1,1,2,2,2,T intersection,3,50,Local Road,30-39,Other injury,Bicyclists
T20160004877,3/3/2016,12:40:00,1,Collision with vehicle,5,Thursday,121,RIGHT THROUGH,1,49486,2,0,0,1,1,2,1,2,T intersection,3,60,Uknown,65-69,Other injury,Bicyclists
T20160004883,3/4/2016,8:30:00,1,Collision with vehicle,6,Friday,121,RIGHT THROUGH,1,36815,2,0,1,0,1,2,1,1,Cross intersection,2,50,Arterial Other,22-25,Serious injury,Bicyclists
T20160004887,3/4/2016,9:00:00,1,Collision with vehicle,5,Friday,110,CROSS TRAFFIC(INTERSECTIONS ONLY),1,29361,2,0,1,0,1,2,1,1,Cross intersection,2,50,Local Road,30-39,Serious injury,Bicyclists
T20160004891,3/4/2016,7:00:00,1,Collision with vehicle,6,Friday,160,VEHICLE COLLIDES WITH VEHICLE PARKED ON LEFT OF ROAD,2,300444,2,0,1,0,1,2,2,5,Not at intersection,2,80,Local Road,30-39,Serious injury,Bicyclists
T20160004893,3/4/2016,8:45:00,1,Collision with vehicle,5,Friday,135,LANE CHANGE LEFT (NOT OVERTAKING),1,300602,2,0,1,0,1,2,2,5,Not at intersection,2,80,Arterial Highway,30-39,Serious injury,Bicyclists
T20160004895,3/4/2016,7:45:00,1,Collision with vehicle,6,Friday,130,REAR END(VEHICLES IN SAME LANE),1,301293,2,0,0,1,1,2,1,5,Not at intersection,3,100,Arterial Other,50-59,Other injury,Bicyclists
T20160004903,3/4/2016,10:15:00,8,No collision and no object struck,6,Friday,184,OUT OF CONTROL ON CARRIAGEWAY (ON BEND),1,300467,1,0,1,0,0,1,1,5,Not at intersection,2,60,Arterial Other,26-29,Serious injury,Bicyclists
T20160004917,3/4/2016,11:25:00,8,No collision and no object struck,6,Friday,179,OTHER ACCIDENTS-OFF STRAIGHT NOT INCLUDED IN DCAs 170-175,1,300904,1,0,1,0,0,1,1,5,Not at intersection,2,80,Uknown,70+,Serious injury,Bicyclists
T20160004980,3/5/2016,12:30:00,1,Collision with vehicle,7,Saturday,121,RIGHT THROUGH,1,300471,2,0,0,2,0,2,2,5,Not at intersection,3,40,Arterial Other,65-69,Other injury,Bicyclists
T20160004996,3/5/2016,13:09:00,1,Collision with vehicle,7,Saturday,134,LANE CHANGE RIGHT (NOT OVERTAKING),1,306373,2,0,0,1,1,2,2,5,Not at intersection,3,30,Local Road,40-49,Other injury,Bicyclists
T20160004998,3/3/2016,8:30:00,1,Collision with vehicle,5,Thursday,136,RIGHT TURN SIDESWIPE,1,859,2,0,0,1,1,2,1,1,Cross intersection,3,60,Local Road,26-29,Other injury,Bicyclists
T20160005008,2/27/2016,10:00:00,1,Collision with vehicle,7,Saturday,163,VEHICLE STRIKES DOOR OF PARKED/STATIONARY VEHICLE,1,300551,2,0,0,1,1,2,2,5,Not at intersection,3,60,Arterial Other,30-39,Other injury,Bicyclists
T20160005024,2/29/2016,19:00:00,1,Collision with vehicle,2,Monday,148,VEHICLE OFF FOOTPATH STRIKES VEH ON CARRIAGEWAY,1,304650,2,0,0,1,1,2,2,1,Cross intersection,3,70,Arterial Highway,26-29,Other injury,Bicyclists
T20160005038,3/6/2016,10:30:00,1,Collision with vehicle,1,Sunday,154,PULLING OUT -REAR END,1,274695,2,0,0,1,1,2,1,5,Not at intersection,3,60,Arterial Other,50-59,Other injury,Bicyclists
T20160005040,2/8/2016,10:00:00,1,Collision with vehicle,2,Monday,163,VEHICLE STRIKES DOOR OF PARKED/STATIONARY VEHICLE,1,302387,2,0,0,1,1,2,2,5,Not at intersection,3,999,Local Road,30-39,Other injury,Bicyclists
T20160005061,3/4/2016,16:43:00,6,Vehicle overturned (no collision),6,Friday,170,OFF CARRIAGEWAY TO LEFT,1,65851,2,0,0,1,0,1,2,1,Cross intersection,3,40,Arterial Other,50-59,Other injury,Bicyclists
T20160005071,3/6/2016,16:00:00,1,Collision with vehicle,1,Sunday,121,RIGHT THROUGH,1,397,2,0,0,1,1,2,2,2,T intersection,3,60,Arterial Other,50-59,Other injury,Bicyclists
T20160005072,3/6/2016,8:55:00,4,Collision with a fixed object,1,Sunday,171,LEFT OFF CARRIAGEWAY INTO OBJECT/PARKED VEHICLE,1,54268,2,0,1,0,0,1,2,1,Cross intersection,2,50,Uknown,60-64,Serious injury,Bicyclists
T20160005094,3/7/2016,8:29:00,1,Collision with vehicle,2,Monday,137,LEFT TURN SIDESWIPE,1,37735,2,0,0,1,1,2,1,2,T intersection,3,40,Arterial Other,26-29,Other injury,Bicyclists
T20160005104,3/7/2016,7:30:00,1,Collision with vehicle,2,Monday,110,CROSS TRAFFIC(INTERSECTIONS ONLY),3,37300,2,0,0,1,1,2,2,1,Cross intersection,3,60,Local Road,30-39,Other injury,Bicyclists
T20160005107,3/7/2016,8:25:00,1,Collision with vehicle,2,Monday,130,REAR END(VEHICLES IN SAME LANE),1,300714,2,0,0,1,1,2,2,5,Not at intersection,3,40,Local Road,26-29,Other injury,Bicyclists
T20160005117,3/7/2016,8:12:00,1,Collision with vehicle,2,Monday,113,RIGHT NEAR (INTERSECTIONS ONLY),1,41188,2,0,0,1,1,2,1,2,T intersection,3,60,Arterial Other,26-29,Other injury,Bicyclists
T20160005137,3/6/2016,16:45:00,1,Collision with vehicle,0,Sunday,129,OTHER OPPOSING MANOEUVRES NOT INCLUDED IN DCAs 120-125.,9,300615,2,0,1,0,0,1,2,5,Not at intersection,2,888,Uknown,22-25,Serious injury,Bicyclists
T20160005163,3/8/2016,8:30:00,1,Collision with vehicle,3,Tuesday,110,CROSS TRAFFIC(INTERSECTIONS ONLY),1,36382,2,0,1,0,2,3,1,1,Cross intersection,2,40,Local Road,30-39,Serious injury,Bicyclists
T20160005230,3/8/2016,19:15:00,2,Struck Pedestrian,3,Tuesday,101,PED EMERGES FROM IN FRONT OF PARKED OR STATIONARY VEHICLE,1,300746,1,0,0,2,0,2,1,2,T intersection,3,999,Arterial Other,40-49,Other injury,Bicyclists
T20160005258,3/9/2016,7:00:00,1,Collision with vehicle,4,Wednesday,121,RIGHT THROUGH,3,41287,2,0,0,1,1,2,2,2,T intersection,3,50,Local Road,30-39,Other injury,Bicyclists
T20160005308,3/9/2016,17:45:00,1,Collision with vehicle,4,Wednesday,110,CROSS TRAFFIC(INTERSECTIONS ONLY),1,62422,2,0,0,1,1,2,1,1,Cross intersection,3,50,Local Road,30-39,Other injury,Bicyclists
T20160005309,3/9/2016,17:10:00,1,Collision with vehicle,4,Wednesday,110,CROSS TRAFFIC(INTERSECTIONS ONLY),1,302691,2,0,1,0,1,2,1,1,Cross intersection,2,60,Uknown,50-59,Serious injury,Bicyclists
T20160005314,3/9/2016,16:15:00,1,Collision with vehicle,4,Wednesday,147,VEHICLE STRIKES ANOTHER VEH WHILE EMERGING FROM DRIVEWAY,1,305599,2,0,0,1,1,2,1,5,Not at intersection,3,60,Local Road,13-15,Other injury,Bicyclists
T20160005318,3/8/2016,17:45:00,1,Collision with vehicle,3,Tuesday,163,VEHICLE STRIKES DOOR OF PARKED/STATIONARY VEHICLE,1,301059,2,0,1,0,1,2,2,5,Not at intersection,2,40,Local Road,40-49,Serious injury,Bicyclists
T20160005319,2/26/2016,9:30:00,6,Vehicle overturned (no collision),6,Friday,174,OUT OF CONTROL ON CARRIAGEWAY (ON STRAIGHT),1,300694,2,0,0,1,0,1,2,5,Not at intersection,3,60,Arterial Other,40-49,Other injury,Bicyclists
T20160005351,3/10/2016,8:56:00,1,Collision with vehicle,4,Thursday,137,LEFT TURN SIDESWIPE,1,37759,2,0,1,0,1,2,1,2,T intersection,2,60,Arterial Other,40-49,Serious injury,Bicyclists
T20160005370,3/8/2016,14:30:00,1,Collision with vehicle,3,Tuesday,130,REAR END(VEHICLES IN SAME LANE),1,44123,2,0,0,1,0,1,2,1,Cross intersection,3,80,Local Road,40-49,Other injury,Bicyclists
T20160005385,3/10/2016,6:50:00,1,Collision with vehicle,5,Thursday,110,CROSS TRAFFIC(INTERSECTIONS ONLY),1,52212,2,0,0,1,1,2,2,1,Cross intersection,3,60,Local Road,18-21,Other injury,Bicyclists
T20160005398,3/10/2016,7:21:00,1,Collision with vehicle,4,Thursday,110,CROSS TRAFFIC(INTERSECTIONS ONLY),1,44847,2,0,0,1,1,2,2,1,Cross intersection,3,50,Local Road,26-29,Other injury,Bicyclists
T20160005454,3/11/2016,9:10:00,1,Collision with vehicle,5,Friday,135,LANE CHANGE LEFT (NOT OVERTAKING),1,35365,3,0,1,0,2,3,1,1,Cross intersection,2,40,Local Road,30-39,Serious injury,Bicyclists
T20160005455,3/11/2016,8:30:00,1,Collision with vehicle,6,Friday,147,VEHICLE STRIKES ANOTHER VEH WHILE EMERGING FROM DRIVEWAY,1,304780,2,0,0,1,1,2,1,5,Not at intersection,3,40,Local Road,45424,Other injury,Bicyclists
T20160005492,3/4/2016,15:30:00,1,Collision with vehicle,5,Friday,120,HEAD ON (NOT OVERTAKING),1,305763,2,0,0,1,1,2,2,1,Cross intersection,3,50,Local Road,50-59,Other injury,Bicyclists
T20160005498,3/11/2016,13:05:00,1,Collision with vehicle,6,Friday,160,VEHICLE COLLIDES WITH VEHICLE PARKED ON LEFT OF ROAD,1,301578,3,0,0,1,1,2,1,5,Not at intersection,3,100,Local Road,60-64,Not injured,Bicyclists
T20160005505,3/4/2016,9:00:00,8,No collision and no object struck,6,Friday,174,OUT OF CONTROL ON CARRIAGEWAY (ON STRAIGHT),1,46519,2,0,0,1,0,1,2,2,T intersection,3,40,Arterial Other,40-49,Other injury,Bicyclists
T20160005509,3/11/2016,17:35:00,1,Collision with vehicle,6,Friday,137,LEFT TURN SIDESWIPE,1,303272,2,0,0,1,1,2,2,2,T intersection,3,60,Arterial Highway,40-49,Other injury,Bicyclists
T20160005510,3/11/2016,16:01:00,1,Collision with vehicle,6,Friday,147,VEHICLE STRIKES ANOTHER VEH WHILE EMERGING FROM DRIVEWAY,1,300789,2,0,0,1,1,2,1,5,Not at intersection,3,70,Arterial Other,45424,Other injury,Bicyclists
T20160005550,3/12/2016,9:00:00,1,Collision with vehicle,7,Saturday,113,RIGHT NEAR (INTERSECTIONS ONLY),1,73661,2,0,1,0,1,2,1,2,T intersection,2,60,Local Road,50-59,Serious injury,Bicyclists
T20160005551,3/12/2016,11:15:00,8,No collision and no object struck,7,Saturday,174,OUT OF CONTROL ON CARRIAGEWAY (ON STRAIGHT),1,301263,2,0,1,0,1,2,1,5,Not at intersection,2,60,Arterial Highway,50-59,Serious injury,Bicyclists
T20160005553,3/12/2016,7:10:00,1,Collision with vehicle,7,Saturday,110,CROSS TRAFFIC(INTERSECTIONS ONLY),3,29537,2,0,0,1,1,2,2,4,Multiple intersection,3,50,Arterial Other,30-39,Other injury,Bicyclists
T20160005556,3/12/2016,11:45:00,1,Collision with vehicle,6,Saturday,160,VEHICLE COLLIDES WITH VEHICLE PARKED ON LEFT OF ROAD,1,300846,2,0,0,1,0,1,1,5,Not at intersection,3,50,Arterial Other,18-21,Other injury,Bicyclists
T20160005581,3/11/2016,10:15:00,1,Collision with vehicle,6,Friday,137,LEFT TURN SIDESWIPE,1,302050,2,0,1,0,1,2,2,3,Y intersection,2,40,Arterial Other,60-64,Serious injury,Bicyclists
T20160005585,3/12/2016,18:15:00,1,Collision with vehicle,7,Saturday,130,REAR END(VEHICLES IN SAME LANE),1,59140,2,0,0,1,1,2,2,2,T intersection,3,50,Local Road,18-21,Other injury,Bicyclists
T20160005616,3/13/2016,6:07:00,9,Other accident,0,Sunday,198,OTHER ACCIDENTS NOT CLASSIFIABLE ELSEWHERE,3,300794,1,0,1,0,0,1,2,5,Not at intersection,2,50,Local Road,40-49,Serious injury,Bicyclists
T20160005634,3/13/2016,11:00:00,1,Collision with vehicle,0,Sunday,148,VEHICLE OFF FOOTPATH STRIKES VEH ON CARRIAGEWAY,1,72436,2,0,0,1,1,2,1,3,Y intersection,3,50,Uknown,65-69,Other injury,Bicyclists
T20160005676,2/1/2016,16:20:00,1,Collision with vehicle,2,Monday,110,CROSS TRAFFIC(INTERSECTIONS ONLY),1,36046,2,0,0,1,1,2,2,1,Cross intersection,3,40,Local Road,30-39,Other injury,Bicyclists
T20160005707,1/14/2016,6:50:00,1,Collision with vehicle,5,Thursday,110,CROSS TRAFFIC(INTERSECTIONS ONLY),1,63370,2,0,0,1,1,2,2,1,Cross intersection,3,60,Local Road,22-25,Other injury,Bicyclists
T20160005711,3/14/2016,11:10:00,4,Collision with a fixed object,2,Monday,183,OFF LEFT BEND INTO OBJECT/PARKED VEHICLE,1,300808,1,1,0,0,0,1,1,2,T intersection,1,100,Uknown,65-69,Fatality,Bicyclists
T20160005778,3/15/2016,8:50:00,1,Collision with vehicle,3,Tuesday,148,VEHICLE OFF FOOTPATH STRIKES VEH ON CARRIAGEWAY,1,300881,2,0,0,1,1,2,1,5,Not at intersection,3,50,Local Road,18-21,Other injury,Bicyclists
T20160005787,3/15/2016,8:30:00,1,Collision with vehicle,2,Tuesday,163,VEHICLE STRIKES DOOR OF PARKED/STATIONARY VEHICLE,1,301789,2,0,0,1,1,2,2,5,Not at intersection,3,60,Arterial Other,26-29,Other injury,Bicyclists
T20160005799,3/12/2016,10:30:00,1,Collision with vehicle,7,Saturday,121,RIGHT THROUGH,1,46876,2,0,1,0,1,2,2,1,Cross intersection,2,60,Arterial Other,18-21,Serious injury,Bicyclists
T20160005841,3/16/2016,7:00:00,1,Collision with vehicle,3,Wednesday,135,LANE CHANGE LEFT (NOT OVERTAKING),1,301050,2,0,1,0,1,2,1,5,Not at intersection,2,60,Local Road,70+,Serious injury,Bicyclists
T20160005884,2/18/2016,16:15:00,1,Collision with vehicle,5,Thursday,135,LANE CHANGE LEFT (NOT OVERTAKING),1,29427,2,0,0,1,0,1,2,1,Cross intersection,3,60,Local Road,50-59,Other injury,Bicyclists
T20160005895,3/16/2016,17:45:00,1,Collision with vehicle,3,Wednesday,137,LEFT TURN SIDESWIPE,1,46709,2,0,0,1,1,2,1,2,T intersection,3,40,Arterial Other,13-15,Other injury,Bicyclists
T20160005897,3/7/2016,21:15:00,1,Collision with vehicle,2,Monday,121,RIGHT THROUGH,3,39159,2,0,1,0,1,2,1,2,T intersection,2,60,Arterial Other,26-29,Serious injury,Bicyclists
T20160005902,3/16/2016,19:00:00,1,Collision with vehicle,3,Wednesday,130,REAR END(VEHICLES IN SAME LANE),1,304190,2,0,0,1,1,2,2,5,Not at intersection,3,100,Uknown,40-49,Other injury,Bicyclists
T20160005911,3/16/2016,8:55:00,1,Collision with vehicle,4,Wednesday,121,RIGHT THROUGH,1,37816,2,0,0,1,1,2,2,1,Cross intersection,3,50,Arterial Other,18-21,Other injury,Bicyclists
T20160005915,3/16/2016,22:00:00,1,Collision with vehicle,4,Wednesday,135,LANE CHANGE LEFT (NOT OVERTAKING),3,35298,4,0,0,1,2,3,1,1,Cross intersection,3,40,Arterial Other,18-21,Other injury,Bicyclists
T20160005934,3/17/2016,8:35:00,1,Collision with vehicle,5,Thursday,110,CROSS TRAFFIC(INTERSECTIONS ONLY),1,36046,2,0,1,0,1,2,1,1,Cross intersection,2,50,Local Road,30-39,Serious injury,Bicyclists
T20160005950,3/17/2016,10:30:00,1,Collision with vehicle,4,Thursday,130,REAR END(VEHICLES IN SAME LANE),1,301336,2,0,1,0,1,2,1,5,Not at intersection,2,60,Arterial Other,40-49,Serious injury,Bicyclists
T20160005956,3/17/2016,8:20:00,1,Collision with vehicle,5,Thursday,163,VEHICLE STRIKES DOOR OF PARKED/STATIONARY VEHICLE,1,29466,2,0,1,0,2,3,9,1,Cross intersection,2,40,Arterial Highway,30-39,Serious injury,Bicyclists
T20160005976,3/17/2016,10:15:00,1,Collision with vehicle,5,Thursday,137,LEFT TURN SIDESWIPE,1,65831,2,0,0,1,1,2,2,1,Cross intersection,3,40,Arterial Other,26-29,Other injury,Bicyclists
T20160005977,3/17/2016,15:30:00,1,Collision with vehicle,5,Thursday,121,RIGHT THROUGH,1,40190,2,0,1,0,2,3,1,2,T intersection,2,60,Arterial Other,18-21,Serious injury,Bicyclists
T20160005989,3/17/2016,18:30:00,1,Collision with vehicle,4,Thursday,121,RIGHT THROUGH,1,40280,2,0,1,0,1,2,1,1,Cross intersection,2,60,Arterial Other,40-49,Serious injury,Bicyclists
T20160005994,3/17/2016,18:20:00,1,Collision with vehicle,5,Thursday,137,LEFT TURN SIDESWIPE,1,305502,2,0,0,1,2,3,1,5,Not at intersection,3,50,Local Road,16-17,Other injury,Bicyclists
T20160006047,3/16/2016,21:03:00,1,Collision with vehicle,4,Wednesday,136,RIGHT TURN SIDESWIPE,3,36214,2,0,0,1,1,2,1,1,Cross intersection,3,60,Arterial Other,22-25,Other injury,Bicyclists
T20160006073,3/16/2016,18:50:00,1,Collision with vehicle,4,Wednesday,130,REAR END(VEHICLES IN SAME LANE),1,51544,2,0,1,0,0,1,2,2,T intersection,2,60,Arterial Highway,30-39,Serious injury,Bicyclists
T20160006081,3/18/2016,17:35:00,1,Collision with vehicle,6,Friday,147,VEHICLE STRIKES ANOTHER VEH WHILE EMERGING FROM DRIVEWAY,1,301415,2,0,0,1,2,3,1,5,Not at intersection,3,50,Arterial Other,13-15,Other injury,Bicyclists
T20160006089,3/18/2016,20:44:00,1,Collision with vehicle,6,Friday,148,VEHICLE OFF FOOTPATH STRIKES VEH ON CARRIAGEWAY,3,301651,2,0,1,0,1,2,1,5,Not at intersection,2,80,Arterial Other,18-21,Serious injury,Bicyclists
T20160006114,3/19/2016,7:05:00,1,Collision with vehicle,7,Saturday,110,CROSS TRAFFIC(INTERSECTIONS ONLY),2,41179,2,0,2,0,0,2,1,1,Cross intersection,2,60,Arterial Other,22-25,Serious injury,Bicyclists
T20160006145,3/15/2016,18:25:00,1,Collision with vehicle,3,Tuesday,110,CROSS TRAFFIC(INTERSECTIONS ONLY),2,37944,2,0,0,1,0,1,2,1,Cross intersection,3,50,Arterial Other,40-49,Other injury,Bicyclists
T20160006180,3/19/2016,12:00:00,1,Collision with vehicle,6,Saturday,130,REAR END(VEHICLES IN SAME LANE),1,35497,2,0,0,1,0,1,2,1,Cross intersection,3,50,Arterial Highway,40-49,Other injury,Bicyclists
T20160006181,3/13/2016,15:00:00,1,Collision with vehicle,1,Sunday,134,LANE CHANGE RIGHT (NOT OVERTAKING),1,301082,2,0,0,1,1,2,2,5,Not at intersection,3,50,Uknown,70+,Other injury,Bicyclists
T20160006188,3/20/2016,10:25:00,1,Collision with vehicle,1,Sunday,120,HEAD ON (NOT OVERTAKING),1,301364,2,0,1,0,1,2,1,5,Not at intersection,2,80,Arterial Highway,65-69,Serious injury,Bicyclists
T20160006193,3/20/2016,10:50:00,1,Collision with vehicle,0,Sunday,149,OTHER MANOEUVRING NOT INCLUDED IN DCAs 140-148,1,301461,2,0,1,0,1,2,2,5,Not at intersection,2,999,Local Road,30-39,Serious injury,Bicyclists
T20160006210,3/20/2016,10:28:00,8,No collision and no object struck,1,Sunday,170,OFF CARRIAGEWAY TO LEFT,1,55897,2,0,0,1,1,2,1,1,Cross intersection,3,60,Local Road,50-59,Other injury,Bicyclists