ACCIDENT_NO,ACCIDENT_DATE,ACCIDENT_TIME,ACCIDENT_TYPE,ACCIDENT_TYPE_DESC,DAY_OF_WEEK,DAY_WEEK_DESC,DCA_CODE,DCA_DESC,LIGHT_CONDITION,NODE_ID,NO_OF_VEHICLES,NO_PERSONS_KILLED,NO_PERSONS_INJ_2,NO_PERSONS_INJ_3,NO_PERSONS_NOT_INJ,NO_PERSONS,POLICE_ATTEND,ROAD_GEOMETRY,ROAD_GEOMETRY_DESC,SEVERITY,SPEED_ZONE,RMA,AGE_GROUP,INJ_LEVEL,ROAD_USER_TYPE_DESC
T20160006228,3/17/2016,19:15:00,1,Collision with vehicle,5,Thursday,116,LEFT NEAR (INTERSECTIONS ONLY),2,64891,2,0,0,1,1,2,2,2,T intersection,3,999,Local Road,30-39,Other injury,Bicyclists
T20160006232,3/20/2016,19:15:00,6,Vehicle overturned (no collision),1,Sunday,174,OUT OF CONTROL ON CARRIAGEWAY (ON STRAIGHT),1,301660,1,0,0,1,0,1,1,5,Not at intersection,3,50,Uknown,50-59,Other injury,Bicyclists
T20160006245,3/21/2016,6:30:00,3,Struck animal,2,Monday,167,STRUCK ANIMAL,5,301325,5,0,1,3,1,5,1,5,Not at intersection,2,80,Local Road,40-49,Serious injury,Bicyclists
T20160006246,3/21/2016,8:20:00,1,Collision with vehicle,2,Monday,113,RIGHT NEAR (INTERSECTIONS ONLY),1,307561,2,0,1,0,1,2,1,2,T intersection,2,50,Arterial Highway,50-59,Serious injury,Bicyclists
T20160006248,3/21/2016,8:30:00,6,Vehicle overturned (no collision),1,Monday,174,OUT OF CONTROL ON CARRIAGEWAY (ON STRAIGHT),1,301466,1,0,0,1,0,1,1,5,Not at intersection,3,50,Local Road,30-39,Other injury,Bicyclists
T20160006261,3/21/2016,9:00:00,1,Collision with vehicle,2,Monday,110,CROSS TRAFFIC(INTERSECTIONS ONLY),1,51929,2,0,1,0,1,2,1,1,Cross intersection,2,50,Local Road,13-15,Serious injury,Bicyclists
T20160006335,3/22/2016,8:20:00,1,Collision with vehicle,3,Tuesday,147,VEHICLE STRIKES ANOTHER VEH WHILE EMERGING FROM DRIVEWAY,1,301838,2,0,0,1,1,2,1,5,Not at intersection,3,999,Arterial Highway,45424,Other injury,Bicyclists
T20160006342,3/21/2016,18:25:00,1,Collision with vehicle,1,Monday,121,RIGHT THROUGH,2,373,2,0,0,1,1,2,1,2,T intersection,3,60,Local Road,16-17,Other injury,Bicyclists
T20160006343,3/22/2016,8:30:00,1,Collision with vehicle,3,Tuesday,113,RIGHT NEAR (INTERSECTIONS ONLY),1,302835,2,0,0,1,1,2,1,2,T intersection,3,50,Local Road,60-64,Other injury,Bicyclists
T20160006354,3/22/2016,8:10:00,1,Collision with vehicle,2,Tuesday,137,LEFT TURN SIDESWIPE,1,45490,2,0,1,0,1,2,1,2,T intersection,2,40,Arterial Other,50-59,Serious injury,Bicyclists
T20160006363,3/22/2016,8:30:00,1,Collision with vehicle,3,Tuesday,110,CROSS TRAFFIC(INTERSECTIONS ONLY),1,36046,2,0,0,1,1,2,2,1,Cross intersection,3,40,Local Road,30-39,Other injury,Bicyclists
T20160006366,3/22/2016,9:40:00,1,Collision with vehicle,3,Tuesday,147,VEHICLE STRIKES ANOTHER VEH WHILE EMERGING FROM DRIVEWAY,1,302642,2,0,0,1,1,2,1,5,Not at intersection,3,60,Arterial Other,65-69,Other injury,Bicyclists
T20160006383,3/22/2016,11:22:00,1,Collision with vehicle,3,Tuesday,116,LEFT NEAR (INTERSECTIONS ONLY),1,30323,2,0,0,2,0,2,1,1,Cross intersection,3,777,Uknown,65-69,Other injury,Bicyclists
T20160006384,3/19/2016,8:15:00,8,No collision and no object struck,7,Saturday,174,OUT OF CONTROL ON CARRIAGEWAY (ON STRAIGHT),1,50184,2,0,0,1,1,2,2,2,T intersection,3,50,Uknown,50-59,Other injury,Bicyclists
T20160006415,3/22/2016,18:55:00,1,Collision with vehicle,3,Tuesday,110,CROSS TRAFFIC(INTERSECTIONS ONLY),1,38155,2,0,1,0,1,2,1,1,Cross intersection,2,60,Arterial Highway,30-39,Serious injury,Bicyclists
T20160006421,3/22/2016,19:09:00,1,Collision with vehicle,3,Tuesday,198,OTHER ACCIDENTS NOT CLASSIFIABLE ELSEWHERE,2,303822,2,0,1,0,2,3,1,5,Not at intersection,2,60,Arterial Other,30-39,Serious injury,Bicyclists
T20160006426,3/22/2016,8:30:00,1,Collision with vehicle,2,Tuesday,121,RIGHT THROUGH,1,31040,2,0,0,1,1,2,2,2,T intersection,3,60,Arterial Other,22-25,Other injury,Bicyclists
T20160006429,3/14/2016,14:20:00,1,Collision with vehicle,2,Monday,119,OTHER ADJACENT (INTERSECTIONS ONLY),1,36610,2,0,0,1,0,1,2,2,T intersection,3,60,Local Road,30-39,Other injury,Bicyclists
T20160006430,3/23/2016,5:25:00,1,Collision with vehicle,4,Wednesday,130,REAR END(VEHICLES IN SAME LANE),3,303341,4,0,2,0,2,4,1,5,Not at intersection,2,60,Local Road,30-39,Serious injury,Bicyclists
T20160006435,3/21/2016,8:20:00,1,Collision with vehicle,2,Monday,110,CROSS TRAFFIC(INTERSECTIONS ONLY),1,303659,2,0,0,1,1,2,2,1,Cross intersection,3,60,Local Road,30-39,Other injury,Bicyclists
T20160006445,3/3/2016,12:45:00,1,Collision with vehicle,4,Thursday,113,RIGHT NEAR (INTERSECTIONS ONLY),1,45137,2,0,0,1,1,2,2,2,T intersection,3,999,Local Road,26-29,Other injury,Bicyclists
T20160006448,3/23/2016,7:30:00,1,Collision with vehicle,4,Wednesday,110,CROSS TRAFFIC(INTERSECTIONS ONLY),3,44303,2,0,1,0,1,2,1,1,Cross intersection,2,60,Arterial Other,50-59,Serious injury,Bicyclists
T20160006452,3/23/2016,11:10:00,1,Collision with vehicle,3,Wednesday,160,VEHICLE COLLIDES WITH VEHICLE PARKED ON LEFT OF ROAD,1,301393,2,0,0,1,1,2,1,5,Not at intersection,3,60,Arterial Other,40-49,Other injury,Bicyclists
T20160006458,3/23/2016,6:08:00,1,Collision with vehicle,4,Wednesday,134,LANE CHANGE RIGHT (NOT OVERTAKING),3,301329,2,0,1,0,1,2,1,5,Not at intersection,2,60,Arterial Other,40-49,Serious injury,Bicyclists
T20160006462,3/23/2016,6:30:00,1,Collision with vehicle,4,Wednesday,111,RIGHT FAR (INTERSECTIONS ONLY),2,301638,2,0,0,1,0,1,2,2,T intersection,3,999,Local Road,40-49,Other injury,Bicyclists
T20160006468,3/23/2016,13:32:00,1,Collision with vehicle,3,Wednesday,110,CROSS TRAFFIC(INTERSECTIONS ONLY),1,63701,2,0,0,1,1,2,1,1,Cross intersection,3,50,Local Road,Unknown,Other injury,Bicyclists
T20160006485,3/16/2016,16:50:00,1,Collision with vehicle,4,Wednesday,137,LEFT TURN SIDESWIPE,1,301600,2,0,1,0,2,3,1,2,T intersection,2,999,Arterial Highway,22-25,Serious injury,Bicyclists
T20160006504,3/23/2016,8:05:00,1,Collision with vehicle,4,Wednesday,120,HEAD ON (NOT OVERTAKING),1,301924,2,0,0,2,0,2,2,5,Not at intersection,3,60,Arterial Highway,30-39,Other injury,Bicyclists
T20160006534,2/14/2016,4:30:00,3,Struck animal,1,Sunday,167,STRUCK ANIMAL,5,301302,1,0,1,0,0,1,2,5,Not at intersection,2,999,Arterial Other,40-49,Serious injury,Bicyclists
T20160006535,3/19/2016,12:00:00,1,Collision with vehicle,7,Saturday,147,VEHICLE STRIKES ANOTHER VEH WHILE EMERGING FROM DRIVEWAY,1,304652,2,0,1,0,1,2,2,5,Not at intersection,2,888,Arterial Highway,60-64,Serious injury,Bicyclists
T20160006555,3/23/2016,8:50:00,1,Collision with vehicle,4,Wednesday,163,VEHICLE STRIKES DOOR OF PARKED/STATIONARY VEHICLE,1,301743,2,0,0,1,1,2,2,2,T intersection,3,999,Local Road,30-39,Other injury,Bicyclists
T20160006585,3/25/2016,1:48:00,8,No collision and no object struck,6,Friday,170,OFF CARRIAGEWAY TO LEFT,3,301308,1,0,1,0,0,1,1,1,Cross intersection,2,50,Local Road,22-25,Serious injury,Bicyclists
T20160006601,3/25/2016,6:22:00,1,Collision with vehicle,5,Friday,120,HEAD ON (NOT OVERTAKING),3,304130,2,0,1,0,0,1,1,5,Not at intersection,2,50,Uknown,30-39,Serious injury,Bicyclists
T20160006608,3/1/2016,14:00:00,1,Collision with vehicle,3,Tuesday,130,REAR END(VEHICLES IN SAME LANE),1,44515,2,0,0,1,0,1,2,2,T intersection,3,60,Arterial Other,50-59,Other injury,Bicyclists
T20160006634,3/24/2016,20:10:00,1,Collision with vehicle,5,Thursday,114,TWO RIGHT TURNING (INTERSECTIONS ONLY),6,783,2,0,0,1,2,3,2,2,T intersection,3,999,Local Road,26-29,Other injury,Bicyclists
T20160006658,3/26/2016,7:55:00,1,Collision with vehicle,7,Saturday,130,REAR END(VEHICLES IN SAME LANE),1,301385,2,0,1,0,1,2,1,5,Not at intersection,2,100,Arterial Highway,30-39,Serious injury,Bicyclists
T20160006660,12/29/2015,7:10:00,1,Collision with vehicle,3,Tuesday,113,RIGHT NEAR (INTERSECTIONS ONLY),2,301331,2,0,0,1,2,3,2,2,T intersection,3,60,Arterial Other,50-59,Other injury,Bicyclists
T20160006709,3/23/2016,10:40:00,1,Collision with vehicle,4,Wednesday,137,LEFT TURN SIDESWIPE,1,36607,2,0,0,1,1,2,2,2,T intersection,3,50,Local Road,30-39,Other injury,Bicyclists
T20160006734,3/11/2016,16:00:00,8,No collision and no object struck,6,Friday,174,OUT OF CONTROL ON CARRIAGEWAY (ON STRAIGHT),9,45628,1,0,1,0,0,1,2,1,Cross intersection,2,40,Arterial Other,30-39,Serious injury,Bicyclists
T20160006744,3/27/2016,10:30:00,2,Struck Pedestrian,1,Sunday,108,PED STRUCK WALKING TO/FROM OR BOARDING/ALIGHTING VEHICLE.,1,301387,1,0,0,1,1,2,2,2,T intersection,3,40,Arterial Other,Unknown,Not injured,Bicyclists
T20160006775,3/24/2016,19:30:00,1,Collision with vehicle,5,Thursday,137,LEFT TURN SIDESWIPE,2,57453,2,0,0,1,1,2,2,2,T intersection,3,60,Arterial Other,26-29,Other injury,Bicyclists
T20160006776,3/17/2016,9:45:00,6,Vehicle overturned (no collision),5,Thursday,174,OUT OF CONTROL ON CARRIAGEWAY (ON STRAIGHT),1,288330,1,0,0,1,0,1,1,5,Not at intersection,3,40,Local Road,30-39,Other injury,Bicyclists
T20160006779,3/27/2016,21:50:00,1,Collision with vehicle,1,Sunday,149,OTHER MANOEUVRING NOT INCLUDED IN DCAs 140-148,3,301843,2,0,0,1,1,2,1,5,Not at intersection,3,50,Local Road,26-29,Other injury,Bicyclists
T20160006804,3/28/2016,11:10:00,1,Collision with vehicle,1,Monday,142,LEAVING PARKING,1,301786,2,0,1,0,1,2,1,5,Not at intersection,2,50,Arterial Other,30-39,Serious injury,Bicyclists
T20160006812,3/7/2016,6:40:00,1,Collision with vehicle,2,Monday,110,CROSS TRAFFIC(INTERSECTIONS ONLY),2,301553,2,0,0,1,1,2,1,1,Cross intersection,3,50,Local Road,50-59,Other injury,Bicyclists
T20160006813,3/27/2016,12:47:00,1,Collision with vehicle,1,Sunday,160,VEHICLE COLLIDES WITH VEHICLE PARKED ON LEFT OF ROAD,1,301794,2,0,0,2,2,4,1,5,Not at intersection,3,40,Local Road,50-59,Other injury,Bicyclists
T20160006833,3/22/2016,18:25:00,1,Collision with vehicle,3,Tuesday,160,VEHICLE COLLIDES WITH VEHICLE PARKED ON LEFT OF ROAD,1,301408,2,0,1,0,1,2,1,5,Not at intersection,2,40,Uknown,22-25,Serious injury,Bicyclists
T20160006866,3/9/2016,17:30:00,1,Collision with vehicle,4,Wednesday,137,LEFT TURN SIDESWIPE,1,36610,2,0,0,1,1,2,2,2,T intersection,3,50,Local Road,22-25,Other injury,Bicyclists
T20160006913,3/30/2016,5:41:00,1,Collision with vehicle,3,Wednesday,116,LEFT NEAR (INTERSECTIONS ONLY),3,37320,2,0,0,1,1,2,1,2,T intersection,3,60,Arterial Other,60-64,Other injury,Bicyclists
T20160006930,3/30/2016,10:15:00,4,Collision with a fixed object,4,Wednesday,171,LEFT OFF CARRIAGEWAY INTO OBJECT/PARKED VEHICLE,1,224244,2,0,0,1,1,2,1,2,T intersection,3,80,Local Road,30-39,Other injury,Bicyclists
T20160006931,3/30/2016,7:45:00,1,Collision with vehicle,4,Wednesday,163,VEHICLE STRIKES DOOR OF PARKED/STATIONARY VEHICLE,2,301544,2,0,0,1,1,2,1,5,Not at intersection,3,40,Local Road,26-29,Other injury,Bicyclists
T20160006934,3/12/2016,17:30:00,8,No collision and no object struck,7,Saturday,170,OFF CARRIAGEWAY TO LEFT,1,301696,2,0,0,1,0,1,2,5,Not at intersection,3,999,Local Road,45424,Other injury,Bicyclists
T20160006940,3/11/2016,16:30:00,8,No collision and no object struck,6,Friday,174,OUT OF CONTROL ON CARRIAGEWAY (ON STRAIGHT),9,301613,2,0,0,1,0,1,2,5,Not at intersection,3,999,Local Road,22-25,Other injury,Bicyclists
T20160006971,3/30/2016,18:15:00,1,Collision with vehicle,3,Wednesday,137,LEFT TURN SIDESWIPE,2,45344,2,0,0,1,1,2,2,4,Multiple intersection,3,60,Arterial Other,30-39,Other injury,Bicyclists
T20160006975,3/3/2016,19:00:00,1,Collision with vehicle,4,Thursday,110,CROSS TRAFFIC(INTERSECTIONS ONLY),2,301594,2,0,0,2,0,2,2,1,Cross intersection,3,50,Local Road,40-49,Other injury,Bicyclists
T20160006998,3/31/2016,9:39:00,1,Collision with vehicle,5,Thursday,163,VEHICLE STRIKES DOOR OF PARKED/STATIONARY VEHICLE,1,301793,2,0,1,0,1,2,1,5,Not at intersection,2,60,Arterial Other,30-39,Serious injury,Bicyclists
T20160007011,3/31/2016,11:02:00,1,Collision with vehicle,4,Thursday,121,RIGHT THROUGH,1,46948,3,0,1,0,2,3,1,2,T intersection,2,40,Arterial Other,60-64,Serious injury,Bicyclists
T20160007023,3/31/2016,11:20:00,1,Collision with vehicle,5,Thursday,121,RIGHT THROUGH,1,35817,2,0,1,0,1,2,1,1,Cross intersection,2,60,Arterial Highway,18-21,Serious injury,Bicyclists
T20160007043,3/31/2016,15:30:00,1,Collision with vehicle,5,Thursday,116,LEFT NEAR (INTERSECTIONS ONLY),1,36445,2,0,0,1,1,2,2,2,T intersection,3,60,Arterial Other,26-29,Other injury,Bicyclists
T20160007050,3/31/2016,18:35:00,1,Collision with vehicle,4,Thursday,110,CROSS TRAFFIC(INTERSECTIONS ONLY),1,38042,2,0,1,0,1,2,1,1,Cross intersection,2,60,Local Road,40-49,Serious injury,Bicyclists
T20160007052,3/31/2016,17:18:00,1,Collision with vehicle,5,Thursday,113,RIGHT NEAR (INTERSECTIONS ONLY),1,50508,2,0,0,1,3,4,1,1,Cross intersection,3,50,Local Road,22-25,Other injury,Bicyclists
T20160007058,3/31/2016,16:11:00,1,Collision with vehicle,5,Thursday,148,VEHICLE OFF FOOTPATH STRIKES VEH ON CARRIAGEWAY,1,302045,2,0,1,0,2,3,1,5,Not at intersection,2,50,Arterial Highway,70+,Serious injury,Bicyclists
T20160007062,3/31/2016,9:50:00,1,Collision with vehicle,5,Thursday,116,LEFT NEAR (INTERSECTIONS ONLY),1,301634,2,0,0,1,1,2,1,2,T intersection,3,80,Arterial Other,50-59,Other injury,Bicyclists
T20160007088,4/1/2016,8:30:00,1,Collision with vehicle,5,Friday,121,RIGHT THROUGH,1,37669,2,0,1,0,1,2,1,2,T intersection,2,30,Arterial Other,22-25,Serious injury,Bicyclists
T20160007113,3/17/2016,19:40:00,1,Collision with vehicle,5,Thursday,163,VEHICLE STRIKES DOOR OF PARKED/STATIONARY VEHICLE,2,301661,2,0,0,1,1,2,2,5,Not at intersection,3,40,Local Road,40-49,Other injury,Bicyclists
T20160007118,4/1/2016,15:19:00,1,Collision with vehicle,6,Friday,134,LANE CHANGE RIGHT (NOT OVERTAKING),1,35663,2,0,0,1,1,2,1,2,T intersection,3,60,Local Road,60-64,Other injury,Bicyclists
T20160007130,4/1/2016,16:05:00,1,Collision with vehicle,6,Friday,111,RIGHT FAR (INTERSECTIONS ONLY),1,302008,2,0,0,1,1,2,1,2,T intersection,3,60,Local Road,50-59,Other injury,Bicyclists
T20160007135,4/1/2016,19:55:00,1,Collision with vehicle,6,Friday,148,VEHICLE OFF FOOTPATH STRIKES VEH ON CARRIAGEWAY,3,29713,2,0,1,0,1,2,1,2,T intersection,2,60,Arterial Highway,18-21,Serious injury,Bicyclists
T20160007140,4/1/2016,7:40:00,1,Collision with vehicle,5,Friday,163,VEHICLE STRIKES DOOR OF PARKED/STATIONARY VEHICLE,1,301888,2,0,0,1,1,2,2,5,Not at intersection,3,999,Arterial Other,26-29,Other injury,Bicyclists
T20160007152,4/1/2016,14:00:00,1,Collision with vehicle,6,Friday,122,LEFT THROUGH,1,32340,2,0,0,1,1,2,1,1,Cross intersection,3,70,Arterial Highway,30-39,Other injury,Bicyclists
T20160007153,3/21/2016,14:35:00,1,Collision with vehicle,2,Monday,110,CROSS TRAFFIC(INTERSECTIONS ONLY),1,231563,2,0,0,1,1,2,2,1,Cross intersection,3,60,Arterial Other,22-25,Other injury,Bicyclists
T20160007206,4/2/2016,19:00:00,1,Collision with vehicle,7,Saturday,121,RIGHT THROUGH,2,36370,2,0,0,1,0,1,1,1,Cross intersection,3,50,Local Road,30-39,Other injury,Bicyclists
T20160007222,3/13/2016,9:20:00,1,Collision with vehicle,1,Sunday,110,CROSS TRAFFIC(INTERSECTIONS ONLY),1,29540,2,0,1,0,1,2,2,1,Cross intersection,2,999,Arterial Other,40-49,Serious injury,Bicyclists
T20160007233,4/3/2016,9:15:00,6,Vehicle overturned (no collision),1,Sunday,174,OUT OF CONTROL ON CARRIAGEWAY (ON STRAIGHT),1,301724,2,0,0,2,0,2,1,5,Not at intersection,3,60,Arterial Other,50-59,Other injury,Bicyclists
T20160007244,3/27/2016,18:00:00,1,Collision with vehicle,1,Sunday,139,OTHER SAME DIRECTION-MANOUEVRES NOT INCLUDED IN DCAs 130-137,1,42946,2,0,0,1,0,1,9,2,T intersection,3,999,Local Road,18-21,Other injury,Bicyclists
T20160007245,4/3/2016,10:50:00,1,Collision with vehicle,0,Sunday,137,LEFT TURN SIDESWIPE,1,37416,2,0,0,1,0,1,2,2,T intersection,3,60,Arterial Other,50-59,Other injury,Bicyclists
T20160007250,4/3/2016,11:30:00,1,Collision with vehicle,1,Sunday,150,HEAD ON(OVERTAKING),1,301896,3,0,1,0,2,3,1,2,T intersection,2,999,Local Road,50-59,Serious injury,Bicyclists
T20160007252,2/8/2016,16:45:00,1,Collision with vehicle,2,Monday,130,REAR END(VEHICLES IN SAME LANE),1,301684,2,0,0,1,0,1,1,1,Cross intersection,3,50,Local Road,22-25,Other injury,Bicyclists
T20160007276,4/3/2016,16:40:00,1,Collision with vehicle,1,Sunday,121,RIGHT THROUGH,1,29623,2,0,0,1,1,2,1,1,Cross intersection,3,60,Arterial Highway,16-17,Other injury,Bicyclists
T20160007292,3/10/2016,8:35:00,1,Collision with vehicle,4,Thursday,163,VEHICLE STRIKES DOOR OF PARKED/STATIONARY VEHICLE,1,303301,2,0,1,0,1,2,2,5,Not at intersection,2,60,Arterial Other,18-21,Serious injury,Bicyclists
T20160007295,4/4/2016,8:14:00,1,Collision with vehicle,1,Monday,110,CROSS TRAFFIC(INTERSECTIONS ONLY),1,36489,2,0,0,1,1,2,1,1,Cross intersection,3,40,Local Road,30-39,Other injury,Bicyclists
T20160007305,4/4/2016,8:20:00,1,Collision with vehicle,2,Monday,137,LEFT TURN SIDESWIPE,1,36065,2,0,0,1,1,2,1,2,T intersection,3,60,Local Road,30-39,Other injury,Bicyclists
T20160007312,4/4/2016,11:20:00,1,Collision with vehicle,2,Monday,121,RIGHT THROUGH,1,35312,2,0,1,0,1,2,1,2,T intersection,2,60,Arterial Highway,26-29,Serious injury,Bicyclists
T20160007317,4/4/2016,10:10:00,1,Collision with vehicle,2,Monday,130,REAR END(VEHICLES IN SAME LANE),1,303133,2,0,1,0,2,3,1,5,Not at intersection,2,50,Local Road,18-21,Serious injury,Bicyclists
T20160007319,4/4/2016,8:05:00,1,Collision with vehicle,2,Monday,113,RIGHT NEAR (INTERSECTIONS ONLY),1,64562,2,0,0,1,1,2,2,1,Cross intersection,3,50,Local Road,30-39,Other injury,Bicyclists
T20160007357,4/4/2016,13:24:00,1,Collision with vehicle,1,Monday,110,CROSS TRAFFIC(INTERSECTIONS ONLY),1,63608,2,0,0,1,0,1,2,1,Cross intersection,3,50,Local Road,26-29,Other injury,Bicyclists
T20160007378,4/5/2016,9:30:00,1,Collision with vehicle,2,Tuesday,116,LEFT NEAR (INTERSECTIONS ONLY),1,43567,2,0,0,1,1,2,1,1,Cross intersection,3,80,Arterial Highway,30-39,Other injury,Bicyclists
T20160007391,3/22/2016,18:15:00,1,Collision with vehicle,3,Tuesday,120,HEAD ON (NOT OVERTAKING),1,64160,2,0,0,1,1,2,2,2,T intersection,3,999,Local Road,40-49,Other injury,Bicyclists
T20160007399,4/5/2016,9:30:00,1,Collision with vehicle,3,Tuesday,147,VEHICLE STRIKES ANOTHER VEH WHILE EMERGING FROM DRIVEWAY,1,303469,2,0,0,1,1,2,1,5,Not at intersection,3,999,Arterial Other,Unknown,Other injury,Bicyclists
T20160007403,4/3/2016,14:00:00,1,Collision with vehicle,1,Sunday,198,OTHER ACCIDENTS NOT CLASSIFIABLE ELSEWHERE,1,301889,2,0,1,0,0,1,2,5,Not at intersection,2,50,Local Road,40-49,Serious injury,Bicyclists
T20160007431,4/4/2016,21:30:00,1,Collision with vehicle,1,Monday,110,CROSS TRAFFIC(INTERSECTIONS ONLY),3,41345,2,0,0,1,1,2,1,1,Cross intersection,3,60,Local Road,26-29,Other injury,Bicyclists
T20160007468,4/5/2016,14:10:00,1,Collision with vehicle,3,Tuesday,113,RIGHT NEAR (INTERSECTIONS ONLY),1,29662,2,0,1,0,1,2,1,1,Cross intersection,2,60,Arterial Other,65-69,Serious injury,Bicyclists
T20160007514,4/5/2016,17:26:00,1,Collision with vehicle,3,Tuesday,133,LANE SIDE SWIPE (VEHICLES IN PARALLEL LANES),1,301899,2,0,0,1,1,2,1,2,T intersection,3,60,Local Road,45424,Other injury,Bicyclists
T20160007522,4/6/2016,18:45:00,1,Collision with vehicle,3,Wednesday,163,VEHICLE STRIKES DOOR OF PARKED/STATIONARY VEHICLE,3,301849,2,0,1,0,1,2,2,2,T intersection,2,40,Local Road,30-39,Serious injury,Bicyclists
T20160007527,3/17/2016,18:55:00,1,Collision with vehicle,5,Thursday,121,RIGHT THROUGH,1,38165,2,0,1,0,1,2,2,1,Cross intersection,2,50,Arterial Other,22-25,Serious injury,Bicyclists
T20160007542,4/6/2016,17:30:00,1,Collision with vehicle,3,Wednesday,163,VEHICLE STRIKES DOOR OF PARKED/STATIONARY VEHICLE,2,301895,2,0,0,1,1,2,1,5,Not at intersection,3,50,Local Road,40-49,Other injury,Bicyclists
T20160007572,4/7/2016,10:30:00,1,Collision with vehicle,4,Thursday,110,CROSS TRAFFIC(INTERSECTIONS ONLY),1,42283,2,0,0,1,1,2,1,1,Cross intersection,3,50,Local Road,18-21,Other injury,Bicyclists
T20160007575,4/7/2016,8:30:00,1,Collision with vehicle,5,Thursday,111,RIGHT FAR (INTERSECTIONS ONLY),1,65180,2,0,0,1,1,2,2,1,Cross intersection,3,50,Local Road,30-39,Other injury,Bicyclists
T20160007623,4/7/2016,18:50:00,1,Collision with vehicle,5,Thursday,121,RIGHT THROUGH,3,36370,2,0,0,1,1,2,1,1,Cross intersection,3,60,Local Road,26-29,Other injury,Bicyclists
T20160007644,4/7/2016,6:30:00,8,No collision and no object struck,5,Thursday,184,OUT OF CONTROL ON CARRIAGEWAY (ON BEND),2,301974,1,0,0,1,0,1,1,5,Not at intersection,3,60,Arterial Other,40-49,Other injury,Bicyclists
T20160007660,4/8/2016,9:30:00,1,Collision with vehicle,5,Friday,133,LANE SIDE SWIPE (VEHICLES IN PARALLEL LANES),1,29397,2,0,1,0,1,2,1,1,Cross intersection,2,60,Arterial Other,40-49,Serious injury,Bicyclists
T20160007671,4/7/2016,8:45:00,1,Collision with vehicle,5,Thursday,121,RIGHT THROUGH,1,38776,2,0,1,0,1,2,2,1,Cross intersection,2,60,Local Road,40-49,Serious injury,Bicyclists
T20160007676,4/8/2016,10:58:00,1,Collision with vehicle,6,Friday,148,VEHICLE OFF FOOTPATH STRIKES VEH ON CARRIAGEWAY,1,36412,2,0,0,1,1,2,1,1,Cross intersection,3,50,Local Road,18-21,Other injury,Bicyclists
T20160007691,4/8/2016,15:00:00,1,Collision with vehicle,6,Friday,147,VEHICLE STRIKES ANOTHER VEH WHILE EMERGING FROM DRIVEWAY,1,302156,4,0,0,1,3,4,1,5,Not at intersection,3,888,Arterial Other,40-49,Other injury,Bicyclists
T20160007712,4/8/2016,16:00:00,1,Collision with vehicle,6,Friday,163,VEHICLE STRIKES DOOR OF PARKED/STATIONARY VEHICLE,1,302545,3,0,0,1,2,3,2,2,T intersection,3,40,Local Road,30-39,Other injury,Bicyclists
T20160007740,3/16/2016,16:50:00,1,Collision with vehicle,3,Wednesday,113,RIGHT NEAR (INTERSECTIONS ONLY),1,37779,2,0,1,0,1,2,1,2,T intersection,2,50,Local Road,30-39,Serious injury,Bicyclists
T20160007757,4/9/2016,8:25:00,1,Collision with vehicle,7,Saturday,121,RIGHT THROUGH,1,57528,2,0,1,0,1,2,1,2,T intersection,2,60,Arterial Other,26-29,Serious injury,Bicyclists
T20160007772,4/9/2016,11:30:00,1,Collision with vehicle,7,Saturday,163,VEHICLE STRIKES DOOR OF PARKED/STATIONARY VEHICLE,1,302151,2,0,0,1,2,3,2,5,Not at intersection,3,40,Local Road,65-69,Other injury,Bicyclists
T20160007774,4/9/2016,13:50:00,1,Collision with vehicle,7,Saturday,112,LEFT FAR (INTERSECTIONS ONLY),1,302023,2,0,1,0,1,2,1,2,T intersection,2,50,Local Road,40-49,Serious injury,Bicyclists
T20160007777,4/9/2016,17:30:00,8,No collision and no object struck,7,Saturday,174,OUT OF CONTROL ON CARRIAGEWAY (ON STRAIGHT),1,302145,1,0,0,1,0,1,1,5,Not at intersection,3,999,Local Road,70+,Other injury,Bicyclists
T20160007779,4/9/2016,16:50:00,1,Collision with vehicle,7,Saturday,160,VEHICLE COLLIDES WITH VEHICLE PARKED ON LEFT OF ROAD,1,302017,2,0,0,1,0,1,1,5,Not at intersection,3,50,Local Road,13-15,Other injury,Bicyclists
T20160007810,4/9/2016,9:15:00,1,Collision with vehicle,7,Saturday,113,RIGHT NEAR (INTERSECTIONS ONLY),1,38865,2,0,0,2,0,2,2,2,T intersection,3,50,Arterial Other,30-39,Other injury,Bicyclists
T20160007815,4/10/2016,7:00:00,1,Collision with vehicle,1,Sunday,133,LANE SIDE SWIPE (VEHICLES IN PARALLEL LANES),1,302956,3,0,1,0,2,3,1,5,Not at intersection,2,60,Local Road,40-49,Serious injury,Bicyclists
T20160007842,4/9/2016,9:45:00,1,Collision with vehicle,7,Saturday,130,REAR END(VEHICLES IN SAME LANE),1,305258,2,0,0,1,1,2,2,5,Not at intersection,3,60,Local Road,30-39,Other injury,Bicyclists
T20160007843,4/10/2016,17:35:00,1,Collision with vehicle,1,Sunday,133,LANE SIDE SWIPE (VEHICLES IN PARALLEL LANES),3,142118,2,0,0,1,1,2,1,4,Multiple intersection,3,50,Arterial Other,22-25,Other injury,Bicyclists
T20160007861,4/10/2016,16:57:00,1,Collision with vehicle,1,Sunday,148,VEHICLE OFF FOOTPATH STRIKES VEH ON CARRIAGEWAY,1,303243,2,0,1,0,1,2,1,5,Not at intersection,2,50,Uknown,13-15,Serious injury,Bicyclists