ACCIDENT_NO,ACCIDENT_DATE,ACCIDENT_TIME,ACCIDENT_TYPE,ACCIDENT_TYPE_DESC,DAY_OF_WEEK,DAY_WEEK_DESC,DCA_CODE,DCA_DESC,LIGHT_CONDITION,NODE_ID,NO_OF_VEHICLES,NO_PERSONS_KILLED,NO_PERSONS_INJ_2,NO_PERSONS_INJ_3,NO_PERSONS_NOT_INJ,NO_PERSONS,POLICE_ATTEND,ROAD_GEOMETRY,ROAD_GEOMETRY_DESC,SEVERITY,SPEED_ZONE,RMA,AGE_GROUP,INJ_LEVEL,ROAD_USER_TYPE_DESC
T20160007888,4/6/2016,9:15:00,1,Collision with vehicle,3,Wednesday,114,TWO RIGHT TURNING (INTERSECTIONS ONLY),1,69264,2,0,0,1,1,2,2,2,T intersection,3,60,Local Road,40-49,Other injury,Bicyclists
T20160007902,4/7/2016,17:15:00,1,Collision with vehicle,5,Thursday,121,RIGHT THROUGH,1,302227,2,0,0,1,1,2,2,2,T intersection,3,60,Local Road,40-49,Other injury,Bicyclists
T20160007909,3/26/2016,9:40:00,1,Collision with vehicle,6,Saturday,163,VEHICLE STRIKES DOOR OF PARKED/STATIONARY VEHICLE,1,303155,2,0,0,1,1,2,2,5,Not at intersection,3,60,Local Road,40-49,Other injury,Bicyclists
T20160007924,4/11/2016,15:55:00,1,Collision with vehicle,1,Monday,110,CROSS TRAFFIC(INTERSECTIONS ONLY),1,29361,2,0,0,1,1,2,1,1,Cross intersection,3,40,Local Road,50-59,Other injury,Bicyclists
T20160007927,4/11/2016,17:02:00,1,Collision with vehicle,2,Monday,121,RIGHT THROUGH,2,49887,2,0,0,1,1,2,1,1,Cross intersection,3,60,Local Road,30-39,Other injury,Bicyclists
T20160007930,4/11/2016,18:28:00,1,Collision with vehicle,2,Monday,116,LEFT NEAR (INTERSECTIONS ONLY),3,57546,2,0,0,1,1,2,1,2,T intersection,3,80,Arterial Highway,40-49,Other injury,Bicyclists
T20160007931,4/9/2016,8:30:00,8,No collision and no object struck,7,Saturday,174,OUT OF CONTROL ON CARRIAGEWAY (ON STRAIGHT),1,302107,1,0,1,0,0,1,2,5,Not at intersection,2,999,Arterial Other,40-49,Serious injury,Bicyclists
T20160007952,4/12/2016,8:00:00,1,Collision with vehicle,3,Tuesday,137,LEFT TURN SIDESWIPE,1,35951,2,0,1,0,1,2,1,2,T intersection,2,40,Arterial Other,30-39,Serious injury,Bicyclists
T20160008011,4/12/2016,18:20:00,8,No collision and no object struck,3,Tuesday,174,OUT OF CONTROL ON CARRIAGEWAY (ON STRAIGHT),3,302206,1,0,0,1,0,1,1,5,Not at intersection,3,60,Arterial Other,26-29,Other injury,Bicyclists
T20160008016,4/12/2016,17:30:00,1,Collision with vehicle,3,Tuesday,148,VEHICLE OFF FOOTPATH STRIKES VEH ON CARRIAGEWAY,1,304654,2,0,0,1,1,2,2,2,T intersection,3,888,Arterial Highway,40-49,Other injury,Bicyclists
T20160008019,4/12/2016,10:45:00,3,Struck animal,3,Tuesday,167,STRUCK ANIMAL,1,302234,1,0,0,1,0,1,2,5,Not at intersection,3,50,Local Road,60-64,Other injury,Bicyclists
T20160008025,4/7/2016,21:00:00,1,Collision with vehicle,5,Thursday,160,VEHICLE COLLIDES WITH VEHICLE PARKED ON LEFT OF ROAD,5,302245,2,0,0,1,0,1,2,5,Not at intersection,3,50,Local Road,40-49,Other injury,Bicyclists
T20160008045,3/10/2016,20:00:00,1,Collision with vehicle,5,Thursday,163,VEHICLE STRIKES DOOR OF PARKED/STATIONARY VEHICLE,6,302487,2,0,0,1,1,2,2,5,Not at intersection,3,999,Local Road,30-39,Other injury,Bicyclists
T20160008077,3/15/2016,19:15:00,1,Collision with vehicle,3,Tuesday,143,ENTERING PARKING,1,304791,2,0,1,0,1,2,2,5,Not at intersection,2,60,Arterial Other,30-39,Serious injury,Bicyclists
T20160008090,4/13/2016,17:22:00,1,Collision with vehicle,4,Wednesday,121,RIGHT THROUGH,1,303191,2,0,1,0,1,2,1,5,Not at intersection,2,60,Arterial Other,30-39,Serious injury,Bicyclists
T20160008131,4/14/2016,6:45:00,1,Collision with vehicle,5,Thursday,110,CROSS TRAFFIC(INTERSECTIONS ONLY),1,37719,2,0,0,1,1,2,1,1,Cross intersection,3,40,Arterial Other,30-39,Other injury,Bicyclists
T20160008169,4/14/2016,17:33:00,1,Collision with vehicle,5,Thursday,148,VEHICLE OFF FOOTPATH STRIKES VEH ON CARRIAGEWAY,2,304452,2,0,1,0,1,2,1,5,Not at intersection,2,80,Arterial Other,40-49,Serious injury,Bicyclists
T20160008178,4/14/2016,20:34:00,1,Collision with vehicle,5,Thursday,130,REAR END(VEHICLES IN SAME LANE),3,302248,3,0,0,1,2,3,1,5,Not at intersection,3,60,Arterial Other,13-15,Other injury,Bicyclists
T20160008183,4/14/2016,6:20:00,1,Collision with vehicle,5,Thursday,110,CROSS TRAFFIC(INTERSECTIONS ONLY),3,49416,2,0,0,1,1,2,1,1,Cross intersection,3,60,Uknown,Unknown,Other injury,Bicyclists
T20160008238,4/15/2016,9:00:00,1,Collision with vehicle,5,Friday,131,LEFT REAR,1,376,3,0,0,1,2,3,1,2,T intersection,3,60,Arterial Highway,30-39,Other injury,Bicyclists
T20160008241,4/15/2016,7:15:00,1,Collision with vehicle,5,Friday,110,CROSS TRAFFIC(INTERSECTIONS ONLY),1,72671,2,0,1,0,1,2,1,1,Cross intersection,2,60,Local Road,40-49,Serious injury,Bicyclists
T20160008258,4/11/2016,18:30:00,1,Collision with vehicle,2,Monday,149,OTHER MANOEUVRING NOT INCLUDED IN DCAs 140-148,6,36073,2,0,0,1,0,1,2,1,Cross intersection,3,70,Arterial Other,30-39,Other injury,Bicyclists
T20160008297,4/15/2016,17:15:00,1,Collision with vehicle,6,Friday,163,VEHICLE STRIKES DOOR OF PARKED/STATIONARY VEHICLE,1,304409,2,0,0,2,0,2,2,2,T intersection,3,999,Local Road,50-59,Other injury,Bicyclists
T20160008317,4/16/2016,9:31:00,1,Collision with vehicle,7,Saturday,148,VEHICLE OFF FOOTPATH STRIKES VEH ON CARRIAGEWAY,1,230261,2,0,0,1,1,2,1,1,Cross intersection,3,60,Arterial Other,18-21,Other injury,Bicyclists
T20160008324,3/16/2016,20:30:00,1,Collision with vehicle,3,Wednesday,163,VEHICLE STRIKES DOOR OF PARKED/STATIONARY VEHICLE,5,304509,2,0,0,1,1,2,2,2,T intersection,3,40,Local Road,22-25,Other injury,Bicyclists
T20160008342,4/16/2016,21:30:00,1,Collision with vehicle,7,Saturday,163,VEHICLE STRIKES DOOR OF PARKED/STATIONARY VEHICLE,3,302419,2,0,0,1,1,2,1,5,Not at intersection,3,60,Arterial Other,22-25,Other injury,Bicyclists
T20160008368,4/17/2016,12:15:00,1,Collision with vehicle,0,Sunday,110,CROSS TRAFFIC(INTERSECTIONS ONLY),1,40013,2,0,1,0,1,2,1,1,Cross intersection,2,50,Local Road,40-49,Serious injury,Bicyclists
T20160008390,4/17/2016,14:40:00,1,Collision with vehicle,1,Sunday,137,LEFT TURN SIDESWIPE,1,252852,2,0,1,0,1,2,1,5,Not at intersection,2,60,Arterial Other,50-59,Serious injury,Bicyclists
T20160008394,4/17/2016,14:45:00,1,Collision with vehicle,1,Sunday,110,CROSS TRAFFIC(INTERSECTIONS ONLY),1,40514,2,0,0,1,1,2,2,1,Cross intersection,3,60,Local Road,18-21,Other injury,Bicyclists
T20160008415,4/18/2016,7:35:00,1,Collision with vehicle,2,Monday,142,LEAVING PARKING,1,41143,2,0,1,0,1,2,1,1,Cross intersection,2,50,Local Road,65-69,Serious injury,Bicyclists
T20160008445,4/16/2016,17:00:00,1,Collision with vehicle,7,Saturday,148,VEHICLE OFF FOOTPATH STRIKES VEH ON CARRIAGEWAY,1,303864,2,0,1,0,1,2,2,2,T intersection,2,60,Arterial Other,13-15,Serious injury,Bicyclists
T20160008482,4/18/2016,19:05:00,1,Collision with vehicle,2,Monday,137,LEFT TURN SIDESWIPE,3,29397,2,0,1,0,0,1,1,1,Cross intersection,2,60,Arterial Other,30-39,Serious injury,Bicyclists
T20160008497,4/18/2016,14:00:00,1,Collision with vehicle,2,Monday,143,ENTERING PARKING,1,248878,2,0,1,0,1,2,1,2,T intersection,2,50,Local Road,18-21,Serious injury,Bicyclists
T20160008500,4/19/2016,5:30:00,1,Collision with vehicle,3,Tuesday,133,LANE SIDE SWIPE (VEHICLES IN PARALLEL LANES),3,302377,2,0,0,1,0,1,2,5,Not at intersection,3,50,Local Road,40-49,Other injury,Bicyclists
T20160008508,4/19/2016,7:45:00,1,Collision with vehicle,3,Tuesday,160,VEHICLE COLLIDES WITH VEHICLE PARKED ON LEFT OF ROAD,1,302389,2,0,0,1,0,1,1,5,Not at intersection,3,50,Local Road,13-15,Other injury,Bicyclists
T20160008514,4/19/2016,9:27:00,1,Collision with vehicle,3,Tuesday,135,LANE CHANGE LEFT (NOT OVERTAKING),1,302563,2,0,0,1,1,2,1,5,Not at intersection,3,60,Arterial Other,30-39,Other injury,Bicyclists
T20160008526,4/19/2016,12:25:00,1,Collision with vehicle,2,Tuesday,148,VEHICLE OFF FOOTPATH STRIKES VEH ON CARRIAGEWAY,1,291551,2,0,1,0,2,3,1,5,Not at intersection,2,40,Local Road,18-21,Serious injury,Bicyclists
T20160008545,3/25/2016,13:00:00,1,Collision with vehicle,6,Friday,147,VEHICLE STRIKES ANOTHER VEH WHILE EMERGING FROM DRIVEWAY,9,304695,2,0,0,1,0,1,2,5,Not at intersection,3,60,Arterial Other,40-49,Other injury,Bicyclists
T20160008563,4/19/2016,19:30:00,1,Collision with vehicle,2,Tuesday,113,RIGHT NEAR (INTERSECTIONS ONLY),3,37171,2,0,0,1,1,2,2,2,T intersection,3,50,Arterial Other,22-25,Other injury,Bicyclists
T20160008586,4/16/2016,5:30:00,6,Vehicle overturned (no collision),7,Saturday,179,OTHER ACCIDENTS-OFF STRAIGHT NOT INCLUDED IN DCAs 170-175,9,302435,1,0,0,1,0,1,2,5,Not at intersection,3,999,Local Road,40-49,Other injury,Bicyclists
T20160008589,4/20/2016,7:30:00,1,Collision with vehicle,4,Wednesday,163,VEHICLE STRIKES DOOR OF PARKED/STATIONARY VEHICLE,1,302767,2,0,0,1,2,3,2,5,Not at intersection,3,60,Local Road,30-39,Other injury,Bicyclists
T20160008591,4/20/2016,8:52:00,1,Collision with vehicle,4,Wednesday,121,RIGHT THROUGH,1,36392,2,0,1,0,1,2,1,2,T intersection,2,40,Local Road,26-29,Serious injury,Bicyclists
T20160008596,4/20/2016,9:35:00,1,Collision with vehicle,3,Wednesday,133,LANE SIDE SWIPE (VEHICLES IN PARALLEL LANES),1,302436,3,0,1,0,1,2,1,5,Not at intersection,2,40,Local Road,22-25,Serious injury,Bicyclists
T20160008610,4/20/2016,11:40:00,1,Collision with vehicle,3,Wednesday,110,CROSS TRAFFIC(INTERSECTIONS ONLY),1,37705,2,0,1,0,1,2,1,1,Cross intersection,2,50,Arterial Other,22-25,Serious injury,Bicyclists
T20160008623,4/20/2016,12:20:00,1,Collision with vehicle,4,Wednesday,133,LANE SIDE SWIPE (VEHICLES IN PARALLEL LANES),1,302632,2,0,0,1,1,2,2,5,Not at intersection,3,100,Arterial Other,50-59,Other injury,Bicyclists
T20160008677,4/21/2016,7:06:00,1,Collision with vehicle,5,Thursday,113,RIGHT NEAR (INTERSECTIONS ONLY),3,38797,2,0,0,1,1,2,1,1,Cross intersection,3,60,Arterial Other,40-49,Other injury,Bicyclists
T20160008689,4/21/2016,6:00:00,1,Collision with vehicle,5,Thursday,133,LANE SIDE SWIPE (VEHICLES IN PARALLEL LANES),3,302531,2,0,1,0,1,2,1,5,Not at intersection,2,60,Arterial Other,26-29,Serious injury,Bicyclists
T20160008691,4/21/2016,8:45:00,1,Collision with vehicle,5,Thursday,121,RIGHT THROUGH,1,29881,2,0,0,1,1,2,2,4,Multiple intersection,3,50,Local Road,40-49,Other injury,Bicyclists
T20160008754,4/22/2016,5:30:00,6,Vehicle overturned (no collision),6,Friday,174,OUT OF CONTROL ON CARRIAGEWAY (ON STRAIGHT),3,29545,1,0,1,0,0,1,1,2,T intersection,2,60,Arterial Other,60-64,Serious injury,Bicyclists
T20160008758,4/22/2016,8:30:00,1,Collision with vehicle,6,Friday,110,CROSS TRAFFIC(INTERSECTIONS ONLY),1,44814,2,0,1,0,1,2,1,1,Cross intersection,2,60,Local Road,65-69,Serious injury,Bicyclists
T20160008761,4/22/2016,8:45:00,1,Collision with vehicle,6,Friday,133,LANE SIDE SWIPE (VEHICLES IN PARALLEL LANES),1,75748,2,0,0,1,1,2,1,5,Not at intersection,3,40,Local Road,40-49,Other injury,Bicyclists
T20160008768,4/22/2016,11:15:00,1,Collision with vehicle,5,Friday,121,RIGHT THROUGH,1,44951,2,0,0,1,1,2,1,2,T intersection,3,60,Arterial Other,40-49,Other injury,Bicyclists
T20160008787,4/20/2016,17:23:00,1,Collision with vehicle,4,Wednesday,143,ENTERING PARKING,2,303457,3,0,0,1,1,2,1,2,T intersection,3,40,Arterial Other,50-59,Other injury,Bicyclists
T20160008793,4/22/2016,15:07:00,1,Collision with vehicle,6,Friday,130,REAR END(VEHICLES IN SAME LANE),1,227113,2,0,1,0,1,2,1,2,T intersection,2,80,Arterial Highway,30-39,Serious injury,Bicyclists
T20160008811,4/22/2016,18:12:00,1,Collision with vehicle,5,Friday,163,VEHICLE STRIKES DOOR OF PARKED/STATIONARY VEHICLE,3,302562,2,0,0,1,1,2,1,1,Cross intersection,3,60,Arterial Other,26-29,Other injury,Bicyclists
T20160008812,4/22/2016,20:05:00,1,Collision with vehicle,5,Friday,163,VEHICLE STRIKES DOOR OF PARKED/STATIONARY VEHICLE,3,302564,2,0,0,1,1,2,1,5,Not at intersection,3,40,Local Road,26-29,Other injury,Bicyclists
T20160008813,4/22/2016,18:30:00,1,Collision with vehicle,6,Friday,139,OTHER SAME DIRECTION-MANOUEVRES NOT INCLUDED IN DCAs 130-137,9,57655,2,0,0,1,0,1,2,1,Cross intersection,3,999,Arterial Highway,26-29,Other injury,Bicyclists
T20160008822,4/22/2016,17:06:00,1,Collision with vehicle,6,Friday,119,OTHER ADJACENT (INTERSECTIONS ONLY),1,258471,2,0,0,1,1,2,1,2,T intersection,3,50,Uknown,13-15,Other injury,Bicyclists
T20160008857,4/22/2016,17:30:00,1,Collision with vehicle,6,Friday,121,RIGHT THROUGH,1,36018,2,0,1,0,1,2,2,1,Cross intersection,2,50,Arterial Other,40-49,Serious injury,Bicyclists
T20160008862,4/23/2016,8:15:00,8,No collision and no object struck,7,Saturday,174,OUT OF CONTROL ON CARRIAGEWAY (ON STRAIGHT),1,40071,1,0,1,0,0,1,2,2,T intersection,2,60,Local Road,30-39,Serious injury,Bicyclists
T20160008886,4/17/2016,12:30:00,1,Collision with vehicle,1,Sunday,110,CROSS TRAFFIC(INTERSECTIONS ONLY),1,285,2,0,0,1,0,1,2,4,Multiple intersection,3,999,Freeway,18-21,Other injury,Bicyclists
T20160008928,4/24/2016,10:10:00,1,Collision with vehicle,1,Sunday,153,CUTTING IN (OVERTAKING),1,303889,2,0,1,0,1,2,1,5,Not at intersection,2,100,Uknown,40-49,Serious injury,Bicyclists
T20160008947,4/24/2016,14:22:00,1,Collision with vehicle,0,Sunday,121,RIGHT THROUGH,1,36102,2,0,1,0,1,2,1,1,Cross intersection,2,50,Arterial Other,26-29,Serious injury,Bicyclists
T20160008963,4/24/2016,19:10:00,1,Collision with vehicle,0,Sunday,122,LEFT THROUGH,3,713,2,0,0,1,2,3,1,1,Cross intersection,3,80,Arterial Highway,22-25,Other injury,Bicyclists
T20160008991,3/22/2016,18:15:00,1,Collision with vehicle,2,Tuesday,137,LEFT TURN SIDESWIPE,1,29601,2,0,0,1,1,2,2,1,Cross intersection,3,60,Local Road,50-59,Other injury,Bicyclists
T20160009004,4/25/2016,10:30:00,1,Collision with vehicle,2,Monday,110,CROSS TRAFFIC(INTERSECTIONS ONLY),1,51589,2,0,0,1,2,3,2,1,Cross intersection,3,60,Arterial Highway,50-59,Other injury,Bicyclists
T20160009016,4/20/2016,18:30:00,1,Collision with vehicle,4,Wednesday,130,REAR END(VEHICLES IN SAME LANE),6,67342,3,0,1,0,2,3,2,2,T intersection,2,40,Local Road,22-25,Serious injury,Bicyclists
T20160009072,4/26/2016,10:35:00,1,Collision with vehicle,3,Tuesday,130,REAR END(VEHICLES IN SAME LANE),1,303194,2,0,0,1,2,3,1,2,T intersection,3,40,Uknown,26-29,Other injury,Bicyclists
T20160009082,4/22/2016,17:00:00,1,Collision with vehicle,6,Friday,116,LEFT NEAR (INTERSECTIONS ONLY),1,304346,2,0,0,1,1,2,2,2,T intersection,3,50,Local Road,30-39,Other injury,Bicyclists
T20160009097,4/26/2016,8:50:00,8,No collision and no object struck,2,Tuesday,174,OUT OF CONTROL ON CARRIAGEWAY (ON STRAIGHT),1,302901,1,0,0,1,0,1,2,5,Not at intersection,3,999,Arterial Other,30-39,Other injury,Bicyclists
T20160009106,4/26/2016,19:43:00,8,No collision and no object struck,3,Tuesday,179,OTHER ACCIDENTS-OFF STRAIGHT NOT INCLUDED IN DCAs 170-175,3,305209,5,0,1,3,2,6,1,5,Not at intersection,2,60,Arterial Other,40-49,Other injury,Bicyclists
T20160009136,4/27/2016,7:48:00,1,Collision with vehicle,3,Wednesday,121,RIGHT THROUGH,1,39069,2,0,1,0,1,2,1,2,T intersection,2,60,Local Road,30-39,Serious injury,Bicyclists
T20160009143,4/27/2016,8:50:00,6,Vehicle overturned (no collision),4,Wednesday,174,OUT OF CONTROL ON CARRIAGEWAY (ON STRAIGHT),1,302857,2,0,1,0,1,2,1,5,Not at intersection,2,999,Arterial Other,26-29,Serious injury,Bicyclists
T20160009144,4/26/2016,17:40:00,1,Collision with vehicle,3,Tuesday,163,VEHICLE STRIKES DOOR OF PARKED/STATIONARY VEHICLE,2,304782,2,0,0,1,1,2,2,5,Not at intersection,3,60,Arterial Other,30-39,Other injury,Bicyclists
T20160009148,4/27/2016,8:10:00,1,Collision with vehicle,3,Wednesday,121,RIGHT THROUGH,1,42281,2,0,1,0,1,2,2,2,T intersection,2,60,Local Road,50-59,Serious injury,Bicyclists
T20160009198,4/28/2016,6:00:00,1,Collision with vehicle,5,Thursday,121,RIGHT THROUGH,3,40336,2,0,0,1,1,2,1,2,T intersection,3,50,Local Road,22-25,Other injury,Bicyclists
T20160009259,4/28/2016,19:00:00,1,Collision with vehicle,5,Thursday,114,TWO RIGHT TURNING (INTERSECTIONS ONLY),2,38830,2,0,0,1,1,2,1,1,Cross intersection,3,50,Local Road,26-29,Other injury,Bicyclists
T20160009281,4/29/2016,7:00:00,1,Collision with vehicle,5,Friday,121,RIGHT THROUGH,2,38090,2,0,0,1,1,2,1,1,Cross intersection,3,60,Arterial Other,50-59,Other injury,Bicyclists
T20160009289,4/29/2016,8:30:00,1,Collision with vehicle,6,Friday,137,LEFT TURN SIDESWIPE,1,303250,2,0,0,1,2,3,1,5,Not at intersection,3,40,Local Road,30-39,Other injury,Bicyclists
T20160009297,4/29/2016,9:15:00,1,Collision with vehicle,5,Friday,124,RIGHT/RIGHT BOTH VEHs FROM OPPOSITE DIRECTIONS TURNING RIGHT,1,29833,2,0,1,0,1,2,1,2,T intersection,2,60,Arterial Other,70+,Serious injury,Bicyclists
T20160009300,4/23/2016,10:30:00,1,Collision with vehicle,6,Saturday,137,LEFT TURN SIDESWIPE,1,38942,2,0,0,1,1,2,2,2,T intersection,3,60,Arterial Other,40-49,Other injury,Bicyclists
T20160009337,4/29/2016,16:50:00,1,Collision with vehicle,5,Friday,121,RIGHT THROUGH,1,38829,2,0,1,0,1,2,1,2,T intersection,2,60,Arterial Highway,40-49,Serious injury,Bicyclists
T20160009359,4/29/2016,15:10:00,1,Collision with vehicle,5,Friday,116,LEFT NEAR (INTERSECTIONS ONLY),1,37268,2,0,1,0,1,2,2,1,Cross intersection,2,40,Local Road,30-39,Serious injury,Bicyclists
T20160009362,4/29/2016,6:00:00,1,Collision with vehicle,6,Friday,163,VEHICLE STRIKES DOOR OF PARKED/STATIONARY VEHICLE,3,302837,2,0,0,1,1,2,2,5,Not at intersection,3,40,Local Road,18-21,Other injury,Bicyclists
T20160009424,4/30/2016,16:05:00,1,Collision with vehicle,7,Saturday,116,LEFT NEAR (INTERSECTIONS ONLY),1,270,2,0,0,1,1,2,1,2,T intersection,3,60,Uknown,30-39,Other injury,Bicyclists
T20160009443,4/30/2016,19:10:00,1,Collision with vehicle,7,Saturday,121,RIGHT THROUGH,3,57014,2,0,1,0,1,2,1,2,T intersection,2,40,Local Road,30-39,Serious injury,Bicyclists
T20160009474,4/29/2016,15:00:00,1,Collision with vehicle,6,Friday,148,VEHICLE OFF FOOTPATH STRIKES VEH ON CARRIAGEWAY,1,37533,2,0,0,1,0,1,2,1,Cross intersection,3,40,Local Road,50-59,Other injury,Bicyclists
T20160009522,4/18/2016,15:00:00,1,Collision with vehicle,2,Monday,119,OTHER ADJACENT (INTERSECTIONS ONLY),9,306319,2,0,0,1,1,2,2,2,T intersection,3,50,Local Road,30-39,Other injury,Bicyclists
T20160009556,5/2/2016,9:34:00,1,Collision with vehicle,2,Monday,163,VEHICLE STRIKES DOOR OF PARKED/STATIONARY VEHICLE,1,303417,2,0,1,0,1,2,1,5,Not at intersection,2,40,Arterial Other,40-49,Serious injury,Bicyclists
T20160009565,5/2/2016,9:00:00,1,Collision with vehicle,1,Monday,121,RIGHT THROUGH,1,35395,2,0,1,0,1,2,1,2,T intersection,2,60,Arterial Other,40-49,Serious injury,Bicyclists
T20160009581,4/4/2016,15:30:00,1,Collision with vehicle,2,Monday,163,VEHICLE STRIKES DOOR OF PARKED/STATIONARY VEHICLE,1,212872,3,0,0,1,2,3,2,5,Not at intersection,3,40,Local Road,60-64,Other injury,Bicyclists
T20160009624,5/3/2016,8:22:00,1,Collision with vehicle,3,Tuesday,136,RIGHT TURN SIDESWIPE,1,36267,2,0,0,1,1,2,1,1,Cross intersection,3,40,Local Road,30-39,Other injury,Bicyclists
T20160009625,5/2/2016,17:45:00,1,Collision with vehicle,2,Monday,133,LANE SIDE SWIPE (VEHICLES IN PARALLEL LANES),9,305251,2,0,0,1,1,2,2,5,Not at intersection,3,999,Arterial Other,26-29,Other injury,Bicyclists
T20160009643,4/29/2016,11:50:00,4,Collision with a fixed object,6,Friday,181,OFF RIGHT BEND INTO OBJECT/PARKED VEHICLE,1,303344,2,0,1,0,0,1,2,5,Not at intersection,2,70,Arterial Other,70+,Serious injury,Bicyclists
T20160009683,5/3/2016,16:10:00,1,Collision with vehicle,3,Tuesday,179,OTHER ACCIDENTS-OFF STRAIGHT NOT INCLUDED IN DCAs 170-175,1,303453,2,0,1,0,1,2,1,5,Not at intersection,2,70,Arterial Other,40-49,Serious injury,Bicyclists
T20160009694,4/26/2016,6:10:00,3,Struck animal,2,Tuesday,167,STRUCK ANIMAL,5,302999,1,0,0,1,0,1,2,5,Not at intersection,3,80,Local Road,50-59,Other injury,Bicyclists
T20160009697,5/4/2016,8:00:00,1,Collision with vehicle,4,Wednesday,116,LEFT NEAR (INTERSECTIONS ONLY),1,62332,2,0,0,1,1,2,1,1,Cross intersection,3,50,Arterial Other,30-39,Other injury,Bicyclists
T20160009737,5/4/2016,10:50:00,1,Collision with vehicle,4,Wednesday,163,VEHICLE STRIKES DOOR OF PARKED/STATIONARY VEHICLE,1,306590,2,0,0,1,0,1,2,5,Not at intersection,3,999,Local Road,30-39,Other injury,Bicyclists
T20160009739,4/4/2016,9:00:00,1,Collision with vehicle,1,Monday,163,VEHICLE STRIKES DOOR OF PARKED/STATIONARY VEHICLE,9,357857,2,0,0,1,1,2,2,5,Not at intersection,3,999,Local Road,60-64,Other injury,Bicyclists
T20160009776,4/27/2016,11:50:00,1,Collision with vehicle,4,Wednesday,147,VEHICLE STRIKES ANOTHER VEH WHILE EMERGING FROM DRIVEWAY,1,303512,2,0,0,1,1,2,2,5,Not at intersection,3,50,Local Road,45424,Other injury,Bicyclists
T20160009779,4/20/2016,11:55:00,1,Collision with vehicle,4,Wednesday,163,VEHICLE STRIKES DOOR OF PARKED/STATIONARY VEHICLE,1,36999,2,0,0,1,1,2,2,1,Cross intersection,3,40,Local Road,26-29,Other injury,Bicyclists
T20160009788,5/5/2016,7:35:00,1,Collision with vehicle,5,Thursday,116,LEFT NEAR (INTERSECTIONS ONLY),1,35346,2,0,0,1,2,3,1,2,T intersection,3,50,Arterial Other,50-59,Other injury,Bicyclists
T20160009804,5/5/2016,10:00:00,1,Collision with vehicle,5,Thursday,160,VEHICLE COLLIDES WITH VEHICLE PARKED ON LEFT OF ROAD,1,303092,2,0,0,1,1,2,2,2,T intersection,3,60,Arterial Other,22-25,Other injury,Bicyclists
T20160009824,5/2/2016,7:35:00,1,Collision with vehicle,1,Monday,163,VEHICLE STRIKES DOOR OF PARKED/STATIONARY VEHICLE,1,36972,2,0,0,1,1,2,2,1,Cross intersection,3,40,Local Road,30-39,Other injury,Bicyclists
T20160009848,5/5/2016,18:00:00,1,Collision with vehicle,4,Thursday,121,RIGHT THROUGH,2,72414,2,0,1,0,1,2,1,2,T intersection,2,60,Local Road,16-17,Serious injury,Bicyclists
T20160009851,5/5/2016,15:00:00,1,Collision with vehicle,5,Thursday,119,OTHER ADJACENT (INTERSECTIONS ONLY),1,303093,2,0,0,1,1,2,1,2,T intersection,3,60,Local Road,45424,Other injury,Bicyclists
T20160009883,5/6/2016,5:45:00,1,Collision with vehicle,5,Friday,111,RIGHT FAR (INTERSECTIONS ONLY),2,263961,2,0,0,1,1,2,2,2,T intersection,3,60,Local Road,50-59,Other injury,Bicyclists
T20160009892,5/6/2016,10:20:00,1,Collision with vehicle,6,Friday,112,LEFT FAR (INTERSECTIONS ONLY),1,36571,2,0,0,1,1,2,1,2,T intersection,3,40,Local Road,26-29,Other injury,Bicyclists
T20160009893,5/6/2016,13:00:00,1,Collision with vehicle,5,Friday,121,RIGHT THROUGH,1,41275,2,0,1,0,1,2,2,1,Cross intersection,2,60,Arterial Other,18-21,Serious injury,Bicyclists
T20160009968,5/6/2016,13:15:00,8,No collision and no object struck,6,Friday,174,OUT OF CONTROL ON CARRIAGEWAY (ON STRAIGHT),1,71894,1,0,1,0,0,1,1,2,T intersection,2,80,Arterial Highway,40-49,Serious injury,Bicyclists
T20160009973,5/7/2016,8:13:00,1,Collision with vehicle,6,Saturday,121,RIGHT THROUGH,1,45433,2,0,1,0,1,2,1,1,Cross intersection,2,60,Arterial Other,30-39,Serious injury,Bicyclists
T20160009978,5/7/2016,10:20:00,1,Collision with vehicle,7,Saturday,137,LEFT TURN SIDESWIPE,1,303460,2,0,0,1,2,3,1,5,Not at intersection,3,50,Arterial Highway,30-39,Other injury,Bicyclists
T20160009984,5/7/2016,12:50:00,1,Collision with vehicle,7,Saturday,130,REAR END(VEHICLES IN SAME LANE),1,303152,2,0,0,1,1,2,1,5,Not at intersection,3,60,Arterial Other,40-49,Other injury,Bicyclists
T20160010008,5/7/2016,17:00:00,1,Collision with vehicle,7,Saturday,139,OTHER SAME DIRECTION-MANOUEVRES NOT INCLUDED IN DCAs 130-137,2,303185,2,0,1,0,0,1,1,5,Not at intersection,2,40,Local Road,30-39,Serious injury,Bicyclists
T20160010058,5/2/2016,8:20:00,1,Collision with vehicle,2,Monday,137,LEFT TURN SIDESWIPE,1,304446,2,0,0,1,1,2,2,2,T intersection,3,40,Local Road,30-39,Other injury,Bicyclists
T20160010152,5/9/2016,8:45:00,1,Collision with vehicle,2,Monday,121,RIGHT THROUGH,1,64919,2,0,1,0,2,3,1,2,T intersection,2,50,Local Road,13-15,Serious injury,Bicyclists