ACCIDENT_NO,ACCIDENT_DATE,ACCIDENT_TIME,ACCIDENT_TYPE,ACCIDENT_TYPE_DESC,DAY_OF_WEEK,DAY_WEEK_DESC,DCA_CODE,DCA_DESC,LIGHT_CONDITION,NODE_ID,NO_OF_VEHICLES,NO_PERSONS_KILLED,NO_PERSONS_INJ_2,NO_PERSONS_INJ_3,NO_PERSONS_NOT_INJ,NO_PERSONS,POLICE_ATTEND,ROAD_GEOMETRY,ROAD_GEOMETRY_DESC,SEVERITY,SPEED_ZONE,RMA,AGE_GROUP,INJ_LEVEL,ROAD_USER_TYPE_DESC
T20160010179,3/1/2016,20:37:00,1,Collision with vehicle,3,Tuesday,113,RIGHT NEAR (INTERSECTIONS ONLY),2,303258,2,0,0,1,1,2,2,2,T intersection,3,999,Local Road,40-49,Other injury,Bicyclists
T20160010195,5/9/2016,9:30:00,1,Collision with vehicle,2,Monday,143,ENTERING PARKING,1,303206,2,0,0,1,1,2,2,5,Not at intersection,3,60,Arterial Other,50-59,Other injury,Bicyclists
T20160010200,5/4/2016,16:25:00,1,Collision with vehicle,4,Wednesday,147,VEHICLE STRIKES ANOTHER VEH WHILE EMERGING FROM DRIVEWAY,1,304030,2,0,0,1,1,2,2,5,Not at intersection,3,999,Local Road,45424,Other injury,Bicyclists
T20160010214,5/10/2016,7:45:00,1,Collision with vehicle,3,Tuesday,121,RIGHT THROUGH,2,45501,2,0,0,1,2,3,1,2,T intersection,3,60,Arterial Other,30-39,Other injury,Bicyclists
T20160010225,5/10/2016,6:20:00,1,Collision with vehicle,3,Tuesday,121,RIGHT THROUGH,2,45616,2,0,0,1,1,2,1,1,Cross intersection,3,60,Arterial Other,30-39,Other injury,Bicyclists
T20160010238,5/6/2016,17:00:00,1,Collision with vehicle,6,Friday,163,VEHICLE STRIKES DOOR OF PARKED/STATIONARY VEHICLE,1,304790,2,0,0,1,1,2,2,5,Not at intersection,3,50,Local Road,30-39,Other injury,Bicyclists
T20160010250,5/10/2016,7:30:00,1,Collision with vehicle,3,Tuesday,137,LEFT TURN SIDESWIPE,1,303626,2,0,0,1,1,2,2,5,Not at intersection,3,999,Local Road,30-39,Other injury,Bicyclists
T20160010274,5/10/2016,18:20:00,1,Collision with vehicle,3,Tuesday,121,RIGHT THROUGH,3,45587,2,0,1,0,1,2,1,2,T intersection,2,60,Arterial Other,26-29,Serious injury,Bicyclists
T20160010282,5/2/2016,17:50:00,1,Collision with vehicle,2,Monday,163,VEHICLE STRIKES DOOR OF PARKED/STATIONARY VEHICLE,9,303454,2,0,0,1,2,3,2,5,Not at intersection,3,60,Local Road,40-49,Other injury,Bicyclists
T20160010349,5/11/2016,18:00:00,1,Collision with vehicle,4,Wednesday,113,RIGHT NEAR (INTERSECTIONS ONLY),3,38864,2,0,0,1,1,2,1,2,T intersection,3,50,Arterial Other,18-21,Other injury,Bicyclists
T20160010378,5/7/2016,8:50:00,1,Collision with vehicle,7,Saturday,111,RIGHT FAR (INTERSECTIONS ONLY),1,29361,2,0,0,1,1,2,2,1,Cross intersection,3,60,Local Road,26-29,Other injury,Bicyclists
T20160010379,5/10/2016,19:30:00,1,Collision with vehicle,3,Tuesday,148,VEHICLE OFF FOOTPATH STRIKES VEH ON CARRIAGEWAY,3,304650,2,0,1,0,1,2,1,1,Cross intersection,2,50,Arterial Highway,40-49,Serious injury,Bicyclists
T20160010397,5/12/2016,9:15:00,1,Collision with vehicle,5,Thursday,147,VEHICLE STRIKES ANOTHER VEH WHILE EMERGING FROM DRIVEWAY,1,303558,2,0,0,1,1,2,1,5,Not at intersection,3,60,Arterial Other,45424,Other injury,Bicyclists
T20160010400,5/12/2016,7:30:00,1,Collision with vehicle,4,Thursday,121,RIGHT THROUGH,1,29364,2,0,1,0,1,2,1,2,T intersection,2,60,Arterial Highway,30-39,Serious injury,Bicyclists
T20160010451,4/6/2016,9:10:00,1,Collision with vehicle,4,Wednesday,130,REAR END(VEHICLES IN SAME LANE),1,37121,2,0,0,1,1,2,1,2,T intersection,3,40,Local Road,26-29,Other injury,Bicyclists
T20160010452,5/12/2016,17:20:00,1,Collision with vehicle,4,Thursday,139,OTHER SAME DIRECTION-MANOUEVRES NOT INCLUDED IN DCAs 130-137,2,305777,2,0,0,1,0,1,2,5,Not at intersection,3,50,Local Road,40-49,Other injury,Bicyclists
T20160010472,5/12/2016,20:50:00,1,Collision with vehicle,4,Thursday,160,VEHICLE COLLIDES WITH VEHICLE PARKED ON LEFT OF ROAD,3,303635,2,0,1,0,0,1,1,5,Not at intersection,2,60,Local Road,65-69,Serious injury,Bicyclists
T20160010485,5/13/2016,7:13:00,1,Collision with vehicle,6,Friday,116,LEFT NEAR (INTERSECTIONS ONLY),2,41588,2,0,0,1,1,2,2,2,T intersection,3,50,Local Road,30-39,Other injury,Bicyclists
T20160010489,5/13/2016,8:00:00,1,Collision with vehicle,5,Friday,121,RIGHT THROUGH,1,33759,2,0,0,1,1,2,1,1,Cross intersection,3,60,Arterial Highway,30-39,Other injury,Bicyclists
T20160010512,5/5/2016,18:30:00,1,Collision with vehicle,5,Thursday,163,VEHICLE STRIKES DOOR OF PARKED/STATIONARY VEHICLE,2,303416,2,0,0,1,1,2,2,5,Not at intersection,3,999,Local Road,26-29,Other injury,Bicyclists
T20160010539,5/13/2016,14:00:00,1,Collision with vehicle,6,Friday,116,LEFT NEAR (INTERSECTIONS ONLY),1,57599,2,0,0,1,1,2,1,2,T intersection,3,60,Arterial Other,40-49,Other injury,Bicyclists
T20160010597,5/10/2016,18:15:00,1,Collision with vehicle,3,Tuesday,121,RIGHT THROUGH,3,29476,2,0,0,1,1,2,2,2,T intersection,3,40,Arterial Other,30-39,Other injury,Bicyclists
T20160010648,5/15/2016,9:55:00,1,Collision with vehicle,1,Sunday,110,CROSS TRAFFIC(INTERSECTIONS ONLY),1,49252,2,0,0,1,1,2,1,1,Cross intersection,3,60,Local Road,40-49,Other injury,Bicyclists
T20160010649,5/15/2016,9:45:00,1,Collision with vehicle,0,Sunday,110,CROSS TRAFFIC(INTERSECTIONS ONLY),1,232049,2,0,0,1,1,2,1,1,Cross intersection,3,60,Arterial Other,50-59,Other injury,Bicyclists
T20160010652,5/15/2016,1:59:00,1,Collision with vehicle,1,Sunday,116,LEFT NEAR (INTERSECTIONS ONLY),3,260,2,0,0,1,1,2,2,1,Cross intersection,3,40,Arterial Highway,26-29,Other injury,Bicyclists
T20160010675,5/15/2016,15:37:00,8,No collision and no object struck,1,Sunday,184,OUT OF CONTROL ON CARRIAGEWAY (ON BEND),1,303421,2,0,0,1,2,3,1,5,Not at intersection,3,50,Local Road,50-59,Other injury,Bicyclists
T20160010694,5/14/2016,19:15:00,1,Collision with vehicle,6,Saturday,163,VEHICLE STRIKES DOOR OF PARKED/STATIONARY VEHICLE,3,250541,2,0,0,2,0,2,1,2,T intersection,3,60,Local Road,40-49,Other injury,Bicyclists
T20160010711,5/13/2016,17:10:00,1,Collision with vehicle,5,Friday,163,VEHICLE STRIKES DOOR OF PARKED/STATIONARY VEHICLE,2,37717,2,0,1,0,2,3,2,2,T intersection,2,60,Arterial Other,26-29,Serious injury,Bicyclists
T20160010735,5/15/2016,11:00:00,1,Collision with vehicle,1,Sunday,148,VEHICLE OFF FOOTPATH STRIKES VEH ON CARRIAGEWAY,1,71132,2,0,0,1,1,2,2,2,T intersection,3,60,Arterial Highway,30-39,Other injury,Bicyclists
T20160010737,5/8/2016,10:30:00,8,No collision and no object struck,1,Sunday,174,OUT OF CONTROL ON CARRIAGEWAY (ON STRAIGHT),1,303531,1,0,0,1,0,1,2,5,Not at intersection,3,60,Arterial Highway,40-49,Other injury,Bicyclists
T20160010742,4/20/2016,14:00:00,1,Collision with vehicle,3,Wednesday,163,VEHICLE STRIKES DOOR OF PARKED/STATIONARY VEHICLE,1,303470,2,0,0,1,1,2,2,5,Not at intersection,3,50,Local Road,40-49,Other injury,Bicyclists
T20160010765,4/23/2016,8:00:00,1,Collision with vehicle,7,Saturday,163,VEHICLE STRIKES DOOR OF PARKED/STATIONARY VEHICLE,1,303810,2,0,0,1,1,2,2,5,Not at intersection,3,60,Arterial Highway,30-39,Other injury,Bicyclists
T20160010799,5/17/2016,7:55:00,1,Collision with vehicle,3,Tuesday,110,CROSS TRAFFIC(INTERSECTIONS ONLY),1,853,3,0,0,1,3,4,1,1,Cross intersection,3,60,Arterial Other,30-39,Other injury,Bicyclists
T20160010826,4/28/2016,8:00:00,1,Collision with vehicle,5,Thursday,147,VEHICLE STRIKES ANOTHER VEH WHILE EMERGING FROM DRIVEWAY,9,303520,2,0,1,0,0,1,2,2,T intersection,2,70,Arterial Other,70+,Serious injury,Bicyclists
T20160010849,5/17/2016,19:15:00,1,Collision with vehicle,3,Tuesday,129,OTHER OPPOSING MANOEUVRES NOT INCLUDED IN DCAs 120-125.,3,303525,2,0,0,1,1,2,1,3,Y intersection,3,50,Local Road,30-39,Other injury,Bicyclists
T20160010852,5/17/2016,8:30:00,1,Collision with vehicle,3,Tuesday,143,ENTERING PARKING,1,303555,2,0,0,1,0,1,2,5,Not at intersection,3,60,Local Road,30-39,Other injury,Bicyclists
T20160010872,5/18/2016,7:28:00,1,Collision with vehicle,4,Wednesday,121,RIGHT THROUGH,1,303561,2,0,1,0,1,2,1,5,Not at intersection,2,60,Local Road,40-49,Serious injury,Bicyclists
T20160010876,4/15/2016,8:40:00,1,Collision with vehicle,6,Friday,139,OTHER SAME DIRECTION-MANOUEVRES NOT INCLUDED IN DCAs 130-137,1,222037,2,0,0,2,0,2,2,1,Cross intersection,3,60,Arterial Other,40-49,Other injury,Bicyclists
T20160010879,5/11/2016,9:15:00,1,Collision with vehicle,4,Wednesday,148,VEHICLE OFF FOOTPATH STRIKES VEH ON CARRIAGEWAY,1,29360,2,0,0,1,1,2,2,1,Cross intersection,3,888,Local Road,26-29,Other injury,Bicyclists
T20160010886,4/25/2016,11:15:00,1,Collision with vehicle,2,Monday,116,LEFT NEAR (INTERSECTIONS ONLY),1,38803,2,0,0,1,1,2,2,1,Cross intersection,3,60,Arterial Highway,22-25,Other injury,Bicyclists
T20160010895,5/15/2016,14:09:00,1,Collision with vehicle,1,Sunday,199,UNKNOWN-NO DETAILS ON MANOEUVRES OF ROAD-USERS IN ACCIDENT,1,303664,2,0,0,1,1,2,2,5,Not at intersection,3,50,Local Road,22-25,Other injury,Bicyclists
T20160010896,2/15/2016,14:37:00,1,Collision with vehicle,2,Monday,147,VEHICLE STRIKES ANOTHER VEH WHILE EMERGING FROM DRIVEWAY,1,303677,2,0,0,1,1,2,1,5,Not at intersection,3,80,Arterial Other,26-29,Other injury,Bicyclists
T20160010901,5/12/2016,8:35:00,1,Collision with vehicle,5,Thursday,143,ENTERING PARKING,1,303567,2,0,0,1,0,1,2,5,Not at intersection,3,60,Arterial Other,30-39,Other injury,Bicyclists
T20160010918,5/18/2016,12:30:00,1,Collision with vehicle,4,Wednesday,148,VEHICLE OFF FOOTPATH STRIKES VEH ON CARRIAGEWAY,1,36197,2,0,0,1,2,3,1,2,T intersection,3,60,Local Road,16-17,Other injury,Bicyclists
T20160010957,5/19/2016,6:50:00,1,Collision with vehicle,5,Thursday,121,RIGHT THROUGH,3,36135,2,0,0,1,1,2,1,2,T intersection,3,40,Local Road,26-29,Other injury,Bicyclists
T20160010968,5/15/2016,9:15:00,1,Collision with vehicle,1,Sunday,116,LEFT NEAR (INTERSECTIONS ONLY),1,57599,3,0,0,2,1,3,1,2,T intersection,3,60,Arterial Other,50-59,Other injury,Bicyclists
T20160010983,5/18/2016,18:45:00,1,Collision with vehicle,4,Wednesday,163,VEHICLE STRIKES DOOR OF PARKED/STATIONARY VEHICLE,3,303683,2,0,0,1,1,2,1,5,Not at intersection,3,60,Arterial Other,22-25,Other injury,Bicyclists
T20160010991,5/19/2016,8:45:00,2,Struck Pedestrian,4,Thursday,102,FAR SIDE. PED HIT BY VEHICLE FROM THE LEFT,1,303625,1,0,0,1,1,2,2,5,Not at intersection,3,40,Local Road,40-49,Other injury,Bicyclists
T20160011129,5/21/2016,2:35:00,8,No collision and no object struck,7,Saturday,174,OUT OF CONTROL ON CARRIAGEWAY (ON STRAIGHT),3,303739,1,0,1,0,0,1,1,5,Not at intersection,2,60,Arterial Other,30-39,Serious injury,Bicyclists
T20160011150,5/21/2016,8:30:00,1,Collision with vehicle,7,Saturday,159,OTHER OVERTAKING MANOEUVRES NOT INCLUDED IN DCAs 150-154,1,316458,4,0,1,2,0,3,2,5,Not at intersection,2,60,Local Road,65-69,Serious injury,Bicyclists
T20160011160,5/21/2016,15:12:00,1,Collision with vehicle,7,Saturday,147,VEHICLE STRIKES ANOTHER VEH WHILE EMERGING FROM DRIVEWAY,1,304363,2,0,0,1,1,2,1,5,Not at intersection,3,50,Local Road,70+,Other injury,Bicyclists
T20160011162,5/21/2016,8:42:00,1,Collision with vehicle,7,Saturday,148,VEHICLE OFF FOOTPATH STRIKES VEH ON CARRIAGEWAY,1,45308,2,0,1,0,1,2,1,2,T intersection,2,60,Arterial Other,26-29,Serious injury,Bicyclists
T20160011168,5/21/2016,12:00:00,1,Collision with vehicle,7,Saturday,137,LEFT TURN SIDESWIPE,1,57610,2,0,0,1,1,2,2,2,T intersection,3,60,Arterial Other,50-59,Other injury,Bicyclists
T20160011198,5/21/2016,22:15:00,1,Collision with vehicle,7,Saturday,120,HEAD ON (NOT OVERTAKING),3,286675,3,0,0,2,4,6,1,5,Not at intersection,3,60,Arterial Other,40-49,Other injury,Bicyclists
T20160011283,5/3/2016,9:35:00,5,collision with some other object,3,Tuesday,166,STRUCK OBJECT ON CARRIAGEWAY,1,303859,1,0,0,1,0,1,1,5,Not at intersection,3,100,Uknown,50-59,Other injury,Bicyclists
T20160011288,5/13/2016,11:45:00,1,Collision with vehicle,6,Friday,147,VEHICLE STRIKES ANOTHER VEH WHILE EMERGING FROM DRIVEWAY,1,304215,2,0,0,1,1,2,2,5,Not at intersection,3,50,Local Road,13-15,Other injury,Bicyclists
T20160011300,5/23/2016,8:45:00,1,Collision with vehicle,2,Monday,198,OTHER ACCIDENTS NOT CLASSIFIABLE ELSEWHERE,1,303766,2,0,1,0,1,2,1,5,Not at intersection,2,40,Local Road,13-15,Serious injury,Bicyclists
T20160011310,5/16/2016,17:40:00,1,Collision with vehicle,1,Monday,110,CROSS TRAFFIC(INTERSECTIONS ONLY),2,50963,2,0,1,1,0,2,1,1,Cross intersection,2,60,Local Road,Unknown,Serious injury,Bicyclists
T20160011342,5/23/2016,19:00:00,1,Collision with vehicle,2,Monday,121,RIGHT THROUGH,3,36490,2,0,1,0,1,2,1,1,Cross intersection,2,40,Local Road,40-49,Serious injury,Bicyclists
T20160011343,5/23/2016,18:25:00,1,Collision with vehicle,2,Monday,137,LEFT TURN SIDESWIPE,5,303767,2,0,1,0,1,2,1,2,T intersection,2,50,Local Road,50-59,Serious injury,Bicyclists
T20160011371,5/16/2016,11:30:00,1,Collision with vehicle,2,Monday,137,LEFT TURN SIDESWIPE,1,36813,2,0,0,1,2,3,2,1,Cross intersection,3,60,Arterial Other,40-49,Other injury,Bicyclists
T20160011395,5/24/2016,14:00:00,1,Collision with vehicle,3,Tuesday,148,VEHICLE OFF FOOTPATH STRIKES VEH ON CARRIAGEWAY,1,230257,2,0,1,0,1,2,1,2,T intersection,2,50,Local Road,70+,Serious injury,Bicyclists
T20160011404,5/24/2016,14:54:00,1,Collision with vehicle,3,Tuesday,132,RIGHT REAR.,1,45661,2,0,1,0,1,2,1,2,T intersection,2,50,Local Road,22-25,Serious injury,Bicyclists
T20160011406,5/24/2016,16:45:00,1,Collision with vehicle,3,Tuesday,147,VEHICLE STRIKES ANOTHER VEH WHILE EMERGING FROM DRIVEWAY,1,303812,2,0,0,1,1,2,2,5,Not at intersection,3,50,Local Road,Unknown,Other injury,Bicyclists
T20160011408,5/24/2016,16:33:00,1,Collision with vehicle,3,Tuesday,110,CROSS TRAFFIC(INTERSECTIONS ONLY),1,35997,2,0,0,1,1,2,1,1,Cross intersection,3,50,Local Road,60-64,Other injury,Bicyclists
T20160011410,5/24/2016,16:31:00,1,Collision with vehicle,2,Tuesday,121,RIGHT THROUGH,1,42926,2,0,0,1,3,4,1,1,Cross intersection,3,50,Local Road,65-69,Other injury,Bicyclists
T20160011415,5/24/2016,17:18:00,1,Collision with vehicle,2,Tuesday,121,RIGHT THROUGH,2,303856,2,0,1,0,1,2,1,2,T intersection,2,50,Local Road,60-64,Serious injury,Bicyclists
T20160011417,5/24/2016,16:00:00,1,Collision with vehicle,3,Tuesday,122,LEFT THROUGH,1,52773,2,0,0,1,1,2,2,1,Cross intersection,3,60,Arterial Other,13-15,Other injury,Bicyclists
T20160011424,5/24/2016,19:10:00,1,Collision with vehicle,3,Tuesday,110,CROSS TRAFFIC(INTERSECTIONS ONLY),3,36122,2,0,1,0,1,2,1,1,Cross intersection,2,50,Local Road,26-29,Serious injury,Bicyclists
T20160011448,5/25/2016,8:10:00,1,Collision with vehicle,4,Wednesday,121,RIGHT THROUGH,1,35455,2,0,0,1,1,2,1,1,Cross intersection,3,60,Arterial Other,26-29,Other injury,Bicyclists
T20160011453,5/25/2016,6:15:00,1,Collision with vehicle,3,Wednesday,113,RIGHT NEAR (INTERSECTIONS ONLY),3,39541,2,0,1,0,1,2,1,2,T intersection,2,60,Arterial Other,60-64,Serious injury,Bicyclists
T20160011468,5/25/2016,11:30:00,2,Struck Pedestrian,4,Wednesday,100,PED NEAR SIDE. PED HIT BY VEHICLE FROM THE RIGHT.,1,63084,1,0,0,2,0,2,1,1,Cross intersection,3,50,Local Road,30-39,Other injury,Bicyclists
T20160011521,5/25/2016,8:30:00,1,Collision with vehicle,4,Wednesday,163,VEHICLE STRIKES DOOR OF PARKED/STATIONARY VEHICLE,1,304831,2,0,1,0,2,3,2,5,Not at intersection,2,60,Uknown,40-49,Serious injury,Bicyclists
T20160011530,5/26/2016,7:22:00,1,Collision with vehicle,5,Thursday,110,CROSS TRAFFIC(INTERSECTIONS ONLY),2,42018,3,0,1,1,1,3,1,1,Cross intersection,2,60,Local Road,22-25,Other injury,Bicyclists
T20160011534,5/26/2016,9:15:00,1,Collision with vehicle,5,Thursday,110,CROSS TRAFFIC(INTERSECTIONS ONLY),1,36625,2,0,0,1,1,2,1,1,Cross intersection,3,40,Local Road,50-59,Other injury,Bicyclists
T20160011586,4/30/2016,14:00:00,1,Collision with vehicle,7,Saturday,119,OTHER ADJACENT (INTERSECTIONS ONLY),1,303906,2,0,0,1,1,2,2,2,T intersection,3,999,Local Road,45424,Other injury,Bicyclists
T20160011608,5/12/2016,14:20:00,4,Collision with a fixed object,4,Thursday,171,LEFT OFF CARRIAGEWAY INTO OBJECT/PARKED VEHICLE,1,303950,1,0,0,1,0,1,2,5,Not at intersection,3,999,Arterial Other,22-25,Other injury,Bicyclists
T20160011624,5/27/2016,8:40:00,1,Collision with vehicle,5,Friday,110,CROSS TRAFFIC(INTERSECTIONS ONLY),1,54837,3,0,1,0,2,3,1,1,Cross intersection,2,50,Arterial Highway,50-59,Serious injury,Bicyclists
T20160011636,5/27/2016,15:55:00,1,Collision with vehicle,6,Friday,148,VEHICLE OFF FOOTPATH STRIKES VEH ON CARRIAGEWAY,1,304076,2,0,0,1,1,2,1,5,Not at intersection,3,40,Local Road,45424,Other injury,Bicyclists
T20160011644,5/10/2016,8:20:00,1,Collision with vehicle,3,Tuesday,110,CROSS TRAFFIC(INTERSECTIONS ONLY),1,37495,2,0,0,1,1,2,2,1,Cross intersection,3,50,Local Road,30-39,Other injury,Bicyclists
T20160011677,5/15/2016,18:50:00,1,Collision with vehicle,1,Sunday,163,VEHICLE STRIKES DOOR OF PARKED/STATIONARY VEHICLE,3,303965,2,0,0,1,4,5,1,5,Not at intersection,3,40,Local Road,30-39,Other injury,Bicyclists
T20160011727,5/28/2016,14:50:00,1,Collision with vehicle,6,Saturday,110,CROSS TRAFFIC(INTERSECTIONS ONLY),1,42468,2,0,0,1,0,1,2,1,Cross intersection,3,50,Local Road,50-59,Other injury,Bicyclists
T20160011747,4/23/2016,20:30:00,6,Vehicle overturned (no collision),7,Saturday,174,OUT OF CONTROL ON CARRIAGEWAY (ON STRAIGHT),6,45033,1,0,1,0,0,1,2,2,T intersection,2,50,Arterial Other,30-39,Serious injury,Bicyclists
T20160011751,5/29/2016,11:20:00,1,Collision with vehicle,1,Sunday,110,CROSS TRAFFIC(INTERSECTIONS ONLY),1,17628,2,0,0,1,1,2,1,1,Cross intersection,3,60,Local Road,40-49,Other injury,Bicyclists
T20160011761,5/29/2016,12:15:00,1,Collision with vehicle,0,Sunday,121,RIGHT THROUGH,1,306640,2,0,0,1,1,2,1,5,Not at intersection,3,40,Arterial Other,65-69,Other injury,Bicyclists
T20160011775,5/29/2016,17:45:00,1,Collision with vehicle,1,Sunday,133,LANE SIDE SWIPE (VEHICLES IN PARALLEL LANES),3,304465,2,0,0,1,2,3,1,5,Not at intersection,3,40,Local Road,22-25,Other injury,Bicyclists
T20160011793,5/13/2016,12:00:00,1,Collision with vehicle,5,Friday,163,VEHICLE STRIKES DOOR OF PARKED/STATIONARY VEHICLE,1,304401,3,0,0,1,2,3,2,5,Not at intersection,3,40,Local Road,22-25,Other injury,Bicyclists
T20160011842,5/30/2016,13:50:00,1,Collision with vehicle,2,Monday,133,LANE SIDE SWIPE (VEHICLES IN PARALLEL LANES),1,57498,2,0,1,0,2,3,1,1,Cross intersection,2,50,Arterial Other,70+,Serious injury,Bicyclists
T20160011861,5/30/2016,17:15:00,1,Collision with vehicle,1,Monday,121,RIGHT THROUGH,2,57261,2,0,1,0,1,2,1,2,T intersection,2,60,Local Road,30-39,Serious injury,Bicyclists
T20160011870,5/30/2016,18:20:00,1,Collision with vehicle,2,Monday,121,RIGHT THROUGH,3,14250,2,0,1,0,1,2,2,2,T intersection,2,40,Local Road,26-29,Serious injury,Bicyclists
T20160011884,5/30/2016,13:45:00,1,Collision with vehicle,2,Monday,137,LEFT TURN SIDESWIPE,1,39915,2,0,0,1,1,2,1,2,T intersection,3,50,Local Road,40-49,Other injury,Bicyclists
T20160011899,5/31/2016,10:10:00,1,Collision with vehicle,3,Tuesday,113,RIGHT NEAR (INTERSECTIONS ONLY),1,29643,2,0,0,1,1,2,1,4,Multiple intersection,3,50,Arterial Other,22-25,Other injury,Bicyclists
T20160011931,5/31/2016,15:49:00,1,Collision with vehicle,3,Tuesday,121,RIGHT THROUGH,1,304184,2,0,0,1,2,3,1,2,T intersection,3,50,Local Road,40-49,Other injury,Bicyclists
T20160011977,6/1/2016,6:26:00,1,Collision with vehicle,3,Wednesday,111,RIGHT FAR (INTERSECTIONS ONLY),3,37606,2,0,0,1,1,2,1,2,T intersection,3,50,Local Road,22-25,Other injury,Bicyclists
T20160011991,5/6/2016,18:40:00,1,Collision with vehicle,5,Friday,163,VEHICLE STRIKES DOOR OF PARKED/STATIONARY VEHICLE,2,307553,2,0,1,0,1,2,2,5,Not at intersection,2,40,Arterial Other,50-59,Serious injury,Bicyclists
T20160012019,5/31/2016,8:30:00,1,Collision with vehicle,2,Tuesday,137,LEFT TURN SIDESWIPE,1,130309,2,0,0,1,1,2,2,5,Not at intersection,3,50,Arterial Other,30-39,Other injury,Bicyclists
T20160012020,6/1/2016,16:30:00,1,Collision with vehicle,4,Wednesday,137,LEFT TURN SIDESWIPE,1,304185,2,0,0,1,1,2,2,5,Not at intersection,3,60,Arterial Other,30-39,Other injury,Bicyclists
T20160012040,5/31/2016,9:33:00,1,Collision with vehicle,3,Tuesday,130,REAR END(VEHICLES IN SAME LANE),1,63918,2,0,0,1,1,2,1,2,T intersection,3,60,Arterial Other,40-49,Other injury,Bicyclists
T20160012062,6/2/2016,5:50:00,1,Collision with vehicle,4,Thursday,111,RIGHT FAR (INTERSECTIONS ONLY),3,295553,2,0,1,0,1,2,1,2,T intersection,2,60,Arterial Other,40-49,Serious injury,Bicyclists
T20160012065,6/2/2016,7:17:00,1,Collision with vehicle,5,Thursday,121,RIGHT THROUGH,2,36625,2,0,0,2,0,2,1,1,Cross intersection,3,40,Local Road,22-25,Other injury,Bicyclists
T20160012072,6/2/2016,9:00:00,1,Collision with vehicle,5,Thursday,121,RIGHT THROUGH,1,45490,2,0,1,0,1,2,1,2,T intersection,2,60,Arterial Other,40-49,Serious injury,Bicyclists
T20160012074,6/2/2016,8:30:00,1,Collision with vehicle,4,Thursday,121,RIGHT THROUGH,1,41226,2,0,0,1,1,2,2,2,T intersection,3,50,Arterial Other,22-25,Other injury,Bicyclists
T20160012078,6/2/2016,8:28:00,1,Collision with vehicle,5,Thursday,121,RIGHT THROUGH,1,35365,2,0,1,0,1,2,1,1,Cross intersection,2,40,Local Road,30-39,Serious injury,Bicyclists
T20160012081,6/2/2016,7:30:00,1,Collision with vehicle,5,Thursday,163,VEHICLE STRIKES DOOR OF PARKED/STATIONARY VEHICLE,1,304246,2,0,1,0,3,4,1,5,Not at intersection,2,60,Uknown,50-59,Serious injury,Bicyclists
T20160012101,6/2/2016,10:40:00,1,Collision with vehicle,5,Thursday,140,U TURN,1,305054,2,0,1,0,1,2,1,5,Not at intersection,2,100,Arterial Other,70+,Serious injury,Bicyclists
T20160012139,6/2/2016,7:30:00,1,Collision with vehicle,4,Thursday,110,CROSS TRAFFIC(INTERSECTIONS ONLY),1,55210,2,0,0,1,1,2,2,1,Cross intersection,3,50,Uknown,40-49,Other injury,Bicyclists
T20160012159,6/2/2016,19:03:00,1,Collision with vehicle,4,Thursday,139,OTHER SAME DIRECTION-MANOUEVRES NOT INCLUDED IN DCAs 130-137,3,305609,3,0,0,1,1,2,1,5,Not at intersection,3,50,Arterial Highway,18-21,Other injury,Bicyclists
T20160012173,6/3/2016,7:30:00,1,Collision with vehicle,6,Friday,133,LANE SIDE SWIPE (VEHICLES IN PARALLEL LANES),1,35338,2,0,0,1,1,2,1,1,Cross intersection,3,40,Arterial Highway,50-59,Other injury,Bicyclists
T20160012228,6/2/2016,19:15:00,1,Collision with vehicle,5,Thursday,116,LEFT NEAR (INTERSECTIONS ONLY),3,38092,2,0,0,1,1,2,2,1,Cross intersection,3,60,Uknown,40-49,Other injury,Bicyclists
T20160012241,5/31/2016,17:45:00,1,Collision with vehicle,3,Tuesday,121,RIGHT THROUGH,2,42210,2,0,0,1,1,2,2,2,T intersection,3,60,Local Road,60-64,Other injury,Bicyclists
T20160012247,6/3/2016,19:08:00,1,Collision with vehicle,6,Friday,121,RIGHT THROUGH,3,304342,2,0,0,1,1,2,1,5,Not at intersection,3,40,Local Road,40-49,Other injury,Bicyclists
T20160012252,5/31/2016,6:45:00,1,Collision with vehicle,2,Tuesday,121,RIGHT THROUGH,3,40161,2,0,0,1,1,2,2,1,Cross intersection,3,60,Arterial Other,40-49,Other injury,Bicyclists
T20160012321,6/4/2016,11:45:00,6,Vehicle overturned (no collision),7,Saturday,174,OUT OF CONTROL ON CARRIAGEWAY (ON STRAIGHT),1,304302,2,0,0,1,1,2,2,5,Not at intersection,3,60,Local Road,18-21,Other injury,Bicyclists
T20160012326,6/4/2016,13:20:00,8,No collision and no object struck,7,Saturday,174,OUT OF CONTROL ON CARRIAGEWAY (ON STRAIGHT),1,304441,1,0,0,1,0,1,1,5,Not at intersection,3,100,Local Road,16-17,Other injury,Bicyclists
T20160012345,6/5/2016,0:43:00,1,Collision with vehicle,0,Sunday,130,REAR END(VEHICLES IN SAME LANE),3,306258,2,0,1,0,1,2,1,5,Not at intersection,2,40,Freeway,22-25,Serious injury,Bicyclists
T20160012375,3/18/2016,14:30:00,5,collision with some other object,6,Friday,191,LOAD OR MISSILE STRUCK VEHICLE,1,304283,2,0,1,0,0,1,2,5,Not at intersection,2,999,Arterial Other,50-59,Serious injury,Bicyclists