ACCIDENT_NO,ACCIDENT_DATE,ACCIDENT_TIME,ACCIDENT_TYPE,ACCIDENT_TYPE_DESC,DAY_OF_WEEK,DAY_WEEK_DESC,DCA_CODE,DCA_DESC,LIGHT_CONDITION,NODE_ID,NO_OF_VEHICLES,NO_PERSONS_KILLED,NO_PERSONS_INJ_2,NO_PERSONS_INJ_3,NO_PERSONS_NOT_INJ,NO_PERSONS,POLICE_ATTEND,ROAD_GEOMETRY,ROAD_GEOMETRY_DESC,SEVERITY,SPEED_ZONE,RMA,AGE_GROUP,INJ_LEVEL,ROAD_USER_TYPE_DESC
T20160012383,6/5/2016,13:45:00,1,Collision with vehicle,1,Sunday,110,CROSS TRAFFIC(INTERSECTIONS ONLY),1,73549,2,0,1,0,1,2,1,1,Cross intersection,2,80,Local Road,50-59,Serious injury,Bicyclists
T20160012390,4/6/2016,14:00:00,1,Collision with vehicle,4,Wednesday,163,VEHICLE STRIKES DOOR OF PARKED/STATIONARY VEHICLE,9,308338,2,0,1,0,2,3,2,5,Not at intersection,2,40,Local Road,30-39,Serious injury,Bicyclists
T20160012394,5/20/2016,16:20:00,1,Collision with vehicle,6,Friday,137,LEFT TURN SIDESWIPE,1,306490,2,0,0,1,1,2,2,5,Not at intersection,3,50,Local Road,30-39,Other injury,Bicyclists
T20160012447,6/6/2016,8:15:00,1,Collision with vehicle,2,Monday,110,CROSS TRAFFIC(INTERSECTIONS ONLY),1,64104,2,0,1,0,1,2,1,1,Cross intersection,2,50,Local Road,13-15,Serious injury,Bicyclists
T20160012462,6/2/2016,18:00:00,1,Collision with vehicle,5,Thursday,163,VEHICLE STRIKES DOOR OF PARKED/STATIONARY VEHICLE,6,305463,2,0,1,0,1,2,2,5,Not at intersection,2,999,Local Road,40-49,Serious injury,Bicyclists
T20160012487,6/6/2016,18:27:00,1,Collision with vehicle,2,Monday,130,REAR END(VEHICLES IN SAME LANE),3,41416,2,0,0,1,1,2,1,1,Cross intersection,3,60,Local Road,22-25,Other injury,Bicyclists
T20160012523,6/7/2016,9:55:00,1,Collision with vehicle,2,Tuesday,142,LEAVING PARKING,1,312926,2,0,0,1,1,2,2,5,Not at intersection,3,60,Arterial Other,26-29,Other injury,Bicyclists
T20160012533,6/6/2016,17:20:00,1,Collision with vehicle,1,Monday,135,LANE CHANGE LEFT (NOT OVERTAKING),1,306331,2,0,0,1,1,2,2,5,Not at intersection,3,60,Arterial Highway,30-39,Other injury,Bicyclists
T20160012604,6/7/2016,8:35:00,1,Collision with vehicle,3,Tuesday,148,VEHICLE OFF FOOTPATH STRIKES VEH ON CARRIAGEWAY,1,304815,2,0,0,1,1,2,1,5,Not at intersection,3,50,Uknown,45424,Other injury,Bicyclists
T20160012617,3/2/2016,10:04:00,1,Collision with vehicle,3,Wednesday,110,CROSS TRAFFIC(INTERSECTIONS ONLY),1,38788,2,0,0,1,1,2,1,1,Cross intersection,3,60,Arterial Other,26-29,Other injury,Bicyclists
T20160012625,5/17/2016,13:00:00,1,Collision with vehicle,2,Tuesday,163,VEHICLE STRIKES DOOR OF PARKED/STATIONARY VEHICLE,9,90709,2,0,0,1,1,2,2,5,Not at intersection,3,999,Arterial Highway,22-25,Other injury,Bicyclists
T20160012627,6/7/2016,17:50:00,1,Collision with vehicle,3,Tuesday,130,REAR END(VEHICLES IN SAME LANE),9,56674,2,0,0,1,1,2,2,2,T intersection,3,50,Local Road,30-39,Other injury,Bicyclists
T20160012652,6/8/2016,17:30:00,1,Collision with vehicle,4,Wednesday,110,CROSS TRAFFIC(INTERSECTIONS ONLY),2,258514,2,0,0,1,1,2,2,1,Cross intersection,3,50,Local Road,26-29,Other injury,Bicyclists
T20160012660,6/8/2016,15:24:00,1,Collision with vehicle,3,Wednesday,121,RIGHT THROUGH,1,14250,2,0,1,0,1,2,1,2,T intersection,2,40,Local Road,40-49,Serious injury,Bicyclists
T20160012664,6/8/2016,17:31:00,1,Collision with vehicle,4,Wednesday,111,RIGHT FAR (INTERSECTIONS ONLY),3,37961,2,0,0,1,1,2,1,2,T intersection,3,60,Arterial Other,18-21,Other injury,Bicyclists
T20160012691,6/9/2016,9:12:00,1,Collision with vehicle,4,Thursday,147,VEHICLE STRIKES ANOTHER VEH WHILE EMERGING FROM DRIVEWAY,1,304512,2,0,1,0,1,2,1,5,Not at intersection,2,50,Local Road,13-15,Serious injury,Bicyclists
T20160012744,6/8/2016,19:00:00,1,Collision with vehicle,4,Wednesday,110,CROSS TRAFFIC(INTERSECTIONS ONLY),3,29361,2,0,0,1,1,2,1,1,Cross intersection,3,40,Local Road,26-29,Other injury,Bicyclists
T20160012760,6/9/2016,17:30:00,1,Collision with vehicle,5,Thursday,102,FAR SIDE. PED HIT BY VEHICLE FROM THE LEFT,9,357906,2,0,1,0,1,2,2,5,Not at intersection,2,50,Local Road,45424,Serious injury,Bicyclists
T20160012765,6/10/2016,9:14:00,1,Collision with vehicle,6,Friday,134,LANE CHANGE RIGHT (NOT OVERTAKING),1,305467,2,0,0,1,1,2,1,5,Not at intersection,3,110,Freeway,16-17,Other injury,Bicyclists
T20160012773,6/9/2016,20:45:00,1,Collision with vehicle,5,Thursday,163,VEHICLE STRIKES DOOR OF PARKED/STATIONARY VEHICLE,2,304674,2,0,0,1,1,2,2,5,Not at intersection,3,40,Arterial Other,16-17,Other injury,Bicyclists
T20160012780,5/23/2016,15:00:00,1,Collision with vehicle,2,Monday,163,VEHICLE STRIKES DOOR OF PARKED/STATIONARY VEHICLE,1,304566,2,0,0,1,1,2,2,5,Not at intersection,3,60,Local Road,22-25,Other injury,Bicyclists
T20160012859,6/11/2016,10:30:00,1,Collision with vehicle,7,Saturday,110,CROSS TRAFFIC(INTERSECTIONS ONLY),1,38042,2,0,0,2,0,2,2,1,Cross intersection,3,50,Local Road,22-25,Other injury,Bicyclists
T20160012932,6/12/2016,13:00:00,1,Collision with vehicle,0,Sunday,137,LEFT TURN SIDESWIPE,1,48589,2,0,1,0,1,2,1,2,T intersection,2,50,Local Road,30-39,Serious injury,Bicyclists
T20160013036,5/25/2016,8:00:00,1,Collision with vehicle,4,Wednesday,121,RIGHT THROUGH,1,39114,2,0,0,1,1,2,2,2,T intersection,3,999,Local Road,30-39,Other injury,Bicyclists
T20160013041,5/30/2016,12:00:00,1,Collision with vehicle,1,Monday,163,VEHICLE STRIKES DOOR OF PARKED/STATIONARY VEHICLE,1,305547,2,0,0,1,1,2,2,5,Not at intersection,3,40,Local Road,30-39,Other injury,Bicyclists
T20160013090,5/31/2016,16:45:00,1,Collision with vehicle,3,Tuesday,148,VEHICLE OFF FOOTPATH STRIKES VEH ON CARRIAGEWAY,9,53464,2,0,0,1,0,1,2,1,Cross intersection,3,80,Arterial Highway,30-39,Other injury,Bicyclists
T20160013096,6/12/2016,11:00:00,1,Collision with vehicle,1,Sunday,163,VEHICLE STRIKES DOOR OF PARKED/STATIONARY VEHICLE,9,305102,2,0,1,0,1,2,2,5,Not at intersection,2,50,Arterial Other,30-39,Serious injury,Bicyclists
T20160013097,6/14/2016,18:00:00,1,Collision with vehicle,3,Tuesday,119,OTHER ADJACENT (INTERSECTIONS ONLY),9,399,2,0,0,1,0,1,2,2,T intersection,3,60,Arterial Other,30-39,Other injury,Bicyclists
T20160013114,6/14/2016,17:10:00,1,Collision with vehicle,3,Tuesday,163,VEHICLE STRIKES DOOR OF PARKED/STATIONARY VEHICLE,2,308543,3,0,0,1,2,3,2,5,Not at intersection,3,60,Arterial Other,50-59,Other injury,Bicyclists
T20160013115,6/15/2016,7:55:00,1,Collision with vehicle,4,Wednesday,148,VEHICLE OFF FOOTPATH STRIKES VEH ON CARRIAGEWAY,1,305577,2,0,0,1,1,2,1,5,Not at intersection,3,50,Local Road,13-15,Other injury,Bicyclists
T20160013120,6/15/2016,8:45:00,1,Collision with vehicle,4,Wednesday,147,VEHICLE STRIKES ANOTHER VEH WHILE EMERGING FROM DRIVEWAY,1,304794,2,0,0,1,3,4,1,5,Not at intersection,3,50,Local Road,45424,Other injury,Bicyclists
T20160013129,6/1/2016,8:15:00,1,Collision with vehicle,3,Wednesday,110,CROSS TRAFFIC(INTERSECTIONS ONLY),1,37502,2,0,0,1,1,2,2,1,Cross intersection,3,60,Local Road,13-15,Other injury,Bicyclists
T20160013167,6/15/2016,15:22:00,1,Collision with vehicle,3,Wednesday,121,RIGHT THROUGH,1,39920,2,0,0,1,1,2,2,1,Cross intersection,3,50,Arterial Other,70+,Other injury,Bicyclists
T20160013170,6/15/2016,16:48:00,1,Collision with vehicle,4,Wednesday,121,RIGHT THROUGH,2,912,2,0,0,1,1,2,1,1,Cross intersection,3,60,Arterial Other,30-39,Other injury,Bicyclists
T20160013234,6/15/2016,7:00:00,1,Collision with vehicle,4,Wednesday,110,CROSS TRAFFIC(INTERSECTIONS ONLY),2,45640,2,0,1,0,0,1,2,1,Cross intersection,2,40,Arterial Other,30-39,Serious injury,Bicyclists
T20160013251,6/14/2016,17:50:00,1,Collision with vehicle,3,Tuesday,110,CROSS TRAFFIC(INTERSECTIONS ONLY),2,36962,2,0,1,0,1,2,2,4,Multiple intersection,2,999,Local Road,30-39,Serious injury,Bicyclists
T20160013294,6/17/2016,9:50:00,1,Collision with vehicle,6,Friday,121,RIGHT THROUGH,1,37184,2,0,0,1,1,2,1,2,T intersection,3,40,Arterial Other,30-39,Other injury,Bicyclists
T20160013301,6/17/2016,7:35:00,1,Collision with vehicle,5,Friday,110,CROSS TRAFFIC(INTERSECTIONS ONLY),1,36385,2,0,0,1,1,2,1,1,Cross intersection,3,40,Local Road,22-25,Other injury,Bicyclists
T20160013303,6/15/2016,18:10:00,1,Collision with vehicle,3,Wednesday,116,LEFT NEAR (INTERSECTIONS ONLY),3,306154,2,0,0,1,1,2,2,2,T intersection,3,999,Local Road,30-39,Other injury,Bicyclists
T20160013364,4/26/2016,19:30:00,1,Collision with vehicle,2,Tuesday,121,RIGHT THROUGH,3,838,2,0,0,1,1,2,1,2,T intersection,3,50,Local Road,30-39,Other injury,Bicyclists
T20160013401,6/18/2016,15:50:00,6,Vehicle overturned (no collision),7,Saturday,174,OUT OF CONTROL ON CARRIAGEWAY (ON STRAIGHT),1,47941,1,0,0,1,0,1,1,2,T intersection,3,60,Local Road,50-59,Other injury,Bicyclists
T20160013420,6/18/2016,18:00:00,1,Collision with vehicle,7,Saturday,148,VEHICLE OFF FOOTPATH STRIKES VEH ON CARRIAGEWAY,5,301553,2,0,0,1,1,2,1,1,Cross intersection,3,999,Local Road,50-59,Other injury,Bicyclists
T20160013435,5/14/2016,16:00:00,1,Collision with vehicle,7,Saturday,135,LANE CHANGE LEFT (NOT OVERTAKING),1,304871,2,0,0,1,1,2,2,5,Not at intersection,3,60,Arterial Other,30-39,Other injury,Bicyclists
T20160013441,6/19/2016,7:33:00,1,Collision with vehicle,1,Sunday,121,RIGHT THROUGH,2,38236,2,0,1,0,1,2,1,1,Cross intersection,2,60,Arterial Highway,50-59,Serious injury,Bicyclists
T20160013461,6/7/2016,18:30:00,1,Collision with vehicle,3,Tuesday,116,LEFT NEAR (INTERSECTIONS ONLY),3,47677,2,0,1,0,1,2,2,2,T intersection,2,50,Local Road,26-29,Serious injury,Bicyclists
T20160013552,5/30/2016,17:10:00,1,Collision with vehicle,2,Monday,147,VEHICLE STRIKES ANOTHER VEH WHILE EMERGING FROM DRIVEWAY,1,306325,2,0,0,1,1,2,2,5,Not at intersection,3,888,Local Road,45424,Other injury,Bicyclists
T20160013569,6/21/2016,6:45:00,1,Collision with vehicle,3,Tuesday,116,LEFT NEAR (INTERSECTIONS ONLY),2,305086,2,0,0,1,1,2,1,2,T intersection,3,60,Local Road,30-39,Other injury,Bicyclists
T20160013585,6/21/2016,7:00:00,1,Collision with vehicle,2,Tuesday,113,RIGHT NEAR (INTERSECTIONS ONLY),2,62776,2,0,0,1,1,2,1,2,T intersection,3,50,Local Road,30-39,Other injury,Bicyclists
T20160013599,6/17/2016,23:30:00,1,Collision with vehicle,6,Friday,119,OTHER ADJACENT (INTERSECTIONS ONLY),3,35714,2,0,0,1,0,1,2,1,Cross intersection,3,60,Arterial Other,22-25,Other injury,Bicyclists
T20160013646,6/21/2016,19:00:00,1,Collision with vehicle,3,Tuesday,121,RIGHT THROUGH,3,38993,2,0,1,0,1,2,1,1,Cross intersection,2,60,Arterial Other,40-49,Serious injury,Bicyclists
T20160013667,6/22/2016,8:45:00,1,Collision with vehicle,4,Wednesday,110,CROSS TRAFFIC(INTERSECTIONS ONLY),1,41032,2,0,1,0,1,2,1,1,Cross intersection,2,60,Local Road,50-59,Serious injury,Bicyclists
T20160013679,6/22/2016,8:25:00,1,Collision with vehicle,4,Wednesday,137,LEFT TURN SIDESWIPE,1,37089,2,0,0,1,1,2,1,2,T intersection,3,40,Arterial Other,26-29,Other injury,Bicyclists
T20160013687,6/18/2016,8:30:00,6,Vehicle overturned (no collision),7,Saturday,174,OUT OF CONTROL ON CARRIAGEWAY (ON STRAIGHT),1,29424,1,0,1,0,0,1,2,1,Cross intersection,2,60,Local Road,40-49,Serious injury,Bicyclists
T20160013694,6/22/2016,8:35:00,1,Collision with vehicle,4,Wednesday,130,REAR END(VEHICLES IN SAME LANE),1,295553,3,0,1,0,3,4,1,2,T intersection,2,50,Arterial Other,30-39,Serious injury,Bicyclists
T20160013718,6/22/2016,17:00:00,1,Collision with vehicle,4,Wednesday,116,LEFT NEAR (INTERSECTIONS ONLY),3,305076,2,0,0,1,1,2,2,2,T intersection,3,50,Local Road,40-49,Other injury,Bicyclists
T20160013752,6/23/2016,12:00:00,1,Collision with vehicle,5,Thursday,148,VEHICLE OFF FOOTPATH STRIKES VEH ON CARRIAGEWAY,1,64501,2,0,1,0,1,2,1,1,Cross intersection,2,50,Local Road,18-21,Serious injury,Bicyclists
T20160013754,6/9/2016,9:30:00,1,Collision with vehicle,5,Thursday,163,VEHICLE STRIKES DOOR OF PARKED/STATIONARY VEHICLE,1,305212,2,0,0,1,1,2,2,5,Not at intersection,3,999,Arterial Other,26-29,Other injury,Bicyclists
T20160013772,6/23/2016,16:07:00,1,Collision with vehicle,5,Thursday,133,LANE SIDE SWIPE (VEHICLES IN PARALLEL LANES),1,222107,2,0,1,0,1,2,1,1,Cross intersection,2,80,Arterial Highway,18-21,Serious injury,Bicyclists
T20160013796,6/23/2016,18:39:00,1,Collision with vehicle,5,Thursday,119,OTHER ADJACENT (INTERSECTIONS ONLY),1,38744,2,0,0,1,1,2,1,1,Cross intersection,3,60,Arterial Other,22-25,Other injury,Bicyclists
T20160013798,6/23/2016,15:11:00,1,Collision with vehicle,5,Thursday,130,REAR END(VEHICLES IN SAME LANE),1,305032,3,1,0,0,1,2,1,5,Not at intersection,1,50,Local Road,40-49,Fatality,Bicyclists
T20160013823,6/24/2016,9:31:00,8,No collision and no object struck,6,Friday,174,OUT OF CONTROL ON CARRIAGEWAY (ON STRAIGHT),1,305156,2,0,0,1,1,2,1,5,Not at intersection,3,40,Local Road,26-29,Other injury,Bicyclists
T20160013836,6/8/2016,16:30:00,1,Collision with vehicle,4,Wednesday,136,RIGHT TURN SIDESWIPE,9,129,2,0,0,1,1,2,2,2,T intersection,3,40,Arterial Other,22-25,Other injury,Bicyclists
T20160013843,6/24/2016,9:45:00,1,Collision with vehicle,6,Friday,110,CROSS TRAFFIC(INTERSECTIONS ONLY),1,65381,2,0,0,1,1,2,2,1,Cross intersection,3,60,Local Road,30-39,Other injury,Bicyclists
T20160013854,2/15/2016,18:24:00,1,Collision with vehicle,2,Monday,133,LANE SIDE SWIPE (VEHICLES IN PARALLEL LANES),1,305085,2,0,0,1,1,2,1,5,Not at intersection,3,80,Arterial Highway,30-39,Other injury,Bicyclists
T20160013855,6/24/2016,14:40:00,1,Collision with vehicle,6,Friday,135,LANE CHANGE LEFT (NOT OVERTAKING),1,305095,2,0,0,1,1,2,1,5,Not at intersection,3,50,Local Road,22-25,Other injury,Bicyclists
T20160013862,6/24/2016,13:50:00,1,Collision with vehicle,6,Friday,110,CROSS TRAFFIC(INTERSECTIONS ONLY),1,40322,2,0,1,0,1,2,1,1,Cross intersection,2,50,Local Road,70+,Serious injury,Bicyclists
T20160013882,6/24/2016,21:28:00,1,Collision with vehicle,6,Friday,110,CROSS TRAFFIC(INTERSECTIONS ONLY),3,38753,2,0,1,0,1,2,1,1,Cross intersection,2,40,Local Road,40-49,Serious injury,Bicyclists
T20160013902,6/25/2016,9:50:00,1,Collision with vehicle,7,Saturday,116,LEFT NEAR (INTERSECTIONS ONLY),1,35573,2,0,0,1,1,2,1,2,T intersection,3,70,Arterial Other,50-59,Other injury,Bicyclists
T20160013906,6/23/2016,18:00:00,1,Collision with vehicle,5,Thursday,163,VEHICLE STRIKES DOOR OF PARKED/STATIONARY VEHICLE,3,305113,2,0,0,1,1,2,2,5,Not at intersection,3,50,Local Road,30-39,Other injury,Bicyclists
T20160013923,6/25/2016,12:05:00,1,Collision with vehicle,7,Saturday,116,LEFT NEAR (INTERSECTIONS ONLY),1,43028,2,0,1,0,1,2,1,2,T intersection,2,60,Arterial Highway,50-59,Serious injury,Bicyclists
T20160013975,5/25/2016,10:35:00,1,Collision with vehicle,4,Wednesday,113,RIGHT NEAR (INTERSECTIONS ONLY),1,305677,2,0,0,1,1,2,1,2,T intersection,3,80,Arterial Other,70+,Other injury,Bicyclists
T20160014029,6/27/2016,10:09:00,1,Collision with vehicle,2,Monday,121,RIGHT THROUGH,1,305179,2,0,1,0,1,2,1,5,Not at intersection,2,80,Arterial Other,30-39,Serious injury,Bicyclists
T20160014099,6/27/2016,8:30:00,6,Vehicle overturned (no collision),2,Monday,174,OUT OF CONTROL ON CARRIAGEWAY (ON STRAIGHT),1,306124,1,0,0,1,0,1,2,5,Not at intersection,3,60,Local Road,18-21,Other injury,Bicyclists
T20160014136,6/28/2016,16:21:00,1,Collision with vehicle,3,Tuesday,147,VEHICLE STRIKES ANOTHER VEH WHILE EMERGING FROM DRIVEWAY,1,305263,2,0,1,0,1,2,1,5,Not at intersection,2,888,Arterial Other,13-15,Serious injury,Bicyclists
T20160014179,6/29/2016,8:50:00,1,Collision with vehicle,4,Wednesday,133,LANE SIDE SWIPE (VEHICLES IN PARALLEL LANES),1,305271,2,0,1,0,2,3,1,5,Not at intersection,2,80,Arterial Highway,40-49,Serious injury,Bicyclists
T20160014182,6/26/2016,12:11:00,1,Collision with vehicle,0,Sunday,121,RIGHT THROUGH,1,41433,2,0,0,1,1,2,1,1,Cross intersection,3,60,Arterial Other,50-59,Other injury,Bicyclists
T20160014244,6/27/2016,8:45:00,1,Collision with vehicle,2,Monday,134,LANE CHANGE RIGHT (NOT OVERTAKING),1,305303,3,0,0,1,0,1,2,5,Not at intersection,3,50,Arterial Other,26-29,Other injury,Bicyclists
T20160014312,7/1/2016,8:50:00,1,Collision with vehicle,6,Friday,130,REAR END(VEHICLES IN SAME LANE),1,71972,2,0,0,1,1,2,2,1,Cross intersection,3,100,Uknown,40-49,Other injury,Bicyclists
T20160014315,6/23/2016,7:20:00,1,Collision with vehicle,5,Thursday,133,LANE SIDE SWIPE (VEHICLES IN PARALLEL LANES),1,115385,2,0,0,1,1,2,1,5,Not at intersection,3,40,Arterial Other,30-39,Other injury,Bicyclists
T20160014322,6/26/2016,15:30:00,1,Collision with vehicle,1,Sunday,163,VEHICLE STRIKES DOOR OF PARKED/STATIONARY VEHICLE,1,305690,2,0,1,0,1,2,2,5,Not at intersection,2,60,Arterial Other,30-39,Serious injury,Bicyclists
T20160014353,7/1/2016,16:15:00,1,Collision with vehicle,6,Friday,142,LEAVING PARKING,1,305351,2,0,0,1,1,2,1,5,Not at intersection,3,40,Local Road,40-49,Other injury,Bicyclists
T20160014390,7/2/2016,8:30:00,1,Collision with vehicle,7,Saturday,110,CROSS TRAFFIC(INTERSECTIONS ONLY),1,41119,2,0,0,1,1,2,2,1,Cross intersection,3,60,Local Road,26-29,Other injury,Bicyclists
T20160014408,7/1/2016,13:10:00,1,Collision with vehicle,6,Friday,135,LANE CHANGE LEFT (NOT OVERTAKING),1,305370,2,0,1,1,0,2,2,5,Not at intersection,2,60,Local Road,30-39,Serious injury,Bicyclists
T20160014445,7/3/2016,10:50:00,1,Collision with vehicle,1,Sunday,113,RIGHT NEAR (INTERSECTIONS ONLY),1,305373,2,0,1,0,1,2,1,1,Cross intersection,2,50,Local Road,40-49,Serious injury,Bicyclists
T20160014453,7/3/2016,13:00:00,1,Collision with vehicle,1,Sunday,121,RIGHT THROUGH,1,305490,2,0,0,1,1,2,1,5,Not at intersection,3,60,Arterial Other,30-39,Other injury,Bicyclists
T20160014499,7/4/2016,10:45:00,1,Collision with vehicle,2,Monday,113,RIGHT NEAR (INTERSECTIONS ONLY),1,305834,2,0,1,0,1,2,1,2,T intersection,2,999,Local Road,18-21,Serious injury,Bicyclists
T20160014504,7/4/2016,10:20:00,1,Collision with vehicle,2,Monday,136,RIGHT TURN SIDESWIPE,1,305460,2,0,1,1,0,2,1,5,Not at intersection,2,60,Arterial Highway,60-64,Serious injury,Bicyclists
T20160014515,7/2/2016,13:40:00,1,Collision with vehicle,6,Saturday,163,VEHICLE STRIKES DOOR OF PARKED/STATIONARY VEHICLE,1,305883,2,0,0,1,1,2,2,5,Not at intersection,3,60,Arterial Other,65-69,Other injury,Bicyclists
T20160014549,7/4/2016,19:10:00,1,Collision with vehicle,2,Monday,121,RIGHT THROUGH,3,40202,2,0,1,0,1,2,1,1,Cross intersection,2,60,Arterial Other,40-49,Serious injury,Bicyclists
T20160014585,7/5/2016,7:42:00,8,No collision and no object struck,3,Tuesday,182,OFF CARRIAGEWAY ON LEFT BEND,2,305679,4,0,0,2,2,4,1,5,Not at intersection,3,100,Arterial Other,60-64,Other injury,Bicyclists
T20160014588,4/17/2016,18:30:00,1,Collision with vehicle,1,Sunday,119,OTHER ADJACENT (INTERSECTIONS ONLY),9,59756,2,0,0,1,0,1,2,1,Cross intersection,3,60,Arterial Highway,50-59,Other injury,Bicyclists
T20160014647,7/5/2016,14:41:00,1,Collision with vehicle,3,Tuesday,148,VEHICLE OFF FOOTPATH STRIKES VEH ON CARRIAGEWAY,1,38986,2,0,0,1,1,2,1,2,T intersection,3,60,Arterial Other,40-49,Other injury,Bicyclists
T20160014651,7/5/2016,21:48:00,1,Collision with vehicle,3,Tuesday,123,RIGHT/LEFT. ONE VEH TURNING RIGHT THE OTHER LEFT.,5,56312,2,0,1,0,1,2,1,2,T intersection,2,50,Local Road,40-49,Serious injury,Bicyclists
T20160014688,7/6/2016,8:30:00,1,Collision with vehicle,4,Wednesday,121,RIGHT THROUGH,1,305548,2,0,1,0,1,2,2,5,Not at intersection,2,999,Local Road,26-29,Serious injury,Bicyclists
T20160014753,7/7/2016,8:06:00,1,Collision with vehicle,5,Thursday,119,OTHER ADJACENT (INTERSECTIONS ONLY),1,42149,2,0,0,1,1,2,1,2,T intersection,3,999,Arterial Other,30-39,Other injury,Bicyclists
T20160014769,7/7/2016,10:45:00,1,Collision with vehicle,4,Thursday,130,REAR END(VEHICLES IN SAME LANE),1,36214,2,0,0,1,0,1,1,1,Cross intersection,3,60,Arterial Other,60-64,Other injury,Bicyclists
T20160014782,7/6/2016,18:05:00,1,Collision with vehicle,4,Wednesday,143,ENTERING PARKING,3,305997,2,0,0,1,1,2,2,2,T intersection,3,777,Local Road,30-39,Other injury,Bicyclists
T20160014812,7/7/2016,18:30:00,1,Collision with vehicle,5,Thursday,116,LEFT NEAR (INTERSECTIONS ONLY),6,36044,2,0,0,1,1,2,2,1,Cross intersection,3,60,Local Road,26-29,Other injury,Bicyclists
T20160014816,6/30/2016,18:30:00,1,Collision with vehicle,5,Thursday,130,REAR END(VEHICLES IN SAME LANE),3,37115,2,0,0,1,1,2,2,1,Cross intersection,3,50,Local Road,26-29,Other injury,Bicyclists
T20160014849,7/8/2016,7:10:00,2,Struck Pedestrian,6,Friday,100,PED NEAR SIDE. PED HIT BY VEHICLE FROM THE RIGHT.,1,65831,1,0,0,2,0,2,1,1,Cross intersection,3,40,Arterial Other,30-39,Other injury,Bicyclists
T20160014901,7/8/2016,17:09:00,1,Collision with vehicle,6,Friday,148,VEHICLE OFF FOOTPATH STRIKES VEH ON CARRIAGEWAY,3,306856,2,0,0,1,0,1,1,5,Not at intersection,3,60,Arterial Other,26-29,Other injury,Bicyclists
T20160014902,5/28/2016,9:58:00,1,Collision with vehicle,7,Saturday,159,OTHER OVERTAKING MANOEUVRES NOT INCLUDED IN DCAs 150-154,1,308565,2,0,0,1,1,2,1,5,Not at intersection,3,60,Arterial Other,30-39,Other injury,Bicyclists
T20160014917,7/8/2016,17:20:00,1,Collision with vehicle,6,Friday,147,VEHICLE STRIKES ANOTHER VEH WHILE EMERGING FROM DRIVEWAY,1,308275,2,0,1,0,1,2,1,5,Not at intersection,2,777,Uknown,22-25,Serious injury,Bicyclists
T20160015015,7/9/2016,19:20:00,1,Collision with vehicle,6,Saturday,121,RIGHT THROUGH,3,36604,2,0,0,1,1,2,2,1,Cross intersection,3,40,Local Road,26-29,Other injury,Bicyclists
T20160015022,7/10/2016,9:15:00,1,Collision with vehicle,1,Sunday,137,LEFT TURN SIDESWIPE,1,306604,2,0,1,0,2,3,1,2,T intersection,2,60,Arterial Other,50-59,Serious injury,Bicyclists
T20160015075,7/11/2016,8:00:00,1,Collision with vehicle,2,Monday,110,CROSS TRAFFIC(INTERSECTIONS ONLY),1,36963,2,0,0,1,1,2,1,1,Cross intersection,3,50,Local Road,26-29,Other injury,Bicyclists
T20160015107,7/11/2016,15:45:00,1,Collision with vehicle,2,Monday,119,OTHER ADJACENT (INTERSECTIONS ONLY),1,41367,2,0,0,1,3,4,1,1,Cross intersection,3,40,Local Road,45424,Other injury,Bicyclists
T20160015128,7/12/2016,8:45:00,1,Collision with vehicle,2,Tuesday,121,RIGHT THROUGH,1,40336,2,0,1,0,1,2,1,2,T intersection,2,40,Local Road,22-25,Serious injury,Bicyclists
T20160015144,7/12/2016,8:08:00,1,Collision with vehicle,2,Tuesday,121,RIGHT THROUGH,1,37642,2,0,0,1,1,2,2,2,T intersection,3,60,Uknown,40-49,Other injury,Bicyclists
T20160015145,7/12/2016,13:30:00,1,Collision with vehicle,2,Tuesday,148,VEHICLE OFF FOOTPATH STRIKES VEH ON CARRIAGEWAY,1,51179,2,0,0,1,1,2,1,1,Cross intersection,3,50,Arterial Highway,13-15,Other injury,Bicyclists
T20160015168,7/11/2016,18:15:00,1,Collision with vehicle,2,Monday,121,RIGHT THROUGH,3,65647,2,0,1,0,1,2,1,2,T intersection,2,40,Local Road,22-25,Serious injury,Bicyclists
T20160015195,7/6/2016,11:30:00,1,Collision with vehicle,4,Wednesday,148,VEHICLE OFF FOOTPATH STRIKES VEH ON CARRIAGEWAY,1,41292,2,0,0,1,1,2,2,2,T intersection,3,60,Local Road,50-59,Other injury,Bicyclists
T20160015207,10/4/2015,3:34:00,1,Collision with vehicle,1,Sunday,160,VEHICLE COLLIDES WITH VEHICLE PARKED ON LEFT OF ROAD,3,305771,2,0,0,1,1,2,2,5,Not at intersection,3,999,Local Road,22-25,Other injury,Bicyclists
T20160015211,6/24/2016,7:10:00,1,Collision with vehicle,6,Friday,135,LANE CHANGE LEFT (NOT OVERTAKING),9,306155,2,0,0,1,1,2,2,5,Not at intersection,3,999,Local Road,30-39,Other injury,Bicyclists
T20160015212,6/28/2016,14:45:00,1,Collision with vehicle,3,Tuesday,147,VEHICLE STRIKES ANOTHER VEH WHILE EMERGING FROM DRIVEWAY,1,306126,2,0,0,1,1,2,2,5,Not at intersection,3,888,Arterial Other,18-21,Other injury,Bicyclists
T20160015294,4/22/2016,11:20:00,1,Collision with vehicle,6,Friday,113,RIGHT NEAR (INTERSECTIONS ONLY),1,45633,2,0,0,1,4,5,1,2,T intersection,3,40,Arterial Other,22-25,Other injury,Bicyclists