ACCIDENT_NO,ACCIDENT_DATE,ACCIDENT_TIME,ACCIDENT_TYPE,ACCIDENT_TYPE_DESC,DAY_OF_WEEK,DAY_WEEK_DESC,DCA_CODE,DCA_DESC,LIGHT_CONDITION,NODE_ID,NO_OF_VEHICLES,NO_PERSONS_KILLED,NO_PERSONS_INJ_2,NO_PERSONS_INJ_3,NO_PERSONS_NOT_INJ,NO_PERSONS,POLICE_ATTEND,ROAD_GEOMETRY,ROAD_GEOMETRY_DESC,SEVERITY,SPEED_ZONE,RMA,AGE_GROUP,INJ_LEVEL,ROAD_USER_TYPE_DESC
T20160015299,6/30/2016,16:30:00,1,Collision with vehicle,5,Thursday,130,REAR END(VEHICLES IN SAME LANE),2,44511,2,0,0,1,0,1,1,1,Cross intersection,3,60,Arterial Other,40-49,Other injury,Bicyclists
T20160015314,7/12/2016,18:30:00,1,Collision with vehicle,3,Tuesday,113,RIGHT NEAR (INTERSECTIONS ONLY),5,296602,2,0,1,0,1,2,2,1,Cross intersection,2,50,Arterial Other,60-64,Serious injury,Bicyclists
T20160015340,7/14/2016,16:25:00,1,Collision with vehicle,4,Thursday,147,VEHICLE STRIKES ANOTHER VEH WHILE EMERGING FROM DRIVEWAY,1,305858,2,0,1,0,1,2,1,5,Not at intersection,2,999,Arterial Other,40-49,Serious injury,Bicyclists
T20160015352,7/10/2016,16:15:00,1,Collision with vehicle,1,Sunday,110,CROSS TRAFFIC(INTERSECTIONS ONLY),1,35990,2,0,0,1,1,2,2,1,Cross intersection,3,999,Local Road,18-21,Other injury,Bicyclists
T20160015360,7/14/2016,17:52:00,1,Collision with vehicle,5,Thursday,143,ENTERING PARKING,2,36364,2,0,0,1,2,3,1,1,Cross intersection,3,60,Arterial Other,40-49,Other injury,Bicyclists
T20160015396,7/14/2016,8:55:00,1,Collision with vehicle,5,Thursday,121,RIGHT THROUGH,1,35407,2,0,2,0,0,2,1,2,T intersection,2,60,Arterial Other,30-39,Serious injury,Bicyclists
T20160015422,6/18/2016,16:00:00,1,Collision with vehicle,7,Saturday,130,REAR END(VEHICLES IN SAME LANE),1,306402,2,0,0,1,0,1,2,1,Cross intersection,3,50,Local Road,30-39,Other injury,Bicyclists
T20160015492,7/16/2016,14:11:00,1,Collision with vehicle,6,Saturday,110,CROSS TRAFFIC(INTERSECTIONS ONLY),1,35680,2,0,0,1,1,2,1,4,Multiple intersection,3,40,Uknown,30-39,Other injury,Bicyclists
T20160015558,7/17/2016,10:00:00,1,Collision with vehicle,1,Sunday,142,LEAVING PARKING,1,306097,2,0,0,1,1,2,2,5,Not at intersection,3,50,Local Road,30-39,Other injury,Bicyclists
T20160015567,7/17/2016,8:00:00,1,Collision with vehicle,1,Sunday,110,CROSS TRAFFIC(INTERSECTIONS ONLY),1,194343,2,0,0,1,1,2,1,1,Cross intersection,3,60,Local Road,30-39,Other injury,Bicyclists
T20160015573,7/17/2016,11:26:00,1,Collision with vehicle,1,Sunday,147,VEHICLE STRIKES ANOTHER VEH WHILE EMERGING FROM DRIVEWAY,1,306044,2,0,0,1,1,2,1,5,Not at intersection,3,999,Local Road,40-49,Other injury,Bicyclists
T20160015614,7/1/2016,9:30:00,9,Other accident,6,Friday,198,OTHER ACCIDENTS NOT CLASSIFIABLE ELSEWHERE,1,36432,1,0,1,0,0,1,2,1,Cross intersection,2,60,Arterial Other,22-25,Serious injury,Bicyclists
T20160015628,7/18/2016,9:30:00,6,Vehicle overturned (no collision),2,Monday,170,OFF CARRIAGEWAY TO LEFT,1,306185,1,0,1,0,0,1,1,5,Not at intersection,2,40,Local Road,60-64,Serious injury,Bicyclists
T20160015715,7/9/2016,19:30:00,1,Collision with vehicle,7,Saturday,121,RIGHT THROUGH,9,36629,2,0,1,0,1,2,2,1,Cross intersection,2,40,Local Road,30-39,Serious injury,Bicyclists
T20160015720,5/14/2016,19:30:00,5,collision with some other object,7,Saturday,171,LEFT OFF CARRIAGEWAY INTO OBJECT/PARKED VEHICLE,6,306105,3,0,0,1,0,1,2,5,Not at intersection,3,50,Uknown,40-49,Other injury,Bicyclists
T20160015749,3/18/2016,5:30:00,1,Collision with vehicle,6,Friday,130,REAR END(VEHICLES IN SAME LANE),3,38051,2,0,0,1,0,1,2,1,Cross intersection,3,60,Arterial Other,26-29,Other injury,Bicyclists
T20160015764,7/19/2016,17:30:00,1,Collision with vehicle,3,Tuesday,121,RIGHT THROUGH,3,270316,2,0,0,1,1,2,1,2,T intersection,3,60,Local Road,40-49,Other injury,Bicyclists
T20160015782,7/19/2016,18:10:00,1,Collision with vehicle,2,Tuesday,133,LANE SIDE SWIPE (VEHICLES IN PARALLEL LANES),3,64838,2,0,0,1,0,1,2,2,T intersection,3,50,Local Road,30-39,Other injury,Bicyclists
T20160015825,7/20/2016,12:37:00,1,Collision with vehicle,4,Wednesday,110,CROSS TRAFFIC(INTERSECTIONS ONLY),1,46469,2,0,0,1,1,2,1,1,Cross intersection,3,50,Local Road,30-39,Other injury,Bicyclists
T20160015954,5/6/2016,8:10:00,1,Collision with vehicle,6,Friday,163,VEHICLE STRIKES DOOR OF PARKED/STATIONARY VEHICLE,1,307662,2,0,0,1,1,2,2,5,Not at intersection,3,50,Local Road,16-17,Other injury,Bicyclists
T20160015955,7/21/2016,18:18:00,1,Collision with vehicle,5,Thursday,119,OTHER ADJACENT (INTERSECTIONS ONLY),2,392,2,0,0,1,1,2,1,2,T intersection,3,888,Arterial Other,13-15,Other injury,Bicyclists
T20160015996,7/20/2016,18:15:00,1,Collision with vehicle,4,Wednesday,137,LEFT TURN SIDESWIPE,3,38018,2,0,0,1,1,2,2,1,Cross intersection,3,50,Local Road,40-49,Other injury,Bicyclists
T20160016012,7/21/2016,15:20:00,1,Collision with vehicle,4,Thursday,160,VEHICLE COLLIDES WITH VEHICLE PARKED ON LEFT OF ROAD,1,306262,2,0,0,1,0,1,2,5,Not at intersection,3,40,Local Road,13-15,Other injury,Bicyclists
T20160016019,7/22/2016,8:45:00,1,Collision with vehicle,6,Friday,147,VEHICLE STRIKES ANOTHER VEH WHILE EMERGING FROM DRIVEWAY,1,306845,2,0,0,1,1,2,1,5,Not at intersection,3,60,Arterial Highway,13-15,Other injury,Bicyclists
T20160016020,7/22/2016,11:30:00,8,No collision and no object struck,6,Friday,174,OUT OF CONTROL ON CARRIAGEWAY (ON STRAIGHT),1,306888,2,0,1,0,0,1,2,1,Cross intersection,2,50,Local Road,30-39,Serious injury,Bicyclists
T20160016025,7/12/2016,8:45:00,8,No collision and no object struck,3,Tuesday,174,OUT OF CONTROL ON CARRIAGEWAY (ON STRAIGHT),9,306151,1,0,0,1,0,1,2,2,T intersection,3,40,Local Road,30-39,Other injury,Bicyclists
T20160016059,7/17/2016,11:55:00,1,Collision with vehicle,1,Sunday,113,RIGHT NEAR (INTERSECTIONS ONLY),1,312647,2,0,0,1,1,2,2,2,T intersection,3,50,Local Road,50-59,Other injury,Bicyclists
T20160016078,7/23/2016,10:00:00,6,Vehicle overturned (no collision),7,Saturday,174,OUT OF CONTROL ON CARRIAGEWAY (ON STRAIGHT),1,306767,1,0,1,0,0,1,1,5,Not at intersection,2,80,Uknown,50-59,Serious injury,Bicyclists
T20160016166,7/24/2016,13:50:00,1,Collision with vehicle,1,Sunday,148,VEHICLE OFF FOOTPATH STRIKES VEH ON CARRIAGEWAY,1,306279,2,0,0,1,1,2,1,5,Not at intersection,3,50,Local Road,13-15,Other injury,Bicyclists
T20160016208,7/14/2016,15:45:00,1,Collision with vehicle,5,Thursday,147,VEHICLE STRIKES ANOTHER VEH WHILE EMERGING FROM DRIVEWAY,1,306314,2,0,0,2,0,2,2,5,Not at intersection,3,60,Local Road,13-15,Other injury,Bicyclists
T20160016209,7/25/2016,10:20:00,1,Collision with vehicle,2,Monday,120,HEAD ON (NOT OVERTAKING),1,273841,2,0,1,0,1,2,1,2,T intersection,2,70,Arterial Other,22-25,Serious injury,Bicyclists
T20160016250,7/25/2016,16:30:00,1,Collision with vehicle,2,Monday,121,RIGHT THROUGH,1,36618,2,0,0,1,1,2,1,2,T intersection,3,40,Local Road,26-29,Other injury,Bicyclists
T20160016276,7/24/2016,15:45:00,1,Collision with vehicle,0,Sunday,163,VEHICLE STRIKES DOOR OF PARKED/STATIONARY VEHICLE,1,142013,2,0,0,1,2,3,2,5,Not at intersection,3,40,Local Road,30-39,Other injury,Bicyclists
T20160016277,7/26/2016,8:30:00,1,Collision with vehicle,2,Tuesday,116,LEFT NEAR (INTERSECTIONS ONLY),1,55532,2,0,0,2,0,2,1,2,T intersection,3,40,Uknown,40-49,Other injury,Bicyclists
T20160016304,6/15/2016,15:00:00,1,Collision with vehicle,4,Wednesday,137,LEFT TURN SIDESWIPE,1,29372,2,0,1,0,1,2,2,1,Cross intersection,2,60,Arterial Highway,60-64,Serious injury,Bicyclists
T20160016308,7/26/2016,15:00:00,1,Collision with vehicle,3,Tuesday,113,RIGHT NEAR (INTERSECTIONS ONLY),1,294916,2,0,1,0,1,2,1,2,T intersection,2,100,Arterial Highway,30-39,Serious injury,Bicyclists
T20160016326,7/26/2016,16:45:00,1,Collision with vehicle,2,Tuesday,110,CROSS TRAFFIC(INTERSECTIONS ONLY),1,37300,2,0,0,1,1,2,2,1,Cross intersection,3,40,Local Road,65-69,Other injury,Bicyclists
T20160016341,7/26/2016,17:58:00,1,Collision with vehicle,3,Tuesday,121,RIGHT THROUGH,3,45638,2,0,1,0,1,2,1,1,Cross intersection,2,40,Arterial Other,40-49,Serious injury,Bicyclists
T20160016400,7/27/2016,18:50:00,1,Collision with vehicle,4,Wednesday,121,RIGHT THROUGH,3,40100,2,0,1,0,1,2,1,2,T intersection,2,60,Arterial Other,18-21,Serious injury,Bicyclists
T20160016402,7/27/2016,19:30:00,1,Collision with vehicle,3,Wednesday,133,LANE SIDE SWIPE (VEHICLES IN PARALLEL LANES),3,306377,2,0,0,1,1,2,1,5,Not at intersection,3,50,Arterial Other,26-29,Other injury,Bicyclists
T20160016444,7/27/2016,9:10:00,1,Collision with vehicle,4,Wednesday,136,RIGHT TURN SIDESWIPE,1,83,2,0,0,1,1,2,2,4,Multiple intersection,3,60,Arterial Other,16-17,Other injury,Bicyclists
T20160016460,7/20/2016,13:30:00,1,Collision with vehicle,3,Wednesday,135,LANE CHANGE LEFT (NOT OVERTAKING),1,308009,2,0,0,1,1,2,2,2,T intersection,3,40,Local Road,40-49,Other injury,Bicyclists
T20160016491,7/28/2016,16:00:00,1,Collision with vehicle,5,Thursday,163,VEHICLE STRIKES DOOR OF PARKED/STATIONARY VEHICLE,1,306507,2,0,1,0,2,3,1,5,Not at intersection,2,40,Local Road,40-49,Serious injury,Bicyclists
T20160016512,6/16/2016,17:50:00,1,Collision with vehicle,4,Thursday,130,REAR END(VEHICLES IN SAME LANE),2,306475,2,0,0,1,1,2,2,5,Not at intersection,3,60,Arterial Other,50-59,Other injury,Bicyclists
T20160016513,7/25/2016,18:00:00,1,Collision with vehicle,1,Monday,133,LANE SIDE SWIPE (VEHICLES IN PARALLEL LANES),6,69239,2,0,1,0,1,2,2,1,Cross intersection,2,50,Local Road,50-59,Serious injury,Bicyclists
T20160016522,7/18/2016,10:00:00,1,Collision with vehicle,2,Monday,119,OTHER ADJACENT (INTERSECTIONS ONLY),1,36180,2,0,0,1,1,2,2,2,T intersection,3,60,Uknown,65-69,Other injury,Bicyclists
T20160016562,7/29/2016,16:00:00,1,Collision with vehicle,5,Friday,133,LANE SIDE SWIPE (VEHICLES IN PARALLEL LANES),1,307344,2,0,0,1,1,2,2,5,Not at intersection,3,100,Uknown,60-64,Other injury,Bicyclists
T20160016588,7/29/2016,21:21:00,1,Collision with vehicle,5,Friday,110,CROSS TRAFFIC(INTERSECTIONS ONLY),3,37871,2,0,0,2,0,2,1,1,Cross intersection,3,60,Arterial Highway,18-21,Other injury,Bicyclists
T20160016603,7/30/2016,9:25:00,1,Collision with vehicle,7,Saturday,113,RIGHT NEAR (INTERSECTIONS ONLY),1,47484,2,0,0,1,4,5,1,2,T intersection,3,60,Uknown,50-59,Other injury,Bicyclists
T20160016604,6/18/2016,15:30:00,1,Collision with vehicle,6,Saturday,113,RIGHT NEAR (INTERSECTIONS ONLY),1,43447,2,0,0,1,1,2,2,1,Cross intersection,3,60,Local Road,40-49,Other injury,Bicyclists
T20160016605,7/30/2016,8:35:00,2,Struck Pedestrian,7,Saturday,100,PED NEAR SIDE. PED HIT BY VEHICLE FROM THE RIGHT.,1,35598,1,0,1,1,0,2,1,2,T intersection,2,60,Arterial Other,18-21,Other injury,Bicyclists
T20160016615,7/30/2016,10:56:00,1,Collision with vehicle,6,Saturday,116,LEFT NEAR (INTERSECTIONS ONLY),1,315251,2,0,1,0,1,2,1,2,T intersection,2,60,Arterial Highway,40-49,Serious injury,Bicyclists
T20160016652,7/30/2016,16:20:00,1,Collision with vehicle,7,Saturday,163,VEHICLE STRIKES DOOR OF PARKED/STATIONARY VEHICLE,1,306636,2,0,1,0,1,2,1,5,Not at intersection,2,60,Arterial Other,26-29,Serious injury,Bicyclists
T20160016681,7/31/2016,10:10:00,6,Vehicle overturned (no collision),1,Sunday,174,OUT OF CONTROL ON CARRIAGEWAY (ON STRAIGHT),1,94787,1,0,0,1,0,1,1,5,Not at intersection,3,40,Local Road,50-59,Other injury,Bicyclists
T20160016687,7/31/2016,10:45:00,1,Collision with vehicle,1,Sunday,163,VEHICLE STRIKES DOOR OF PARKED/STATIONARY VEHICLE,1,307989,2,0,0,1,1,2,2,5,Not at intersection,3,50,Local Road,50-59,Other injury,Bicyclists
T20160016691,7/31/2016,11:30:00,1,Collision with vehicle,1,Sunday,148,VEHICLE OFF FOOTPATH STRIKES VEH ON CARRIAGEWAY,1,306580,2,0,1,0,3,4,1,5,Not at intersection,2,80,Uknown,45424,Serious injury,Bicyclists
T20160016721,7/31/2016,15:49:00,1,Collision with vehicle,1,Sunday,121,RIGHT THROUGH,1,306584,2,0,0,1,1,2,1,5,Not at intersection,3,60,Arterial Other,40-49,Other injury,Bicyclists
T20160016752,8/1/2016,7:03:00,1,Collision with vehicle,1,Monday,110,CROSS TRAFFIC(INTERSECTIONS ONLY),3,54854,2,0,0,1,1,2,2,1,Cross intersection,3,60,Local Road,22-25,Other injury,Bicyclists
T20160016790,7/18/2016,20:30:00,8,No collision and no object struck,2,Monday,174,OUT OF CONTROL ON CARRIAGEWAY (ON STRAIGHT),3,308382,2,0,0,1,1,2,2,4,Multiple intersection,3,50,Local Road,50-59,Other injury,Bicyclists
T20160016799,7/29/2016,15:00:00,1,Collision with vehicle,6,Friday,163,VEHICLE STRIKES DOOR OF PARKED/STATIONARY VEHICLE,1,306679,2,0,0,1,1,2,2,5,Not at intersection,3,999,Local Road,18-21,Other injury,Bicyclists
T20160016850,8/1/2016,18:00:00,1,Collision with vehicle,1,Monday,110,CROSS TRAFFIC(INTERSECTIONS ONLY),6,35941,2,0,0,1,0,1,2,1,Cross intersection,3,50,Local Road,40-49,Other injury,Bicyclists
T20160016860,7/20/2016,20:00:00,1,Collision with vehicle,4,Wednesday,139,OTHER SAME DIRECTION-MANOUEVRES NOT INCLUDED IN DCAs 130-137,6,307308,2,0,1,0,0,1,2,5,Not at intersection,2,60,Arterial Other,30-39,Serious injury,Bicyclists
T20160016871,8/2/2016,8:20:00,1,Collision with vehicle,3,Tuesday,137,LEFT TURN SIDESWIPE,1,306721,2,0,0,1,1,2,1,2,T intersection,3,60,Arterial Other,40-49,Other injury,Bicyclists
T20160016883,8/2/2016,14:00:00,6,Vehicle overturned (no collision),3,Tuesday,184,OUT OF CONTROL ON CARRIAGEWAY (ON BEND),1,53552,1,0,0,1,0,1,1,5,Not at intersection,3,60,Local Road,Unknown,Other injury,Bicyclists
T20160016890,8/2/2016,17:45:00,1,Collision with vehicle,3,Tuesday,110,CROSS TRAFFIC(INTERSECTIONS ONLY),3,42063,2,0,1,0,2,3,2,1,Cross intersection,2,50,Local Road,30-39,Serious injury,Bicyclists
T20160016898,8/2/2016,19:35:00,1,Collision with vehicle,3,Tuesday,110,CROSS TRAFFIC(INTERSECTIONS ONLY),3,36963,2,0,0,1,1,2,1,1,Cross intersection,3,40,Local Road,50-59,Other injury,Bicyclists
T20160016937,7/21/2016,12:00:00,8,No collision and no object struck,5,Thursday,110,CROSS TRAFFIC(INTERSECTIONS ONLY),9,29359,2,0,0,1,1,2,2,1,Cross intersection,3,60,Local Road,22-25,Other injury,Bicyclists
T20160017019,8/3/2016,6:30:00,2,Struck Pedestrian,4,Wednesday,100,PED NEAR SIDE. PED HIT BY VEHICLE FROM THE RIGHT.,2,229,1,0,0,1,0,1,1,2,T intersection,3,30,Local Road,Unknown,Other injury,Pedestrians
T20160017024,8/3/2016,15:26:00,1,Collision with vehicle,4,Wednesday,142,LEAVING PARKING,1,308326,2,0,0,1,1,2,1,5,Not at intersection,3,40,Local Road,13-15,Other injury,Bicyclists
T20160017100,8/4/2016,18:51:00,1,Collision with vehicle,4,Thursday,121,RIGHT THROUGH,3,60803,2,0,0,1,1,2,1,1,Cross intersection,3,50,Local Road,16-17,Other injury,Bicyclists
T20160017103,8/4/2016,13:20:00,1,Collision with vehicle,5,Thursday,163,VEHICLE STRIKES DOOR OF PARKED/STATIONARY VEHICLE,1,306791,2,0,0,1,1,2,2,2,T intersection,3,50,Local Road,18-21,Other injury,Bicyclists
T20160017118,8/5/2016,5:50:00,1,Collision with vehicle,5,Friday,159,OTHER OVERTAKING MANOEUVRES NOT INCLUDED IN DCAs 150-154,6,41573,2,0,0,1,0,1,2,1,Cross intersection,3,50,Arterial Highway,30-39,Other injury,Bicyclists
T20160017119,4/19/2016,14:50:00,1,Collision with vehicle,3,Tuesday,133,LANE SIDE SWIPE (VEHICLES IN PARALLEL LANES),1,306772,2,0,0,1,0,1,2,5,Not at intersection,3,60,Arterial Other,65-69,Other injury,Bicyclists
T20160017167,7/21/2016,16:10:00,1,Collision with vehicle,5,Thursday,133,LANE SIDE SWIPE (VEHICLES IN PARALLEL LANES),9,307658,2,0,0,1,0,1,2,5,Not at intersection,3,40,Local Road,26-29,Other injury,Bicyclists
T20160017177,7/27/2016,17:20:00,1,Collision with vehicle,4,Wednesday,147,VEHICLE STRIKES ANOTHER VEH WHILE EMERGING FROM DRIVEWAY,9,308279,2,0,0,1,1,2,2,5,Not at intersection,3,60,Uknown,40-49,Other injury,Bicyclists
T20160017210,6/16/2016,16:00:00,8,No collision and no object struck,5,Thursday,174,OUT OF CONTROL ON CARRIAGEWAY (ON STRAIGHT),2,310162,1,0,0,1,0,1,2,5,Not at intersection,3,50,Local Road,50-59,Other injury,Bicyclists
T20160017229,8/6/2016,13:15:00,1,Collision with vehicle,7,Saturday,147,VEHICLE STRIKES ANOTHER VEH WHILE EMERGING FROM DRIVEWAY,1,307108,2,0,0,1,1,2,1,5,Not at intersection,3,60,Arterial Other,50-59,Other injury,Bicyclists
T20160017294,8/7/2016,14:15:00,1,Collision with vehicle,1,Sunday,110,CROSS TRAFFIC(INTERSECTIONS ONLY),1,307283,2,0,1,0,1,2,1,1,Cross intersection,2,50,Local Road,26-29,Serious injury,Bicyclists
T20160017305,8/7/2016,14:45:00,1,Collision with vehicle,1,Sunday,119,OTHER ADJACENT (INTERSECTIONS ONLY),1,278616,2,0,0,1,1,2,1,4,Multiple intersection,3,80,Freeway,50-59,Other injury,Bicyclists
T20160017310,8/7/2016,15:00:00,1,Collision with vehicle,1,Sunday,163,VEHICLE STRIKES DOOR OF PARKED/STATIONARY VEHICLE,1,307301,2,0,0,1,1,2,2,2,T intersection,3,40,Local Road,26-29,Other injury,Bicyclists
T20160017329,8/8/2016,8:30:00,1,Collision with vehicle,2,Monday,137,LEFT TURN SIDESWIPE,1,36344,2,0,1,0,1,2,1,1,Cross intersection,2,40,Local Road,40-49,Serious injury,Bicyclists
T20160017337,8/8/2016,8:07:00,1,Collision with vehicle,2,Monday,135,LANE CHANGE LEFT (NOT OVERTAKING),1,36514,2,0,1,0,1,2,1,2,T intersection,2,60,Arterial Other,22-25,Serious injury,Bicyclists
T20160017371,8/8/2016,17:15:00,1,Collision with vehicle,2,Monday,137,LEFT TURN SIDESWIPE,2,35356,2,0,0,1,1,2,1,1,Cross intersection,3,50,Local Road,30-39,Other injury,Bicyclists
T20160017372,8/8/2016,15:30:00,1,Collision with vehicle,2,Monday,121,RIGHT THROUGH,1,233751,2,0,0,2,0,2,2,2,T intersection,3,50,Local Road,13-15,Other injury,Bicyclists
T20160017391,8/6/2016,13:00:00,8,No collision and no object struck,7,Saturday,174,OUT OF CONTROL ON CARRIAGEWAY (ON STRAIGHT),1,49096,2,0,1,0,0,1,2,1,Cross intersection,2,60,Uknown,30-39,Serious injury,Bicyclists
T20160017398,8/9/2016,9:30:00,1,Collision with vehicle,3,Tuesday,133,LANE SIDE SWIPE (VEHICLES IN PARALLEL LANES),1,309309,2,0,1,0,1,2,2,5,Not at intersection,2,100,Uknown,50-59,Serious injury,Bicyclists
T20160017403,8/9/2016,7:11:00,1,Collision with vehicle,3,Tuesday,134,LANE CHANGE RIGHT (NOT OVERTAKING),1,308624,2,0,0,1,1,2,1,5,Not at intersection,3,60,Arterial Other,22-25,Other injury,Bicyclists
T20160017415,8/8/2016,8:35:00,1,Collision with vehicle,2,Monday,121,RIGHT THROUGH,1,39228,2,0,0,1,4,5,1,2,T intersection,3,60,Arterial Highway,40-49,Other injury,Bicyclists
T20160017454,7/26/2016,19:00:00,1,Collision with vehicle,3,Tuesday,163,VEHICLE STRIKES DOOR OF PARKED/STATIONARY VEHICLE,9,307174,2,0,0,2,0,2,2,5,Not at intersection,3,60,Local Road,26-29,Other injury,Bicyclists
T20160017467,8/9/2016,17:00:00,1,Collision with vehicle,3,Tuesday,137,LEFT TURN SIDESWIPE,1,36230,2,0,0,1,1,2,1,1,Cross intersection,3,50,Arterial Other,26-29,Other injury,Bicyclists
T20160017494,8/10/2016,11:40:00,1,Collision with vehicle,4,Wednesday,130,REAR END(VEHICLES IN SAME LANE),1,307612,2,0,1,1,0,2,1,5,Not at intersection,2,60,Arterial Other,65-69,Serious injury,Bicyclists
T20160017518,7/20/2016,17:50:00,1,Collision with vehicle,3,Wednesday,132,RIGHT REAR.,3,52912,2,0,0,1,0,1,2,1,Cross intersection,3,50,Local Road,18-21,Other injury,Bicyclists
T20160017522,8/10/2016,13:40:00,1,Collision with vehicle,4,Wednesday,163,VEHICLE STRIKES DOOR OF PARKED/STATIONARY VEHICLE,1,308854,2,0,0,1,1,2,2,5,Not at intersection,3,50,Local Road,30-39,Other injury,Bicyclists
T20160017524,8/10/2016,18:35:00,1,Collision with vehicle,3,Wednesday,133,LANE SIDE SWIPE (VEHICLES IN PARALLEL LANES),3,115770,2,0,0,1,1,2,1,5,Not at intersection,3,60,Arterial Other,40-49,Other injury,Bicyclists
T20160017534,8/10/2016,8:38:00,1,Collision with vehicle,4,Wednesday,147,VEHICLE STRIKES ANOTHER VEH WHILE EMERGING FROM DRIVEWAY,1,307187,2,0,0,1,3,4,2,5,Not at intersection,3,888,Arterial Other,45424,Other injury,Bicyclists
T20160017540,8/10/2016,20:47:00,1,Collision with vehicle,4,Wednesday,121,RIGHT THROUGH,3,306962,2,0,0,1,1,2,1,2,T intersection,3,50,Local Road,22-25,Other injury,Bicyclists
T20160017554,8/11/2016,9:00:00,1,Collision with vehicle,4,Thursday,163,VEHICLE STRIKES DOOR OF PARKED/STATIONARY VEHICLE,1,307052,2,0,0,1,2,3,2,5,Not at intersection,3,60,Local Road,40-49,Other injury,Bicyclists
T20160017567,6/21/2016,7:30:00,1,Collision with vehicle,3,Tuesday,149,OTHER MANOEUVRING NOT INCLUDED IN DCAs 140-148,1,307555,2,0,0,1,0,1,2,4,Multiple intersection,3,50,Local Road,26-29,Other injury,Bicyclists
T20160017595,8/11/2016,8:30:00,1,Collision with vehicle,5,Thursday,137,LEFT TURN SIDESWIPE,1,307184,2,0,0,1,1,2,2,5,Not at intersection,3,999,Local Road,30-39,Other injury,Bicyclists
T20160017633,8/12/2016,9:50:00,1,Collision with vehicle,6,Friday,137,LEFT TURN SIDESWIPE,1,38739,2,0,0,1,1,2,1,2,T intersection,3,60,Local Road,30-39,Other injury,Bicyclists
T20160017661,8/12/2016,14:18:00,1,Collision with vehicle,6,Friday,153,CUTTING IN (OVERTAKING),1,307097,2,0,0,1,1,2,1,5,Not at intersection,3,50,Local Road,30-39,Other injury,Bicyclists
T20160017690,8/13/2016,3:30:00,1,Collision with vehicle,7,Saturday,160,VEHICLE COLLIDES WITH VEHICLE PARKED ON LEFT OF ROAD,3,307089,2,0,1,0,0,1,1,5,Not at intersection,2,60,Arterial Other,22-25,Serious injury,Bicyclists
T20160017695,8/13/2016,5:55:00,1,Collision with vehicle,7,Saturday,113,RIGHT NEAR (INTERSECTIONS ONLY),6,308329,2,0,0,1,1,2,2,2,T intersection,3,60,Arterial Other,40-49,Other injury,Bicyclists
T20160017713,8/13/2016,11:00:00,1,Collision with vehicle,7,Saturday,133,LANE SIDE SWIPE (VEHICLES IN PARALLEL LANES),1,307114,2,0,1,0,1,2,1,5,Not at intersection,2,100,Uknown,50-59,Not injured,Bicyclists
T20160017722,7/31/2016,9:30:00,1,Collision with vehicle,1,Sunday,121,RIGHT THROUGH,1,40148,2,0,1,0,0,1,2,1,Cross intersection,2,999,Local Road,30-39,Serious injury,Bicyclists
T20160017725,7/26/2016,17:10:00,1,Collision with vehicle,3,Tuesday,133,LANE SIDE SWIPE (VEHICLES IN PARALLEL LANES),2,307231,2,0,1,0,0,1,2,5,Not at intersection,2,50,Local Road,18-21,Serious injury,Bicyclists
T20160017763,4/29/2016,16:50:00,1,Collision with vehicle,5,Friday,163,VEHICLE STRIKES DOOR OF PARKED/STATIONARY VEHICLE,2,357993,2,0,0,1,1,2,2,5,Not at intersection,3,50,Local Road,26-29,Other injury,Bicyclists
T20160017789,8/14/2016,12:17:00,1,Collision with vehicle,1,Sunday,140,U TURN,1,307988,2,0,1,0,2,3,1,5,Not at intersection,2,60,Arterial Other,30-39,Serious injury,Bicyclists
T20160017801,8/14/2016,9:30:00,1,Collision with vehicle,1,Sunday,163,VEHICLE STRIKES DOOR OF PARKED/STATIONARY VEHICLE,1,307273,4,0,1,1,2,4,1,5,Not at intersection,2,40,Arterial Other,30-39,Not injured,Bicyclists
T20160017815,8/14/2016,17:00:00,1,Collision with vehicle,1,Sunday,163,VEHICLE STRIKES DOOR OF PARKED/STATIONARY VEHICLE,2,307288,2,0,1,0,0,1,2,5,Not at intersection,2,40,Local Road,30-39,Serious injury,Bicyclists
T20160017827,8/13/2016,18:30:00,1,Collision with vehicle,7,Saturday,163,VEHICLE STRIKES DOOR OF PARKED/STATIONARY VEHICLE,3,307142,2,0,0,1,0,1,2,5,Not at intersection,3,60,Arterial Other,18-21,Other injury,Bicyclists
T20160017830,8/15/2016,8:20:00,1,Collision with vehicle,2,Monday,121,RIGHT THROUGH,1,35365,2,0,0,1,1,2,1,1,Cross intersection,3,40,Local Road,30-39,Other injury,Bicyclists
T20160017841,8/14/2016,16:00:00,1,Collision with vehicle,1,Sunday,121,RIGHT THROUGH,1,47658,2,0,0,1,1,2,2,5,Not at intersection,3,40,Local Road,26-29,Other injury,Bicyclists
T20160017848,8/13/2016,8:50:00,1,Collision with vehicle,7,Saturday,110,CROSS TRAFFIC(INTERSECTIONS ONLY),1,41817,2,0,0,1,1,2,2,1,Cross intersection,3,50,Local Road,18-21,Other injury,Bicyclists
T20160017878,8/15/2016,15:35:00,1,Collision with vehicle,1,Monday,148,VEHICLE OFF FOOTPATH STRIKES VEH ON CARRIAGEWAY,1,307169,2,0,0,1,0,1,2,2,T intersection,3,40,Local Road,45424,Other injury,Bicyclists