ACCIDENT_NO,ACCIDENT_DATE,ACCIDENT_TIME,ACCIDENT_TYPE,ACCIDENT_TYPE_DESC,DAY_OF_WEEK,DAY_WEEK_DESC,DCA_CODE,DCA_DESC,LIGHT_CONDITION,NODE_ID,NO_OF_VEHICLES,NO_PERSONS_KILLED,NO_PERSONS_INJ_2,NO_PERSONS_INJ_3,NO_PERSONS_NOT_INJ,NO_PERSONS,POLICE_ATTEND,ROAD_GEOMETRY,ROAD_GEOMETRY_DESC,SEVERITY,SPEED_ZONE,RMA,AGE_GROUP,INJ_LEVEL,ROAD_USER_TYPE_DESC
T20160017887,8/15/2016,15:50:00,6,Vehicle overturned (no collision),2,Monday,174,OUT OF CONTROL ON CARRIAGEWAY (ON STRAIGHT),1,307190,1,0,0,1,0,1,1,5,Not at intersection,3,60,Arterial Other,Unknown,Other injury,Bicyclists
T20160017892,8/15/2016,7:15:00,1,Collision with vehicle,2,Monday,119,OTHER ADJACENT (INTERSECTIONS ONLY),3,62973,2,0,0,1,1,2,2,1,Cross intersection,3,999,Local Road,30-39,Other injury,Bicyclists
T20160017904,8/8/2016,17:15:00,1,Collision with vehicle,2,Monday,147,VEHICLE STRIKES ANOTHER VEH WHILE EMERGING FROM DRIVEWAY,1,307256,2,0,0,1,1,2,2,5,Not at intersection,3,999,Arterial Highway,18-21,Other injury,Bicyclists
T20160017917,8/16/2016,10:30:00,1,Collision with vehicle,3,Tuesday,119,OTHER ADJACENT (INTERSECTIONS ONLY),1,271213,2,0,0,2,0,2,1,2,T intersection,3,50,Arterial Other,40-49,Other injury,Bicyclists
T20160017923,7/27/2016,9:30:00,1,Collision with vehicle,4,Wednesday,160,VEHICLE COLLIDES WITH VEHICLE PARKED ON LEFT OF ROAD,1,307194,2,0,0,1,0,1,2,2,T intersection,3,50,Arterial Highway,65-69,Other injury,Bicyclists
T20160017940,8/16/2016,8:55:00,1,Collision with vehicle,3,Tuesday,137,LEFT TURN SIDESWIPE,1,45532,2,0,0,1,1,2,2,2,T intersection,3,60,Local Road,26-29,Other injury,Bicyclists
T20160017961,8/16/2016,15:20:00,1,Collision with vehicle,3,Tuesday,110,CROSS TRAFFIC(INTERSECTIONS ONLY),1,38064,2,0,0,1,1,2,2,1,Cross intersection,3,999,Arterial Other,16-17,Other injury,Bicyclists
T20160017973,8/13/2016,14:30:00,1,Collision with vehicle,7,Saturday,163,VEHICLE STRIKES DOOR OF PARKED/STATIONARY VEHICLE,1,307277,2,0,1,0,1,2,2,5,Not at intersection,2,50,Local Road,30-39,Serious injury,Bicyclists
T20160018006,8/17/2016,9:30:00,1,Collision with vehicle,4,Wednesday,133,LANE SIDE SWIPE (VEHICLES IN PARALLEL LANES),1,307292,2,0,1,0,1,2,1,5,Not at intersection,2,60,Local Road,65-69,Serious injury,Bicyclists
T20160018023,8/16/2016,17:36:00,4,Collision with a fixed object,3,Tuesday,171,LEFT OFF CARRIAGEWAY INTO OBJECT/PARKED VEHICLE,1,307228,1,0,1,0,0,1,2,5,Not at intersection,2,60,Local Road,26-29,Serious injury,Bicyclists
T20160018028,8/17/2016,9:08:00,1,Collision with vehicle,4,Wednesday,147,VEHICLE STRIKES ANOTHER VEH WHILE EMERGING FROM DRIVEWAY,1,308323,2,0,0,1,1,2,1,4,Multiple intersection,3,60,Local Road,50-59,Other injury,Bicyclists
T20160018053,8/17/2016,17:05:00,1,Collision with vehicle,4,Wednesday,137,LEFT TURN SIDESWIPE,2,45433,2,0,0,1,1,2,2,1,Cross intersection,3,60,Arterial Other,30-39,Other injury,Bicyclists
T20160018055,8/14/2016,16:50:00,1,Collision with vehicle,1,Sunday,130,REAR END(VEHICLES IN SAME LANE),9,43909,2,0,0,1,1,2,2,1,Cross intersection,3,999,Uknown,22-25,Other injury,Bicyclists
T20160018073,8/18/2016,6:30:00,1,Collision with vehicle,5,Thursday,143,ENTERING PARKING,3,43197,2,0,0,2,0,2,1,2,T intersection,3,60,Local Road,40-49,Other injury,Bicyclists
T20160018132,8/18/2016,20:01:00,1,Collision with vehicle,5,Thursday,121,RIGHT THROUGH,3,29430,2,0,0,1,1,2,1,1,Cross intersection,3,50,Local Road,22-25,Other injury,Bicyclists
T20160018139,8/18/2016,18:45:00,2,Struck Pedestrian,5,Thursday,104,PED WALKING WITH TRAFFIC,5,308516,1,0,0,2,0,2,2,5,Not at intersection,3,100,Arterial Highway,30-39,Other injury,Bicyclists
T20160018152,8/18/2016,17:15:00,1,Collision with vehicle,4,Thursday,163,VEHICLE STRIKES DOOR OF PARKED/STATIONARY VEHICLE,1,307882,2,0,0,1,1,2,2,5,Not at intersection,3,999,Arterial Other,16-17,Other injury,Bicyclists
T20160018190,8/19/2016,13:30:00,1,Collision with vehicle,5,Friday,137,LEFT TURN SIDESWIPE,1,36464,2,0,0,1,1,2,2,1,Cross intersection,3,40,Local Road,50-59,Other injury,Bicyclists
T20160018205,7/20/2016,15:30:00,1,Collision with vehicle,4,Wednesday,148,VEHICLE OFF FOOTPATH STRIKES VEH ON CARRIAGEWAY,1,307319,2,0,0,1,0,1,2,5,Not at intersection,3,50,Uknown,13-15,Other injury,Bicyclists
T20160018225,8/16/2016,16:35:00,8,No collision and no object struck,3,Tuesday,174,OUT OF CONTROL ON CARRIAGEWAY (ON STRAIGHT),9,307320,1,0,0,1,0,1,2,5,Not at intersection,3,999,Local Road,40-49,Other injury,Bicyclists
T20160018247,8/20/2016,12:58:00,9,Other accident,7,Saturday,139,OTHER SAME DIRECTION-MANOUEVRES NOT INCLUDED IN DCAs 130-137,1,307346,2,0,0,1,1,2,1,5,Not at intersection,3,40,Arterial Other,18-21,Other injury,Bicyclists
T20160018300,8/21/2016,11:00:00,1,Collision with vehicle,1,Sunday,143,ENTERING PARKING,1,307604,2,0,1,0,2,3,1,2,T intersection,2,60,Arterial Other,22-25,Serious injury,Bicyclists
T20160018346,8/22/2016,8:20:00,1,Collision with vehicle,2,Monday,110,CROSS TRAFFIC(INTERSECTIONS ONLY),1,50176,2,0,1,0,1,2,1,1,Cross intersection,2,100,Arterial Other,65-69,Serious injury,Bicyclists
T20160018361,8/18/2016,10:45:00,1,Collision with vehicle,5,Thursday,163,VEHICLE STRIKES DOOR OF PARKED/STATIONARY VEHICLE,1,307535,2,0,1,0,1,2,2,2,T intersection,2,60,Arterial Other,26-29,Serious injury,Bicyclists
T20160018402,8/23/2016,6:25:00,1,Collision with vehicle,3,Tuesday,116,LEFT NEAR (INTERSECTIONS ONLY),2,38132,2,0,0,1,1,2,2,2,T intersection,3,999,Local Road,50-59,Other injury,Bicyclists
T20160018423,8/22/2016,8:56:00,1,Collision with vehicle,2,Monday,137,LEFT TURN SIDESWIPE,1,263625,2,0,0,1,1,2,2,5,Not at intersection,3,60,Arterial Highway,40-49,Other injury,Bicyclists
T20160018452,8/23/2016,19:45:00,1,Collision with vehicle,3,Tuesday,148,VEHICLE OFF FOOTPATH STRIKES VEH ON CARRIAGEWAY,3,48323,2,0,0,1,1,2,1,2,T intersection,3,70,Arterial Other,18-21,Other injury,Bicyclists
T20160018464,8/24/2016,2:35:00,1,Collision with vehicle,4,Wednesday,148,VEHICLE OFF FOOTPATH STRIKES VEH ON CARRIAGEWAY,3,307742,3,0,0,1,2,3,1,5,Not at intersection,3,50,Local Road,30-39,Other injury,Bicyclists
T20160018485,8/17/2016,14:00:00,1,Collision with vehicle,3,Wednesday,163,VEHICLE STRIKES DOOR OF PARKED/STATIONARY VEHICLE,1,307623,2,0,0,1,1,2,2,5,Not at intersection,3,60,Local Road,50-59,Other injury,Bicyclists
T20160018521,8/24/2016,17:30:00,1,Collision with vehicle,4,Wednesday,148,VEHICLE OFF FOOTPATH STRIKES VEH ON CARRIAGEWAY,2,307504,2,0,0,1,1,2,1,5,Not at intersection,3,50,Local Road,45424,Other injury,Bicyclists
T20160018522,8/22/2016,20:40:00,1,Collision with vehicle,2,Monday,116,LEFT NEAR (INTERSECTIONS ONLY),3,57408,2,0,0,1,1,2,1,1,Cross intersection,3,60,Arterial Other,40-49,Other injury,Bicyclists
T20160018524,8/24/2016,18:10:00,1,Collision with vehicle,3,Wednesday,116,LEFT NEAR (INTERSECTIONS ONLY),3,307508,2,0,1,0,1,2,1,2,T intersection,2,60,Arterial Other,30-39,Serious injury,Bicyclists
T20160018579,8/23/2016,9:20:00,1,Collision with vehicle,3,Tuesday,133,LANE SIDE SWIPE (VEHICLES IN PARALLEL LANES),1,308949,2,0,1,0,1,2,2,5,Not at intersection,2,50,Local Road,50-59,Serious injury,Bicyclists
T20160018622,8/25/2016,17:12:00,1,Collision with vehicle,5,Thursday,147,VEHICLE STRIKES ANOTHER VEH WHILE EMERGING FROM DRIVEWAY,1,307825,2,0,0,1,1,2,1,5,Not at intersection,3,999,Arterial Other,22-25,Other injury,Bicyclists
T20160018648,8/23/2016,10:16:00,1,Collision with vehicle,3,Tuesday,163,VEHICLE STRIKES DOOR OF PARKED/STATIONARY VEHICLE,1,116573,2,0,0,1,1,2,1,5,Not at intersection,3,40,Arterial Other,26-29,Other injury,Bicyclists
T20160018666,8/22/2016,6:45:00,1,Collision with vehicle,2,Monday,163,VEHICLE STRIKES DOOR OF PARKED/STATIONARY VEHICLE,2,309735,2,0,1,0,1,2,2,5,Not at intersection,2,60,Arterial Other,40-49,Serious injury,Bicyclists
T20160018667,8/26/2016,9:30:00,1,Collision with vehicle,6,Friday,113,RIGHT NEAR (INTERSECTIONS ONLY),1,307678,2,0,1,0,1,2,1,2,T intersection,2,50,Uknown,50-59,Serious injury,Bicyclists
T20160018693,8/25/2016,15:40:00,1,Collision with vehicle,5,Thursday,130,REAR END(VEHICLES IN SAME LANE),1,307573,2,0,0,1,0,1,2,2,T intersection,3,50,Local Road,13-15,Other injury,Bicyclists
T20160018724,8/26/2016,19:00:00,1,Collision with vehicle,6,Friday,116,LEFT NEAR (INTERSECTIONS ONLY),3,63986,2,0,0,1,1,2,2,1,Cross intersection,3,60,Local Road,Unknown,Other injury,Bicyclists
T20160018761,8/27/2016,8:15:00,1,Collision with vehicle,7,Saturday,137,LEFT TURN SIDESWIPE,1,263963,3,0,0,1,2,3,1,3,Y intersection,3,50,Local Road,22-25,Other injury,Bicyclists
T20160018769,8/27/2016,12:33:00,1,Collision with vehicle,7,Saturday,143,ENTERING PARKING,1,308010,2,0,1,1,3,5,1,5,Not at intersection,2,60,Local Road,26-29,Serious injury,Bicyclists
T20160018771,8/26/2016,17:50:00,1,Collision with vehicle,6,Friday,110,CROSS TRAFFIC(INTERSECTIONS ONLY),2,38656,2,0,0,1,1,2,2,1,Cross intersection,3,60,Local Road,40-49,Other injury,Bicyclists
T20160018782,8/27/2016,13:30:00,1,Collision with vehicle,7,Saturday,130,REAR END(VEHICLES IN SAME LANE),1,307610,2,0,0,1,1,2,1,5,Not at intersection,3,80,Arterial Highway,40-49,Other injury,Bicyclists
T20160018785,8/27/2016,12:50:00,1,Collision with vehicle,7,Saturday,137,LEFT TURN SIDESWIPE,1,37140,2,0,1,0,1,2,1,1,Cross intersection,2,40,Arterial Other,22-25,Serious injury,Bicyclists
T20160018800,8/27/2016,14:45:00,1,Collision with vehicle,7,Saturday,121,RIGHT THROUGH,1,1340,2,0,0,1,1,2,1,2,T intersection,3,60,Arterial Other,60-64,Other injury,Bicyclists
T20160018823,8/26/2016,7:40:00,2,Struck Pedestrian,6,Friday,103,PED PLAYING/LYING/WORKING/STANDING ON CARRIAGEWAY.,1,358005,2,0,0,1,0,1,2,2,T intersection,3,60,Arterial Other,65-69,Other injury,Bicyclists
T20160018824,8/27/2016,22:10:00,1,Collision with vehicle,7,Saturday,130,REAR END(VEHICLES IN SAME LANE),6,307686,2,0,0,1,1,2,1,5,Not at intersection,3,60,Arterial Other,40-49,Other injury,Bicyclists
T20160018873,8/29/2016,8:12:00,1,Collision with vehicle,2,Monday,121,RIGHT THROUGH,1,257387,2,0,1,0,1,2,1,2,T intersection,2,50,Local Road,40-49,Serious injury,Bicyclists
T20160018880,8/27/2016,12:45:00,1,Collision with vehicle,7,Saturday,143,ENTERING PARKING,1,307691,2,0,0,1,1,2,2,5,Not at intersection,3,999,Arterial Other,30-39,Other injury,Bicyclists
T20160018912,8/27/2016,16:30:00,6,Vehicle overturned (no collision),7,Saturday,174,OUT OF CONTROL ON CARRIAGEWAY (ON STRAIGHT),1,307764,1,0,0,1,0,1,2,5,Not at intersection,3,999,Local Road,16-17,Other injury,Bicyclists
T20160018935,8/29/2016,15:30:00,1,Collision with vehicle,2,Monday,148,VEHICLE OFF FOOTPATH STRIKES VEH ON CARRIAGEWAY,1,307723,2,0,1,0,1,2,1,5,Not at intersection,2,50,Local Road,40-49,Serious injury,Bicyclists
T20160018946,8/13/2016,6:30:00,1,Collision with vehicle,6,Saturday,121,RIGHT THROUGH,3,37219,2,0,0,1,1,2,2,1,Cross intersection,3,40,Arterial Other,18-21,Other injury,Bicyclists
T20160018969,8/14/2016,15:10:00,1,Collision with vehicle,1,Sunday,143,ENTERING PARKING,1,307752,2,0,0,1,1,2,1,5,Not at intersection,3,50,Local Road,40-49,Other injury,Bicyclists
T20160018973,8/27/2016,17:50:00,1,Collision with vehicle,6,Saturday,110,CROSS TRAFFIC(INTERSECTIONS ONLY),1,64166,2,0,0,1,1,2,2,1,Cross intersection,3,50,Local Road,22-25,Other injury,Bicyclists
T20160019030,8/31/2016,9:51:00,2,Struck Pedestrian,4,Wednesday,100,PED NEAR SIDE. PED HIT BY VEHICLE FROM THE RIGHT.,1,307810,1,0,0,1,1,2,2,5,Not at intersection,3,888,Local Road,18-21,Not injured,Bicyclists
T20160019047,8/31/2016,7:55:00,1,Collision with vehicle,4,Wednesday,110,CROSS TRAFFIC(INTERSECTIONS ONLY),1,41579,2,0,1,0,1,2,1,1,Cross intersection,2,50,Arterial Other,26-29,Serious injury,Bicyclists
T20160019067,8/25/2016,9:28:00,8,No collision and no object struck,5,Thursday,174,OUT OF CONTROL ON CARRIAGEWAY (ON STRAIGHT),1,142764,1,0,0,1,0,1,1,5,Not at intersection,3,60,Arterial Other,60-64,Other injury,Bicyclists
T20160019113,8/31/2016,14:00:00,1,Collision with vehicle,4,Wednesday,147,VEHICLE STRIKES ANOTHER VEH WHILE EMERGING FROM DRIVEWAY,1,313040,2,0,1,0,1,2,1,5,Not at intersection,2,888,Arterial Other,70+,Serious injury,Bicyclists
T20160019121,9/1/2016,7:36:00,1,Collision with vehicle,5,Thursday,114,TWO RIGHT TURNING (INTERSECTIONS ONLY),1,38786,2,0,1,0,1,2,1,1,Cross intersection,2,50,Arterial Other,40-49,Serious injury,Bicyclists
T20160019147,9/1/2016,14:21:00,1,Collision with vehicle,5,Thursday,110,CROSS TRAFFIC(INTERSECTIONS ONLY),1,63475,2,0,0,1,1,2,1,1,Cross intersection,3,50,Local Road,60-64,Other injury,Bicyclists
T20160019178,9/1/2016,2:40:00,1,Collision with vehicle,5,Thursday,130,REAR END(VEHICLES IN SAME LANE),3,309023,2,0,0,1,0,1,2,5,Not at intersection,3,60,Arterial Highway,22-25,Other injury,Bicyclists
T20160019247,9/2/2016,19:30:00,1,Collision with vehicle,6,Friday,160,VEHICLE COLLIDES WITH VEHICLE PARKED ON LEFT OF ROAD,3,308029,3,0,0,1,0,1,1,5,Not at intersection,3,50,Local Road,13-15,Other injury,Bicyclists
T20160019248,9/1/2016,8:20:00,1,Collision with vehicle,5,Thursday,163,VEHICLE STRIKES DOOR OF PARKED/STATIONARY VEHICLE,1,308126,2,0,0,1,1,2,2,5,Not at intersection,3,999,Local Road,40-49,Other injury,Bicyclists
T20160019269,8/24/2016,17:30:00,1,Collision with vehicle,4,Wednesday,147,VEHICLE STRIKES ANOTHER VEH WHILE EMERGING FROM DRIVEWAY,1,308004,2,0,1,0,1,2,1,5,Not at intersection,2,888,Arterial Other,30-39,Serious injury,Bicyclists
T20160019276,9/2/2016,18:30:00,1,Collision with vehicle,6,Friday,160,VEHICLE COLLIDES WITH VEHICLE PARKED ON LEFT OF ROAD,3,309263,2,0,1,0,0,1,1,5,Not at intersection,2,60,Arterial Other,30-39,Serious injury,Bicyclists
T20160019371,9/5/2016,8:50:00,1,Collision with vehicle,2,Monday,137,LEFT TURN SIDESWIPE,1,37308,3,0,0,2,0,2,2,1,Cross intersection,3,60,Arterial Other,18-21,Other injury,Bicyclists
T20160019408,8/29/2016,17:10:00,2,Struck Pedestrian,2,Monday,106,VEH STRIKES PED ON FOOTPATH/MEDIAN/TRAFFIC ISLAND.,9,308761,1,0,1,0,1,2,2,5,Not at intersection,2,999,Arterial Highway,22-25,Not injured,Bicyclists
T20160019442,9/5/2016,19:54:00,1,Collision with vehicle,1,Monday,110,CROSS TRAFFIC(INTERSECTIONS ONLY),3,62259,2,0,0,1,1,2,1,1,Cross intersection,3,50,Uknown,22-25,Other injury,Bicyclists
T20160019508,9/6/2016,18:12:00,1,Collision with vehicle,3,Tuesday,110,CROSS TRAFFIC(INTERSECTIONS ONLY),2,43693,2,0,0,1,1,2,1,1,Cross intersection,3,60,Arterial Other,40-49,Other injury,Bicyclists
T20160019517,9/6/2016,19:55:00,1,Collision with vehicle,3,Tuesday,129,OTHER OPPOSING MANOEUVRES NOT INCLUDED IN DCAs 120-125.,3,308112,2,0,0,1,1,2,1,5,Not at intersection,3,60,Uknown,40-49,Other injury,Bicyclists
T20160019520,9/6/2016,15:38:00,8,No collision and no object struck,3,Tuesday,170,OFF CARRIAGEWAY TO LEFT,1,308038,1,0,1,0,0,1,1,5,Not at intersection,2,70,Arterial Other,60-64,Serious injury,Bicyclists
T20160019578,9/7/2016,17:26:00,6,Vehicle overturned (no collision),4,Wednesday,174,OUT OF CONTROL ON CARRIAGEWAY (ON STRAIGHT),1,308285,1,0,0,1,0,1,1,5,Not at intersection,3,60,Uknown,50-59,Other injury,Bicyclists
T20160019622,9/8/2016,7:48:00,1,Collision with vehicle,5,Thursday,113,RIGHT NEAR (INTERSECTIONS ONLY),1,42742,2,0,1,0,1,2,1,2,T intersection,2,60,Arterial Other,30-39,Serious injury,Bicyclists
T20160019623,8/9/2016,19:00:00,1,Collision with vehicle,3,Tuesday,147,VEHICLE STRIKES ANOTHER VEH WHILE EMERGING FROM DRIVEWAY,3,317785,2,0,1,0,1,2,1,5,Not at intersection,2,70,Local Road,40-49,Serious injury,Bicyclists
T20160019628,9/6/2016,17:40:00,1,Collision with vehicle,2,Tuesday,163,VEHICLE STRIKES DOOR OF PARKED/STATIONARY VEHICLE,2,308397,2,0,0,2,0,2,2,5,Not at intersection,3,50,Local Road,60-64,Other injury,Bicyclists
T20160019629,9/8/2016,11:04:00,1,Collision with vehicle,5,Thursday,113,RIGHT NEAR (INTERSECTIONS ONLY),1,43603,2,0,0,1,1,2,1,2,T intersection,3,60,Arterial Other,30-39,Other injury,Bicyclists
T20160019632,9/8/2016,8:45:00,1,Collision with vehicle,5,Thursday,113,RIGHT NEAR (INTERSECTIONS ONLY),1,35557,2,0,1,0,1,2,1,2,T intersection,2,50,Local Road,30-39,Serious injury,Bicyclists
T20160019679,9/8/2016,18:20:00,1,Collision with vehicle,5,Thursday,129,OTHER OPPOSING MANOEUVRES NOT INCLUDED IN DCAs 120-125.,3,35714,2,0,0,1,1,2,1,1,Cross intersection,3,999,Arterial Other,18-21,Other injury,Bicyclists
T20160019704,8/15/2016,6:39:00,1,Collision with vehicle,2,Monday,121,RIGHT THROUGH,2,57528,2,0,0,1,1,2,1,2,T intersection,3,60,Arterial Other,60-64,Other injury,Bicyclists
T20160019717,9/9/2016,8:15:00,1,Collision with vehicle,6,Friday,140,U TURN,1,304654,2,0,1,0,1,2,1,2,T intersection,2,40,Arterial Highway,30-39,Serious injury,Bicyclists
T20160019727,8/15/2016,17:30:00,1,Collision with vehicle,1,Monday,110,CROSS TRAFFIC(INTERSECTIONS ONLY),2,50691,2,0,0,1,1,2,2,1,Cross intersection,3,50,Local Road,65-69,Other injury,Bicyclists
T20160019743,9/9/2016,12:33:00,1,Collision with vehicle,6,Friday,110,CROSS TRAFFIC(INTERSECTIONS ONLY),1,52498,2,0,0,1,1,2,1,1,Cross intersection,3,60,Local Road,40-49,Other injury,Bicyclists
T20160019765,9/9/2016,15:40:00,1,Collision with vehicle,6,Friday,148,VEHICLE OFF FOOTPATH STRIKES VEH ON CARRIAGEWAY,1,308173,2,0,1,0,1,2,1,5,Not at intersection,2,60,Local Road,45424,Serious injury,Bicyclists
T20160019811,9/5/2016,9:42:00,1,Collision with vehicle,2,Monday,133,LANE SIDE SWIPE (VEHICLES IN PARALLEL LANES),1,260,2,0,0,1,1,2,1,1,Cross intersection,3,60,Arterial Highway,30-39,Other injury,Bicyclists
T20160019872,9/9/2016,8:15:00,1,Collision with vehicle,6,Friday,137,LEFT TURN SIDESWIPE,1,36627,2,0,0,1,0,1,2,1,Cross intersection,3,60,Local Road,26-29,Other injury,Bicyclists
T20160019945,9/12/2016,13:20:00,1,Collision with vehicle,1,Monday,110,CROSS TRAFFIC(INTERSECTIONS ONLY),1,49644,2,0,0,1,2,3,1,1,Cross intersection,3,60,Local Road,40-49,Other injury,Bicyclists
T20160019979,9/12/2016,19:20:00,1,Collision with vehicle,2,Monday,121,RIGHT THROUGH,3,45407,2,0,0,1,1,2,1,1,Cross intersection,3,60,Arterial Other,30-39,Other injury,Bicyclists
T20160020003,9/10/2016,16:45:00,1,Collision with vehicle,7,Saturday,148,VEHICLE OFF FOOTPATH STRIKES VEH ON CARRIAGEWAY,1,308419,2,0,1,0,1,2,2,5,Not at intersection,2,40,Local Road,30-39,Serious injury,Bicyclists
T20160020063,9/13/2016,21:00:00,1,Collision with vehicle,3,Tuesday,110,CROSS TRAFFIC(INTERSECTIONS ONLY),3,52938,2,0,1,0,1,2,1,1,Cross intersection,2,60,Uknown,30-39,Serious injury,Bicyclists
T20160020096,9/14/2016,13:28:00,1,Collision with vehicle,4,Wednesday,110,CROSS TRAFFIC(INTERSECTIONS ONLY),1,29361,2,0,0,1,1,2,1,1,Cross intersection,3,50,Local Road,30-39,Other injury,Bicyclists
T20160020119,9/14/2016,17:40:00,1,Collision with vehicle,4,Wednesday,147,VEHICLE STRIKES ANOTHER VEH WHILE EMERGING FROM DRIVEWAY,2,42512,2,0,0,1,1,2,1,5,Not at intersection,3,999,Uknown,13-15,Other injury,Bicyclists
T20160020124,5/20/2016,6:30:00,1,Collision with vehicle,6,Friday,130,REAR END(VEHICLES IN SAME LANE),1,309113,3,0,1,0,2,3,2,2,T intersection,2,60,Local Road,40-49,Serious injury,Bicyclists
T20160020157,9/15/2016,7:15:00,1,Collision with vehicle,5,Thursday,113,RIGHT NEAR (INTERSECTIONS ONLY),1,40020,2,0,1,0,1,2,1,2,T intersection,2,40,Local Road,30-39,Serious injury,Bicyclists
T20160020235,8/5/2016,18:45:00,1,Collision with vehicle,6,Friday,163,VEHICLE STRIKES DOOR OF PARKED/STATIONARY VEHICLE,3,308453,2,0,0,1,2,3,2,5,Not at intersection,3,40,Arterial Other,40-49,Other injury,Bicyclists
T20160020241,9/16/2016,15:00:00,8,No collision and no object struck,5,Friday,174,OUT OF CONTROL ON CARRIAGEWAY (ON STRAIGHT),1,37908,1,0,0,1,0,1,2,2,T intersection,3,40,Local Road,22-25,Other injury,Bicyclists
T20160020280,9/17/2016,8:20:00,1,Collision with vehicle,6,Saturday,137,LEFT TURN SIDESWIPE,1,42763,2,0,0,1,1,2,1,2,T intersection,3,60,Arterial Other,50-59,Other injury,Bicyclists
T20160020286,9/17/2016,8:30:00,1,Collision with vehicle,7,Saturday,133,LANE SIDE SWIPE (VEHICLES IN PARALLEL LANES),1,308463,2,0,1,0,1,2,1,9,Unknown,2,50,Uknown,50-59,Serious injury,Bicyclists
T20160020287,9/17/2016,7:10:00,1,Collision with vehicle,7,Saturday,110,CROSS TRAFFIC(INTERSECTIONS ONLY),2,41284,2,0,1,0,1,2,1,1,Cross intersection,2,50,Local Road,70+,Serious injury,Bicyclists
T20160020291,9/17/2016,11:30:00,6,Vehicle overturned (no collision),7,Saturday,174,OUT OF CONTROL ON CARRIAGEWAY (ON STRAIGHT),1,42075,4,0,1,0,3,4,1,2,T intersection,2,60,Arterial Other,26-29,Serious injury,Bicyclists
T20160020346,9/17/2016,10:45:00,1,Collision with vehicle,6,Saturday,133,LANE SIDE SWIPE (VEHICLES IN PARALLEL LANES),1,43297,2,0,0,1,1,2,2,1,Cross intersection,3,40,Arterial Highway,50-59,Other injury,Bicyclists
T20160020406,9/19/2016,8:00:00,1,Collision with vehicle,2,Monday,121,RIGHT THROUGH,1,64425,2,0,1,1,0,2,1,5,Not at intersection,2,999,Arterial Other,50-59,Serious injury,Bicyclists
T20160020415,9/19/2016,8:55:00,1,Collision with vehicle,2,Monday,119,OTHER ADJACENT (INTERSECTIONS ONLY),1,308501,2,0,1,0,1,2,1,1,Cross intersection,2,80,Arterial Highway,30-39,Serious injury,Bicyclists
T20160020487,9/20/2016,10:30:00,8,No collision and no object struck,3,Tuesday,184,OUT OF CONTROL ON CARRIAGEWAY (ON BEND),1,308525,1,0,0,1,0,1,1,5,Not at intersection,3,80,Arterial Other,30-39,Other injury,Bicyclists
T20160020493,9/20/2016,6:25:00,1,Collision with vehicle,3,Tuesday,160,VEHICLE COLLIDES WITH VEHICLE PARKED ON LEFT OF ROAD,1,308640,2,0,0,1,0,1,1,5,Not at intersection,3,60,Arterial Other,50-59,Other injury,Bicyclists
T20160020495,9/8/2016,7:15:00,8,No collision and no object struck,5,Thursday,174,OUT OF CONTROL ON CARRIAGEWAY (ON STRAIGHT),1,36622,2,0,1,0,1,2,1,1,Cross intersection,2,60,Local Road,40-49,Serious injury,Bicyclists
T20160020525,9/20/2016,13:20:00,1,Collision with vehicle,3,Tuesday,142,LEAVING PARKING,1,308750,2,0,0,1,1,2,2,5,Not at intersection,3,50,Local Road,30-39,Other injury,Bicyclists
T20160020576,9/21/2016,9:26:00,1,Collision with vehicle,4,Wednesday,121,RIGHT THROUGH,1,35365,2,0,0,1,2,3,1,1,Cross intersection,3,40,Local Road,30-39,Other injury,Bicyclists
T20160020584,9/12/2016,22:30:00,1,Collision with vehicle,2,Monday,163,VEHICLE STRIKES DOOR OF PARKED/STATIONARY VEHICLE,3,309642,2,0,1,0,1,2,2,1,Cross intersection,2,60,Arterial Other,22-25,Serious injury,Bicyclists
T20160020658,9/19/2016,14:00:00,1,Collision with vehicle,2,Monday,163,VEHICLE STRIKES DOOR OF PARKED/STATIONARY VEHICLE,1,308800,2,0,0,1,1,2,2,5,Not at intersection,3,40,Local Road,26-29,Other injury,Bicyclists
T20160020739,9/23/2016,11:46:00,1,Collision with vehicle,6,Friday,110,CROSS TRAFFIC(INTERSECTIONS ONLY),1,45182,2,0,0,1,1,2,1,1,Cross intersection,3,40,Local Road,70+,Other injury,Bicyclists
T20160020752,9/23/2016,15:15:00,8,No collision and no object struck,6,Friday,174,OUT OF CONTROL ON CARRIAGEWAY (ON STRAIGHT),1,309410,2,0,0,1,1,2,2,5,Not at intersection,3,60,Arterial Other,18-21,Other injury,Bicyclists
T20160020761,9/23/2016,17:15:00,1,Collision with vehicle,6,Friday,133,LANE SIDE SWIPE (VEHICLES IN PARALLEL LANES),1,309813,2,0,1,0,1,2,1,5,Not at intersection,2,70,Local Road,50-59,Serious injury,Bicyclists
T20160020813,9/24/2016,12:00:00,1,Collision with vehicle,7,Saturday,148,VEHICLE OFF FOOTPATH STRIKES VEH ON CARRIAGEWAY,1,308882,2,0,1,0,1,2,1,5,Not at intersection,2,40,Local Road,50-59,Serious injury,Bicyclists
T20160020814,8/31/2016,17:45:00,1,Collision with vehicle,4,Wednesday,121,RIGHT THROUGH,1,57496,2,0,1,0,1,2,2,2,T intersection,2,40,Local Road,30-39,Serious injury,Bicyclists