ACCIDENT_NO,ACCIDENT_DATE,ACCIDENT_TIME,ACCIDENT_TYPE,ACCIDENT_TYPE_DESC,DAY_OF_WEEK,DAY_WEEK_DESC,DCA_CODE,DCA_DESC,LIGHT_CONDITION,NODE_ID,NO_OF_VEHICLES,NO_PERSONS_KILLED,NO_PERSONS_INJ_2,NO_PERSONS_INJ_3,NO_PERSONS_NOT_INJ,NO_PERSONS,POLICE_ATTEND,ROAD_GEOMETRY,ROAD_GEOMETRY_DESC,SEVERITY,SPEED_ZONE,RMA,AGE_GROUP,INJ_LEVEL,ROAD_USER_TYPE_DESC
T20160020864,9/25/2016,7:35:00,1,Collision with vehicle,1,Sunday,113,RIGHT NEAR (INTERSECTIONS ONLY),1,308748,2,0,0,1,1,2,1,2,T intersection,3,60,Uknown,50-59,Other injury,Bicyclists
T20160020905,9/26/2016,5:30:00,1,Collision with vehicle,2,Monday,113,RIGHT NEAR (INTERSECTIONS ONLY),6,45330,2,0,1,0,1,2,2,2,T intersection,2,60,Arterial Other,40-49,Serious injury,Bicyclists
T20160020908,9/26/2016,8:40:00,1,Collision with vehicle,1,Monday,110,CROSS TRAFFIC(INTERSECTIONS ONLY),1,41345,2,0,1,0,1,2,1,1,Cross intersection,2,60,Local Road,70+,Serious injury,Bicyclists
T20160020913,9/26/2016,9:23:00,1,Collision with vehicle,2,Monday,130,REAR END(VEHICLES IN SAME LANE),1,308880,2,0,0,1,0,1,1,5,Not at intersection,3,60,Local Road,60-64,Other injury,Bicyclists
T20160020926,7/16/2016,16:00:00,1,Collision with vehicle,7,Saturday,119,OTHER ADJACENT (INTERSECTIONS ONLY),1,49096,3,0,0,1,2,3,2,1,Cross intersection,3,999,Uknown,22-25,Other injury,Bicyclists
T20160020942,9/17/2016,20:00:00,1,Collision with vehicle,7,Saturday,163,VEHICLE STRIKES DOOR OF PARKED/STATIONARY VEHICLE,3,37143,3,0,0,1,2,3,2,2,T intersection,3,40,Arterial Other,30-39,Other injury,Bicyclists
T20160020949,9/26/2016,9:40:00,1,Collision with vehicle,1,Monday,110,CROSS TRAFFIC(INTERSECTIONS ONLY),1,43926,2,0,0,1,1,2,2,1,Cross intersection,3,80,Uknown,22-25,Other injury,Bicyclists
T20160020951,9/26/2016,16:25:00,1,Collision with vehicle,2,Monday,113,RIGHT NEAR (INTERSECTIONS ONLY),1,308805,2,0,1,0,1,2,1,2,T intersection,2,60,Arterial Other,60-64,Serious injury,Bicyclists
T20160020963,9/26/2016,15:45:00,1,Collision with vehicle,2,Monday,110,CROSS TRAFFIC(INTERSECTIONS ONLY),1,48666,2,0,1,0,1,2,1,1,Cross intersection,2,50,Local Road,50-59,Serious injury,Bicyclists
T20160021022,9/26/2016,19:05:00,1,Collision with vehicle,2,Monday,163,VEHICLE STRIKES DOOR OF PARKED/STATIONARY VEHICLE,3,310726,2,0,1,0,1,2,2,5,Not at intersection,2,999,Arterial Other,26-29,Serious injury,Bicyclists
T20160021052,9/27/2016,19:10:00,1,Collision with vehicle,2,Tuesday,130,REAR END(VEHICLES IN SAME LANE),5,358411,2,0,0,1,1,2,1,5,Not at intersection,3,80,Local Road,50-59,Other injury,Bicyclists
T20160021059,8/24/2016,6:30:00,1,Collision with vehicle,4,Wednesday,135,LANE CHANGE LEFT (NOT OVERTAKING),1,310522,2,0,0,1,1,2,2,5,Not at intersection,3,60,Arterial Other,50-59,Other injury,Bicyclists
T20160021072,9/28/2016,8:40:00,1,Collision with vehicle,4,Wednesday,148,VEHICLE OFF FOOTPATH STRIKES VEH ON CARRIAGEWAY,1,227113,2,0,1,0,2,3,1,2,T intersection,2,80,Arterial Highway,60-64,Serious injury,Bicyclists
T20160021111,9/28/2016,15:30:00,1,Collision with vehicle,4,Wednesday,142,LEAVING PARKING,1,309879,2,0,0,1,1,2,2,5,Not at intersection,3,40,Local Road,26-29,Other injury,Bicyclists
T20160021112,9/28/2016,15:50:00,1,Collision with vehicle,4,Wednesday,121,RIGHT THROUGH,1,265474,2,0,0,1,1,2,1,2,T intersection,3,40,Local Road,40-49,Other injury,Bicyclists
T20160021132,9/27/2016,13:00:00,1,Collision with vehicle,3,Tuesday,121,RIGHT THROUGH,1,309252,2,0,0,1,0,1,2,1,Cross intersection,3,50,Local Road,50-59,Other injury,Bicyclists
T20160021218,9/29/2016,20:50:00,1,Collision with vehicle,5,Thursday,163,VEHICLE STRIKES DOOR OF PARKED/STATIONARY VEHICLE,9,310480,2,0,0,1,1,2,2,5,Not at intersection,3,40,Local Road,26-29,Other injury,Bicyclists
T20160021233,9/20/2016,8:30:00,1,Collision with vehicle,3,Tuesday,121,RIGHT THROUGH,1,309087,2,0,0,1,1,2,2,5,Not at intersection,3,50,Local Road,30-39,Other injury,Bicyclists
T20160021237,9/30/2016,11:10:00,1,Collision with vehicle,6,Friday,163,VEHICLE STRIKES DOOR OF PARKED/STATIONARY VEHICLE,1,226225,2,0,0,1,1,2,1,5,Not at intersection,3,40,Arterial Other,30-39,Other injury,Bicyclists
T20160021247,9/30/2016,13:40:00,8,No collision and no object struck,6,Friday,182,OFF CARRIAGEWAY ON LEFT BEND,1,69875,1,0,1,0,0,1,1,2,T intersection,2,80,Arterial Other,50-59,Serious injury,Bicyclists
T20160021256,9/30/2016,17:15:00,1,Collision with vehicle,6,Friday,163,VEHICLE STRIKES DOOR OF PARKED/STATIONARY VEHICLE,1,297927,2,0,0,1,1,2,2,5,Not at intersection,3,40,Local Road,30-39,Other injury,Bicyclists
T20160021279,9/30/2016,18:30:00,1,Collision with vehicle,6,Friday,143,ENTERING PARKING,2,309430,2,0,0,1,0,1,2,5,Not at intersection,3,60,Local Road,18-21,Other injury,Bicyclists
T20160021280,9/30/2016,23:01:00,8,No collision and no object struck,6,Friday,174,OUT OF CONTROL ON CARRIAGEWAY (ON STRAIGHT),3,308928,1,0,1,0,0,1,1,5,Not at intersection,2,40,Local Road,16-17,Serious injury,Bicyclists
T20160021319,10/1/2016,18:40:00,1,Collision with vehicle,7,Saturday,150,HEAD ON(OVERTAKING),5,308969,2,0,1,0,1,2,1,5,Not at intersection,2,80,Local Road,13-15,Serious injury,Bicyclists
T20160021347,10/2/2016,11:40:00,1,Collision with vehicle,1,Sunday,110,CROSS TRAFFIC(INTERSECTIONS ONLY),1,35138,2,0,1,0,1,2,1,1,Cross intersection,2,60,Local Road,40-49,Serious injury,Bicyclists
T20160021359,10/2/2016,10:20:00,1,Collision with vehicle,1,Sunday,160,VEHICLE COLLIDES WITH VEHICLE PARKED ON LEFT OF ROAD,1,309195,2,0,1,0,1,2,2,5,Not at intersection,2,50,Local Road,60-64,Serious injury,Bicyclists
T20160021394,10/3/2016,8:20:00,1,Collision with vehicle,2,Monday,135,LANE CHANGE LEFT (NOT OVERTAKING),1,230630,2,0,0,1,1,2,2,5,Not at intersection,3,999,Arterial Other,30-39,Other injury,Bicyclists
T20160021530,10/5/2016,7:50:00,1,Collision with vehicle,4,Wednesday,147,VEHICLE STRIKES ANOTHER VEH WHILE EMERGING FROM DRIVEWAY,1,309674,2,0,0,1,1,2,2,5,Not at intersection,3,999,Arterial Other,50-59,Other injury,Bicyclists
T20160021539,9/5/2016,8:45:00,1,Collision with vehicle,2,Monday,131,LEFT REAR,1,309112,2,0,0,1,1,2,2,5,Not at intersection,3,50,Uknown,22-25,Other injury,Bicyclists
T20160021564,10/5/2016,13:00:00,1,Collision with vehicle,3,Wednesday,133,LANE SIDE SWIPE (VEHICLES IN PARALLEL LANES),1,309083,2,0,0,1,1,2,2,5,Not at intersection,3,60,Arterial Other,65-69,Other injury,Bicyclists
T20160021586,10/5/2016,17:20:00,1,Collision with vehicle,4,Wednesday,121,RIGHT THROUGH,1,309254,2,0,1,0,1,2,1,5,Not at intersection,2,80,Arterial Other,30-39,Serious injury,Bicyclists
T20160021604,10/6/2016,6:20:00,1,Collision with vehicle,5,Thursday,163,VEHICLE STRIKES DOOR OF PARKED/STATIONARY VEHICLE,1,310015,2,0,1,0,1,2,1,5,Not at intersection,2,40,Arterial Other,50-59,Serious injury,Bicyclists
T20160021607,9/22/2016,7:57:00,1,Collision with vehicle,5,Thursday,148,VEHICLE OFF FOOTPATH STRIKES VEH ON CARRIAGEWAY,1,37820,2,0,0,1,1,2,1,1,Cross intersection,3,60,Arterial Other,22-25,Other injury,Bicyclists
T20160021630,10/3/2016,17:30:00,1,Collision with vehicle,2,Monday,147,VEHICLE STRIKES ANOTHER VEH WHILE EMERGING FROM DRIVEWAY,2,309140,2,0,0,1,0,1,2,2,T intersection,3,30,Arterial Other,40-49,Other injury,Bicyclists
T20160021635,10/6/2016,14:15:00,1,Collision with vehicle,4,Thursday,140,U TURN,1,309167,2,0,0,1,1,2,1,5,Not at intersection,3,60,Arterial Other,50-59,Other injury,Bicyclists
T20160021659,10/6/2016,13:30:00,1,Collision with vehicle,4,Thursday,135,LANE CHANGE LEFT (NOT OVERTAKING),1,37229,2,0,0,1,1,2,2,2,T intersection,3,40,Arterial Other,30-39,Other injury,Bicyclists
T20160021681,10/6/2016,15:15:00,1,Collision with vehicle,4,Thursday,148,VEHICLE OFF FOOTPATH STRIKES VEH ON CARRIAGEWAY,1,309253,2,0,0,1,1,2,2,2,T intersection,3,50,Local Road,45424,Other injury,Bicyclists
T20160021733,10/7/2016,16:52:00,1,Collision with vehicle,6,Friday,130,REAR END(VEHICLES IN SAME LANE),1,310168,2,0,1,0,1,2,1,1,Cross intersection,2,80,Uknown,50-59,Serious injury,Bicyclists
T20160021771,9/3/2016,17:30:00,8,No collision and no object struck,6,Saturday,174,OUT OF CONTROL ON CARRIAGEWAY (ON STRAIGHT),2,38901,2,0,0,1,0,1,2,2,T intersection,3,50,Arterial Other,30-39,Other injury,Bicyclists
T20160021773,10/8/2016,10:00:00,1,Collision with vehicle,7,Saturday,113,RIGHT NEAR (INTERSECTIONS ONLY),1,309290,2,0,0,1,1,2,1,2,T intersection,3,100,Local Road,22-25,Other injury,Bicyclists
T20160021804,10/8/2016,15:00:00,1,Collision with vehicle,7,Saturday,163,VEHICLE STRIKES DOOR OF PARKED/STATIONARY VEHICLE,1,309201,2,0,0,1,1,2,2,5,Not at intersection,3,60,Local Road,30-39,Other injury,Bicyclists
T20160021811,10/8/2016,17:55:00,1,Collision with vehicle,6,Saturday,136,RIGHT TURN SIDESWIPE,1,358438,2,0,0,1,1,2,1,2,T intersection,3,50,Local Road,60-64,Other injury,Bicyclists
T20160021825,8/5/2016,8:50:00,1,Collision with vehicle,6,Friday,110,CROSS TRAFFIC(INTERSECTIONS ONLY),1,313151,2,0,0,1,2,3,2,1,Cross intersection,3,50,Local Road,30-39,Other injury,Bicyclists
T20160021846,9/21/2016,16:15:00,6,Vehicle overturned (no collision),4,Wednesday,174,OUT OF CONTROL ON CARRIAGEWAY (ON STRAIGHT),9,309188,1,0,0,1,0,1,2,5,Not at intersection,3,999,Local Road,60-64,Other injury,Bicyclists
T20160021859,10/8/2016,10:15:00,1,Collision with vehicle,7,Saturday,143,ENTERING PARKING,1,248248,2,0,0,1,1,2,2,5,Not at intersection,3,40,Arterial Highway,Unknown,Other injury,Bicyclists
T20160021861,10/9/2016,13:40:00,1,Collision with vehicle,0,Sunday,133,LANE SIDE SWIPE (VEHICLES IN PARALLEL LANES),1,70103,2,0,0,1,1,2,1,2,T intersection,3,60,Arterial Other,65-69,Other injury,Bicyclists
T20160021870,9/25/2016,9:28:00,1,Collision with vehicle,1,Sunday,116,LEFT NEAR (INTERSECTIONS ONLY),1,43567,2,0,1,0,1,2,1,1,Cross intersection,2,80,Arterial Highway,40-49,Serious injury,Bicyclists
T20160021875,10/9/2016,16:00:00,1,Collision with vehicle,1,Sunday,147,VEHICLE STRIKES ANOTHER VEH WHILE EMERGING FROM DRIVEWAY,1,309344,2,0,0,1,1,2,1,5,Not at intersection,3,50,Local Road,60-64,Other injury,Bicyclists
T20160021923,10/10/2016,7:30:00,1,Collision with vehicle,2,Monday,110,CROSS TRAFFIC(INTERSECTIONS ONLY),1,37831,2,0,0,1,1,2,2,1,Cross intersection,3,60,Arterial Other,26-29,Other injury,Bicyclists
T20160021929,10/8/2016,10:20:00,1,Collision with vehicle,7,Saturday,137,LEFT TURN SIDESWIPE,1,36052,2,0,0,1,1,2,2,2,T intersection,3,999,Local Road,40-49,Other injury,Bicyclists
T20160021935,10/10/2016,15:00:00,1,Collision with vehicle,2,Monday,110,CROSS TRAFFIC(INTERSECTIONS ONLY),1,310559,2,0,0,1,1,2,1,1,Cross intersection,3,50,Local Road,65-69,Other injury,Bicyclists
T20160021944,10/10/2016,16:52:00,1,Collision with vehicle,2,Monday,139,OTHER SAME DIRECTION-MANOUEVRES NOT INCLUDED IN DCAs 130-137,1,36105,2,0,1,0,1,2,1,1,Cross intersection,2,60,Arterial Other,26-29,Serious injury,Bicyclists
T20160021949,10/10/2016,16:50:00,1,Collision with vehicle,2,Monday,119,OTHER ADJACENT (INTERSECTIONS ONLY),1,227287,2,0,0,1,2,3,1,2,T intersection,3,50,Uknown,70+,Other injury,Bicyclists
T20160021994,10/7/2016,12:30:00,1,Collision with vehicle,5,Friday,110,CROSS TRAFFIC(INTERSECTIONS ONLY),1,39884,2,0,0,1,1,2,2,1,Cross intersection,3,60,Uknown,26-29,Other injury,Bicyclists
T20160022032,10/10/2016,12:30:00,1,Collision with vehicle,2,Monday,121,RIGHT THROUGH,1,35476,2,0,0,1,1,2,1,2,T intersection,3,60,Arterial Other,60-64,Other injury,Bicyclists
T20160022034,10/11/2016,18:15:00,1,Collision with vehicle,3,Tuesday,121,RIGHT THROUGH,1,37459,2,0,1,0,1,2,2,2,T intersection,2,60,Arterial Other,40-49,Serious injury,Bicyclists
T20160022036,10/11/2016,9:30:00,1,Collision with vehicle,3,Tuesday,163,VEHICLE STRIKES DOOR OF PARKED/STATIONARY VEHICLE,1,309719,2,0,1,0,1,2,2,5,Not at intersection,2,40,Arterial Other,30-39,Serious injury,Bicyclists
T20160022042,10/11/2016,9:40:00,1,Collision with vehicle,3,Tuesday,110,CROSS TRAFFIC(INTERSECTIONS ONLY),1,41201,2,0,0,1,1,2,2,1,Cross intersection,3,60,Arterial Other,70+,Other injury,Bicyclists
T20160022069,10/10/2016,8:30:00,8,No collision and no object struck,2,Monday,174,OUT OF CONTROL ON CARRIAGEWAY (ON STRAIGHT),1,56567,2,0,1,0,1,2,2,2,T intersection,2,40,Local Road,40-49,Serious injury,Bicyclists
T20160022085,10/12/2016,10:15:00,1,Collision with vehicle,3,Wednesday,163,VEHICLE STRIKES DOOR OF PARKED/STATIONARY VEHICLE,1,309341,2,0,0,1,1,2,2,5,Not at intersection,3,50,Local Road,22-25,Other injury,Bicyclists
T20160022090,10/11/2016,7:20:00,1,Collision with vehicle,3,Tuesday,133,LANE SIDE SWIPE (VEHICLES IN PARALLEL LANES),1,309434,2,0,1,0,1,2,2,5,Not at intersection,2,100,Local Road,70+,Serious injury,Bicyclists
T20160022133,10/13/2016,7:50:00,1,Collision with vehicle,5,Thursday,121,RIGHT THROUGH,1,47362,2,0,1,0,1,2,1,2,T intersection,2,60,Local Road,40-49,Serious injury,Bicyclists
T20160022151,10/13/2016,8:30:00,1,Collision with vehicle,5,Thursday,152,PULLING OUT (OVERTAKING),1,309525,2,0,0,1,1,2,2,2,T intersection,3,50,Local Road,40-49,Other injury,Bicyclists
T20160022182,10/13/2016,14:15:00,1,Collision with vehicle,5,Thursday,110,CROSS TRAFFIC(INTERSECTIONS ONLY),1,42230,2,0,1,0,1,2,1,1,Cross intersection,2,50,Local Road,50-59,Serious injury,Bicyclists
T20160022185,10/13/2016,14:35:00,1,Collision with vehicle,5,Thursday,120,HEAD ON (NOT OVERTAKING),1,309405,2,0,1,0,1,2,1,5,Not at intersection,2,50,Local Road,40-49,Serious injury,Bicyclists
T20160022198,10/13/2016,18:50:00,1,Collision with vehicle,5,Thursday,148,VEHICLE OFF FOOTPATH STRIKES VEH ON CARRIAGEWAY,1,310571,2,0,1,0,1,2,1,5,Not at intersection,2,999,Local Road,30-39,Serious injury,Bicyclists
T20160022223,10/8/2016,11:30:00,1,Collision with vehicle,6,Saturday,163,VEHICLE STRIKES DOOR OF PARKED/STATIONARY VEHICLE,1,122153,2,0,0,1,1,2,2,5,Not at intersection,3,60,Arterial Other,40-49,Other injury,Bicyclists
T20160022242,10/14/2016,10:45:00,1,Collision with vehicle,6,Friday,121,RIGHT THROUGH,1,36445,2,0,0,1,1,2,1,2,T intersection,3,40,Arterial Other,50-59,Other injury,Bicyclists
T20160022258,10/14/2016,9:40:00,1,Collision with vehicle,6,Friday,137,LEFT TURN SIDESWIPE,1,309455,2,0,0,1,1,2,1,5,Not at intersection,3,60,Arterial Other,30-39,Other injury,Bicyclists
T20160022266,10/14/2016,9:10:00,1,Collision with vehicle,6,Friday,121,RIGHT THROUGH,1,56528,2,0,0,1,2,3,1,1,Cross intersection,3,50,Local Road,13-15,Other injury,Bicyclists
T20160022353,10/3/2016,12:00:00,1,Collision with vehicle,2,Monday,147,VEHICLE STRIKES ANOTHER VEH WHILE EMERGING FROM DRIVEWAY,1,310731,2,0,0,1,1,2,2,5,Not at intersection,3,999,Arterial Other,26-29,Other injury,Bicyclists
T20160022363,10/15/2016,20:30:00,1,Collision with vehicle,6,Saturday,121,RIGHT THROUGH,3,36601,2,0,1,0,1,2,1,2,T intersection,2,40,Local Road,30-39,Serious injury,Bicyclists
T20160022382,10/8/2016,14:30:00,8,No collision and no object struck,7,Saturday,174,OUT OF CONTROL ON CARRIAGEWAY (ON STRAIGHT),1,309979,2,0,0,1,0,1,2,5,Not at intersection,3,50,Local Road,30-39,Other injury,Bicyclists
T20160022384,10/16/2016,10:30:00,1,Collision with vehicle,0,Sunday,143,ENTERING PARKING,1,148624,2,0,0,1,2,3,2,5,Not at intersection,3,60,Local Road,30-39,Other injury,Bicyclists
T20160022399,10/10/2016,9:00:00,1,Collision with vehicle,2,Monday,121,RIGHT THROUGH,1,309581,2,0,0,1,1,2,2,5,Not at intersection,3,60,Arterial Other,30-39,Other injury,Bicyclists
T20160022437,10/17/2016,9:32:00,1,Collision with vehicle,1,Monday,121,RIGHT THROUGH,1,309522,2,0,1,0,1,2,1,2,T intersection,2,50,Local Road,65-69,Serious injury,Bicyclists
T20160022444,10/17/2016,12:00:00,1,Collision with vehicle,2,Monday,147,VEHICLE STRIKES ANOTHER VEH WHILE EMERGING FROM DRIVEWAY,1,311761,2,0,0,1,1,2,2,5,Not at intersection,3,999,Arterial Highway,50-59,Other injury,Bicyclists
T20160022484,10/17/2016,17:15:00,8,No collision and no object struck,2,Monday,174,OUT OF CONTROL ON CARRIAGEWAY (ON STRAIGHT),1,295553,1,0,1,0,0,1,1,2,T intersection,2,60,Arterial Other,40-49,Serious injury,Bicyclists
T20160022495,10/17/2016,15:41:00,1,Collision with vehicle,2,Monday,148,VEHICLE OFF FOOTPATH STRIKES VEH ON CARRIAGEWAY,1,295736,2,0,0,2,1,3,1,2,T intersection,3,50,Local Road,45424,Other injury,Bicyclists
T20160022512,10/10/2016,17:30:00,1,Collision with vehicle,2,Monday,111,RIGHT FAR (INTERSECTIONS ONLY),2,310911,2,0,0,1,0,1,2,2,T intersection,3,50,Local Road,30-39,Other injury,Bicyclists
T20160022554,10/18/2016,18:10:00,1,Collision with vehicle,3,Tuesday,145,REVERSING IN STREAM OF TRAFFIC,1,311010,2,0,0,1,1,2,1,2,T intersection,3,50,Local Road,40-49,Other injury,Bicyclists
T20160022592,10/19/2016,8:15:00,1,Collision with vehicle,4,Wednesday,147,VEHICLE STRIKES ANOTHER VEH WHILE EMERGING FROM DRIVEWAY,1,310916,2,0,0,1,0,1,2,5,Not at intersection,3,50,Local Road,45424,Other injury,Bicyclists
T20160022612,10/19/2016,11:00:00,1,Collision with vehicle,4,Wednesday,163,VEHICLE STRIKES DOOR OF PARKED/STATIONARY VEHICLE,1,309625,3,0,0,1,2,3,1,5,Not at intersection,3,40,Local Road,26-29,Other injury,Bicyclists
T20160022630,10/19/2016,14:50:00,1,Collision with vehicle,4,Wednesday,134,LANE CHANGE RIGHT (NOT OVERTAKING),1,309639,2,0,0,1,1,2,1,5,Not at intersection,3,60,Arterial Highway,30-39,Other injury,Bicyclists
T20160022642,10/19/2016,16:10:00,1,Collision with vehicle,4,Wednesday,148,VEHICLE OFF FOOTPATH STRIKES VEH ON CARRIAGEWAY,1,310415,2,0,1,0,2,3,1,5,Not at intersection,2,60,Arterial Other,60-64,Serious injury,Bicyclists
T20160022649,10/19/2016,18:55:00,1,Collision with vehicle,4,Wednesday,148,VEHICLE OFF FOOTPATH STRIKES VEH ON CARRIAGEWAY,1,35409,2,0,0,1,1,2,1,1,Cross intersection,3,50,Arterial Highway,30-39,Other injury,Bicyclists
T20160022666,10/19/2016,20:15:00,1,Collision with vehicle,4,Wednesday,121,RIGHT THROUGH,3,62340,2,0,1,0,1,2,1,1,Cross intersection,2,50,Local Road,18-21,Serious injury,Bicyclists
T20160022673,10/19/2016,17:40:00,1,Collision with vehicle,4,Wednesday,137,LEFT TURN SIDESWIPE,1,309634,2,0,0,1,1,2,2,5,Not at intersection,3,999,Local Road,26-29,Other injury,Bicyclists
T20160022713,10/20/2016,17:30:00,1,Collision with vehicle,5,Thursday,163,VEHICLE STRIKES DOOR OF PARKED/STATIONARY VEHICLE,1,309659,2,0,0,1,1,2,1,5,Not at intersection,3,40,Local Road,30-39,Other injury,Bicyclists
T20160022738,10/20/2016,19:34:00,1,Collision with vehicle,5,Thursday,110,CROSS TRAFFIC(INTERSECTIONS ONLY),2,37041,2,0,1,0,1,2,1,1,Cross intersection,2,40,Local Road,60-64,Serious injury,Bicyclists
T20160022745,10/20/2016,21:20:00,1,Collision with vehicle,5,Thursday,116,LEFT NEAR (INTERSECTIONS ONLY),3,58591,2,0,0,1,1,2,1,2,T intersection,3,40,Local Road,40-49,Other injury,Bicyclists
T20160022804,10/19/2016,18:00:00,1,Collision with vehicle,4,Wednesday,110,CROSS TRAFFIC(INTERSECTIONS ONLY),1,35428,2,0,1,0,1,2,2,1,Cross intersection,2,50,Arterial Other,50-59,Serious injury,Bicyclists
T20160022934,10/23/2016,6:45:00,1,Collision with vehicle,0,Sunday,132,RIGHT REAR.,1,57599,2,0,0,1,0,1,2,2,T intersection,3,60,Arterial Other,30-39,Other injury,Bicyclists
T20160022939,10/22/2016,9:30:00,1,Collision with vehicle,7,Saturday,163,VEHICLE STRIKES DOOR OF PARKED/STATIONARY VEHICLE,9,310048,2,0,1,0,1,2,2,5,Not at intersection,2,50,Local Road,30-39,Serious injury,Bicyclists
T20160022946,10/23/2016,11:55:00,1,Collision with vehicle,1,Sunday,163,VEHICLE STRIKES DOOR OF PARKED/STATIONARY VEHICLE,1,40135,2,0,0,1,1,2,1,1,Cross intersection,3,60,Local Road,13-15,Other injury,Bicyclists
T20160022964,10/23/2016,11:00:00,1,Collision with vehicle,1,Sunday,124,RIGHT/RIGHT BOTH VEHs FROM OPPOSITE DIRECTIONS TURNING RIGHT,1,44526,2,0,1,0,1,2,1,4,Multiple intersection,2,999,Arterial Other,40-49,Serious injury,Bicyclists
T20160022984,10/3/2016,10:00:00,1,Collision with vehicle,2,Monday,134,LANE CHANGE RIGHT (NOT OVERTAKING),1,35357,2,0,0,1,1,2,2,1,Cross intersection,3,40,Local Road,22-25,Other injury,Bicyclists
T20160023003,10/24/2016,10:25:00,1,Collision with vehicle,2,Monday,137,LEFT TURN SIDESWIPE,1,37429,2,0,1,0,1,2,1,2,T intersection,2,60,Arterial Other,26-29,Serious injury,Bicyclists
T20160023013,10/11/2016,8:00:00,1,Collision with vehicle,2,Tuesday,110,CROSS TRAFFIC(INTERSECTIONS ONLY),1,63576,2,0,0,1,1,2,2,1,Cross intersection,3,50,Local Road,40-49,Other injury,Bicyclists
T20160023052,10/24/2016,18:36:00,1,Collision with vehicle,1,Monday,143,ENTERING PARKING,1,310037,2,0,1,0,0,1,1,5,Not at intersection,2,40,Local Road,30-39,Serious injury,Bicyclists
T20160023070,10/25/2016,6:00:00,1,Collision with vehicle,3,Tuesday,147,VEHICLE STRIKES ANOTHER VEH WHILE EMERGING FROM DRIVEWAY,2,309882,2,0,0,1,1,2,1,5,Not at intersection,3,50,Uknown,40-49,Other injury,Bicyclists
T20160023084,10/25/2016,8:45:00,1,Collision with vehicle,3,Tuesday,148,VEHICLE OFF FOOTPATH STRIKES VEH ON CARRIAGEWAY,1,309874,2,0,1,0,1,2,1,5,Not at intersection,2,60,Arterial Other,13-15,Serious injury,Bicyclists
T20160023092,10/25/2016,8:00:00,1,Collision with vehicle,2,Tuesday,110,CROSS TRAFFIC(INTERSECTIONS ONLY),1,41423,2,0,0,1,1,2,1,1,Cross intersection,3,60,Local Road,40-49,Other injury,Bicyclists
T20160023109,10/24/2016,18:00:00,1,Collision with vehicle,2,Monday,163,VEHICLE STRIKES DOOR OF PARKED/STATIONARY VEHICLE,1,310066,2,0,0,1,1,2,2,2,T intersection,3,999,Local Road,22-25,Other injury,Bicyclists
T20160023156,9/20/2016,8:40:00,8,No collision and no object struck,3,Tuesday,174,OUT OF CONTROL ON CARRIAGEWAY (ON STRAIGHT),1,309885,1,0,1,0,0,1,2,5,Not at intersection,2,70,Arterial Highway,30-39,Serious injury,Bicyclists
T20160023175,10/25/2016,12:50:00,1,Collision with vehicle,3,Tuesday,113,RIGHT NEAR (INTERSECTIONS ONLY),1,17660,2,0,0,1,1,2,2,2,T intersection,3,60,Arterial Other,18-21,Other injury,Bicyclists
T20160023177,10/25/2016,21:20:00,1,Collision with vehicle,3,Tuesday,137,LEFT TURN SIDESWIPE,3,44483,2,0,0,1,0,1,2,2,T intersection,3,70,Arterial Highway,26-29,Other injury,Bicyclists
T20160023189,9/10/2016,1:30:00,1,Collision with vehicle,6,Saturday,163,VEHICLE STRIKES DOOR OF PARKED/STATIONARY VEHICLE,6,311442,2,0,0,1,1,2,2,2,T intersection,3,999,Arterial Highway,26-29,Other injury,Bicyclists
T20160023193,10/25/2016,11:50:00,2,Struck Pedestrian,2,Tuesday,108,PED STRUCK WALKING TO/FROM OR BOARDING/ALIGHTING VEHICLE.,1,311167,1,0,0,1,0,1,2,5,Not at intersection,3,40,Local Road,40-49,Other injury,Pedestrians
T20160023196,10/26/2016,16:45:00,1,Collision with vehicle,4,Wednesday,163,VEHICLE STRIKES DOOR OF PARKED/STATIONARY VEHICLE,1,310284,2,0,0,1,0,1,2,2,T intersection,3,40,Local Road,40-49,Other injury,Bicyclists
T20160023206,10/26/2016,19:08:00,1,Collision with vehicle,4,Wednesday,160,VEHICLE COLLIDES WITH VEHICLE PARKED ON LEFT OF ROAD,1,309908,2,0,0,1,1,2,1,5,Not at intersection,3,50,Arterial Other,30-39,Other injury,Bicyclists
T20160023214,10/26/2016,16:30:00,1,Collision with vehicle,4,Wednesday,110,CROSS TRAFFIC(INTERSECTIONS ONLY),1,66520,2,0,1,0,1,2,1,1,Cross intersection,2,50,Local Road,30-39,Serious injury,Bicyclists
T20160023219,10/26/2016,16:30:00,1,Collision with vehicle,4,Wednesday,110,CROSS TRAFFIC(INTERSECTIONS ONLY),1,42018,2,0,1,0,1,2,1,1,Cross intersection,2,60,Local Road,30-39,Serious injury,Bicyclists
T20160023248,10/13/2016,10:15:00,1,Collision with vehicle,5,Thursday,140,U TURN,1,313708,2,0,0,1,1,2,2,5,Not at intersection,3,60,Arterial Other,30-39,Other injury,Bicyclists
T20160023281,10/27/2016,17:35:00,1,Collision with vehicle,4,Thursday,130,REAR END(VEHICLES IN SAME LANE),1,315896,2,0,1,0,0,1,1,5,Not at intersection,2,60,Local Road,40-49,Serious injury,Bicyclists