ACCIDENT_NO,ACCIDENT_DATE,ACCIDENT_TIME,ACCIDENT_TYPE,ACCIDENT_TYPE_DESC,DAY_OF_WEEK,DAY_WEEK_DESC,DCA_CODE,DCA_DESC,LIGHT_CONDITION,NODE_ID,NO_OF_VEHICLES,NO_PERSONS_KILLED,NO_PERSONS_INJ_2,NO_PERSONS_INJ_3,NO_PERSONS_NOT_INJ,NO_PERSONS,POLICE_ATTEND,ROAD_GEOMETRY,ROAD_GEOMETRY_DESC,SEVERITY,SPEED_ZONE,RMA,AGE_GROUP,INJ_LEVEL,ROAD_USER_TYPE_DESC
T20160023310,10/28/2016,8:50:00,1,Collision with vehicle,5,Friday,142,LEAVING PARKING,1,312429,2,0,0,1,1,2,1,5,Not at intersection,3,40,Local Road,26-29,Other injury,Bicyclists
T20160023318,10/28/2016,8:45:00,6,Vehicle overturned (no collision),6,Friday,170,OFF CARRIAGEWAY TO LEFT,1,314395,2,0,1,0,1,2,1,5,Not at intersection,2,100,Uknown,60-64,Not injured,Bicyclists
T20160023329,10/28/2016,8:26:00,1,Collision with vehicle,6,Friday,121,RIGHT THROUGH,1,46034,2,0,1,0,1,2,1,5,Not at intersection,2,60,Arterial Other,30-39,Serious injury,Bicyclists
T20160023353,10/12/2016,18:10:00,1,Collision with vehicle,4,Wednesday,163,VEHICLE STRIKES DOOR OF PARKED/STATIONARY VEHICLE,1,322958,2,0,0,2,0,2,2,5,Not at intersection,3,40,Local Road,30-39,Other injury,Bicyclists
T20160023376,10/28/2016,20:45:00,1,Collision with vehicle,5,Friday,133,LANE SIDE SWIPE (VEHICLES IN PARALLEL LANES),3,67644,2,0,0,1,0,1,1,2,T intersection,3,50,Local Road,50-59,Other injury,Bicyclists
T20160023405,10/29/2016,15:05:00,1,Collision with vehicle,7,Saturday,133,LANE SIDE SWIPE (VEHICLES IN PARALLEL LANES),1,57705,2,0,0,1,2,3,1,4,Multiple intersection,3,50,Uknown,40-49,Other injury,Bicyclists
T20160023413,10/29/2016,11:50:00,1,Collision with vehicle,7,Saturday,148,VEHICLE OFF FOOTPATH STRIKES VEH ON CARRIAGEWAY,1,38045,2,0,0,1,1,2,2,1,Cross intersection,3,40,Arterial Other,50-59,Other injury,Bicyclists
T20160023457,10/15/2016,8:30:00,1,Collision with vehicle,7,Saturday,121,RIGHT THROUGH,1,310003,2,0,0,1,1,2,2,2,T intersection,3,999,Local Road,22-25,Other injury,Bicyclists
T20160023488,10/28/2016,8:35:00,1,Collision with vehicle,5,Friday,110,CROSS TRAFFIC(INTERSECTIONS ONLY),1,29446,2,0,0,1,1,2,1,1,Cross intersection,3,40,Arterial Other,30-39,Other injury,Bicyclists
T20160023499,9/7/2016,18:55:00,1,Collision with vehicle,3,Wednesday,110,CROSS TRAFFIC(INTERSECTIONS ONLY),3,29361,2,0,0,1,1,2,1,1,Cross intersection,3,50,Local Road,50-59,Other injury,Bicyclists
T20160023520,10/19/2016,10:30:00,1,Collision with vehicle,4,Wednesday,147,VEHICLE STRIKES ANOTHER VEH WHILE EMERGING FROM DRIVEWAY,1,310002,2,0,0,1,1,2,2,5,Not at intersection,3,999,Local Road,40-49,Other injury,Bicyclists
T20160023547,10/21/2016,15:30:00,1,Collision with vehicle,6,Friday,110,CROSS TRAFFIC(INTERSECTIONS ONLY),1,65743,2,0,0,1,1,2,2,1,Cross intersection,3,40,Local Road,30-39,Other injury,Bicyclists
T20160023549,10/31/2016,13:00:00,1,Collision with vehicle,2,Monday,147,VEHICLE STRIKES ANOTHER VEH WHILE EMERGING FROM DRIVEWAY,1,310034,2,0,0,1,1,2,1,5,Not at intersection,3,888,Arterial Other,45424,Other injury,Bicyclists
T20160023621,11/1/2016,11:31:00,1,Collision with vehicle,2,Tuesday,121,RIGHT THROUGH,1,35605,2,0,1,0,1,2,1,1,Cross intersection,2,60,Arterial Highway,40-49,Serious injury,Bicyclists
T20160023622,9/7/2016,9:05:00,1,Collision with vehicle,4,Wednesday,143,ENTERING PARKING,1,310103,2,0,0,1,1,2,1,5,Not at intersection,3,50,Local Road,30-39,Other injury,Bicyclists
T20160023672,10/14/2016,14:00:00,1,Collision with vehicle,6,Friday,160,VEHICLE COLLIDES WITH VEHICLE PARKED ON LEFT OF ROAD,1,132507,2,0,0,1,0,1,1,5,Not at intersection,3,60,Arterial Other,40-49,Other injury,Bicyclists
T20160023678,11/2/2016,8:50:00,1,Collision with vehicle,3,Wednesday,152,PULLING OUT (OVERTAKING),1,45205,2,0,1,0,1,2,1,2,T intersection,2,50,Arterial Other,40-49,Serious injury,Bicyclists
T20160023679,11/2/2016,10:30:00,1,Collision with vehicle,4,Wednesday,116,LEFT NEAR (INTERSECTIONS ONLY),1,29736,3,0,0,2,1,3,1,2,T intersection,3,60,Arterial Highway,30-39,Other injury,Bicyclists
T20160023693,10/21/2016,9:14:00,1,Collision with vehicle,6,Friday,120,HEAD ON (NOT OVERTAKING),1,310270,2,0,0,2,0,2,2,5,Not at intersection,3,60,Arterial Other,60-64,Other injury,Bicyclists
T20160023731,11/3/2016,7:30:00,1,Collision with vehicle,5,Thursday,131,LEFT REAR,1,320406,2,0,0,1,1,2,2,1,Cross intersection,3,60,Arterial Other,40-49,Other injury,Bicyclists
T20160023733,11/3/2016,8:40:00,1,Collision with vehicle,5,Thursday,147,VEHICLE STRIKES ANOTHER VEH WHILE EMERGING FROM DRIVEWAY,1,311861,2,0,1,0,1,2,1,5,Not at intersection,2,50,Local Road,40-49,Serious injury,Bicyclists
T20160023739,10/13/2016,19:45:00,1,Collision with vehicle,5,Thursday,110,CROSS TRAFFIC(INTERSECTIONS ONLY),9,50007,2,0,0,1,1,2,2,1,Cross intersection,3,60,Local Road,22-25,Other injury,Bicyclists
T20160023767,11/3/2016,14:40:00,1,Collision with vehicle,5,Thursday,137,LEFT TURN SIDESWIPE,1,29640,2,0,0,1,1,2,2,1,Cross intersection,3,70,Arterial Highway,65-69,Other injury,Bicyclists
T20160023768,11/2/2016,10:35:00,1,Collision with vehicle,4,Wednesday,121,RIGHT THROUGH,1,358471,2,0,0,1,1,2,2,5,Not at intersection,3,999,Arterial Other,40-49,Other injury,Bicyclists
T20160023769,10/30/2016,1:30:00,8,No collision and no object struck,1,Sunday,174,OUT OF CONTROL ON CARRIAGEWAY (ON STRAIGHT),3,310182,2,0,0,1,0,1,2,5,Not at intersection,3,40,Local Road,30-39,Other injury,Bicyclists
T20160023781,11/3/2016,19:35:00,6,Vehicle overturned (no collision),5,Thursday,172,OFF CARRIAGEWAY TO RIGHT,2,310195,1,0,1,0,0,1,1,5,Not at intersection,2,50,Local Road,60-64,Serious injury,Bicyclists
T20160023877,11/5/2016,7:45:00,1,Collision with vehicle,7,Saturday,153,CUTTING IN (OVERTAKING),1,310525,3,0,0,1,2,3,1,5,Not at intersection,3,80,Arterial Highway,50-59,Other injury,Bicyclists
T20160023997,11/7/2016,7:45:00,1,Collision with vehicle,2,Monday,147,VEHICLE STRIKES ANOTHER VEH WHILE EMERGING FROM DRIVEWAY,1,312600,2,0,1,0,1,2,1,5,Not at intersection,2,60,Uknown,22-25,Serious injury,Bicyclists
T20160024000,11/6/2016,17:30:00,1,Collision with vehicle,1,Sunday,147,VEHICLE STRIKES ANOTHER VEH WHILE EMERGING FROM DRIVEWAY,1,310408,2,0,0,1,1,2,2,5,Not at intersection,3,999,Local Road,16-17,Other injury,Bicyclists
T20160024019,11/7/2016,12:37:00,1,Collision with vehicle,2,Monday,121,RIGHT THROUGH,1,35316,2,0,0,1,1,2,1,1,Cross intersection,3,40,Local Road,40-49,Other injury,Bicyclists
T20160024067,11/6/2016,18:00:00,1,Collision with vehicle,1,Sunday,163,VEHICLE STRIKES DOOR OF PARKED/STATIONARY VEHICLE,1,310331,2,0,0,1,0,1,2,5,Not at intersection,3,60,Arterial Other,22-25,Other injury,Bicyclists
T20160024069,11/7/2016,8:45:00,1,Collision with vehicle,2,Monday,134,LANE CHANGE RIGHT (NOT OVERTAKING),1,75800,2,0,0,1,1,2,1,5,Not at intersection,3,40,Local Road,50-59,Other injury,Bicyclists
T20160024104,11/8/2016,14:31:00,1,Collision with vehicle,3,Tuesday,137,LEFT TURN SIDESWIPE,1,1157,2,0,1,0,1,2,1,2,T intersection,2,40,Local Road,30-39,Serious injury,Bicyclists
T20160024143,11/9/2016,8:15:00,1,Collision with vehicle,4,Wednesday,137,LEFT TURN SIDESWIPE,1,247628,2,0,0,1,1,2,1,1,Cross intersection,3,40,Local Road,30-39,Other injury,Bicyclists
T20160024147,11/9/2016,6:50:00,1,Collision with vehicle,4,Wednesday,110,CROSS TRAFFIC(INTERSECTIONS ONLY),1,36121,2,0,1,0,1,2,1,1,Cross intersection,2,60,Arterial Highway,60-64,Serious injury,Bicyclists
T20160024178,11/9/2016,8:39:00,1,Collision with vehicle,4,Wednesday,139,OTHER SAME DIRECTION-MANOUEVRES NOT INCLUDED IN DCAs 130-137,1,310531,2,0,0,1,1,2,1,5,Not at intersection,3,60,Arterial Highway,26-29,Other injury,Bicyclists
T20160024181,10/13/2016,8:20:00,1,Collision with vehicle,5,Thursday,143,ENTERING PARKING,1,313914,2,0,0,1,1,2,2,5,Not at intersection,3,40,Local Road,26-29,Other injury,Bicyclists
T20160024183,11/9/2016,8:05:00,1,Collision with vehicle,4,Wednesday,121,RIGHT THROUGH,1,38821,2,0,1,1,0,2,1,2,T intersection,2,50,Arterial Highway,40-49,Other injury,Bicyclists
T20160024201,11/9/2016,18:10:00,1,Collision with vehicle,4,Wednesday,137,LEFT TURN SIDESWIPE,1,310794,2,0,1,0,1,2,1,2,T intersection,2,80,Arterial Highway,40-49,Serious injury,Bicyclists
T20160024210,11/9/2016,16:15:00,1,Collision with vehicle,4,Wednesday,147,VEHICLE STRIKES ANOTHER VEH WHILE EMERGING FROM DRIVEWAY,1,310449,2,0,1,0,2,3,1,5,Not at intersection,2,50,Local Road,18-21,Serious injury,Bicyclists
T20160024215,11/8/2016,18:18:00,1,Collision with vehicle,3,Tuesday,121,RIGHT THROUGH,1,36101,2,0,0,1,1,2,1,1,Cross intersection,3,60,Arterial Other,30-39,Other injury,Bicyclists
T20160024231,11/10/2016,8:05:00,1,Collision with vehicle,5,Thursday,110,CROSS TRAFFIC(INTERSECTIONS ONLY),1,41195,2,0,0,1,2,3,1,1,Cross intersection,3,50,Local Road,18-21,Other injury,Bicyclists
T20160024246,11/10/2016,8:40:00,1,Collision with vehicle,5,Thursday,148,VEHICLE OFF FOOTPATH STRIKES VEH ON CARRIAGEWAY,1,229668,2,0,0,1,2,3,1,1,Cross intersection,3,40,Local Road,45424,Other injury,Bicyclists
T20160024247,11/9/2016,15:30:00,1,Collision with vehicle,4,Wednesday,147,VEHICLE STRIKES ANOTHER VEH WHILE EMERGING FROM DRIVEWAY,1,312959,2,0,0,1,1,2,2,5,Not at intersection,3,999,Arterial Highway,45424,Other injury,Bicyclists
T20160024286,11/10/2016,19:05:00,1,Collision with vehicle,5,Thursday,111,RIGHT FAR (INTERSECTIONS ONLY),1,58711,2,0,0,1,1,2,1,2,T intersection,3,50,Local Road,30-39,Other injury,Bicyclists
T20160024291,10/20/2016,16:45:00,1,Collision with vehicle,4,Thursday,137,LEFT TURN SIDESWIPE,1,40351,2,0,0,1,1,2,2,2,T intersection,3,60,Arterial Other,30-39,Other injury,Bicyclists
T20160024295,11/10/2016,19:00:00,1,Collision with vehicle,5,Thursday,130,REAR END(VEHICLES IN SAME LANE),1,310757,2,0,1,0,1,2,1,5,Not at intersection,2,80,Local Road,40-49,Serious injury,Bicyclists
T20160024299,11/8/2016,19:10:00,1,Collision with vehicle,3,Tuesday,121,RIGHT THROUGH,1,45604,2,0,0,1,1,2,1,1,Cross intersection,3,60,Local Road,18-21,Other injury,Bicyclists
T20160024320,11/3/2016,18:00:00,8,No collision and no object struck,5,Thursday,170,OFF CARRIAGEWAY TO LEFT,1,310492,1,0,1,0,0,1,2,5,Not at intersection,2,60,Arterial Other,22-25,Serious injury,Bicyclists
T20160024330,11/10/2016,20:45:00,1,Collision with vehicle,5,Thursday,133,LANE SIDE SWIPE (VEHICLES IN PARALLEL LANES),3,359411,2,0,0,1,1,2,1,5,Not at intersection,3,60,Arterial Other,40-49,Other injury,Bicyclists
T20160024346,11/11/2016,10:30:00,1,Collision with vehicle,6,Friday,133,LANE SIDE SWIPE (VEHICLES IN PARALLEL LANES),1,310709,2,0,1,0,0,1,1,5,Not at intersection,2,100,Arterial Highway,50-59,Serious injury,Bicyclists
T20160024353,10/25/2016,17:10:00,1,Collision with vehicle,3,Tuesday,147,VEHICLE STRIKES ANOTHER VEH WHILE EMERGING FROM DRIVEWAY,9,310505,2,0,0,1,0,1,2,5,Not at intersection,3,888,Arterial Other,50-59,Other injury,Bicyclists
T20160024367,11/11/2016,13:45:00,1,Collision with vehicle,6,Friday,113,RIGHT NEAR (INTERSECTIONS ONLY),1,41127,2,0,1,0,1,2,1,2,T intersection,2,50,Arterial Other,60-64,Serious injury,Bicyclists
T20160024378,11/11/2016,16:10:00,1,Collision with vehicle,6,Friday,148,VEHICLE OFF FOOTPATH STRIKES VEH ON CARRIAGEWAY,1,233985,3,0,1,0,3,4,1,2,T intersection,2,60,Arterial Highway,26-29,Serious injury,Bicyclists
T20160024412,11/12/2016,8:10:00,1,Collision with vehicle,7,Saturday,122,LEFT THROUGH,1,29588,2,0,1,0,3,4,2,1,Cross intersection,2,60,Arterial Other,30-39,Serious injury,Bicyclists
T20160024462,11/11/2016,16:30:00,8,No collision and no object struck,6,Friday,180,OFF CARRIAGEWAY ON RIGHT BEND,1,310710,1,0,1,0,0,1,2,5,Not at intersection,2,100,Arterial Other,26-29,Serious injury,Bicyclists
T20160024567,11/12/2016,16:00:00,1,Collision with vehicle,7,Saturday,142,LEAVING PARKING,1,45634,2,0,0,1,1,2,2,2,T intersection,3,50,Arterial Other,30-39,Other injury,Bicyclists
T20160024592,11/14/2016,8:20:00,1,Collision with vehicle,1,Monday,147,VEHICLE STRIKES ANOTHER VEH WHILE EMERGING FROM DRIVEWAY,1,310653,2,0,0,1,1,2,1,5,Not at intersection,3,40,Local Road,45424,Other injury,Bicyclists
T20160024597,11/15/2016,8:30:00,1,Collision with vehicle,3,Tuesday,110,CROSS TRAFFIC(INTERSECTIONS ONLY),1,52652,3,0,0,1,2,3,1,1,Cross intersection,3,60,Arterial Highway,13-15,Other injury,Bicyclists
T20160024605,11/15/2016,10:50:00,1,Collision with vehicle,2,Tuesday,147,VEHICLE STRIKES ANOTHER VEH WHILE EMERGING FROM DRIVEWAY,1,310668,2,0,1,0,1,2,1,5,Not at intersection,2,80,Arterial Highway,26-29,Serious injury,Bicyclists
T20160024621,11/15/2016,8:10:00,1,Collision with vehicle,3,Tuesday,148,VEHICLE OFF FOOTPATH STRIKES VEH ON CARRIAGEWAY,1,312332,2,0,0,1,1,2,2,2,T intersection,3,50,Local Road,45424,Other injury,Bicyclists
T20160024633,11/9/2016,7:30:00,1,Collision with vehicle,4,Wednesday,137,LEFT TURN SIDESWIPE,1,119,2,0,0,1,0,1,2,1,Cross intersection,3,999,Arterial Other,50-59,Other injury,Bicyclists
T20160024641,11/15/2016,19:00:00,1,Collision with vehicle,2,Tuesday,139,OTHER SAME DIRECTION-MANOUEVRES NOT INCLUDED IN DCAs 130-137,2,65003,2,0,1,0,0,1,2,1,Cross intersection,2,60,Arterial Highway,40-49,Serious injury,Bicyclists
T20160024644,11/15/2016,16:00:00,1,Collision with vehicle,3,Tuesday,133,LANE SIDE SWIPE (VEHICLES IN PARALLEL LANES),1,316285,2,0,0,1,1,2,2,5,Not at intersection,3,60,Arterial Other,26-29,Not injured,Bicyclists
T20160024660,11/15/2016,23:35:00,1,Collision with vehicle,3,Tuesday,135,LANE CHANGE LEFT (NOT OVERTAKING),3,42611,2,0,1,0,1,2,1,2,T intersection,2,70,Arterial Other,18-21,Serious injury,Bicyclists
T20160024699,11/16/2016,8:10:00,1,Collision with vehicle,4,Wednesday,149,OTHER MANOEUVRING NOT INCLUDED IN DCAs 140-148,1,310648,2,1,0,1,0,2,1,2,T intersection,1,50,Arterial Other,40-49,Fatality,Bicyclists
T20160024728,11/4/2016,17:15:00,1,Collision with vehicle,6,Friday,110,CROSS TRAFFIC(INTERSECTIONS ONLY),1,44000,2,0,0,1,1,2,2,1,Cross intersection,3,80,Local Road,13-15,Other injury,Bicyclists
T20160024777,11/7/2016,8:05:00,1,Collision with vehicle,2,Monday,147,VEHICLE STRIKES ANOTHER VEH WHILE EMERGING FROM DRIVEWAY,1,311559,2,0,0,1,1,2,2,5,Not at intersection,3,999,Arterial Other,30-39,Other injury,Bicyclists
T20160024778,11/17/2016,9:05:00,1,Collision with vehicle,4,Thursday,148,VEHICLE OFF FOOTPATH STRIKES VEH ON CARRIAGEWAY,1,278920,2,0,1,0,1,2,1,4,Multiple intersection,2,60,Local Road,40-49,Serious injury,Bicyclists
T20160024782,11/16/2016,16:00:00,1,Collision with vehicle,4,Wednesday,147,VEHICLE STRIKES ANOTHER VEH WHILE EMERGING FROM DRIVEWAY,1,310812,2,0,1,0,1,2,1,5,Not at intersection,2,888,Arterial Other,50-59,Serious injury,Bicyclists
T20160024787,11/17/2016,10:44:00,1,Collision with vehicle,4,Thursday,110,CROSS TRAFFIC(INTERSECTIONS ONLY),1,29380,2,0,1,0,1,2,1,1,Cross intersection,2,50,Local Road,40-49,Serious injury,Bicyclists
T20160024791,11/17/2016,9:45:00,1,Collision with vehicle,5,Thursday,163,VEHICLE STRIKES DOOR OF PARKED/STATIONARY VEHICLE,1,310755,2,0,0,1,1,2,1,5,Not at intersection,3,60,Arterial Other,50-59,Other injury,Bicyclists
T20160024805,11/16/2016,17:10:00,1,Collision with vehicle,4,Wednesday,137,LEFT TURN SIDESWIPE,1,119,2,0,0,1,1,2,1,1,Cross intersection,3,60,Arterial Other,30-39,Other injury,Bicyclists
T20160024818,11/17/2016,11:00:00,1,Collision with vehicle,4,Thursday,163,VEHICLE STRIKES DOOR OF PARKED/STATIONARY VEHICLE,1,311457,2,0,1,0,1,2,2,5,Not at intersection,2,60,Arterial Other,40-49,Serious injury,Bicyclists
T20160024824,11/4/2016,17:30:00,1,Collision with vehicle,6,Friday,148,VEHICLE OFF FOOTPATH STRIKES VEH ON CARRIAGEWAY,9,308783,2,0,0,1,0,1,2,1,Cross intersection,3,70,Arterial Highway,40-49,Other injury,Bicyclists
T20160024862,11/18/2016,0:54:00,1,Collision with vehicle,6,Friday,110,CROSS TRAFFIC(INTERSECTIONS ONLY),3,36090,2,0,1,0,1,2,1,1,Cross intersection,2,60,Arterial Other,18-21,Serious injury,Bicyclists
T20160024870,11/18/2016,8:25:00,1,Collision with vehicle,6,Friday,163,VEHICLE STRIKES DOOR OF PARKED/STATIONARY VEHICLE,1,311169,2,0,1,0,2,3,1,5,Not at intersection,2,60,Arterial Other,26-29,Serious injury,Bicyclists
T20160024881,11/18/2016,12:23:00,1,Collision with vehicle,6,Friday,110,CROSS TRAFFIC(INTERSECTIONS ONLY),1,29420,2,0,0,1,1,2,1,1,Cross intersection,3,40,Local Road,26-29,Other injury,Bicyclists
T20160024901,11/18/2016,10:00:00,8,No collision and no object struck,6,Friday,174,OUT OF CONTROL ON CARRIAGEWAY (ON STRAIGHT),9,36719,1,0,0,1,0,1,2,2,T intersection,3,999,Arterial Other,30-39,Other injury,Bicyclists
T20160024934,11/19/2016,6:45:00,1,Collision with vehicle,7,Saturday,133,LANE SIDE SWIPE (VEHICLES IN PARALLEL LANES),2,314018,2,0,0,1,1,2,2,5,Not at intersection,3,60,Arterial Other,30-39,Other injury,Bicyclists
T20160024936,11/8/2016,7:20:00,1,Collision with vehicle,3,Tuesday,116,LEFT NEAR (INTERSECTIONS ONLY),1,310801,2,0,1,0,1,2,2,2,T intersection,2,999,Local Road,30-39,Serious injury,Bicyclists
T20160024939,11/17/2016,18:00:00,1,Collision with vehicle,5,Thursday,163,VEHICLE STRIKES DOOR OF PARKED/STATIONARY VEHICLE,1,312882,2,0,0,1,1,2,2,5,Not at intersection,3,50,Local Road,60-64,Other injury,Bicyclists
T20160024956,11/19/2016,14:10:00,1,Collision with vehicle,7,Saturday,121,RIGHT THROUGH,1,39505,2,0,0,1,1,2,2,2,T intersection,3,70,Local Road,18-21,Other injury,Bicyclists
T20160025012,11/19/2016,19:50:00,1,Collision with vehicle,7,Saturday,110,CROSS TRAFFIC(INTERSECTIONS ONLY),1,45640,2,0,1,0,1,2,2,1,Cross intersection,2,40,Arterial Other,26-29,Serious injury,Bicyclists
T20160025021,11/20/2016,12:20:00,1,Collision with vehicle,1,Sunday,120,HEAD ON (NOT OVERTAKING),1,310805,2,0,1,0,5,6,1,5,Not at intersection,2,50,Local Road,60-64,Serious injury,Bicyclists
T20160025038,11/20/2016,13:00:00,1,Collision with vehicle,0,Sunday,121,RIGHT THROUGH,1,36122,2,0,0,1,3,4,2,1,Cross intersection,3,50,Local Road,40-49,Other injury,Bicyclists
T20160025061,11/20/2016,20:22:00,1,Collision with vehicle,1,Sunday,147,VEHICLE STRIKES ANOTHER VEH WHILE EMERGING FROM DRIVEWAY,5,310966,2,0,1,0,1,2,1,5,Not at intersection,2,50,Local Road,13-15,Serious injury,Bicyclists
T20160025071,11/16/2016,10:45:00,1,Collision with vehicle,3,Wednesday,116,LEFT NEAR (INTERSECTIONS ONLY),1,44434,2,0,0,1,1,2,1,1,Cross intersection,3,60,Local Road,40-49,Other injury,Bicyclists
T20160025080,11/21/2016,7:40:00,1,Collision with vehicle,2,Monday,137,LEFT TURN SIDESWIPE,1,38991,2,0,0,1,1,2,1,1,Cross intersection,3,60,Arterial Other,50-59,Other injury,Bicyclists
T20160025086,11/21/2016,7:40:00,8,No collision and no object struck,1,Monday,174,OUT OF CONTROL ON CARRIAGEWAY (ON STRAIGHT),1,311129,2,0,1,0,1,2,1,5,Not at intersection,2,60,Arterial Other,50-59,Serious injury,Bicyclists
T20160025121,11/21/2016,14:20:00,1,Collision with vehicle,2,Monday,121,RIGHT THROUGH,1,40416,2,0,1,0,1,2,1,1,Cross intersection,2,60,Arterial Other,18-21,Serious injury,Bicyclists
T20160025150,11/21/2016,12:00:00,1,Collision with vehicle,2,Monday,163,VEHICLE STRIKES DOOR OF PARKED/STATIONARY VEHICLE,9,311214,2,0,1,0,1,2,2,5,Not at intersection,2,999,Arterial Other,30-39,Serious injury,Bicyclists
T20160025152,11/21/2016,15:30:00,1,Collision with vehicle,2,Monday,148,VEHICLE OFF FOOTPATH STRIKES VEH ON CARRIAGEWAY,1,314561,2,0,0,1,1,2,2,5,Not at intersection,3,777,Local Road,45424,Other injury,Bicyclists
T20160025179,11/22/2016,9:45:00,8,No collision and no object struck,2,Tuesday,174,OUT OF CONTROL ON CARRIAGEWAY (ON STRAIGHT),1,67367,2,0,1,0,1,2,1,1,Cross intersection,2,50,Local Road,50-59,Serious injury,Bicyclists
T20160025205,11/19/2016,11:00:00,1,Collision with vehicle,7,Saturday,110,CROSS TRAFFIC(INTERSECTIONS ONLY),1,37556,2,0,0,1,1,2,2,1,Cross intersection,3,999,Local Road,40-49,Other injury,Bicyclists
T20160025213,11/22/2016,12:21:00,1,Collision with vehicle,3,Tuesday,148,VEHICLE OFF FOOTPATH STRIKES VEH ON CARRIAGEWAY,1,44038,2,0,1,0,1,2,1,2,T intersection,2,60,Arterial Other,30-39,Serious injury,Bicyclists
T20160025246,11/22/2016,17:20:00,1,Collision with vehicle,3,Tuesday,137,LEFT TURN SIDESWIPE,1,35999,2,0,0,1,1,2,1,2,T intersection,3,60,Local Road,40-49,Other injury,Bicyclists
T20160025260,11/22/2016,19:18:00,1,Collision with vehicle,3,Tuesday,129,OTHER OPPOSING MANOEUVRES NOT INCLUDED IN DCAs 120-125.,1,311033,2,0,1,0,1,2,1,5,Not at intersection,2,40,Arterial Other,40-49,Serious injury,Bicyclists
T20160025281,11/23/2016,7:40:00,1,Collision with vehicle,3,Wednesday,130,REAR END(VEHICLES IN SAME LANE),1,311752,2,0,1,0,1,2,1,5,Not at intersection,2,50,Arterial Other,30-39,Serious injury,Bicyclists
T20160025346,11/23/2016,22:04:00,1,Collision with vehicle,4,Wednesday,121,RIGHT THROUGH,3,36264,2,0,0,1,2,3,1,1,Cross intersection,3,60,Arterial Other,26-29,Other injury,Bicyclists
T20160025383,11/20/2016,18:57:00,1,Collision with vehicle,0,Sunday,137,LEFT TURN SIDESWIPE,1,36432,2,0,0,1,1,2,2,1,Cross intersection,3,50,Arterial Other,40-49,Other injury,Bicyclists
T20160025394,10/13/2016,17:00:00,8,No collision and no object struck,5,Thursday,174,OUT OF CONTROL ON CARRIAGEWAY (ON STRAIGHT),1,311008,1,1,0,0,0,1,1,5,Not at intersection,1,50,Local Road,50-59,Fatality,Bicyclists
T20160025411,11/24/2016,14:25:00,1,Collision with vehicle,5,Thursday,152,PULLING OUT (OVERTAKING),1,311108,2,0,0,1,1,2,1,5,Not at intersection,3,50,Local Road,30-39,Other injury,Bicyclists
T20160025453,4/6/2016,8:00:00,1,Collision with vehicle,3,Wednesday,153,CUTTING IN (OVERTAKING),1,42608,2,0,0,1,0,1,2,2,T intersection,3,60,Arterial Highway,40-49,Other injury,Bicyclists
T20160025463,11/25/2016,7:01:00,1,Collision with vehicle,6,Friday,163,VEHICLE STRIKES DOOR OF PARKED/STATIONARY VEHICLE,1,311132,2,0,0,1,2,3,1,5,Not at intersection,3,60,Arterial Other,40-49,Other injury,Bicyclists
T20160025502,11/24/2016,14:30:00,1,Collision with vehicle,4,Thursday,163,VEHICLE STRIKES DOOR OF PARKED/STATIONARY VEHICLE,1,311056,2,0,0,1,1,2,2,5,Not at intersection,3,60,Arterial Other,26-29,Other injury,Bicyclists
T20160025547,11/26/2016,7:21:00,1,Collision with vehicle,6,Saturday,116,LEFT NEAR (INTERSECTIONS ONLY),1,35642,3,0,2,0,1,3,1,1,Cross intersection,2,80,Arterial Highway,65-69,Serious injury,Bicyclists
T20160025708,11/17/2016,8:00:00,1,Collision with vehicle,5,Thursday,143,ENTERING PARKING,1,311231,2,0,0,1,0,1,2,5,Not at intersection,3,40,Local Road,50-59,Other injury,Bicyclists
T20160025727,11/28/2016,18:12:00,1,Collision with vehicle,2,Monday,130,REAR END(VEHICLES IN SAME LANE),1,311333,2,0,1,0,1,2,1,5,Not at intersection,2,80,Arterial Highway,50-59,Serious injury,Bicyclists
T20160025745,11/29/2016,7:25:00,1,Collision with vehicle,3,Tuesday,110,CROSS TRAFFIC(INTERSECTIONS ONLY),1,261099,2,0,0,1,1,2,1,1,Cross intersection,3,60,Uknown,40-49,Other injury,Bicyclists
T20160025747,11/29/2016,9:00:00,1,Collision with vehicle,3,Tuesday,143,ENTERING PARKING,1,311552,2,0,1,0,2,3,1,5,Not at intersection,2,60,Arterial Other,30-39,Serious injury,Bicyclists
T20160025751,11/29/2016,7:40:00,1,Collision with vehicle,3,Tuesday,137,LEFT TURN SIDESWIPE,1,36264,2,0,1,0,1,2,1,1,Cross intersection,2,50,Arterial Other,30-39,Serious injury,Bicyclists
T20160025761,11/29/2016,9:20:00,8,No collision and no object struck,3,Tuesday,174,OUT OF CONTROL ON CARRIAGEWAY (ON STRAIGHT),1,35815,1,0,1,0,0,1,1,4,Multiple intersection,2,60,Arterial Other,30-39,Serious injury,Bicyclists