ACCIDENT_NO,ACCIDENT_DATE,ACCIDENT_TIME,ACCIDENT_TYPE,ACCIDENT_TYPE_DESC,DAY_OF_WEEK,DAY_WEEK_DESC,DCA_CODE,DCA_DESC,LIGHT_CONDITION,NODE_ID,NO_OF_VEHICLES,NO_PERSONS_KILLED,NO_PERSONS_INJ_2,NO_PERSONS_INJ_3,NO_PERSONS_NOT_INJ,NO_PERSONS,POLICE_ATTEND,ROAD_GEOMETRY,ROAD_GEOMETRY_DESC,SEVERITY,SPEED_ZONE,RMA,AGE_GROUP,INJ_LEVEL,ROAD_USER_TYPE_DESC
T20160025773,11/29/2016,11:52:00,1,Collision with vehicle,3,Tuesday,121,RIGHT THROUGH,1,237030,2,0,1,0,1,2,1,2,T intersection,2,80,Arterial Other,40-49,Serious injury,Bicyclists
T20160025789,11/29/2016,15:17:00,1,Collision with vehicle,3,Tuesday,143,ENTERING PARKING,1,297166,2,0,0,1,1,2,1,5,Not at intersection,3,40,Local Road,50-59,Other injury,Bicyclists
T20160025801,11/18/2016,8:20:00,1,Collision with vehicle,5,Friday,121,RIGHT THROUGH,1,39114,2,0,1,0,1,2,2,2,T intersection,2,60,Local Road,40-49,Serious injury,Bicyclists
T20160025803,11/29/2016,15:00:00,1,Collision with vehicle,2,Tuesday,131,LEFT REAR,1,53730,2,0,0,1,0,1,2,2,T intersection,3,50,Uknown,30-39,Other injury,Bicyclists
T20160025831,11/21/2016,18:10:00,1,Collision with vehicle,1,Monday,142,LEAVING PARKING,1,311276,2,0,1,0,2,3,2,5,Not at intersection,2,60,Local Road,30-39,Serious injury,Bicyclists
T20160025837,11/29/2016,9:40:00,1,Collision with vehicle,3,Tuesday,116,LEFT NEAR (INTERSECTIONS ONLY),1,47574,2,0,0,1,1,2,2,2,T intersection,3,50,Local Road,70+,Other injury,Bicyclists
T20160025839,11/30/2016,11:40:00,2,Struck Pedestrian,4,Wednesday,100,PED NEAR SIDE. PED HIT BY VEHICLE FROM THE RIGHT.,1,85801,2,0,1,1,1,3,1,1,Cross intersection,2,40,Local Road,30-39,Other injury,Bicyclists
T20160025851,11/30/2016,13:30:00,1,Collision with vehicle,3,Wednesday,163,VEHICLE STRIKES DOOR OF PARKED/STATIONARY VEHICLE,9,311468,2,0,0,1,1,2,2,5,Not at intersection,3,40,Local Road,26-29,Other injury,Bicyclists
T20160025896,12/1/2016,8:00:00,1,Collision with vehicle,4,Thursday,110,CROSS TRAFFIC(INTERSECTIONS ONLY),1,56532,2,0,1,0,1,2,1,1,Cross intersection,2,80,Arterial Highway,22-25,Serious injury,Bicyclists
T20160025987,9/24/2016,11:30:00,1,Collision with vehicle,7,Saturday,163,VEHICLE STRIKES DOOR OF PARKED/STATIONARY VEHICLE,1,37708,2,0,0,1,1,2,2,2,T intersection,3,40,Local Road,30-39,Other injury,Bicyclists
T20160026017,12/2/2016,14:55:00,8,No collision and no object struck,6,Friday,174,OUT OF CONTROL ON CARRIAGEWAY (ON STRAIGHT),1,36748,2,0,1,0,1,2,1,2,T intersection,2,999,Local Road,50-59,Serious injury,Bicyclists
T20160026019,12/2/2016,15:50:00,1,Collision with vehicle,6,Friday,116,LEFT NEAR (INTERSECTIONS ONLY),1,73872,2,0,0,1,1,2,1,2,T intersection,3,60,Uknown,50-59,Other injury,Bicyclists
T20160026023,11/26/2016,17:20:00,1,Collision with vehicle,6,Saturday,133,LANE SIDE SWIPE (VEHICLES IN PARALLEL LANES),1,40129,2,0,0,1,1,2,2,2,T intersection,3,50,Local Road,26-29,Other injury,Bicyclists
T20160026035,11/8/2016,15:30:00,1,Collision with vehicle,2,Tuesday,133,LANE SIDE SWIPE (VEHICLES IN PARALLEL LANES),1,315100,2,0,0,1,1,2,2,9,Unknown,3,60,Arterial Other,22-25,Other injury,Bicyclists
T20160026043,12/2/2016,8:20:00,1,Collision with vehicle,6,Friday,149,OTHER MANOEUVRING NOT INCLUDED IN DCAs 140-148,1,313061,2,0,0,1,2,3,2,5,Not at intersection,3,40,Local Road,13-15,Other injury,Bicyclists
T20160026071,11/23/2016,9:00:00,1,Collision with vehicle,3,Wednesday,163,VEHICLE STRIKES DOOR OF PARKED/STATIONARY VEHICLE,1,320100,2,0,0,1,1,2,2,5,Not at intersection,3,40,Local Road,30-39,Other injury,Bicyclists
T20160026074,12/3/2016,8:15:00,1,Collision with vehicle,7,Saturday,147,VEHICLE STRIKES ANOTHER VEH WHILE EMERGING FROM DRIVEWAY,1,311415,2,0,0,1,1,2,1,5,Not at intersection,3,888,Arterial Highway,26-29,Other injury,Bicyclists
T20160026082,12/3/2016,10:30:00,1,Collision with vehicle,7,Saturday,149,OTHER MANOEUVRING NOT INCLUDED IN DCAs 140-148,1,142151,3,0,1,0,3,4,1,2,T intersection,2,60,Arterial Other,40-49,Serious injury,Bicyclists
T20160026099,11/28/2016,11:00:00,1,Collision with vehicle,2,Monday,163,VEHICLE STRIKES DOOR OF PARKED/STATIONARY VEHICLE,9,311397,2,0,1,0,0,1,2,5,Not at intersection,2,999,Local Road,30-39,Serious injury,Bicyclists
T20160026110,12/3/2016,16:16:00,1,Collision with vehicle,7,Saturday,121,RIGHT THROUGH,1,311647,2,0,1,0,1,2,1,5,Not at intersection,2,60,Arterial Other,22-25,Serious injury,Bicyclists
T20160026139,12/4/2016,9:30:00,1,Collision with vehicle,0,Sunday,147,VEHICLE STRIKES ANOTHER VEH WHILE EMERGING FROM DRIVEWAY,1,312430,2,0,1,0,1,2,1,5,Not at intersection,2,50,Uknown,26-29,Serious injury,Bicyclists
T20160026155,12/4/2016,13:33:00,1,Collision with vehicle,1,Sunday,163,VEHICLE STRIKES DOOR OF PARKED/STATIONARY VEHICLE,1,313086,2,0,1,0,1,2,1,5,Not at intersection,2,60,Arterial Other,26-29,Serious injury,Bicyclists
T20160026228,12/5/2016,7:15:00,1,Collision with vehicle,1,Monday,147,VEHICLE STRIKES ANOTHER VEH WHILE EMERGING FROM DRIVEWAY,2,311466,2,0,0,1,1,2,2,5,Not at intersection,3,50,Local Road,30-39,Other injury,Bicyclists
T20160026242,12/5/2016,14:00:00,1,Collision with vehicle,2,Monday,136,RIGHT TURN SIDESWIPE,1,59490,2,0,1,0,1,2,1,2,T intersection,2,60,Arterial Highway,45424,Serious injury,Bicyclists
T20160026259,12/5/2016,12:00:00,1,Collision with vehicle,2,Monday,143,ENTERING PARKING,1,313985,2,0,1,0,1,2,2,5,Not at intersection,2,40,Arterial Other,50-59,Serious injury,Bicyclists
T20160026264,12/5/2016,16:45:00,1,Collision with vehicle,1,Monday,110,CROSS TRAFFIC(INTERSECTIONS ONLY),1,70143,2,0,0,1,1,2,1,1,Cross intersection,3,60,Local Road,30-39,Other injury,Bicyclists
T20160026291,12/6/2016,9:00:00,1,Collision with vehicle,3,Tuesday,111,RIGHT FAR (INTERSECTIONS ONLY),1,69227,2,0,0,1,1,2,2,2,T intersection,3,50,Local Road,60-64,Other injury,Bicyclists
T20160026292,12/1/2016,17:56:00,1,Collision with vehicle,5,Thursday,147,VEHICLE STRIKES ANOTHER VEH WHILE EMERGING FROM DRIVEWAY,1,311540,2,0,0,1,1,2,1,5,Not at intersection,3,80,Arterial Highway,26-29,Other injury,Bicyclists
T20160026342,12/6/2016,17:05:00,1,Collision with vehicle,3,Tuesday,121,RIGHT THROUGH,1,47227,2,0,1,0,2,3,1,4,Multiple intersection,2,60,Freeway,50-59,Serious injury,Bicyclists
T20160026357,12/7/2016,4:40:00,4,Collision with a fixed object,4,Wednesday,183,OFF LEFT BEND INTO OBJECT/PARKED VEHICLE,5,311624,1,0,1,0,0,1,1,5,Not at intersection,2,70,Arterial Other,40-49,Serious injury,Bicyclists
T20160026361,12/7/2016,7:57:00,1,Collision with vehicle,4,Wednesday,121,RIGHT THROUGH,1,29484,2,0,0,1,1,2,1,2,T intersection,3,60,Local Road,30-39,Other injury,Bicyclists
T20160026366,10/17/2016,19:03:00,1,Collision with vehicle,2,Monday,116,LEFT NEAR (INTERSECTIONS ONLY),1,29516,2,0,0,1,1,2,1,2,T intersection,3,60,Arterial Other,13-15,Other injury,Bicyclists
T20160026367,12/7/2016,8:50:00,1,Collision with vehicle,4,Wednesday,110,CROSS TRAFFIC(INTERSECTIONS ONLY),1,65799,2,0,0,1,1,2,2,1,Cross intersection,3,40,Local Road,30-39,Other injury,Bicyclists
T20160026381,12/7/2016,6:30:00,1,Collision with vehicle,4,Wednesday,116,LEFT NEAR (INTERSECTIONS ONLY),1,35330,2,0,1,0,1,2,1,2,T intersection,2,50,Arterial Highway,40-49,Serious injury,Bicyclists
T20160026396,12/5/2016,20:00:00,1,Collision with vehicle,2,Monday,163,VEHICLE STRIKES DOOR OF PARKED/STATIONARY VEHICLE,9,311545,2,0,0,2,0,2,2,5,Not at intersection,3,40,Local Road,22-25,Other injury,Bicyclists
T20160026397,12/6/2016,12:30:00,2,Struck Pedestrian,3,Tuesday,100,PED NEAR SIDE. PED HIT BY VEHICLE FROM THE RIGHT.,1,311958,1,0,1,0,1,2,2,5,Not at intersection,2,40,Arterial Other,40-49,Serious injury,Bicyclists
T20160026407,4/30/2015,12:00:00,1,Collision with vehicle,5,Thursday,133,LANE SIDE SWIPE (VEHICLES IN PARALLEL LANES),1,311547,2,0,0,1,0,1,9,5,Not at intersection,3,40,Local Road,26-29,Other injury,Bicyclists
T20160026452,12/7/2016,17:00:00,1,Collision with vehicle,4,Wednesday,119,OTHER ADJACENT (INTERSECTIONS ONLY),1,40074,2,0,0,1,1,2,1,2,T intersection,3,50,Local Road,40-49,Other injury,Bicyclists
T20160026520,12/6/2016,17:50:00,1,Collision with vehicle,2,Tuesday,121,RIGHT THROUGH,1,37714,2,0,0,2,0,2,2,2,T intersection,3,60,Arterial Other,26-29,Other injury,Bicyclists
T20160026548,12/9/2016,7:10:00,1,Collision with vehicle,6,Friday,120,HEAD ON (NOT OVERTAKING),1,311837,2,0,1,0,1,2,1,5,Not at intersection,2,100,Arterial Other,30-39,Serious injury,Bicyclists
T20160026549,12/5/2016,13:50:00,1,Collision with vehicle,2,Monday,121,RIGHT THROUGH,1,397,2,0,1,0,1,2,2,2,T intersection,2,60,Arterial Other,50-59,Serious injury,Bicyclists
T20160026554,10/28/2016,17:00:00,1,Collision with vehicle,5,Friday,113,RIGHT NEAR (INTERSECTIONS ONLY),1,311644,2,0,0,1,1,2,2,2,T intersection,3,50,Local Road,60-64,Other injury,Bicyclists
T20160026573,12/9/2016,13:30:00,1,Collision with vehicle,6,Friday,113,RIGHT NEAR (INTERSECTIONS ONLY),1,39192,2,0,0,1,1,2,1,2,T intersection,3,60,Arterial Other,40-49,Other injury,Bicyclists
T20160026593,12/9/2016,16:25:00,1,Collision with vehicle,5,Friday,111,RIGHT FAR (INTERSECTIONS ONLY),1,45380,2,0,0,1,1,2,1,2,T intersection,3,60,Arterial Other,60-64,Other injury,Bicyclists
T20160026619,12/10/2016,6:50:00,8,No collision and no object struck,7,Saturday,174,OUT OF CONTROL ON CARRIAGEWAY (ON STRAIGHT),2,41111,2,0,0,1,1,2,1,2,T intersection,3,60,Arterial Other,50-59,Other injury,Bicyclists
T20160026620,12/10/2016,7:50:00,1,Collision with vehicle,7,Saturday,116,LEFT NEAR (INTERSECTIONS ONLY),1,50195,2,0,1,0,1,2,1,2,T intersection,2,60,Uknown,60-64,Serious injury,Bicyclists
T20160026650,12/10/2016,15:45:00,8,No collision and no object struck,6,Saturday,174,OUT OF CONTROL ON CARRIAGEWAY (ON STRAIGHT),1,51623,2,0,0,1,0,1,1,1,Cross intersection,3,60,Local Road,40-49,Other injury,Bicyclists
T20160026651,12/10/2016,16:15:00,1,Collision with vehicle,7,Saturday,110,CROSS TRAFFIC(INTERSECTIONS ONLY),1,51007,2,0,1,0,1,2,1,1,Cross intersection,2,50,Local Road,50-59,Serious injury,Bicyclists
T20160026663,12/10/2016,18:50:00,1,Collision with vehicle,7,Saturday,116,LEFT NEAR (INTERSECTIONS ONLY),1,65466,2,0,1,0,2,3,1,2,T intersection,2,50,Local Road,30-39,Serious injury,Bicyclists
T20160026736,12/11/2016,16:45:00,1,Collision with vehicle,0,Sunday,139,OTHER SAME DIRECTION-MANOUEVRES NOT INCLUDED IN DCAs 130-137,1,311733,2,0,1,0,3,4,1,5,Not at intersection,2,60,Arterial Other,22-25,Serious injury,Bicyclists
T20160026751,11/28/2016,18:00:00,4,Collision with a fixed object,2,Monday,173,RIGHT OFF CARRIAGEWAY INTO OBJECT/PARKED VEHICLE,1,311737,2,0,0,1,1,2,1,2,T intersection,3,50,Local Road,50-59,Other injury,Bicyclists
T20160026754,12/11/2016,9:00:00,1,Collision with vehicle,1,Sunday,110,CROSS TRAFFIC(INTERSECTIONS ONLY),1,22585,2,0,0,1,2,3,1,1,Cross intersection,3,100,Arterial Other,30-39,Other injury,Bicyclists
T20160026779,12/12/2016,7:35:00,1,Collision with vehicle,2,Monday,121,RIGHT THROUGH,1,45572,2,0,1,0,1,2,1,2,T intersection,2,40,Uknown,30-39,Serious injury,Bicyclists
T20160026786,11/29/2016,17:45:00,1,Collision with vehicle,3,Tuesday,153,CUTTING IN (OVERTAKING),1,478,2,0,0,1,0,1,2,4,Multiple intersection,3,60,Arterial Other,26-29,Other injury,Bicyclists
T20160026821,12/12/2016,15:55:00,1,Collision with vehicle,2,Monday,163,VEHICLE STRIKES DOOR OF PARKED/STATIONARY VEHICLE,1,312226,2,0,0,1,1,2,2,5,Not at intersection,3,40,Arterial Other,50-59,Other injury,Bicyclists
T20160026824,12/12/2016,19:22:00,1,Collision with vehicle,1,Monday,133,LANE SIDE SWIPE (VEHICLES IN PARALLEL LANES),1,35360,2,0,0,1,1,2,1,1,Cross intersection,3,40,Local Road,30-39,Other injury,Bicyclists
T20160026832,12/12/2016,15:50:00,1,Collision with vehicle,2,Monday,140,U TURN,1,312419,2,0,0,1,1,2,1,5,Not at intersection,3,40,Arterial Other,50-59,Other injury,Bicyclists
T20160026864,11/6/2016,17:55:00,1,Collision with vehicle,1,Sunday,130,REAR END(VEHICLES IN SAME LANE),9,232517,2,0,0,1,0,1,2,5,Not at intersection,3,60,Arterial Highway,18-21,Other injury,Bicyclists
T20160026867,12/13/2016,6:44:00,1,Collision with vehicle,3,Tuesday,133,LANE SIDE SWIPE (VEHICLES IN PARALLEL LANES),1,311842,2,0,0,1,0,1,1,5,Not at intersection,3,60,Arterial Other,30-39,Other injury,Bicyclists
T20160026878,12/13/2016,11:10:00,1,Collision with vehicle,3,Tuesday,121,RIGHT THROUGH,1,35297,2,0,0,1,1,2,1,1,Cross intersection,3,40,Arterial Other,30-39,Other injury,Bicyclists
T20160026891,12/13/2016,14:15:00,1,Collision with vehicle,3,Tuesday,163,VEHICLE STRIKES DOOR OF PARKED/STATIONARY VEHICLE,1,319725,3,0,0,1,2,3,1,5,Not at intersection,3,777,Local Road,26-29,Other injury,Bicyclists
T20160026906,12/13/2016,17:20:00,1,Collision with vehicle,3,Tuesday,121,RIGHT THROUGH,1,36545,2,0,0,1,1,2,2,1,Cross intersection,3,40,Local Road,30-39,Other injury,Bicyclists
T20160026916,12/13/2016,21:25:00,1,Collision with vehicle,2,Tuesday,160,VEHICLE COLLIDES WITH VEHICLE PARKED ON LEFT OF ROAD,3,319726,2,0,0,1,0,1,1,5,Not at intersection,3,50,Local Road,30-39,Other injury,Bicyclists
T20160026919,12/13/2016,17:15:00,1,Collision with vehicle,3,Tuesday,121,RIGHT THROUGH,1,35671,2,0,0,1,2,3,1,1,Cross intersection,3,60,Arterial Highway,13-15,Other injury,Bicyclists
T20160026940,12/2/2016,17:45:00,1,Collision with vehicle,6,Friday,147,VEHICLE STRIKES ANOTHER VEH WHILE EMERGING FROM DRIVEWAY,1,311831,2,0,1,0,0,1,2,2,T intersection,2,50,Local Road,40-49,Serious injury,Bicyclists
T20160026961,11/16/2016,16:15:00,1,Collision with vehicle,4,Wednesday,148,VEHICLE OFF FOOTPATH STRIKES VEH ON CARRIAGEWAY,9,38688,2,0,0,1,1,2,2,1,Cross intersection,3,50,Arterial Highway,13-15,Other injury,Bicyclists
T20160026973,8/14/2016,21:20:00,1,Collision with vehicle,0,Sunday,121,RIGHT THROUGH,6,29380,2,0,0,1,1,2,2,1,Cross intersection,3,50,Local Road,22-25,Other injury,Bicyclists
T20160026977,12/14/2016,6:30:00,1,Collision with vehicle,4,Wednesday,130,REAR END(VEHICLES IN SAME LANE),1,311853,3,0,2,0,1,3,1,5,Not at intersection,2,50,Local Road,50-59,Serious injury,Bicyclists
T20160026986,12/14/2016,13:45:00,1,Collision with vehicle,4,Wednesday,135,LANE CHANGE LEFT (NOT OVERTAKING),1,312670,2,0,0,1,0,1,2,5,Not at intersection,3,40,Local Road,18-21,Other injury,Bicyclists
T20160027013,12/15/2016,8:30:00,1,Collision with vehicle,5,Thursday,148,VEHICLE OFF FOOTPATH STRIKES VEH ON CARRIAGEWAY,1,49384,2,0,1,0,2,3,1,1,Cross intersection,2,60,Arterial Highway,45424,Serious injury,Bicyclists
T20160027062,12/13/2016,7:40:00,1,Collision with vehicle,3,Tuesday,149,OTHER MANOEUVRING NOT INCLUDED IN DCAs 140-148,1,311896,2,0,1,0,0,1,2,5,Not at intersection,2,50,Local Road,30-39,Serious injury,Bicyclists
T20160027066,12/15/2016,17:55:00,1,Collision with vehicle,5,Thursday,121,RIGHT THROUGH,1,36536,2,0,0,1,1,2,1,1,Cross intersection,3,40,Arterial Other,22-25,Other injury,Bicyclists
T20160027087,11/30/2016,13:50:00,8,No collision and no object struck,4,Wednesday,174,OUT OF CONTROL ON CARRIAGEWAY (ON STRAIGHT),1,311868,1,1,0,0,0,1,2,5,Not at intersection,1,60,Arterial Other,26-29,Fatality,Bicyclists
T20160027102,12/16/2016,9:15:00,1,Collision with vehicle,6,Friday,110,CROSS TRAFFIC(INTERSECTIONS ONLY),1,29772,2,0,1,0,1,2,1,1,Cross intersection,2,60,Arterial Other,30-39,Serious injury,Bicyclists
T20160027103,12/16/2016,8:33:00,1,Collision with vehicle,5,Friday,121,RIGHT THROUGH,1,29406,3,0,1,0,2,3,1,1,Cross intersection,2,50,Local Road,40-49,Serious injury,Bicyclists
T20160027108,12/16/2016,7:50:00,1,Collision with vehicle,5,Friday,133,LANE SIDE SWIPE (VEHICLES IN PARALLEL LANES),1,311899,2,0,1,0,1,2,1,5,Not at intersection,2,60,Arterial Other,65-69,Serious injury,Bicyclists
T20160027136,12/15/2016,23:09:00,1,Collision with vehicle,4,Thursday,133,LANE SIDE SWIPE (VEHICLES IN PARALLEL LANES),3,31,2,0,1,0,0,1,1,1,Cross intersection,2,70,Arterial Highway,40-49,Serious injury,Bicyclists
T20160027137,12/13/2016,6:35:00,1,Collision with vehicle,3,Tuesday,139,OTHER SAME DIRECTION-MANOUEVRES NOT INCLUDED IN DCAs 130-137,2,313089,2,0,0,1,0,1,2,5,Not at intersection,3,60,Arterial Other,30-39,Other injury,Bicyclists
T20160027144,12/16/2016,12:10:00,1,Collision with vehicle,6,Friday,137,LEFT TURN SIDESWIPE,1,277587,2,0,0,1,0,1,2,2,T intersection,3,999,Arterial Other,22-25,Other injury,Bicyclists
T20160027174,12/17/2016,6:15:00,1,Collision with vehicle,7,Saturday,133,LANE SIDE SWIPE (VEHICLES IN PARALLEL LANES),2,315041,2,0,1,0,0,1,1,5,Not at intersection,2,110,Freeway,50-59,Serious injury,Bicyclists
T20160027181,12/17/2016,10:30:00,1,Collision with vehicle,7,Saturday,160,VEHICLE COLLIDES WITH VEHICLE PARKED ON LEFT OF ROAD,1,335549,2,0,0,1,0,1,2,5,Not at intersection,3,50,Arterial Other,65-69,Other injury,Bicyclists
T20160027188,12/17/2016,6:45:00,1,Collision with vehicle,7,Saturday,133,LANE SIDE SWIPE (VEHICLES IN PARALLEL LANES),2,311990,2,0,1,0,1,2,1,5,Not at intersection,2,60,Uknown,40-49,Serious injury,Bicyclists
T20160027222,12/17/2016,19:50:00,1,Collision with vehicle,7,Saturday,148,VEHICLE OFF FOOTPATH STRIKES VEH ON CARRIAGEWAY,1,37564,2,0,0,1,1,2,1,1,Cross intersection,3,50,Arterial Other,45424,Other injury,Bicyclists
T20160027224,12/17/2016,17:20:00,1,Collision with vehicle,7,Saturday,110,CROSS TRAFFIC(INTERSECTIONS ONLY),1,45317,2,0,0,1,1,2,2,1,Cross intersection,3,50,Arterial Other,50-59,Other injury,Bicyclists
T20160027242,12/18/2016,8:30:00,1,Collision with vehicle,1,Sunday,130,REAR END(VEHICLES IN SAME LANE),1,313267,2,0,0,1,1,2,2,5,Not at intersection,3,60,Arterial Other,40-49,Other injury,Bicyclists
T20160027299,12/18/2016,9:10:00,1,Collision with vehicle,0,Sunday,137,LEFT TURN SIDESWIPE,1,400,2,0,0,1,1,2,2,1,Cross intersection,3,60,Arterial Other,30-39,Other injury,Bicyclists
T20160027337,12/19/2016,15:45:00,1,Collision with vehicle,1,Monday,110,CROSS TRAFFIC(INTERSECTIONS ONLY),1,29457,2,0,0,1,1,2,1,1,Cross intersection,3,60,Arterial Other,30-39,Other injury,Bicyclists
T20160027339,12/6/2016,9:40:00,8,No collision and no object struck,3,Tuesday,174,OUT OF CONTROL ON CARRIAGEWAY (ON STRAIGHT),1,312521,2,0,0,1,1,2,2,5,Not at intersection,3,60,Local Road,26-29,Other injury,Bicyclists
T20160027348,12/19/2016,19:27:00,1,Collision with vehicle,2,Monday,120,HEAD ON (NOT OVERTAKING),1,66062,2,0,0,1,1,2,1,2,T intersection,3,40,Arterial Other,30-39,Other injury,Bicyclists
T20160027408,11/23/2016,8:55:00,1,Collision with vehicle,4,Wednesday,147,VEHICLE STRIKES ANOTHER VEH WHILE EMERGING FROM DRIVEWAY,1,314591,2,0,0,1,1,2,2,5,Not at intersection,3,60,Arterial Highway,40-49,Other injury,Bicyclists
T20160027439,12/20/2016,16:20:00,1,Collision with vehicle,3,Tuesday,133,LANE SIDE SWIPE (VEHICLES IN PARALLEL LANES),1,312068,2,0,0,1,1,2,2,5,Not at intersection,3,60,Local Road,18-21,Other injury,Bicyclists
T20160027456,12/6/2016,16:00:00,1,Collision with vehicle,3,Tuesday,148,VEHICLE OFF FOOTPATH STRIKES VEH ON CARRIAGEWAY,1,49240,2,0,0,1,1,2,2,1,Cross intersection,3,60,Arterial Other,22-25,Other injury,Bicyclists
T20160027460,12/21/2016,7:30:00,1,Collision with vehicle,4,Wednesday,121,RIGHT THROUGH,1,406,2,0,1,0,1,2,1,1,Cross intersection,2,40,Arterial Other,22-25,Serious injury,Bicyclists
T20160027461,12/19/2016,9:00:00,1,Collision with vehicle,2,Monday,163,VEHICLE STRIKES DOOR OF PARKED/STATIONARY VEHICLE,1,312562,2,0,0,1,1,2,2,5,Not at intersection,3,999,Local Road,30-39,Other injury,Bicyclists
T20160027514,12/21/2016,18:55:00,1,Collision with vehicle,4,Wednesday,110,CROSS TRAFFIC(INTERSECTIONS ONLY),1,41180,2,0,0,1,1,2,1,1,Cross intersection,3,50,Local Road,Unknown,Other injury,Bicyclists
T20160027537,12/15/2016,17:30:00,1,Collision with vehicle,5,Thursday,163,VEHICLE STRIKES DOOR OF PARKED/STATIONARY VEHICLE,9,313709,2,0,0,1,2,3,2,5,Not at intersection,3,40,Local Road,26-29,Other injury,Bicyclists
T20160027547,12/22/2016,9:15:00,1,Collision with vehicle,5,Thursday,121,RIGHT THROUGH,1,118787,2,0,0,1,3,4,1,5,Not at intersection,3,40,Arterial Other,26-29,Other injury,Bicyclists
T20160027550,12/22/2016,10:40:00,1,Collision with vehicle,5,Thursday,110,CROSS TRAFFIC(INTERSECTIONS ONLY),1,59114,2,0,0,1,1,2,1,1,Cross intersection,3,60,Arterial Other,45424,Other injury,Bicyclists
T20160027567,12/22/2016,6:45:00,1,Collision with vehicle,5,Thursday,149,OTHER MANOEUVRING NOT INCLUDED IN DCAs 140-148,9,313142,2,0,0,1,1,2,2,2,T intersection,3,40,Local Road,30-39,Other injury,Bicyclists
T20160027601,12/22/2016,14:57:00,4,Collision with a fixed object,5,Thursday,173,RIGHT OFF CARRIAGEWAY INTO OBJECT/PARKED VEHICLE,1,675,2,0,0,1,0,1,1,1,Cross intersection,3,60,Arterial Other,70+,Other injury,Drivers
T20160027602,12/22/2016,9:00:00,8,No collision and no object struck,5,Thursday,174,OUT OF CONTROL ON CARRIAGEWAY (ON STRAIGHT),1,42231,2,0,0,1,0,1,2,2,T intersection,3,50,Local Road,50-59,Other injury,Bicyclists
T20160027633,11/25/2016,11:20:00,1,Collision with vehicle,6,Friday,111,RIGHT FAR (INTERSECTIONS ONLY),1,65681,3,0,0,2,1,3,2,2,T intersection,3,60,Local Road,13-15,Other injury,Bicyclists
T20160027647,9/19/2016,21:30:00,1,Collision with vehicle,1,Monday,132,RIGHT REAR.,3,36695,2,0,0,1,1,2,1,2,T intersection,3,40,Arterial Other,40-49,Other injury,Bicyclists
T20160027723,12/24/2016,9:44:00,1,Collision with vehicle,7,Saturday,113,RIGHT NEAR (INTERSECTIONS ONLY),1,57545,2,0,0,1,1,2,1,2,T intersection,3,60,Arterial Other,40-49,Other injury,Bicyclists
T20160027746,12/24/2016,18:12:00,1,Collision with vehicle,7,Saturday,113,RIGHT NEAR (INTERSECTIONS ONLY),1,262318,2,0,1,0,1,2,1,2,T intersection,2,100,Uknown,50-59,Serious injury,Bicyclists
T20160027846,12/26/2016,22:30:00,1,Collision with vehicle,1,Monday,110,CROSS TRAFFIC(INTERSECTIONS ONLY),3,1318,2,0,0,1,1,2,2,4,Multiple intersection,3,999,Arterial Other,18-21,Other injury,Bicyclists
T20160027902,12/27/2016,13:00:00,6,Vehicle overturned (no collision),3,Tuesday,174,OUT OF CONTROL ON CARRIAGEWAY (ON STRAIGHT),1,312349,2,0,0,1,0,1,2,5,Not at intersection,3,40,Local Road,30-39,Other injury,Bicyclists
T20160027920,12/27/2016,17:40:00,1,Collision with vehicle,3,Tuesday,110,CROSS TRAFFIC(INTERSECTIONS ONLY),1,51611,2,0,1,0,4,5,1,4,Multiple intersection,2,50,Local Road,30-39,Serious injury,Bicyclists
T20160027961,12/24/2016,7:45:00,1,Collision with vehicle,7,Saturday,116,LEFT NEAR (INTERSECTIONS ONLY),1,48175,2,0,0,1,1,2,2,2,T intersection,3,60,Local Road,50-59,Other injury,Bicyclists
T20160027977,11/27/2016,11:48:00,1,Collision with vehicle,1,Sunday,130,REAR END(VEHICLES IN SAME LANE),1,314717,4,0,0,1,4,5,2,1,Cross intersection,3,60,Uknown,50-59,Other injury,Bicyclists
T20160028001,12/28/2016,23:40:00,1,Collision with vehicle,4,Wednesday,140,U TURN,3,312305,2,0,0,1,2,3,1,5,Not at intersection,3,40,Local Road,22-25,Other injury,Bicyclists
T20160028006,12/29/2016,5:50:00,1,Collision with vehicle,5,Thursday,110,CROSS TRAFFIC(INTERSECTIONS ONLY),2,50723,2,0,1,0,1,2,1,1,Cross intersection,2,50,Local Road,40-49,Serious injury,Bicyclists
T20160028024,12/29/2016,16:30:00,6,Vehicle overturned (no collision),5,Thursday,174,OUT OF CONTROL ON CARRIAGEWAY (ON STRAIGHT),1,312393,1,0,0,1,0,1,1,5,Not at intersection,3,50,Local Road,13-15,Other injury,Bicyclists
T20160028029,12/29/2016,15:30:00,1,Collision with vehicle,4,Thursday,130,REAR END(VEHICLES IN SAME LANE),1,166,2,0,0,1,0,1,2,2,T intersection,3,50,Uknown,50-59,Other injury,Bicyclists
T20160028054,12/29/2016,22:00:00,1,Collision with vehicle,4,Thursday,160,VEHICLE COLLIDES WITH VEHICLE PARKED ON LEFT OF ROAD,3,312445,2,0,1,0,0,1,1,5,Not at intersection,2,70,Arterial Other,30-39,Serious injury,Bicyclists