ACCIDENT_NO,ACCIDENT_DATE,ACCIDENT_TIME,ACCIDENT_TYPE,ACCIDENT_TYPE_DESC,DAY_OF_WEEK,DAY_WEEK_DESC,DCA_CODE,DCA_DESC,LIGHT_CONDITION,NODE_ID,NO_OF_VEHICLES,NO_PERSONS_KILLED,NO_PERSONS_INJ_2,NO_PERSONS_INJ_3,NO_PERSONS_NOT_INJ,NO_PERSONS,POLICE_ATTEND,ROAD_GEOMETRY,ROAD_GEOMETRY_DESC,SEVERITY,SPEED_ZONE,RMA,AGE_GROUP,INJ_LEVEL,ROAD_USER_TYPE_DESC
T20160028059,12/30/2016,8:50:00,1,Collision with vehicle,6,Friday,110,CROSS TRAFFIC(INTERSECTIONS ONLY),1,17789,2,0,1,0,1,2,1,1,Cross intersection,2,100,Uknown,40-49,Serious injury,Bicyclists
T20160028060,12/30/2016,10:20:00,1,Collision with vehicle,6,Friday,120,HEAD ON (NOT OVERTAKING),1,312646,2,0,1,0,2,3,1,5,Not at intersection,2,60,Arterial Other,70+,Serious injury,Bicyclists
T20160028093,12/30/2016,8:45:00,1,Collision with vehicle,6,Friday,163,VEHICLE STRIKES DOOR OF PARKED/STATIONARY VEHICLE,1,390,2,0,0,1,2,3,2,1,Cross intersection,3,60,Arterial Other,30-39,Other injury,Bicyclists
T20160028097,12/21/2016,19:45:00,1,Collision with vehicle,3,Wednesday,110,CROSS TRAFFIC(INTERSECTIONS ONLY),1,65784,2,0,0,1,1,2,2,1,Cross intersection,3,40,Local Road,40-49,Other injury,Bicyclists
T20160028123,12/30/2016,12:30:00,1,Collision with vehicle,6,Friday,121,RIGHT THROUGH,1,312404,2,0,1,0,1,2,1,5,Not at intersection,2,50,Arterial Other,40-49,Serious injury,Bicyclists
T20170000014,12/31/2016,11:30:00,8,No collision and no object struck,7,Saturday,174,OUT OF CONTROL ON CARRIAGEWAY (ON STRAIGHT),1,313666,2,0,0,1,1,2,2,5,Not at intersection,3,50,Local Road,70+,Other injury,Bicyclists
T20170000055,1/1/2017,19:00:00,1,Collision with vehicle,0,Sunday,130,REAR END(VEHICLES IN SAME LANE),1,317887,2,0,0,1,0,1,2,5,Not at intersection,3,60,Local Road,40-49,Other injury,Bicyclists
T20170000066,12/26/2016,11:00:00,8,No collision and no object struck,2,Monday,174,OUT OF CONTROL ON CARRIAGEWAY (ON STRAIGHT),1,43436,2,0,1,0,1,2,2,2,T intersection,2,60,Arterial Highway,30-39,Serious injury,Bicyclists
T20170000067,12/14/2016,17:15:00,1,Collision with vehicle,3,Wednesday,121,RIGHT THROUGH,1,45631,2,0,0,1,1,2,2,2,T intersection,3,50,Local Road,40-49,Other injury,Bicyclists
T20170000071,1/2/2017,16:10:00,1,Collision with vehicle,2,Monday,148,VEHICLE OFF FOOTPATH STRIKES VEH ON CARRIAGEWAY,1,315900,2,0,0,1,1,2,1,5,Not at intersection,3,40,Local Road,40-49,Other injury,Bicyclists
T20170000074,1/2/2017,15:20:00,1,Collision with vehicle,2,Monday,147,VEHICLE STRIKES ANOTHER VEH WHILE EMERGING FROM DRIVEWAY,1,312845,2,0,0,1,1,2,2,5,Not at intersection,3,888,Arterial Highway,30-39,Other injury,Bicyclists
T20170000089,1/2/2017,14:30:00,1,Collision with vehicle,2,Monday,135,LANE CHANGE LEFT (NOT OVERTAKING),1,56670,2,0,0,1,1,2,2,4,Multiple intersection,3,999,Arterial Other,60-64,Other injury,Bicyclists
T20170000090,1/3/2017,7:20:00,1,Collision with vehicle,2,Tuesday,113,RIGHT NEAR (INTERSECTIONS ONLY),1,51383,2,0,0,1,1,2,1,2,T intersection,3,60,Arterial Other,40-49,Other injury,Bicyclists
T20170000096,1/3/2017,9:00:00,1,Collision with vehicle,3,Tuesday,130,REAR END(VEHICLES IN SAME LANE),1,37954,2,0,0,1,1,2,2,1,Cross intersection,3,50,Local Road,30-39,Other injury,Bicyclists
T20170000129,1/3/2017,16:50:00,1,Collision with vehicle,2,Tuesday,110,CROSS TRAFFIC(INTERSECTIONS ONLY),1,42300,2,0,0,1,1,2,1,1,Cross intersection,3,50,Local Road,Unknown,Other injury,Bicyclists
T20170000132,1/3/2017,21:30:00,1,Collision with vehicle,3,Tuesday,130,REAR END(VEHICLES IN SAME LANE),3,51639,2,0,0,1,0,1,2,1,Cross intersection,3,888,Arterial Other,30-39,Other injury,Bicyclists
T20170000146,1/4/2017,9:45:00,1,Collision with vehicle,4,Wednesday,130,REAR END(VEHICLES IN SAME LANE),1,314272,2,0,1,1,0,2,1,5,Not at intersection,2,60,Arterial Other,40-49,Serious injury,Bicyclists
T20170000155,1/4/2017,8:00:00,1,Collision with vehicle,4,Wednesday,137,LEFT TURN SIDESWIPE,1,227971,2,0,0,1,0,1,1,2,T intersection,3,40,Arterial Other,22-25,Other injury,Bicyclists
T20170000157,1/4/2017,12:22:00,1,Collision with vehicle,4,Wednesday,142,LEAVING PARKING,1,313330,2,0,0,1,2,3,1,5,Not at intersection,3,40,Arterial Other,16-17,Other injury,Bicyclists
T20170000289,1/6/2017,7:50:00,1,Collision with vehicle,6,Friday,143,ENTERING PARKING,1,312753,2,0,1,0,1,2,1,5,Not at intersection,2,40,Arterial Other,26-29,Serious injury,Bicyclists
T20170000296,1/6/2017,8:10:00,8,No collision and no object struck,6,Friday,179,OTHER ACCIDENTS-OFF STRAIGHT NOT INCLUDED IN DCAs 170-175,1,312691,2,0,0,1,1,2,2,5,Not at intersection,3,999,Arterial Other,50-59,Other injury,Bicyclists
T20170000301,1/6/2017,14:35:00,1,Collision with vehicle,5,Friday,148,VEHICLE OFF FOOTPATH STRIKES VEH ON CARRIAGEWAY,1,44046,2,0,0,1,1,2,1,1,Cross intersection,3,50,Local Road,45424,Other injury,Bicyclists
T20170000312,1/6/2017,17:45:00,1,Collision with vehicle,6,Friday,129,OTHER OPPOSING MANOEUVRES NOT INCLUDED IN DCAs 120-125.,1,312915,2,0,1,0,1,2,2,5,Not at intersection,2,60,Uknown,40-49,Serious injury,Bicyclists
T20170000327,1/4/2017,8:06:00,1,Collision with vehicle,4,Wednesday,137,LEFT TURN SIDESWIPE,1,312669,2,0,0,1,1,2,1,5,Not at intersection,3,60,Local Road,30-39,Other injury,Bicyclists
T20170000334,1/4/2017,18:54:00,1,Collision with vehicle,4,Wednesday,110,CROSS TRAFFIC(INTERSECTIONS ONLY),1,52463,2,0,0,1,1,2,1,1,Cross intersection,3,50,Local Road,50-59,Other injury,Bicyclists
T20170000419,1/8/2017,19:15:00,1,Collision with vehicle,1,Sunday,148,VEHICLE OFF FOOTPATH STRIKES VEH ON CARRIAGEWAY,1,72373,2,0,0,1,1,2,1,2,T intersection,3,50,Arterial Other,18-21,Other injury,Bicyclists
T20170000432,1/8/2017,10:50:00,1,Collision with vehicle,0,Sunday,163,VEHICLE STRIKES DOOR OF PARKED/STATIONARY VEHICLE,1,312851,2,0,0,1,1,2,2,5,Not at intersection,3,40,Local Road,30-39,Other injury,Bicyclists
T20170000434,1/9/2017,8:18:00,1,Collision with vehicle,1,Monday,163,VEHICLE STRIKES DOOR OF PARKED/STATIONARY VEHICLE,1,312772,2,0,1,0,1,2,1,5,Not at intersection,2,40,Uknown,40-49,Serious injury,Bicyclists
T20170000451,1/9/2017,13:00:00,1,Collision with vehicle,2,Monday,136,RIGHT TURN SIDESWIPE,1,35714,2,0,0,1,1,2,1,1,Cross intersection,3,60,Arterial Other,18-21,Other injury,Bicyclists
T20170000462,1/9/2017,18:00:00,1,Collision with vehicle,1,Monday,121,RIGHT THROUGH,1,275196,2,0,0,1,1,2,1,2,T intersection,3,50,Local Road,26-29,Other injury,Bicyclists
T20170000509,1/9/2017,8:48:00,1,Collision with vehicle,2,Monday,139,OTHER SAME DIRECTION-MANOUEVRES NOT INCLUDED IN DCAs 130-137,1,313724,3,0,1,1,1,3,1,5,Not at intersection,2,60,Arterial Other,30-39,Other injury,Bicyclists
T20170000522,1/10/2017,18:16:00,1,Collision with vehicle,3,Tuesday,139,OTHER SAME DIRECTION-MANOUEVRES NOT INCLUDED IN DCAs 130-137,1,313010,2,0,0,1,0,1,1,5,Not at intersection,3,60,Arterial Other,40-49,Other injury,Bicyclists
T20170000544,1/9/2017,4:05:00,1,Collision with vehicle,2,Monday,113,RIGHT NEAR (INTERSECTIONS ONLY),9,30323,2,0,1,0,1,2,2,1,Cross intersection,2,80,Uknown,40-49,Serious injury,Bicyclists
T20170000553,1/11/2017,7:30:00,1,Collision with vehicle,4,Wednesday,137,LEFT TURN SIDESWIPE,1,313065,2,0,1,0,1,2,1,5,Not at intersection,2,60,Local Road,30-39,Serious injury,Bicyclists
T20170000554,1/11/2017,7:40:00,1,Collision with vehicle,4,Wednesday,110,CROSS TRAFFIC(INTERSECTIONS ONLY),1,29361,2,0,0,1,1,2,1,1,Cross intersection,3,50,Local Road,30-39,Other injury,Bicyclists
T20170000555,1/11/2017,8:20:00,1,Collision with vehicle,3,Wednesday,121,RIGHT THROUGH,1,313071,2,0,1,0,1,2,1,5,Not at intersection,2,40,Local Road,40-49,Serious injury,Bicyclists
T20170000591,1/11/2017,16:30:00,1,Collision with vehicle,3,Wednesday,121,RIGHT THROUGH,1,42035,2,0,0,1,1,2,2,2,T intersection,3,60,Uknown,22-25,Other injury,Bicyclists
T20170000618,1/11/2017,17:05:00,1,Collision with vehicle,4,Wednesday,113,RIGHT NEAR (INTERSECTIONS ONLY),1,56903,2,0,1,0,1,2,1,2,T intersection,2,60,Uknown,40-49,Serious injury,Bicyclists
T20170000650,1/10/2017,12:30:00,1,Collision with vehicle,2,Tuesday,147,VEHICLE STRIKES ANOTHER VEH WHILE EMERGING FROM DRIVEWAY,1,314250,2,0,0,1,1,2,2,5,Not at intersection,3,40,Local Road,26-29,Other injury,Bicyclists
T20170000671,1/12/2017,17:56:00,1,Collision with vehicle,5,Thursday,137,LEFT TURN SIDESWIPE,1,277272,2,0,1,0,1,2,1,5,Not at intersection,2,60,Freeway,40-49,Serious injury,Bicyclists
T20170000677,1/12/2017,19:00:00,1,Collision with vehicle,5,Thursday,154,PULLING OUT -REAR END,1,313533,3,0,1,0,2,3,1,5,Not at intersection,2,60,Arterial Other,22-25,Serious injury,Bicyclists
T20170000685,1/12/2017,4:18:00,1,Collision with vehicle,4,Thursday,110,CROSS TRAFFIC(INTERSECTIONS ONLY),2,776882,2,0,0,1,1,2,1,1,Cross intersection,3,60,Arterial Other,30-39,Other injury,Bicyclists
T20170000698,1/9/2017,19:05:00,3,Struck animal,2,Monday,167,STRUCK ANIMAL,1,314105,1,0,0,1,0,1,1,2,T intersection,3,40,Local Road,50-59,Other injury,Bicyclists
T20170000726,1/12/2017,7:10:00,1,Collision with vehicle,5,Thursday,130,REAR END(VEHICLES IN SAME LANE),1,313420,2,0,1,0,1,2,1,1,Cross intersection,2,80,Arterial Highway,40-49,Serious injury,Bicyclists
T20170000794,1/14/2017,8:00:00,2,Struck Pedestrian,7,Saturday,102,FAR SIDE. PED HIT BY VEHICLE FROM THE LEFT,1,207245,1,0,1,0,1,2,1,5,Not at intersection,2,60,Arterial Other,30-39,Not injured,Bicyclists
T20170000796,1/14/2017,9:25:00,1,Collision with vehicle,7,Saturday,130,REAR END(VEHICLES IN SAME LANE),1,42809,2,0,0,1,0,1,1,2,T intersection,3,60,Arterial Other,50-59,Other injury,Bicyclists
T20170000802,1/5/2017,12:00:00,4,Collision with a fixed object,5,Thursday,171,LEFT OFF CARRIAGEWAY INTO OBJECT/PARKED VEHICLE,1,313218,2,0,0,1,1,2,2,5,Not at intersection,3,999,Arterial Highway,50-59,Other injury,Bicyclists
T20170000811,1/14/2017,7:56:00,1,Collision with vehicle,7,Saturday,139,OTHER SAME DIRECTION-MANOUEVRES NOT INCLUDED IN DCAs 130-137,1,313685,3,0,0,3,0,3,2,5,Not at intersection,3,999,Local Road,40-49,Other injury,Bicyclists
T20170000849,1/14/2017,19:15:00,1,Collision with vehicle,7,Saturday,133,LANE SIDE SWIPE (VEHICLES IN PARALLEL LANES),1,312979,2,0,1,0,0,1,2,5,Not at intersection,2,60,Local Road,40-49,Serious injury,Bicyclists
T20170000868,1/15/2017,13:40:00,1,Collision with vehicle,1,Sunday,110,CROSS TRAFFIC(INTERSECTIONS ONLY),1,36963,2,0,1,0,1,2,1,1,Cross intersection,2,50,Local Road,30-39,Serious injury,Bicyclists
T20170000876,1/15/2017,14:30:00,1,Collision with vehicle,1,Sunday,139,OTHER SAME DIRECTION-MANOUEVRES NOT INCLUDED IN DCAs 130-137,1,291311,2,0,0,1,2,3,2,1,Cross intersection,3,999,Arterial Highway,50-59,Other injury,Bicyclists
T20170000879,1/15/2017,11:50:00,6,Vehicle overturned (no collision),1,Sunday,174,OUT OF CONTROL ON CARRIAGEWAY (ON STRAIGHT),1,313560,2,0,0,1,1,2,2,5,Not at intersection,3,60,Arterial Highway,40-49,Other injury,Bicyclists
T20170000888,1/13/2017,23:00:00,8,No collision and no object struck,5,Friday,174,OUT OF CONTROL ON CARRIAGEWAY (ON STRAIGHT),9,35492,2,0,1,0,1,2,2,2,T intersection,2,60,Local Road,18-21,Serious injury,Bicyclists
T20170000909,1/16/2017,7:20:00,1,Collision with vehicle,1,Monday,121,RIGHT THROUGH,1,41273,2,0,1,0,1,2,1,2,T intersection,2,60,Arterial Other,40-49,Serious injury,Bicyclists
T20170000915,1/16/2017,8:15:00,1,Collision with vehicle,2,Monday,137,LEFT TURN SIDESWIPE,1,282306,2,0,1,0,0,1,1,2,T intersection,2,60,Arterial Other,30-39,Serious injury,Bicyclists
T20170000955,1/16/2017,16:10:00,1,Collision with vehicle,2,Monday,148,VEHICLE OFF FOOTPATH STRIKES VEH ON CARRIAGEWAY,1,312980,2,0,0,1,1,2,1,2,T intersection,3,50,Local Road,45424,Other injury,Bicyclists
T20170001002,1/17/2017,13:00:00,1,Collision with vehicle,3,Tuesday,121,RIGHT THROUGH,1,37921,2,0,0,1,1,2,1,2,T intersection,3,60,Arterial Highway,30-39,Other injury,Bicyclists
T20170001023,1/17/2017,11:45:00,1,Collision with vehicle,3,Tuesday,133,LANE SIDE SWIPE (VEHICLES IN PARALLEL LANES),1,313097,2,0,0,1,0,1,2,5,Not at intersection,3,60,Local Road,13-15,Other injury,Bicyclists
T20170001047,1/18/2017,8:40:00,1,Collision with vehicle,4,Wednesday,135,LANE CHANGE LEFT (NOT OVERTAKING),1,313365,2,0,0,1,1,2,1,5,Not at intersection,3,60,Arterial Other,22-25,Other injury,Bicyclists
T20170001056,1/18/2017,7:15:00,1,Collision with vehicle,4,Wednesday,130,REAR END(VEHICLES IN SAME LANE),1,313372,2,0,1,0,1,2,1,5,Not at intersection,2,100,Local Road,40-49,Serious injury,Bicyclists
T20170001078,11/19/2016,9:00:00,1,Collision with vehicle,7,Saturday,121,RIGHT THROUGH,1,757,2,0,0,1,1,2,2,2,T intersection,3,60,Arterial Other,26-29,Other injury,Bicyclists
T20170001086,1/15/2017,12:35:00,1,Collision with vehicle,0,Sunday,163,VEHICLE STRIKES DOOR OF PARKED/STATIONARY VEHICLE,1,319546,2,0,0,1,2,3,2,5,Not at intersection,3,40,Local Road,30-39,Other injury,Bicyclists
T20170001099,1/18/2017,15:30:00,2,Struck Pedestrian,4,Wednesday,100,PED NEAR SIDE. PED HIT BY VEHICLE FROM THE RIGHT.,1,36504,1,0,0,2,0,2,1,2,T intersection,3,40,Local Road,26-29,Other injury,Bicyclists
T20170001143,1/19/2017,6:38:00,1,Collision with vehicle,5,Thursday,116,LEFT NEAR (INTERSECTIONS ONLY),2,37226,2,0,0,1,1,2,2,2,T intersection,3,40,Local Road,30-39,Other injury,Bicyclists
T20170001145,1/19/2017,8:05:00,1,Collision with vehicle,5,Thursday,133,LANE SIDE SWIPE (VEHICLES IN PARALLEL LANES),1,239896,2,0,0,2,0,2,2,5,Not at intersection,3,60,Arterial Other,40-49,Other injury,Bicyclists
T20170001165,1/17/2017,17:45:00,1,Collision with vehicle,3,Tuesday,111,RIGHT FAR (INTERSECTIONS ONLY),1,315939,2,0,0,1,1,2,2,2,T intersection,3,50,Local Road,40-49,Other injury,Bicyclists
T20170001178,1/19/2017,8:25:00,8,No collision and no object struck,4,Thursday,174,OUT OF CONTROL ON CARRIAGEWAY (ON STRAIGHT),1,331442,2,0,0,1,1,2,2,2,T intersection,3,60,Arterial Other,50-59,Other injury,Bicyclists
T20170001186,1/19/2017,16:15:00,1,Collision with vehicle,5,Thursday,133,LANE SIDE SWIPE (VEHICLES IN PARALLEL LANES),1,313175,2,0,0,1,2,3,1,5,Not at intersection,3,80,Arterial Other,40-49,Other injury,Bicyclists
T20170001216,1/20/2017,7:55:00,1,Collision with vehicle,6,Friday,121,RIGHT THROUGH,1,35365,2,0,0,1,1,2,1,1,Cross intersection,3,40,Local Road,60-64,Other injury,Bicyclists
T20170001217,1/20/2017,9:52:00,1,Collision with vehicle,6,Friday,113,RIGHT NEAR (INTERSECTIONS ONLY),1,484,2,0,1,0,1,2,1,1,Cross intersection,2,60,Arterial Other,22-25,Serious injury,Bicyclists
T20170001226,1/20/2017,8:40:00,6,Vehicle overturned (no collision),6,Friday,174,OUT OF CONTROL ON CARRIAGEWAY (ON STRAIGHT),1,313174,2,0,1,0,0,1,1,5,Not at intersection,2,40,Arterial Other,22-25,Serious injury,Bicyclists
T20170001254,1/17/2017,17:29:00,1,Collision with vehicle,3,Tuesday,110,CROSS TRAFFIC(INTERSECTIONS ONLY),1,55983,2,0,1,0,1,2,1,1,Cross intersection,2,50,Local Road,30-39,Serious injury,Bicyclists
T20170001291,1/11/2017,16:00:00,1,Collision with vehicle,4,Wednesday,163,VEHICLE STRIKES DOOR OF PARKED/STATIONARY VEHICLE,1,313156,2,0,0,1,1,2,2,1,Cross intersection,3,50,Local Road,22-25,Other injury,Bicyclists
T20170001302,1/18/2017,11:00:00,6,Vehicle overturned (no collision),4,Wednesday,174,OUT OF CONTROL ON CARRIAGEWAY (ON STRAIGHT),9,35456,2,0,1,0,0,1,2,1,Cross intersection,2,50,Arterial Other,50-59,Serious injury,Bicyclists
T20170001329,1/22/2017,12:40:00,1,Collision with vehicle,1,Sunday,143,ENTERING PARKING,1,313206,3,0,1,0,1,2,1,2,T intersection,2,60,Arterial Other,22-25,Serious injury,Bicyclists
T20170001335,1/22/2017,13:51:00,2,Struck Pedestrian,1,Sunday,100,PED NEAR SIDE. PED HIT BY VEHICLE FROM THE RIGHT.,1,43347,1,0,1,3,0,4,1,2,T intersection,2,60,Arterial Highway,60-64,Serious injury,Bicyclists
T20170001374,1/23/2017,8:20:00,1,Collision with vehicle,2,Monday,116,LEFT NEAR (INTERSECTIONS ONLY),1,66708,2,0,0,1,1,2,1,1,Cross intersection,3,60,Local Road,50-59,Other injury,Bicyclists
T20170001384,1/16/2017,9:10:00,1,Collision with vehicle,2,Monday,163,VEHICLE STRIKES DOOR OF PARKED/STATIONARY VEHICLE,1,36044,2,0,0,1,1,2,2,1,Cross intersection,3,999,Local Road,30-39,Other injury,Bicyclists
T20170001389,1/23/2017,12:15:00,1,Collision with vehicle,1,Monday,135,LANE CHANGE LEFT (NOT OVERTAKING),1,42015,2,0,1,0,0,1,1,2,T intersection,2,60,Arterial Other,40-49,Serious injury,Bicyclists
T20170001412,1/21/2017,11:30:00,8,No collision and no object struck,7,Saturday,170,OFF CARRIAGEWAY TO LEFT,1,315884,2,0,1,0,0,1,2,2,T intersection,2,999,Local Road,40-49,Serious injury,Bicyclists
T20170001461,1/24/2017,6:05:00,1,Collision with vehicle,3,Tuesday,116,LEFT NEAR (INTERSECTIONS ONLY),2,69075,2,0,0,1,1,2,1,2,T intersection,3,60,Local Road,50-59,Other injury,Bicyclists
T20170001489,1/18/2017,8:10:00,1,Collision with vehicle,4,Wednesday,121,RIGHT THROUGH,1,38079,2,0,0,1,1,2,2,1,Cross intersection,3,60,Arterial Other,50-59,Other injury,Bicyclists
T20170001492,1/24/2017,19:10:00,1,Collision with vehicle,3,Tuesday,121,RIGHT THROUGH,1,314762,2,0,0,1,1,2,1,5,Not at intersection,3,60,Arterial Other,22-25,Other injury,Bicyclists
T20170001523,1/18/2017,21:00:00,1,Collision with vehicle,4,Wednesday,148,VEHICLE OFF FOOTPATH STRIKES VEH ON CARRIAGEWAY,3,314669,2,0,1,0,1,2,1,5,Not at intersection,2,80,Arterial Highway,16-17,Serious injury,Bicyclists
T20170001526,1/25/2017,13:01:00,8,No collision and no object struck,4,Wednesday,174,OUT OF CONTROL ON CARRIAGEWAY (ON STRAIGHT),1,29887,2,0,0,1,0,1,2,4,Multiple intersection,3,60,Arterial Highway,26-29,Other injury,Bicyclists
T20170001566,1/25/2017,19:30:00,1,Collision with vehicle,3,Wednesday,121,RIGHT THROUGH,2,46753,2,0,0,1,1,2,1,2,T intersection,3,60,Local Road,40-49,Other injury,Bicyclists
T20170001594,1/26/2017,8:55:00,1,Collision with vehicle,5,Thursday,119,OTHER ADJACENT (INTERSECTIONS ONLY),1,29833,2,0,1,0,1,2,1,2,T intersection,2,60,Arterial Other,18-21,Serious injury,Bicyclists
T20170001658,1/27/2017,8:40:00,1,Collision with vehicle,6,Friday,111,RIGHT FAR (INTERSECTIONS ONLY),1,313388,2,0,1,0,1,2,1,4,Multiple intersection,2,60,Local Road,60-64,Serious injury,Bicyclists
T20170001668,1/27/2017,9:35:00,1,Collision with vehicle,6,Friday,121,RIGHT THROUGH,1,35535,2,0,1,0,1,2,1,1,Cross intersection,2,60,Local Road,30-39,Serious injury,Bicyclists
T20170001672,1/27/2017,11:10:00,1,Collision with vehicle,5,Friday,133,LANE SIDE SWIPE (VEHICLES IN PARALLEL LANES),1,313485,2,0,0,1,1,2,1,5,Not at intersection,3,60,Arterial Other,70+,Other injury,Bicyclists
T20170001683,1/27/2017,9:00:00,1,Collision with vehicle,5,Friday,110,CROSS TRAFFIC(INTERSECTIONS ONLY),1,37556,2,0,0,1,1,2,1,1,Cross intersection,3,60,Local Road,30-39,Other injury,Bicyclists
T20170001714,1/27/2017,17:30:00,1,Collision with vehicle,6,Friday,147,VEHICLE STRIKES ANOTHER VEH WHILE EMERGING FROM DRIVEWAY,1,314630,2,0,1,0,1,2,1,5,Not at intersection,2,60,Arterial Other,30-39,Serious injury,Bicyclists
T20170001734,1/28/2017,6:20:00,1,Collision with vehicle,7,Saturday,130,REAR END(VEHICLES IN SAME LANE),2,313901,2,0,0,1,1,2,2,5,Not at intersection,3,70,Arterial Other,40-49,Other injury,Bicyclists
T20170001735,1/26/2017,12:55:00,1,Collision with vehicle,5,Thursday,121,RIGHT THROUGH,1,57777,2,0,0,1,2,3,1,2,T intersection,3,60,Local Road,30-39,Other injury,Bicyclists
T20170001738,1/28/2017,6:40:00,1,Collision with vehicle,7,Saturday,113,RIGHT NEAR (INTERSECTIONS ONLY),1,39541,2,0,1,0,1,2,1,2,T intersection,2,60,Arterial Other,40-49,Serious injury,Bicyclists
T20170001765,1/28/2017,14:30:00,1,Collision with vehicle,6,Saturday,163,VEHICLE STRIKES DOOR OF PARKED/STATIONARY VEHICLE,1,37708,2,0,0,1,0,1,2,2,T intersection,3,40,Local Road,30-39,Other injury,Bicyclists
T20170001779,1/29/2017,7:35:00,1,Collision with vehicle,1,Sunday,110,CROSS TRAFFIC(INTERSECTIONS ONLY),2,52507,2,0,0,1,2,3,1,1,Cross intersection,3,60,Arterial Other,30-39,Other injury,Bicyclists
T20170001787,1/29/2017,8:20:00,1,Collision with vehicle,1,Sunday,160,VEHICLE COLLIDES WITH VEHICLE PARKED ON LEFT OF ROAD,1,313532,2,0,1,0,0,1,1,5,Not at intersection,2,60,Arterial Other,30-39,Serious injury,Bicyclists
T20170001793,1/29/2017,13:50:00,1,Collision with vehicle,1,Sunday,143,ENTERING PARKING,1,81852,2,0,0,1,1,2,2,5,Not at intersection,3,40,Local Road,40-49,Other injury,Bicyclists
T20170001795,1/29/2017,11:50:00,1,Collision with vehicle,1,Sunday,110,CROSS TRAFFIC(INTERSECTIONS ONLY),1,47426,2,0,0,1,2,3,1,1,Cross intersection,3,50,Arterial Highway,30-39,Other injury,Bicyclists
T20170001823,1/29/2017,20:52:00,8,No collision and no object struck,1,Sunday,174,OUT OF CONTROL ON CARRIAGEWAY (ON STRAIGHT),2,36990,1,0,0,1,0,1,1,1,Cross intersection,3,40,Local Road,40-49,Other injury,Bicyclists
T20170001842,1/30/2017,10:00:00,1,Collision with vehicle,2,Monday,150,HEAD ON(OVERTAKING),1,313455,2,0,0,1,1,2,1,5,Not at intersection,3,50,Local Road,45424,Other injury,Bicyclists
T20170001865,1/30/2017,5:45:00,8,No collision and no object struck,2,Monday,170,OFF CARRIAGEWAY TO LEFT,9,313482,2,0,0,1,0,1,2,5,Not at intersection,3,999,Arterial Other,30-39,Other injury,Bicyclists
T20170001876,1/30/2017,17:01:00,1,Collision with vehicle,2,Monday,133,LANE SIDE SWIPE (VEHICLES IN PARALLEL LANES),1,316438,2,0,0,1,0,1,1,1,Cross intersection,3,50,Local Road,13-15,Other injury,Bicyclists
T20170001877,1/30/2017,15:15:00,1,Collision with vehicle,1,Monday,116,LEFT NEAR (INTERSECTIONS ONLY),1,38635,2,0,0,1,1,2,1,2,T intersection,3,50,Local Road,30-39,Other injury,Bicyclists
T20170001890,1/30/2017,7:25:00,1,Collision with vehicle,1,Monday,137,LEFT TURN SIDESWIPE,1,65670,2,0,0,1,1,2,2,1,Cross intersection,3,50,Local Road,60-64,Other injury,Bicyclists
T20170001895,1/23/2017,9:00:00,1,Collision with vehicle,1,Monday,139,OTHER SAME DIRECTION-MANOUEVRES NOT INCLUDED IN DCAs 130-137,1,313481,2,0,0,1,0,1,2,5,Not at intersection,3,40,Local Road,30-39,Other injury,Bicyclists
T20170001919,1/25/2017,10:30:00,1,Collision with vehicle,4,Wednesday,163,VEHICLE STRIKES DOOR OF PARKED/STATIONARY VEHICLE,1,313503,2,0,0,1,1,2,2,5,Not at intersection,3,40,Local Road,26-29,Other injury,Bicyclists
T20170001922,1/31/2017,8:00:00,1,Collision with vehicle,3,Tuesday,121,RIGHT THROUGH,1,47714,2,0,1,0,1,2,2,2,T intersection,2,999,Arterial Highway,40-49,Serious injury,Bicyclists
T20170001942,1/31/2017,10:00:00,1,Collision with vehicle,3,Tuesday,116,LEFT NEAR (INTERSECTIONS ONLY),1,1057,2,0,0,1,1,2,9,2,T intersection,3,999,Arterial Highway,50-59,Other injury,Bicyclists
T20170001974,2/1/2017,8:00:00,1,Collision with vehicle,4,Wednesday,110,CROSS TRAFFIC(INTERSECTIONS ONLY),1,42037,3,0,2,0,1,3,1,1,Cross intersection,2,60,Local Road,40-49,Serious injury,Bicyclists
T20170001978,2/1/2017,7:05:00,1,Collision with vehicle,4,Wednesday,116,LEFT NEAR (INTERSECTIONS ONLY),1,57546,2,0,1,0,1,2,1,2,T intersection,2,80,Arterial Highway,60-64,Serious injury,Bicyclists
T20170001990,2/1/2017,7:28:00,1,Collision with vehicle,4,Wednesday,110,CROSS TRAFFIC(INTERSECTIONS ONLY),1,50697,2,0,0,1,1,2,1,1,Cross intersection,3,50,Local Road,30-39,Other injury,Bicyclists
T20170001998,1/30/2017,15:20:00,1,Collision with vehicle,2,Monday,121,RIGHT THROUGH,1,754,2,0,0,1,1,2,2,2,T intersection,3,60,Arterial Other,26-29,Other injury,Bicyclists
T20170002020,2/1/2017,16:40:00,1,Collision with vehicle,3,Wednesday,135,LANE CHANGE LEFT (NOT OVERTAKING),1,305979,2,0,0,1,1,2,2,2,T intersection,3,60,Arterial Other,50-59,Other injury,Bicyclists
T20170002063,2/2/2017,9:15:00,1,Collision with vehicle,4,Thursday,121,RIGHT THROUGH,1,36379,2,0,1,0,1,2,1,2,T intersection,2,40,Local Road,40-49,Serious injury,Bicyclists