ACCIDENT_NO,ACCIDENT_DATE,ACCIDENT_TIME,ACCIDENT_TYPE,ACCIDENT_TYPE_DESC,DAY_OF_WEEK,DAY_WEEK_DESC,DCA_CODE,DCA_DESC,LIGHT_CONDITION,NODE_ID,NO_OF_VEHICLES,NO_PERSONS_KILLED,NO_PERSONS_INJ_2,NO_PERSONS_INJ_3,NO_PERSONS_NOT_INJ,NO_PERSONS,POLICE_ATTEND,ROAD_GEOMETRY,ROAD_GEOMETRY_DESC,SEVERITY,SPEED_ZONE,RMA,AGE_GROUP,INJ_LEVEL,ROAD_USER_TYPE_DESC
T20170002064,2/2/2017,11:07:00,1,Collision with vehicle,5,Thursday,148,VEHICLE OFF FOOTPATH STRIKES VEH ON CARRIAGEWAY,1,40499,2,0,0,1,1,2,1,2,T intersection,3,60,Arterial Highway,65-69,Other injury,Bicyclists
T20170002065,1/28/2017,7:45:00,1,Collision with vehicle,7,Saturday,139,OTHER SAME DIRECTION-MANOUEVRES NOT INCLUDED IN DCAs 130-137,1,43130,2,0,0,1,1,2,2,1,Cross intersection,3,50,Local Road,70+,Other injury,Bicyclists
T20170002093,2/2/2017,18:05:00,1,Collision with vehicle,5,Thursday,147,VEHICLE STRIKES ANOTHER VEH WHILE EMERGING FROM DRIVEWAY,1,313633,2,0,0,1,1,2,2,5,Not at intersection,3,999,Arterial Other,26-29,Other injury,Bicyclists
T20170002118,2/3/2017,8:40:00,1,Collision with vehicle,6,Friday,163,VEHICLE STRIKES DOOR OF PARKED/STATIONARY VEHICLE,1,150298,3,0,1,0,4,5,1,5,Not at intersection,2,40,Local Road,50-59,Serious injury,Bicyclists
T20170002136,4/18/2016,16:45:00,1,Collision with vehicle,1,Monday,148,VEHICLE OFF FOOTPATH STRIKES VEH ON CARRIAGEWAY,1,358548,2,0,0,1,1,2,1,5,Not at intersection,3,50,Local Road,45424,Other injury,Bicyclists
T20170002148,2/2/2017,8:00:00,1,Collision with vehicle,5,Thursday,111,RIGHT FAR (INTERSECTIONS ONLY),1,57599,2,0,0,1,1,2,2,2,T intersection,3,60,Arterial Other,30-39,Other injury,Bicyclists
T20170002151,2/3/2017,8:00:00,1,Collision with vehicle,6,Friday,121,RIGHT THROUGH,1,45572,2,0,1,0,1,2,2,2,T intersection,2,40,Uknown,50-59,Serious injury,Bicyclists
T20170002159,2/3/2017,18:05:00,1,Collision with vehicle,6,Friday,121,RIGHT THROUGH,1,29405,2,0,0,1,0,1,1,1,Cross intersection,3,40,Local Road,22-25,Other injury,Bicyclists
T20170002162,2/3/2017,15:45:00,1,Collision with vehicle,6,Friday,130,REAR END(VEHICLES IN SAME LANE),1,313650,2,0,1,0,1,2,1,5,Not at intersection,2,60,Arterial Other,50-59,Serious injury,Bicyclists
T20170002163,2/3/2017,17:30:00,1,Collision with vehicle,6,Friday,148,VEHICLE OFF FOOTPATH STRIKES VEH ON CARRIAGEWAY,1,313648,2,0,0,1,1,2,1,5,Not at intersection,3,60,Arterial Other,30-39,Other injury,Bicyclists
T20170002174,2/3/2017,9:25:00,1,Collision with vehicle,5,Friday,140,U TURN,1,317374,2,0,0,1,1,2,2,2,T intersection,3,60,Arterial Other,40-49,Other injury,Bicyclists
T20170002204,2/4/2017,10:59:00,1,Collision with vehicle,7,Saturday,148,VEHICLE OFF FOOTPATH STRIKES VEH ON CARRIAGEWAY,1,313677,2,0,0,1,1,2,1,5,Not at intersection,3,40,Uknown,13-15,Other injury,Bicyclists
T20170002211,2/3/2017,17:35:00,1,Collision with vehicle,5,Friday,137,LEFT TURN SIDESWIPE,1,40373,2,0,0,1,1,2,2,2,T intersection,3,60,Arterial Other,40-49,Other injury,Bicyclists
T20170002215,2/3/2017,9:20:00,1,Collision with vehicle,6,Friday,163,VEHICLE STRIKES DOOR OF PARKED/STATIONARY VEHICLE,1,405,2,0,1,0,0,1,2,2,T intersection,2,40,Local Road,30-39,Serious injury,Bicyclists
T20170002220,2/4/2017,11:27:00,1,Collision with vehicle,6,Saturday,163,VEHICLE STRIKES DOOR OF PARKED/STATIONARY VEHICLE,1,314156,2,0,2,0,1,3,1,5,Not at intersection,2,50,Uknown,30-39,Serious injury,Bicyclists
T20170002236,2/4/2017,14:45:00,1,Collision with vehicle,6,Saturday,121,RIGHT THROUGH,1,313682,2,0,1,0,1,2,1,2,T intersection,2,60,Local Road,30-39,Serious injury,Bicyclists
T20170002251,2/4/2017,5:30:00,1,Collision with vehicle,7,Saturday,137,LEFT TURN SIDESWIPE,2,314965,2,0,0,1,1,2,1,5,Not at intersection,3,60,Arterial Other,40-49,Other injury,Bicyclists
T20170002257,2/5/2017,0:41:00,1,Collision with vehicle,1,Sunday,121,RIGHT THROUGH,3,44056,2,0,0,1,1,2,1,1,Cross intersection,3,40,Local Road,18-21,Other injury,Bicyclists
T20170002265,12/11/2016,11:00:00,1,Collision with vehicle,0,Sunday,137,LEFT TURN SIDESWIPE,1,43552,2,0,0,1,1,2,2,2,T intersection,3,60,Arterial Other,30-39,Other injury,Bicyclists
T20170002341,2/6/2017,8:30:00,1,Collision with vehicle,2,Monday,121,RIGHT THROUGH,1,313751,2,0,1,0,1,2,2,5,Not at intersection,2,50,Local Road,40-49,Serious injury,Bicyclists
T20170002398,2/7/2017,7:45:00,1,Collision with vehicle,3,Tuesday,121,RIGHT THROUGH,1,313773,2,0,1,0,1,2,1,5,Not at intersection,2,50,Local Road,40-49,Serious injury,Bicyclists
T20170002409,2/6/2017,16:55:00,1,Collision with vehicle,1,Monday,123,RIGHT/LEFT. ONE VEH TURNING RIGHT THE OTHER LEFT.,1,39934,2,0,0,1,1,2,1,1,Cross intersection,3,60,Arterial Other,50-59,Other injury,Bicyclists
T20170002416,2/6/2017,11:00:00,1,Collision with vehicle,2,Monday,163,VEHICLE STRIKES DOOR OF PARKED/STATIONARY VEHICLE,9,315984,2,0,0,1,0,1,2,5,Not at intersection,3,50,Local Road,30-39,Other injury,Bicyclists
T20170002421,2/7/2017,9:00:00,1,Collision with vehicle,2,Tuesday,110,CROSS TRAFFIC(INTERSECTIONS ONLY),1,50187,2,0,1,0,0,1,2,1,Cross intersection,2,60,Local Road,22-25,Serious injury,Bicyclists
T20170002440,2/7/2017,16:50:00,1,Collision with vehicle,3,Tuesday,142,LEAVING PARKING,1,313878,2,0,0,1,1,2,1,5,Not at intersection,3,60,Arterial Other,30-39,Other injury,Bicyclists
T20170002464,2/8/2017,8:00:00,1,Collision with vehicle,4,Wednesday,121,RIGHT THROUGH,1,29599,2,0,1,0,1,2,1,1,Cross intersection,2,60,Arterial Other,22-25,Serious injury,Bicyclists
T20170002465,2/8/2017,8:45:00,1,Collision with vehicle,4,Wednesday,113,RIGHT NEAR (INTERSECTIONS ONLY),1,54564,2,0,1,0,1,2,1,2,T intersection,2,50,Arterial Other,65-69,Serious injury,Bicyclists
T20170002472,2/5/2017,17:15:00,1,Collision with vehicle,0,Sunday,130,REAR END(VEHICLES IN SAME LANE),2,33759,2,0,0,1,1,2,2,1,Cross intersection,3,60,Arterial Highway,30-39,Other injury,Bicyclists
T20170002531,2/8/2017,16:35:00,1,Collision with vehicle,4,Wednesday,110,CROSS TRAFFIC(INTERSECTIONS ONLY),1,57689,2,0,1,0,1,2,2,1,Cross intersection,2,50,Arterial Other,70+,Serious injury,Bicyclists
T20170002543,2/8/2017,16:17:00,1,Collision with vehicle,4,Wednesday,148,VEHICLE OFF FOOTPATH STRIKES VEH ON CARRIAGEWAY,1,35449,2,0,0,1,1,2,1,1,Cross intersection,3,999,Uknown,Unknown,Other injury,Bicyclists
T20170002564,2/7/2017,16:50:00,1,Collision with vehicle,3,Tuesday,110,CROSS TRAFFIC(INTERSECTIONS ONLY),1,315213,2,0,0,1,0,1,2,5,Not at intersection,3,50,Arterial Other,13-15,Other injury,Bicyclists
T20170002582,2/7/2017,6:45:00,1,Collision with vehicle,3,Tuesday,163,VEHICLE STRIKES DOOR OF PARKED/STATIONARY VEHICLE,1,29415,2,0,0,1,2,3,2,2,T intersection,3,40,Arterial Other,22-25,Other injury,Bicyclists
T20170002593,2/9/2017,17:40:00,1,Collision with vehicle,5,Thursday,116,LEFT NEAR (INTERSECTIONS ONLY),1,310041,2,0,0,1,1,2,1,2,T intersection,3,60,Local Road,26-29,Other injury,Bicyclists
T20170002599,2/9/2017,19:40:00,1,Collision with vehicle,5,Thursday,154,PULLING OUT -REAR END,1,313903,2,0,0,1,1,2,1,5,Not at intersection,3,60,Arterial Other,30-39,Other injury,Bicyclists
T20170002620,2/8/2017,23:00:00,1,Collision with vehicle,4,Wednesday,113,RIGHT NEAR (INTERSECTIONS ONLY),3,36313,2,0,1,1,0,2,1,2,T intersection,2,40,Local Road,22-25,Serious injury,Bicyclists
T20170002628,2/10/2017,8:15:00,1,Collision with vehicle,6,Friday,119,OTHER ADJACENT (INTERSECTIONS ONLY),1,70603,2,0,0,1,1,2,1,2,T intersection,3,60,Arterial Highway,45424,Other injury,Bicyclists
T20170002671,2/9/2017,11:00:00,1,Collision with vehicle,5,Thursday,121,RIGHT THROUGH,1,40230,2,0,0,1,1,2,2,2,T intersection,3,60,Local Road,22-25,Other injury,Bicyclists
T20170002686,2/9/2017,18:45:00,1,Collision with vehicle,5,Thursday,148,VEHICLE OFF FOOTPATH STRIKES VEH ON CARRIAGEWAY,1,369,2,0,1,0,1,2,2,2,T intersection,2,60,Arterial Other,30-39,Serious injury,Bicyclists
T20170002720,2/11/2017,1:00:00,8,No collision and no object struck,7,Saturday,174,OUT OF CONTROL ON CARRIAGEWAY (ON STRAIGHT),3,313953,1,0,0,1,0,1,1,5,Not at intersection,3,60,Arterial Highway,40-49,Other injury,Bicyclists
T20170002733,2/11/2017,7:00:00,1,Collision with vehicle,7,Saturday,137,LEFT TURN SIDESWIPE,1,314352,2,0,0,1,1,2,1,5,Not at intersection,3,60,Arterial Other,30-39,Other injury,Bicyclists
T20170002736,2/10/2017,17:45:00,1,Collision with vehicle,6,Friday,163,VEHICLE STRIKES DOOR OF PARKED/STATIONARY VEHICLE,1,314881,2,0,0,1,0,1,2,5,Not at intersection,3,50,Local Road,30-39,Other injury,Bicyclists
T20170002807,2/11/2017,7:00:00,1,Collision with vehicle,7,Saturday,130,REAR END(VEHICLES IN SAME LANE),1,313986,2,0,1,0,1,2,1,5,Not at intersection,2,999,Uknown,22-25,Serious injury,Bicyclists
T20170002889,1/25/2017,15:00:00,1,Collision with vehicle,3,Wednesday,130,REAR END(VEHICLES IN SAME LANE),1,314257,2,0,0,1,0,1,2,5,Not at intersection,3,50,Arterial Other,40-49,Other injury,Bicyclists
T20170002923,2/14/2017,7:00:00,1,Collision with vehicle,3,Tuesday,110,CROSS TRAFFIC(INTERSECTIONS ONLY),1,44814,2,0,0,1,1,2,1,1,Cross intersection,3,50,Local Road,60-64,Other injury,Bicyclists
T20170002924,2/2/2017,19:00:00,1,Collision with vehicle,5,Thursday,199,UNKNOWN-NO DETAILS ON MANOEUVRES OF ROAD-USERS IN ACCIDENT,1,314058,2,0,0,1,0,1,2,5,Not at intersection,3,60,Uknown,16-17,Other injury,Bicyclists
T20170002927,2/14/2017,5:40:00,1,Collision with vehicle,2,Tuesday,113,RIGHT NEAR (INTERSECTIONS ONLY),9,36238,2,0,0,2,0,2,2,2,T intersection,3,50,Arterial Other,40-49,Other injury,Bicyclists
T20170002939,2/11/2017,14:10:00,1,Collision with vehicle,7,Saturday,163,VEHICLE STRIKES DOOR OF PARKED/STATIONARY VEHICLE,1,37689,2,0,0,1,0,1,2,2,T intersection,3,40,Local Road,22-25,Other injury,Bicyclists
T20170002966,2/5/2017,17:01:00,1,Collision with vehicle,1,Sunday,121,RIGHT THROUGH,1,38830,2,0,0,1,1,2,2,1,Cross intersection,3,50,Local Road,40-49,Other injury,Bicyclists
T20170002967,2/14/2017,16:30:00,2,Struck Pedestrian,3,Tuesday,100,PED NEAR SIDE. PED HIT BY VEHICLE FROM THE RIGHT.,9,189481,1,0,0,1,1,2,2,5,Not at intersection,3,30,Local Road,30-39,Other injury,Bicyclists
T20170002985,2/14/2017,17:55:00,1,Collision with vehicle,3,Tuesday,121,RIGHT THROUGH,1,314284,2,0,1,0,1,2,1,2,T intersection,2,60,Arterial Other,30-39,Serious injury,Bicyclists
T20170002993,2/13/2017,7:50:00,1,Collision with vehicle,2,Monday,133,LANE SIDE SWIPE (VEHICLES IN PARALLEL LANES),1,314112,2,0,0,1,0,1,2,5,Not at intersection,3,60,Local Road,26-29,Other injury,Bicyclists
T20170003015,2/15/2017,9:00:00,1,Collision with vehicle,4,Wednesday,111,RIGHT FAR (INTERSECTIONS ONLY),1,67892,2,0,0,1,1,2,1,1,Cross intersection,3,60,Arterial Other,18-21,Other injury,Bicyclists
T20170003032,2/15/2017,8:00:00,1,Collision with vehicle,4,Wednesday,121,RIGHT THROUGH,5,37815,2,0,1,0,1,2,1,2,T intersection,2,60,Arterial Other,26-29,Serious injury,Bicyclists
T20170003040,1/31/2017,6:40:00,1,Collision with vehicle,2,Tuesday,122,LEFT THROUGH,1,35636,2,0,0,1,0,1,2,1,Cross intersection,3,50,Arterial Highway,50-59,Other injury,Bicyclists
T20170003116,2/16/2017,8:40:00,1,Collision with vehicle,5,Thursday,147,VEHICLE STRIKES ANOTHER VEH WHILE EMERGING FROM DRIVEWAY,1,315586,2,0,0,1,1,2,1,5,Not at intersection,3,777,Local Road,45424,Other injury,Bicyclists
T20170003118,2/16/2017,7:40:00,1,Collision with vehicle,5,Thursday,130,REAR END(VEHICLES IN SAME LANE),1,358558,2,0,0,2,0,2,1,5,Not at intersection,3,60,Arterial Other,40-49,Other injury,Bicyclists
T20170003122,2/16/2017,7:19:00,1,Collision with vehicle,5,Thursday,148,VEHICLE OFF FOOTPATH STRIKES VEH ON CARRIAGEWAY,1,255086,2,0,0,1,1,2,1,5,Not at intersection,3,40,Uknown,60-64,Other injury,Bicyclists
T20170003127,2/16/2017,14:50:00,1,Collision with vehicle,5,Thursday,121,RIGHT THROUGH,1,36214,2,0,1,0,1,2,1,1,Cross intersection,2,60,Arterial Other,40-49,Serious injury,Bicyclists
T20170003138,2/16/2017,16:30:00,1,Collision with vehicle,5,Thursday,142,LEAVING PARKING,1,315125,2,0,1,0,1,2,1,5,Not at intersection,2,60,Uknown,40-49,Serious injury,Bicyclists
T20170003220,2/17/2017,16:12:00,1,Collision with vehicle,6,Friday,135,LANE CHANGE LEFT (NOT OVERTAKING),1,42513,2,0,0,1,1,2,1,1,Cross intersection,3,999,Arterial Other,45424,Other injury,Bicyclists
T20170003240,2/17/2017,21:00:00,1,Collision with vehicle,6,Friday,137,LEFT TURN SIDESWIPE,3,314322,2,0,0,2,0,2,1,5,Not at intersection,3,999,Local Road,16-17,Other injury,Bicyclists
T20170003259,2/18/2017,9:20:00,1,Collision with vehicle,7,Saturday,116,LEFT NEAR (INTERSECTIONS ONLY),1,35598,3,0,0,2,1,3,1,2,T intersection,3,60,Arterial Other,60-64,Other injury,Bicyclists
T20170003261,2/18/2017,10:30:00,1,Collision with vehicle,7,Saturday,160,VEHICLE COLLIDES WITH VEHICLE PARKED ON LEFT OF ROAD,1,314213,2,0,0,1,1,2,1,5,Not at intersection,3,60,Local Road,60-64,Other injury,Bicyclists
T20170003263,2/15/2017,17:10:00,1,Collision with vehicle,4,Wednesday,140,U TURN,1,314273,2,0,0,1,2,3,2,5,Not at intersection,3,60,Arterial Other,30-39,Other injury,Bicyclists
T20170003306,2/19/2017,5:54:00,1,Collision with vehicle,1,Sunday,148,VEHICLE OFF FOOTPATH STRIKES VEH ON CARRIAGEWAY,3,314207,2,0,0,1,2,3,1,1,Cross intersection,3,70,Arterial Highway,40-49,Other injury,Bicyclists
T20170003350,2/19/2017,17:10:00,8,No collision and no object struck,1,Sunday,174,OUT OF CONTROL ON CARRIAGEWAY (ON STRAIGHT),1,314316,1,0,0,1,0,1,1,5,Not at intersection,3,60,Local Road,40-49,Other injury,Bicyclists
T20170003380,2/18/2017,11:50:00,1,Collision with vehicle,7,Saturday,116,LEFT NEAR (INTERSECTIONS ONLY),1,314406,2,0,0,1,1,2,2,2,T intersection,3,70,Arterial Highway,50-59,Other injury,Bicyclists
T20170003391,2/18/2017,9:30:00,1,Collision with vehicle,7,Saturday,116,LEFT NEAR (INTERSECTIONS ONLY),1,315942,2,0,0,1,0,1,2,2,T intersection,3,50,Local Road,40-49,Other injury,Bicyclists
T20170003418,2/13/2017,8:30:00,1,Collision with vehicle,2,Monday,121,RIGHT THROUGH,1,37684,2,0,0,1,1,2,2,2,T intersection,3,40,Local Road,30-39,Other injury,Bicyclists
T20170003450,2/20/2017,6:00:00,1,Collision with vehicle,2,Monday,142,LEAVING PARKING,3,314307,2,0,0,1,1,2,1,2,T intersection,3,40,Arterial Other,30-39,Other injury,Bicyclists
T20170003454,2/19/2017,8:30:00,1,Collision with vehicle,1,Sunday,116,LEFT NEAR (INTERSECTIONS ONLY),1,314601,2,0,1,0,1,2,2,2,T intersection,2,80,Uknown,60-64,Serious injury,Bicyclists
T20170003465,2/21/2017,8:20:00,1,Collision with vehicle,3,Tuesday,113,RIGHT NEAR (INTERSECTIONS ONLY),1,43836,2,0,0,1,3,4,1,2,T intersection,3,60,Arterial Other,22-25,Other injury,Bicyclists
T20170003466,2/21/2017,9:13:00,1,Collision with vehicle,3,Tuesday,163,VEHICLE STRIKES DOOR OF PARKED/STATIONARY VEHICLE,1,36997,2,0,0,1,1,2,1,2,T intersection,3,40,Uknown,40-49,Other injury,Bicyclists
T20170003512,2/21/2017,8:20:00,1,Collision with vehicle,3,Tuesday,147,VEHICLE STRIKES ANOTHER VEH WHILE EMERGING FROM DRIVEWAY,9,314400,2,0,0,1,1,2,2,5,Not at intersection,3,888,Local Road,13-15,Other injury,Bicyclists
T20170003516,2/21/2017,17:30:00,1,Collision with vehicle,3,Tuesday,116,LEFT NEAR (INTERSECTIONS ONLY),1,316726,2,0,0,1,1,2,1,1,Cross intersection,3,80,Arterial Other,30-39,Other injury,Bicyclists
T20170003528,2/21/2017,8:30:00,1,Collision with vehicle,3,Tuesday,121,RIGHT THROUGH,1,45467,2,0,0,1,1,2,1,2,T intersection,3,60,Arterial Other,26-29,Other injury,Bicyclists
T20170003530,2/22/2017,7:30:00,1,Collision with vehicle,4,Wednesday,121,RIGHT THROUGH,1,62208,2,0,1,0,1,2,1,2,T intersection,2,50,Local Road,50-59,Serious injury,Bicyclists
T20170003539,2/22/2017,8:20:00,1,Collision with vehicle,3,Wednesday,137,LEFT TURN SIDESWIPE,1,53079,2,0,0,1,1,2,2,2,T intersection,3,50,Uknown,26-29,Other injury,Bicyclists
T20170003566,2/15/2017,8:15:00,1,Collision with vehicle,4,Wednesday,137,LEFT TURN SIDESWIPE,1,38778,2,0,0,1,1,2,2,1,Cross intersection,3,60,Local Road,26-29,Other injury,Bicyclists
T20170003572,2/17/2017,16:30:00,1,Collision with vehicle,6,Friday,163,VEHICLE STRIKES DOOR OF PARKED/STATIONARY VEHICLE,1,314962,2,0,0,1,0,1,2,5,Not at intersection,3,50,Local Road,22-25,Other injury,Bicyclists
T20170003594,2/16/2017,19:30:00,1,Collision with vehicle,5,Thursday,163,VEHICLE STRIKES DOOR OF PARKED/STATIONARY VEHICLE,1,314387,2,0,1,0,1,2,2,5,Not at intersection,2,60,Local Road,50-59,Serious injury,Bicyclists
T20170003603,2/7/2017,8:30:00,1,Collision with vehicle,2,Tuesday,147,VEHICLE STRIKES ANOTHER VEH WHILE EMERGING FROM DRIVEWAY,1,323932,2,0,0,1,1,2,2,5,Not at intersection,3,888,Arterial Other,18-21,Other injury,Bicyclists
T20170003631,2/22/2017,12:00:00,1,Collision with vehicle,3,Wednesday,121,RIGHT THROUGH,1,51589,2,0,0,1,1,2,2,1,Cross intersection,3,60,Arterial Highway,22-25,Other injury,Bicyclists
T20170003655,2/23/2017,10:45:00,1,Collision with vehicle,5,Thursday,147,VEHICLE STRIKES ANOTHER VEH WHILE EMERGING FROM DRIVEWAY,1,315095,2,0,0,1,1,2,1,5,Not at intersection,3,60,Arterial Other,50-59,Other injury,Bicyclists
T20170003680,2/23/2017,16:05:00,1,Collision with vehicle,5,Thursday,116,LEFT NEAR (INTERSECTIONS ONLY),1,42763,2,0,1,0,1,2,1,2,T intersection,2,60,Arterial Other,22-25,Serious injury,Bicyclists
T20170003688,2/7/2017,16:45:00,1,Collision with vehicle,3,Tuesday,110,CROSS TRAFFIC(INTERSECTIONS ONLY),1,44552,2,0,0,1,1,2,2,1,Cross intersection,3,50,Local Road,30-39,Other injury,Bicyclists
T20170003695,2/23/2017,17:35:00,1,Collision with vehicle,4,Thursday,163,VEHICLE STRIKES DOOR OF PARKED/STATIONARY VEHICLE,1,319398,2,0,0,1,2,3,1,5,Not at intersection,3,40,Local Road,26-29,Other injury,Bicyclists
T20170003705,2/8/2017,17:00:00,6,Vehicle overturned (no collision),3,Wednesday,170,OFF CARRIAGEWAY TO LEFT,1,52751,2,0,1,0,1,2,2,2,T intersection,2,60,Local Road,40-49,Serious injury,Bicyclists
T20170003707,2/23/2017,20:57:00,1,Collision with vehicle,5,Thursday,148,VEHICLE OFF FOOTPATH STRIKES VEH ON CARRIAGEWAY,3,314484,2,0,0,1,0,1,1,5,Not at intersection,3,60,Local Road,18-21,Other injury,Bicyclists
T20170003714,2/24/2017,8:46:00,1,Collision with vehicle,6,Friday,135,LANE CHANGE LEFT (NOT OVERTAKING),1,57741,2,0,0,1,1,2,1,5,Not at intersection,3,40,Arterial Other,40-49,Other injury,Bicyclists
T20170003733,2/16/2017,15:28:00,1,Collision with vehicle,5,Thursday,163,VEHICLE STRIKES DOOR OF PARKED/STATIONARY VEHICLE,1,316166,2,0,0,1,1,2,2,5,Not at intersection,3,999,Local Road,45424,Other injury,Bicyclists
T20170003747,12/3/2016,6:30:00,1,Collision with vehicle,7,Saturday,110,CROSS TRAFFIC(INTERSECTIONS ONLY),1,42840,2,0,0,1,1,2,2,1,Cross intersection,3,60,Arterial Other,50-59,Other injury,Bicyclists
T20170003749,2/23/2017,18:29:00,1,Collision with vehicle,5,Thursday,148,VEHICLE OFF FOOTPATH STRIKES VEH ON CARRIAGEWAY,1,36338,2,0,0,1,1,2,1,1,Cross intersection,3,50,Local Road,30-39,Other injury,Bicyclists
T20170003767,2/24/2017,17:58:00,1,Collision with vehicle,6,Friday,121,RIGHT THROUGH,1,36494,2,0,0,1,1,2,1,1,Cross intersection,3,40,Local Road,22-25,Other injury,Bicyclists
T20170003778,2/24/2017,15:15:00,1,Collision with vehicle,6,Friday,116,LEFT NEAR (INTERSECTIONS ONLY),1,67684,2,0,0,1,1,2,1,2,T intersection,3,60,Local Road,13-15,Other injury,Bicyclists
T20170003802,2/24/2017,17:30:00,1,Collision with vehicle,6,Friday,133,LANE SIDE SWIPE (VEHICLES IN PARALLEL LANES),1,314783,2,0,0,1,1,2,2,5,Not at intersection,3,60,Uknown,30-39,Other injury,Bicyclists
T20170003811,2/25/2017,8:45:00,1,Collision with vehicle,7,Saturday,119,OTHER ADJACENT (INTERSECTIONS ONLY),1,65153,2,0,0,1,0,1,2,1,Cross intersection,3,50,Local Road,30-39,Other injury,Bicyclists
T20170003818,1/19/2017,19:10:00,1,Collision with vehicle,5,Thursday,130,REAR END(VEHICLES IN SAME LANE),1,314498,2,0,0,1,1,2,1,5,Not at intersection,3,60,Local Road,26-29,Other injury,Bicyclists
T20170003824,2/25/2017,14:30:00,8,No collision and no object struck,7,Saturday,174,OUT OF CONTROL ON CARRIAGEWAY (ON STRAIGHT),1,316664,1,0,0,1,0,1,1,5,Not at intersection,3,60,Local Road,13-15,Other injury,Bicyclists
T20170003826,2/24/2017,17:10:00,1,Collision with vehicle,6,Friday,133,LANE SIDE SWIPE (VEHICLES IN PARALLEL LANES),1,314623,2,0,1,0,0,1,2,5,Not at intersection,2,80,Arterial Highway,65-69,Serious injury,Bicyclists
T20170003865,2/21/2017,16:47:00,1,Collision with vehicle,3,Tuesday,121,RIGHT THROUGH,1,238571,2,0,0,1,1,2,1,5,Not at intersection,3,60,Arterial Other,18-21,Other injury,Bicyclists
T20170003889,2/26/2017,13:45:00,1,Collision with vehicle,0,Sunday,163,VEHICLE STRIKES DOOR OF PARKED/STATIONARY VEHICLE,1,314548,2,0,0,1,1,2,1,2,T intersection,3,50,Local Road,18-21,Other injury,Bicyclists
T20170003911,2/25/2017,7:30:00,1,Collision with vehicle,6,Saturday,111,RIGHT FAR (INTERSECTIONS ONLY),2,44258,2,0,0,1,1,2,2,2,T intersection,3,999,Arterial Other,50-59,Other injury,Bicyclists
T20170003941,2/27/2017,8:00:00,1,Collision with vehicle,2,Monday,133,LANE SIDE SWIPE (VEHICLES IN PARALLEL LANES),1,314517,2,0,0,1,0,1,2,5,Not at intersection,3,60,Arterial Other,30-39,Other injury,Bicyclists
T20170003969,2/27/2017,8:30:00,1,Collision with vehicle,2,Monday,147,VEHICLE STRIKES ANOTHER VEH WHILE EMERGING FROM DRIVEWAY,1,36742,2,0,0,1,1,2,1,2,T intersection,3,999,Local Road,45424,Other injury,Bicyclists
T20170003973,2/27/2017,13:15:00,1,Collision with vehicle,2,Monday,113,RIGHT NEAR (INTERSECTIONS ONLY),1,227354,2,0,1,0,1,2,1,2,T intersection,2,60,Local Road,65-69,Serious injury,Bicyclists
T20170004017,2/27/2017,18:22:00,1,Collision with vehicle,2,Monday,110,CROSS TRAFFIC(INTERSECTIONS ONLY),1,41625,2,0,1,0,1,2,1,1,Cross intersection,2,60,Uknown,30-39,Serious injury,Bicyclists
T20170004036,2/27/2017,9:00:00,1,Collision with vehicle,1,Monday,110,CROSS TRAFFIC(INTERSECTIONS ONLY),1,411,2,0,1,0,1,2,1,1,Cross intersection,2,50,Arterial Other,40-49,Serious injury,Bicyclists
T20170004044,2/27/2017,12:05:00,8,No collision and no object struck,2,Monday,199,UNKNOWN-NO DETAILS ON MANOEUVRES OF ROAD-USERS IN ACCIDENT,1,314549,1,0,1,0,0,1,1,5,Not at intersection,2,50,Local Road,50-59,Serious injury,Bicyclists
T20170004102,2/28/2017,15:15:00,1,Collision with vehicle,3,Tuesday,121,RIGHT THROUGH,1,666,2,0,1,0,1,2,1,2,T intersection,2,60,Arterial Other,22-25,Serious injury,Bicyclists
T20170004107,2/28/2017,18:25:00,1,Collision with vehicle,2,Tuesday,163,VEHICLE STRIKES DOOR OF PARKED/STATIONARY VEHICLE,1,80987,3,0,0,1,2,3,1,5,Not at intersection,3,40,Local Road,30-39,Other injury,Bicyclists
T20170004122,2/28/2017,21:15:00,1,Collision with vehicle,2,Tuesday,119,OTHER ADJACENT (INTERSECTIONS ONLY),3,36496,2,0,1,0,2,3,1,1,Cross intersection,2,40,Local Road,30-39,Serious injury,Bicyclists
T20170004149,3/1/2017,8:35:00,1,Collision with vehicle,4,Wednesday,148,VEHICLE OFF FOOTPATH STRIKES VEH ON CARRIAGEWAY,1,314892,2,0,0,1,1,2,1,5,Not at intersection,3,60,Arterial Other,30-39,Other injury,Bicyclists
T20170004150,3/1/2017,7:15:00,1,Collision with vehicle,4,Wednesday,148,VEHICLE OFF FOOTPATH STRIKES VEH ON CARRIAGEWAY,2,316436,2,0,0,1,1,2,1,5,Not at intersection,3,60,Arterial Other,45424,Other injury,Bicyclists
T20170004162,2/6/2017,14:00:00,1,Collision with vehicle,1,Monday,163,VEHICLE STRIKES DOOR OF PARKED/STATIONARY VEHICLE,1,41270,2,0,1,0,0,1,2,1,Cross intersection,2,999,Arterial Other,50-59,Serious injury,Bicyclists
T20170004170,3/1/2017,7:45:00,1,Collision with vehicle,4,Wednesday,120,HEAD ON (NOT OVERTAKING),1,314739,3,0,1,0,1,2,1,5,Not at intersection,2,60,Arterial Highway,30-39,Serious injury,Bicyclists