ACCIDENT_NO,ACCIDENT_DATE,ACCIDENT_TIME,ACCIDENT_TYPE,ACCIDENT_TYPE_DESC,DAY_OF_WEEK,DAY_WEEK_DESC,DCA_CODE,DCA_DESC,LIGHT_CONDITION,NODE_ID,NO_OF_VEHICLES,NO_PERSONS_KILLED,NO_PERSONS_INJ_2,NO_PERSONS_INJ_3,NO_PERSONS_NOT_INJ,NO_PERSONS,POLICE_ATTEND,ROAD_GEOMETRY,ROAD_GEOMETRY_DESC,SEVERITY,SPEED_ZONE,RMA,AGE_GROUP,INJ_LEVEL,ROAD_USER_TYPE_DESC
T20170004193,2/22/2017,18:30:00,1,Collision with vehicle,3,Wednesday,133,LANE SIDE SWIPE (VEHICLES IN PARALLEL LANES),9,36350,2,0,0,1,1,2,2,1,Cross intersection,3,50,Local Road,26-29,Other injury,Bicyclists
T20170004201,2/21/2017,8:10:00,1,Collision with vehicle,3,Tuesday,133,LANE SIDE SWIPE (VEHICLES IN PARALLEL LANES),1,315327,2,0,0,1,1,2,2,5,Not at intersection,3,60,Arterial Other,40-49,Other injury,Bicyclists
T20170004202,3/1/2017,15:30:00,1,Collision with vehicle,4,Wednesday,163,VEHICLE STRIKES DOOR OF PARKED/STATIONARY VEHICLE,1,253817,3,0,0,1,2,3,1,5,Not at intersection,3,40,Local Road,30-39,Other injury,Bicyclists
T20170004221,3/1/2017,6:30:00,1,Collision with vehicle,4,Wednesday,110,CROSS TRAFFIC(INTERSECTIONS ONLY),2,43909,2,0,1,0,1,2,1,1,Cross intersection,2,60,Uknown,18-21,Serious injury,Bicyclists
T20170004238,3/2/2017,9:06:00,1,Collision with vehicle,5,Thursday,110,CROSS TRAFFIC(INTERSECTIONS ONLY),1,40013,2,0,0,1,1,2,1,1,Cross intersection,3,50,Local Road,30-39,Other injury,Bicyclists
T20170004241,3/2/2017,9:45:00,1,Collision with vehicle,5,Thursday,136,RIGHT TURN SIDESWIPE,1,315319,2,0,0,1,1,2,1,5,Not at intersection,3,50,Local Road,70+,Other injury,Bicyclists
T20170004242,3/1/2017,8:05:00,1,Collision with vehicle,4,Wednesday,130,REAR END(VEHICLES IN SAME LANE),1,315722,2,0,1,0,1,2,1,5,Not at intersection,2,50,Arterial Other,40-49,Serious injury,Bicyclists
T20170004249,3/2/2017,11:27:00,1,Collision with vehicle,5,Thursday,163,VEHICLE STRIKES DOOR OF PARKED/STATIONARY VEHICLE,1,314668,2,0,0,1,1,2,2,5,Not at intersection,3,60,Arterial Other,30-39,Other injury,Bicyclists
T20170004265,3/2/2017,8:08:00,1,Collision with vehicle,4,Thursday,163,VEHICLE STRIKES DOOR OF PARKED/STATIONARY VEHICLE,1,314707,2,0,0,1,1,2,1,5,Not at intersection,3,60,Arterial Other,26-29,Other injury,Bicyclists
T20170004271,3/2/2017,8:25:00,1,Collision with vehicle,5,Thursday,148,VEHICLE OFF FOOTPATH STRIKES VEH ON CARRIAGEWAY,1,129,2,0,0,1,1,2,2,2,T intersection,3,60,Arterial Other,30-39,Other injury,Bicyclists
T20170004277,3/2/2017,13:05:00,1,Collision with vehicle,5,Thursday,116,LEFT NEAR (INTERSECTIONS ONLY),1,314696,2,0,0,1,1,2,2,2,T intersection,3,60,Local Road,40-49,Other injury,Bicyclists
T20170004280,2/9/2017,18:00:00,8,No collision and no object struck,5,Thursday,199,UNKNOWN-NO DETAILS ON MANOEUVRES OF ROAD-USERS IN ACCIDENT,9,315178,1,0,0,1,0,1,2,5,Not at intersection,3,999,Arterial Other,50-59,Other injury,Bicyclists
T20170004285,3/2/2017,17:00:00,1,Collision with vehicle,5,Thursday,137,LEFT TURN SIDESWIPE,1,41341,2,0,1,0,1,2,1,1,Cross intersection,2,70,Arterial Highway,30-39,Serious injury,Bicyclists
T20170004294,3/2/2017,18:20:00,1,Collision with vehicle,5,Thursday,121,RIGHT THROUGH,1,36053,2,0,0,1,1,2,1,2,T intersection,3,60,Arterial Other,40-49,Other injury,Bicyclists
T20170004314,3/3/2017,6:08:00,6,Vehicle overturned (no collision),6,Friday,174,OUT OF CONTROL ON CARRIAGEWAY (ON STRAIGHT),3,40004,1,0,0,1,0,1,1,1,Cross intersection,3,50,Arterial Other,40-49,Other injury,Bicyclists
T20170004342,3/3/2017,8:30:00,4,Collision with a fixed object,6,Friday,173,RIGHT OFF CARRIAGEWAY INTO OBJECT/PARKED VEHICLE,1,52699,1,0,1,0,0,1,1,1,Cross intersection,2,50,Local Road,50-59,Serious injury,Bicyclists
T20170004347,2/27/2017,9:10:00,1,Collision with vehicle,2,Monday,130,REAR END(VEHICLES IN SAME LANE),1,315316,2,0,0,1,0,1,2,5,Not at intersection,3,60,Arterial Other,22-25,Other injury,Bicyclists
T20170004355,2/20/2017,8:00:00,1,Collision with vehicle,2,Monday,121,RIGHT THROUGH,1,40202,2,0,0,2,0,2,2,1,Cross intersection,3,60,Arterial Other,26-29,Other injury,Bicyclists
T20170004362,3/3/2017,13:30:00,2,Struck Pedestrian,6,Friday,101,PED EMERGES FROM IN FRONT OF PARKED OR STATIONARY VEHICLE,1,315002,1,1,0,0,1,2,2,5,Not at intersection,1,60,Local Road,22-25,Not injured,Bicyclists
T20170004370,3/3/2017,7:20:00,1,Collision with vehicle,5,Friday,137,LEFT TURN SIDESWIPE,1,29840,2,0,0,1,0,1,2,1,Cross intersection,3,60,Arterial Other,30-39,Other injury,Bicyclists
T20170004376,3/3/2017,18:00:00,1,Collision with vehicle,6,Friday,160,VEHICLE COLLIDES WITH VEHICLE PARKED ON LEFT OF ROAD,1,317265,2,0,0,1,1,2,1,5,Not at intersection,3,80,Uknown,50-59,Other injury,Bicyclists
T20170004378,3/3/2017,19:45:00,1,Collision with vehicle,6,Friday,120,HEAD ON (NOT OVERTAKING),1,316347,2,0,1,0,1,2,1,5,Not at intersection,2,50,Local Road,50-59,Serious injury,Bicyclists
T20170004397,2/27/2017,3:30:00,1,Collision with vehicle,2,Monday,160,VEHICLE COLLIDES WITH VEHICLE PARKED ON LEFT OF ROAD,3,314927,2,0,0,1,1,2,2,5,Not at intersection,3,40,Local Road,26-29,Other injury,Bicyclists
T20170004399,1/28/2017,15:00:00,8,No collision and no object struck,7,Saturday,174,OUT OF CONTROL ON CARRIAGEWAY (ON STRAIGHT),1,314729,2,0,1,0,0,1,2,5,Not at intersection,2,999,Arterial Other,40-49,Serious injury,Bicyclists
T20170004401,3/4/2017,8:07:00,8,No collision and no object struck,7,Saturday,174,OUT OF CONTROL ON CARRIAGEWAY (ON STRAIGHT),1,314741,2,0,0,1,1,2,1,5,Not at intersection,3,40,Local Road,40-49,Other injury,Bicyclists
T20170004402,3/4/2017,11:15:00,1,Collision with vehicle,7,Saturday,121,RIGHT THROUGH,1,43196,2,0,0,1,2,3,1,2,T intersection,3,60,Arterial Highway,30-39,Other injury,Bicyclists
T20170004453,3/4/2017,22:23:00,1,Collision with vehicle,7,Saturday,160,VEHICLE COLLIDES WITH VEHICLE PARKED ON LEFT OF ROAD,3,314887,2,0,1,0,0,1,1,5,Not at intersection,2,999,Local Road,30-39,Serious injury,Bicyclists
T20170004465,3/5/2017,6:40:00,1,Collision with vehicle,1,Sunday,121,RIGHT THROUGH,2,893,4,0,0,2,2,4,1,2,T intersection,3,60,Uknown,40-49,Other injury,Bicyclists
T20170004471,3/2/2017,8:45:00,1,Collision with vehicle,5,Thursday,148,VEHICLE OFF FOOTPATH STRIKES VEH ON CARRIAGEWAY,1,667,2,0,0,1,1,2,2,1,Cross intersection,3,80,Arterial Highway,13-15,Other injury,Bicyclists
T20170004481,2/24/2017,16:30:00,1,Collision with vehicle,6,Friday,160,VEHICLE COLLIDES WITH VEHICLE PARKED ON LEFT OF ROAD,1,314900,2,0,0,1,0,1,2,5,Not at intersection,3,80,Arterial Highway,16-17,Other injury,Bicyclists
T20170004493,2/23/2017,16:10:00,1,Collision with vehicle,5,Thursday,148,VEHICLE OFF FOOTPATH STRIKES VEH ON CARRIAGEWAY,1,317680,2,0,1,0,0,1,2,5,Not at intersection,2,40,Local Road,30-39,Serious injury,Bicyclists
T20170004503,3/5/2017,16:23:00,1,Collision with vehicle,1,Sunday,160,VEHICLE COLLIDES WITH VEHICLE PARKED ON LEFT OF ROAD,1,314742,2,0,0,1,0,1,1,5,Not at intersection,3,60,Arterial Other,16-17,Other injury,Bicyclists
T20170004552,3/6/2017,8:41:00,1,Collision with vehicle,2,Monday,121,RIGHT THROUGH,1,40123,2,0,0,1,1,2,1,2,T intersection,3,60,Arterial Highway,26-29,Other injury,Bicyclists
T20170004590,3/6/2017,17:48:00,1,Collision with vehicle,1,Monday,110,CROSS TRAFFIC(INTERSECTIONS ONLY),1,56252,2,0,0,1,1,2,1,1,Cross intersection,3,50,Local Road,50-59,Other injury,Bicyclists
T20170004597,3/6/2017,19:20:00,1,Collision with vehicle,1,Monday,116,LEFT NEAR (INTERSECTIONS ONLY),2,40326,2,0,0,1,1,2,1,2,T intersection,3,60,Arterial Other,22-25,Other injury,Bicyclists
T20170004602,3/6/2017,17:45:00,1,Collision with vehicle,2,Monday,110,CROSS TRAFFIC(INTERSECTIONS ONLY),1,36046,3,0,0,1,2,3,1,1,Cross intersection,3,40,Local Road,30-39,Other injury,Bicyclists
T20170004612,3/6/2017,16:35:00,1,Collision with vehicle,2,Monday,163,VEHICLE STRIKES DOOR OF PARKED/STATIONARY VEHICLE,1,335550,2,0,0,1,1,2,1,5,Not at intersection,3,50,Local Road,26-29,Other injury,Bicyclists
T20170004618,3/7/2017,8:15:00,1,Collision with vehicle,3,Tuesday,130,REAR END(VEHICLES IN SAME LANE),1,36888,2,0,1,0,1,2,1,1,Cross intersection,2,40,Local Road,40-49,Serious injury,Bicyclists
T20170004651,3/7/2017,12:15:00,1,Collision with vehicle,3,Tuesday,110,CROSS TRAFFIC(INTERSECTIONS ONLY),9,43340,2,0,1,0,0,1,2,1,Cross intersection,2,60,Arterial Other,65-69,Serious injury,Bicyclists
T20170004657,3/7/2017,15:12:00,2,Struck Pedestrian,3,Tuesday,100,PED NEAR SIDE. PED HIT BY VEHICLE FROM THE RIGHT.,1,36066,1,0,0,1,0,1,1,1,Cross intersection,3,60,Arterial Highway,30-39,Other injury,Pedestrians
T20170004658,3/4/2017,21:00:00,1,Collision with vehicle,7,Saturday,160,VEHICLE COLLIDES WITH VEHICLE PARKED ON LEFT OF ROAD,6,314930,2,0,0,1,0,1,2,5,Not at intersection,3,50,Local Road,22-25,Other injury,Bicyclists
T20170004659,3/7/2017,19:03:00,1,Collision with vehicle,3,Tuesday,148,VEHICLE OFF FOOTPATH STRIKES VEH ON CARRIAGEWAY,1,314895,2,0,0,1,1,2,1,5,Not at intersection,3,50,Local Road,45424,Other injury,Bicyclists
T20170004695,3/1/2017,19:10:00,1,Collision with vehicle,4,Wednesday,121,RIGHT THROUGH,2,37190,2,0,0,1,2,3,1,2,T intersection,3,40,Arterial Other,26-29,Other injury,Bicyclists
T20170004702,3/8/2017,7:45:00,8,No collision and no object struck,4,Wednesday,174,OUT OF CONTROL ON CARRIAGEWAY (ON STRAIGHT),1,316762,1,0,0,1,0,1,1,5,Not at intersection,3,60,Arterial Other,13-15,Other injury,Bicyclists
T20170004703,3/8/2017,9:40:00,1,Collision with vehicle,4,Wednesday,143,ENTERING PARKING,1,315673,2,0,1,0,2,3,1,5,Not at intersection,2,40,Uknown,30-39,Serious injury,Bicyclists
T20170004706,3/8/2017,8:50:00,1,Collision with vehicle,4,Wednesday,148,VEHICLE OFF FOOTPATH STRIKES VEH ON CARRIAGEWAY,1,315117,2,0,0,1,1,2,2,5,Not at intersection,3,60,Arterial Highway,16-17,Other injury,Bicyclists
T20170004707,3/2/2017,9:30:00,1,Collision with vehicle,5,Thursday,116,LEFT NEAR (INTERSECTIONS ONLY),9,316482,2,0,0,1,1,2,2,1,Cross intersection,3,999,Local Road,30-39,Other injury,Bicyclists
T20170004710,3/8/2017,8:35:00,1,Collision with vehicle,4,Wednesday,116,LEFT NEAR (INTERSECTIONS ONLY),1,316864,2,0,0,1,9,10,1,1,Cross intersection,3,60,Local Road,13-15,Other injury,Bicyclists
T20170004755,2/17/2017,6:30:00,8,No collision and no object struck,6,Friday,174,OUT OF CONTROL ON CARRIAGEWAY (ON STRAIGHT),2,43476,2,0,1,0,1,2,2,1,Cross intersection,2,60,Arterial Other,40-49,Serious injury,Bicyclists
T20170004765,3/9/2017,8:10:00,1,Collision with vehicle,5,Thursday,110,CROSS TRAFFIC(INTERSECTIONS ONLY),1,45703,2,0,0,1,1,2,1,1,Cross intersection,3,50,Local Road,18-21,Other injury,Bicyclists
T20170004777,3/9/2017,8:05:00,1,Collision with vehicle,5,Thursday,163,VEHICLE STRIKES DOOR OF PARKED/STATIONARY VEHICLE,1,314969,2,0,0,1,1,2,1,5,Not at intersection,3,50,Local Road,50-59,Other injury,Bicyclists
T20170004791,3/8/2017,10:25:00,1,Collision with vehicle,4,Wednesday,137,LEFT TURN SIDESWIPE,1,29396,2,0,0,1,1,2,2,1,Cross intersection,3,60,Local Road,26-29,Other injury,Bicyclists
T20170004796,3/9/2017,13:58:00,1,Collision with vehicle,5,Thursday,163,VEHICLE STRIKES DOOR OF PARKED/STATIONARY VEHICLE,1,315420,2,0,0,1,1,2,1,5,Not at intersection,3,60,Arterial Other,18-21,Other injury,Bicyclists
T20170004798,3/9/2017,11:50:00,1,Collision with vehicle,5,Thursday,148,VEHICLE OFF FOOTPATH STRIKES VEH ON CARRIAGEWAY,1,43747,2,0,0,1,2,3,1,1,Cross intersection,3,50,Local Road,70+,Other injury,Bicyclists
T20170004820,2/20/2017,17:00:00,1,Collision with vehicle,2,Monday,137,LEFT TURN SIDESWIPE,1,42905,2,0,0,1,0,1,2,2,T intersection,3,60,Local Road,70+,Other injury,Bicyclists
T20170004843,3/10/2017,7:30:00,1,Collision with vehicle,6,Friday,116,LEFT NEAR (INTERSECTIONS ONLY),1,36051,2,0,0,1,1,2,2,2,T intersection,3,60,Local Road,40-49,Other injury,Bicyclists
T20170004844,3/10/2017,8:50:00,1,Collision with vehicle,6,Friday,147,VEHICLE STRIKES ANOTHER VEH WHILE EMERGING FROM DRIVEWAY,1,314974,2,0,0,1,1,2,1,5,Not at intersection,3,888,Arterial Highway,50-59,Other injury,Bicyclists
T20170004859,1/1/2017,1:10:00,8,No collision and no object struck,1,Sunday,172,OFF CARRIAGEWAY TO RIGHT,3,315033,2,0,0,1,0,1,2,5,Not at intersection,3,50,Local Road,30-39,Other injury,Bicyclists
T20170004885,3/6/2017,22:30:00,1,Collision with vehicle,2,Monday,110,CROSS TRAFFIC(INTERSECTIONS ONLY),3,29428,2,0,0,1,1,2,1,1,Cross intersection,3,40,Local Road,22-25,Other injury,Bicyclists
T20170004917,3/10/2017,17:42:00,1,Collision with vehicle,6,Friday,137,LEFT TURN SIDESWIPE,1,38779,2,1,0,0,1,2,1,1,Cross intersection,1,60,Arterial Highway,30-39,Fatality,Bicyclists
T20170004940,3/11/2017,11:20:00,1,Collision with vehicle,7,Saturday,134,LANE CHANGE RIGHT (NOT OVERTAKING),1,358575,2,0,1,0,1,2,1,5,Not at intersection,2,100,Uknown,40-49,Serious injury,Bicyclists
T20170004952,3/11/2017,12:30:00,1,Collision with vehicle,7,Saturday,121,RIGHT THROUGH,1,49919,2,0,0,1,1,2,2,1,Cross intersection,3,50,Local Road,30-39,Other injury,Bicyclists
T20170004971,3/10/2017,21:20:00,1,Collision with vehicle,6,Friday,121,RIGHT THROUGH,3,37115,2,0,1,0,1,2,1,1,Cross intersection,2,40,Local Road,30-39,Serious injury,Bicyclists
T20170004991,3/12/2017,6:27:00,1,Collision with vehicle,0,Sunday,130,REAR END(VEHICLES IN SAME LANE),3,317112,2,0,0,1,0,1,1,5,Not at intersection,3,60,Arterial Other,30-39,Other injury,Bicyclists
T20170004999,3/9/2017,21:20:00,1,Collision with vehicle,5,Thursday,121,RIGHT THROUGH,9,41121,2,0,1,0,1,2,2,1,Cross intersection,2,50,Arterial Other,50-59,Serious injury,Bicyclists
T20170005027,3/8/2017,19:30:00,1,Collision with vehicle,4,Wednesday,119,OTHER ADJACENT (INTERSECTIONS ONLY),1,317388,2,0,0,1,0,1,2,2,T intersection,3,50,Local Road,45424,Other injury,Bicyclists
T20170005030,3/5/2017,9:30:00,1,Collision with vehicle,1,Sunday,116,LEFT NEAR (INTERSECTIONS ONLY),9,224266,2,0,0,1,1,2,2,2,T intersection,3,60,Arterial Other,65-69,Other injury,Bicyclists
T20170005031,3/12/2017,18:20:00,1,Collision with vehicle,1,Sunday,121,RIGHT THROUGH,1,29405,2,0,0,1,1,2,1,1,Cross intersection,3,999,Local Road,22-25,Other injury,Bicyclists
T20170005038,3/12/2017,23:05:00,1,Collision with vehicle,0,Sunday,130,REAR END(VEHICLES IN SAME LANE),3,63459,2,0,0,1,0,1,1,1,Cross intersection,3,50,Local Road,40-49,Other injury,Bicyclists
T20170005045,3/12/2017,9:40:00,1,Collision with vehicle,1,Sunday,143,ENTERING PARKING,1,316425,2,0,0,1,1,2,1,5,Not at intersection,3,50,Local Road,50-59,Other injury,Bicyclists
T20170005051,3/13/2017,8:38:00,1,Collision with vehicle,2,Monday,148,VEHICLE OFF FOOTPATH STRIKES VEH ON CARRIAGEWAY,1,38815,2,0,1,0,1,2,1,2,T intersection,2,60,Arterial Other,30-39,Serious injury,Bicyclists
T20170005054,3/9/2017,17:45:00,1,Collision with vehicle,4,Thursday,136,RIGHT TURN SIDESWIPE,1,45205,2,0,0,1,1,2,2,2,T intersection,3,60,Arterial Other,50-59,Other injury,Bicyclists
T20170005055,3/13/2017,8:05:00,1,Collision with vehicle,2,Monday,113,RIGHT NEAR (INTERSECTIONS ONLY),1,29503,2,0,0,1,1,2,1,4,Multiple intersection,3,60,Local Road,40-49,Other injury,Bicyclists
T20170005056,3/13/2017,9:11:00,1,Collision with vehicle,2,Monday,111,RIGHT FAR (INTERSECTIONS ONLY),1,38785,2,0,1,0,2,3,1,2,T intersection,2,60,Uknown,50-59,Serious injury,Bicyclists
T20170005068,3/13/2017,10:40:00,1,Collision with vehicle,2,Monday,137,LEFT TURN SIDESWIPE,1,64730,2,0,1,0,2,3,1,2,T intersection,2,60,Uknown,50-59,Serious injury,Bicyclists
T20170005110,3/14/2017,7:41:00,1,Collision with vehicle,3,Tuesday,121,RIGHT THROUGH,1,36618,2,0,1,0,1,2,1,2,T intersection,2,40,Local Road,40-49,Serious injury,Bicyclists
T20170005122,3/13/2017,18:40:00,1,Collision with vehicle,2,Monday,121,RIGHT THROUGH,2,64515,2,0,1,0,1,2,1,1,Cross intersection,2,60,Arterial Other,50-59,Serious injury,Bicyclists
T20170005131,2/20/2017,15:00:00,1,Collision with vehicle,2,Monday,163,VEHICLE STRIKES DOOR OF PARKED/STATIONARY VEHICLE,9,133432,2,0,0,1,2,3,2,5,Not at intersection,3,999,Local Road,26-29,Other injury,Bicyclists
T20170005147,3/14/2017,14:15:00,1,Collision with vehicle,3,Tuesday,160,VEHICLE COLLIDES WITH VEHICLE PARKED ON LEFT OF ROAD,1,308791,2,0,0,1,1,2,1,2,T intersection,3,50,Local Road,26-29,Other injury,Bicyclists
T20170005168,3/14/2017,12:15:00,1,Collision with vehicle,3,Tuesday,143,ENTERING PARKING,1,148998,2,0,0,1,1,2,2,5,Not at intersection,3,40,Arterial Other,30-39,Other injury,Bicyclists
T20170005192,3/15/2017,5:54:00,1,Collision with vehicle,3,Wednesday,113,RIGHT NEAR (INTERSECTIONS ONLY),2,91640,2,0,1,0,1,2,1,1,Cross intersection,2,60,Freeway,30-39,Serious injury,Bicyclists
T20170005239,3/15/2017,17:20:00,1,Collision with vehicle,4,Wednesday,110,CROSS TRAFFIC(INTERSECTIONS ONLY),1,55758,2,0,1,0,2,3,1,1,Cross intersection,2,50,Local Road,30-39,Serious injury,Bicyclists
T20170005289,3/15/2017,7:05:00,1,Collision with vehicle,4,Wednesday,133,LANE SIDE SWIPE (VEHICLES IN PARALLEL LANES),1,667,2,0,0,1,0,1,2,1,Cross intersection,3,80,Arterial Highway,26-29,Other injury,Bicyclists
T20170005293,3/9/2017,22:30:00,1,Collision with vehicle,4,Thursday,130,REAR END(VEHICLES IN SAME LANE),9,116,2,0,0,1,0,1,2,1,Cross intersection,3,40,Local Road,26-29,Other injury,Bicyclists
T20170005308,3/4/2017,9:15:00,1,Collision with vehicle,7,Saturday,163,VEHICLE STRIKES DOOR OF PARKED/STATIONARY VEHICLE,1,315216,2,0,1,0,1,2,2,5,Not at intersection,2,50,Local Road,22-25,Serious injury,Bicyclists
T20170005326,2/27/2017,19:20:00,1,Collision with vehicle,2,Monday,133,LANE SIDE SWIPE (VEHICLES IN PARALLEL LANES),2,31040,3,0,0,2,1,3,2,2,T intersection,3,60,Arterial Other,13-15,Other injury,Bicyclists
T20170005331,3/11/2017,19:00:00,1,Collision with vehicle,7,Saturday,163,VEHICLE STRIKES DOOR OF PARKED/STATIONARY VEHICLE,9,315183,2,0,0,1,1,2,2,5,Not at intersection,3,50,Local Road,30-39,Other injury,Bicyclists
T20170005333,3/16/2017,18:00:00,1,Collision with vehicle,5,Thursday,133,LANE SIDE SWIPE (VEHICLES IN PARALLEL LANES),1,315204,2,0,0,1,1,2,1,2,T intersection,3,70,Arterial Other,50-59,Other injury,Bicyclists
T20170005334,3/16/2017,18:15:00,1,Collision with vehicle,5,Thursday,121,RIGHT THROUGH,1,67538,2,0,0,1,1,2,1,2,T intersection,3,40,Arterial Other,40-49,Other injury,Bicyclists
T20170005335,3/16/2017,17:22:00,1,Collision with vehicle,5,Thursday,119,OTHER ADJACENT (INTERSECTIONS ONLY),1,315671,2,0,1,0,1,2,1,2,T intersection,2,50,Local Road,45424,Serious injury,Bicyclists
T20170005340,3/16/2017,17:40:00,8,No collision and no object struck,5,Thursday,174,OUT OF CONTROL ON CARRIAGEWAY (ON STRAIGHT),1,337943,2,0,0,1,1,2,1,5,Not at intersection,3,888,Local Road,40-49,Other injury,Bicyclists
T20170005346,3/16/2017,17:50:00,1,Collision with vehicle,5,Thursday,121,RIGHT THROUGH,1,36505,2,0,0,1,1,2,1,2,T intersection,3,40,Local Road,26-29,Other injury,Bicyclists
T20170005366,11/7/2016,18:15:00,1,Collision with vehicle,1,Monday,160,VEHICLE COLLIDES WITH VEHICLE PARKED ON LEFT OF ROAD,9,213909,2,0,0,1,1,2,2,5,Not at intersection,3,50,Local Road,50-59,Other injury,Bicyclists
T20170005372,3/17/2017,8:30:00,1,Collision with vehicle,6,Friday,148,VEHICLE OFF FOOTPATH STRIKES VEH ON CARRIAGEWAY,1,61698,2,0,0,1,1,2,1,2,T intersection,3,50,Uknown,13-15,Other injury,Bicyclists
T20170005379,3/17/2017,6:55:00,1,Collision with vehicle,6,Friday,121,RIGHT THROUGH,1,37219,2,0,1,0,1,2,1,1,Cross intersection,2,40,Arterial Other,30-39,Serious injury,Bicyclists
T20170005398,3/17/2017,9:40:00,1,Collision with vehicle,6,Friday,113,RIGHT NEAR (INTERSECTIONS ONLY),1,73872,2,0,0,2,0,2,1,2,T intersection,3,50,Uknown,65-69,Other injury,Bicyclists
T20170005416,3/15/2017,8:00:00,1,Collision with vehicle,3,Wednesday,133,LANE SIDE SWIPE (VEHICLES IN PARALLEL LANES),1,315210,2,0,0,1,1,2,1,5,Not at intersection,3,100,Arterial Other,50-59,Other injury,Bicyclists
T20170005426,3/17/2017,19:15:00,1,Collision with vehicle,6,Friday,148,VEHICLE OFF FOOTPATH STRIKES VEH ON CARRIAGEWAY,1,29372,2,0,1,0,1,2,1,1,Cross intersection,2,60,Arterial Highway,18-21,Serious injury,Bicyclists
T20170005450,3/17/2017,21:40:00,1,Collision with vehicle,6,Friday,121,RIGHT THROUGH,3,45587,2,0,1,0,1,2,1,2,T intersection,2,60,Arterial Other,30-39,Serious injury,Bicyclists
T20170005463,3/18/2017,8:20:00,6,Vehicle overturned (no collision),7,Saturday,170,OFF CARRIAGEWAY TO LEFT,1,315223,1,0,1,0,0,1,1,5,Not at intersection,2,80,Local Road,50-59,Serious injury,Bicyclists
T20170005467,3/18/2017,8:00:00,1,Collision with vehicle,7,Saturday,115,RIGHT/LEFT FAR (INTERSECTIONS ONLY),1,315336,2,0,1,0,1,2,1,2,T intersection,2,999,Uknown,30-39,Serious injury,Bicyclists
T20170005471,3/18/2017,8:36:00,1,Collision with vehicle,7,Saturday,110,CROSS TRAFFIC(INTERSECTIONS ONLY),1,49929,2,0,1,0,1,2,1,1,Cross intersection,2,60,Arterial Highway,26-29,Serious injury,Bicyclists
T20170005474,3/18/2017,8:40:00,1,Collision with vehicle,7,Saturday,113,RIGHT NEAR (INTERSECTIONS ONLY),1,40090,2,0,1,0,1,2,1,2,T intersection,2,70,Arterial Other,65-69,Serious injury,Bicyclists
T20170005483,3/18/2017,8:10:00,1,Collision with vehicle,7,Saturday,121,RIGHT THROUGH,1,33663,2,0,1,0,2,3,1,2,T intersection,2,60,Arterial Highway,50-59,Serious injury,Bicyclists
T20170005509,3/18/2017,9:55:00,1,Collision with vehicle,7,Saturday,137,LEFT TURN SIDESWIPE,1,37770,2,0,0,1,1,2,2,2,T intersection,3,999,Arterial Other,30-39,Other injury,Bicyclists
T20170005527,3/19/2017,9:00:00,1,Collision with vehicle,1,Sunday,135,LANE CHANGE LEFT (NOT OVERTAKING),1,315784,2,0,1,0,1,2,1,5,Not at intersection,2,100,Arterial Other,30-39,Serious injury,Bicyclists
T20170005529,3/19/2017,9:25:00,1,Collision with vehicle,0,Sunday,110,CROSS TRAFFIC(INTERSECTIONS ONLY),1,39107,2,0,0,1,1,2,1,1,Cross intersection,3,60,Arterial Other,40-49,Other injury,Bicyclists
T20170005563,3/19/2017,14:00:00,1,Collision with vehicle,1,Sunday,121,RIGHT THROUGH,1,62763,2,0,0,1,1,2,2,2,T intersection,3,60,Local Road,16-17,Other injury,Bicyclists
T20170005586,3/11/2017,1:23:00,1,Collision with vehicle,7,Saturday,160,VEHICLE COLLIDES WITH VEHICLE PARKED ON LEFT OF ROAD,3,316394,2,0,1,0,0,1,1,5,Not at intersection,2,40,Local Road,30-39,Serious injury,Bicyclists
T20170005596,3/20/2017,8:00:00,1,Collision with vehicle,2,Monday,110,CROSS TRAFFIC(INTERSECTIONS ONLY),1,51922,2,0,1,0,1,2,1,1,Cross intersection,2,60,Arterial Other,30-39,Serious injury,Bicyclists
T20170005598,3/20/2017,8:06:00,1,Collision with vehicle,2,Monday,121,RIGHT THROUGH,1,35714,2,0,1,1,0,2,1,1,Cross intersection,2,60,Arterial Other,60-64,Serious injury,Bicyclists
T20170005607,3/20/2017,7:30:00,1,Collision with vehicle,2,Monday,143,ENTERING PARKING,1,315442,2,0,0,1,2,3,1,5,Not at intersection,3,50,Local Road,30-39,Other injury,Bicyclists
T20170005658,3/7/2017,14:45:00,1,Collision with vehicle,3,Tuesday,148,VEHICLE OFF FOOTPATH STRIKES VEH ON CARRIAGEWAY,1,73878,2,0,0,1,1,2,2,2,T intersection,3,999,Local Road,13-15,Other injury,Bicyclists
T20170005674,3/20/2017,13:12:00,1,Collision with vehicle,2,Monday,121,RIGHT THROUGH,1,315445,2,0,1,0,1,2,1,5,Not at intersection,2,50,Local Road,18-21,Serious injury,Bicyclists
T20170005706,1/19/2017,8:00:00,1,Collision with vehicle,4,Thursday,163,VEHICLE STRIKES DOOR OF PARKED/STATIONARY VEHICLE,9,315733,2,0,0,1,1,2,2,5,Not at intersection,3,60,Arterial Other,30-39,Other injury,Bicyclists
T20170005722,3/21/2017,17:25:00,1,Collision with vehicle,2,Tuesday,133,LANE SIDE SWIPE (VEHICLES IN PARALLEL LANES),1,316648,3,0,1,0,0,1,1,5,Not at intersection,2,40,Local Road,22-25,Serious injury,Bicyclists