ACCIDENT_NO,ACCIDENT_DATE,ACCIDENT_TIME,ACCIDENT_TYPE,ACCIDENT_TYPE_DESC,DAY_OF_WEEK,DAY_WEEK_DESC,DCA_CODE,DCA_DESC,LIGHT_CONDITION,NODE_ID,NO_OF_VEHICLES,NO_PERSONS_KILLED,NO_PERSONS_INJ_2,NO_PERSONS_INJ_3,NO_PERSONS_NOT_INJ,NO_PERSONS,POLICE_ATTEND,ROAD_GEOMETRY,ROAD_GEOMETRY_DESC,SEVERITY,SPEED_ZONE,RMA,AGE_GROUP,INJ_LEVEL,ROAD_USER_TYPE_DESC
T20170005757,3/10/2017,17:15:00,1,Collision with vehicle,6,Friday,121,RIGHT THROUGH,1,41124,2,0,0,1,1,2,2,1,Cross intersection,3,50,Arterial Other,22-25,Other injury,Bicyclists
T20170005760,3/22/2017,7:50:00,1,Collision with vehicle,3,Wednesday,163,VEHICLE STRIKES DOOR OF PARKED/STATIONARY VEHICLE,1,318643,2,0,0,1,1,2,2,5,Not at intersection,3,60,Local Road,40-49,Other injury,Bicyclists
T20170005795,3/22/2017,15:25:00,1,Collision with vehicle,4,Wednesday,110,CROSS TRAFFIC(INTERSECTIONS ONLY),1,29441,2,0,0,1,1,2,2,1,Cross intersection,3,50,Arterial Other,30-39,Other injury,Bicyclists
T20170005800,3/22/2017,17:10:00,1,Collision with vehicle,4,Wednesday,119,OTHER ADJACENT (INTERSECTIONS ONLY),1,810,2,0,1,0,2,3,1,2,T intersection,2,50,Local Road,30-39,Serious injury,Bicyclists
T20170005813,3/22/2017,17:00:00,1,Collision with vehicle,4,Wednesday,121,RIGHT THROUGH,1,37702,2,0,0,1,1,2,1,2,T intersection,3,40,Local Road,22-25,Other injury,Bicyclists
T20170005823,2/5/2017,9:30:00,1,Collision with vehicle,1,Sunday,137,LEFT TURN SIDESWIPE,1,315417,2,0,0,1,0,1,2,5,Not at intersection,3,999,Uknown,60-64,Other injury,Bicyclists
T20170005866,2/28/2017,19:17:00,1,Collision with vehicle,3,Tuesday,163,VEHICLE STRIKES DOOR OF PARKED/STATIONARY VEHICLE,1,315667,2,0,0,1,1,2,2,5,Not at intersection,3,60,Local Road,26-29,Other injury,Bicyclists
T20170005876,3/23/2017,8:00:00,1,Collision with vehicle,5,Thursday,113,RIGHT NEAR (INTERSECTIONS ONLY),1,315457,2,0,0,1,1,2,1,4,Multiple intersection,3,50,Local Road,40-49,Other injury,Bicyclists
T20170005877,3/21/2017,8:30:00,1,Collision with vehicle,3,Tuesday,110,CROSS TRAFFIC(INTERSECTIONS ONLY),1,37760,2,0,1,0,1,2,2,1,Cross intersection,2,60,Local Road,40-49,Serious injury,Bicyclists
T20170005879,3/23/2017,17:15:00,1,Collision with vehicle,5,Thursday,139,OTHER SAME DIRECTION-MANOUEVRES NOT INCLUDED IN DCAs 130-137,1,222615,2,0,1,0,1,2,1,4,Multiple intersection,2,60,Arterial Highway,30-39,Serious injury,Bicyclists
T20170005880,3/23/2017,15:55:00,1,Collision with vehicle,4,Thursday,121,RIGHT THROUGH,1,358780,2,0,0,1,1,2,1,5,Not at intersection,3,50,Arterial Other,50-59,Other injury,Bicyclists
T20170005924,3/18/2017,19:00:00,1,Collision with vehicle,7,Saturday,163,VEHICLE STRIKES DOOR OF PARKED/STATIONARY VEHICLE,1,318162,2,0,1,0,2,3,2,5,Not at intersection,2,999,Uknown,40-49,Serious injury,Bicyclists
T20170005979,3/24/2017,16:20:00,1,Collision with vehicle,6,Friday,154,PULLING OUT -REAR END,1,315427,2,1,0,0,1,2,1,5,Not at intersection,1,100,Uknown,65-69,Fatality,Bicyclists
T20170005998,3/24/2017,7:00:00,1,Collision with vehicle,6,Friday,121,RIGHT THROUGH,2,45601,2,0,2,0,0,2,1,2,T intersection,2,60,Local Road,40-49,Serious injury,Bicyclists
T20170006006,3/4/2017,12:10:00,1,Collision with vehicle,7,Saturday,133,LANE SIDE SWIPE (VEHICLES IN PARALLEL LANES),1,315463,2,0,1,0,0,1,2,5,Not at intersection,2,40,Local Road,16-17,Serious injury,Bicyclists
T20170006009,7/8/2014,16:45:00,1,Collision with vehicle,3,Tuesday,147,VEHICLE STRIKES ANOTHER VEH WHILE EMERGING FROM DRIVEWAY,1,315455,2,0,0,1,0,1,2,5,Not at intersection,3,999,Arterial Other,13-15,Other injury,Bicyclists
T20170006011,3/25/2017,11:40:00,1,Collision with vehicle,7,Saturday,136,RIGHT TURN SIDESWIPE,1,35713,2,0,0,1,1,2,1,2,T intersection,3,40,Arterial Other,40-49,Other injury,Bicyclists
T20170006026,3/25/2017,7:50:00,1,Collision with vehicle,7,Saturday,110,CROSS TRAFFIC(INTERSECTIONS ONLY),1,39916,2,0,1,0,1,2,1,1,Cross intersection,2,50,Uknown,50-59,Serious injury,Bicyclists
T20170006071,3/26/2017,10:40:00,1,Collision with vehicle,1,Sunday,139,OTHER SAME DIRECTION-MANOUEVRES NOT INCLUDED IN DCAs 130-137,1,315492,3,0,0,1,1,2,1,5,Not at intersection,3,60,Arterial Other,30-39,Other injury,Bicyclists
T20170006073,3/21/2017,13:45:00,1,Collision with vehicle,3,Tuesday,132,RIGHT REAR.,1,40376,2,0,0,1,1,2,2,2,T intersection,3,60,Arterial Other,40-49,Other injury,Bicyclists
T20170006079,3/26/2017,12:50:00,1,Collision with vehicle,1,Sunday,147,VEHICLE STRIKES ANOTHER VEH WHILE EMERGING FROM DRIVEWAY,1,315485,2,0,0,1,1,2,2,5,Not at intersection,3,999,Arterial Highway,13-15,Other injury,Bicyclists
T20170006082,3/26/2017,8:30:00,1,Collision with vehicle,1,Sunday,121,RIGHT THROUGH,1,51610,2,0,0,1,1,2,2,1,Cross intersection,3,50,Arterial Highway,22-25,Other injury,Bicyclists
T20170006099,3/18/2017,10:30:00,1,Collision with vehicle,7,Saturday,116,LEFT NEAR (INTERSECTIONS ONLY),1,315628,2,0,0,1,1,2,2,2,T intersection,3,50,Local Road,13-15,Other injury,Bicyclists
T20170006126,3/25/2017,14:45:00,1,Collision with vehicle,6,Saturday,121,RIGHT THROUGH,1,36499,2,0,0,1,0,1,2,1,Cross intersection,3,50,Local Road,26-29,Other injury,Bicyclists
T20170006129,3/10/2017,7:30:00,1,Collision with vehicle,5,Friday,163,VEHICLE STRIKES DOOR OF PARKED/STATIONARY VEHICLE,1,316247,2,0,0,1,2,3,2,5,Not at intersection,3,40,Local Road,30-39,Other injury,Bicyclists
T20170006145,3/24/2017,12:00:00,1,Collision with vehicle,6,Friday,130,REAR END(VEHICLES IN SAME LANE),1,315589,2,0,0,1,0,1,2,5,Not at intersection,3,60,Local Road,40-49,Other injury,Bicyclists
T20170006161,3/24/2017,9:30:00,1,Collision with vehicle,6,Friday,116,LEFT NEAR (INTERSECTIONS ONLY),1,36368,2,0,1,0,1,2,2,2,T intersection,2,60,Local Road,18-21,Serious injury,Bicyclists
T20170006209,3/23/2017,17:15:00,1,Collision with vehicle,5,Thursday,142,LEAVING PARKING,9,316128,2,0,0,1,1,2,2,5,Not at intersection,3,999,Local Road,30-39,Other injury,Bicyclists
T20170006233,3/10/2017,5:50:00,1,Collision with vehicle,6,Friday,130,REAR END(VEHICLES IN SAME LANE),2,43805,2,0,0,1,0,1,2,2,T intersection,3,60,Arterial Other,18-21,Other injury,Bicyclists
T20170006235,3/27/2017,7:45:00,1,Collision with vehicle,2,Monday,137,LEFT TURN SIDESWIPE,1,316084,2,0,0,1,1,2,2,3,Y intersection,3,40,Local Road,30-39,Other injury,Bicyclists
T20170006296,3/28/2017,15:15:00,1,Collision with vehicle,3,Tuesday,136,RIGHT TURN SIDESWIPE,1,39979,2,0,1,0,1,2,1,2,T intersection,2,50,Local Road,26-29,Serious injury,Bicyclists
T20170006320,3/29/2017,8:40:00,1,Collision with vehicle,4,Wednesday,137,LEFT TURN SIDESWIPE,1,315758,2,0,0,1,1,2,2,5,Not at intersection,3,40,Arterial Other,40-49,Other injury,Bicyclists
T20170006334,3/22/2017,14:45:00,1,Collision with vehicle,4,Wednesday,163,VEHICLE STRIKES DOOR OF PARKED/STATIONARY VEHICLE,1,315816,2,0,1,0,2,3,2,5,Not at intersection,2,40,Local Road,40-49,Serious injury,Bicyclists
T20170006345,3/29/2017,12:40:00,1,Collision with vehicle,4,Wednesday,116,LEFT NEAR (INTERSECTIONS ONLY),1,315682,2,0,0,1,1,2,1,2,T intersection,3,50,Arterial Highway,40-49,Other injury,Bicyclists
T20170006356,3/28/2017,16:00:00,1,Collision with vehicle,3,Tuesday,163,VEHICLE STRIKES DOOR OF PARKED/STATIONARY VEHICLE,1,315630,2,0,0,1,0,1,2,5,Not at intersection,3,50,Arterial Other,40-49,Other injury,Bicyclists
T20170006372,3/29/2017,20:00:00,1,Collision with vehicle,4,Wednesday,147,VEHICLE STRIKES ANOTHER VEH WHILE EMERGING FROM DRIVEWAY,3,315665,2,0,0,1,0,1,2,5,Not at intersection,3,999,Local Road,16-17,Other injury,Bicyclists
T20170006404,3/30/2017,8:00:00,1,Collision with vehicle,5,Thursday,137,LEFT TURN SIDESWIPE,1,37323,2,0,0,1,1,2,1,2,T intersection,3,60,Arterial Other,50-59,Other injury,Bicyclists
T20170006413,3/29/2017,12:00:00,1,Collision with vehicle,4,Wednesday,110,CROSS TRAFFIC(INTERSECTIONS ONLY),1,50976,2,0,0,1,1,2,2,1,Cross intersection,3,40,Local Road,30-39,Other injury,Bicyclists
T20170006414,3/8/2017,18:15:00,1,Collision with vehicle,4,Wednesday,163,VEHICLE STRIKES DOOR OF PARKED/STATIONARY VEHICLE,1,316164,2,0,0,1,1,2,2,5,Not at intersection,3,999,Local Road,50-59,Other injury,Bicyclists
T20170006418,3/27/2017,5:10:00,1,Collision with vehicle,2,Monday,133,LANE SIDE SWIPE (VEHICLES IN PARALLEL LANES),3,315997,2,0,0,2,0,2,2,5,Not at intersection,3,60,Arterial Highway,40-49,Other injury,Bicyclists
T20170006427,3/18/2017,17:40:00,1,Collision with vehicle,7,Saturday,137,LEFT TURN SIDESWIPE,1,317489,2,0,0,1,0,1,2,5,Not at intersection,3,60,Arterial Highway,26-29,Other injury,Bicyclists
T20170006431,3/28/2017,15:30:00,1,Collision with vehicle,3,Tuesday,163,VEHICLE STRIKES DOOR OF PARKED/STATIONARY VEHICLE,1,315685,2,0,0,1,1,2,2,5,Not at intersection,3,60,Arterial Other,40-49,Other injury,Bicyclists
T20170006469,3/31/2017,8:35:00,1,Collision with vehicle,5,Friday,135,LANE CHANGE LEFT (NOT OVERTAKING),1,316115,2,0,1,0,1,2,1,5,Not at intersection,2,60,Arterial Other,40-49,Serious injury,Bicyclists
T20170006472,3/26/2017,14:10:00,1,Collision with vehicle,1,Sunday,130,REAR END(VEHICLES IN SAME LANE),1,315748,2,0,1,0,0,1,2,5,Not at intersection,2,60,Local Road,40-49,Serious injury,Bicyclists
T20170006476,3/31/2017,8:20:00,1,Collision with vehicle,6,Friday,113,RIGHT NEAR (INTERSECTIONS ONLY),1,43103,2,0,1,0,1,2,1,2,T intersection,2,60,Local Road,26-29,Serious injury,Bicyclists
T20170006493,3/31/2017,5:35:00,1,Collision with vehicle,5,Friday,113,RIGHT NEAR (INTERSECTIONS ONLY),6,258510,2,0,0,1,1,2,2,2,T intersection,3,70,Local Road,50-59,Other injury,Bicyclists
T20170006523,3/31/2017,15:40:00,1,Collision with vehicle,6,Friday,110,CROSS TRAFFIC(INTERSECTIONS ONLY),1,316255,2,0,0,1,0,1,2,1,Cross intersection,3,40,Local Road,16-17,Other injury,Bicyclists
T20170006529,3/31/2017,17:40:00,1,Collision with vehicle,6,Friday,110,CROSS TRAFFIC(INTERSECTIONS ONLY),1,45583,2,0,1,1,0,2,1,1,Cross intersection,2,40,Arterial Other,26-29,Serious injury,Bicyclists
T20170006552,4/1/2017,8:35:00,1,Collision with vehicle,7,Saturday,113,RIGHT NEAR (INTERSECTIONS ONLY),1,36121,2,0,0,1,1,2,1,1,Cross intersection,3,60,Arterial Highway,40-49,Other injury,Bicyclists
T20170006559,3/29/2017,16:30:00,1,Collision with vehicle,4,Wednesday,121,RIGHT THROUGH,1,35754,2,0,0,1,1,2,2,2,T intersection,3,60,Uknown,70+,Other injury,Bicyclists
T20170006570,3/30/2017,8:15:00,1,Collision with vehicle,5,Thursday,150,HEAD ON(OVERTAKING),1,37878,3,0,0,2,1,3,2,2,T intersection,3,888,Arterial Highway,40-49,Other injury,Bicyclists
T20170006579,3/31/2017,17:50:00,8,No collision and no object struck,6,Friday,174,OUT OF CONTROL ON CARRIAGEWAY (ON STRAIGHT),9,319131,3,0,0,1,3,4,2,5,Not at intersection,3,999,Local Road,30-39,Other injury,Bicyclists
T20170006626,4/2/2017,10:05:00,1,Collision with vehicle,1,Sunday,153,CUTTING IN (OVERTAKING),1,315882,2,0,0,1,1,2,1,5,Not at intersection,3,100,Arterial Other,65-69,Other injury,Bicyclists
T20170006647,3/31/2017,22:30:00,1,Collision with vehicle,6,Friday,133,LANE SIDE SWIPE (VEHICLES IN PARALLEL LANES),3,315907,2,0,0,1,1,2,2,5,Not at intersection,3,40,Local Road,22-25,Other injury,Bicyclists
T20170006665,4/3/2017,5:45:00,1,Collision with vehicle,2,Monday,113,RIGHT NEAR (INTERSECTIONS ONLY),3,243933,2,0,0,1,1,2,1,2,T intersection,3,60,Arterial Highway,40-49,Other injury,Bicyclists
T20170006671,4/3/2017,7:55:00,1,Collision with vehicle,2,Monday,147,VEHICLE STRIKES ANOTHER VEH WHILE EMERGING FROM DRIVEWAY,1,315932,2,0,1,1,0,2,1,5,Not at intersection,2,40,Local Road,26-29,Serious injury,Bicyclists
T20170006681,4/3/2017,8:54:00,1,Collision with vehicle,2,Monday,163,VEHICLE STRIKES DOOR OF PARKED/STATIONARY VEHICLE,1,316169,2,0,1,0,1,2,1,5,Not at intersection,2,60,Local Road,50-59,Serious injury,Bicyclists
T20170006688,3/12/2017,18:00:00,8,No collision and no object struck,1,Sunday,174,OUT OF CONTROL ON CARRIAGEWAY (ON STRAIGHT),1,398,1,0,0,1,0,1,2,1,Cross intersection,3,60,Arterial Other,30-39,Other injury,Bicyclists
T20170006689,4/3/2017,12:30:00,1,Collision with vehicle,2,Monday,137,LEFT TURN SIDESWIPE,1,65743,2,0,0,1,1,2,2,1,Cross intersection,3,40,Local Road,22-25,Other injury,Bicyclists
T20170006711,4/3/2017,17:29:00,1,Collision with vehicle,2,Monday,121,RIGHT THROUGH,2,44676,2,0,1,0,1,2,1,1,Cross intersection,2,50,Local Road,50-59,Serious injury,Bicyclists
T20170006712,4/3/2017,17:55:00,1,Collision with vehicle,2,Monday,143,ENTERING PARKING,2,315890,2,0,1,0,1,2,1,5,Not at intersection,2,60,Local Road,30-39,Serious injury,Bicyclists
T20170006713,4/3/2017,17:48:00,1,Collision with vehicle,2,Monday,121,RIGHT THROUGH,1,29364,2,0,1,0,1,2,1,2,T intersection,2,50,Arterial Highway,26-29,Serious injury,Bicyclists
T20170006718,4/3/2017,16:45:00,1,Collision with vehicle,2,Monday,121,RIGHT THROUGH,1,65916,2,0,0,1,1,2,1,2,T intersection,3,60,Arterial Other,26-29,Other injury,Bicyclists
T20170006741,4/4/2017,7:10:00,1,Collision with vehicle,3,Tuesday,116,LEFT NEAR (INTERSECTIONS ONLY),1,315892,2,0,1,0,1,2,1,2,T intersection,2,70,Arterial Other,40-49,Serious injury,Bicyclists
T20170006744,4/4/2017,8:20:00,1,Collision with vehicle,3,Tuesday,137,LEFT TURN SIDESWIPE,1,30008,2,0,0,1,1,2,1,1,Cross intersection,3,60,Arterial Other,65-69,Other injury,Bicyclists
T20170006757,4/4/2017,8:10:00,8,No collision and no object struck,3,Tuesday,174,OUT OF CONTROL ON CARRIAGEWAY (ON STRAIGHT),1,322051,1,1,0,0,0,1,1,5,Not at intersection,1,80,Local Road,60-64,Fatality,Bicyclists
T20170006772,4/4/2017,12:30:00,1,Collision with vehicle,3,Tuesday,121,RIGHT THROUGH,1,36215,2,0,0,1,4,5,1,2,T intersection,3,40,Arterial Other,18-21,Other injury,Bicyclists
T20170006776,3/26/2017,10:50:00,1,Collision with vehicle,1,Sunday,147,VEHICLE STRIKES ANOTHER VEH WHILE EMERGING FROM DRIVEWAY,1,315941,2,0,0,1,1,2,1,5,Not at intersection,3,50,Local Road,40-49,Other injury,Bicyclists
T20170006783,4/4/2017,15:40:00,1,Collision with vehicle,3,Tuesday,130,REAR END(VEHICLES IN SAME LANE),1,36494,2,0,0,1,0,1,1,1,Cross intersection,3,40,Local Road,50-59,Other injury,Bicyclists
T20170006802,4/4/2017,5:50:00,1,Collision with vehicle,2,Tuesday,116,LEFT NEAR (INTERSECTIONS ONLY),3,39557,2,0,0,1,1,2,1,2,T intersection,3,70,Arterial Highway,50-59,Other injury,Bicyclists
T20170006810,4/5/2017,8:20:00,1,Collision with vehicle,4,Wednesday,110,CROSS TRAFFIC(INTERSECTIONS ONLY),1,48705,2,0,1,0,1,2,1,1,Cross intersection,2,60,Arterial Other,50-59,Serious injury,Bicyclists
T20170006817,4/5/2017,8:00:00,1,Collision with vehicle,4,Wednesday,110,CROSS TRAFFIC(INTERSECTIONS ONLY),1,317590,2,0,0,1,1,2,2,1,Cross intersection,3,40,Local Road,30-39,Other injury,Bicyclists
T20170006820,4/3/2017,11:30:00,1,Collision with vehicle,2,Monday,114,TWO RIGHT TURNING (INTERSECTIONS ONLY),1,584504,2,0,0,3,0,3,1,2,T intersection,3,100,Arterial Other,65-69,Other injury,Bicyclists
T20170006828,4/5/2017,8:25:00,8,No collision and no object struck,4,Wednesday,174,OUT OF CONTROL ON CARRIAGEWAY (ON STRAIGHT),1,315980,2,0,1,0,0,1,2,5,Not at intersection,2,50,Local Road,30-39,Serious injury,Bicyclists
T20170006866,4/5/2017,18:14:00,1,Collision with vehicle,4,Wednesday,110,CROSS TRAFFIC(INTERSECTIONS ONLY),2,35396,2,0,1,0,1,2,1,1,Cross intersection,2,50,Local Road,40-49,Serious injury,Bicyclists
T20170006868,4/5/2017,18:34:00,1,Collision with vehicle,4,Wednesday,121,RIGHT THROUGH,3,29385,2,0,0,1,2,3,1,1,Cross intersection,3,40,Arterial Other,16-17,Other injury,Bicyclists
T20170006869,4/5/2017,16:50:00,1,Collision with vehicle,4,Wednesday,149,OTHER MANOEUVRING NOT INCLUDED IN DCAs 140-148,1,316005,2,0,0,1,1,2,2,5,Not at intersection,3,60,Arterial Highway,50-59,Other injury,Bicyclists
T20170006873,4/5/2017,20:00:00,1,Collision with vehicle,4,Wednesday,119,OTHER ADJACENT (INTERSECTIONS ONLY),3,48870,2,0,0,1,1,2,2,2,T intersection,3,60,Arterial Highway,22-25,Other injury,Bicyclists
T20170006889,3/31/2017,14:30:00,1,Collision with vehicle,6,Friday,116,LEFT NEAR (INTERSECTIONS ONLY),1,317326,2,0,0,1,1,2,2,2,T intersection,3,999,Local Road,26-29,Other injury,Bicyclists
T20170006893,4/6/2017,6:15:00,8,No collision and no object struck,5,Thursday,174,OUT OF CONTROL ON CARRIAGEWAY (ON STRAIGHT),2,39054,1,0,0,1,0,1,1,4,Multiple intersection,3,60,Arterial Other,40-49,Other injury,Bicyclists
T20170006897,4/4/2017,11:00:00,1,Collision with vehicle,3,Tuesday,120,HEAD ON (NOT OVERTAKING),1,316021,2,0,0,1,1,2,2,5,Not at intersection,3,50,Local Road,70+,Other injury,Bicyclists
T20170006911,4/6/2017,10:45:00,1,Collision with vehicle,4,Thursday,147,VEHICLE STRIKES ANOTHER VEH WHILE EMERGING FROM DRIVEWAY,1,10345,2,0,1,0,1,2,1,5,Not at intersection,2,999,Uknown,22-25,Serious injury,Bicyclists
T20170006944,4/6/2017,17:59:00,8,No collision and no object struck,5,Thursday,174,OUT OF CONTROL ON CARRIAGEWAY (ON STRAIGHT),3,316147,2,0,1,0,1,2,1,5,Not at intersection,2,50,Local Road,22-25,Serious injury,Bicyclists
T20170006988,4/7/2017,9:15:00,1,Collision with vehicle,6,Friday,163,VEHICLE STRIKES DOOR OF PARKED/STATIONARY VEHICLE,1,316342,2,0,1,0,1,2,2,5,Not at intersection,2,999,Arterial Other,30-39,Serious injury,Bicyclists
T20170007000,4/7/2017,15:31:00,1,Collision with vehicle,6,Friday,121,RIGHT THROUGH,1,37717,2,0,0,1,1,2,1,2,T intersection,3,40,Arterial Other,30-39,Other injury,Bicyclists
T20170007039,4/7/2017,18:05:00,1,Collision with vehicle,6,Friday,130,REAR END(VEHICLES IN SAME LANE),2,316151,2,0,1,0,1,2,1,5,Not at intersection,2,80,Local Road,26-29,Serious injury,Bicyclists
T20170007057,4/8/2017,7:30:00,1,Collision with vehicle,7,Saturday,116,LEFT NEAR (INTERSECTIONS ONLY),1,46856,2,0,1,0,1,2,1,2,T intersection,2,80,Arterial Highway,50-59,Serious injury,Bicyclists
T20170007062,4/8/2017,10:00:00,1,Collision with vehicle,6,Saturday,143,ENTERING PARKING,1,316062,2,0,1,0,1,2,1,5,Not at intersection,2,60,Local Road,30-39,Serious injury,Bicyclists
T20170007068,4/7/2017,14:56:00,1,Collision with vehicle,6,Friday,148,VEHICLE OFF FOOTPATH STRIKES VEH ON CARRIAGEWAY,1,316774,2,0,1,0,1,2,2,5,Not at intersection,2,60,Uknown,13-15,Serious injury,Bicyclists
T20170007083,4/8/2017,10:45:00,1,Collision with vehicle,7,Saturday,143,ENTERING PARKING,1,316569,2,0,0,1,1,2,2,5,Not at intersection,3,999,Arterial Other,40-49,Other injury,Bicyclists
T20170007127,4/6/2017,9:20:00,1,Collision with vehicle,5,Thursday,137,LEFT TURN SIDESWIPE,1,29834,2,0,0,1,1,2,1,2,T intersection,3,60,Arterial Other,70+,Other injury,Bicyclists
T20170007128,4/9/2017,7:30:00,1,Collision with vehicle,1,Sunday,116,LEFT NEAR (INTERSECTIONS ONLY),1,44387,2,0,1,0,1,2,1,2,T intersection,2,60,Arterial Other,40-49,Serious injury,Bicyclists
T20170007157,4/9/2017,3:15:00,1,Collision with vehicle,1,Sunday,130,REAR END(VEHICLES IN SAME LANE),3,316880,2,0,1,0,1,2,1,5,Not at intersection,2,60,Arterial Highway,26-29,Serious injury,Bicyclists
T20170007175,2/26/2017,17:15:00,1,Collision with vehicle,1,Sunday,113,RIGHT NEAR (INTERSECTIONS ONLY),1,37700,2,0,0,1,1,2,2,2,T intersection,3,50,Local Road,40-49,Other injury,Bicyclists
T20170007198,4/10/2017,6:00:00,1,Collision with vehicle,2,Monday,148,VEHICLE OFF FOOTPATH STRIKES VEH ON CARRIAGEWAY,3,35500,2,0,1,0,1,2,1,1,Cross intersection,2,60,Arterial Highway,40-49,Serious injury,Bicyclists
T20170007228,4/4/2017,5:15:00,4,Collision with a fixed object,3,Tuesday,171,LEFT OFF CARRIAGEWAY INTO OBJECT/PARKED VEHICLE,9,316176,1,0,0,1,0,1,2,5,Not at intersection,3,999,Arterial Other,40-49,Other injury,Bicyclists
T20170007255,4/10/2017,17:10:00,1,Collision with vehicle,2,Monday,121,RIGHT THROUGH,1,29444,2,0,0,1,1,2,1,2,T intersection,3,40,Local Road,22-25,Other injury,Bicyclists
T20170007263,4/10/2017,19:30:00,1,Collision with vehicle,2,Monday,163,VEHICLE STRIKES DOOR OF PARKED/STATIONARY VEHICLE,3,316374,2,0,0,1,1,2,2,5,Not at intersection,3,40,Local Road,22-25,Other injury,Bicyclists
T20170007291,4/11/2017,8:45:00,1,Collision with vehicle,3,Tuesday,116,LEFT NEAR (INTERSECTIONS ONLY),1,38924,2,0,0,2,0,2,1,1,Cross intersection,3,60,Arterial Other,50-59,Other injury,Bicyclists
T20170007294,4/11/2017,9:25:00,1,Collision with vehicle,3,Tuesday,135,LANE CHANGE LEFT (NOT OVERTAKING),1,316160,2,0,0,1,1,2,1,5,Not at intersection,3,40,Arterial Other,30-39,Other injury,Bicyclists
T20170007303,4/11/2017,10:30:00,1,Collision with vehicle,3,Tuesday,111,RIGHT FAR (INTERSECTIONS ONLY),1,44260,2,0,1,0,1,2,1,1,Cross intersection,2,60,Arterial Other,70+,Serious injury,Bicyclists
T20170007318,4/11/2017,7:45:00,1,Collision with vehicle,3,Tuesday,121,RIGHT THROUGH,1,36483,2,0,0,1,2,3,1,1,Cross intersection,3,50,Arterial Other,30-39,Other injury,Bicyclists
T20170007354,4/11/2017,23:25:00,1,Collision with vehicle,3,Tuesday,142,LEAVING PARKING,3,316194,2,0,0,1,1,2,1,5,Not at intersection,3,60,Local Road,18-21,Other injury,Bicyclists
T20170007362,11/29/2016,7:00:00,1,Collision with vehicle,3,Tuesday,162,ACCIDENT OR BROKEN DOWN,1,316330,3,0,0,1,1,2,2,5,Not at intersection,3,50,Local Road,Unknown,Not injured,Bicyclists
T20170007388,4/12/2017,8:45:00,1,Collision with vehicle,4,Wednesday,121,RIGHT THROUGH,1,45490,2,0,1,1,0,2,1,2,T intersection,2,60,Arterial Other,30-39,Serious injury,Bicyclists
T20170007407,4/12/2017,17:20:00,1,Collision with vehicle,4,Wednesday,121,RIGHT THROUGH,2,43599,2,0,0,1,1,2,1,2,T intersection,3,60,Arterial Other,26-29,Other injury,Bicyclists
T20170007421,4/11/2017,22:30:00,1,Collision with vehicle,3,Tuesday,121,RIGHT THROUGH,3,67563,2,0,0,1,1,2,2,2,T intersection,3,50,Local Road,40-49,Other injury,Bicyclists
T20170007424,3/23/2017,8:30:00,1,Collision with vehicle,5,Thursday,163,VEHICLE STRIKES DOOR OF PARKED/STATIONARY VEHICLE,9,316248,2,0,1,0,1,2,2,5,Not at intersection,2,50,Local Road,30-39,Serious injury,Bicyclists
T20170007444,4/13/2017,9:48:00,1,Collision with vehicle,5,Thursday,147,VEHICLE STRIKES ANOTHER VEH WHILE EMERGING FROM DRIVEWAY,1,316258,2,0,1,0,1,2,1,5,Not at intersection,2,60,Local Road,50-59,Serious injury,Bicyclists
T20170007446,4/12/2017,13:30:00,1,Collision with vehicle,3,Wednesday,163,VEHICLE STRIKES DOOR OF PARKED/STATIONARY VEHICLE,1,317684,2,0,0,1,1,2,2,5,Not at intersection,3,60,Arterial Other,30-39,Other injury,Bicyclists
T20170007451,4/7/2017,17:00:00,1,Collision with vehicle,6,Friday,163,VEHICLE STRIKES DOOR OF PARKED/STATIONARY VEHICLE,1,316463,2,0,0,1,1,2,2,5,Not at intersection,3,60,Local Road,50-59,Other injury,Bicyclists
T20170007452,3/7/2017,9:00:00,8,No collision and no object struck,3,Tuesday,174,OUT OF CONTROL ON CARRIAGEWAY (ON STRAIGHT),1,316530,2,0,0,1,1,2,2,5,Not at intersection,3,50,Local Road,26-29,Other injury,Bicyclists
T20170007475,4/13/2017,16:15:00,1,Collision with vehicle,5,Thursday,137,LEFT TURN SIDESWIPE,1,31046,2,0,0,1,1,2,1,1,Cross intersection,3,60,Local Road,26-29,Other injury,Bicyclists
T20170007518,4/14/2017,8:17:00,1,Collision with vehicle,6,Friday,137,LEFT TURN SIDESWIPE,1,38006,2,0,1,0,1,2,1,2,T intersection,2,60,Arterial Other,40-49,Serious injury,Bicyclists
T20170007523,4/14/2017,8:50:00,1,Collision with vehicle,6,Friday,130,REAR END(VEHICLES IN SAME LANE),1,316262,2,1,0,0,1,2,1,5,Not at intersection,1,100,Arterial Other,50-59,Fatality,Bicyclists
T20170007540,4/13/2017,7:30:00,1,Collision with vehicle,5,Thursday,130,REAR END(VEHICLES IN SAME LANE),1,316289,2,0,1,0,1,2,1,5,Not at intersection,2,50,Local Road,40-49,Serious injury,Bicyclists
T20170007575,4/15/2017,12:00:00,1,Collision with vehicle,7,Saturday,163,VEHICLE STRIKES DOOR OF PARKED/STATIONARY VEHICLE,1,317164,2,0,0,2,0,2,1,5,Not at intersection,3,40,Arterial Other,30-39,Other injury,Bicyclists