ACCIDENT_NO,ACCIDENT_DATE,ACCIDENT_TIME,ACCIDENT_TYPE,ACCIDENT_TYPE_DESC,DAY_OF_WEEK,DAY_WEEK_DESC,DCA_CODE,DCA_DESC,LIGHT_CONDITION,NODE_ID,NO_OF_VEHICLES,NO_PERSONS_KILLED,NO_PERSONS_INJ_2,NO_PERSONS_INJ_3,NO_PERSONS_NOT_INJ,NO_PERSONS,POLICE_ATTEND,ROAD_GEOMETRY,ROAD_GEOMETRY_DESC,SEVERITY,SPEED_ZONE,RMA,AGE_GROUP,INJ_LEVEL,ROAD_USER_TYPE_DESC
T20170007599,4/15/2017,13:30:00,1,Collision with vehicle,7,Saturday,121,RIGHT THROUGH,1,42779,2,0,1,0,2,3,1,2,T intersection,2,60,Arterial Other,30-39,Serious injury,Bicyclists
T20170007610,4/15/2017,19:00:00,1,Collision with vehicle,6,Saturday,148,VEHICLE OFF FOOTPATH STRIKES VEH ON CARRIAGEWAY,3,44870,2,0,1,0,1,2,1,1,Cross intersection,2,50,Local Road,30-39,Serious injury,Bicyclists
T20170007628,4/16/2017,14:00:00,1,Collision with vehicle,0,Sunday,133,LANE SIDE SWIPE (VEHICLES IN PARALLEL LANES),1,51180,2,0,0,1,1,2,1,1,Cross intersection,3,60,Arterial Highway,50-59,Other injury,Bicyclists
T20170007690,4/17/2017,15:30:00,1,Collision with vehicle,2,Monday,116,LEFT NEAR (INTERSECTIONS ONLY),1,39128,2,0,1,0,1,2,1,2,T intersection,2,60,Arterial Other,50-59,Serious injury,Bicyclists
T20170007729,3/10/2017,10:20:00,1,Collision with vehicle,6,Friday,163,VEHICLE STRIKES DOOR OF PARKED/STATIONARY VEHICLE,1,316419,2,0,0,1,1,2,2,5,Not at intersection,3,999,Arterial Other,65-69,Other injury,Bicyclists
T20170007730,4/17/2017,22:00:00,1,Collision with vehicle,1,Monday,136,RIGHT TURN SIDESWIPE,3,35355,2,0,0,1,0,1,1,1,Cross intersection,3,40,Local Road,22-25,Other injury,Bicyclists
T20170007755,4/18/2017,9:30:00,1,Collision with vehicle,2,Tuesday,110,CROSS TRAFFIC(INTERSECTIONS ONLY),1,49645,2,0,1,0,1,2,1,1,Cross intersection,2,60,Local Road,50-59,Serious injury,Bicyclists
T20170007798,4/13/2017,11:45:00,8,No collision and no object struck,5,Thursday,180,OFF CARRIAGEWAY ON RIGHT BEND,1,316732,2,0,1,0,0,1,2,5,Not at intersection,2,50,Local Road,50-59,Serious injury,Bicyclists
T20170007814,4/19/2017,11:37:00,8,No collision and no object struck,3,Wednesday,174,OUT OF CONTROL ON CARRIAGEWAY (ON STRAIGHT),1,37071,2,0,1,0,1,2,1,2,T intersection,2,40,Arterial Other,60-64,Serious injury,Bicyclists
T20170007840,4/18/2017,17:30:00,2,Struck Pedestrian,3,Tuesday,102,FAR SIDE. PED HIT BY VEHICLE FROM THE LEFT,1,40067,1,1,0,1,0,2,1,5,Not at intersection,1,60,Arterial Other,30-39,Other injury,Bicyclists
T20170007880,4/20/2017,11:30:00,1,Collision with vehicle,5,Thursday,163,VEHICLE STRIKES DOOR OF PARKED/STATIONARY VEHICLE,1,316606,3,0,0,1,1,2,1,5,Not at intersection,3,40,Local Road,30-39,Other injury,Bicyclists
T20170007887,4/20/2017,12:30:00,1,Collision with vehicle,5,Thursday,116,LEFT NEAR (INTERSECTIONS ONLY),1,50672,2,0,0,1,1,2,1,1,Cross intersection,3,60,Arterial Highway,18-21,Other injury,Bicyclists
T20170007891,4/20/2017,14:15:00,1,Collision with vehicle,5,Thursday,163,VEHICLE STRIKES DOOR OF PARKED/STATIONARY VEHICLE,1,316640,2,0,0,1,1,2,1,5,Not at intersection,3,50,Local Road,30-39,Other injury,Bicyclists
T20170007897,3/27/2017,17:00:00,8,No collision and no object struck,2,Monday,174,OUT OF CONTROL ON CARRIAGEWAY (ON STRAIGHT),1,40375,1,0,1,0,0,1,2,2,T intersection,2,60,Arterial Other,60-64,Serious injury,Bicyclists
T20170007902,4/20/2017,15:40:00,1,Collision with vehicle,5,Thursday,148,VEHICLE OFF FOOTPATH STRIKES VEH ON CARRIAGEWAY,1,32860,2,0,1,0,1,2,1,1,Cross intersection,2,60,Arterial Highway,18-21,Serious injury,Bicyclists
T20170007904,4/20/2017,18:10:00,1,Collision with vehicle,5,Thursday,121,RIGHT THROUGH,6,65357,2,0,0,1,1,2,2,1,Cross intersection,3,50,Local Road,30-39,Other injury,Bicyclists
T20170007923,4/20/2017,17:40:00,1,Collision with vehicle,5,Thursday,148,VEHICLE OFF FOOTPATH STRIKES VEH ON CARRIAGEWAY,3,376,2,0,1,0,1,2,1,2,T intersection,2,60,Arterial Highway,30-39,Serious injury,Bicyclists
T20170007924,4/20/2017,17:55:00,1,Collision with vehicle,4,Thursday,148,VEHICLE OFF FOOTPATH STRIKES VEH ON CARRIAGEWAY,2,44515,2,0,0,1,1,2,1,2,T intersection,3,60,Arterial Other,16-17,Other injury,Bicyclists
T20170007937,4/21/2017,8:00:00,1,Collision with vehicle,6,Friday,130,REAR END(VEHICLES IN SAME LANE),1,62271,2,0,0,1,1,2,2,1,Cross intersection,3,50,Local Road,30-39,Other injury,Bicyclists
T20170008001,4/21/2017,19:30:00,1,Collision with vehicle,5,Friday,121,RIGHT THROUGH,3,37241,2,0,0,1,1,2,1,2,T intersection,3,60,Arterial Other,22-25,Other injury,Bicyclists
T20170008037,4/20/2017,18:10:00,1,Collision with vehicle,5,Thursday,130,REAR END(VEHICLES IN SAME LANE),6,36389,2,0,0,1,2,3,2,2,T intersection,3,80,Arterial Other,30-39,Other injury,Bicyclists
T20170008097,4/22/2017,14:30:00,1,Collision with vehicle,7,Saturday,163,VEHICLE STRIKES DOOR OF PARKED/STATIONARY VEHICLE,1,316845,2,0,0,1,1,2,2,5,Not at intersection,3,40,Arterial Other,30-39,Other injury,Bicyclists
T20170008137,4/21/2017,17:30:00,1,Collision with vehicle,6,Friday,163,VEHICLE STRIKES DOOR OF PARKED/STATIONARY VEHICLE,2,316934,2,0,0,1,1,2,2,5,Not at intersection,3,50,Local Road,26-29,Other injury,Bicyclists
T20170008138,4/24/2017,8:05:00,1,Collision with vehicle,2,Monday,110,CROSS TRAFFIC(INTERSECTIONS ONLY),1,316954,2,0,0,1,1,2,1,9,Unknown,3,60,Arterial Other,60-64,Other injury,Bicyclists
T20170008140,4/24/2017,7:50:00,1,Collision with vehicle,2,Monday,148,VEHICLE OFF FOOTPATH STRIKES VEH ON CARRIAGEWAY,2,316933,2,0,0,1,1,2,1,5,Not at intersection,3,50,Local Road,16-17,Other injury,Bicyclists
T20170008160,3/7/2017,13:15:00,8,No collision and no object struck,3,Tuesday,151,OUT OF CONTROL (OVERTAKING),1,316825,1,0,0,1,0,1,2,5,Not at intersection,3,60,Local Road,30-39,Other injury,Bicyclists
T20170008169,4/24/2017,15:30:00,1,Collision with vehicle,2,Monday,147,VEHICLE STRIKES ANOTHER VEH WHILE EMERGING FROM DRIVEWAY,1,316976,2,0,1,0,1,2,1,5,Not at intersection,2,80,Arterial Highway,18-21,Serious injury,Bicyclists
T20170008175,4/24/2017,16:00:00,1,Collision with vehicle,1,Monday,133,LANE SIDE SWIPE (VEHICLES IN PARALLEL LANES),1,316928,2,0,1,0,0,1,1,5,Not at intersection,2,50,Local Road,60-64,Serious injury,Bicyclists
T20170008191,4/24/2017,19:15:00,1,Collision with vehicle,2,Monday,142,LEAVING PARKING,3,316958,2,0,0,1,1,2,2,2,T intersection,3,999,Local Road,18-21,Other injury,Bicyclists
T20170008200,4/24/2017,18:15:00,1,Collision with vehicle,2,Monday,163,VEHICLE STRIKES DOOR OF PARKED/STATIONARY VEHICLE,3,316957,2,0,0,1,2,3,1,5,Not at intersection,3,40,Local Road,30-39,Other injury,Bicyclists
T20170008205,4/20/2017,15:35:00,1,Collision with vehicle,5,Thursday,131,LEFT REAR,1,38820,2,0,0,1,1,2,2,1,Cross intersection,3,999,Arterial Highway,30-39,Other injury,Bicyclists
T20170008212,4/25/2017,11:00:00,1,Collision with vehicle,3,Tuesday,133,LANE SIDE SWIPE (VEHICLES IN PARALLEL LANES),1,317304,2,0,1,0,0,1,2,5,Not at intersection,2,40,Local Road,16-17,Serious injury,Bicyclists
T20170008225,4/25/2017,12:50:00,1,Collision with vehicle,2,Tuesday,110,CROSS TRAFFIC(INTERSECTIONS ONLY),1,36622,2,0,0,1,1,2,2,1,Cross intersection,3,50,Local Road,30-39,Other injury,Bicyclists
T20170008245,4/25/2017,15:20:00,1,Collision with vehicle,3,Tuesday,148,VEHICLE OFF FOOTPATH STRIKES VEH ON CARRIAGEWAY,1,224606,2,0,0,1,1,2,1,2,T intersection,3,80,Arterial Highway,30-39,Other injury,Bicyclists
T20170008252,4/24/2017,22:58:00,1,Collision with vehicle,2,Monday,121,RIGHT THROUGH,3,45359,2,0,1,0,1,2,1,1,Cross intersection,2,60,Arterial Other,18-21,Serious injury,Bicyclists
T20170008276,4/24/2017,17:15:00,1,Collision with vehicle,2,Monday,121,RIGHT THROUGH,1,36500,3,0,0,1,1,2,2,1,Cross intersection,3,40,Arterial Other,26-29,Other injury,Bicyclists
T20170008342,4/26/2017,11:55:00,1,Collision with vehicle,3,Wednesday,147,VEHICLE STRIKES ANOTHER VEH WHILE EMERGING FROM DRIVEWAY,1,316945,2,0,0,1,1,2,1,5,Not at intersection,3,60,Local Road,70+,Other injury,Bicyclists
T20170008347,4/22/2017,13:00:00,1,Collision with vehicle,7,Saturday,137,LEFT TURN SIDESWIPE,1,37429,2,0,1,0,1,2,2,2,T intersection,2,60,Arterial Other,50-59,Serious injury,Bicyclists
T20170008350,4/27/2017,8:40:00,1,Collision with vehicle,5,Thursday,110,CROSS TRAFFIC(INTERSECTIONS ONLY),1,45552,2,0,0,1,1,2,1,4,Multiple intersection,3,50,Local Road,30-39,Other injury,Bicyclists
T20170008353,4/27/2017,8:35:00,1,Collision with vehicle,5,Thursday,113,RIGHT NEAR (INTERSECTIONS ONLY),1,267253,2,0,0,1,1,2,1,2,T intersection,3,999,Arterial Highway,16-17,Other injury,Bicyclists
T20170008360,4/7/2017,15:00:00,1,Collision with vehicle,5,Friday,147,VEHICLE STRIKES ANOTHER VEH WHILE EMERGING FROM DRIVEWAY,9,269142,2,0,0,1,2,3,2,2,T intersection,3,50,Local Road,40-49,Other injury,Bicyclists
T20170008367,4/27/2017,8:45:00,8,No collision and no object struck,5,Thursday,174,OUT OF CONTROL ON CARRIAGEWAY (ON STRAIGHT),1,64360,2,0,0,1,0,1,2,1,Cross intersection,3,50,Local Road,30-39,Other injury,Bicyclists
T20170008370,4/27/2017,6:15:00,1,Collision with vehicle,5,Thursday,133,LANE SIDE SWIPE (VEHICLES IN PARALLEL LANES),2,320447,2,0,0,1,1,2,2,5,Not at intersection,3,60,Arterial Other,40-49,Other injury,Bicyclists
T20170008386,4/27/2017,17:45:00,1,Collision with vehicle,4,Thursday,121,RIGHT THROUGH,3,36101,2,0,0,1,1,2,1,1,Cross intersection,3,60,Arterial Other,30-39,Other injury,Bicyclists
T20170008452,4/28/2017,16:00:00,1,Collision with vehicle,6,Friday,121,RIGHT THROUGH,1,316755,2,0,0,1,1,2,1,2,T intersection,3,50,Local Road,22-25,Other injury,Bicyclists
T20170008488,4/29/2017,11:10:00,1,Collision with vehicle,7,Saturday,148,VEHICLE OFF FOOTPATH STRIKES VEH ON CARRIAGEWAY,1,316856,2,0,1,0,1,2,1,4,Multiple intersection,2,50,Uknown,45424,Serious injury,Bicyclists
T20170008506,4/28/2017,17:20:00,1,Collision with vehicle,6,Friday,123,RIGHT/LEFT. ONE VEH TURNING RIGHT THE OTHER LEFT.,3,35469,2,0,0,1,1,2,1,1,Cross intersection,3,60,Arterial Other,22-25,Other injury,Bicyclists
T20170008542,4/30/2017,8:20:00,1,Collision with vehicle,1,Sunday,121,RIGHT THROUGH,1,318793,2,0,0,2,0,2,1,5,Not at intersection,3,50,Arterial Other,26-29,Other injury,Bicyclists
T20170008546,4/30/2017,10:25:00,1,Collision with vehicle,1,Sunday,113,RIGHT NEAR (INTERSECTIONS ONLY),1,71891,2,0,0,1,1,2,1,2,T intersection,3,100,Arterial Other,70+,Other injury,Bicyclists
T20170008563,4/30/2017,15:38:00,1,Collision with vehicle,1,Sunday,133,LANE SIDE SWIPE (VEHICLES IN PARALLEL LANES),1,317048,2,0,1,0,0,1,2,5,Not at intersection,2,70,Arterial Other,40-49,Serious injury,Bicyclists
T20170008567,4/30/2017,18:25:00,1,Collision with vehicle,1,Sunday,137,LEFT TURN SIDESWIPE,3,316842,2,0,0,1,1,2,1,5,Not at intersection,3,40,Uknown,22-25,Other injury,Bicyclists
T20170008571,4/30/2017,17:33:00,1,Collision with vehicle,1,Sunday,134,LANE CHANGE RIGHT (NOT OVERTAKING),1,317876,2,0,1,0,1,2,1,5,Not at intersection,2,100,Freeway,50-59,Serious injury,Bicyclists
T20170008619,5/1/2017,19:45:00,1,Collision with vehicle,1,Monday,110,CROSS TRAFFIC(INTERSECTIONS ONLY),3,36047,2,0,0,1,1,2,1,1,Cross intersection,3,40,Local Road,22-25,Other injury,Bicyclists
T20170008675,5/2/2017,12:55:00,1,Collision with vehicle,3,Tuesday,147,VEHICLE STRIKES ANOTHER VEH WHILE EMERGING FROM DRIVEWAY,1,317123,2,0,0,1,0,1,2,5,Not at intersection,3,60,Arterial Other,30-39,Other injury,Bicyclists
T20170008677,4/27/2017,8:50:00,1,Collision with vehicle,5,Thursday,163,VEHICLE STRIKES DOOR OF PARKED/STATIONARY VEHICLE,1,283720,2,0,0,1,2,3,1,5,Not at intersection,3,50,Local Road,40-49,Other injury,Bicyclists
T20170008680,5/2/2017,7:30:00,1,Collision with vehicle,2,Tuesday,110,CROSS TRAFFIC(INTERSECTIONS ONLY),1,37366,2,0,0,1,1,2,2,1,Cross intersection,3,50,Local Road,50-59,Other injury,Bicyclists
T20170008698,5/2/2017,18:15:00,1,Collision with vehicle,3,Tuesday,148,VEHICLE OFF FOOTPATH STRIKES VEH ON CARRIAGEWAY,6,317012,2,0,0,1,1,2,2,5,Not at intersection,3,50,Local Road,40-49,Other injury,Bicyclists
T20170008721,4/18/2017,11:30:00,1,Collision with vehicle,3,Tuesday,137,LEFT TURN SIDESWIPE,1,317545,2,0,0,1,1,2,2,2,T intersection,3,999,Arterial Other,40-49,Other injury,Bicyclists
T20170008731,5/3/2017,8:50:00,6,Vehicle overturned (no collision),4,Wednesday,174,OUT OF CONTROL ON CARRIAGEWAY (ON STRAIGHT),1,40096,1,0,1,0,0,1,1,1,Cross intersection,2,50,Arterial Other,50-59,Serious injury,Bicyclists
T20170008741,5/3/2017,8:50:00,1,Collision with vehicle,4,Wednesday,147,VEHICLE STRIKES ANOTHER VEH WHILE EMERGING FROM DRIVEWAY,1,317266,2,0,0,1,1,2,1,5,Not at intersection,3,60,Uknown,45424,Other injury,Bicyclists
T20170008768,5/3/2017,14:33:00,1,Collision with vehicle,4,Wednesday,148,VEHICLE OFF FOOTPATH STRIKES VEH ON CARRIAGEWAY,1,317009,2,0,0,1,1,2,1,5,Not at intersection,3,50,Arterial Highway,22-25,Other injury,Bicyclists
T20170008811,5/4/2017,7:00:00,1,Collision with vehicle,5,Thursday,160,VEHICLE COLLIDES WITH VEHICLE PARKED ON LEFT OF ROAD,1,317032,2,1,0,0,0,1,1,5,Not at intersection,1,60,Arterial Other,50-59,Fatality,Bicyclists
T20170008814,5/2/2017,8:40:00,1,Collision with vehicle,3,Tuesday,163,VEHICLE STRIKES DOOR OF PARKED/STATIONARY VEHICLE,1,317208,2,0,0,1,1,2,2,5,Not at intersection,3,40,Arterial Other,30-39,Other injury,Bicyclists
T20170008847,5/4/2017,17:50:00,1,Collision with vehicle,5,Thursday,133,LANE SIDE SWIPE (VEHICLES IN PARALLEL LANES),3,599209,2,0,1,0,1,2,1,5,Not at intersection,2,999,Local Road,26-29,Serious injury,Bicyclists
T20170008875,5/4/2017,8:45:00,1,Collision with vehicle,5,Thursday,163,VEHICLE STRIKES DOOR OF PARKED/STATIONARY VEHICLE,1,317068,3,0,0,1,2,3,2,5,Not at intersection,3,40,Local Road,30-39,Other injury,Bicyclists
T20170008906,5/4/2017,15:30:00,8,No collision and no object struck,4,Thursday,174,OUT OF CONTROL ON CARRIAGEWAY (ON STRAIGHT),1,317104,2,0,0,1,1,2,2,5,Not at intersection,3,50,Local Road,26-29,Other injury,Bicyclists
T20170008938,5/6/2017,9:00:00,1,Collision with vehicle,7,Saturday,121,RIGHT THROUGH,1,317882,2,0,0,1,1,2,2,2,T intersection,3,50,Local Road,30-39,Other injury,Bicyclists
T20170008942,5/6/2017,10:30:00,6,Vehicle overturned (no collision),7,Saturday,182,OFF CARRIAGEWAY ON LEFT BEND,1,317133,1,0,0,1,0,1,1,5,Not at intersection,3,50,Arterial Other,50-59,Other injury,Bicyclists
T20170009027,5/7/2017,18:30:00,1,Collision with vehicle,1,Sunday,110,CROSS TRAFFIC(INTERSECTIONS ONLY),3,52533,2,0,0,1,1,2,1,1,Cross intersection,3,60,Uknown,40-49,Other injury,Bicyclists
T20170009037,5/6/2017,10:07:00,1,Collision with vehicle,7,Saturday,110,CROSS TRAFFIC(INTERSECTIONS ONLY),1,317841,2,0,0,1,1,2,2,1,Cross intersection,3,50,Local Road,65-69,Other injury,Bicyclists
T20170009046,4/26/2017,13:20:00,1,Collision with vehicle,3,Wednesday,110,CROSS TRAFFIC(INTERSECTIONS ONLY),1,43831,2,0,1,0,1,2,1,1,Cross intersection,2,50,Local Road,22-25,Serious injury,Bicyclists
T20170009050,5/8/2017,9:07:00,1,Collision with vehicle,2,Monday,121,RIGHT THROUGH,1,317148,2,0,0,1,1,2,1,5,Not at intersection,3,60,Arterial Highway,40-49,Other injury,Bicyclists
T20170009129,5/8/2017,17:40:00,1,Collision with vehicle,2,Monday,121,RIGHT THROUGH,2,48031,2,0,0,1,1,2,2,2,T intersection,3,50,Local Road,30-39,Other injury,Bicyclists
T20170009159,5/4/2017,16:35:00,1,Collision with vehicle,4,Thursday,121,RIGHT THROUGH,1,318350,2,0,0,1,1,2,2,2,T intersection,3,50,Local Road,40-49,Other injury,Bicyclists
T20170009185,3/1/2017,14:30:00,1,Collision with vehicle,3,Wednesday,163,VEHICLE STRIKES DOOR OF PARKED/STATIONARY VEHICLE,1,317206,2,0,0,1,0,1,2,5,Not at intersection,3,40,Local Road,30-39,Other injury,Bicyclists
T20170009227,5/1/2017,16:00:00,1,Collision with vehicle,2,Monday,163,VEHICLE STRIKES DOOR OF PARKED/STATIONARY VEHICLE,1,318673,2,0,1,0,0,1,2,5,Not at intersection,2,40,Local Road,40-49,Serious injury,Bicyclists
T20170009241,5/10/2017,20:15:00,1,Collision with vehicle,4,Wednesday,163,VEHICLE STRIKES DOOR OF PARKED/STATIONARY VEHICLE,3,317264,2,0,0,1,1,2,1,5,Not at intersection,3,60,Local Road,26-29,Other injury,Bicyclists
T20170009284,5/10/2017,16:00:00,1,Collision with vehicle,4,Wednesday,148,VEHICLE OFF FOOTPATH STRIKES VEH ON CARRIAGEWAY,1,67362,2,0,0,1,1,2,1,2,T intersection,3,50,Arterial Other,45424,Other injury,Bicyclists
T20170009303,5/11/2017,15:50:00,1,Collision with vehicle,5,Thursday,148,VEHICLE OFF FOOTPATH STRIKES VEH ON CARRIAGEWAY,1,307546,2,0,0,1,1,2,1,1,Cross intersection,3,60,Arterial Other,45424,Other injury,Bicyclists
T20170009356,5/12/2017,14:30:00,1,Collision with vehicle,6,Friday,121,RIGHT THROUGH,1,36208,2,0,1,0,1,2,1,2,T intersection,2,60,Arterial Other,30-39,Serious injury,Bicyclists
T20170009357,5/9/2017,17:20:00,1,Collision with vehicle,2,Tuesday,110,CROSS TRAFFIC(INTERSECTIONS ONLY),9,36400,2,0,0,1,1,2,2,1,Cross intersection,3,999,Local Road,30-39,Other injury,Bicyclists
T20170009363,5/12/2017,8:45:00,1,Collision with vehicle,6,Friday,116,LEFT NEAR (INTERSECTIONS ONLY),1,65795,2,0,0,1,1,2,2,2,T intersection,3,40,Local Road,30-39,Other injury,Bicyclists
T20170009369,5/12/2017,16:25:00,1,Collision with vehicle,6,Friday,147,VEHICLE STRIKES ANOTHER VEH WHILE EMERGING FROM DRIVEWAY,1,317644,2,0,0,1,1,2,2,5,Not at intersection,3,999,Local Road,45424,Other injury,Bicyclists
T20170009386,5/11/2017,18:00:00,1,Collision with vehicle,5,Thursday,130,REAR END(VEHICLES IN SAME LANE),2,318525,2,0,0,1,1,2,2,1,Cross intersection,3,50,Local Road,40-49,Other injury,Bicyclists
T20170009387,5/12/2017,20:30:00,1,Collision with vehicle,6,Friday,110,CROSS TRAFFIC(INTERSECTIONS ONLY),3,37816,2,0,1,0,1,2,1,1,Cross intersection,2,60,Arterial Other,30-39,Serious injury,Bicyclists
T20170009402,5/13/2017,8:30:00,1,Collision with vehicle,7,Saturday,160,VEHICLE COLLIDES WITH VEHICLE PARKED ON LEFT OF ROAD,1,317313,2,0,0,1,0,1,1,5,Not at intersection,3,80,Uknown,50-59,Other injury,Bicyclists
T20170009404,5/13/2017,7:50:00,1,Collision with vehicle,7,Saturday,129,OTHER OPPOSING MANOEUVRES NOT INCLUDED IN DCAs 120-125.,1,36379,2,0,0,1,0,1,2,2,T intersection,3,888,Local Road,26-29,Other injury,Bicyclists
T20170009410,5/12/2017,16:40:00,1,Collision with vehicle,6,Friday,163,VEHICLE STRIKES DOOR OF PARKED/STATIONARY VEHICLE,2,317350,2,0,0,1,0,1,2,5,Not at intersection,3,50,Local Road,50-59,Other injury,Bicyclists
T20170009416,5/10/2017,17:10:00,1,Collision with vehicle,4,Wednesday,110,CROSS TRAFFIC(INTERSECTIONS ONLY),9,278453,2,0,0,1,1,2,2,1,Cross intersection,3,999,Local Road,30-39,Other injury,Bicyclists
T20170009425,4/3/2017,17:00:00,1,Collision with vehicle,1,Monday,163,VEHICLE STRIKES DOOR OF PARKED/STATIONARY VEHICLE,1,317486,2,0,0,1,1,2,2,5,Not at intersection,3,50,Local Road,50-59,Other injury,Bicyclists
T20170009473,5/14/2017,12:25:00,1,Collision with vehicle,1,Sunday,110,CROSS TRAFFIC(INTERSECTIONS ONLY),1,29628,2,0,0,1,1,2,1,1,Cross intersection,3,60,Arterial Other,60-64,Other injury,Bicyclists
T20170009489,5/14/2017,18:16:00,1,Collision with vehicle,0,Sunday,133,LANE SIDE SWIPE (VEHICLES IN PARALLEL LANES),3,317390,2,0,0,1,1,2,1,5,Not at intersection,3,40,Local Road,26-29,Other injury,Bicyclists
T20170009514,5/15/2017,8:50:00,1,Collision with vehicle,2,Monday,110,CROSS TRAFFIC(INTERSECTIONS ONLY),1,55927,2,0,1,0,1,2,2,1,Cross intersection,2,50,Local Road,50-59,Serious injury,Bicyclists
T20170009578,5/16/2017,7:40:00,1,Collision with vehicle,3,Tuesday,147,VEHICLE STRIKES ANOTHER VEH WHILE EMERGING FROM DRIVEWAY,1,319583,2,0,1,0,1,2,2,5,Not at intersection,2,60,Arterial Other,45424,Serious injury,Bicyclists
T20170009591,5/13/2017,12:00:00,1,Collision with vehicle,6,Saturday,110,CROSS TRAFFIC(INTERSECTIONS ONLY),1,471,2,0,0,1,1,2,2,4,Multiple intersection,3,999,Arterial Other,40-49,Other injury,Bicyclists
T20170009599,5/16/2017,13:30:00,1,Collision with vehicle,3,Tuesday,147,VEHICLE STRIKES ANOTHER VEH WHILE EMERGING FROM DRIVEWAY,1,318237,2,0,1,0,1,2,1,5,Not at intersection,2,40,Local Road,30-39,Serious injury,Bicyclists
T20170009611,5/16/2017,15:00:00,1,Collision with vehicle,3,Tuesday,148,VEHICLE OFF FOOTPATH STRIKES VEH ON CARRIAGEWAY,1,43261,2,0,0,1,1,2,2,2,T intersection,3,50,Local Road,50-59,Other injury,Bicyclists
T20170009618,5/16/2017,15:13:00,1,Collision with vehicle,2,Tuesday,100,PED NEAR SIDE. PED HIT BY VEHICLE FROM THE RIGHT.,1,317505,2,0,0,1,1,2,1,5,Not at intersection,3,40,Arterial Other,13-15,Other injury,Bicyclists
T20170009625,5/16/2017,16:15:00,8,No collision and no object struck,2,Tuesday,174,OUT OF CONTROL ON CARRIAGEWAY (ON STRAIGHT),1,318674,2,0,0,1,0,1,2,5,Not at intersection,3,40,Local Road,26-29,Other injury,Bicyclists
T20170009628,5/16/2017,17:16:00,1,Collision with vehicle,3,Tuesday,119,OTHER ADJACENT (INTERSECTIONS ONLY),2,861,2,0,0,1,1,2,1,2,T intersection,3,50,Local Road,26-29,Other injury,Bicyclists
T20170009631,5/16/2017,18:05:00,1,Collision with vehicle,3,Tuesday,110,CROSS TRAFFIC(INTERSECTIONS ONLY),3,62462,2,0,1,0,1,2,1,1,Cross intersection,2,60,Arterial Other,30-39,Serious injury,Bicyclists
T20170009632,5/16/2017,18:55:00,1,Collision with vehicle,3,Tuesday,148,VEHICLE OFF FOOTPATH STRIKES VEH ON CARRIAGEWAY,3,36992,2,0,0,1,1,2,1,1,Cross intersection,3,40,Freeway,22-25,Other injury,Bicyclists
T20170009636,5/15/2017,8:00:00,1,Collision with vehicle,2,Monday,147,VEHICLE STRIKES ANOTHER VEH WHILE EMERGING FROM DRIVEWAY,1,317591,2,0,0,1,1,2,2,5,Not at intersection,3,50,Local Road,40-49,Other injury,Bicyclists
T20170009642,5/15/2017,6:45:00,1,Collision with vehicle,2,Monday,121,RIGHT THROUGH,2,319704,2,0,0,1,1,2,2,5,Not at intersection,3,60,Arterial Other,40-49,Other injury,Bicyclists
T20170009645,5/16/2017,19:47:00,1,Collision with vehicle,3,Tuesday,110,CROSS TRAFFIC(INTERSECTIONS ONLY),3,43976,2,0,1,0,1,2,1,1,Cross intersection,2,80,Arterial Highway,16-17,Serious injury,Bicyclists
T20170009682,5/17/2017,14:50:00,6,Vehicle overturned (no collision),4,Wednesday,170,OFF CARRIAGEWAY TO LEFT,1,38482,2,0,1,0,1,2,2,1,Cross intersection,2,60,Arterial Highway,70+,Serious injury,Bicyclists
T20170009688,5/17/2017,19:20:00,1,Collision with vehicle,4,Wednesday,110,CROSS TRAFFIC(INTERSECTIONS ONLY),3,317741,2,0,0,1,1,2,1,1,Cross intersection,3,50,Local Road,30-39,Other injury,Bicyclists
T20170009696,5/17/2017,18:00:00,1,Collision with vehicle,4,Wednesday,121,RIGHT THROUGH,3,66514,2,0,1,0,0,1,1,2,T intersection,2,60,Arterial Other,45424,Serious injury,Bicyclists
T20170009697,5/17/2017,16:30:00,1,Collision with vehicle,4,Wednesday,130,REAR END(VEHICLES IN SAME LANE),1,317468,2,0,0,1,0,1,2,5,Not at intersection,3,40,Local Road,16-17,Other injury,Bicyclists
T20170009718,5/17/2017,7:32:00,1,Collision with vehicle,3,Wednesday,147,VEHICLE STRIKES ANOTHER VEH WHILE EMERGING FROM DRIVEWAY,1,358810,2,0,1,0,1,2,1,2,T intersection,2,60,Local Road,30-39,Serious injury,Bicyclists
T20170009734,4/18/2017,11:00:00,6,Vehicle overturned (no collision),3,Tuesday,170,OFF CARRIAGEWAY TO LEFT,1,317464,1,1,0,0,0,1,2,2,T intersection,1,40,Local Road,70+,Fatality,Bicyclists
T20170009762,5/18/2017,17:40:00,2,Struck Pedestrian,4,Thursday,100,PED NEAR SIDE. PED HIT BY VEHICLE FROM THE RIGHT.,3,317522,1,0,0,1,1,2,2,2,T intersection,3,60,Local Road,30-39,Not injured,Bicyclists
T20170009800,5/17/2017,17:45:00,1,Collision with vehicle,4,Wednesday,132,RIGHT REAR.,6,37748,2,0,0,1,1,2,2,1,Cross intersection,3,40,Arterial Other,30-39,Other injury,Bicyclists
T20170009811,5/19/2017,16:00:00,1,Collision with vehicle,5,Friday,135,LANE CHANGE LEFT (NOT OVERTAKING),1,65771,2,0,0,1,1,2,1,1,Cross intersection,3,50,Local Road,30-39,Other injury,Bicyclists