ACCIDENT_NO,ACCIDENT_DATE,ACCIDENT_TIME,ACCIDENT_TYPE,ACCIDENT_TYPE_DESC,DAY_OF_WEEK,DAY_WEEK_DESC,DCA_CODE,DCA_DESC,LIGHT_CONDITION,NODE_ID,NO_OF_VEHICLES,NO_PERSONS_KILLED,NO_PERSONS_INJ_2,NO_PERSONS_INJ_3,NO_PERSONS_NOT_INJ,NO_PERSONS,POLICE_ATTEND,ROAD_GEOMETRY,ROAD_GEOMETRY_DESC,SEVERITY,SPEED_ZONE,RMA,AGE_GROUP,INJ_LEVEL,ROAD_USER_TYPE_DESC
T20170009851,5/20/2017,10:40:00,1,Collision with vehicle,7,Saturday,142,LEAVING PARKING,1,317925,2,0,0,1,1,2,1,5,Not at intersection,3,40,Local Road,26-29,Other injury,Bicyclists
T20170009861,5/20/2017,12:22:00,1,Collision with vehicle,6,Saturday,119,OTHER ADJACENT (INTERSECTIONS ONLY),1,278643,2,0,1,0,1,2,1,2,T intersection,2,999,Local Road,26-29,Serious injury,Bicyclists
T20170009873,5/7/2017,11:00:00,1,Collision with vehicle,0,Sunday,121,RIGHT THROUGH,1,35704,2,0,0,1,1,2,2,2,T intersection,3,60,Arterial Other,50-59,Other injury,Bicyclists
T20170009882,5/19/2017,9:10:00,1,Collision with vehicle,6,Friday,121,RIGHT THROUGH,1,37292,2,0,0,1,1,2,2,2,T intersection,3,50,Arterial Other,22-25,Other injury,Bicyclists
T20170009893,5/20/2017,12:55:00,1,Collision with vehicle,7,Saturday,135,LANE CHANGE LEFT (NOT OVERTAKING),1,317648,2,0,0,1,1,2,2,5,Not at intersection,3,60,Arterial Other,30-39,Other injury,Bicyclists
T20170009912,5/20/2017,7:39:00,1,Collision with vehicle,7,Saturday,113,RIGHT NEAR (INTERSECTIONS ONLY),1,317604,2,0,0,1,1,2,1,2,T intersection,3,60,Local Road,50-59,Other injury,Bicyclists
T20170009921,5/21/2017,10:00:00,1,Collision with vehicle,1,Sunday,116,LEFT NEAR (INTERSECTIONS ONLY),1,45465,2,0,0,1,1,2,1,2,T intersection,3,40,Arterial Other,40-49,Other injury,Bicyclists
T20170009955,5/21/2017,18:01:00,1,Collision with vehicle,1,Sunday,152,PULLING OUT (OVERTAKING),5,317891,2,0,1,0,2,3,2,2,T intersection,2,100,Local Road,30-39,Serious injury,Bicyclists
T20170009964,5/21/2017,18:02:00,1,Collision with vehicle,1,Sunday,147,VEHICLE STRIKES ANOTHER VEH WHILE EMERGING FROM DRIVEWAY,3,44511,2,0,1,0,1,2,1,2,T intersection,2,50,Arterial Other,30-39,Serious injury,Bicyclists
T20170010000,4/15/2017,19:00:00,1,Collision with vehicle,7,Saturday,130,REAR END(VEHICLES IN SAME LANE),9,317600,2,0,0,1,0,1,2,5,Not at intersection,3,60,Arterial Other,50-59,Other injury,Bicyclists
T20170010008,5/21/2017,16:45:00,1,Collision with vehicle,0,Sunday,137,LEFT TURN SIDESWIPE,1,41101,2,0,0,1,1,2,1,2,T intersection,3,60,Arterial Other,40-49,Other injury,Bicyclists
T20170010011,5/22/2017,13:50:00,1,Collision with vehicle,2,Monday,110,CROSS TRAFFIC(INTERSECTIONS ONLY),1,35997,2,0,1,0,1,2,1,1,Cross intersection,2,50,Local Road,26-29,Serious injury,Bicyclists
T20170010033,5/22/2017,10:15:00,6,Vehicle overturned (no collision),2,Monday,174,OUT OF CONTROL ON CARRIAGEWAY (ON STRAIGHT),1,36715,2,0,0,1,1,2,2,1,Cross intersection,3,999,Local Road,30-39,Other injury,Bicyclists
T20170010058,5/23/2017,8:30:00,1,Collision with vehicle,3,Tuesday,121,RIGHT THROUGH,1,36654,2,0,1,0,1,2,1,1,Cross intersection,2,50,Local Road,30-39,Serious injury,Bicyclists
T20170010092,5/23/2017,8:15:00,1,Collision with vehicle,3,Tuesday,148,VEHICLE OFF FOOTPATH STRIKES VEH ON CARRIAGEWAY,1,36905,2,0,0,1,1,2,1,2,T intersection,3,50,Local Road,45424,Other injury,Bicyclists
T20170010097,5/13/2017,12:30:00,1,Collision with vehicle,7,Saturday,163,VEHICLE STRIKES DOOR OF PARKED/STATIONARY VEHICLE,1,317687,2,0,0,2,0,2,2,5,Not at intersection,3,40,Local Road,30-39,Other injury,Bicyclists
T20170010098,5/23/2017,10:39:00,1,Collision with vehicle,3,Tuesday,148,VEHICLE OFF FOOTPATH STRIKES VEH ON CARRIAGEWAY,1,317681,2,0,0,1,1,2,1,5,Not at intersection,3,50,Local Road,26-29,Other injury,Bicyclists
T20170010105,5/23/2017,17:50:00,1,Collision with vehicle,3,Tuesday,123,RIGHT/LEFT. ONE VEH TURNING RIGHT THE OTHER LEFT.,3,575,2,0,1,0,1,2,1,1,Cross intersection,2,60,Arterial Other,50-59,Serious injury,Bicyclists
T20170010129,5/24/2017,8:45:00,1,Collision with vehicle,4,Wednesday,116,LEFT NEAR (INTERSECTIONS ONLY),1,317895,3,0,0,1,4,5,1,2,T intersection,3,40,Local Road,40-49,Other injury,Bicyclists
T20170010131,5/24/2017,8:50:00,2,Struck Pedestrian,3,Wednesday,102,FAR SIDE. PED HIT BY VEHICLE FROM THE LEFT,1,317844,1,0,0,1,1,2,1,5,Not at intersection,3,60,Arterial Other,40-49,Not injured,Bicyclists
T20170010150,5/20/2017,16:30:00,1,Collision with vehicle,7,Saturday,139,OTHER SAME DIRECTION-MANOUEVRES NOT INCLUDED IN DCAs 130-137,2,321188,2,0,1,0,2,3,1,5,Not at intersection,2,80,Arterial Highway,40-49,Serious injury,Bicyclists
T20170010163,5/24/2017,12:28:00,1,Collision with vehicle,4,Wednesday,163,VEHICLE STRIKES DOOR OF PARKED/STATIONARY VEHICLE,1,222037,2,0,0,1,3,4,2,1,Cross intersection,3,60,Arterial Other,30-39,Other injury,Bicyclists
T20170010168,5/24/2017,18:13:00,1,Collision with vehicle,3,Wednesday,163,VEHICLE STRIKES DOOR OF PARKED/STATIONARY VEHICLE,5,317730,3,0,1,0,2,3,1,5,Not at intersection,2,50,Local Road,30-39,Serious injury,Bicyclists
T20170010195,5/24/2017,7:00:00,1,Collision with vehicle,4,Wednesday,114,TWO RIGHT TURNING (INTERSECTIONS ONLY),2,36027,2,0,1,0,1,2,1,1,Cross intersection,2,40,Local Road,30-39,Serious injury,Bicyclists
T20170010213,5/24/2017,11:00:00,1,Collision with vehicle,4,Wednesday,110,CROSS TRAFFIC(INTERSECTIONS ONLY),1,62462,2,0,0,1,1,2,2,1,Cross intersection,3,60,Arterial Other,22-25,Other injury,Bicyclists
T20170010221,5/25/2017,15:30:00,1,Collision with vehicle,5,Thursday,121,RIGHT THROUGH,1,36985,2,0,0,1,1,2,1,1,Cross intersection,3,40,Local Road,18-21,Other injury,Bicyclists
T20170010225,5/25/2017,17:05:00,1,Collision with vehicle,5,Thursday,145,REVERSING IN STREAM OF TRAFFIC,2,319424,2,0,0,1,1,2,2,5,Not at intersection,3,999,Local Road,26-29,Other injury,Bicyclists
T20170010245,5/18/2017,8:30:00,8,No collision and no object struck,5,Thursday,174,OUT OF CONTROL ON CARRIAGEWAY (ON STRAIGHT),1,39713,2,0,0,1,1,2,1,2,T intersection,3,70,Arterial Other,30-39,Other injury,Bicyclists
T20170010251,5/26/2017,8:05:00,1,Collision with vehicle,5,Friday,121,RIGHT THROUGH,1,398,2,0,0,1,1,2,1,1,Cross intersection,3,60,Arterial Other,30-39,Other injury,Bicyclists
T20170010263,5/23/2017,16:55:00,1,Collision with vehicle,3,Tuesday,163,VEHICLE STRIKES DOOR OF PARKED/STATIONARY VEHICLE,2,317783,2,0,0,1,1,2,2,5,Not at intersection,3,40,Local Road,50-59,Other injury,Bicyclists
T20170010274,5/26/2017,12:29:00,1,Collision with vehicle,6,Friday,121,RIGHT THROUGH,1,40475,2,0,1,0,1,2,1,2,T intersection,2,60,Arterial Other,70+,Serious injury,Bicyclists
T20170010295,5/26/2017,16:10:00,1,Collision with vehicle,6,Friday,148,VEHICLE OFF FOOTPATH STRIKES VEH ON CARRIAGEWAY,1,317797,2,0,1,0,5,6,1,5,Not at intersection,2,60,Local Road,18-21,Serious injury,Bicyclists
T20170010339,5/22/2017,10:45:00,1,Collision with vehicle,2,Monday,121,RIGHT THROUGH,1,317794,2,0,0,1,1,2,2,5,Not at intersection,3,50,Arterial Other,70+,Other injury,Bicyclists
T20170010344,5/27/2017,8:20:00,1,Collision with vehicle,7,Saturday,110,CROSS TRAFFIC(INTERSECTIONS ONLY),1,287872,2,0,1,0,1,2,1,1,Cross intersection,2,100,Local Road,30-39,Serious injury,Bicyclists
T20170010355,5/27/2017,6:25:00,8,No collision and no object struck,7,Saturday,172,OFF CARRIAGEWAY TO RIGHT,3,38051,2,0,0,1,1,2,2,1,Cross intersection,3,60,Arterial Other,50-59,Other injury,Bicyclists
T20170010392,5/27/2017,15:30:00,1,Collision with vehicle,6,Saturday,147,VEHICLE STRIKES ANOTHER VEH WHILE EMERGING FROM DRIVEWAY,1,317996,2,0,0,1,1,2,2,5,Not at intersection,3,888,Local Road,13-15,Other injury,Bicyclists
T20170010403,5/28/2017,12:15:00,6,Vehicle overturned (no collision),0,Sunday,174,OUT OF CONTROL ON CARRIAGEWAY (ON STRAIGHT),1,318523,2,0,0,1,0,1,1,5,Not at intersection,3,60,Arterial Highway,13-15,Other injury,Bicyclists
T20170010436,5/24/2017,17:30:00,1,Collision with vehicle,4,Wednesday,114,TWO RIGHT TURNING (INTERSECTIONS ONLY),3,40655,2,0,0,1,1,2,2,2,T intersection,3,60,Arterial Other,30-39,Other injury,Bicyclists
T20170010476,5/18/2017,18:10:00,1,Collision with vehicle,4,Thursday,113,RIGHT NEAR (INTERSECTIONS ONLY),2,66341,2,0,1,0,1,2,2,2,T intersection,2,50,Local Road,30-39,Serious injury,Bicyclists
T20170010498,5/29/2017,10:10:00,1,Collision with vehicle,1,Monday,163,VEHICLE STRIKES DOOR OF PARKED/STATIONARY VEHICLE,1,125803,2,0,0,1,1,2,2,5,Not at intersection,3,50,Local Road,26-29,Other injury,Bicyclists
T20170010525,5/16/2017,17:30:00,1,Collision with vehicle,3,Tuesday,163,VEHICLE STRIKES DOOR OF PARKED/STATIONARY VEHICLE,2,321344,2,0,0,1,1,2,2,5,Not at intersection,3,40,Local Road,30-39,Other injury,Bicyclists
T20170010553,5/14/2017,17:45:00,1,Collision with vehicle,1,Sunday,110,CROSS TRAFFIC(INTERSECTIONS ONLY),1,64729,2,0,0,1,1,2,2,1,Cross intersection,3,60,Arterial Other,16-17,Other injury,Bicyclists
T20170010578,1/26/2017,15:30:00,1,Collision with vehicle,4,Thursday,143,ENTERING PARKING,1,319790,2,0,0,1,1,2,2,5,Not at intersection,3,60,Arterial Other,16-17,Other injury,Bicyclists
T20170010629,12/22/2016,13:30:00,1,Collision with vehicle,5,Thursday,113,RIGHT NEAR (INTERSECTIONS ONLY),1,50741,2,0,0,1,1,2,1,2,T intersection,3,50,Uknown,65-69,Other injury,Bicyclists
T20170010637,5/31/2017,8:24:00,1,Collision with vehicle,4,Wednesday,116,LEFT NEAR (INTERSECTIONS ONLY),1,66872,2,0,0,1,1,2,1,2,T intersection,3,60,Arterial Other,16-17,Other injury,Bicyclists
T20170010638,5/31/2017,13:00:00,1,Collision with vehicle,4,Wednesday,110,CROSS TRAFFIC(INTERSECTIONS ONLY),1,223602,2,0,1,0,2,3,1,1,Cross intersection,2,60,Local Road,65-69,Serious injury,Bicyclists
T20170010640,5/30/2017,18:00:00,1,Collision with vehicle,3,Tuesday,116,LEFT NEAR (INTERSECTIONS ONLY),6,47648,2,0,0,1,1,2,2,2,T intersection,3,999,Local Road,26-29,Other injury,Bicyclists
T20170010690,5/31/2017,17:00:00,1,Collision with vehicle,4,Wednesday,140,U TURN,1,244937,2,0,1,0,1,2,2,1,Cross intersection,2,40,Local Road,22-25,Serious injury,Bicyclists
T20170010695,6/1/2017,7:45:00,1,Collision with vehicle,5,Thursday,116,LEFT NEAR (INTERSECTIONS ONLY),1,71720,2,0,0,2,0,2,1,2,T intersection,3,50,Local Road,13-15,Other injury,Bicyclists
T20170010708,5/22/2017,8:20:00,1,Collision with vehicle,1,Monday,110,CROSS TRAFFIC(INTERSECTIONS ONLY),1,35990,2,0,1,0,1,2,1,1,Cross intersection,2,50,Local Road,30-39,Serious injury,Bicyclists
T20170010712,5/31/2017,7:00:00,1,Collision with vehicle,4,Wednesday,116,LEFT NEAR (INTERSECTIONS ONLY),3,322253,2,0,1,0,1,2,2,2,T intersection,2,50,Local Road,50-59,Serious injury,Bicyclists
T20170010717,6/1/2017,14:30:00,1,Collision with vehicle,5,Thursday,143,ENTERING PARKING,1,318058,2,0,1,0,1,2,1,5,Not at intersection,2,40,Arterial Other,22-25,Serious injury,Bicyclists
T20170010730,6/1/2017,20:10:00,8,No collision and no object struck,4,Thursday,199,UNKNOWN-NO DETAILS ON MANOEUVRES OF ROAD-USERS IN ACCIDENT,3,318047,1,0,0,1,0,1,1,5,Not at intersection,3,50,Local Road,60-64,Other injury,Bicyclists
T20170010761,6/2/2017,8:20:00,1,Collision with vehicle,6,Friday,113,RIGHT NEAR (INTERSECTIONS ONLY),1,37827,2,0,1,0,1,2,1,2,T intersection,2,50,Arterial Other,30-39,Serious injury,Bicyclists
T20170010775,5/22/2017,5:45:00,1,Collision with vehicle,2,Monday,121,RIGHT THROUGH,2,55690,2,0,0,1,1,2,2,2,T intersection,3,60,Local Road,30-39,Other injury,Bicyclists
T20170010805,5/29/2017,12:20:00,1,Collision with vehicle,1,Monday,136,RIGHT TURN SIDESWIPE,1,320010,2,0,0,1,1,2,1,5,Not at intersection,3,60,Local Road,70+,Other injury,Bicyclists
T20170010826,6/1/2017,14:30:00,1,Collision with vehicle,5,Thursday,149,OTHER MANOEUVRING NOT INCLUDED IN DCAs 140-148,1,321625,2,0,0,1,1,2,2,5,Not at intersection,3,50,Local Road,26-29,Other injury,Bicyclists
T20170010840,5/29/2017,18:00:00,1,Collision with vehicle,2,Monday,121,RIGHT THROUGH,2,41171,2,0,0,2,0,2,2,2,T intersection,3,40,Arterial Other,30-39,Other injury,Bicyclists
T20170010946,6/5/2017,5:30:00,1,Collision with vehicle,2,Monday,120,HEAD ON (NOT OVERTAKING),3,318202,2,0,1,0,1,2,1,5,Not at intersection,2,60,Local Road,40-49,Serious injury,Bicyclists
T20170010956,3/16/2017,14:00:00,1,Collision with vehicle,5,Thursday,113,RIGHT NEAR (INTERSECTIONS ONLY),1,251418,2,0,0,1,1,2,2,2,T intersection,3,50,Local Road,22-25,Other injury,Bicyclists
T20170011001,6/5/2017,17:50:00,8,No collision and no object struck,1,Monday,151,OUT OF CONTROL (OVERTAKING),3,35364,1,0,0,1,0,1,1,1,Cross intersection,3,40,Local Road,30-39,Other injury,Bicyclists
T20170011031,6/6/2017,8:22:00,1,Collision with vehicle,3,Tuesday,110,CROSS TRAFFIC(INTERSECTIONS ONLY),1,56252,2,0,0,1,1,2,1,1,Cross intersection,3,40,Local Road,50-59,Other injury,Bicyclists
T20170011051,5/31/2017,9:30:00,2,Struck Pedestrian,3,Wednesday,104,PED WALKING WITH TRAFFIC,1,319652,1,0,0,1,1,2,2,5,Not at intersection,3,888,Local Road,Unknown,Not injured,Bicyclists
T20170011078,6/6/2017,10:20:00,1,Collision with vehicle,2,Tuesday,163,VEHICLE STRIKES DOOR OF PARKED/STATIONARY VEHICLE,1,318391,2,0,0,1,1,2,2,5,Not at intersection,3,60,Arterial Other,22-25,Other injury,Bicyclists
T20170011111,5/31/2017,9:50:00,1,Collision with vehicle,4,Wednesday,163,VEHICLE STRIKES DOOR OF PARKED/STATIONARY VEHICLE,1,318493,2,0,0,1,1,2,2,2,T intersection,3,999,Local Road,26-29,Other injury,Bicyclists
T20170011122,6/7/2017,8:22:00,1,Collision with vehicle,4,Wednesday,148,VEHICLE OFF FOOTPATH STRIKES VEH ON CARRIAGEWAY,1,53268,2,0,0,1,5,6,1,1,Cross intersection,3,40,Arterial Highway,45424,Other injury,Bicyclists
T20170011125,5/24/2017,15:00:00,1,Collision with vehicle,4,Wednesday,148,VEHICLE OFF FOOTPATH STRIKES VEH ON CARRIAGEWAY,1,298900,2,0,0,1,0,1,2,4,Multiple intersection,3,999,Freeway,16-17,Other injury,Bicyclists
T20170011141,6/7/2017,12:55:00,6,Vehicle overturned (no collision),4,Wednesday,170,OFF CARRIAGEWAY TO LEFT,1,318210,1,0,0,1,0,1,1,5,Not at intersection,3,60,Arterial Other,60-64,Other injury,Bicyclists
T20170011181,6/7/2017,17:52:00,1,Collision with vehicle,4,Wednesday,137,LEFT TURN SIDESWIPE,9,45609,2,0,0,1,1,2,2,2,T intersection,3,999,Local Road,40-49,Other injury,Bicyclists
T20170011204,6/8/2017,6:30:00,1,Collision with vehicle,4,Thursday,116,LEFT NEAR (INTERSECTIONS ONLY),3,46322,2,0,0,1,1,2,1,2,T intersection,3,70,Arterial Highway,22-25,Other injury,Bicyclists
T20170011227,6/8/2017,14:00:00,1,Collision with vehicle,4,Thursday,110,CROSS TRAFFIC(INTERSECTIONS ONLY),1,73764,2,0,0,1,1,2,1,4,Multiple intersection,3,60,Uknown,70+,Other injury,Bicyclists
T20170011228,6/4/2017,6:30:00,6,Vehicle overturned (no collision),0,Sunday,170,OFF CARRIAGEWAY TO LEFT,2,318304,2,0,0,1,1,2,2,2,T intersection,3,50,Local Road,30-39,Other injury,Bicyclists
T20170011270,6/6/2017,17:30:00,1,Collision with vehicle,3,Tuesday,137,LEFT TURN SIDESWIPE,2,318808,2,0,0,1,1,2,2,2,T intersection,3,60,Uknown,22-25,Other injury,Bicyclists
T20170011274,6/9/2017,7:55:00,1,Collision with vehicle,6,Friday,110,CROSS TRAFFIC(INTERSECTIONS ONLY),1,318328,2,0,1,0,1,2,1,1,Cross intersection,2,50,Local Road,50-59,Serious injury,Bicyclists
T20170011282,6/9/2017,9:40:00,1,Collision with vehicle,5,Friday,110,CROSS TRAFFIC(INTERSECTIONS ONLY),1,29962,2,0,0,1,1,2,1,1,Cross intersection,3,50,Local Road,16-17,Other injury,Bicyclists
T20170011286,6/9/2017,9:50:00,1,Collision with vehicle,6,Friday,121,RIGHT THROUGH,1,292004,2,0,0,1,1,2,2,2,T intersection,3,60,Arterial Highway,30-39,Other injury,Bicyclists
T20170011331,6/9/2017,6:15:00,1,Collision with vehicle,6,Friday,110,CROSS TRAFFIC(INTERSECTIONS ONLY),3,36033,2,0,1,0,1,2,2,1,Cross intersection,2,40,Local Road,40-49,Serious injury,Bicyclists
T20170011335,6/9/2017,17:40:00,1,Collision with vehicle,6,Friday,121,RIGHT THROUGH,3,37542,2,0,1,0,1,2,1,2,T intersection,2,60,Arterial Other,40-49,Serious injury,Bicyclists
T20170011364,6/10/2017,10:21:00,1,Collision with vehicle,7,Saturday,116,LEFT NEAR (INTERSECTIONS ONLY),1,39708,2,0,0,1,1,2,1,2,T intersection,3,70,Arterial Other,30-39,Other injury,Bicyclists
T20170011384,6/10/2017,16:05:00,1,Collision with vehicle,6,Saturday,130,REAR END(VEHICLES IN SAME LANE),1,73759,2,0,0,1,1,2,1,2,T intersection,3,50,Local Road,50-59,Other injury,Bicyclists
T20170011399,6/10/2017,21:15:00,1,Collision with vehicle,7,Saturday,119,OTHER ADJACENT (INTERSECTIONS ONLY),3,43858,2,0,0,1,4,5,1,2,T intersection,3,80,Arterial Highway,13-15,Other injury,Bicyclists
T20170011417,6/11/2017,7:20:00,1,Collision with vehicle,0,Sunday,113,RIGHT NEAR (INTERSECTIONS ONLY),1,43314,2,0,0,1,1,2,1,2,T intersection,3,60,Local Road,40-49,Other injury,Bicyclists
T20170011475,6/12/2017,8:10:00,8,No collision and no object struck,2,Monday,174,OUT OF CONTROL ON CARRIAGEWAY (ON STRAIGHT),1,244802,2,0,1,0,1,2,1,2,T intersection,2,60,Arterial Other,30-39,Serious injury,Bicyclists
T20170011496,6/12/2017,10:30:00,1,Collision with vehicle,2,Monday,130,REAR END(VEHICLES IN SAME LANE),1,319367,5,0,2,1,3,6,1,5,Not at intersection,2,90,Arterial Other,40-49,Serious injury,Bicyclists
T20170011500,6/12/2017,15:00:00,1,Collision with vehicle,1,Monday,120,HEAD ON (NOT OVERTAKING),1,318384,2,0,0,1,2,3,1,2,T intersection,3,50,Local Road,60-64,Other injury,Bicyclists
T20170011513,6/12/2017,16:50:00,1,Collision with vehicle,2,Monday,133,LANE SIDE SWIPE (VEHICLES IN PARALLEL LANES),1,318450,2,0,1,0,1,2,1,2,T intersection,2,80,Local Road,40-49,Serious injury,Bicyclists
T20170011519,6/10/2017,13:40:00,1,Collision with vehicle,7,Saturday,119,OTHER ADJACENT (INTERSECTIONS ONLY),1,263069,2,0,0,1,1,2,2,2,T intersection,3,60,Arterial Other,16-17,Other injury,Bicyclists
T20170011541,6/7/2017,17:30:00,1,Collision with vehicle,3,Wednesday,139,OTHER SAME DIRECTION-MANOUEVRES NOT INCLUDED IN DCAs 130-137,2,318397,2,0,0,1,0,1,2,5,Not at intersection,3,50,Local Road,30-39,Other injury,Bicyclists
T20170011552,6/13/2017,12:15:00,1,Collision with vehicle,3,Tuesday,163,VEHICLE STRIKES DOOR OF PARKED/STATIONARY VEHICLE,1,318429,2,0,0,1,2,3,1,5,Not at intersection,3,40,Local Road,60-64,Other injury,Bicyclists
T20170011556,6/13/2017,10:20:00,1,Collision with vehicle,2,Tuesday,160,VEHICLE COLLIDES WITH VEHICLE PARKED ON LEFT OF ROAD,1,318399,2,0,1,0,1,2,1,5,Not at intersection,2,40,Local Road,60-64,Serious injury,Bicyclists
T20170011562,6/13/2017,15:00:00,1,Collision with vehicle,2,Tuesday,133,LANE SIDE SWIPE (VEHICLES IN PARALLEL LANES),1,243560,2,0,0,1,0,1,2,2,T intersection,3,50,Local Road,18-21,Other injury,Bicyclists
T20170011576,6/10/2017,17:00:00,1,Collision with vehicle,7,Saturday,130,REAR END(VEHICLES IN SAME LANE),9,318394,2,0,1,0,1,2,2,2,T intersection,2,999,Local Road,40-49,Serious injury,Bicyclists
T20170011580,6/13/2017,17:05:00,1,Collision with vehicle,3,Tuesday,110,CROSS TRAFFIC(INTERSECTIONS ONLY),3,411,2,0,1,0,1,2,1,1,Cross intersection,2,60,Arterial Other,30-39,Serious injury,Bicyclists
T20170011582,6/13/2017,18:14:00,1,Collision with vehicle,2,Tuesday,116,LEFT NEAR (INTERSECTIONS ONLY),3,82,2,0,0,1,1,2,1,2,T intersection,3,80,Arterial Highway,30-39,Other injury,Bicyclists
T20170011638,6/14/2017,9:07:00,2,Struck Pedestrian,3,Wednesday,102,FAR SIDE. PED HIT BY VEHICLE FROM THE LEFT,1,29427,1,0,0,2,0,2,1,1,Cross intersection,3,40,Local Road,22-25,Other injury,Bicyclists
T20170011641,6/14/2017,8:45:00,1,Collision with vehicle,4,Wednesday,110,CROSS TRAFFIC(INTERSECTIONS ONLY),1,37986,2,0,0,1,1,2,2,1,Cross intersection,3,999,Local Road,13-15,Other injury,Bicyclists
T20170011649,6/5/2017,6:20:00,1,Collision with vehicle,2,Monday,119,OTHER ADJACENT (INTERSECTIONS ONLY),2,69132,2,0,1,0,0,1,2,4,Multiple intersection,2,60,Arterial Highway,50-59,Serious injury,Bicyclists
T20170011658,6/8/2017,13:45:00,6,Vehicle overturned (no collision),5,Thursday,174,OUT OF CONTROL ON CARRIAGEWAY (ON STRAIGHT),1,318809,1,0,0,1,0,1,2,5,Not at intersection,3,60,Local Road,26-29,Other injury,Bicyclists
T20170011659,6/14/2017,7:30:00,1,Collision with vehicle,3,Wednesday,121,RIGHT THROUGH,1,41382,2,0,0,1,1,2,2,1,Cross intersection,3,999,Arterial Other,50-59,Other injury,Bicyclists
T20170011677,6/15/2017,5:55:00,1,Collision with vehicle,5,Thursday,121,RIGHT THROUGH,3,36187,2,0,1,0,1,2,1,1,Cross intersection,2,60,Arterial Other,50-59,Serious injury,Bicyclists
T20170011717,6/14/2017,19:30:00,1,Collision with vehicle,4,Wednesday,137,LEFT TURN SIDESWIPE,3,63055,2,0,1,0,1,2,2,2,T intersection,2,50,Arterial Other,40-49,Serious injury,Bicyclists
T20170011720,6/15/2017,8:00:00,1,Collision with vehicle,5,Thursday,110,CROSS TRAFFIC(INTERSECTIONS ONLY),1,45409,2,0,0,1,1,2,9,1,Cross intersection,3,60,Local Road,50-59,Other injury,Bicyclists
T20170011729,6/15/2017,18:00:00,1,Collision with vehicle,5,Thursday,121,RIGHT THROUGH,3,270441,2,0,1,0,1,2,1,2,T intersection,2,50,Local Road,30-39,Serious injury,Bicyclists
T20170011766,6/16/2017,10:26:00,1,Collision with vehicle,6,Friday,121,RIGHT THROUGH,1,29372,2,0,1,0,2,3,1,1,Cross intersection,2,60,Arterial Highway,30-39,Serious injury,Bicyclists
T20170011784,6/16/2017,8:00:00,1,Collision with vehicle,5,Friday,121,RIGHT THROUGH,1,318599,2,0,0,1,1,2,2,5,Not at intersection,3,40,Arterial Other,26-29,Other injury,Bicyclists
T20170011850,6/17/2017,6:53:00,1,Collision with vehicle,7,Saturday,143,ENTERING PARKING,2,318654,2,0,1,0,1,2,1,5,Not at intersection,2,60,Arterial Other,30-39,Serious injury,Bicyclists
T20170011865,6/17/2017,12:15:00,1,Collision with vehicle,6,Saturday,110,CROSS TRAFFIC(INTERSECTIONS ONLY),1,36362,2,0,0,1,1,2,1,1,Cross intersection,3,50,Local Road,26-29,Other injury,Bicyclists
T20170011881,6/14/2017,9:20:00,1,Collision with vehicle,4,Wednesday,148,VEHICLE OFF FOOTPATH STRIKES VEH ON CARRIAGEWAY,1,263749,2,0,0,1,1,2,2,5,Not at intersection,3,60,Arterial Other,16-17,Other injury,Bicyclists
T20170011886,6/17/2017,17:00:00,1,Collision with vehicle,7,Saturday,137,LEFT TURN SIDESWIPE,2,56670,2,0,1,0,1,2,1,3,Y intersection,2,60,Arterial Other,60-64,Serious injury,Bicyclists
T20170011891,6/17/2017,13:30:00,2,Struck Pedestrian,7,Saturday,100,PED NEAR SIDE. PED HIT BY VEHICLE FROM THE RIGHT.,1,318608,1,0,0,1,1,2,2,5,Not at intersection,3,60,Arterial Other,30-39,Other injury,Bicyclists
T20170011896,6/14/2017,18:45:00,1,Collision with vehicle,4,Wednesday,110,CROSS TRAFFIC(INTERSECTIONS ONLY),9,39352,2,0,1,0,1,2,2,1,Cross intersection,2,50,Local Road,40-49,Serious injury,Bicyclists
T20170011942,6/18/2017,11:10:00,1,Collision with vehicle,1,Sunday,121,RIGHT THROUGH,1,41124,2,0,1,0,1,2,1,1,Cross intersection,2,60,Arterial Other,60-64,Serious injury,Bicyclists
T20170011952,6/16/2017,17:45:00,1,Collision with vehicle,6,Friday,143,ENTERING PARKING,6,29441,2,0,0,1,1,2,2,1,Cross intersection,3,40,Arterial Other,26-29,Other injury,Bicyclists
T20170012017,6/19/2017,21:10:00,8,No collision and no object struck,1,Monday,174,OUT OF CONTROL ON CARRIAGEWAY (ON STRAIGHT),3,319185,2,0,0,1,1,2,1,5,Not at intersection,3,50,Local Road,18-21,Other injury,Bicyclists
T20170012018,6/18/2017,10:00:00,1,Collision with vehicle,0,Sunday,131,LEFT REAR,1,55707,2,0,0,1,1,2,2,2,T intersection,3,999,Arterial Other,50-59,Other injury,Bicyclists
T20170012038,6/20/2017,8:10:00,1,Collision with vehicle,3,Tuesday,110,CROSS TRAFFIC(INTERSECTIONS ONLY),1,52498,2,0,0,1,1,2,1,1,Cross intersection,3,60,Local Road,22-25,Other injury,Bicyclists