ACCIDENT_NO,ACCIDENT_DATE,ACCIDENT_TIME,ACCIDENT_TYPE,ACCIDENT_TYPE_DESC,DAY_OF_WEEK,DAY_WEEK_DESC,DCA_CODE,DCA_DESC,LIGHT_CONDITION,NODE_ID,NO_OF_VEHICLES,NO_PERSONS_KILLED,NO_PERSONS_INJ_2,NO_PERSONS_INJ_3,NO_PERSONS_NOT_INJ,NO_PERSONS,POLICE_ATTEND,ROAD_GEOMETRY,ROAD_GEOMETRY_DESC,SEVERITY,SPEED_ZONE,RMA,AGE_GROUP,INJ_LEVEL,ROAD_USER_TYPE_DESC
T20170012044,6/20/2017,9:08:00,1,Collision with vehicle,3,Tuesday,113,RIGHT NEAR (INTERSECTIONS ONLY),1,72212,2,0,0,1,1,2,1,2,T intersection,3,50,Arterial Other,40-49,Other injury,Bicyclists
T20170012049,6/20/2017,10:47:00,1,Collision with vehicle,3,Tuesday,163,VEHICLE STRIKES DOOR OF PARKED/STATIONARY VEHICLE,1,243070,3,0,1,0,2,3,1,5,Not at intersection,2,40,Local Road,22-25,Serious injury,Bicyclists
T20170012067,6/20/2017,12:40:00,1,Collision with vehicle,3,Tuesday,163,VEHICLE STRIKES DOOR OF PARKED/STATIONARY VEHICLE,1,318726,2,0,0,1,1,2,1,5,Not at intersection,3,40,Arterial Other,26-29,Other injury,Bicyclists
T20170012090,6/20/2017,18:30:00,1,Collision with vehicle,2,Tuesday,133,LANE SIDE SWIPE (VEHICLES IN PARALLEL LANES),3,318666,2,0,0,1,2,3,1,5,Not at intersection,3,60,Local Road,30-39,Other injury,Bicyclists
T20170012113,6/15/2017,9:05:00,1,Collision with vehicle,5,Thursday,121,RIGHT THROUGH,1,55242,2,0,0,1,1,2,1,2,T intersection,3,60,Arterial Other,26-29,Other injury,Bicyclists
T20170012115,4/19/2017,17:00:00,8,No collision and no object struck,4,Wednesday,174,OUT OF CONTROL ON CARRIAGEWAY (ON STRAIGHT),1,320269,2,0,0,1,1,2,1,5,Not at intersection,3,60,Arterial Other,30-39,Other injury,Bicyclists
T20170012121,6/21/2017,6:43:00,1,Collision with vehicle,4,Wednesday,163,VEHICLE STRIKES DOOR OF PARKED/STATIONARY VEHICLE,3,319345,2,0,0,1,1,2,2,5,Not at intersection,3,40,Arterial Other,50-59,Other injury,Bicyclists
T20170012209,6/22/2017,11:00:00,1,Collision with vehicle,5,Thursday,153,CUTTING IN (OVERTAKING),1,318755,2,0,0,1,0,1,2,5,Not at intersection,3,50,Local Road,22-25,Other injury,Bicyclists
T20170012230,6/21/2017,14:20:00,1,Collision with vehicle,4,Wednesday,145,REVERSING IN STREAM OF TRAFFIC,1,320334,2,0,1,0,1,2,1,5,Not at intersection,2,60,Arterial Other,30-39,Serious injury,Bicyclists
T20170012239,6/22/2017,8:35:00,1,Collision with vehicle,5,Thursday,130,REAR END(VEHICLES IN SAME LANE),1,319402,2,0,0,1,0,1,2,5,Not at intersection,3,50,Local Road,13-15,Other injury,Bicyclists
T20170012245,6/22/2017,17:50:00,1,Collision with vehicle,5,Thursday,148,VEHICLE OFF FOOTPATH STRIKES VEH ON CARRIAGEWAY,3,50685,2,0,1,0,1,2,1,1,Cross intersection,2,50,Local Road,13-15,Serious injury,Bicyclists
T20170012276,6/23/2017,9:00:00,1,Collision with vehicle,6,Friday,121,RIGHT THROUGH,1,318810,3,0,1,0,1,2,1,5,Not at intersection,2,40,Arterial Other,30-39,Serious injury,Bicyclists
T20170012281,6/20/2017,19:00:00,1,Collision with vehicle,3,Tuesday,113,RIGHT NEAR (INTERSECTIONS ONLY),3,53116,2,0,0,1,1,2,2,2,T intersection,3,70,Arterial Other,60-64,Other injury,Bicyclists
T20170012449,6/25/2017,22:05:00,1,Collision with vehicle,1,Sunday,147,VEHICLE STRIKES ANOTHER VEH WHILE EMERGING FROM DRIVEWAY,3,320937,2,0,0,1,1,2,1,5,Not at intersection,3,70,Arterial Highway,30-39,Other injury,Bicyclists
T20170012472,6/26/2017,7:50:00,1,Collision with vehicle,2,Monday,147,VEHICLE STRIKES ANOTHER VEH WHILE EMERGING FROM DRIVEWAY,1,318815,2,0,0,1,2,3,1,5,Not at intersection,3,888,Local Road,13-15,Other injury,Bicyclists
T20170012481,6/26/2017,11:00:00,1,Collision with vehicle,2,Monday,110,CROSS TRAFFIC(INTERSECTIONS ONLY),1,44364,2,0,1,0,1,2,1,1,Cross intersection,2,50,Arterial Other,65-69,Serious injury,Bicyclists
T20170012485,6/23/2017,14:30:00,1,Collision with vehicle,6,Friday,163,VEHICLE STRIKES DOOR OF PARKED/STATIONARY VEHICLE,1,325921,2,0,0,1,1,2,2,5,Not at intersection,3,999,Uknown,22-25,Other injury,Bicyclists
T20170012516,6/26/2017,18:10:00,1,Collision with vehicle,2,Monday,147,VEHICLE STRIKES ANOTHER VEH WHILE EMERGING FROM DRIVEWAY,3,318859,2,0,0,1,1,2,1,2,T intersection,3,60,Arterial Other,45424,Other injury,Bicyclists
T20170012523,6/23/2017,10:00:00,1,Collision with vehicle,5,Friday,116,LEFT NEAR (INTERSECTIONS ONLY),1,231732,2,0,0,1,1,2,2,2,T intersection,3,999,Arterial Other,30-39,Other injury,Bicyclists
T20170012529,6/17/2017,9:00:00,8,No collision and no object struck,7,Saturday,174,OUT OF CONTROL ON CARRIAGEWAY (ON STRAIGHT),1,318898,1,0,1,0,0,1,2,5,Not at intersection,2,60,Arterial Other,30-39,Serious injury,Bicyclists
T20170012547,6/20/2017,15:30:00,1,Collision with vehicle,3,Tuesday,163,VEHICLE STRIKES DOOR OF PARKED/STATIONARY VEHICLE,1,319284,2,0,0,1,1,2,2,5,Not at intersection,3,40,Local Road,30-39,Other injury,Bicyclists
T20170012573,6/27/2017,17:30:00,8,No collision and no object struck,2,Tuesday,179,OTHER ACCIDENTS-OFF STRAIGHT NOT INCLUDED IN DCAs 170-175,3,341150,1,0,1,0,0,1,1,2,T intersection,2,60,Local Road,50-59,Serious injury,Bicyclists
T20170012581,6/27/2017,18:50:00,1,Collision with vehicle,2,Tuesday,121,RIGHT THROUGH,3,336,2,0,0,1,1,2,1,1,Cross intersection,3,60,Local Road,22-25,Other injury,Bicyclists
T20170012613,6/28/2017,9:15:00,1,Collision with vehicle,4,Wednesday,135,LANE CHANGE LEFT (NOT OVERTAKING),1,319653,2,0,0,1,1,2,1,5,Not at intersection,3,60,Arterial Highway,50-59,Other injury,Bicyclists
T20170012666,6/24/2017,10:30:00,1,Collision with vehicle,7,Saturday,137,LEFT TURN SIDESWIPE,1,318933,2,0,0,1,1,2,1,2,T intersection,3,50,Local Road,13-15,Other injury,Bicyclists
T20170012676,6/10/2017,9:50:00,2,Struck Pedestrian,6,Saturday,100,PED NEAR SIDE. PED HIT BY VEHICLE FROM THE RIGHT.,1,320751,1,0,0,2,0,2,2,5,Not at intersection,3,60,Arterial Other,40-49,Other injury,Bicyclists
T20170012690,6/25/2017,18:30:00,1,Collision with vehicle,1,Sunday,110,CROSS TRAFFIC(INTERSECTIONS ONLY),9,29359,2,0,0,1,1,2,2,1,Cross intersection,3,50,Local Road,26-29,Other injury,Bicyclists
T20170012722,6/29/2017,18:00:00,1,Collision with vehicle,5,Thursday,140,U TURN,2,319003,2,0,0,1,0,1,2,5,Not at intersection,3,40,Local Road,65-69,Other injury,Bicyclists
T20170012741,6/23/2017,19:00:00,1,Collision with vehicle,6,Friday,110,CROSS TRAFFIC(INTERSECTIONS ONLY),3,37502,2,0,0,1,1,2,1,1,Cross intersection,3,50,Local Road,22-25,Other injury,Bicyclists
T20170012747,6/30/2017,8:20:00,1,Collision with vehicle,6,Friday,149,OTHER MANOEUVRING NOT INCLUDED IN DCAs 140-148,1,319084,2,0,1,0,2,3,1,5,Not at intersection,2,60,Arterial Other,45424,Serious injury,Bicyclists
T20170012755,6/25/2017,14:45:00,1,Collision with vehicle,0,Sunday,147,VEHICLE STRIKES ANOTHER VEH WHILE EMERGING FROM DRIVEWAY,1,319083,2,0,0,1,1,2,2,5,Not at intersection,3,50,Local Road,16-17,Other injury,Bicyclists
T20170012792,6/30/2017,18:15:00,1,Collision with vehicle,5,Friday,121,RIGHT THROUGH,3,29721,2,0,0,1,1,2,1,2,T intersection,3,60,Arterial Other,50-59,Other injury,Bicyclists
T20170012802,7/1/2017,0:45:00,1,Collision with vehicle,6,Saturday,160,VEHICLE COLLIDES WITH VEHICLE PARKED ON LEFT OF ROAD,3,319063,2,0,0,1,0,1,1,5,Not at intersection,3,40,Local Road,30-39,Other injury,Bicyclists
T20170012820,7/1/2017,9:58:00,1,Collision with vehicle,7,Saturday,121,RIGHT THROUGH,1,319098,2,0,1,0,1,2,1,5,Not at intersection,2,60,Local Road,50-59,Serious injury,Bicyclists
T20170012828,7/1/2017,12:00:00,6,Vehicle overturned (no collision),7,Saturday,174,OUT OF CONTROL ON CARRIAGEWAY (ON STRAIGHT),1,37495,2,0,1,1,0,2,1,1,Cross intersection,2,40,Local Road,50-59,Serious injury,Bicyclists
T20170012841,7/1/2017,8:30:00,1,Collision with vehicle,7,Saturday,130,REAR END(VEHICLES IN SAME LANE),1,320023,2,0,1,1,0,2,1,5,Not at intersection,2,60,Uknown,50-59,Serious injury,Bicyclists
T20170012853,7/1/2017,16:28:00,1,Collision with vehicle,6,Saturday,133,LANE SIDE SWIPE (VEHICLES IN PARALLEL LANES),1,319168,3,0,0,1,4,5,1,5,Not at intersection,3,60,Arterial Other,30-39,Other injury,Bicyclists
T20170012901,7/2/2017,16:00:00,3,Struck animal,1,Sunday,167,STRUCK ANIMAL,1,319075,1,0,0,1,1,2,1,5,Not at intersection,3,60,Local Road,40-49,Other injury,Bicyclists
T20170012933,7/3/2017,8:50:00,1,Collision with vehicle,2,Monday,130,REAR END(VEHICLES IN SAME LANE),1,35307,2,0,0,1,1,2,2,1,Cross intersection,3,60,Local Road,22-25,Other injury,Bicyclists
T20170012935,6/29/2017,16:30:00,1,Collision with vehicle,5,Thursday,147,VEHICLE STRIKES ANOTHER VEH WHILE EMERGING FROM DRIVEWAY,1,319073,2,0,1,0,1,2,2,5,Not at intersection,2,40,Local Road,70+,Serious injury,Bicyclists
T20170012939,7/3/2017,9:55:00,1,Collision with vehicle,2,Monday,137,LEFT TURN SIDESWIPE,1,41137,2,1,0,0,1,2,1,1,Cross intersection,1,50,Arterial Other,40-49,Fatality,Bicyclists
T20170012965,6/27/2017,18:45:00,1,Collision with vehicle,3,Tuesday,140,U TURN,3,36470,2,0,0,1,1,2,1,1,Cross intersection,3,40,Local Road,40-49,Other injury,Bicyclists
T20170013050,7/4/2017,15:20:00,1,Collision with vehicle,3,Tuesday,163,VEHICLE STRIKES DOOR OF PARKED/STATIONARY VEHICLE,1,323203,2,0,0,1,1,2,2,5,Not at intersection,3,40,Arterial Other,22-25,Other injury,Bicyclists
T20170013064,7/4/2017,12:15:00,1,Collision with vehicle,3,Tuesday,133,LANE SIDE SWIPE (VEHICLES IN PARALLEL LANES),1,320994,2,0,0,1,1,2,2,5,Not at intersection,3,60,Arterial Other,65-69,Other injury,Bicyclists
T20170013066,7/5/2017,8:32:00,1,Collision with vehicle,4,Wednesday,163,VEHICLE STRIKES DOOR OF PARKED/STATIONARY VEHICLE,1,319144,2,0,1,0,1,2,1,5,Not at intersection,2,40,Arterial Other,22-25,Serious injury,Bicyclists
T20170013092,6/28/2017,7:10:00,1,Collision with vehicle,3,Wednesday,110,CROSS TRAFFIC(INTERSECTIONS ONLY),2,55021,2,0,0,1,1,2,2,1,Cross intersection,3,50,Local Road,50-59,Other injury,Bicyclists
T20170013102,7/5/2017,14:45:00,1,Collision with vehicle,4,Wednesday,148,VEHICLE OFF FOOTPATH STRIKES VEH ON CARRIAGEWAY,1,319582,2,0,1,0,1,2,1,5,Not at intersection,2,40,Local Road,13-15,Serious injury,Bicyclists
T20170013103,7/5/2017,15:10:00,1,Collision with vehicle,4,Wednesday,163,VEHICLE STRIKES DOOR OF PARKED/STATIONARY VEHICLE,1,319124,2,0,1,0,1,2,1,5,Not at intersection,2,60,Arterial Other,30-39,Serious injury,Bicyclists
T20170013105,7/5/2017,15:54:00,1,Collision with vehicle,4,Wednesday,133,LANE SIDE SWIPE (VEHICLES IN PARALLEL LANES),1,319137,2,0,1,0,1,2,1,5,Not at intersection,2,60,Arterial Other,50-59,Serious injury,Bicyclists
T20170013106,7/5/2017,11:00:00,1,Collision with vehicle,4,Wednesday,163,VEHICLE STRIKES DOOR OF PARKED/STATIONARY VEHICLE,1,319329,2,0,0,1,1,2,2,5,Not at intersection,3,999,Local Road,40-49,Other injury,Bicyclists
T20170013111,7/5/2017,16:40:00,1,Collision with vehicle,3,Wednesday,163,VEHICLE STRIKES DOOR OF PARKED/STATIONARY VEHICLE,1,319312,2,0,0,1,1,2,1,5,Not at intersection,3,999,Arterial Other,30-39,Other injury,Bicyclists
T20170013112,7/5/2017,17:12:00,1,Collision with vehicle,4,Wednesday,137,LEFT TURN SIDESWIPE,3,36968,2,0,1,0,1,2,1,1,Cross intersection,2,40,Local Road,30-39,Serious injury,Bicyclists
T20170013113,7/5/2017,14:00:00,1,Collision with vehicle,4,Wednesday,133,LANE SIDE SWIPE (VEHICLES IN PARALLEL LANES),1,29397,2,0,0,2,0,2,2,1,Cross intersection,3,60,Arterial Other,22-25,Other injury,Bicyclists
T20170013152,6/29/2017,6:13:00,5,collision with some other object,4,Thursday,166,STRUCK OBJECT ON CARRIAGEWAY,3,319174,1,0,1,0,0,1,2,5,Not at intersection,2,60,Arterial Other,60-64,Serious injury,Bicyclists
T20170013161,7/6/2017,13:05:00,1,Collision with vehicle,5,Thursday,133,LANE SIDE SWIPE (VEHICLES IN PARALLEL LANES),1,319145,2,0,1,0,0,1,1,1,Cross intersection,2,50,Local Road,30-39,Serious injury,Bicyclists
T20170013199,6/23/2017,0:00:00,8,No collision and no object struck,6,Friday,174,OUT OF CONTROL ON CARRIAGEWAY (ON STRAIGHT),3,319369,2,0,0,1,0,1,2,5,Not at intersection,3,40,Local Road,50-59,Other injury,Bicyclists
T20170013261,7/7/2017,17:30:00,2,Struck Pedestrian,6,Friday,100,PED NEAR SIDE. PED HIT BY VEHICLE FROM THE RIGHT.,2,29459,1,0,0,2,0,2,1,2,T intersection,3,60,Arterial Other,30-39,Other injury,Bicyclists
T20170013281,7/6/2017,8:30:00,2,Struck Pedestrian,4,Thursday,102,FAR SIDE. PED HIT BY VEHICLE FROM THE LEFT,1,29391,1,0,0,1,0,1,2,2,T intersection,3,40,Local Road,26-29,Other injury,Pedestrians
T20170013298,6/27/2017,11:15:00,1,Collision with vehicle,3,Tuesday,147,VEHICLE STRIKES ANOTHER VEH WHILE EMERGING FROM DRIVEWAY,1,324178,2,0,0,1,1,2,2,5,Not at intersection,3,888,Local Road,65-69,Other injury,Bicyclists
T20170013305,7/8/2017,6:45:00,1,Collision with vehicle,7,Saturday,116,LEFT NEAR (INTERSECTIONS ONLY),3,63534,2,0,1,0,1,2,1,2,T intersection,2,50,Arterial Other,40-49,Serious injury,Bicyclists
T20170013307,7/8/2017,13:04:00,1,Collision with vehicle,6,Saturday,116,LEFT NEAR (INTERSECTIONS ONLY),1,36065,2,0,0,1,1,2,1,2,T intersection,3,50,Local Road,26-29,Other injury,Bicyclists
T20170013347,6/17/2017,20:00:00,1,Collision with vehicle,7,Saturday,110,CROSS TRAFFIC(INTERSECTIONS ONLY),6,35397,2,0,1,0,0,1,2,1,Cross intersection,2,60,Arterial Other,50-59,Serious injury,Bicyclists
T20170013348,7/9/2017,8:40:00,1,Collision with vehicle,1,Sunday,121,RIGHT THROUGH,1,36187,2,0,1,0,1,2,1,1,Cross intersection,2,50,Arterial Other,50-59,Serious injury,Bicyclists
T20170013371,7/9/2017,12:38:00,1,Collision with vehicle,1,Sunday,121,RIGHT THROUGH,1,319272,2,0,1,0,1,2,1,5,Not at intersection,2,60,Arterial Other,50-59,Serious injury,Bicyclists
T20170013379,7/7/2017,6:55:00,1,Collision with vehicle,6,Friday,147,VEHICLE STRIKES ANOTHER VEH WHILE EMERGING FROM DRIVEWAY,3,319530,2,0,1,0,1,2,1,5,Not at intersection,2,70,Arterial Highway,18-21,Serious injury,Bicyclists
T20170013428,7/9/2017,18:00:00,1,Collision with vehicle,0,Sunday,130,REAR END(VEHICLES IN SAME LANE),3,61041,2,0,0,1,1,2,2,1,Cross intersection,3,80,Uknown,40-49,Other injury,Bicyclists
T20170013476,7/5/2017,18:30:00,1,Collision with vehicle,3,Wednesday,110,CROSS TRAFFIC(INTERSECTIONS ONLY),3,36046,2,0,1,0,1,2,2,1,Cross intersection,2,40,Local Road,26-29,Serious injury,Bicyclists
T20170013505,7/11/2017,17:45:00,1,Collision with vehicle,3,Tuesday,119,OTHER ADJACENT (INTERSECTIONS ONLY),3,233985,2,0,1,0,5,6,1,2,T intersection,2,60,Arterial Highway,50-59,Serious injury,Bicyclists
T20170013529,6/27/2017,11:00:00,1,Collision with vehicle,3,Tuesday,163,VEHICLE STRIKES DOOR OF PARKED/STATIONARY VEHICLE,9,321122,2,0,1,0,0,1,2,5,Not at intersection,2,999,Local Road,30-39,Serious injury,Bicyclists
T20170013570,7/11/2017,19:30:00,1,Collision with vehicle,3,Tuesday,110,CROSS TRAFFIC(INTERSECTIONS ONLY),3,38075,2,0,0,1,1,2,2,1,Cross intersection,3,50,Local Road,30-39,Other injury,Bicyclists
T20170013615,7/8/2017,11:15:00,1,Collision with vehicle,7,Saturday,113,RIGHT NEAR (INTERSECTIONS ONLY),1,47808,2,0,0,1,1,2,2,1,Cross intersection,3,50,Local Road,26-29,Other injury,Bicyclists
T20170013624,7/13/2017,8:23:00,1,Collision with vehicle,5,Thursday,148,VEHICLE OFF FOOTPATH STRIKES VEH ON CARRIAGEWAY,1,38801,2,0,1,0,0,1,1,2,T intersection,2,60,Arterial Highway,40-49,Serious injury,Bicyclists
T20170013649,7/13/2017,15:00:00,1,Collision with vehicle,5,Thursday,160,VEHICLE COLLIDES WITH VEHICLE PARKED ON LEFT OF ROAD,1,247607,2,0,0,1,1,2,1,5,Not at intersection,3,60,Arterial Other,16-17,Other injury,Bicyclists
T20170013663,7/13/2017,17:35:00,1,Collision with vehicle,4,Thursday,122,LEFT THROUGH,3,30939,2,0,0,1,1,2,1,1,Cross intersection,3,60,Arterial Highway,30-39,Other injury,Bicyclists
T20170013665,7/13/2017,18:13:00,1,Collision with vehicle,5,Thursday,136,RIGHT TURN SIDESWIPE,3,35355,2,0,0,1,1,2,1,1,Cross intersection,3,40,Local Road,30-39,Other injury,Bicyclists
T20170013669,7/13/2017,22:20:00,1,Collision with vehicle,5,Thursday,163,VEHICLE STRIKES DOOR OF PARKED/STATIONARY VEHICLE,3,319341,2,0,0,1,1,2,1,5,Not at intersection,3,40,Local Road,26-29,Other injury,Bicyclists
T20170013683,7/13/2017,7:50:00,1,Collision with vehicle,5,Thursday,121,RIGHT THROUGH,1,35708,2,0,1,0,1,2,1,2,T intersection,2,60,Arterial Other,50-59,Serious injury,Bicyclists
T20170013696,7/14/2017,12:10:00,1,Collision with vehicle,6,Friday,163,VEHICLE STRIKES DOOR OF PARKED/STATIONARY VEHICLE,1,319370,2,0,0,1,1,2,1,5,Not at intersection,3,40,Local Road,70+,Other injury,Bicyclists
T20170013755,7/15/2017,11:45:00,1,Collision with vehicle,7,Saturday,137,LEFT TURN SIDESWIPE,1,320046,2,0,0,1,1,2,1,5,Not at intersection,3,40,Arterial Other,50-59,Other injury,Bicyclists
T20170013756,7/15/2017,10:20:00,1,Collision with vehicle,7,Saturday,149,OTHER MANOEUVRING NOT INCLUDED IN DCAs 140-148,1,320139,2,0,0,1,1,2,1,5,Not at intersection,3,80,Arterial Highway,13-15,Other injury,Bicyclists
T20170013811,7/16/2017,11:45:00,1,Collision with vehicle,0,Sunday,160,VEHICLE COLLIDES WITH VEHICLE PARKED ON LEFT OF ROAD,1,319388,2,0,0,1,0,1,1,5,Not at intersection,3,60,Arterial Other,65-69,Other injury,Bicyclists
T20170013813,7/16/2017,11:05:00,1,Collision with vehicle,1,Sunday,139,OTHER SAME DIRECTION-MANOUEVRES NOT INCLUDED IN DCAs 130-137,1,319913,2,0,2,0,0,2,1,5,Not at intersection,2,100,Local Road,60-64,Serious injury,Bicyclists
T20170013825,7/10/2017,18:15:00,1,Collision with vehicle,2,Monday,134,LANE CHANGE RIGHT (NOT OVERTAKING),3,319390,2,0,0,1,1,2,2,5,Not at intersection,3,60,Arterial Other,40-49,Other injury,Bicyclists
T20170013917,7/18/2017,8:40:00,1,Collision with vehicle,3,Tuesday,121,RIGHT THROUGH,1,29397,2,0,1,0,1,2,1,1,Cross intersection,2,40,Arterial Other,40-49,Serious injury,Bicyclists
T20170013941,2/17/2017,11:00:00,8,No collision and no object struck,6,Friday,174,OUT OF CONTROL ON CARRIAGEWAY (ON STRAIGHT),1,319418,2,0,0,1,0,1,2,5,Not at intersection,3,50,Local Road,30-39,Other injury,Bicyclists
T20170013994,7/18/2017,15:15:00,1,Collision with vehicle,3,Tuesday,163,VEHICLE STRIKES DOOR OF PARKED/STATIONARY VEHICLE,1,319846,2,0,0,1,1,2,2,5,Not at intersection,3,40,Local Road,30-39,Other injury,Bicyclists
T20170014023,7/17/2017,17:30:00,1,Collision with vehicle,1,Monday,121,RIGHT THROUGH,9,45952,2,0,0,1,1,2,2,2,T intersection,3,40,Arterial Other,30-39,Other injury,Bicyclists
T20170014063,7/7/2017,8:30:00,1,Collision with vehicle,6,Friday,135,LANE CHANGE LEFT (NOT OVERTAKING),1,254077,2,0,0,1,1,2,2,4,Multiple intersection,3,60,Arterial Highway,26-29,Other injury,Bicyclists
T20170014096,7/20/2017,16:56:00,1,Collision with vehicle,5,Thursday,121,RIGHT THROUGH,2,35515,2,0,0,2,0,2,1,4,Multiple intersection,3,50,Freeway,26-29,Other injury,Bicyclists
T20170014107,7/19/2017,8:30:00,8,No collision and no object struck,4,Wednesday,170,OFF CARRIAGEWAY TO LEFT,1,206594,2,0,0,1,1,2,2,5,Not at intersection,3,60,Arterial Highway,30-39,Other injury,Bicyclists
T20170014121,7/21/2017,8:52:00,1,Collision with vehicle,6,Friday,133,LANE SIDE SWIPE (VEHICLES IN PARALLEL LANES),1,319537,2,0,1,0,1,2,1,5,Not at intersection,2,60,Arterial Highway,50-59,Serious injury,Bicyclists
T20170014134,7/21/2017,11:53:00,1,Collision with vehicle,6,Friday,134,LANE CHANGE RIGHT (NOT OVERTAKING),1,319555,2,0,1,0,1,2,1,5,Not at intersection,2,50,Local Road,16-17,Serious injury,Bicyclists
T20170014136,7/21/2017,9:00:00,1,Collision with vehicle,6,Friday,116,LEFT NEAR (INTERSECTIONS ONLY),1,37503,2,0,0,1,1,2,2,1,Cross intersection,3,50,Local Road,22-25,Other injury,Bicyclists
T20170014141,7/16/2017,19:40:00,1,Collision with vehicle,1,Sunday,120,HEAD ON (NOT OVERTAKING),5,319920,2,0,1,0,0,1,2,5,Not at intersection,2,50,Local Road,16-17,Serious injury,Bicyclists
T20170014176,7/21/2017,18:25:00,1,Collision with vehicle,6,Friday,163,VEHICLE STRIKES DOOR OF PARKED/STATIONARY VEHICLE,3,319557,2,0,1,0,1,2,1,5,Not at intersection,2,40,Arterial Other,50-59,Serious injury,Bicyclists
T20170014189,7/21/2017,8:43:00,1,Collision with vehicle,6,Friday,110,CROSS TRAFFIC(INTERSECTIONS ONLY),1,37651,2,0,0,1,1,2,1,1,Cross intersection,3,50,Local Road,65-69,Other injury,Bicyclists
T20170014205,7/22/2017,9:23:00,1,Collision with vehicle,7,Saturday,116,LEFT NEAR (INTERSECTIONS ONLY),1,228668,2,0,1,0,1,2,1,2,T intersection,2,50,Local Road,50-59,Serious injury,Bicyclists
T20170014233,7/21/2017,18:58:00,1,Collision with vehicle,6,Friday,121,RIGHT THROUGH,3,47227,2,0,1,0,1,2,1,4,Multiple intersection,2,60,Freeway,50-59,Serious injury,Bicyclists
T20170014245,7/22/2017,5:45:00,6,Vehicle overturned (no collision),7,Saturday,174,OUT OF CONTROL ON CARRIAGEWAY (ON STRAIGHT),2,319581,1,0,0,1,0,1,2,5,Not at intersection,3,999,Arterial Other,30-39,Other injury,Bicyclists
T20170014269,7/23/2017,8:57:00,1,Collision with vehicle,1,Sunday,113,RIGHT NEAR (INTERSECTIONS ONLY),1,29793,2,0,1,0,1,2,1,2,T intersection,2,30,Arterial Other,50-59,Serious injury,Bicyclists
T20170014280,7/23/2017,12:45:00,1,Collision with vehicle,1,Sunday,131,LEFT REAR,1,29588,3,0,1,0,2,3,1,1,Cross intersection,2,60,Arterial Other,50-59,Serious injury,Bicyclists
T20170014329,7/24/2017,9:06:00,1,Collision with vehicle,2,Monday,134,LANE CHANGE RIGHT (NOT OVERTAKING),1,35363,3,0,1,1,0,2,1,1,Cross intersection,2,40,Local Road,26-29,Serious injury,Bicyclists
T20170014348,7/24/2017,13:00:00,6,Vehicle overturned (no collision),2,Monday,174,OUT OF CONTROL ON CARRIAGEWAY (ON STRAIGHT),1,29495,2,0,1,0,1,2,1,1,Cross intersection,2,50,Arterial Other,26-29,Serious injury,Bicyclists
T20170014349,6/5/2017,10:15:00,1,Collision with vehicle,2,Monday,139,OTHER SAME DIRECTION-MANOUEVRES NOT INCLUDED IN DCAs 130-137,1,35304,2,0,0,1,0,1,2,1,Cross intersection,3,999,Arterial Other,40-49,Other injury,Bicyclists
T20170014361,7/24/2017,17:23:00,1,Collision with vehicle,1,Monday,130,REAR END(VEHICLES IN SAME LANE),2,44714,2,0,0,1,1,2,1,1,Cross intersection,3,60,Arterial Highway,30-39,Other injury,Bicyclists
T20170014363,7/24/2017,8:45:00,1,Collision with vehicle,1,Monday,135,LANE CHANGE LEFT (NOT OVERTAKING),1,359499,2,0,0,1,1,2,2,5,Not at intersection,3,60,Arterial Highway,30-39,Other injury,Bicyclists
T20170014379,7/24/2017,18:00:00,1,Collision with vehicle,2,Monday,121,RIGHT THROUGH,9,37263,2,0,0,1,0,1,2,1,Cross intersection,3,999,Arterial Other,26-29,Other injury,Bicyclists
T20170014382,7/24/2017,21:00:00,1,Collision with vehicle,1,Monday,135,LANE CHANGE LEFT (NOT OVERTAKING),6,46774,2,0,0,1,1,2,2,2,T intersection,3,999,Arterial Other,Unknown,Other injury,Bicyclists
T20170014402,7/25/2017,6:10:00,1,Collision with vehicle,3,Tuesday,121,RIGHT THROUGH,6,29781,2,0,0,1,1,2,2,1,Cross intersection,3,60,Local Road,30-39,Other injury,Bicyclists
T20170014407,7/25/2017,11:20:00,1,Collision with vehicle,3,Tuesday,133,LANE SIDE SWIPE (VEHICLES IN PARALLEL LANES),1,319866,2,0,0,1,2,3,1,5,Not at intersection,3,40,Local Road,26-29,Other injury,Bicyclists
T20170014409,7/25/2017,8:10:00,1,Collision with vehicle,3,Tuesday,137,LEFT TURN SIDESWIPE,1,37721,2,0,1,0,1,2,1,2,T intersection,2,40,Arterial Other,30-39,Serious injury,Bicyclists
T20170014463,7/26/2017,11:50:00,1,Collision with vehicle,4,Wednesday,130,REAR END(VEHICLES IN SAME LANE),1,35359,3,0,0,1,1,2,2,2,T intersection,3,40,Local Road,18-21,Other injury,Bicyclists
T20170014466,7/21/2017,8:05:00,1,Collision with vehicle,6,Friday,110,CROSS TRAFFIC(INTERSECTIONS ONLY),1,43759,2,0,0,1,1,2,2,1,Cross intersection,3,999,Local Road,50-59,Other injury,Bicyclists
T20170014509,7/27/2017,8:23:00,1,Collision with vehicle,5,Thursday,137,LEFT TURN SIDESWIPE,1,65647,2,0,1,1,0,2,1,2,T intersection,2,40,Local Road,30-39,Serious injury,Bicyclists
T20170014554,7/27/2017,8:10:00,1,Collision with vehicle,4,Thursday,160,VEHICLE COLLIDES WITH VEHICLE PARKED ON LEFT OF ROAD,1,320726,2,0,0,1,1,2,2,5,Not at intersection,3,60,Arterial Other,30-39,Other injury,Bicyclists