ACCIDENT_NO,ACCIDENT_DATE,ACCIDENT_TIME,ACCIDENT_TYPE,ACCIDENT_TYPE_DESC,DAY_OF_WEEK,DAY_WEEK_DESC,DCA_CODE,DCA_DESC,LIGHT_CONDITION,NODE_ID,NO_OF_VEHICLES,NO_PERSONS_KILLED,NO_PERSONS_INJ_2,NO_PERSONS_INJ_3,NO_PERSONS_NOT_INJ,NO_PERSONS,POLICE_ATTEND,ROAD_GEOMETRY,ROAD_GEOMETRY_DESC,SEVERITY,SPEED_ZONE,RMA,AGE_GROUP,INJ_LEVEL,ROAD_USER_TYPE_DESC
T20170014559,7/26/2017,16:15:00,1,Collision with vehicle,3,Wednesday,142,LEAVING PARKING,1,320365,2,0,0,1,0,1,2,5,Not at intersection,3,50,Local Road,13-15,Other injury,Bicyclists
T20170014574,7/27/2017,20:20:00,1,Collision with vehicle,5,Thursday,121,RIGHT THROUGH,3,37610,2,0,1,0,1,2,1,1,Cross intersection,2,40,Arterial Highway,18-21,Serious injury,Bicyclists
T20170014601,7/28/2017,9:00:00,1,Collision with vehicle,6,Friday,120,HEAD ON (NOT OVERTAKING),1,319815,2,0,1,0,1,2,1,5,Not at intersection,2,40,Arterial Other,30-39,Serious injury,Bicyclists
T20170014643,7/28/2017,16:35:00,1,Collision with vehicle,6,Friday,149,OTHER MANOEUVRING NOT INCLUDED IN DCAs 140-148,1,320212,2,0,0,1,1,2,2,5,Not at intersection,3,60,Arterial Other,16-17,Other injury,Bicyclists
T20170014677,7/29/2017,12:15:00,1,Collision with vehicle,6,Saturday,121,RIGHT THROUGH,1,237030,2,0,1,0,1,2,1,2,T intersection,2,80,Arterial Other,40-49,Serious injury,Bicyclists
T20170014728,7/30/2017,11:18:00,1,Collision with vehicle,0,Sunday,113,RIGHT NEAR (INTERSECTIONS ONLY),1,42628,2,0,1,0,1,2,1,2,T intersection,2,60,Local Road,40-49,Serious injury,Bicyclists
T20170014773,7/31/2017,10:55:00,6,Vehicle overturned (no collision),1,Monday,174,OUT OF CONTROL ON CARRIAGEWAY (ON STRAIGHT),1,320063,1,0,0,1,0,1,1,5,Not at intersection,3,50,Local Road,70+,Other injury,Bicyclists
T20170014793,7/31/2017,15:00:00,1,Collision with vehicle,2,Monday,140,U TURN,1,319885,2,0,0,1,1,2,1,5,Not at intersection,3,50,Arterial Other,40-49,Other injury,Bicyclists
T20170014799,7/31/2017,16:50:00,1,Collision with vehicle,2,Monday,152,PULLING OUT (OVERTAKING),1,319915,2,0,1,0,1,2,1,5,Not at intersection,2,60,Local Road,40-49,Serious injury,Bicyclists
T20170014800,6/8/2017,18:00:00,8,No collision and no object struck,5,Thursday,174,OUT OF CONTROL ON CARRIAGEWAY (ON STRAIGHT),3,319916,1,0,0,1,0,1,2,5,Not at intersection,3,40,Arterial Other,30-39,Other injury,Bicyclists
T20170014809,7/31/2017,18:30:00,8,No collision and no object struck,2,Monday,174,OUT OF CONTROL ON CARRIAGEWAY (ON STRAIGHT),3,357356,2,0,1,0,1,2,1,5,Not at intersection,2,60,Arterial Other,26-29,Serious injury,Bicyclists
T20170014835,7/21/2017,12:20:00,1,Collision with vehicle,6,Friday,135,LANE CHANGE LEFT (NOT OVERTAKING),1,36214,2,0,0,1,1,2,1,1,Cross intersection,3,60,Arterial Other,18-21,Other injury,Bicyclists
T20170014851,8/1/2017,9:00:00,1,Collision with vehicle,2,Tuesday,110,CROSS TRAFFIC(INTERSECTIONS ONLY),1,4,2,0,0,1,0,1,2,1,Cross intersection,3,40,Local Road,22-25,Other injury,Bicyclists
T20170014855,7/31/2017,15:30:00,8,No collision and no object struck,2,Monday,174,OUT OF CONTROL ON CARRIAGEWAY (ON STRAIGHT),1,319942,2,0,0,1,1,2,1,5,Not at intersection,3,40,Local Road,30-39,Other injury,Bicyclists
T20170014868,8/1/2017,11:10:00,6,Vehicle overturned (no collision),2,Tuesday,174,OUT OF CONTROL ON CARRIAGEWAY (ON STRAIGHT),1,36037,2,0,1,0,1,2,1,1,Cross intersection,2,40,Local Road,26-29,Serious injury,Bicyclists
T20170014910,8/2/2017,7:20:00,1,Collision with vehicle,4,Wednesday,130,REAR END(VEHICLES IN SAME LANE),1,320271,3,0,0,1,1,2,2,2,T intersection,3,80,Arterial Highway,30-39,Other injury,Bicyclists
T20170014911,8/1/2017,7:40:00,1,Collision with vehicle,3,Tuesday,143,ENTERING PARKING,1,319965,2,0,0,1,0,1,2,5,Not at intersection,3,50,Local Road,40-49,Other injury,Bicyclists
T20170014914,8/2/2017,10:05:00,1,Collision with vehicle,4,Wednesday,116,LEFT NEAR (INTERSECTIONS ONLY),1,49279,2,0,0,1,1,2,1,2,T intersection,3,60,Local Road,30-39,Other injury,Bicyclists
T20170014939,8/2/2017,18:50:00,1,Collision with vehicle,4,Wednesday,121,RIGHT THROUGH,3,320070,2,0,1,0,1,2,1,5,Not at intersection,2,50,Arterial Other,26-29,Serious injury,Bicyclists
T20170014969,7/26/2017,19:00:00,1,Collision with vehicle,4,Wednesday,121,RIGHT THROUGH,6,37181,2,0,0,1,1,2,2,1,Cross intersection,3,40,Arterial Other,22-25,Other injury,Bicyclists
T20170014976,8/3/2017,8:31:00,1,Collision with vehicle,5,Thursday,143,ENTERING PARKING,1,320623,2,0,0,1,1,2,1,2,T intersection,3,40,Local Road,22-25,Other injury,Bicyclists
T20170014997,7/21/2017,5:30:00,1,Collision with vehicle,6,Friday,119,OTHER ADJACENT (INTERSECTIONS ONLY),3,42092,2,0,0,2,0,2,2,2,T intersection,3,60,Arterial Other,30-39,Other injury,Bicyclists
T20170015014,8/3/2017,18:18:00,2,Struck Pedestrian,5,Thursday,100,PED NEAR SIDE. PED HIT BY VEHICLE FROM THE RIGHT.,3,238,2,0,1,1,1,3,1,1,Cross intersection,2,40,Local Road,40-49,Other injury,Bicyclists
T20170015016,8/1/2017,8:00:00,1,Collision with vehicle,3,Tuesday,116,LEFT NEAR (INTERSECTIONS ONLY),9,29598,2,0,1,0,1,2,2,1,Cross intersection,2,999,Arterial Other,30-39,Serious injury,Bicyclists
T20170015029,8/2/2017,18:20:00,1,Collision with vehicle,3,Wednesday,163,VEHICLE STRIKES DOOR OF PARKED/STATIONARY VEHICLE,6,321446,3,0,0,1,2,3,2,5,Not at intersection,3,60,Arterial Other,22-25,Other injury,Bicyclists
T20170015072,8/1/2017,7:00:00,1,Collision with vehicle,3,Tuesday,130,REAR END(VEHICLES IN SAME LANE),2,320048,2,0,0,1,1,2,2,2,T intersection,3,50,Local Road,30-39,Other injury,Bicyclists
T20170015132,7/26/2017,16:30:00,1,Collision with vehicle,4,Wednesday,163,VEHICLE STRIKES DOOR OF PARKED/STATIONARY VEHICLE,1,320107,2,0,0,1,1,2,2,5,Not at intersection,3,50,Arterial Highway,40-49,Other injury,Bicyclists
T20170015151,8/5/2017,8:35:00,1,Collision with vehicle,7,Saturday,163,VEHICLE STRIKES DOOR OF PARKED/STATIONARY VEHICLE,9,35361,3,0,0,1,2,3,1,1,Cross intersection,3,40,Local Road,22-25,Other injury,Bicyclists
T20170015192,8/6/2017,11:00:00,1,Collision with vehicle,1,Sunday,121,RIGHT THROUGH,1,43677,2,0,1,0,1,2,1,2,T intersection,2,60,Local Road,50-59,Serious injury,Bicyclists
T20170015221,8/6/2017,16:50:00,1,Collision with vehicle,1,Sunday,110,CROSS TRAFFIC(INTERSECTIONS ONLY),1,40007,2,0,1,0,1,2,1,1,Cross intersection,2,60,Arterial Other,40-49,Serious injury,Bicyclists
T20170015228,8/3/2017,20:30:00,1,Collision with vehicle,5,Thursday,142,LEAVING PARKING,6,322060,2,0,0,1,1,2,2,5,Not at intersection,3,60,Local Road,26-29,Other injury,Bicyclists
T20170015230,8/6/2017,14:30:00,1,Collision with vehicle,1,Sunday,121,RIGHT THROUGH,1,37294,2,0,1,0,0,1,2,2,T intersection,2,50,Arterial Other,22-25,Serious injury,Bicyclists
T20170015251,8/7/2017,10:00:00,1,Collision with vehicle,2,Monday,147,VEHICLE STRIKES ANOTHER VEH WHILE EMERGING FROM DRIVEWAY,1,322922,2,0,0,1,1,2,1,5,Not at intersection,3,50,Local Road,30-39,Other injury,Bicyclists
T20170015269,8/7/2017,12:20:00,1,Collision with vehicle,2,Monday,163,VEHICLE STRIKES DOOR OF PARKED/STATIONARY VEHICLE,1,29419,2,0,0,1,1,2,2,1,Cross intersection,3,999,Local Road,50-59,Other injury,Bicyclists
T20170015326,8/7/2017,15:38:00,1,Collision with vehicle,2,Monday,119,OTHER ADJACENT (INTERSECTIONS ONLY),1,289157,2,0,0,1,1,2,1,2,T intersection,3,40,Arterial Other,45424,Other injury,Bicyclists
T20170015334,7/19/2017,5:45:00,1,Collision with vehicle,3,Wednesday,112,LEFT FAR (INTERSECTIONS ONLY),6,44335,2,0,0,1,1,2,2,2,T intersection,3,999,Arterial Other,40-49,Other injury,Bicyclists
T20170015366,8/8/2017,17:30:00,1,Collision with vehicle,3,Tuesday,137,LEFT TURN SIDESWIPE,1,46127,2,0,0,1,1,2,1,2,T intersection,3,40,Arterial Highway,18-21,Other injury,Bicyclists
T20170015468,8/9/2017,14:40:00,1,Collision with vehicle,4,Wednesday,110,CROSS TRAFFIC(INTERSECTIONS ONLY),1,265350,2,0,0,1,1,2,1,1,Cross intersection,3,50,Local Road,65-69,Other injury,Bicyclists
T20170015485,8/10/2017,6:38:00,1,Collision with vehicle,5,Thursday,121,RIGHT THROUGH,2,323228,2,0,0,1,1,2,2,5,Not at intersection,3,999,Arterial Other,30-39,Other injury,Bicyclists
T20170015488,8/8/2017,9:00:00,8,No collision and no object struck,3,Tuesday,174,OUT OF CONTROL ON CARRIAGEWAY (ON STRAIGHT),1,287747,2,0,1,0,0,1,2,2,T intersection,2,40,Arterial Other,50-59,Serious injury,Bicyclists
T20170015495,8/10/2017,18:30:00,1,Collision with vehicle,4,Thursday,134,LANE CHANGE RIGHT (NOT OVERTAKING),3,320628,2,0,1,0,1,2,1,5,Not at intersection,2,60,Arterial Other,50-59,Serious injury,Bicyclists
T20170015497,8/10/2017,17:15:00,1,Collision with vehicle,5,Thursday,113,RIGHT NEAR (INTERSECTIONS ONLY),1,51556,2,0,0,1,1,2,1,2,T intersection,3,60,Arterial Other,40-49,Other injury,Bicyclists
T20170015498,8/10/2017,18:25:00,1,Collision with vehicle,4,Thursday,137,LEFT TURN SIDESWIPE,9,116,2,0,0,1,1,2,2,1,Cross intersection,3,60,Local Road,30-39,Other injury,Bicyclists
T20170015522,8/11/2017,11:10:00,1,Collision with vehicle,6,Friday,137,LEFT TURN SIDESWIPE,1,63935,2,0,1,0,1,2,1,2,T intersection,2,60,Arterial Other,26-29,Serious injury,Bicyclists
T20170015536,8/9/2017,19:55:00,1,Collision with vehicle,4,Wednesday,137,LEFT TURN SIDESWIPE,3,357367,2,0,1,0,1,2,2,5,Not at intersection,2,999,Arterial Highway,18-21,Serious injury,Bicyclists
T20170015655,8/13/2017,10:30:00,1,Collision with vehicle,1,Sunday,160,VEHICLE COLLIDES WITH VEHICLE PARKED ON LEFT OF ROAD,1,320362,2,0,1,0,1,2,1,5,Not at intersection,2,60,Arterial Highway,40-49,Serious injury,Bicyclists
T20170015661,8/13/2017,9:26:00,1,Collision with vehicle,1,Sunday,110,CROSS TRAFFIC(INTERSECTIONS ONLY),1,64416,2,0,1,0,1,2,1,1,Cross intersection,2,50,Local Road,26-29,Serious injury,Bicyclists
T20170015664,8/13/2017,12:20:00,1,Collision with vehicle,1,Sunday,133,LANE SIDE SWIPE (VEHICLES IN PARALLEL LANES),1,320621,3,0,1,1,4,6,1,5,Not at intersection,2,60,Arterial Other,40-49,Serious injury,Bicyclists
T20170015666,8/13/2017,10:16:00,1,Collision with vehicle,1,Sunday,137,LEFT TURN SIDESWIPE,1,281702,2,0,1,0,1,2,1,2,T intersection,2,50,Local Road,40-49,Serious injury,Bicyclists
T20170015667,8/13/2017,12:18:00,1,Collision with vehicle,1,Sunday,140,U TURN,1,62130,2,0,0,1,1,2,2,2,T intersection,3,999,Arterial Other,26-29,Other injury,Bicyclists
T20170015698,8/13/2017,13:20:00,1,Collision with vehicle,1,Sunday,139,OTHER SAME DIRECTION-MANOUEVRES NOT INCLUDED IN DCAs 130-137,1,320296,3,1,0,1,2,4,1,5,Not at intersection,1,100,Uknown,50-59,Fatality,Bicyclists
T20170015742,8/14/2017,13:01:00,6,Vehicle overturned (no collision),2,Monday,174,OUT OF CONTROL ON CARRIAGEWAY (ON STRAIGHT),1,320548,1,0,1,0,0,1,2,5,Not at intersection,2,60,Uknown,60-64,Serious injury,Bicyclists
T20170015748,7/31/2017,19:00:00,1,Collision with vehicle,2,Monday,147,VEHICLE STRIKES ANOTHER VEH WHILE EMERGING FROM DRIVEWAY,3,226829,2,0,0,1,1,2,2,5,Not at intersection,3,999,Arterial Other,26-29,Other injury,Bicyclists
T20170015758,8/14/2017,17:39:00,1,Collision with vehicle,2,Monday,163,VEHICLE STRIKES DOOR OF PARKED/STATIONARY VEHICLE,1,320943,2,0,1,0,1,2,1,5,Not at intersection,2,40,Local Road,40-49,Serious injury,Bicyclists
T20170015768,8/14/2017,16:46:00,1,Collision with vehicle,2,Monday,140,U TURN,1,321848,2,0,1,0,1,2,1,5,Not at intersection,2,40,Local Road,40-49,Serious injury,Bicyclists
T20170015792,8/15/2017,8:30:00,1,Collision with vehicle,3,Tuesday,121,RIGHT THROUGH,1,38989,2,0,1,0,1,2,1,2,T intersection,2,60,Arterial Other,40-49,Serious injury,Bicyclists
T20170015855,8/16/2017,6:30:00,1,Collision with vehicle,4,Wednesday,152,PULLING OUT (OVERTAKING),2,67443,2,0,1,0,1,2,1,1,Cross intersection,2,60,Local Road,40-49,Serious injury,Bicyclists
T20170015889,8/16/2017,17:00:00,1,Collision with vehicle,4,Wednesday,148,VEHICLE OFF FOOTPATH STRIKES VEH ON CARRIAGEWAY,1,263,2,0,0,1,1,2,1,1,Cross intersection,3,60,Arterial Highway,13-15,Other injury,Bicyclists
T20170015892,8/16/2017,15:44:00,1,Collision with vehicle,4,Wednesday,149,OTHER MANOEUVRING NOT INCLUDED IN DCAs 140-148,1,321050,2,0,0,1,1,2,1,5,Not at intersection,3,50,Local Road,45424,Other injury,Bicyclists
T20170015919,8/17/2017,8:45:00,1,Collision with vehicle,4,Thursday,137,LEFT TURN SIDESWIPE,1,41117,2,0,0,1,1,2,2,2,T intersection,3,60,Arterial Highway,50-59,Other injury,Bicyclists
T20170015922,8/2/2017,23:45:00,1,Collision with vehicle,4,Wednesday,163,VEHICLE STRIKES DOOR OF PARKED/STATIONARY VEHICLE,3,324601,2,0,0,1,1,2,2,5,Not at intersection,3,50,Local Road,26-29,Other injury,Bicyclists
T20170015963,7/24/2017,13:30:00,6,Vehicle overturned (no collision),2,Monday,174,OUT OF CONTROL ON CARRIAGEWAY (ON STRAIGHT),1,320607,1,0,0,1,0,1,2,2,T intersection,3,40,Arterial Other,22-25,Other injury,Bicyclists
T20170015971,8/10/2017,7:15:00,1,Collision with vehicle,5,Thursday,110,CROSS TRAFFIC(INTERSECTIONS ONLY),3,73549,2,0,1,0,1,2,2,1,Cross intersection,2,80,Local Road,65-69,Serious injury,Bicyclists
T20170016059,8/19/2017,7:46:00,1,Collision with vehicle,7,Saturday,148,VEHICLE OFF FOOTPATH STRIKES VEH ON CARRIAGEWAY,2,320659,2,0,0,1,1,2,1,5,Not at intersection,3,60,Arterial Other,13-15,Other injury,Bicyclists
T20170016104,8/20/2017,8:30:00,1,Collision with vehicle,1,Sunday,137,LEFT TURN SIDESWIPE,1,39915,2,0,0,1,1,2,1,2,T intersection,3,50,Local Road,60-64,Other injury,Bicyclists
T20170016114,8/20/2017,12:15:00,1,Collision with vehicle,1,Sunday,130,REAR END(VEHICLES IN SAME LANE),1,320680,3,0,1,1,1,3,1,5,Not at intersection,2,60,Arterial Highway,18-21,Other injury,Bicyclists
T20170016117,8/20/2017,13:05:00,1,Collision with vehicle,1,Sunday,137,LEFT TURN SIDESWIPE,1,65831,2,0,1,0,2,3,1,1,Cross intersection,2,40,Arterial Other,22-25,Serious injury,Bicyclists
T20170016146,8/20/2017,14:15:00,1,Collision with vehicle,1,Sunday,110,CROSS TRAFFIC(INTERSECTIONS ONLY),1,29361,2,0,0,1,1,2,2,1,Cross intersection,3,50,Local Road,22-25,Other injury,Bicyclists
T20170016170,8/21/2017,8:10:00,1,Collision with vehicle,2,Monday,121,RIGHT THROUGH,1,36392,2,0,0,1,1,2,2,2,T intersection,3,50,Local Road,18-21,Other injury,Bicyclists
T20170016200,8/21/2017,19:15:00,1,Collision with vehicle,2,Monday,163,VEHICLE STRIKES DOOR OF PARKED/STATIONARY VEHICLE,3,320688,2,0,0,1,1,2,2,5,Not at intersection,3,60,Arterial Other,40-49,Other injury,Bicyclists
T20170016233,8/22/2017,10:15:00,1,Collision with vehicle,3,Tuesday,135,LANE CHANGE LEFT (NOT OVERTAKING),1,36536,2,0,0,1,1,2,1,1,Cross intersection,3,40,Arterial Other,26-29,Other injury,Bicyclists
T20170016244,8/22/2017,10:43:00,1,Collision with vehicle,3,Tuesday,148,VEHICLE OFF FOOTPATH STRIKES VEH ON CARRIAGEWAY,1,321681,2,0,1,0,1,2,1,5,Not at intersection,2,60,Local Road,26-29,Serious injury,Bicyclists
T20170016263,8/22/2017,18:27:00,1,Collision with vehicle,2,Tuesday,139,OTHER SAME DIRECTION-MANOUEVRES NOT INCLUDED IN DCAs 130-137,3,36687,2,0,0,1,1,2,1,4,Multiple intersection,3,60,Arterial Other,50-59,Other injury,Bicyclists
T20170016279,8/23/2017,7:56:00,1,Collision with vehicle,4,Wednesday,110,CROSS TRAFFIC(INTERSECTIONS ONLY),1,38916,2,0,1,0,1,2,1,1,Cross intersection,2,50,Arterial Other,30-39,Serious injury,Bicyclists
T20170016288,8/20/2017,9:00:00,1,Collision with vehicle,1,Sunday,137,LEFT TURN SIDESWIPE,1,44136,2,0,0,1,1,2,2,2,T intersection,3,60,Arterial Highway,40-49,Other injury,Bicyclists
T20170016340,8/23/2017,6:08:00,8,No collision and no object struck,4,Wednesday,174,OUT OF CONTROL ON CARRIAGEWAY (ON STRAIGHT),3,320827,2,0,1,1,0,2,1,5,Not at intersection,2,60,Arterial Other,40-49,Serious injury,Bicyclists
T20170016393,8/24/2017,15:30:00,1,Collision with vehicle,5,Thursday,111,RIGHT FAR (INTERSECTIONS ONLY),1,262047,2,0,1,0,1,2,1,2,T intersection,2,50,Local Road,13-15,Serious injury,Bicyclists
T20170016394,8/23/2017,16:30:00,1,Collision with vehicle,4,Wednesday,143,ENTERING PARKING,9,321488,2,0,0,1,1,2,2,5,Not at intersection,3,50,Local Road,22-25,Other injury,Bicyclists
T20170016398,8/24/2017,14:30:00,1,Collision with vehicle,4,Thursday,147,VEHICLE STRIKES ANOTHER VEH WHILE EMERGING FROM DRIVEWAY,1,322330,2,0,0,1,1,2,2,5,Not at intersection,3,60,Local Road,13-15,Other injury,Bicyclists
T20170016405,8/24/2017,17:54:00,1,Collision with vehicle,5,Thursday,133,LANE SIDE SWIPE (VEHICLES IN PARALLEL LANES),2,359512,2,0,0,1,1,2,1,5,Not at intersection,3,50,Local Road,18-21,Other injury,Bicyclists
T20170016407,8/24/2017,16:30:00,1,Collision with vehicle,5,Thursday,110,CROSS TRAFFIC(INTERSECTIONS ONLY),1,29422,2,0,0,1,1,2,2,1,Cross intersection,3,40,Local Road,30-39,Other injury,Bicyclists
T20170016453,8/20/2017,15:33:00,1,Collision with vehicle,1,Sunday,121,RIGHT THROUGH,1,302394,2,0,0,2,0,2,1,2,T intersection,3,80,Arterial Other,30-39,Other injury,Bicyclists
T20170016473,8/25/2017,17:55:00,1,Collision with vehicle,6,Friday,143,ENTERING PARKING,3,115536,2,0,0,1,1,2,1,5,Not at intersection,3,40,Arterial Other,30-39,Other injury,Bicyclists
T20170016495,8/25/2017,23:20:00,1,Collision with vehicle,6,Friday,160,VEHICLE COLLIDES WITH VEHICLE PARKED ON LEFT OF ROAD,3,320856,2,0,0,1,0,1,1,5,Not at intersection,3,50,Local Road,30-39,Other injury,Bicyclists
T20170016519,8/26/2017,15:56:00,1,Collision with vehicle,7,Saturday,110,CROSS TRAFFIC(INTERSECTIONS ONLY),1,40181,2,0,0,1,1,2,1,1,Cross intersection,3,60,Local Road,30-39,Other injury,Bicyclists
T20170016525,8/26/2017,11:00:00,1,Collision with vehicle,6,Saturday,130,REAR END(VEHICLES IN SAME LANE),1,35579,2,0,0,1,1,2,2,1,Cross intersection,3,70,Arterial Other,40-49,Other injury,Bicyclists
T20170016552,8/24/2017,18:30:00,1,Collision with vehicle,5,Thursday,121,RIGHT THROUGH,3,35987,2,0,1,0,1,2,2,1,Cross intersection,2,40,Local Road,30-39,Serious injury,Bicyclists
T20170016612,8/28/2017,8:40:00,1,Collision with vehicle,1,Monday,121,RIGHT THROUGH,1,45873,2,0,0,1,1,2,1,1,Cross intersection,3,40,Arterial Other,30-39,Other injury,Bicyclists
T20170016629,8/28/2017,15:35:00,1,Collision with vehicle,2,Monday,130,REAR END(VEHICLES IN SAME LANE),1,236,2,0,0,1,1,2,1,1,Cross intersection,3,40,Local Road,40-49,Other injury,Bicyclists
T20170016631,8/28/2017,14:42:00,1,Collision with vehicle,2,Monday,143,ENTERING PARKING,1,320983,2,0,0,1,1,2,1,5,Not at intersection,3,60,Uknown,18-21,Other injury,Bicyclists
T20170016635,8/28/2017,16:35:00,1,Collision with vehicle,1,Monday,110,CROSS TRAFFIC(INTERSECTIONS ONLY),1,53591,2,0,0,1,1,2,1,1,Cross intersection,3,60,Arterial Other,22-25,Other injury,Bicyclists
T20170016666,8/29/2017,6:35:00,1,Collision with vehicle,2,Tuesday,121,RIGHT THROUGH,1,41471,2,0,1,0,1,2,1,2,T intersection,2,60,Arterial Other,65-69,Serious injury,Bicyclists
T20170016676,8/23/2017,16:00:00,1,Collision with vehicle,4,Wednesday,113,RIGHT NEAR (INTERSECTIONS ONLY),1,63669,2,0,0,2,0,2,1,1,Cross intersection,3,50,Local Road,40-49,Other injury,Bicyclists
T20170016704,8/22/2017,8:20:00,1,Collision with vehicle,3,Tuesday,163,VEHICLE STRIKES DOOR OF PARKED/STATIONARY VEHICLE,1,321018,2,0,0,1,0,1,2,5,Not at intersection,3,40,Local Road,30-39,Other injury,Bicyclists
T20170016726,8/29/2017,8:15:00,1,Collision with vehicle,3,Tuesday,148,VEHICLE OFF FOOTPATH STRIKES VEH ON CARRIAGEWAY,1,321031,2,0,0,1,1,2,2,2,T intersection,3,50,Local Road,18-21,Other injury,Bicyclists
T20170016730,8/30/2017,9:13:00,1,Collision with vehicle,4,Wednesday,163,VEHICLE STRIKES DOOR OF PARKED/STATIONARY VEHICLE,1,321082,2,0,0,1,1,2,1,5,Not at intersection,3,50,Local Road,30-39,Other injury,Bicyclists
T20170016797,8/31/2017,10:00:00,1,Collision with vehicle,5,Thursday,116,LEFT NEAR (INTERSECTIONS ONLY),1,321164,2,0,0,1,1,2,1,1,Cross intersection,3,60,Arterial Other,65-69,Other injury,Bicyclists
T20170016816,8/26/2017,15:30:00,1,Collision with vehicle,7,Saturday,119,OTHER ADJACENT (INTERSECTIONS ONLY),1,43836,2,0,0,1,1,2,2,2,T intersection,3,999,Arterial Other,22-25,Other injury,Bicyclists
T20170016849,8/31/2017,22:42:00,1,Collision with vehicle,5,Thursday,121,RIGHT THROUGH,3,29427,2,0,1,0,1,2,1,1,Cross intersection,2,40,Local Road,40-49,Serious injury,Bicyclists
T20170016867,9/1/2017,11:35:00,1,Collision with vehicle,6,Friday,111,RIGHT FAR (INTERSECTIONS ONLY),1,35330,2,0,0,1,1,2,1,2,T intersection,3,60,Arterial Highway,60-64,Other injury,Bicyclists
T20170016885,8/30/2017,20:35:00,1,Collision with vehicle,4,Wednesday,163,VEHICLE STRIKES DOOR OF PARKED/STATIONARY VEHICLE,3,29415,2,0,0,1,2,3,2,2,T intersection,3,40,Arterial Other,22-25,Other injury,Bicyclists
T20170016886,8/22/2017,8:05:00,1,Collision with vehicle,3,Tuesday,110,CROSS TRAFFIC(INTERSECTIONS ONLY),1,59113,2,0,0,1,1,2,2,1,Cross intersection,3,60,Local Road,30-39,Other injury,Bicyclists
T20170016926,8/30/2017,16:30:00,1,Collision with vehicle,4,Wednesday,110,CROSS TRAFFIC(INTERSECTIONS ONLY),9,37570,2,0,0,1,1,2,2,4,Multiple intersection,3,40,Local Road,65-69,Other injury,Bicyclists
T20170016949,9/1/2017,15:30:00,1,Collision with vehicle,6,Friday,121,RIGHT THROUGH,1,46631,2,0,0,1,1,2,1,1,Cross intersection,3,40,Arterial Other,16-17,Other injury,Bicyclists
T20170017005,9/1/2017,14:00:00,8,No collision and no object struck,6,Friday,174,OUT OF CONTROL ON CARRIAGEWAY (ON STRAIGHT),1,65271,1,0,0,1,0,1,2,2,T intersection,3,40,Local Road,26-29,Other injury,Bicyclists
T20170017032,9/4/2017,8:00:00,1,Collision with vehicle,2,Monday,121,RIGHT THROUGH,1,321263,2,0,0,1,1,2,2,5,Not at intersection,3,60,Arterial Other,30-39,Other injury,Bicyclists
T20170017033,9/1/2017,7:20:00,1,Collision with vehicle,6,Friday,119,OTHER ADJACENT (INTERSECTIONS ONLY),1,43341,2,0,0,2,0,2,2,1,Cross intersection,3,50,Local Road,40-49,Other injury,Bicyclists
T20170017038,8/30/2017,17:32:00,1,Collision with vehicle,4,Wednesday,121,RIGHT THROUGH,2,69584,2,0,0,1,1,2,1,2,T intersection,3,50,Local Road,40-49,Other injury,Bicyclists
T20170017040,9/4/2017,12:20:00,1,Collision with vehicle,2,Monday,160,VEHICLE COLLIDES WITH VEHICLE PARKED ON LEFT OF ROAD,1,321257,2,0,1,0,1,2,1,5,Not at intersection,2,60,Local Road,22-25,Serious injury,Bicyclists
T20170017064,9/4/2017,17:00:00,1,Collision with vehicle,2,Monday,147,VEHICLE STRIKES ANOTHER VEH WHILE EMERGING FROM DRIVEWAY,1,323556,2,0,0,1,1,2,1,5,Not at intersection,3,60,Uknown,60-64,Other injury,Bicyclists
T20170017101,9/4/2017,17:15:00,1,Collision with vehicle,2,Monday,113,RIGHT NEAR (INTERSECTIONS ONLY),2,29438,2,0,0,1,1,2,2,2,T intersection,3,40,Arterial Other,18-21,Other injury,Bicyclists
T20170017102,9/5/2017,7:35:00,1,Collision with vehicle,3,Tuesday,116,LEFT NEAR (INTERSECTIONS ONLY),1,68232,2,0,0,1,1,2,1,2,T intersection,3,60,Arterial Other,22-25,Other injury,Bicyclists
T20170017125,9/1/2017,10:36:00,1,Collision with vehicle,5,Friday,130,REAR END(VEHICLES IN SAME LANE),1,48187,2,0,0,1,1,2,1,2,T intersection,3,80,Arterial Other,50-59,Other injury,Bicyclists
T20170017155,9/6/2017,6:00:00,1,Collision with vehicle,3,Wednesday,133,LANE SIDE SWIPE (VEHICLES IN PARALLEL LANES),2,321405,2,0,0,1,1,2,1,5,Not at intersection,3,70,Uknown,22-25,Other injury,Bicyclists
T20170017166,9/6/2017,8:35:00,1,Collision with vehicle,4,Wednesday,147,VEHICLE STRIKES ANOTHER VEH WHILE EMERGING FROM DRIVEWAY,1,321705,2,0,1,0,1,2,1,5,Not at intersection,2,777,Local Road,50-59,Serious injury,Bicyclists
T20170017225,8/30/2017,23:30:00,1,Collision with vehicle,4,Wednesday,113,RIGHT NEAR (INTERSECTIONS ONLY),6,322427,2,0,0,1,0,1,2,2,T intersection,3,50,Local Road,30-39,Other injury,Bicyclists