ACCIDENT_NO,ACCIDENT_DATE,ACCIDENT_TIME,ACCIDENT_TYPE,ACCIDENT_TYPE_DESC,DAY_OF_WEEK,DAY_WEEK_DESC,DCA_CODE,DCA_DESC,LIGHT_CONDITION,NODE_ID,NO_OF_VEHICLES,NO_PERSONS_KILLED,NO_PERSONS_INJ_2,NO_PERSONS_INJ_3,NO_PERSONS_NOT_INJ,NO_PERSONS,POLICE_ATTEND,ROAD_GEOMETRY,ROAD_GEOMETRY_DESC,SEVERITY,SPEED_ZONE,RMA,AGE_GROUP,INJ_LEVEL,ROAD_USER_TYPE_DESC
T20170017227,8/22/2017,11:30:00,1,Collision with vehicle,3,Tuesday,137,LEFT TURN SIDESWIPE,1,37693,2,0,0,1,0,1,2,2,T intersection,3,40,Local Road,30-39,Other injury,Bicyclists
T20170017262,9/7/2017,17:00:00,1,Collision with vehicle,5,Thursday,163,VEHICLE STRIKES DOOR OF PARKED/STATIONARY VEHICLE,1,322369,2,0,0,1,1,2,2,5,Not at intersection,3,50,Local Road,30-39,Other injury,Bicyclists
T20170017314,9/8/2017,17:30:00,1,Collision with vehicle,5,Friday,163,VEHICLE STRIKES DOOR OF PARKED/STATIONARY VEHICLE,2,321340,2,0,0,1,1,2,1,5,Not at intersection,3,60,Local Road,16-17,Other injury,Bicyclists
T20170017349,9/9/2017,9:45:00,1,Collision with vehicle,7,Saturday,133,LANE SIDE SWIPE (VEHICLES IN PARALLEL LANES),1,321368,2,0,1,0,1,2,1,5,Not at intersection,2,80,Arterial Highway,50-59,Serious injury,Bicyclists
T20170017350,9/9/2017,9:10:00,1,Collision with vehicle,7,Saturday,116,LEFT NEAR (INTERSECTIONS ONLY),1,42742,2,0,0,1,1,2,1,2,T intersection,3,60,Arterial Other,40-49,Other injury,Bicyclists
T20170017417,9/10/2017,9:09:00,1,Collision with vehicle,1,Sunday,116,LEFT NEAR (INTERSECTIONS ONLY),1,64064,2,0,1,0,1,2,1,1,Cross intersection,2,60,Arterial Other,50-59,Serious injury,Bicyclists
T20170017439,9/3/2017,22:00:00,1,Collision with vehicle,1,Sunday,130,REAR END(VEHICLES IN SAME LANE),3,75407,2,0,0,1,0,1,2,1,Cross intersection,3,60,Arterial Other,30-39,Other injury,Bicyclists
T20170017445,9/10/2017,20:31:00,1,Collision with vehicle,1,Sunday,163,VEHICLE STRIKES DOOR OF PARKED/STATIONARY VEHICLE,3,216928,2,0,1,0,1,2,1,5,Not at intersection,2,60,Local Road,30-39,Serious injury,Bicyclists
T20170017481,9/11/2017,15:00:00,1,Collision with vehicle,2,Monday,148,VEHICLE OFF FOOTPATH STRIKES VEH ON CARRIAGEWAY,1,66228,2,0,1,0,1,2,1,2,T intersection,2,40,Local Road,60-64,Serious injury,Bicyclists
T20170017512,9/6/2017,15:40:00,8,No collision and no object struck,4,Wednesday,174,OUT OF CONTROL ON CARRIAGEWAY (ON STRAIGHT),1,36503,2,0,0,1,1,2,2,1,Cross intersection,3,40,Local Road,30-39,Other injury,Bicyclists
T20170017523,8/31/2017,5:50:00,1,Collision with vehicle,5,Thursday,147,VEHICLE STRIKES ANOTHER VEH WHILE EMERGING FROM DRIVEWAY,3,321440,2,0,1,0,1,2,2,5,Not at intersection,2,777,Uknown,40-49,Serious injury,Bicyclists
T20170017532,9/12/2017,8:00:00,1,Collision with vehicle,3,Tuesday,121,RIGHT THROUGH,1,48512,2,0,1,0,1,2,1,2,T intersection,2,60,Local Road,70+,Serious injury,Bicyclists
T20170017536,9/12/2017,7:30:00,1,Collision with vehicle,3,Tuesday,137,LEFT TURN SIDESWIPE,1,321685,2,0,1,0,1,2,1,5,Not at intersection,2,60,Arterial Other,18-21,Serious injury,Bicyclists
T20170017544,9/11/2017,16:00:00,1,Collision with vehicle,2,Monday,111,RIGHT FAR (INTERSECTIONS ONLY),1,321814,2,0,1,0,1,2,1,1,Cross intersection,2,50,Local Road,65-69,Serious injury,Bicyclists
T20170017546,9/12/2017,12:22:00,1,Collision with vehicle,3,Tuesday,163,VEHICLE STRIKES DOOR OF PARKED/STATIONARY VEHICLE,1,323067,3,0,1,0,2,3,1,5,Not at intersection,2,40,Local Road,22-25,Serious injury,Bicyclists
T20170017554,9/12/2017,15:26:00,1,Collision with vehicle,3,Tuesday,147,VEHICLE STRIKES ANOTHER VEH WHILE EMERGING FROM DRIVEWAY,1,322137,2,0,0,1,1,2,1,5,Not at intersection,3,999,Arterial Other,45424,Other injury,Bicyclists
T20170017582,9/3/2017,10:00:00,8,No collision and no object struck,0,Sunday,174,OUT OF CONTROL ON CARRIAGEWAY (ON STRAIGHT),1,35499,2,0,0,1,0,1,2,1,Cross intersection,3,60,Arterial Highway,22-25,Other injury,Bicyclists
T20170017617,9/13/2017,15:30:00,1,Collision with vehicle,4,Wednesday,148,VEHICLE OFF FOOTPATH STRIKES VEH ON CARRIAGEWAY,1,321536,2,0,0,1,1,2,2,2,T intersection,3,50,Uknown,45424,Other injury,Bicyclists
T20170017638,9/14/2017,8:34:00,1,Collision with vehicle,5,Thursday,163,VEHICLE STRIKES DOOR OF PARKED/STATIONARY VEHICLE,1,324803,2,0,1,0,2,3,1,5,Not at intersection,2,50,Local Road,Unknown,Serious injury,Bicyclists
T20170017662,9/14/2017,13:45:00,1,Collision with vehicle,4,Thursday,137,LEFT TURN SIDESWIPE,1,628,2,0,0,1,1,2,1,1,Cross intersection,3,80,Arterial Highway,70+,Other injury,Bicyclists
T20170017672,8/28/2017,18:10:00,1,Collision with vehicle,2,Monday,113,RIGHT NEAR (INTERSECTIONS ONLY),2,249100,2,0,1,0,1,2,2,2,T intersection,2,60,Local Road,40-49,Serious injury,Bicyclists
T20170017686,9/5/2017,16:30:00,1,Collision with vehicle,3,Tuesday,163,VEHICLE STRIKES DOOR OF PARKED/STATIONARY VEHICLE,1,321556,2,0,0,2,0,2,2,5,Not at intersection,3,40,Arterial Other,26-29,Other injury,Bicyclists
T20170017730,9/15/2017,7:30:00,1,Collision with vehicle,6,Friday,133,LANE SIDE SWIPE (VEHICLES IN PARALLEL LANES),1,322476,2,0,0,1,1,2,2,1,Cross intersection,3,60,Local Road,18-21,Other injury,Bicyclists
T20170017740,9/8/2017,13:00:00,1,Collision with vehicle,6,Friday,147,VEHICLE STRIKES ANOTHER VEH WHILE EMERGING FROM DRIVEWAY,1,321930,2,0,0,1,0,1,2,5,Not at intersection,3,999,Uknown,22-25,Other injury,Bicyclists
T20170017794,9/16/2017,14:45:00,1,Collision with vehicle,7,Saturday,148,VEHICLE OFF FOOTPATH STRIKES VEH ON CARRIAGEWAY,1,358671,2,0,1,0,1,2,1,5,Not at intersection,2,60,Arterial Other,13-15,Serious injury,Bicyclists
T20170017797,9/16/2017,13:00:00,8,No collision and no object struck,7,Saturday,184,OUT OF CONTROL ON CARRIAGEWAY (ON BEND),1,321644,1,0,1,0,0,1,1,5,Not at intersection,2,50,Local Road,13-15,Serious injury,Bicyclists
T20170017799,9/14/2017,11:15:00,8,No collision and no object struck,4,Thursday,170,OFF CARRIAGEWAY TO LEFT,9,322966,2,0,0,1,0,1,2,5,Not at intersection,3,60,Arterial Other,26-29,Other injury,Bicyclists
T20170017807,8/22/2017,14:30:00,1,Collision with vehicle,3,Tuesday,121,RIGHT THROUGH,1,321656,2,0,0,1,0,1,2,1,Cross intersection,3,50,Local Road,30-39,Other injury,Bicyclists
T20170017886,9/17/2017,15:25:00,1,Collision with vehicle,1,Sunday,130,REAR END(VEHICLES IN SAME LANE),1,68025,2,0,1,0,2,3,1,2,T intersection,2,60,Arterial Other,26-29,Serious injury,Bicyclists
T20170017903,9/12/2017,21:50:00,1,Collision with vehicle,3,Tuesday,121,RIGHT THROUGH,6,45952,2,0,0,1,0,1,2,1,Cross intersection,3,40,Arterial Other,22-25,Other injury,Bicyclists
T20170017968,9/19/2017,8:38:00,1,Collision with vehicle,3,Tuesday,121,RIGHT THROUGH,1,36607,2,0,0,1,1,2,1,2,T intersection,3,60,Local Road,40-49,Other injury,Bicyclists
T20170017975,9/18/2017,7:20:00,1,Collision with vehicle,1,Monday,163,VEHICLE STRIKES DOOR OF PARKED/STATIONARY VEHICLE,1,324666,2,0,0,1,1,2,2,5,Not at intersection,3,50,Arterial Other,26-29,Other injury,Bicyclists
T20170017991,9/19/2017,15:55:00,1,Collision with vehicle,2,Tuesday,147,VEHICLE STRIKES ANOTHER VEH WHILE EMERGING FROM DRIVEWAY,1,322956,2,0,0,1,1,2,2,5,Not at intersection,3,999,Local Road,13-15,Other injury,Bicyclists
T20170017992,9/19/2017,16:45:00,1,Collision with vehicle,3,Tuesday,147,VEHICLE STRIKES ANOTHER VEH WHILE EMERGING FROM DRIVEWAY,1,322362,2,0,1,0,1,2,1,5,Not at intersection,2,40,Local Road,26-29,Serious injury,Bicyclists
T20170017994,9/19/2017,17:25:00,1,Collision with vehicle,3,Tuesday,130,REAR END(VEHICLES IN SAME LANE),2,321749,2,0,1,0,1,2,1,5,Not at intersection,2,60,Local Road,30-39,Serious injury,Bicyclists
T20170018030,9/20/2017,8:00:00,1,Collision with vehicle,4,Wednesday,121,RIGHT THROUGH,1,36712,2,0,0,1,1,2,1,1,Cross intersection,3,999,Local Road,30-39,Other injury,Bicyclists
T20170018031,9/20/2017,8:25:00,1,Collision with vehicle,3,Wednesday,111,RIGHT FAR (INTERSECTIONS ONLY),1,321843,2,0,0,1,1,2,1,1,Cross intersection,3,50,Local Road,30-39,Other injury,Bicyclists
T20170018073,9/20/2017,18:40:00,1,Collision with vehicle,4,Wednesday,114,TWO RIGHT TURNING (INTERSECTIONS ONLY),3,63233,2,0,0,1,1,2,1,2,T intersection,3,50,Local Road,30-39,Other injury,Bicyclists
T20170018120,9/20/2017,14:34:00,1,Collision with vehicle,4,Wednesday,110,CROSS TRAFFIC(INTERSECTIONS ONLY),1,69419,2,0,0,1,1,2,1,1,Cross intersection,3,50,Local Road,26-29,Other injury,Bicyclists
T20170018185,9/17/2017,18:12:00,1,Collision with vehicle,1,Sunday,147,VEHICLE STRIKES ANOTHER VEH WHILE EMERGING FROM DRIVEWAY,1,321860,2,0,0,1,0,1,2,5,Not at intersection,3,50,Local Road,13-15,Other injury,Bicyclists
T20170018207,9/22/2017,16:00:00,1,Collision with vehicle,6,Friday,133,LANE SIDE SWIPE (VEHICLES IN PARALLEL LANES),1,322940,2,0,1,0,1,2,1,5,Not at intersection,2,100,Arterial Other,40-49,Serious injury,Bicyclists
T20170018224,9/22/2017,13:30:00,1,Collision with vehicle,6,Friday,122,LEFT THROUGH,1,390,2,0,0,1,1,2,2,1,Cross intersection,3,50,Arterial Other,30-39,Other injury,Bicyclists
T20170018238,9/23/2017,7:54:00,3,Struck animal,7,Saturday,167,STRUCK ANIMAL,1,322532,1,0,0,1,0,1,1,5,Not at intersection,3,80,Arterial Other,Unknown,Other injury,Bicyclists
T20170018280,9/23/2017,11:30:00,8,No collision and no object struck,7,Saturday,174,OUT OF CONTROL ON CARRIAGEWAY (ON STRAIGHT),1,322150,2,0,0,1,0,1,2,5,Not at intersection,3,40,Arterial Other,26-29,Other injury,Bicyclists
T20170018388,9/13/2017,16:45:00,1,Collision with vehicle,4,Wednesday,163,VEHICLE STRIKES DOOR OF PARKED/STATIONARY VEHICLE,1,322136,2,0,0,2,0,2,2,5,Not at intersection,3,50,Arterial Other,26-29,Other injury,Bicyclists
T20170018407,9/26/2017,8:05:00,1,Collision with vehicle,3,Tuesday,110,CROSS TRAFFIC(INTERSECTIONS ONLY),1,52490,2,0,0,1,1,2,1,1,Cross intersection,3,60,Local Road,26-29,Other injury,Bicyclists
T20170018410,9/26/2017,8:40:00,1,Collision with vehicle,3,Tuesday,110,CROSS TRAFFIC(INTERSECTIONS ONLY),1,63356,2,0,0,1,1,2,1,1,Cross intersection,3,999,Local Road,30-39,Other injury,Bicyclists
T20170018411,9/20/2017,15:47:00,1,Collision with vehicle,4,Wednesday,163,VEHICLE STRIKES DOOR OF PARKED/STATIONARY VEHICLE,1,323540,2,0,1,0,1,2,2,5,Not at intersection,2,999,Local Road,50-59,Serious injury,Bicyclists
T20170018426,9/26/2017,12:00:00,1,Collision with vehicle,3,Tuesday,121,RIGHT THROUGH,1,29417,2,0,1,0,1,2,1,1,Cross intersection,2,40,Arterial Other,30-39,Serious injury,Bicyclists
T20170018432,9/26/2017,14:42:00,1,Collision with vehicle,3,Tuesday,147,VEHICLE STRIKES ANOTHER VEH WHILE EMERGING FROM DRIVEWAY,1,322076,2,0,1,0,1,2,1,5,Not at intersection,2,70,Arterial Other,16-17,Serious injury,Bicyclists
T20170018455,9/26/2017,17:30:00,1,Collision with vehicle,3,Tuesday,148,VEHICLE OFF FOOTPATH STRIKES VEH ON CARRIAGEWAY,1,322405,2,0,1,0,1,2,1,1,Cross intersection,2,60,Uknown,40-49,Serious injury,Bicyclists
T20170018459,9/23/2017,13:30:00,1,Collision with vehicle,7,Saturday,135,LANE CHANGE LEFT (NOT OVERTAKING),1,36211,2,0,0,1,1,2,2,2,T intersection,3,60,Arterial Other,40-49,Other injury,Bicyclists
T20170018489,8/1/2016,17:45:00,1,Collision with vehicle,1,Monday,110,CROSS TRAFFIC(INTERSECTIONS ONLY),6,37041,2,0,0,1,1,2,2,1,Cross intersection,3,999,Local Road,30-39,Other injury,Bicyclists
T20170018498,9/27/2017,18:12:00,1,Collision with vehicle,4,Wednesday,110,CROSS TRAFFIC(INTERSECTIONS ONLY),1,62700,2,0,1,0,2,3,1,1,Cross intersection,2,50,Local Road,50-59,Serious injury,Bicyclists
T20170018499,9/27/2017,17:26:00,1,Collision with vehicle,4,Wednesday,110,CROSS TRAFFIC(INTERSECTIONS ONLY),1,64112,2,0,1,0,3,4,1,1,Cross intersection,2,50,Local Road,26-29,Serious injury,Bicyclists
T20170018507,9/27/2017,15:30:00,1,Collision with vehicle,4,Wednesday,148,VEHICLE OFF FOOTPATH STRIKES VEH ON CARRIAGEWAY,1,322192,2,0,0,1,1,2,1,2,T intersection,3,60,Uknown,16-17,Other injury,Bicyclists
T20170018513,9/27/2017,18:30:00,1,Collision with vehicle,4,Wednesday,121,RIGHT THROUGH,2,36827,3,0,0,1,1,2,1,2,T intersection,3,40,Arterial Other,22-25,Other injury,Bicyclists
T20170018521,9/28/2017,5:00:00,1,Collision with vehicle,5,Thursday,121,RIGHT THROUGH,3,322078,2,0,1,0,1,2,1,5,Not at intersection,2,80,Arterial Other,50-59,Serious injury,Bicyclists
T20170018530,9/24/2017,1:30:00,8,No collision and no object struck,1,Sunday,174,OUT OF CONTROL ON CARRIAGEWAY (ON STRAIGHT),3,322149,1,0,0,1,0,1,1,5,Not at intersection,3,40,Arterial Other,50-59,Other injury,Bicyclists
T20170018535,9/22/2017,9:15:00,8,No collision and no object struck,6,Friday,174,OUT OF CONTROL ON CARRIAGEWAY (ON STRAIGHT),1,228997,2,0,0,1,0,1,2,1,Cross intersection,3,60,Arterial Highway,26-29,Other injury,Bicyclists
T20170018536,9/28/2017,9:35:00,1,Collision with vehicle,5,Thursday,110,CROSS TRAFFIC(INTERSECTIONS ONLY),1,322215,2,0,1,0,1,2,2,1,Cross intersection,2,50,Local Road,45424,Serious injury,Bicyclists
T20170018540,9/28/2017,9:34:00,1,Collision with vehicle,4,Thursday,148,VEHICLE OFF FOOTPATH STRIKES VEH ON CARRIAGEWAY,1,304268,2,0,1,0,1,2,1,4,Multiple intersection,2,60,Freeway,70+,Serious injury,Bicyclists
T20170018599,9/29/2017,1:07:00,1,Collision with vehicle,5,Friday,120,HEAD ON (NOT OVERTAKING),3,322079,2,0,1,0,1,2,1,5,Not at intersection,2,50,Local Road,26-29,Serious injury,Bicyclists
T20170018633,9/28/2017,18:10:00,1,Collision with vehicle,5,Thursday,121,RIGHT THROUGH,1,322165,2,0,0,1,1,2,2,2,T intersection,3,999,Arterial Highway,26-29,Other injury,Bicyclists
T20170018656,9/28/2017,7:15:00,1,Collision with vehicle,5,Thursday,133,LANE SIDE SWIPE (VEHICLES IN PARALLEL LANES),1,29369,2,0,0,1,0,1,2,4,Multiple intersection,3,60,Arterial Other,22-25,Other injury,Bicyclists
T20170018660,9/30/2017,8:45:00,1,Collision with vehicle,7,Saturday,116,LEFT NEAR (INTERSECTIONS ONLY),1,67029,2,0,0,1,1,2,1,2,T intersection,3,50,Arterial Other,40-49,Other injury,Bicyclists
T20170018673,9/30/2017,13:18:00,1,Collision with vehicle,7,Saturday,137,LEFT TURN SIDESWIPE,1,36355,2,0,0,1,1,2,2,1,Cross intersection,3,60,Local Road,30-39,Other injury,Bicyclists
T20170018688,9/30/2017,19:00:00,1,Collision with vehicle,7,Saturday,147,VEHICLE STRIKES ANOTHER VEH WHILE EMERGING FROM DRIVEWAY,3,322235,2,0,1,0,1,2,1,5,Not at intersection,2,60,Uknown,30-39,Serious injury,Bicyclists
T20170018721,10/1/2017,8:50:00,9,Other accident,1,Sunday,179,OTHER ACCIDENTS-OFF STRAIGHT NOT INCLUDED IN DCAs 170-175,1,323995,2,0,1,0,2,3,1,5,Not at intersection,2,60,Arterial Highway,Unknown,Serious injury,Bicyclists
T20170018730,10/1/2017,19:17:00,1,Collision with vehicle,1,Sunday,139,OTHER SAME DIRECTION-MANOUEVRES NOT INCLUDED IN DCAs 130-137,2,323184,2,0,1,0,0,1,2,5,Not at intersection,2,60,Local Road,16-17,Serious injury,Bicyclists
T20170018754,10/1/2017,16:30:00,1,Collision with vehicle,1,Sunday,133,LANE SIDE SWIPE (VEHICLES IN PARALLEL LANES),1,323250,2,0,0,1,0,1,2,5,Not at intersection,3,80,Uknown,30-39,Other injury,Bicyclists
T20170018756,9/30/2017,17:00:00,1,Collision with vehicle,7,Saturday,114,TWO RIGHT TURNING (INTERSECTIONS ONLY),1,66581,2,0,0,1,1,2,2,2,T intersection,3,50,Local Road,40-49,Other injury,Bicyclists
T20170018823,10/3/2017,8:28:00,8,No collision and no object struck,2,Tuesday,174,OUT OF CONTROL ON CARRIAGEWAY (ON STRAIGHT),1,322213,2,0,0,1,1,2,1,2,T intersection,3,40,Arterial Other,50-59,Other injury,Bicyclists
T20170018833,10/3/2017,13:50:00,1,Collision with vehicle,3,Tuesday,163,VEHICLE STRIKES DOOR OF PARKED/STATIONARY VEHICLE,1,212580,3,0,0,1,2,3,1,5,Not at intersection,3,50,Arterial Other,22-25,Other injury,Bicyclists
T20170018877,10/3/2017,21:30:00,6,Vehicle overturned (no collision),3,Tuesday,174,OUT OF CONTROL ON CARRIAGEWAY (ON STRAIGHT),3,322239,1,0,0,1,0,1,1,5,Not at intersection,3,60,Arterial Other,22-25,Other injury,Bicyclists
T20170018900,10/3/2017,13:15:00,1,Collision with vehicle,3,Tuesday,137,LEFT TURN SIDESWIPE,1,70841,2,0,1,0,0,1,2,2,T intersection,2,60,Arterial Other,30-39,Serious injury,Bicyclists
T20170018903,10/4/2017,14:06:00,1,Collision with vehicle,4,Wednesday,163,VEHICLE STRIKES DOOR OF PARKED/STATIONARY VEHICLE,1,322236,2,0,0,1,1,2,1,5,Not at intersection,3,40,Local Road,22-25,Other injury,Bicyclists
T20170018921,10/4/2017,17:25:00,1,Collision with vehicle,4,Wednesday,121,RIGHT THROUGH,1,38514,2,0,1,0,1,2,1,1,Cross intersection,2,50,Local Road,18-21,Serious injury,Bicyclists
T20170018942,10/5/2017,7:25:00,1,Collision with vehicle,5,Thursday,111,RIGHT FAR (INTERSECTIONS ONLY),1,37393,2,0,1,0,1,2,1,2,T intersection,2,60,Arterial Other,40-49,Serious injury,Bicyclists
T20170018944,10/5/2017,8:55:00,8,No collision and no object struck,4,Thursday,174,OUT OF CONTROL ON CARRIAGEWAY (ON STRAIGHT),1,178,2,0,0,1,1,2,1,2,T intersection,3,50,Local Road,30-39,Other injury,Bicyclists
T20170018976,10/5/2017,16:28:00,1,Collision with vehicle,5,Thursday,116,LEFT NEAR (INTERSECTIONS ONLY),1,38891,3,0,1,0,2,3,1,2,T intersection,2,60,Arterial Other,50-59,Serious injury,Bicyclists
T20170018978,10/2/2017,19:15:00,1,Collision with vehicle,2,Monday,163,VEHICLE STRIKES DOOR OF PARKED/STATIONARY VEHICLE,2,322260,2,0,2,0,0,2,1,5,Not at intersection,2,60,Local Road,50-59,Serious injury,Bicyclists
T20170018984,10/3/2017,10:25:00,1,Collision with vehicle,2,Tuesday,163,VEHICLE STRIKES DOOR OF PARKED/STATIONARY VEHICLE,1,323170,2,0,0,1,1,2,2,2,T intersection,3,40,Arterial Other,40-49,Other injury,Bicyclists
T20170018987,10/5/2017,21:36:00,1,Collision with vehicle,5,Thursday,120,HEAD ON (NOT OVERTAKING),3,322256,2,0,0,1,1,2,1,5,Not at intersection,3,50,Arterial Other,18-21,Other injury,Bicyclists
T20170019011,10/6/2017,11:50:00,1,Collision with vehicle,6,Friday,137,LEFT TURN SIDESWIPE,1,44828,2,0,0,1,1,2,2,2,T intersection,3,60,Arterial Other,30-39,Other injury,Bicyclists
T20170019031,10/6/2017,15:30:00,1,Collision with vehicle,6,Friday,163,VEHICLE STRIKES DOOR OF PARKED/STATIONARY VEHICLE,1,331178,2,0,0,1,1,2,2,5,Not at intersection,3,40,Arterial Other,22-25,Other injury,Bicyclists
T20170019072,10/4/2017,18:25:00,1,Collision with vehicle,4,Wednesday,121,RIGHT THROUGH,2,36625,2,0,0,1,1,2,2,1,Cross intersection,3,40,Local Road,30-39,Other injury,Bicyclists
T20170019085,10/7/2017,12:35:00,1,Collision with vehicle,7,Saturday,113,RIGHT NEAR (INTERSECTIONS ONLY),1,54628,2,0,1,0,1,2,1,2,T intersection,2,100,Arterial Highway,50-59,Serious injury,Bicyclists
T20170019088,10/7/2017,6:12:00,5,collision with some other object,7,Saturday,166,STRUCK OBJECT ON CARRIAGEWAY,6,322315,1,0,1,0,0,1,1,5,Not at intersection,2,70,Non Arterial,40-49,Serious injury,Bicyclists
T20170019093,10/5/2017,8:00:00,1,Collision with vehicle,4,Thursday,163,VEHICLE STRIKES DOOR OF PARKED/STATIONARY VEHICLE,1,322314,2,0,0,1,1,2,2,5,Not at intersection,3,60,Local Road,40-49,Other injury,Bicyclists
T20170019095,10/4/2017,17:30:00,1,Collision with vehicle,4,Wednesday,163,VEHICLE STRIKES DOOR OF PARKED/STATIONARY VEHICLE,1,322959,2,0,1,0,2,3,2,5,Not at intersection,2,60,Arterial Other,30-39,Serious injury,Bicyclists
T20170019105,10/7/2017,14:00:00,1,Collision with vehicle,6,Saturday,121,RIGHT THROUGH,1,36034,2,0,0,1,1,2,2,2,T intersection,3,999,Local Road,30-39,Other injury,Bicyclists
T20170019114,10/7/2017,16:03:00,1,Collision with vehicle,7,Saturday,140,U TURN,1,331067,2,0,1,0,1,2,1,2,T intersection,2,50,Local Road,40-49,Serious injury,Bicyclists
T20170019134,10/7/2017,10:50:00,1,Collision with vehicle,7,Saturday,119,OTHER ADJACENT (INTERSECTIONS ONLY),1,323429,2,0,0,1,1,2,1,2,T intersection,3,40,Local Road,45424,Other injury,Bicyclists
T20170019204,10/9/2017,8:20:00,1,Collision with vehicle,2,Monday,137,LEFT TURN SIDESWIPE,1,29373,2,0,0,1,1,2,2,1,Cross intersection,3,50,Uknown,30-39,Other injury,Bicyclists
T20170019240,10/5/2017,20:00:00,1,Collision with vehicle,5,Thursday,119,OTHER ADJACENT (INTERSECTIONS ONLY),5,244765,2,0,1,0,0,1,1,2,T intersection,2,50,Local Road,50-59,Serious injury,Bicyclists
T20170019254,9/1/2017,13:06:00,1,Collision with vehicle,6,Friday,110,CROSS TRAFFIC(INTERSECTIONS ONLY),1,45141,2,0,1,0,1,2,1,1,Cross intersection,2,50,Local Road,60-64,Serious injury,Bicyclists
T20170019258,10/10/2017,7:22:00,1,Collision with vehicle,3,Tuesday,116,LEFT NEAR (INTERSECTIONS ONLY),1,37764,2,0,1,0,1,2,1,2,T intersection,2,70,Uknown,40-49,Serious injury,Bicyclists
T20170019276,10/10/2017,8:53:00,1,Collision with vehicle,3,Tuesday,110,CROSS TRAFFIC(INTERSECTIONS ONLY),1,50613,2,0,1,0,1,2,1,1,Cross intersection,2,50,Local Road,50-59,Serious injury,Bicyclists
T20170019302,9/24/2017,15:30:00,1,Collision with vehicle,1,Sunday,163,VEHICLE STRIKES DOOR OF PARKED/STATIONARY VEHICLE,1,336665,2,0,1,0,1,2,1,5,Not at intersection,2,40,Local Road,40-49,Serious injury,Bicyclists
T20170019307,10/10/2017,17:19:00,1,Collision with vehicle,3,Tuesday,121,RIGHT THROUGH,1,65088,2,0,2,0,0,2,1,2,T intersection,2,60,Local Road,26-29,Serious injury,Bicyclists
T20170019310,10/10/2017,17:50:00,1,Collision with vehicle,3,Tuesday,121,RIGHT THROUGH,1,37702,2,0,1,0,1,2,1,2,T intersection,2,40,Local Road,30-39,Serious injury,Bicyclists
T20170019345,10/11/2017,6:47:00,1,Collision with vehicle,4,Wednesday,163,VEHICLE STRIKES DOOR OF PARKED/STATIONARY VEHICLE,1,322422,2,0,0,1,2,3,1,5,Not at intersection,3,50,Local Road,26-29,Other injury,Bicyclists
T20170019352,10/11/2017,8:50:00,1,Collision with vehicle,4,Wednesday,110,CROSS TRAFFIC(INTERSECTIONS ONLY),1,49163,2,0,0,1,1,2,2,1,Cross intersection,3,50,Local Road,16-17,Other injury,Bicyclists
T20170019360,10/11/2017,8:10:00,1,Collision with vehicle,4,Wednesday,110,CROSS TRAFFIC(INTERSECTIONS ONLY),1,36386,2,0,0,1,1,2,2,1,Cross intersection,3,60,Local Road,30-39,Other injury,Bicyclists
T20170019385,10/3/2017,13:00:00,1,Collision with vehicle,3,Tuesday,113,RIGHT NEAR (INTERSECTIONS ONLY),1,322457,2,0,0,1,1,2,1,2,T intersection,3,60,Arterial Other,60-64,Other injury,Bicyclists
T20170019607,10/12/2017,18:30:00,1,Collision with vehicle,5,Thursday,135,LANE CHANGE LEFT (NOT OVERTAKING),1,325500,2,0,1,0,1,2,2,5,Not at intersection,2,60,Arterial Other,26-29,Serious injury,Bicyclists
T20170019613,10/15/2017,8:45:00,1,Collision with vehicle,1,Sunday,116,LEFT NEAR (INTERSECTIONS ONLY),1,48522,2,0,0,1,1,2,2,2,T intersection,3,60,Local Road,30-39,Other injury,Bicyclists
T20170019645,10/15/2017,13:50:00,1,Collision with vehicle,1,Sunday,163,VEHICLE STRIKES DOOR OF PARKED/STATIONARY VEHICLE,1,36500,2,0,0,1,1,2,2,1,Cross intersection,3,60,Arterial Other,18-21,Other injury,Bicyclists
T20170019659,10/4/2017,11:50:00,1,Collision with vehicle,4,Wednesday,147,VEHICLE STRIKES ANOTHER VEH WHILE EMERGING FROM DRIVEWAY,1,323254,2,0,0,1,1,2,2,5,Not at intersection,3,999,Arterial Other,13-15,Other injury,Bicyclists
T20170019672,10/16/2017,7:20:00,1,Collision with vehicle,1,Monday,133,LANE SIDE SWIPE (VEHICLES IN PARALLEL LANES),1,37502,2,0,1,0,0,1,1,1,Cross intersection,2,60,Local Road,50-59,Serious injury,Bicyclists
T20170019676,10/11/2017,15:30:00,1,Collision with vehicle,4,Wednesday,148,VEHICLE OFF FOOTPATH STRIKES VEH ON CARRIAGEWAY,1,162811,2,0,0,1,1,2,2,5,Not at intersection,3,50,Uknown,13-15,Other injury,Bicyclists
T20170019683,10/16/2017,8:30:00,1,Collision with vehicle,2,Monday,121,RIGHT THROUGH,1,38150,2,0,1,0,1,2,1,1,Cross intersection,2,999,Arterial Other,18-21,Serious injury,Bicyclists
T20170019693,10/15/2017,9:10:00,1,Collision with vehicle,1,Sunday,113,RIGHT NEAR (INTERSECTIONS ONLY),1,29903,2,0,1,0,1,2,1,2,T intersection,2,60,Arterial Other,30-39,Serious injury,Bicyclists