ACCIDENT_NO,ACCIDENT_DATE,ACCIDENT_TIME,ACCIDENT_TYPE,ACCIDENT_TYPE_DESC,DAY_OF_WEEK,DAY_WEEK_DESC,DCA_CODE,DCA_DESC,LIGHT_CONDITION,NODE_ID,NO_OF_VEHICLES,NO_PERSONS_KILLED,NO_PERSONS_INJ_2,NO_PERSONS_INJ_3,NO_PERSONS_NOT_INJ,NO_PERSONS,POLICE_ATTEND,ROAD_GEOMETRY,ROAD_GEOMETRY_DESC,SEVERITY,SPEED_ZONE,RMA,AGE_GROUP,INJ_LEVEL,ROAD_USER_TYPE_DESC
T20170019715,10/16/2017,17:30:00,1,Collision with vehicle,2,Monday,113,RIGHT NEAR (INTERSECTIONS ONLY),1,224272,2,0,0,1,1,2,1,2,T intersection,3,50,Local Road,26-29,Other injury,Bicyclists
T20170019727,10/16/2017,19:20:00,1,Collision with vehicle,2,Monday,143,ENTERING PARKING,2,325502,2,0,1,0,1,2,1,5,Not at intersection,2,40,Local Road,40-49,Serious injury,Bicyclists
T20170019729,10/16/2017,19:45:00,1,Collision with vehicle,1,Monday,147,VEHICLE STRIKES ANOTHER VEH WHILE EMERGING FROM DRIVEWAY,2,322690,2,0,0,1,1,2,1,5,Not at intersection,3,50,Uknown,18-21,Other injury,Bicyclists
T20170019770,10/17/2017,7:14:00,1,Collision with vehicle,3,Tuesday,116,LEFT NEAR (INTERSECTIONS ONLY),2,38355,2,0,1,0,1,2,1,1,Cross intersection,2,50,Local Road,50-59,Serious injury,Bicyclists
T20170019777,9/25/2017,19:30:00,1,Collision with vehicle,2,Monday,163,VEHICLE STRIKES DOOR OF PARKED/STATIONARY VEHICLE,1,35359,2,0,0,1,0,1,2,5,Not at intersection,3,40,Local Road,22-25,Other injury,Bicyclists
T20170019783,10/17/2017,17:24:00,1,Collision with vehicle,2,Tuesday,111,RIGHT FAR (INTERSECTIONS ONLY),1,51092,2,0,0,1,1,2,1,1,Cross intersection,3,60,Local Road,30-39,Other injury,Bicyclists
T20170019814,10/18/2017,9:25:00,1,Collision with vehicle,4,Wednesday,130,REAR END(VEHICLES IN SAME LANE),1,29599,2,0,1,0,1,2,1,1,Cross intersection,2,60,Arterial Other,40-49,Serious injury,Bicyclists
T20170019839,10/18/2017,13:20:00,1,Collision with vehicle,3,Wednesday,110,CROSS TRAFFIC(INTERSECTIONS ONLY),1,39094,2,0,0,1,1,2,1,1,Cross intersection,3,60,Arterial Other,50-59,Other injury,Bicyclists
T20170019871,10/18/2017,15:49:00,1,Collision with vehicle,4,Wednesday,148,VEHICLE OFF FOOTPATH STRIKES VEH ON CARRIAGEWAY,1,342954,2,0,1,0,1,2,1,2,T intersection,2,50,Arterial Highway,45424,Serious injury,Bicyclists
T20170019877,10/14/2017,18:20:00,1,Collision with vehicle,7,Saturday,163,VEHICLE STRIKES DOOR OF PARKED/STATIONARY VEHICLE,3,240,2,0,0,1,0,1,2,1,Cross intersection,3,50,Local Road,26-29,Other injury,Bicyclists
T20170019882,10/18/2017,20:00:00,1,Collision with vehicle,4,Wednesday,163,VEHICLE STRIKES DOOR OF PARKED/STATIONARY VEHICLE,1,322845,2,0,0,1,1,2,2,2,T intersection,3,60,Arterial Other,22-25,Other injury,Bicyclists
T20170019892,10/18/2017,20:30:00,1,Collision with vehicle,4,Wednesday,120,HEAD ON (NOT OVERTAKING),2,322648,2,1,0,0,2,3,1,5,Not at intersection,1,100,Local Road,18-21,Fatality,Bicyclists
T20170019900,10/18/2017,18:15:00,1,Collision with vehicle,4,Wednesday,124,RIGHT/RIGHT BOTH VEHs FROM OPPOSITE DIRECTIONS TURNING RIGHT,1,322697,2,0,1,0,1,2,1,1,Cross intersection,2,50,Local Road,26-29,Serious injury,Bicyclists
T20170019902,10/15/2017,17:45:00,1,Collision with vehicle,1,Sunday,121,RIGHT THROUGH,1,61245,2,0,0,1,1,2,2,2,T intersection,3,80,Arterial Other,50-59,Other injury,Bicyclists
T20170019907,10/11/2017,10:30:00,8,No collision and no object struck,4,Wednesday,174,OUT OF CONTROL ON CARRIAGEWAY (ON STRAIGHT),1,322830,2,0,1,0,1,2,2,5,Not at intersection,2,60,Arterial Other,30-39,Serious injury,Bicyclists
T20170019914,10/19/2017,11:40:00,1,Collision with vehicle,5,Thursday,110,CROSS TRAFFIC(INTERSECTIONS ONLY),1,40181,2,0,1,0,1,2,1,1,Cross intersection,2,60,Local Road,30-39,Serious injury,Bicyclists
T20170019918,10/18/2017,18:10:00,1,Collision with vehicle,4,Wednesday,147,VEHICLE STRIKES ANOTHER VEH WHILE EMERGING FROM DRIVEWAY,1,325383,2,0,1,0,1,2,2,5,Not at intersection,2,999,Arterial Other,30-39,Serious injury,Bicyclists
T20170019919,10/19/2017,4:10:00,1,Collision with vehicle,4,Thursday,133,LANE SIDE SWIPE (VEHICLES IN PARALLEL LANES),6,322737,2,0,0,1,0,1,2,5,Not at intersection,3,999,Arterial Highway,30-39,Other injury,Bicyclists
T20170019934,10/18/2017,15:30:00,1,Collision with vehicle,4,Wednesday,148,VEHICLE OFF FOOTPATH STRIKES VEH ON CARRIAGEWAY,1,322699,2,0,0,1,1,2,2,2,T intersection,3,50,Local Road,45424,Other injury,Bicyclists
T20170019938,10/18/2017,17:20:00,1,Collision with vehicle,4,Wednesday,113,RIGHT NEAR (INTERSECTIONS ONLY),1,322824,2,0,0,1,1,2,2,2,T intersection,3,50,Local Road,45424,Other injury,Bicyclists
T20170019955,10/11/2017,6:45:00,1,Collision with vehicle,4,Wednesday,110,CROSS TRAFFIC(INTERSECTIONS ONLY),2,37972,2,0,0,1,0,1,2,1,Cross intersection,3,50,Local Road,26-29,Other injury,Bicyclists
T20170019960,10/19/2017,16:00:00,1,Collision with vehicle,5,Thursday,163,VEHICLE STRIKES DOOR OF PARKED/STATIONARY VEHICLE,1,37173,2,0,0,1,1,2,2,2,T intersection,3,60,Arterial Other,30-39,Other injury,Bicyclists
T20170019964,10/19/2017,17:30:00,1,Collision with vehicle,5,Thursday,137,LEFT TURN SIDESWIPE,1,40049,2,0,1,0,1,2,1,2,T intersection,2,60,Arterial Other,30-39,Serious injury,Bicyclists
T20170019965,10/19/2017,8:45:00,1,Collision with vehicle,5,Thursday,119,OTHER ADJACENT (INTERSECTIONS ONLY),1,59584,2,0,0,2,0,2,2,2,T intersection,3,40,Local Road,13-15,Other injury,Bicyclists
T20170019981,10/12/2017,16:38:00,1,Collision with vehicle,5,Thursday,121,RIGHT THROUGH,1,322751,2,0,1,0,1,2,1,5,Not at intersection,2,60,Arterial Other,30-39,Serious injury,Bicyclists
T20170019984,10/20/2017,9:30:00,2,Struck Pedestrian,6,Friday,100,PED NEAR SIDE. PED HIT BY VEHICLE FROM THE RIGHT.,1,29420,1,0,2,0,0,2,1,1,Cross intersection,2,40,Local Road,40-49,Serious injury,Bicyclists
T20170020004,10/20/2017,11:25:00,1,Collision with vehicle,6,Friday,163,VEHICLE STRIKES DOOR OF PARKED/STATIONARY VEHICLE,1,323157,2,0,0,1,2,3,1,5,Not at intersection,3,40,Arterial Other,50-59,Not injured,Bicyclists
T20170020012,7/18/2017,8:15:00,1,Collision with vehicle,3,Tuesday,111,RIGHT FAR (INTERSECTIONS ONLY),1,56709,2,0,0,1,0,1,2,2,T intersection,3,60,Local Road,22-25,Other injury,Bicyclists
T20170020025,10/13/2017,20:30:00,1,Collision with vehicle,6,Friday,119,OTHER ADJACENT (INTERSECTIONS ONLY),3,37803,2,0,0,1,1,2,2,1,Cross intersection,3,50,Arterial Other,30-39,Other injury,Bicyclists
T20170020031,10/20/2017,14:38:00,1,Collision with vehicle,5,Friday,121,RIGHT THROUGH,1,40203,2,0,1,0,1,2,1,1,Cross intersection,2,60,Local Road,26-29,Serious injury,Bicyclists
T20170020036,10/20/2017,18:45:00,8,No collision and no object struck,6,Friday,174,OUT OF CONTROL ON CARRIAGEWAY (ON STRAIGHT),2,323015,1,0,1,0,0,1,1,5,Not at intersection,2,60,Uknown,50-59,Serious injury,Bicyclists
T20170020071,10/21/2017,10:05:00,1,Collision with vehicle,6,Saturday,130,REAR END(VEHICLES IN SAME LANE),1,322735,2,0,1,0,1,2,1,5,Not at intersection,2,50,Local Road,30-39,Serious injury,Bicyclists
T20170020072,10/21/2017,9:10:00,1,Collision with vehicle,7,Saturday,163,VEHICLE STRIKES DOOR OF PARKED/STATIONARY VEHICLE,1,323058,2,0,1,1,0,2,2,5,Not at intersection,2,50,Arterial Highway,65-69,Serious injury,Bicyclists
T20170020079,10/21/2017,14:00:00,1,Collision with vehicle,6,Saturday,137,LEFT TURN SIDESWIPE,1,322749,2,0,0,2,0,2,2,5,Not at intersection,3,60,Arterial Other,26-29,Other injury,Bicyclists
T20170020143,10/22/2017,9:00:00,1,Collision with vehicle,0,Sunday,110,CROSS TRAFFIC(INTERSECTIONS ONLY),1,42013,2,0,0,1,1,2,2,1,Cross intersection,3,999,Arterial Other,50-59,Other injury,Bicyclists
T20170020156,10/20/2017,16:03:00,1,Collision with vehicle,6,Friday,133,LANE SIDE SWIPE (VEHICLES IN PARALLEL LANES),1,246580,2,0,1,0,1,2,1,2,T intersection,2,60,Arterial Other,60-64,Serious injury,Bicyclists
T20170020170,10/22/2017,15:50:00,8,No collision and no object struck,0,Sunday,179,OTHER ACCIDENTS-OFF STRAIGHT NOT INCLUDED IN DCAs 170-175,1,322826,1,0,0,1,0,1,1,5,Not at intersection,3,80,Arterial Highway,40-49,Other injury,Bicyclists
T20170020177,10/22/2017,17:05:00,1,Collision with vehicle,1,Sunday,130,REAR END(VEHICLES IN SAME LANE),1,322770,2,0,1,0,1,2,1,5,Not at intersection,2,80,Arterial Highway,40-49,Serious injury,Bicyclists
T20170020188,10/23/2017,4:00:00,1,Collision with vehicle,2,Monday,116,LEFT NEAR (INTERSECTIONS ONLY),6,262909,2,0,1,0,1,2,1,2,T intersection,2,80,Arterial Highway,50-59,Serious injury,Bicyclists
T20170020240,10/23/2017,10:00:00,8,No collision and no object struck,2,Monday,174,OUT OF CONTROL ON CARRIAGEWAY (ON STRAIGHT),1,36951,1,0,0,1,0,1,2,1,Cross intersection,3,40,Local Road,30-39,Other injury,Bicyclists
T20170020244,10/23/2017,19:40:00,1,Collision with vehicle,2,Monday,119,OTHER ADJACENT (INTERSECTIONS ONLY),2,861,2,0,0,1,1,2,2,2,T intersection,3,999,Local Road,30-39,Other injury,Bicyclists
T20170020277,10/17/2017,19:00:00,1,Collision with vehicle,3,Tuesday,110,CROSS TRAFFIC(INTERSECTIONS ONLY),2,42089,2,0,0,1,1,2,2,1,Cross intersection,3,50,Local Road,16-17,Other injury,Bicyclists
T20170020283,10/23/2017,17:20:00,1,Collision with vehicle,2,Monday,142,LEAVING PARKING,1,323759,2,0,1,0,1,2,2,5,Not at intersection,2,50,Local Road,60-64,Serious injury,Bicyclists
T20170020292,10/24/2017,10:30:00,1,Collision with vehicle,3,Tuesday,163,VEHICLE STRIKES DOOR OF PARKED/STATIONARY VEHICLE,1,31930,2,0,0,1,1,2,1,5,Not at intersection,3,50,Arterial Other,30-39,Other injury,Bicyclists
T20170020302,10/22/2017,13:23:00,1,Collision with vehicle,0,Sunday,130,REAR END(VEHICLES IN SAME LANE),1,241079,2,0,0,1,0,1,1,1,Cross intersection,3,50,Local Road,16-17,Other injury,Bicyclists
T20170020308,10/17/2017,9:45:00,1,Collision with vehicle,3,Tuesday,135,LANE CHANGE LEFT (NOT OVERTAKING),1,48143,2,0,0,1,1,2,2,2,T intersection,3,50,Local Road,30-39,Other injury,Bicyclists
T20170020309,10/24/2017,18:30:00,1,Collision with vehicle,2,Tuesday,121,RIGHT THROUGH,1,29373,2,0,0,1,1,2,1,1,Cross intersection,3,60,Uknown,30-39,Other injury,Bicyclists
T20170020312,10/24/2017,9:20:00,1,Collision with vehicle,3,Tuesday,163,VEHICLE STRIKES DOOR OF PARKED/STATIONARY VEHICLE,1,322887,2,0,0,1,0,1,2,5,Not at intersection,3,60,Local Road,26-29,Other injury,Bicyclists
T20170020315,10/24/2017,15:30:00,1,Collision with vehicle,3,Tuesday,110,CROSS TRAFFIC(INTERSECTIONS ONLY),1,36412,3,0,0,1,2,3,2,1,Cross intersection,3,40,Local Road,45424,Other injury,Bicyclists
T20170020342,10/24/2017,5:50:00,1,Collision with vehicle,3,Tuesday,148,VEHICLE OFF FOOTPATH STRIKES VEH ON CARRIAGEWAY,6,70828,2,0,1,0,0,1,2,1,Cross intersection,2,999,Arterial Highway,18-21,Serious injury,Bicyclists
T20170020406,10/25/2017,19:30:00,8,No collision and no object struck,4,Wednesday,174,OUT OF CONTROL ON CARRIAGEWAY (ON STRAIGHT),2,322969,1,0,1,0,0,1,1,5,Not at intersection,2,60,Arterial Other,30-39,Serious injury,Bicyclists
T20170020422,10/26/2017,10:28:00,1,Collision with vehicle,4,Thursday,163,VEHICLE STRIKES DOOR OF PARKED/STATIONARY VEHICLE,1,359804,3,0,0,2,1,3,2,5,Not at intersection,3,60,Local Road,30-39,Other injury,Bicyclists
T20170020440,10/26/2017,8:30:00,1,Collision with vehicle,5,Thursday,148,VEHICLE OFF FOOTPATH STRIKES VEH ON CARRIAGEWAY,1,88,2,0,1,0,1,2,2,1,Cross intersection,2,40,Arterial Other,26-29,Serious injury,Bicyclists
T20170020448,10/26/2017,18:00:00,1,Collision with vehicle,5,Thursday,110,CROSS TRAFFIC(INTERSECTIONS ONLY),1,37234,2,0,0,1,1,2,1,1,Cross intersection,3,40,Local Road,50-59,Other injury,Bicyclists
T20170020452,10/26/2017,18:09:00,1,Collision with vehicle,5,Thursday,116,LEFT NEAR (INTERSECTIONS ONLY),1,66017,2,0,0,1,1,2,1,2,T intersection,3,50,Arterial Highway,50-59,Other injury,Bicyclists
T20170020479,10/27/2017,7:05:00,1,Collision with vehicle,5,Friday,133,LANE SIDE SWIPE (VEHICLES IN PARALLEL LANES),1,322996,2,0,1,0,1,2,1,5,Not at intersection,2,60,Arterial Other,40-49,Serious injury,Bicyclists
T20170020490,10/26/2017,15:15:00,1,Collision with vehicle,5,Thursday,133,LANE SIDE SWIPE (VEHICLES IN PARALLEL LANES),1,322972,2,0,1,0,0,1,2,5,Not at intersection,2,70,Arterial Highway,60-64,Serious injury,Bicyclists
T20170020498,10/25/2017,7:00:00,1,Collision with vehicle,4,Wednesday,116,LEFT NEAR (INTERSECTIONS ONLY),1,38993,3,0,0,2,1,3,2,1,Cross intersection,3,60,Arterial Other,40-49,Other injury,Bicyclists
T20170020506,10/27/2017,15:05:00,1,Collision with vehicle,6,Friday,129,OTHER OPPOSING MANOEUVRES NOT INCLUDED IN DCAs 120-125.,1,45018,2,0,0,1,1,2,2,2,T intersection,3,60,Arterial Other,50-59,Other injury,Bicyclists
T20170020540,10/27/2017,20:37:00,1,Collision with vehicle,6,Friday,147,VEHICLE STRIKES ANOTHER VEH WHILE EMERGING FROM DRIVEWAY,3,322993,2,0,1,0,1,2,1,5,Not at intersection,2,999,Arterial Highway,30-39,Serious injury,Bicyclists
T20170020555,10/24/2017,23:30:00,1,Collision with vehicle,3,Tuesday,113,RIGHT NEAR (INTERSECTIONS ONLY),3,37135,2,0,0,1,1,2,1,2,T intersection,3,40,Arterial Other,22-25,Other injury,Bicyclists
T20170020623,10/29/2017,11:50:00,1,Collision with vehicle,0,Sunday,160,VEHICLE COLLIDES WITH VEHICLE PARKED ON LEFT OF ROAD,1,323023,2,0,1,0,0,1,1,5,Not at intersection,2,60,Arterial Other,50-59,Serious injury,Bicyclists
T20170020626,10/29/2017,12:20:00,1,Collision with vehicle,1,Sunday,130,REAR END(VEHICLES IN SAME LANE),1,323810,2,0,0,1,1,2,1,5,Not at intersection,3,70,Uknown,30-39,Other injury,Bicyclists
T20170020641,10/29/2017,14:20:00,1,Collision with vehicle,1,Sunday,121,RIGHT THROUGH,1,323086,2,0,1,0,1,2,1,5,Not at intersection,2,60,Arterial Other,26-29,Serious injury,Bicyclists
T20170020650,10/29/2017,16:30:00,2,Struck Pedestrian,1,Sunday,100,PED NEAR SIDE. PED HIT BY VEHICLE FROM THE RIGHT.,1,324439,1,0,0,1,1,2,2,5,Not at intersection,3,60,Arterial Other,30-39,Other injury,Bicyclists
T20170020651,10/29/2017,17:20:00,1,Collision with vehicle,1,Sunday,119,OTHER ADJACENT (INTERSECTIONS ONLY),1,323280,2,0,1,0,3,4,1,2,T intersection,2,50,Local Road,22-25,Serious injury,Bicyclists
T20170020676,10/29/2017,10:35:00,1,Collision with vehicle,1,Sunday,113,RIGHT NEAR (INTERSECTIONS ONLY),1,1098,2,0,0,1,2,3,1,1,Cross intersection,3,50,Local Road,50-59,Other injury,Bicyclists
T20170020677,10/30/2017,7:20:00,1,Collision with vehicle,1,Monday,110,CROSS TRAFFIC(INTERSECTIONS ONLY),1,54801,2,0,1,0,1,2,1,1,Cross intersection,2,50,Local Road,26-29,Serious injury,Bicyclists
T20170020678,10/30/2017,7:40:00,1,Collision with vehicle,2,Monday,116,LEFT NEAR (INTERSECTIONS ONLY),1,45022,2,0,1,0,1,2,1,2,T intersection,2,60,Arterial Other,30-39,Serious injury,Bicyclists
T20170020704,10/30/2017,9:10:00,1,Collision with vehicle,2,Monday,113,RIGHT NEAR (INTERSECTIONS ONLY),1,230583,2,0,1,0,1,2,1,2,T intersection,2,100,Uknown,50-59,Serious injury,Bicyclists
T20170020708,10/30/2017,9:00:00,1,Collision with vehicle,2,Monday,130,REAR END(VEHICLES IN SAME LANE),1,323169,2,0,1,0,0,1,1,5,Not at intersection,2,70,Arterial Other,50-59,Serious injury,Bicyclists
T20170020730,10/30/2017,17:39:00,1,Collision with vehicle,2,Monday,119,OTHER ADJACENT (INTERSECTIONS ONLY),1,39328,2,0,0,1,3,4,1,2,T intersection,3,60,Arterial Other,22-25,Other injury,Bicyclists
T20170020733,10/30/2017,17:29:00,1,Collision with vehicle,2,Monday,121,RIGHT THROUGH,1,36127,2,0,0,1,1,2,1,1,Cross intersection,3,60,Arterial Other,22-25,Other injury,Bicyclists
T20170020791,10/31/2017,5:30:00,1,Collision with vehicle,3,Tuesday,145,REVERSING IN STREAM OF TRAFFIC,6,45580,2,0,0,1,1,2,2,2,T intersection,3,50,Arterial Other,22-25,Other injury,Bicyclists
T20170020842,11/1/2017,8:35:00,1,Collision with vehicle,4,Wednesday,137,LEFT TURN SIDESWIPE,1,36494,2,0,1,0,2,3,1,1,Cross intersection,2,40,Local Road,30-39,Serious injury,Bicyclists
T20170020856,10/26/2017,17:10:00,1,Collision with vehicle,5,Thursday,139,OTHER SAME DIRECTION-MANOUEVRES NOT INCLUDED IN DCAs 130-137,1,35354,2,0,0,1,0,1,2,1,Cross intersection,3,40,Local Road,26-29,Other injury,Bicyclists
T20170020857,11/1/2017,8:50:00,1,Collision with vehicle,4,Wednesday,147,VEHICLE STRIKES ANOTHER VEH WHILE EMERGING FROM DRIVEWAY,1,323281,2,0,0,1,1,2,1,5,Not at intersection,3,999,Local Road,13-15,Other injury,Bicyclists
T20170020890,11/1/2017,19:15:00,1,Collision with vehicle,4,Wednesday,133,LANE SIDE SWIPE (VEHICLES IN PARALLEL LANES),1,42732,2,0,0,1,1,2,2,2,T intersection,3,50,Local Road,30-39,Other injury,Bicyclists
T20170020935,11/2/2017,13:45:00,1,Collision with vehicle,5,Thursday,163,VEHICLE STRIKES DOOR OF PARKED/STATIONARY VEHICLE,1,323305,2,0,1,0,1,2,1,5,Not at intersection,2,60,Local Road,26-29,Serious injury,Bicyclists
T20170020962,11/2/2017,21:15:00,1,Collision with vehicle,5,Thursday,149,OTHER MANOEUVRING NOT INCLUDED IN DCAs 140-148,3,41745,2,0,1,0,1,2,1,1,Cross intersection,2,60,Arterial Highway,22-25,Serious injury,Bicyclists
T20170020987,11/3/2017,9:20:00,1,Collision with vehicle,6,Friday,133,LANE SIDE SWIPE (VEHICLES IN PARALLEL LANES),1,222039,2,0,0,1,1,2,1,1,Cross intersection,3,60,Arterial Other,65-69,Other injury,Bicyclists
T20170021076,10/17/2017,18:25:00,1,Collision with vehicle,3,Tuesday,137,LEFT TURN SIDESWIPE,1,328052,2,0,0,1,1,2,2,5,Not at intersection,3,60,Local Road,26-29,Other injury,Bicyclists
T20170021098,9/6/2017,18:40:00,1,Collision with vehicle,4,Wednesday,163,VEHICLE STRIKES DOOR OF PARKED/STATIONARY VEHICLE,2,327882,2,0,0,1,1,2,2,5,Not at intersection,3,60,Arterial Other,30-39,Other injury,Bicyclists
T20170021106,11/5/2017,15:10:00,1,Collision with vehicle,1,Sunday,136,RIGHT TURN SIDESWIPE,1,323375,2,0,0,1,5,6,1,2,T intersection,3,50,Local Road,50-59,Other injury,Bicyclists
T20170021114,11/5/2017,16:00:00,1,Collision with vehicle,1,Sunday,120,HEAD ON (NOT OVERTAKING),1,324394,2,0,0,1,3,4,1,5,Not at intersection,3,50,Uknown,30-39,Other injury,Bicyclists
T20170021122,11/5/2017,14:17:00,1,Collision with vehicle,0,Sunday,160,VEHICLE COLLIDES WITH VEHICLE PARKED ON LEFT OF ROAD,1,323439,2,0,0,1,0,1,1,5,Not at intersection,3,40,Uknown,70+,Other injury,Bicyclists
T20170021134,11/5/2017,20:05:00,1,Collision with vehicle,1,Sunday,120,HEAD ON (NOT OVERTAKING),2,324267,2,0,1,0,0,1,1,5,Not at intersection,2,60,Arterial Highway,13-15,Serious injury,Bicyclists
T20170021144,11/6/2017,8:10:00,1,Collision with vehicle,2,Monday,137,LEFT TURN SIDESWIPE,1,11599,2,0,1,0,0,1,1,2,T intersection,2,999,Local Road,26-29,Serious injury,Bicyclists
T20170021167,11/6/2017,15:12:00,1,Collision with vehicle,2,Monday,147,VEHICLE STRIKES ANOTHER VEH WHILE EMERGING FROM DRIVEWAY,1,325325,2,0,1,0,1,2,1,5,Not at intersection,2,30,Arterial Highway,13-15,Serious injury,Bicyclists
T20170021188,11/1/2017,21:50:00,1,Collision with vehicle,4,Wednesday,135,LANE CHANGE LEFT (NOT OVERTAKING),9,326612,2,0,0,1,1,2,2,5,Not at intersection,3,40,Local Road,30-39,Other injury,Bicyclists
T20170021209,11/7/2017,11:50:00,1,Collision with vehicle,3,Tuesday,121,RIGHT THROUGH,1,44655,2,0,0,1,1,2,1,2,T intersection,3,50,Arterial Highway,40-49,Other injury,Bicyclists
T20170021233,11/7/2017,14:40:00,1,Collision with vehicle,3,Tuesday,148,VEHICLE OFF FOOTPATH STRIKES VEH ON CARRIAGEWAY,1,40585,2,0,1,0,1,2,1,2,T intersection,2,50,Arterial Highway,30-39,Serious injury,Bicyclists
T20170021234,11/7/2017,17:30:00,1,Collision with vehicle,3,Tuesday,135,LANE CHANGE LEFT (NOT OVERTAKING),1,323423,2,0,1,0,1,2,1,5,Not at intersection,2,80,Arterial Highway,30-39,Serious injury,Bicyclists
T20170021251,9/21/2017,21:30:00,8,No collision and no object struck,5,Thursday,174,OUT OF CONTROL ON CARRIAGEWAY (ON STRAIGHT),9,323425,1,0,1,0,0,1,2,5,Not at intersection,2,60,Local Road,40-49,Serious injury,Bicyclists
T20170021264,11/7/2017,17:30:00,1,Collision with vehicle,2,Tuesday,147,VEHICLE STRIKES ANOTHER VEH WHILE EMERGING FROM DRIVEWAY,1,323468,2,0,1,0,1,2,2,5,Not at intersection,2,60,Arterial Other,16-17,Serious injury,Bicyclists
T20170021285,11/8/2017,16:28:00,1,Collision with vehicle,4,Wednesday,163,VEHICLE STRIKES DOOR OF PARKED/STATIONARY VEHICLE,1,323552,2,0,0,1,1,2,1,5,Not at intersection,3,40,Arterial Other,26-29,Other injury,Bicyclists
T20170021288,11/1/2017,18:00:00,1,Collision with vehicle,4,Wednesday,121,RIGHT THROUGH,1,67238,2,0,0,1,0,1,2,2,T intersection,3,999,Arterial Other,30-39,Other injury,Bicyclists
T20170021293,11/8/2017,17:05:00,1,Collision with vehicle,4,Wednesday,121,RIGHT THROUGH,1,240,2,0,0,1,1,2,1,1,Cross intersection,3,40,Local Road,26-29,Other injury,Bicyclists
T20170021296,11/8/2017,19:22:00,1,Collision with vehicle,4,Wednesday,116,LEFT NEAR (INTERSECTIONS ONLY),2,37375,2,0,0,1,1,2,2,1,Cross intersection,3,60,Arterial Other,30-39,Other injury,Bicyclists
T20170021297,11/8/2017,19:17:00,1,Collision with vehicle,4,Wednesday,133,LANE SIDE SWIPE (VEHICLES IN PARALLEL LANES),2,323496,2,0,1,0,1,2,1,5,Not at intersection,2,60,Arterial Other,50-59,Serious injury,Bicyclists
T20170021300,11/8/2017,8:00:00,1,Collision with vehicle,4,Wednesday,133,LANE SIDE SWIPE (VEHICLES IN PARALLEL LANES),1,325008,2,0,0,1,1,2,2,5,Not at intersection,3,40,Local Road,22-25,Other injury,Bicyclists
T20170021324,11/9/2017,6:30:00,8,No collision and no object struck,5,Thursday,174,OUT OF CONTROL ON CARRIAGEWAY (ON STRAIGHT),1,327898,1,0,1,0,0,1,1,2,T intersection,2,60,Arterial Other,50-59,Serious injury,Bicyclists
T20170021335,11/9/2017,10:10:00,1,Collision with vehicle,5,Thursday,129,OTHER OPPOSING MANOEUVRES NOT INCLUDED IN DCAs 120-125.,1,324293,2,0,0,1,1,2,1,5,Not at intersection,3,60,Arterial Other,22-25,Other injury,Bicyclists
T20170021337,7/13/2017,17:00:00,1,Collision with vehicle,5,Thursday,133,LANE SIDE SWIPE (VEHICLES IN PARALLEL LANES),1,323739,2,0,0,1,0,1,2,5,Not at intersection,3,50,Local Road,30-39,Other injury,Bicyclists
T20170021351,11/9/2017,15:30:00,1,Collision with vehicle,5,Thursday,147,VEHICLE STRIKES ANOTHER VEH WHILE EMERGING FROM DRIVEWAY,1,323878,2,0,0,1,1,2,1,5,Not at intersection,3,50,Local Road,13-15,Other injury,Bicyclists
T20170021362,11/9/2017,14:50:00,1,Collision with vehicle,5,Thursday,147,VEHICLE STRIKES ANOTHER VEH WHILE EMERGING FROM DRIVEWAY,1,265911,2,0,1,0,1,2,1,5,Not at intersection,2,60,Arterial Other,60-64,Serious injury,Bicyclists
T20170021366,11/9/2017,18:20:00,6,Vehicle overturned (no collision),5,Thursday,174,OUT OF CONTROL ON CARRIAGEWAY (ON STRAIGHT),1,67110,2,0,1,0,1,2,1,1,Cross intersection,2,50,Local Road,40-49,Serious injury,Bicyclists
T20170021373,11/9/2017,17:59:00,1,Collision with vehicle,5,Thursday,121,RIGHT THROUGH,1,65851,2,0,1,0,1,2,1,1,Cross intersection,2,40,Arterial Other,40-49,Serious injury,Bicyclists
T20170021374,11/9/2017,17:20:00,1,Collision with vehicle,5,Thursday,139,OTHER SAME DIRECTION-MANOUEVRES NOT INCLUDED IN DCAs 130-137,1,45751,2,0,0,1,1,2,1,2,T intersection,3,60,Local Road,26-29,Other injury,Bicyclists
T20170021385,11/9/2017,22:43:00,1,Collision with vehicle,5,Thursday,121,RIGHT THROUGH,3,36988,2,0,1,0,1,2,1,2,T intersection,2,40,Local Road,26-29,Serious injury,Bicyclists
T20170021409,11/9/2017,7:30:00,1,Collision with vehicle,5,Thursday,121,RIGHT THROUGH,1,64110,2,0,1,0,1,2,1,1,Cross intersection,2,50,Local Road,40-49,Serious injury,Bicyclists
T20170021415,11/9/2017,17:30:00,1,Collision with vehicle,5,Thursday,110,CROSS TRAFFIC(INTERSECTIONS ONLY),1,41807,2,0,1,0,1,2,2,1,Cross intersection,2,40,Local Road,65-69,Serious injury,Bicyclists
T20170021439,11/10/2017,15:00:00,1,Collision with vehicle,6,Friday,121,RIGHT THROUGH,1,42648,2,0,1,0,1,2,1,2,T intersection,2,60,Arterial Other,50-59,Serious injury,Bicyclists