ACCIDENT_NO,ACCIDENT_DATE,ACCIDENT_TIME,ACCIDENT_TYPE,ACCIDENT_TYPE_DESC,DAY_OF_WEEK,DAY_WEEK_DESC,DCA_CODE,DCA_DESC,LIGHT_CONDITION,NODE_ID,NO_OF_VEHICLES,NO_PERSONS_KILLED,NO_PERSONS_INJ_2,NO_PERSONS_INJ_3,NO_PERSONS_NOT_INJ,NO_PERSONS,POLICE_ATTEND,ROAD_GEOMETRY,ROAD_GEOMETRY_DESC,SEVERITY,SPEED_ZONE,RMA,AGE_GROUP,INJ_LEVEL,ROAD_USER_TYPE_DESC
T20170021451,11/10/2017,17:17:00,6,Vehicle overturned (no collision),6,Friday,174,OUT OF CONTROL ON CARRIAGEWAY (ON STRAIGHT),1,324865,2,0,1,0,1,2,1,2,T intersection,2,40,Local Road,26-29,Serious injury,Bicyclists
T20170021467,11/8/2017,22:30:00,2,Struck Pedestrian,3,Wednesday,109,ANY MANOEUVRE INVOLVING PED NOT INCLUDED IN DCAs 100-108.,3,330913,1,0,0,1,1,2,2,5,Not at intersection,3,40,Local Road,22-25,Not injured,Bicyclists
T20170021471,11/11/2017,9:35:00,1,Collision with vehicle,7,Saturday,110,CROSS TRAFFIC(INTERSECTIONS ONLY),1,69434,2,0,1,0,1,2,1,1,Cross intersection,2,50,Local Road,50-59,Serious injury,Bicyclists
T20170021484,11/11/2017,11:00:00,1,Collision with vehicle,7,Saturday,110,CROSS TRAFFIC(INTERSECTIONS ONLY),1,50090,2,0,1,0,1,2,1,1,Cross intersection,2,60,Arterial Other,65-69,Serious injury,Bicyclists
T20170021491,11/11/2017,11:35:00,1,Collision with vehicle,7,Saturday,163,VEHICLE STRIKES DOOR OF PARKED/STATIONARY VEHICLE,1,323542,2,0,0,1,1,2,1,5,Not at intersection,3,50,Local Road,18-21,Other injury,Bicyclists
T20170021493,11/11/2017,15:30:00,1,Collision with vehicle,7,Saturday,148,VEHICLE OFF FOOTPATH STRIKES VEH ON CARRIAGEWAY,1,328365,2,0,1,0,1,2,1,2,T intersection,2,70,Arterial Other,22-25,Serious injury,Bicyclists
T20170021510,11/11/2017,18:30:00,1,Collision with vehicle,7,Saturday,148,VEHICLE OFF FOOTPATH STRIKES VEH ON CARRIAGEWAY,1,323592,2,0,1,0,1,2,1,1,Cross intersection,2,60,Local Road,13-15,Serious injury,Bicyclists
T20170021612,11/13/2017,8:04:00,1,Collision with vehicle,2,Monday,137,LEFT TURN SIDESWIPE,1,323584,2,1,0,0,1,2,1,5,Not at intersection,1,50,Local Road,30-39,Fatality,Bicyclists
T20170021663,11/14/2017,8:15:00,2,Struck Pedestrian,3,Tuesday,100,PED NEAR SIDE. PED HIT BY VEHICLE FROM THE RIGHT.,9,35355,1,0,0,1,1,2,2,1,Cross intersection,3,40,Local Road,26-29,Other injury,Bicyclists
T20170021677,11/13/2017,19:40:00,1,Collision with vehicle,1,Monday,160,VEHICLE COLLIDES WITH VEHICLE PARKED ON LEFT OF ROAD,2,323692,2,0,0,1,0,1,1,5,Not at intersection,3,50,Local Road,13-15,Other injury,Bicyclists
T20170021711,11/14/2017,17:25:00,1,Collision with vehicle,3,Tuesday,163,VEHICLE STRIKES DOOR OF PARKED/STATIONARY VEHICLE,1,323649,3,0,0,2,1,3,1,5,Not at intersection,3,60,Arterial Other,22-25,Other injury,Bicyclists
T20170021715,11/14/2017,17:47:00,1,Collision with vehicle,2,Tuesday,130,REAR END(VEHICLES IN SAME LANE),1,325612,2,0,1,0,4,5,1,5,Not at intersection,2,50,Local Road,40-49,Serious injury,Bicyclists
T20170021731,11/15/2017,7:40:00,1,Collision with vehicle,4,Wednesday,121,RIGHT THROUGH,1,36772,2,0,1,0,1,2,1,2,T intersection,2,60,Arterial Other,50-59,Serious injury,Bicyclists
T20170021734,11/12/2017,13:00:00,1,Collision with vehicle,1,Sunday,110,CROSS TRAFFIC(INTERSECTIONS ONLY),9,50109,2,0,0,1,1,2,2,1,Cross intersection,3,60,Arterial Other,13-15,Other injury,Bicyclists
T20170021790,11/15/2017,16:40:00,1,Collision with vehicle,4,Wednesday,147,VEHICLE STRIKES ANOTHER VEH WHILE EMERGING FROM DRIVEWAY,1,323855,2,0,1,0,1,2,1,5,Not at intersection,2,888,Arterial Other,40-49,Serious injury,Bicyclists
T20170021812,11/16/2017,8:47:00,1,Collision with vehicle,5,Thursday,121,RIGHT THROUGH,1,68039,2,0,1,0,1,2,1,2,T intersection,2,40,Local Road,40-49,Serious injury,Bicyclists
T20170021903,11/17/2017,10:50:00,1,Collision with vehicle,5,Friday,121,RIGHT THROUGH,1,36847,2,0,0,1,1,2,1,2,T intersection,3,60,Local Road,22-25,Other injury,Bicyclists
T20170021907,11/17/2017,10:50:00,1,Collision with vehicle,5,Friday,130,REAR END(VEHICLES IN SAME LANE),1,324480,2,0,0,1,1,2,2,2,T intersection,3,60,Local Road,30-39,Other injury,Bicyclists
T20170021941,11/17/2017,15:40:00,1,Collision with vehicle,6,Friday,148,VEHICLE OFF FOOTPATH STRIKES VEH ON CARRIAGEWAY,1,323846,2,0,0,1,1,2,1,1,Cross intersection,3,50,Local Road,45424,Other injury,Bicyclists
T20170021948,11/10/2017,19:10:00,1,Collision with vehicle,5,Friday,110,CROSS TRAFFIC(INTERSECTIONS ONLY),1,41648,2,0,0,1,0,1,2,1,Cross intersection,3,50,Local Road,30-39,Other injury,Bicyclists
T20170021982,11/15/2017,8:15:00,1,Collision with vehicle,4,Wednesday,137,LEFT TURN SIDESWIPE,1,325779,2,0,0,1,0,1,2,2,T intersection,3,999,Local Road,22-25,Other injury,Bicyclists
T20170021986,11/18/2017,11:00:00,1,Collision with vehicle,7,Saturday,160,VEHICLE COLLIDES WITH VEHICLE PARKED ON LEFT OF ROAD,9,323788,2,0,1,0,0,1,2,5,Not at intersection,2,60,Arterial Other,60-64,Serious injury,Bicyclists
T20170022030,11/18/2017,17:45:00,1,Collision with vehicle,7,Saturday,147,VEHICLE STRIKES ANOTHER VEH WHILE EMERGING FROM DRIVEWAY,1,323831,2,0,0,1,2,3,1,5,Not at intersection,3,50,Local Road,22-25,Other injury,Bicyclists
T20170022061,11/19/2017,10:45:00,1,Collision with vehicle,0,Sunday,121,RIGHT THROUGH,1,57434,2,0,0,1,1,2,2,2,T intersection,3,70,Arterial Other,26-29,Other injury,Bicyclists
T20170022067,11/19/2017,11:00:00,1,Collision with vehicle,1,Sunday,121,RIGHT THROUGH,1,43319,2,0,1,0,1,2,1,2,T intersection,2,60,Arterial Other,50-59,Serious injury,Bicyclists
T20170022077,10/21/2017,10:45:00,4,Collision with a fixed object,7,Saturday,164,PERMANENT OBSTRUCTION ON CARRIAGEWAY,1,323847,1,0,0,1,0,1,2,5,Not at intersection,3,60,Local Road,40-49,Other injury,Bicyclists
T20170022085,11/19/2017,16:00:00,1,Collision with vehicle,0,Sunday,121,RIGHT THROUGH,1,43297,2,0,0,1,1,2,1,1,Cross intersection,3,60,Arterial Highway,50-59,Other injury,Bicyclists
T20170022088,9/22/2017,18:00:00,1,Collision with vehicle,5,Friday,110,CROSS TRAFFIC(INTERSECTIONS ONLY),9,66520,2,0,0,1,1,2,2,1,Cross intersection,3,999,Local Road,50-59,Other injury,Bicyclists
T20170022091,11/19/2017,15:45:00,1,Collision with vehicle,1,Sunday,139,OTHER SAME DIRECTION-MANOUEVRES NOT INCLUDED IN DCAs 130-137,1,29468,3,0,1,0,2,3,1,1,Cross intersection,2,60,Arterial Highway,26-29,Serious injury,Bicyclists
T20170022109,11/20/2017,8:15:00,1,Collision with vehicle,2,Monday,121,RIGHT THROUGH,1,36574,2,0,1,0,1,2,1,2,T intersection,2,60,Arterial Other,30-39,Serious injury,Bicyclists
T20170022110,11/20/2017,8:30:00,1,Collision with vehicle,2,Monday,121,RIGHT THROUGH,1,60750,2,0,0,1,1,2,1,2,T intersection,3,40,Local Road,45424,Other injury,Bicyclists
T20170022149,11/20/2017,15:09:00,1,Collision with vehicle,2,Monday,139,OTHER SAME DIRECTION-MANOUEVRES NOT INCLUDED IN DCAs 130-137,1,66872,2,0,0,1,1,2,1,2,T intersection,3,60,Arterial Other,65-69,Other injury,Bicyclists
T20170022151,11/20/2017,18:55:00,1,Collision with vehicle,2,Monday,143,ENTERING PARKING,1,323884,2,0,1,0,2,3,1,5,Not at intersection,2,40,Local Road,50-59,Serious injury,Bicyclists
T20170022163,11/20/2017,19:10:00,1,Collision with vehicle,2,Monday,121,RIGHT THROUGH,1,51593,2,0,0,1,1,2,1,1,Cross intersection,3,60,Arterial Other,30-39,Other injury,Bicyclists
T20170022183,11/21/2017,8:00:00,1,Collision with vehicle,3,Tuesday,133,LANE SIDE SWIPE (VEHICLES IN PARALLEL LANES),1,29488,2,0,0,1,1,2,1,4,Multiple intersection,3,60,Local Road,26-29,Other injury,Bicyclists
T20170022195,11/21/2017,8:40:00,5,collision with some other object,3,Tuesday,166,STRUCK OBJECT ON CARRIAGEWAY,1,324794,1,0,0,1,0,1,1,5,Not at intersection,3,888,Arterial Other,18-21,Other injury,Bicyclists
T20170022209,11/18/2017,2:20:00,1,Collision with vehicle,6,Saturday,147,VEHICLE STRIKES ANOTHER VEH WHILE EMERGING FROM DRIVEWAY,9,326277,2,0,0,1,0,1,2,5,Not at intersection,3,40,Arterial Other,40-49,Other injury,Bicyclists
T20170022225,11/21/2017,16:55:00,1,Collision with vehicle,3,Tuesday,162,ACCIDENT OR BROKEN DOWN,1,325941,2,0,0,1,1,2,1,5,Not at intersection,3,50,Local Road,40-49,Other injury,Bicyclists
T20170022227,11/21/2017,18:25:00,1,Collision with vehicle,3,Tuesday,110,CROSS TRAFFIC(INTERSECTIONS ONLY),1,36880,2,0,1,0,1,2,1,1,Cross intersection,2,40,Arterial Other,22-25,Serious injury,Bicyclists
T20170022232,11/21/2017,19:12:00,1,Collision with vehicle,3,Tuesday,163,VEHICLE STRIKES DOOR OF PARKED/STATIONARY VEHICLE,1,323987,3,0,1,0,2,3,1,5,Not at intersection,2,60,Local Road,26-29,Serious injury,Bicyclists
T20170022233,11/21/2017,16:40:00,1,Collision with vehicle,3,Tuesday,114,TWO RIGHT TURNING (INTERSECTIONS ONLY),1,324961,2,0,0,1,1,2,1,2,T intersection,3,60,Local Road,60-64,Other injury,Bicyclists
T20170022255,11/22/2017,6:50:00,1,Collision with vehicle,4,Wednesday,163,VEHICLE STRIKES DOOR OF PARKED/STATIONARY VEHICLE,1,323931,2,0,0,1,1,2,1,5,Not at intersection,3,50,Local Road,30-39,Other injury,Bicyclists
T20170022266,11/22/2017,8:15:00,1,Collision with vehicle,4,Wednesday,110,CROSS TRAFFIC(INTERSECTIONS ONLY),1,37538,2,0,0,1,1,2,2,1,Cross intersection,3,60,Uknown,50-59,Other injury,Bicyclists
T20170022273,11/21/2017,18:00:00,1,Collision with vehicle,3,Tuesday,121,RIGHT THROUGH,1,324120,2,0,1,0,1,2,2,5,Not at intersection,2,999,Local Road,30-39,Serious injury,Bicyclists
T20170022312,11/22/2017,18:40:00,1,Collision with vehicle,4,Wednesday,140,U TURN,1,47171,2,0,0,1,1,2,1,2,T intersection,3,60,Local Road,30-39,Other injury,Bicyclists
T20170022343,11/22/2017,18:05:00,1,Collision with vehicle,3,Wednesday,121,RIGHT THROUGH,2,1210,2,0,0,1,1,2,2,1,Cross intersection,3,60,Arterial Other,40-49,Other injury,Bicyclists
T20170022349,11/22/2017,6:30:00,1,Collision with vehicle,3,Wednesday,147,VEHICLE STRIKES ANOTHER VEH WHILE EMERGING FROM DRIVEWAY,1,325516,2,0,1,0,0,1,2,5,Not at intersection,2,70,Arterial Highway,50-59,Serious injury,Bicyclists
T20170022380,11/23/2017,15:42:00,1,Collision with vehicle,5,Thursday,130,REAR END(VEHICLES IN SAME LANE),1,324273,2,0,1,0,1,2,1,5,Not at intersection,2,80,Local Road,70+,Serious injury,Bicyclists
T20170022385,11/23/2017,19:45:00,1,Collision with vehicle,5,Thursday,113,RIGHT NEAR (INTERSECTIONS ONLY),2,359577,2,0,1,0,1,2,1,2,T intersection,2,50,Local Road,13-15,Serious injury,Bicyclists
T20170022419,11/17/2017,8:00:00,1,Collision with vehicle,6,Friday,163,VEHICLE STRIKES DOOR OF PARKED/STATIONARY VEHICLE,1,324902,2,0,0,1,1,2,2,5,Not at intersection,3,50,Local Road,30-39,Other injury,Bicyclists
T20170022431,11/24/2017,11:55:00,1,Collision with vehicle,6,Friday,121,RIGHT THROUGH,9,37948,2,0,1,0,1,2,1,2,T intersection,2,40,Arterial Other,40-49,Serious injury,Bicyclists
T20170022432,11/24/2017,11:00:00,1,Collision with vehicle,6,Friday,163,VEHICLE STRIKES DOOR OF PARKED/STATIONARY VEHICLE,1,324038,2,0,0,1,2,3,1,5,Not at intersection,3,50,Local Road,22-25,Other injury,Bicyclists
T20170022439,11/24/2017,12:20:00,1,Collision with vehicle,6,Friday,113,RIGHT NEAR (INTERSECTIONS ONLY),1,36644,2,0,1,0,1,2,1,2,T intersection,2,40,Arterial Other,22-25,Serious injury,Bicyclists
T20170022448,11/22/2017,17:00:00,1,Collision with vehicle,4,Wednesday,110,CROSS TRAFFIC(INTERSECTIONS ONLY),2,293090,2,0,0,1,0,1,2,1,Cross intersection,3,999,Local Road,26-29,Other injury,Bicyclists
T20170022476,11/24/2017,15:34:00,1,Collision with vehicle,6,Friday,160,VEHICLE COLLIDES WITH VEHICLE PARKED ON LEFT OF ROAD,1,324021,3,0,0,1,1,2,1,5,Not at intersection,3,50,Arterial Other,22-25,Other injury,Bicyclists
T20170022478,11/24/2017,18:30:00,1,Collision with vehicle,6,Friday,110,CROSS TRAFFIC(INTERSECTIONS ONLY),1,92,2,0,1,0,1,2,1,1,Cross intersection,2,70,Arterial Highway,22-25,Serious injury,Bicyclists
T20170022515,11/24/2017,22:38:00,1,Collision with vehicle,5,Friday,121,RIGHT THROUGH,3,51103,2,0,1,0,1,2,1,2,T intersection,2,60,Local Road,16-17,Serious injury,Bicyclists
T20170022524,11/25/2017,8:50:00,1,Collision with vehicle,7,Saturday,121,RIGHT THROUGH,1,40172,2,0,1,0,1,2,1,1,Cross intersection,2,60,Arterial Other,60-64,Serious injury,Bicyclists
T20170022555,11/22/2017,17:15:00,1,Collision with vehicle,4,Wednesday,163,VEHICLE STRIKES DOOR OF PARKED/STATIONARY VEHICLE,1,327017,2,0,0,1,0,1,2,5,Not at intersection,3,999,Arterial Other,30-39,Other injury,Bicyclists
T20170022576,11/25/2017,9:58:00,1,Collision with vehicle,7,Saturday,137,LEFT TURN SIDESWIPE,1,326108,2,0,1,0,1,2,2,2,T intersection,2,999,Local Road,30-39,Serious injury,Bicyclists
T20170022597,11/24/2017,15:15:00,1,Collision with vehicle,6,Friday,133,LANE SIDE SWIPE (VEHICLES IN PARALLEL LANES),1,324080,2,0,0,1,0,1,2,5,Not at intersection,3,60,Arterial Other,30-39,Other injury,Bicyclists
T20170022634,11/26/2017,20:30:00,1,Collision with vehicle,1,Sunday,160,VEHICLE COLLIDES WITH VEHICLE PARKED ON LEFT OF ROAD,3,325382,2,0,1,0,0,1,1,5,Not at intersection,2,50,Local Road,40-49,Serious injury,Bicyclists
T20170022646,11/27/2017,8:22:00,1,Collision with vehicle,2,Monday,110,CROSS TRAFFIC(INTERSECTIONS ONLY),1,37041,2,0,1,0,1,2,1,1,Cross intersection,2,50,Local Road,16-17,Serious injury,Bicyclists
T20170022719,11/28/2017,8:00:00,1,Collision with vehicle,3,Tuesday,111,RIGHT FAR (INTERSECTIONS ONLY),1,262047,2,0,1,0,1,2,1,2,T intersection,2,40,Local Road,16-17,Serious injury,Bicyclists
T20170022720,11/28/2017,7:30:00,1,Collision with vehicle,3,Tuesday,130,REAR END(VEHICLES IN SAME LANE),1,43444,2,0,0,1,1,2,2,1,Cross intersection,3,60,Arterial Highway,50-59,Other injury,Bicyclists
T20170022757,11/12/2017,8:30:00,1,Collision with vehicle,1,Sunday,137,LEFT TURN SIDESWIPE,9,37458,2,0,0,1,2,3,2,2,T intersection,3,60,Arterial Other,50-59,Other injury,Bicyclists
T20170022806,11/29/2017,7:30:00,1,Collision with vehicle,4,Wednesday,110,CROSS TRAFFIC(INTERSECTIONS ONLY),1,35997,2,0,1,0,1,2,1,1,Cross intersection,2,40,Local Road,50-59,Serious injury,Bicyclists
T20170022808,11/23/2017,15:30:00,1,Collision with vehicle,5,Thursday,160,VEHICLE COLLIDES WITH VEHICLE PARKED ON LEFT OF ROAD,1,324260,2,0,1,0,0,1,2,5,Not at intersection,2,60,Local Road,40-49,Serious injury,Bicyclists
T20170022809,11/29/2017,9:40:00,8,No collision and no object struck,4,Wednesday,174,OUT OF CONTROL ON CARRIAGEWAY (ON STRAIGHT),1,36392,1,0,1,0,0,1,1,2,T intersection,2,40,Local Road,40-49,Serious injury,Bicyclists
T20170022814,11/29/2017,8:15:00,1,Collision with vehicle,4,Wednesday,163,VEHICLE STRIKES DOOR OF PARKED/STATIONARY VEHICLE,1,324261,2,0,1,0,2,3,1,5,Not at intersection,2,40,Local Road,30-39,Serious injury,Bicyclists
T20170022825,11/29/2017,8:30:00,1,Collision with vehicle,3,Wednesday,147,VEHICLE STRIKES ANOTHER VEH WHILE EMERGING FROM DRIVEWAY,1,324788,2,0,0,1,1,2,2,5,Not at intersection,3,999,Local Road,60-64,Other injury,Bicyclists
T20170022849,11/29/2017,15:30:00,1,Collision with vehicle,4,Wednesday,149,OTHER MANOEUVRING NOT INCLUDED IN DCAs 140-148,1,324908,2,0,1,0,1,2,1,5,Not at intersection,2,50,Local Road,45424,Serious injury,Bicyclists
T20170022870,11/21/2017,15:15:00,1,Collision with vehicle,3,Tuesday,130,REAR END(VEHICLES IN SAME LANE),1,329835,2,0,0,1,1,2,2,5,Not at intersection,3,40,Local Road,50-59,Other injury,Bicyclists
T20170022875,11/29/2017,5:55:00,1,Collision with vehicle,3,Wednesday,116,LEFT NEAR (INTERSECTIONS ONLY),2,40914,2,0,0,1,1,2,1,2,T intersection,3,80,Arterial Highway,40-49,Other injury,Bicyclists
T20170022946,12/1/2017,5:00:00,1,Collision with vehicle,6,Friday,121,RIGHT THROUGH,3,36335,2,0,1,0,1,2,1,1,Cross intersection,2,60,Arterial Other,30-39,Serious injury,Bicyclists
T20170022971,12/1/2017,11:38:00,1,Collision with vehicle,6,Friday,110,CROSS TRAFFIC(INTERSECTIONS ONLY),1,46964,2,0,0,2,0,2,1,1,Cross intersection,3,40,Local Road,30-39,Other injury,Bicyclists
T20170022986,12/1/2017,14:00:00,1,Collision with vehicle,6,Friday,137,LEFT TURN SIDESWIPE,1,33747,3,0,0,2,1,3,1,1,Cross intersection,3,40,Arterial Highway,16-17,Other injury,Bicyclists
T20170022991,11/30/2017,19:45:00,1,Collision with vehicle,4,Thursday,149,OTHER MANOEUVRING NOT INCLUDED IN DCAs 140-148,1,325689,2,0,0,1,1,2,1,5,Not at intersection,3,60,Arterial Other,40-49,Other injury,Bicyclists
T20170023018,11/30/2017,17:00:00,1,Collision with vehicle,5,Thursday,142,LEAVING PARKING,1,324390,2,0,0,1,1,2,2,5,Not at intersection,3,60,Arterial Other,18-21,Other injury,Bicyclists
T20170023095,12/3/2017,7:20:00,1,Collision with vehicle,0,Sunday,121,RIGHT THROUGH,1,29646,2,0,0,1,1,2,1,1,Cross intersection,3,60,Arterial Other,50-59,Other injury,Bicyclists
T20170023151,12/4/2017,9:00:00,5,collision with some other object,2,Monday,166,STRUCK OBJECT ON CARRIAGEWAY,1,324887,1,0,0,1,0,1,1,5,Not at intersection,3,60,Local Road,45424,Other injury,Bicyclists
T20170023156,11/30/2017,7:00:00,5,collision with some other object,5,Thursday,166,STRUCK OBJECT ON CARRIAGEWAY,9,262968,1,0,1,0,0,1,9,1,Cross intersection,2,888,Arterial Highway,40-49,Serious injury,Bicyclists
T20170023186,11/30/2017,17:20:00,1,Collision with vehicle,5,Thursday,116,LEFT NEAR (INTERSECTIONS ONLY),1,37749,2,0,1,0,1,2,2,1,Cross intersection,2,60,Arterial Other,30-39,Serious injury,Bicyclists
T20170023195,12/4/2017,16:30:00,1,Collision with vehicle,2,Monday,129,OTHER OPPOSING MANOEUVRES NOT INCLUDED IN DCAs 120-125.,9,38757,2,0,0,1,1,2,2,1,Cross intersection,3,999,Local Road,30-39,Other injury,Bicyclists
T20170023207,12/5/2017,7:20:00,1,Collision with vehicle,3,Tuesday,110,CROSS TRAFFIC(INTERSECTIONS ONLY),1,42247,2,0,1,0,2,3,1,1,Cross intersection,2,60,Local Road,30-39,Serious injury,Bicyclists
T20170023270,12/5/2017,11:45:00,1,Collision with vehicle,3,Tuesday,121,RIGHT THROUGH,1,324575,2,0,0,1,2,3,1,2,T intersection,3,60,Arterial Other,26-29,Other injury,Bicyclists
T20170023271,12/6/2017,6:35:00,1,Collision with vehicle,3,Wednesday,110,CROSS TRAFFIC(INTERSECTIONS ONLY),1,37972,2,0,0,2,0,2,1,1,Cross intersection,3,50,Local Road,30-39,Other injury,Bicyclists
T20170023290,12/6/2017,11:05:00,1,Collision with vehicle,4,Wednesday,120,HEAD ON (NOT OVERTAKING),1,326548,2,0,1,0,1,2,1,5,Not at intersection,2,50,Arterial Highway,40-49,Serious injury,Bicyclists
T20170023292,12/6/2017,13:00:00,1,Collision with vehicle,3,Wednesday,137,LEFT TURN SIDESWIPE,1,48791,2,0,0,1,1,2,1,1,Cross intersection,3,50,Local Road,70+,Other injury,Bicyclists
T20170023293,12/6/2017,9:10:00,1,Collision with vehicle,4,Wednesday,163,VEHICLE STRIKES DOOR OF PARKED/STATIONARY VEHICLE,1,330166,2,0,0,1,2,3,2,5,Not at intersection,3,40,Local Road,40-49,Other injury,Bicyclists
T20170023306,12/6/2017,12:30:00,1,Collision with vehicle,4,Wednesday,130,REAR END(VEHICLES IN SAME LANE),1,324547,2,0,0,1,0,1,2,5,Not at intersection,3,50,Uknown,60-64,Other injury,Bicyclists
T20170023330,12/6/2017,19:50:00,1,Collision with vehicle,4,Wednesday,163,VEHICLE STRIKES DOOR OF PARKED/STATIONARY VEHICLE,2,328298,2,0,0,1,1,2,2,5,Not at intersection,3,60,Local Road,30-39,Other injury,Bicyclists
T20170023356,12/7/2017,8:31:00,1,Collision with vehicle,5,Thursday,137,LEFT TURN SIDESWIPE,1,54437,2,0,1,0,1,2,1,2,T intersection,2,60,Arterial Other,22-25,Serious injury,Bicyclists
T20170023361,12/7/2017,7:55:00,1,Collision with vehicle,4,Thursday,113,RIGHT NEAR (INTERSECTIONS ONLY),1,290665,2,0,1,0,1,2,1,2,T intersection,2,60,Local Road,65-69,Serious injury,Bicyclists
T20170023366,12/7/2017,11:56:00,1,Collision with vehicle,4,Thursday,142,LEAVING PARKING,1,325101,2,0,1,0,2,3,1,5,Not at intersection,2,40,Local Road,40-49,Serious injury,Bicyclists
T20170023367,12/7/2017,9:40:00,1,Collision with vehicle,5,Thursday,143,ENTERING PARKING,1,324889,2,0,0,1,1,2,1,2,T intersection,3,40,Arterial Other,70+,Other injury,Bicyclists
T20170023380,12/7/2017,14:45:00,1,Collision with vehicle,5,Thursday,148,VEHICLE OFF FOOTPATH STRIKES VEH ON CARRIAGEWAY,1,324600,2,0,0,1,1,2,1,2,T intersection,3,60,Arterial Other,13-15,Other injury,Bicyclists
T20170023436,12/8/2017,9:53:00,1,Collision with vehicle,6,Friday,110,CROSS TRAFFIC(INTERSECTIONS ONLY),1,324837,2,0,1,0,1,2,1,1,Cross intersection,2,50,Local Road,70+,Serious injury,Bicyclists
T20170023437,11/29/2017,14:30:00,1,Collision with vehicle,4,Wednesday,163,VEHICLE STRIKES DOOR OF PARKED/STATIONARY VEHICLE,1,324602,2,0,1,0,1,2,2,5,Not at intersection,2,50,Local Road,70+,Serious injury,Bicyclists
T20170023440,12/8/2017,8:20:00,1,Collision with vehicle,6,Friday,139,OTHER SAME DIRECTION-MANOUEVRES NOT INCLUDED IN DCAs 130-137,1,325006,3,0,1,0,2,3,1,5,Not at intersection,2,100,Arterial Other,50-59,Serious injury,Bicyclists
T20170023470,12/8/2017,18:16:00,1,Collision with vehicle,6,Friday,143,ENTERING PARKING,1,324652,2,0,0,2,1,3,1,5,Not at intersection,3,40,Local Road,18-21,Other injury,Bicyclists
T20170023507,12/7/2017,7:45:00,1,Collision with vehicle,5,Thursday,137,LEFT TURN SIDESWIPE,1,325423,2,0,0,1,1,2,2,5,Not at intersection,3,60,Arterial Other,22-25,Other injury,Bicyclists
T20170023518,12/9/2017,14:00:00,1,Collision with vehicle,7,Saturday,148,VEHICLE OFF FOOTPATH STRIKES VEH ON CARRIAGEWAY,1,56670,2,0,1,0,1,2,1,3,Y intersection,2,60,Arterial Other,50-59,Serious injury,Bicyclists
T20170023520,12/9/2017,13:30:00,1,Collision with vehicle,7,Saturday,121,RIGHT THROUGH,1,324739,2,0,0,1,1,2,1,2,T intersection,3,60,Arterial Other,40-49,Other injury,Bicyclists
T20170023522,11/21/2017,16:30:00,8,No collision and no object struck,3,Tuesday,174,OUT OF CONTROL ON CARRIAGEWAY (ON STRAIGHT),1,14250,2,0,0,1,1,2,2,2,T intersection,3,999,Local Road,40-49,Other injury,Bicyclists
T20170023583,12/10/2017,9:27:00,1,Collision with vehicle,1,Sunday,130,REAR END(VEHICLES IN SAME LANE),1,326252,2,1,0,1,0,2,1,5,Not at intersection,1,90,Arterial Other,50-59,Fatality,Bicyclists
T20170023595,12/10/2017,14:00:00,1,Collision with vehicle,1,Sunday,121,RIGHT THROUGH,1,46753,2,0,0,1,2,3,1,2,T intersection,3,60,Local Road,30-39,Other injury,Bicyclists
T20170023614,12/11/2017,0:30:00,1,Collision with vehicle,1,Monday,110,CROSS TRAFFIC(INTERSECTIONS ONLY),3,29636,2,0,1,0,3,4,1,1,Cross intersection,2,60,Arterial Other,18-21,Serious injury,Bicyclists
T20170023620,12/11/2017,1:15:00,1,Collision with vehicle,2,Monday,148,VEHICLE OFF FOOTPATH STRIKES VEH ON CARRIAGEWAY,5,324672,2,0,0,1,0,1,1,5,Not at intersection,3,50,Local Road,30-39,Other injury,Bicyclists
T20170023625,12/11/2017,5:55:00,1,Collision with vehicle,2,Monday,130,REAR END(VEHICLES IN SAME LANE),1,65772,2,0,1,0,1,2,1,1,Cross intersection,2,777,Local Road,60-64,Serious injury,Bicyclists
T20170023630,12/11/2017,8:20:00,1,Collision with vehicle,2,Monday,121,RIGHT THROUGH,1,36051,2,0,1,0,1,2,1,2,T intersection,2,50,Local Road,22-25,Serious injury,Bicyclists
T20170023649,12/9/2017,8:30:00,1,Collision with vehicle,7,Saturday,130,REAR END(VEHICLES IN SAME LANE),1,72780,2,0,0,2,0,2,2,2,T intersection,3,80,Arterial Highway,60-64,Other injury,Bicyclists
T20170023677,12/11/2017,19:00:00,1,Collision with vehicle,1,Monday,110,CROSS TRAFFIC(INTERSECTIONS ONLY),1,45873,2,0,0,1,1,2,1,1,Cross intersection,3,60,Arterial Other,30-39,Other injury,Bicyclists
T20170023695,12/11/2017,16:30:00,1,Collision with vehicle,2,Monday,130,REAR END(VEHICLES IN SAME LANE),1,288809,8,0,5,4,2,11,1,1,Cross intersection,2,70,Freeway,65-69,Other injury,Bicyclists
T20170023710,12/11/2017,17:30:00,1,Collision with vehicle,1,Monday,121,RIGHT THROUGH,1,29841,2,0,0,1,1,2,2,2,T intersection,3,40,Arterial Other,30-39,Other injury,Bicyclists
T20170023733,12/12/2017,8:30:00,1,Collision with vehicle,3,Tuesday,147,VEHICLE STRIKES ANOTHER VEH WHILE EMERGING FROM DRIVEWAY,1,325859,2,0,0,2,0,2,2,5,Not at intersection,3,999,Local Road,45424,Other injury,Bicyclists