ACCIDENT_NO,ACCIDENT_DATE,ACCIDENT_TIME,ACCIDENT_TYPE,ACCIDENT_TYPE_DESC,DAY_OF_WEEK,DAY_WEEK_DESC,DCA_CODE,DCA_DESC,LIGHT_CONDITION,NODE_ID,NO_OF_VEHICLES,NO_PERSONS_KILLED,NO_PERSONS_INJ_2,NO_PERSONS_INJ_3,NO_PERSONS_NOT_INJ,NO_PERSONS,POLICE_ATTEND,ROAD_GEOMETRY,ROAD_GEOMETRY_DESC,SEVERITY,SPEED_ZONE,RMA,AGE_GROUP,INJ_LEVEL,ROAD_USER_TYPE_DESC
T20170023744,12/12/2017,11:15:00,1,Collision with vehicle,3,Tuesday,137,LEFT TURN SIDESWIPE,1,39097,2,0,0,1,1,2,2,5,Not at intersection,3,60,Arterial Other,40-49,Other injury,Bicyclists
T20170023753,12/12/2017,18:00:00,1,Collision with vehicle,3,Tuesday,113,RIGHT NEAR (INTERSECTIONS ONLY),1,64422,2,0,1,0,1,2,1,2,T intersection,2,50,Local Road,30-39,Serious injury,Bicyclists
T20170023787,10/4/2017,18:15:00,1,Collision with vehicle,4,Wednesday,137,LEFT TURN SIDESWIPE,9,36166,2,0,0,1,1,2,2,1,Cross intersection,3,40,Local Road,30-39,Other injury,Bicyclists
T20170023795,12/13/2017,10:43:00,1,Collision with vehicle,4,Wednesday,147,VEHICLE STRIKES ANOTHER VEH WHILE EMERGING FROM DRIVEWAY,1,325814,2,0,0,1,1,2,2,5,Not at intersection,3,60,Local Road,13-15,Other injury,Bicyclists
T20170023850,12/11/2017,15:00:00,1,Collision with vehicle,2,Monday,154,PULLING OUT -REAR END,1,324914,3,0,0,1,2,3,1,5,Not at intersection,3,50,Arterial Other,22-25,Other injury,Bicyclists
T20170023856,12/13/2017,17:30:00,8,No collision and no object struck,4,Wednesday,174,OUT OF CONTROL ON CARRIAGEWAY (ON STRAIGHT),1,38829,2,0,0,1,1,2,1,2,T intersection,3,40,Arterial Highway,40-49,Other injury,Bicyclists
T20170023875,12/14/2017,9:42:00,6,Vehicle overturned (no collision),5,Thursday,174,OUT OF CONTROL ON CARRIAGEWAY (ON STRAIGHT),1,330956,2,0,0,1,1,2,1,5,Not at intersection,3,40,Arterial Other,26-29,Other injury,Bicyclists
T20170023881,12/14/2017,7:30:00,1,Collision with vehicle,5,Thursday,121,RIGHT THROUGH,1,326089,2,0,0,1,1,2,2,5,Not at intersection,3,40,Local Road,65-69,Other injury,Bicyclists
T20170023924,12/14/2017,16:00:00,1,Collision with vehicle,5,Thursday,110,CROSS TRAFFIC(INTERSECTIONS ONLY),1,35367,2,0,1,0,1,2,1,1,Cross intersection,2,40,Local Road,60-64,Serious injury,Bicyclists
T20170023936,12/14/2017,17:36:00,1,Collision with vehicle,5,Thursday,121,RIGHT THROUGH,1,38829,2,0,1,0,1,2,1,2,T intersection,2,40,Arterial Highway,26-29,Serious injury,Bicyclists
T20170023960,12/15/2017,13:40:00,1,Collision with vehicle,6,Friday,121,RIGHT THROUGH,1,324895,2,0,0,1,1,2,1,2,T intersection,3,50,Local Road,40-49,Other injury,Bicyclists
T20170023975,12/14/2017,18:10:00,1,Collision with vehicle,5,Thursday,110,CROSS TRAFFIC(INTERSECTIONS ONLY),1,43071,2,0,0,1,1,2,2,1,Cross intersection,3,50,Local Road,50-59,Other injury,Bicyclists
T20170023977,12/15/2017,16:00:00,1,Collision with vehicle,5,Friday,163,VEHICLE STRIKES DOOR OF PARKED/STATIONARY VEHICLE,1,48719,2,0,2,0,0,2,2,2,T intersection,2,888,Arterial Other,40-49,Serious injury,Bicyclists
T20170023997,12/16/2017,8:40:00,1,Collision with vehicle,7,Saturday,121,RIGHT THROUGH,1,1110,2,0,1,0,1,2,1,2,T intersection,2,50,Arterial Highway,50-59,Serious injury,Bicyclists
T20170023999,12/8/2017,15:20:00,1,Collision with vehicle,5,Friday,160,VEHICLE COLLIDES WITH VEHICLE PARKED ON LEFT OF ROAD,1,325235,3,0,0,1,1,2,2,5,Not at intersection,3,40,Local Road,13-15,Other injury,Bicyclists
T20170024007,12/16/2017,7:00:00,1,Collision with vehicle,7,Saturday,137,LEFT TURN SIDESWIPE,1,20791,2,0,0,1,1,2,1,2,T intersection,3,60,Arterial Other,50-59,Other injury,Bicyclists
T20170024012,12/15/2017,10:10:00,1,Collision with vehicle,6,Friday,110,CROSS TRAFFIC(INTERSECTIONS ONLY),1,38088,2,0,0,1,1,2,2,1,Cross intersection,3,60,Arterial Other,30-39,Other injury,Bicyclists
T20170024040,12/15/2017,20:15:00,1,Collision with vehicle,6,Friday,110,CROSS TRAFFIC(INTERSECTIONS ONLY),2,50826,2,0,1,0,1,2,1,4,Multiple intersection,2,50,Local Road,30-39,Serious injury,Bicyclists
T20170024043,12/16/2017,12:35:00,1,Collision with vehicle,6,Saturday,163,VEHICLE STRIKES DOOR OF PARKED/STATIONARY VEHICLE,1,325811,2,0,0,1,0,1,2,5,Not at intersection,3,999,Local Road,40-49,Other injury,Bicyclists
T20170024069,12/16/2017,5:30:00,1,Collision with vehicle,7,Saturday,110,CROSS TRAFFIC(INTERSECTIONS ONLY),3,51043,2,0,1,0,1,2,2,1,Cross intersection,2,50,Local Road,40-49,Serious injury,Bicyclists
T20170024085,12/17/2017,7:10:00,1,Collision with vehicle,0,Sunday,130,REAR END(VEHICLES IN SAME LANE),1,36366,2,0,0,1,1,2,2,1,Cross intersection,3,60,Arterial Other,30-39,Other injury,Bicyclists
T20170024094,12/17/2017,10:20:00,1,Collision with vehicle,1,Sunday,130,REAR END(VEHICLES IN SAME LANE),1,324981,2,0,0,1,1,2,1,5,Not at intersection,3,60,Arterial Other,50-59,Other injury,Bicyclists
T20170024106,12/17/2017,1:30:00,1,Collision with vehicle,1,Sunday,133,LANE SIDE SWIPE (VEHICLES IN PARALLEL LANES),3,36335,2,0,0,1,1,2,2,1,Cross intersection,3,60,Arterial Other,26-29,Other injury,Bicyclists
T20170024136,12/18/2017,7:30:00,1,Collision with vehicle,2,Monday,120,HEAD ON (NOT OVERTAKING),1,325327,2,0,1,0,1,2,1,5,Not at intersection,2,60,Local Road,40-49,Serious injury,Bicyclists
T20170024216,12/19/2017,8:10:00,1,Collision with vehicle,3,Tuesday,110,CROSS TRAFFIC(INTERSECTIONS ONLY),1,37556,2,0,1,0,1,2,1,1,Cross intersection,2,50,Local Road,40-49,Serious injury,Bicyclists
T20170024233,12/19/2017,9:28:00,8,No collision and no object struck,3,Tuesday,184,OUT OF CONTROL ON CARRIAGEWAY (ON BEND),1,289569,2,0,0,1,3,4,2,5,Not at intersection,3,60,Arterial Other,65-69,Other injury,Bicyclists
T20170024255,12/19/2017,16:30:00,1,Collision with vehicle,3,Tuesday,110,CROSS TRAFFIC(INTERSECTIONS ONLY),1,36629,2,0,1,0,1,2,1,1,Cross intersection,2,50,Local Road,22-25,Serious injury,Bicyclists
T20170024257,12/19/2017,16:20:00,1,Collision with vehicle,3,Tuesday,149,OTHER MANOEUVRING NOT INCLUDED IN DCAs 140-148,1,326083,2,0,1,0,1,2,1,5,Not at intersection,2,60,Arterial Other,65-69,Serious injury,Bicyclists
T20170024297,12/20/2017,7:55:00,1,Collision with vehicle,4,Wednesday,160,VEHICLE COLLIDES WITH VEHICLE PARKED ON LEFT OF ROAD,1,325045,2,0,0,1,0,1,1,5,Not at intersection,3,60,Arterial Other,65-69,Other injury,Bicyclists
T20170024300,12/19/2017,22:00:00,1,Collision with vehicle,3,Tuesday,119,OTHER ADJACENT (INTERSECTIONS ONLY),3,325454,2,0,0,1,6,7,1,2,T intersection,3,50,Local Road,22-25,Other injury,Bicyclists
T20170024306,12/20/2017,10:45:00,1,Collision with vehicle,3,Wednesday,121,RIGHT THROUGH,1,325510,2,0,0,1,1,2,2,5,Not at intersection,3,50,Local Road,13-15,Other injury,Bicyclists
T20170024311,12/20/2017,9:00:00,1,Collision with vehicle,4,Wednesday,163,VEHICLE STRIKES DOOR OF PARKED/STATIONARY VEHICLE,1,114027,2,0,0,1,2,3,1,5,Not at intersection,3,40,Local Road,40-49,Other injury,Bicyclists
T20170024315,12/12/2017,8:45:00,1,Collision with vehicle,3,Tuesday,121,RIGHT THROUGH,1,63945,2,0,0,1,1,2,2,2,T intersection,3,999,Local Road,30-39,Other injury,Bicyclists
T20170024334,12/20/2017,14:30:00,1,Collision with vehicle,4,Wednesday,139,OTHER SAME DIRECTION-MANOUEVRES NOT INCLUDED IN DCAs 130-137,1,329929,2,0,0,1,0,1,2,5,Not at intersection,3,60,Arterial Other,26-29,Other injury,Bicyclists
T20170024337,12/20/2017,17:35:00,1,Collision with vehicle,4,Wednesday,148,VEHICLE OFF FOOTPATH STRIKES VEH ON CARRIAGEWAY,1,262909,2,0,0,1,1,2,1,2,T intersection,3,50,Arterial Highway,18-21,Other injury,Bicyclists
T20170024343,12/20/2017,18:30:00,1,Collision with vehicle,3,Wednesday,110,CROSS TRAFFIC(INTERSECTIONS ONLY),1,73897,2,0,0,1,1,2,2,1,Cross intersection,3,50,Local Road,50-59,Other injury,Bicyclists
T20170024354,12/20/2017,20:30:00,1,Collision with vehicle,4,Wednesday,121,RIGHT THROUGH,1,325184,2,0,0,1,1,2,1,2,T intersection,3,50,Local Road,40-49,Other injury,Bicyclists
T20170024367,12/20/2017,8:15:00,1,Collision with vehicle,4,Wednesday,134,LANE CHANGE RIGHT (NOT OVERTAKING),1,47586,2,0,0,1,0,1,2,2,T intersection,3,50,Local Road,30-39,Other injury,Bicyclists
T20170024393,12/21/2017,15:15:00,1,Collision with vehicle,5,Thursday,163,VEHICLE STRIKES DOOR OF PARKED/STATIONARY VEHICLE,1,325997,2,0,1,0,2,3,1,5,Not at intersection,2,60,Local Road,30-39,Serious injury,Bicyclists
T20170024404,12/21/2017,17:20:00,1,Collision with vehicle,5,Thursday,137,LEFT TURN SIDESWIPE,1,325119,2,0,1,0,1,2,1,5,Not at intersection,2,60,Arterial Other,30-39,Serious injury,Bicyclists
T20170024407,12/19/2017,18:30:00,1,Collision with vehicle,3,Tuesday,116,LEFT NEAR (INTERSECTIONS ONLY),1,35452,2,0,0,1,1,2,2,2,T intersection,3,60,Arterial Other,30-39,Other injury,Bicyclists
T20170024437,12/22/2017,9:30:00,1,Collision with vehicle,6,Friday,121,RIGHT THROUGH,1,38984,2,0,1,0,1,2,1,1,Cross intersection,2,60,Arterial Other,40-49,Serious injury,Bicyclists
T20170024450,12/20/2017,16:40:00,1,Collision with vehicle,4,Wednesday,136,RIGHT TURN SIDESWIPE,1,326822,2,0,0,1,0,1,2,5,Not at intersection,3,50,Local Road,45424,Other injury,Bicyclists
T20170024467,12/22/2017,10:15:00,1,Collision with vehicle,6,Friday,130,REAR END(VEHICLES IN SAME LANE),1,325105,2,1,0,1,0,2,1,5,Not at intersection,1,100,Uknown,22-25,Fatality,Bicyclists
T20170024505,12/21/2017,15:30:00,1,Collision with vehicle,5,Thursday,160,VEHICLE COLLIDES WITH VEHICLE PARKED ON LEFT OF ROAD,1,400,2,0,1,0,0,1,2,1,Cross intersection,2,60,Arterial Other,26-29,Serious injury,Bicyclists
T20170024522,12/23/2017,15:30:00,1,Collision with vehicle,7,Saturday,121,RIGHT THROUGH,1,36464,2,0,0,1,1,2,1,1,Cross intersection,3,40,Local Road,26-29,Other injury,Bicyclists
T20170024564,12/23/2017,12:05:00,1,Collision with vehicle,7,Saturday,148,VEHICLE OFF FOOTPATH STRIKES VEH ON CARRIAGEWAY,1,326014,2,0,1,0,1,2,1,5,Not at intersection,2,60,Local Road,26-29,Serious injury,Bicyclists
T20170024572,12/24/2017,8:57:00,1,Collision with vehicle,1,Sunday,134,LANE CHANGE RIGHT (NOT OVERTAKING),1,325244,2,0,1,0,1,2,1,5,Not at intersection,2,60,Arterial Other,50-59,Serious injury,Bicyclists
T20170024578,12/24/2017,9:25:00,1,Collision with vehicle,1,Sunday,137,LEFT TURN SIDESWIPE,1,43298,2,0,0,1,1,2,1,2,T intersection,3,60,Local Road,40-49,Other injury,Bicyclists
T20170024588,12/20/2017,16:36:00,1,Collision with vehicle,4,Wednesday,116,LEFT NEAR (INTERSECTIONS ONLY),2,325366,2,0,1,0,1,2,1,2,T intersection,2,50,Local Road,50-59,Serious injury,Bicyclists
T20170024608,11/23/2017,18:30:00,1,Collision with vehicle,4,Thursday,110,CROSS TRAFFIC(INTERSECTIONS ONLY),2,35979,2,0,0,1,1,2,2,1,Cross intersection,3,50,Local Road,22-25,Other injury,Bicyclists
T20170024663,11/2/2017,12:30:00,1,Collision with vehicle,4,Thursday,140,U TURN,1,325285,2,0,0,1,1,2,2,5,Not at intersection,3,40,Local Road,30-39,Other injury,Bicyclists
T20170024674,12/26/2017,13:15:00,1,Collision with vehicle,3,Tuesday,133,LANE SIDE SWIPE (VEHICLES IN PARALLEL LANES),1,29581,2,0,0,1,1,2,1,1,Cross intersection,3,50,Arterial Other,40-49,Other injury,Bicyclists
T20170024713,12/27/2017,6:15:00,1,Collision with vehicle,4,Wednesday,133,LANE SIDE SWIPE (VEHICLES IN PARALLEL LANES),2,326407,2,0,1,0,1,2,1,5,Not at intersection,2,80,Arterial Other,50-59,Serious injury,Bicyclists
T20170024718,12/15/2017,19:30:00,1,Collision with vehicle,5,Friday,110,CROSS TRAFFIC(INTERSECTIONS ONLY),1,52842,2,0,0,1,1,2,2,1,Cross intersection,3,50,Uknown,16-17,Other injury,Bicyclists
T20170024719,11/18/2017,14:00:00,1,Collision with vehicle,7,Saturday,120,HEAD ON (NOT OVERTAKING),1,325426,2,0,0,1,0,1,2,5,Not at intersection,3,100,Uknown,13-15,Other injury,Bicyclists
T20170024721,12/27/2017,11:00:00,1,Collision with vehicle,4,Wednesday,148,VEHICLE OFF FOOTPATH STRIKES VEH ON CARRIAGEWAY,1,50001,2,0,0,1,1,2,1,1,Cross intersection,3,50,Arterial Highway,40-49,Other injury,Bicyclists
T20170024725,12/27/2017,11:55:00,1,Collision with vehicle,4,Wednesday,121,RIGHT THROUGH,1,33663,2,0,0,1,2,3,1,2,T intersection,3,60,Arterial Highway,30-39,Other injury,Bicyclists
T20170024732,12/27/2017,12:10:00,1,Collision with vehicle,4,Wednesday,113,RIGHT NEAR (INTERSECTIONS ONLY),1,65714,2,0,1,0,1,2,1,2,T intersection,2,60,Arterial Other,30-39,Serious injury,Bicyclists
T20170024760,12/27/2017,17:00:00,1,Collision with vehicle,4,Wednesday,147,VEHICLE STRIKES ANOTHER VEH WHILE EMERGING FROM DRIVEWAY,1,325451,2,0,0,1,1,2,1,5,Not at intersection,3,60,Arterial Other,50-59,Other injury,Bicyclists
T20170024794,12/28/2017,10:05:00,1,Collision with vehicle,5,Thursday,137,LEFT TURN SIDESWIPE,1,325351,2,0,0,1,2,3,1,5,Not at intersection,3,60,Arterial Highway,40-49,Other injury,Bicyclists
T20170024805,12/15/2017,9:25:00,1,Collision with vehicle,6,Friday,137,LEFT TURN SIDESWIPE,1,42716,2,0,0,1,1,2,2,2,T intersection,3,60,Arterial Other,40-49,Other injury,Bicyclists
T20170024819,12/28/2017,23:15:00,1,Collision with vehicle,5,Thursday,142,LEAVING PARKING,3,326314,3,0,0,1,2,3,1,2,T intersection,3,40,Local Road,22-25,Other injury,Bicyclists
T20170024827,12/24/2017,8:15:00,1,Collision with vehicle,1,Sunday,130,REAR END(VEHICLES IN SAME LANE),1,326041,2,0,0,1,0,1,2,5,Not at intersection,3,999,Arterial Other,50-59,Other injury,Bicyclists
T20170024830,12/29/2017,9:55:00,8,No collision and no object struck,6,Friday,174,OUT OF CONTROL ON CARRIAGEWAY (ON STRAIGHT),1,35330,2,0,1,0,1,2,1,2,T intersection,2,60,Arterial Highway,65-69,Serious injury,Bicyclists
T20170024851,12/29/2017,12:08:00,1,Collision with vehicle,6,Friday,163,VEHICLE STRIKES DOOR OF PARKED/STATIONARY VEHICLE,1,325590,2,0,0,1,1,2,2,5,Not at intersection,3,60,Local Road,40-49,Other injury,Bicyclists
T20170024914,12/29/2017,9:40:00,1,Collision with vehicle,6,Friday,110,CROSS TRAFFIC(INTERSECTIONS ONLY),1,50723,2,0,1,0,1,2,2,1,Cross intersection,2,50,Local Road,50-59,Serious injury,Bicyclists
T20170024916,12/22/2017,21:30:00,1,Collision with vehicle,6,Friday,137,LEFT TURN SIDESWIPE,3,335574,2,0,0,1,1,2,2,5,Not at intersection,3,40,Arterial Other,18-21,Other injury,Bicyclists
T20180000026,12/31/2017,8:30:00,8,No collision and no object struck,1,Sunday,174,OUT OF CONTROL ON CARRIAGEWAY (ON STRAIGHT),1,325508,2,0,1,0,1,2,1,2,T intersection,2,50,Local Road,50-59,Serious injury,Bicyclists
T20180000057,12/30/2017,23:50:00,1,Collision with vehicle,7,Saturday,143,ENTERING PARKING,3,125540,2,0,0,1,1,2,1,5,Not at intersection,3,40,Local Road,30-39,Other injury,Bicyclists
T20180000080,12/30/2017,9:30:00,8,No collision and no object struck,7,Saturday,174,OUT OF CONTROL ON CARRIAGEWAY (ON STRAIGHT),1,326974,1,0,0,1,0,1,2,5,Not at intersection,3,100,Arterial Other,40-49,Other injury,Bicyclists
T20180000102,12/28/2017,17:15:00,1,Collision with vehicle,5,Thursday,110,CROSS TRAFFIC(INTERSECTIONS ONLY),1,326471,2,0,0,1,1,2,2,1,Cross intersection,3,50,Local Road,45424,Other injury,Bicyclists
T20180000103,12/23/2017,10:10:00,1,Collision with vehicle,6,Saturday,163,VEHICLE STRIKES DOOR OF PARKED/STATIONARY VEHICLE,1,325537,2,0,0,1,1,2,2,5,Not at intersection,3,60,Arterial Other,50-59,Other injury,Bicyclists
T20180000122,1/3/2018,8:45:00,1,Collision with vehicle,4,Wednesday,110,CROSS TRAFFIC(INTERSECTIONS ONLY),1,73214,2,0,1,0,1,2,1,1,Cross intersection,2,50,Arterial Other,70+,Serious injury,Bicyclists
T20180000204,11/29/2017,14:00:00,1,Collision with vehicle,4,Wednesday,142,LEAVING PARKING,1,325683,2,0,1,0,1,2,2,5,Not at intersection,2,50,Local Road,70+,Serious injury,Bicyclists
T20180000221,1/4/2018,17:40:00,1,Collision with vehicle,5,Thursday,130,REAR END(VEHICLES IN SAME LANE),1,326368,2,0,1,0,1,2,1,2,T intersection,2,40,Local Road,50-59,Serious injury,Bicyclists
T20180000258,1/3/2018,16:00:00,1,Collision with vehicle,4,Wednesday,147,VEHICLE STRIKES ANOTHER VEH WHILE EMERGING FROM DRIVEWAY,1,325630,2,0,0,1,1,2,2,5,Not at intersection,3,999,Arterial Highway,60-64,Other injury,Bicyclists
T20180000260,1/5/2018,9:50:00,1,Collision with vehicle,6,Friday,133,LANE SIDE SWIPE (VEHICLES IN PARALLEL LANES),1,325653,2,0,0,1,5,6,1,5,Not at intersection,3,60,Arterial Other,50-59,Other injury,Bicyclists
T20180000266,1/5/2018,8:45:00,1,Collision with vehicle,6,Friday,137,LEFT TURN SIDESWIPE,1,326135,2,0,0,1,1,2,2,2,T intersection,3,40,Local Road,40-49,Other injury,Bicyclists
T20180000283,1/5/2018,15:00:00,1,Collision with vehicle,5,Friday,148,VEHICLE OFF FOOTPATH STRIKES VEH ON CARRIAGEWAY,1,325735,2,0,0,1,1,2,1,5,Not at intersection,3,40,Arterial Other,26-29,Not injured,Bicyclists
T20180000286,1/5/2018,8:15:00,5,collision with some other object,6,Friday,191,LOAD OR MISSILE STRUCK VEHICLE,1,325734,2,0,0,1,2,3,2,5,Not at intersection,3,60,Uknown,40-49,Other injury,Bicyclists
T20180000314,1/6/2018,8:00:00,1,Collision with vehicle,7,Saturday,142,LEAVING PARKING,1,326375,2,0,0,1,1,2,1,5,Not at intersection,3,50,Local Road,50-59,Other injury,Bicyclists
T20180000327,1/6/2018,12:15:00,1,Collision with vehicle,7,Saturday,130,REAR END(VEHICLES IN SAME LANE),1,35556,2,0,0,1,1,2,2,1,Cross intersection,3,60,Arterial Highway,40-49,Other injury,Bicyclists
T20180000329,12/31/2017,13:30:00,1,Collision with vehicle,1,Sunday,148,VEHICLE OFF FOOTPATH STRIKES VEH ON CARRIAGEWAY,1,326348,2,0,0,1,0,1,2,5,Not at intersection,3,999,Local Road,70+,Other injury,Bicyclists
T20180000340,12/30/2017,20:00:00,1,Collision with vehicle,7,Saturday,137,LEFT TURN SIDESWIPE,9,326637,2,0,0,1,0,1,2,5,Not at intersection,3,70,Arterial Other,40-49,Other injury,Bicyclists
T20180000351,1/6/2018,23:00:00,1,Collision with vehicle,7,Saturday,136,RIGHT TURN SIDESWIPE,3,328514,2,0,0,1,1,2,1,2,T intersection,3,50,Uknown,30-39,Other injury,Bicyclists
T20180000387,1/7/2018,8:25:00,1,Collision with vehicle,0,Sunday,110,CROSS TRAFFIC(INTERSECTIONS ONLY),1,49620,2,0,0,1,1,2,2,1,Cross intersection,3,50,Uknown,30-39,Other injury,Bicyclists
T20180000431,1/8/2018,8:05:00,1,Collision with vehicle,2,Monday,135,LANE CHANGE LEFT (NOT OVERTAKING),1,55168,2,0,0,1,2,3,2,1,Cross intersection,3,50,Local Road,22-25,Other injury,Bicyclists
T20180000455,1/9/2018,6:18:00,1,Collision with vehicle,3,Tuesday,121,RIGHT THROUGH,1,326184,2,0,1,0,1,2,1,5,Not at intersection,2,60,Local Road,30-39,Serious injury,Bicyclists
T20180000456,12/17/2017,5:35:00,1,Collision with vehicle,1,Sunday,122,LEFT THROUGH,9,57599,2,0,0,1,1,2,2,2,T intersection,3,999,Arterial Other,50-59,Other injury,Bicyclists
T20180000477,12/1/2017,1:45:00,1,Collision with vehicle,5,Friday,121,RIGHT THROUGH,3,36500,2,0,0,1,0,1,2,1,Cross intersection,3,40,Arterial Other,26-29,Other injury,Bicyclists
T20180000483,1/9/2018,10:55:00,1,Collision with vehicle,3,Tuesday,136,RIGHT TURN SIDESWIPE,1,29389,2,0,1,0,1,2,1,1,Cross intersection,2,50,Local Road,50-59,Serious injury,Bicyclists
T20180000532,1/10/2018,10:15:00,1,Collision with vehicle,4,Wednesday,148,VEHICLE OFF FOOTPATH STRIKES VEH ON CARRIAGEWAY,1,47498,2,0,0,1,1,2,1,4,Multiple intersection,3,70,Arterial Highway,22-25,Other injury,Bicyclists
T20180000555,1/10/2018,15:30:00,1,Collision with vehicle,3,Wednesday,163,VEHICLE STRIKES DOOR OF PARKED/STATIONARY VEHICLE,1,651540,2,0,0,1,1,2,2,5,Not at intersection,3,60,Arterial Other,26-29,Other injury,Bicyclists
T20180000569,1/10/2018,15:55:00,1,Collision with vehicle,4,Wednesday,110,CROSS TRAFFIC(INTERSECTIONS ONLY),1,29403,2,0,0,1,1,2,1,1,Cross intersection,3,40,Arterial Other,40-49,Other injury,Bicyclists
T20180000585,1/11/2018,7:15:00,1,Collision with vehicle,5,Thursday,121,RIGHT THROUGH,1,29466,2,0,0,1,1,2,1,1,Cross intersection,3,60,Arterial Highway,30-39,Other injury,Bicyclists
T20180000586,12/14/2017,8:29:00,1,Collision with vehicle,5,Thursday,116,LEFT NEAR (INTERSECTIONS ONLY),9,233390,2,0,0,1,1,2,2,4,Multiple intersection,3,40,Freeway,30-39,Other injury,Bicyclists
T20180000592,1/11/2018,6:30:00,1,Collision with vehicle,5,Thursday,137,LEFT TURN SIDESWIPE,1,327154,2,0,0,2,0,2,2,2,T intersection,3,80,Arterial Other,22-25,Other injury,Bicyclists
T20180000612,1/11/2018,12:30:00,1,Collision with vehicle,4,Thursday,163,VEHICLE STRIKES DOOR OF PARKED/STATIONARY VEHICLE,1,325958,2,0,0,1,1,2,1,5,Not at intersection,3,50,Local Road,70+,Other injury,Bicyclists
T20180000633,1/11/2018,18:30:00,1,Collision with vehicle,5,Thursday,137,LEFT TURN SIDESWIPE,1,49894,2,0,1,0,2,3,1,1,Cross intersection,2,40,Local Road,40-49,Serious injury,Bicyclists
T20180000656,12/29/2017,11:45:00,1,Collision with vehicle,5,Friday,163,VEHICLE STRIKES DOOR OF PARKED/STATIONARY VEHICLE,1,803326,2,0,0,1,1,2,2,5,Not at intersection,3,999,Local Road,30-39,Other injury,Bicyclists
T20180000664,1/12/2018,8:30:00,1,Collision with vehicle,6,Friday,121,RIGHT THROUGH,1,37674,2,0,0,1,1,2,1,2,T intersection,3,60,Arterial Other,30-39,Other injury,Bicyclists
T20180000686,1/12/2018,13:13:00,1,Collision with vehicle,6,Friday,147,VEHICLE STRIKES ANOTHER VEH WHILE EMERGING FROM DRIVEWAY,1,359605,2,0,0,1,1,2,1,5,Not at intersection,3,50,Uknown,50-59,Other injury,Bicyclists
T20180000747,1/13/2018,11:45:00,1,Collision with vehicle,7,Saturday,147,VEHICLE STRIKES ANOTHER VEH WHILE EMERGING FROM DRIVEWAY,1,41007,2,0,0,1,1,2,1,2,T intersection,3,60,Arterial Other,70+,Other injury,Bicyclists
T20180000802,1/14/2018,8:55:00,1,Collision with vehicle,1,Sunday,133,LANE SIDE SWIPE (VEHICLES IN PARALLEL LANES),1,328939,2,0,1,0,2,3,1,5,Not at intersection,2,60,Arterial Other,65-69,Serious injury,Bicyclists
T20180000815,1/14/2018,12:00:00,1,Collision with vehicle,1,Sunday,152,PULLING OUT (OVERTAKING),1,327381,2,0,0,1,1,2,1,5,Not at intersection,3,60,Arterial Other,40-49,Other injury,Bicyclists
T20180000822,1/14/2018,15:00:00,1,Collision with vehicle,1,Sunday,133,LANE SIDE SWIPE (VEHICLES IN PARALLEL LANES),1,329869,2,0,1,0,5,6,1,5,Not at intersection,2,40,Uknown,30-39,Serious injury,Bicyclists
T20180000829,1/14/2018,17:40:00,1,Collision with vehicle,0,Sunday,121,RIGHT THROUGH,1,36584,2,0,0,1,1,2,1,2,T intersection,3,40,Local Road,22-25,Other injury,Bicyclists
T20180000834,1/14/2018,19:10:00,1,Collision with vehicle,1,Sunday,163,VEHICLE STRIKES DOOR OF PARKED/STATIONARY VEHICLE,1,326136,2,0,0,1,2,3,1,5,Not at intersection,3,40,Local Road,50-59,Other injury,Bicyclists
T20180000865,1/14/2018,19:00:00,1,Collision with vehicle,1,Sunday,199,UNKNOWN-NO DETAILS ON MANOEUVRES OF ROAD-USERS IN ACCIDENT,1,327272,2,0,0,1,0,1,2,1,Cross intersection,3,999,Local Road,18-21,Other injury,Bicyclists
T20180000896,1/16/2018,6:55:00,1,Collision with vehicle,3,Tuesday,110,CROSS TRAFFIC(INTERSECTIONS ONLY),1,48721,2,0,0,1,1,2,1,1,Cross intersection,3,80,Arterial Other,40-49,Other injury,Bicyclists
T20180000906,1/16/2018,9:30:00,1,Collision with vehicle,3,Tuesday,137,LEFT TURN SIDESWIPE,1,326144,2,0,1,0,1,2,1,5,Not at intersection,2,40,Local Road,30-39,Serious injury,Bicyclists
T20180000942,1/16/2018,19:40:00,1,Collision with vehicle,3,Tuesday,137,LEFT TURN SIDESWIPE,1,48068,2,0,0,2,0,2,1,2,T intersection,3,80,Arterial Highway,26-29,Other injury,Bicyclists
T20180000948,1/12/2018,18:20:00,1,Collision with vehicle,6,Friday,110,CROSS TRAFFIC(INTERSECTIONS ONLY),9,45457,2,0,0,2,0,2,2,1,Cross intersection,3,50,Local Road,40-49,Other injury,Bicyclists
T20180000952,1/16/2018,16:15:00,1,Collision with vehicle,2,Tuesday,140,U TURN,1,359861,2,0,0,1,2,3,1,5,Not at intersection,3,40,Local Road,40-49,Other injury,Bicyclists
T20180000967,1/11/2018,17:10:00,1,Collision with vehicle,5,Thursday,160,VEHICLE COLLIDES WITH VEHICLE PARKED ON LEFT OF ROAD,1,326430,2,0,0,1,0,1,2,5,Not at intersection,3,888,Freeway,40-49,Other injury,Bicyclists