ACCIDENT_NO,ACCIDENT_DATE,ACCIDENT_TIME,ACCIDENT_TYPE,ACCIDENT_TYPE_DESC,DAY_OF_WEEK,DAY_WEEK_DESC,DCA_CODE,DCA_DESC,LIGHT_CONDITION,NODE_ID,NO_OF_VEHICLES,NO_PERSONS_KILLED,NO_PERSONS_INJ_2,NO_PERSONS_INJ_3,NO_PERSONS_NOT_INJ,NO_PERSONS,POLICE_ATTEND,ROAD_GEOMETRY,ROAD_GEOMETRY_DESC,SEVERITY,SPEED_ZONE,RMA,AGE_GROUP,INJ_LEVEL,ROAD_USER_TYPE_DESC
T20180000976,1/16/2018,21:30:00,1,Collision with vehicle,3,Tuesday,137,LEFT TURN SIDESWIPE,9,326187,2,0,0,1,1,2,2,5,Not at intersection,3,999,Arterial Other,26-29,Other injury,Bicyclists
T20180000977,1/17/2018,8:15:00,1,Collision with vehicle,4,Wednesday,113,RIGHT NEAR (INTERSECTIONS ONLY),1,29793,2,0,1,0,1,2,1,2,T intersection,2,60,Arterial Other,65-69,Serious injury,Bicyclists
T20180000986,1/17/2018,8:10:00,1,Collision with vehicle,4,Wednesday,137,LEFT TURN SIDESWIPE,1,326142,2,0,0,1,1,2,1,5,Not at intersection,3,60,Arterial Other,22-25,Other injury,Bicyclists
T20180001000,1/17/2018,14:46:00,1,Collision with vehicle,4,Wednesday,134,LANE CHANGE RIGHT (NOT OVERTAKING),1,326143,3,0,1,0,2,3,1,1,Cross intersection,2,40,Local Road,18-21,Serious injury,Bicyclists
T20180001037,1/18/2018,7:30:00,1,Collision with vehicle,4,Thursday,133,LANE SIDE SWIPE (VEHICLES IN PARALLEL LANES),1,36997,2,0,0,1,1,2,1,2,T intersection,3,50,Uknown,30-39,Other injury,Bicyclists
T20180001098,1/10/2018,8:45:00,1,Collision with vehicle,4,Wednesday,111,RIGHT FAR (INTERSECTIONS ONLY),1,149,2,0,0,1,1,2,2,2,T intersection,3,40,Local Road,30-39,Other injury,Bicyclists
T20180001132,1/19/2018,9:00:00,1,Collision with vehicle,6,Friday,139,OTHER SAME DIRECTION-MANOUEVRES NOT INCLUDED IN DCAs 130-137,1,37405,2,0,0,1,1,2,1,1,Cross intersection,3,50,Local Road,30-39,Other injury,Bicyclists
T20180001151,1/19/2018,18:40:00,1,Collision with vehicle,6,Friday,130,REAR END(VEHICLES IN SAME LANE),1,330028,2,0,0,1,0,1,1,1,Cross intersection,3,40,Local Road,40-49,Other injury,Bicyclists
T20180001174,1/20/2018,8:30:00,6,Vehicle overturned (no collision),7,Saturday,184,OUT OF CONTROL ON CARRIAGEWAY (ON BEND),1,326227,1,0,1,0,0,1,1,5,Not at intersection,2,60,Uknown,40-49,Serious injury,Bicyclists
T20180001175,1/20/2018,9:55:00,1,Collision with vehicle,7,Saturday,121,RIGHT THROUGH,1,66308,2,0,1,0,1,2,1,2,T intersection,2,60,Arterial Other,22-25,Serious injury,Bicyclists
T20180001189,1/20/2018,11:45:00,1,Collision with vehicle,7,Saturday,139,OTHER SAME DIRECTION-MANOUEVRES NOT INCLUDED IN DCAs 130-137,1,59041,2,0,1,0,1,2,1,2,T intersection,2,50,Local Road,70+,Serious injury,Bicyclists
T20180001198,1/20/2018,10:45:00,1,Collision with vehicle,7,Saturday,121,RIGHT THROUGH,1,256274,2,0,1,0,1,2,1,5,Not at intersection,2,80,Arterial Other,50-59,Serious injury,Bicyclists
T20180001213,1/20/2018,18:44:00,1,Collision with vehicle,7,Saturday,130,REAR END(VEHICLES IN SAME LANE),1,254503,2,0,0,1,0,1,1,1,Cross intersection,3,50,Arterial Other,40-49,Other injury,Bicyclists
T20180001218,1/20/2018,21:30:00,8,No collision and no object struck,7,Saturday,170,OFF CARRIAGEWAY TO LEFT,3,124706,1,0,0,1,0,1,1,5,Not at intersection,3,40,Arterial Other,50-59,Other injury,Bicyclists
T20180001220,1/20/2018,20:00:00,1,Collision with vehicle,7,Saturday,148,VEHICLE OFF FOOTPATH STRIKES VEH ON CARRIAGEWAY,2,55315,3,0,0,1,2,3,1,2,T intersection,3,777,Local Road,13-15,Not injured,Bicyclists
T20180001237,1/20/2018,18:50:00,5,collision with some other object,7,Saturday,165,TEMPORARY ROADWORKS,1,329596,1,0,0,1,0,1,1,5,Not at intersection,3,60,Arterial Highway,60-64,Other injury,Bicyclists
T20180001261,12/18/2017,16:30:00,8,No collision and no object struck,2,Monday,174,OUT OF CONTROL ON CARRIAGEWAY (ON STRAIGHT),1,40346,2,0,0,1,4,5,2,1,Cross intersection,3,40,Arterial Other,40-49,Other injury,Bicyclists
T20180001263,1/20/2018,10:45:00,1,Collision with vehicle,7,Saturday,119,OTHER ADJACENT (INTERSECTIONS ONLY),1,67755,2,0,0,1,1,2,2,2,T intersection,3,60,Local Road,60-64,Other injury,Bicyclists
T20180001267,1/20/2018,19:45:00,1,Collision with vehicle,7,Saturday,163,VEHICLE STRIKES DOOR OF PARKED/STATIONARY VEHICLE,2,326562,2,0,1,0,1,2,2,2,T intersection,2,60,Arterial Other,40-49,Serious injury,Bicyclists
T20180001272,1/20/2018,22:30:00,1,Collision with vehicle,6,Saturday,110,CROSS TRAFFIC(INTERSECTIONS ONLY),5,37992,2,0,0,1,1,2,2,1,Cross intersection,3,50,Local Road,30-39,Other injury,Bicyclists
T20180001276,1/20/2018,8:15:00,1,Collision with vehicle,7,Saturday,116,LEFT NEAR (INTERSECTIONS ONLY),1,56324,2,0,0,1,1,2,2,2,T intersection,3,60,Local Road,65-69,Other injury,Bicyclists
T20180001294,1/21/2018,13:15:00,1,Collision with vehicle,1,Sunday,137,LEFT TURN SIDESWIPE,1,36046,2,0,0,1,2,3,1,1,Cross intersection,3,40,Local Road,30-39,Other injury,Bicyclists
T20180001300,1/22/2018,7:55:00,1,Collision with vehicle,2,Monday,110,CROSS TRAFFIC(INTERSECTIONS ONLY),1,62863,2,0,1,0,1,2,1,1,Cross intersection,2,60,Uknown,50-59,Serious injury,Bicyclists
T20180001319,1/22/2018,13:30:00,1,Collision with vehicle,2,Monday,137,LEFT TURN SIDESWIPE,1,45640,2,0,1,0,1,2,1,1,Cross intersection,2,40,Arterial Other,22-25,Serious injury,Bicyclists
T20180001325,1/19/2018,7:00:00,1,Collision with vehicle,6,Friday,118,TWO LEFT TURNING (INTERSECTIONS ONLY),1,65690,2,0,1,0,1,2,2,2,T intersection,2,999,Arterial Other,30-39,Serious injury,Bicyclists
T20180001348,1/22/2018,18:00:00,1,Collision with vehicle,2,Monday,137,LEFT TURN SIDESWIPE,1,192088,2,0,0,1,1,2,2,5,Not at intersection,3,40,Local Road,30-39,Other injury,Bicyclists
T20180001361,1/17/2018,21:30:00,1,Collision with vehicle,4,Wednesday,142,LEAVING PARKING,9,328122,2,0,0,1,1,2,2,5,Not at intersection,3,60,Local Road,26-29,Other injury,Bicyclists
T20180001366,1/23/2018,7:30:00,1,Collision with vehicle,3,Tuesday,116,LEFT NEAR (INTERSECTIONS ONLY),1,44609,2,0,1,0,1,2,1,1,Cross intersection,2,60,Arterial Other,65-69,Serious injury,Bicyclists
T20180001370,6/1/2017,13:00:00,8,No collision and no object struck,5,Thursday,174,OUT OF CONTROL ON CARRIAGEWAY (ON STRAIGHT),1,326681,1,0,0,1,0,1,2,5,Not at intersection,3,80,Arterial Highway,65-69,Other injury,Bicyclists
T20180001372,1/23/2018,10:00:00,8,No collision and no object struck,3,Tuesday,174,OUT OF CONTROL ON CARRIAGEWAY (ON STRAIGHT),1,327257,2,0,0,1,0,1,1,5,Not at intersection,3,50,Arterial Other,26-29,Other injury,Bicyclists
T20180001375,1/23/2018,10:00:00,1,Collision with vehicle,3,Tuesday,140,U TURN,1,73416,2,0,1,0,1,2,1,2,T intersection,2,60,Arterial Highway,50-59,Serious injury,Bicyclists
T20180001446,1/24/2018,7:04:00,1,Collision with vehicle,4,Wednesday,110,CROSS TRAFFIC(INTERSECTIONS ONLY),1,37972,2,0,1,1,0,2,1,1,Cross intersection,2,999,Local Road,40-49,Serious injury,Bicyclists
T20180001458,1/24/2018,8:05:00,1,Collision with vehicle,4,Wednesday,110,CROSS TRAFFIC(INTERSECTIONS ONLY),1,35456,2,0,0,1,1,2,1,1,Cross intersection,3,50,Arterial Other,30-39,Other injury,Bicyclists
T20180001462,1/23/2018,18:00:00,1,Collision with vehicle,2,Tuesday,137,LEFT TURN SIDESWIPE,1,36743,2,0,0,1,1,2,2,2,T intersection,3,60,Arterial Highway,30-39,Other injury,Bicyclists
T20180001485,12/29/2017,15:45:00,1,Collision with vehicle,6,Friday,137,LEFT TURN SIDESWIPE,1,326945,2,0,0,1,1,2,2,5,Not at intersection,3,40,Local Road,30-39,Other injury,Bicyclists
T20180001524,1/25/2018,10:50:00,1,Collision with vehicle,5,Thursday,121,RIGHT THROUGH,1,29594,2,0,0,2,0,2,2,1,Cross intersection,3,50,Local Road,26-29,Other injury,Bicyclists
T20180001525,1/25/2018,7:30:00,1,Collision with vehicle,4,Thursday,136,RIGHT TURN SIDESWIPE,1,38051,2,0,0,1,1,2,2,1,Cross intersection,3,999,Arterial Other,40-49,Other injury,Bicyclists
T20180001531,1/23/2018,7:30:00,1,Collision with vehicle,3,Tuesday,136,RIGHT TURN SIDESWIPE,1,29444,2,0,0,1,1,2,2,2,T intersection,3,999,Local Road,30-39,Other injury,Bicyclists
T20180001545,1/25/2018,16:43:00,1,Collision with vehicle,5,Thursday,110,CROSS TRAFFIC(INTERSECTIONS ONLY),1,52987,2,0,1,0,1,2,1,1,Cross intersection,2,50,Arterial Other,30-39,Serious injury,Bicyclists
T20180001563,1/24/2018,17:54:00,1,Collision with vehicle,4,Wednesday,163,VEHICLE STRIKES DOOR OF PARKED/STATIONARY VEHICLE,1,359863,2,0,1,0,2,3,1,5,Not at intersection,2,40,Local Road,50-59,Serious injury,Bicyclists
T20180001579,1/26/2018,7:30:00,1,Collision with vehicle,6,Friday,120,HEAD ON (NOT OVERTAKING),1,326424,2,0,0,1,1,2,1,5,Not at intersection,3,50,Local Road,30-39,Other injury,Bicyclists
T20180001649,1/27/2018,9:10:00,1,Collision with vehicle,7,Saturday,133,LANE SIDE SWIPE (VEHICLES IN PARALLEL LANES),1,331005,2,0,0,1,0,1,2,5,Not at intersection,3,60,Arterial Other,30-39,Other injury,Bicyclists
T20180001655,1/26/2018,9:00:00,1,Collision with vehicle,6,Friday,130,REAR END(VEHICLES IN SAME LANE),1,40087,2,0,1,0,1,2,2,2,T intersection,2,60,Arterial Other,50-59,Serious injury,Bicyclists
T20180001659,1/27/2018,9:10:00,1,Collision with vehicle,6,Saturday,110,CROSS TRAFFIC(INTERSECTIONS ONLY),1,39884,2,0,0,1,1,2,1,1,Cross intersection,3,60,Uknown,30-39,Other injury,Bicyclists
T20180001709,1/28/2018,7:50:00,1,Collision with vehicle,1,Sunday,121,RIGHT THROUGH,1,47426,2,0,1,0,1,2,1,2,T intersection,2,50,Arterial Highway,65-69,Serious injury,Bicyclists
T20180001716,1/28/2018,10:15:00,1,Collision with vehicle,1,Sunday,110,CROSS TRAFFIC(INTERSECTIONS ONLY),1,43554,2,0,0,1,1,2,1,1,Cross intersection,3,60,Arterial Other,40-49,Other injury,Bicyclists
T20180001724,1/28/2018,14:14:00,1,Collision with vehicle,0,Sunday,131,LEFT REAR,1,36999,2,0,0,1,1,2,1,1,Cross intersection,3,40,Local Road,70+,Other injury,Bicyclists
T20180001767,1/29/2018,7:20:00,6,Vehicle overturned (no collision),2,Monday,174,OUT OF CONTROL ON CARRIAGEWAY (ON STRAIGHT),1,328121,1,0,0,1,0,1,1,5,Not at intersection,3,60,Arterial Other,40-49,Other injury,Bicyclists
T20180001811,1/29/2018,23:45:00,1,Collision with vehicle,2,Monday,160,VEHICLE COLLIDES WITH VEHICLE PARKED ON LEFT OF ROAD,3,327892,2,0,1,0,0,1,1,5,Not at intersection,2,60,Arterial Other,22-25,Serious injury,Bicyclists
T20180001833,1/27/2018,15:00:00,1,Collision with vehicle,7,Saturday,163,VEHICLE STRIKES DOOR OF PARKED/STATIONARY VEHICLE,9,326761,2,0,0,1,2,3,2,5,Not at intersection,3,40,Local Road,30-39,Other injury,Bicyclists
T20180001868,1/29/2018,15:05:00,1,Collision with vehicle,2,Monday,139,OTHER SAME DIRECTION-MANOUEVRES NOT INCLUDED IN DCAs 130-137,1,326564,2,0,0,1,0,1,1,5,Not at intersection,3,60,Arterial Other,26-29,Other injury,Bicyclists
T20180001878,1/31/2018,8:10:00,1,Collision with vehicle,4,Wednesday,121,RIGHT THROUGH,1,326694,3,0,0,1,2,3,1,5,Not at intersection,3,50,Local Road,26-29,Other injury,Bicyclists
T20180001888,1/31/2018,11:02:00,1,Collision with vehicle,4,Wednesday,110,CROSS TRAFFIC(INTERSECTIONS ONLY),1,37041,2,0,0,1,1,2,1,1,Cross intersection,3,50,Local Road,70+,Other injury,Bicyclists
T20180001893,1/31/2018,8:36:00,1,Collision with vehicle,4,Wednesday,143,ENTERING PARKING,1,326772,3,0,1,0,1,2,1,5,Not at intersection,2,60,Arterial Other,30-39,Serious injury,Bicyclists
T20180001905,1/30/2018,15:20:00,1,Collision with vehicle,3,Tuesday,163,VEHICLE STRIKES DOOR OF PARKED/STATIONARY VEHICLE,1,326609,2,0,0,1,1,2,1,5,Not at intersection,3,60,Local Road,13-15,Other injury,Bicyclists
T20180001936,2/1/2018,9:00:00,1,Collision with vehicle,5,Thursday,163,VEHICLE STRIKES DOOR OF PARKED/STATIONARY VEHICLE,1,58058,2,0,0,2,0,2,1,2,T intersection,3,60,Local Road,30-39,Other injury,Bicyclists
T20180001957,2/1/2018,8:15:00,1,Collision with vehicle,5,Thursday,121,RIGHT THROUGH,1,328368,2,0,0,1,1,2,2,5,Not at intersection,3,999,Arterial Other,50-59,Other injury,Bicyclists
T20180001965,11/27/2017,19:00:00,1,Collision with vehicle,2,Monday,163,VEHICLE STRIKES DOOR OF PARKED/STATIONARY VEHICLE,1,327766,2,0,0,1,0,1,2,5,Not at intersection,3,40,Local Road,30-39,Other injury,Bicyclists
T20180001979,2/1/2018,16:15:00,1,Collision with vehicle,5,Thursday,121,RIGHT THROUGH,1,149,2,0,0,1,1,2,1,2,T intersection,3,40,Local Road,22-25,Other injury,Bicyclists
T20180001980,2/1/2018,19:30:00,1,Collision with vehicle,5,Thursday,113,RIGHT NEAR (INTERSECTIONS ONLY),2,338248,2,0,0,1,0,1,2,2,T intersection,3,50,Local Road,22-25,Other injury,Bicyclists
T20180001993,1/28/2018,19:23:00,1,Collision with vehicle,1,Sunday,160,VEHICLE COLLIDES WITH VEHICLE PARKED ON LEFT OF ROAD,1,326886,2,0,0,1,0,1,1,5,Not at intersection,3,50,Local Road,30-39,Other injury,Bicyclists
T20180002010,2/2/2018,10:06:00,1,Collision with vehicle,6,Friday,137,LEFT TURN SIDESWIPE,1,35947,2,0,0,1,1,2,1,2,T intersection,3,40,Arterial Other,22-25,Other injury,Bicyclists
T20180002019,2/1/2018,9:56:00,1,Collision with vehicle,5,Thursday,121,RIGHT THROUGH,1,29777,2,0,0,1,1,2,1,2,T intersection,3,60,Arterial Highway,18-21,Other injury,Bicyclists
T20180002083,1/25/2018,15:30:00,1,Collision with vehicle,5,Thursday,143,ENTERING PARKING,1,326759,2,0,0,1,1,2,1,2,T intersection,3,40,Local Road,22-25,Other injury,Bicyclists
T20180002096,1/23/2018,8:00:00,8,No collision and no object struck,3,Tuesday,174,OUT OF CONTROL ON CARRIAGEWAY (ON STRAIGHT),1,326760,1,0,1,0,0,1,2,2,T intersection,2,40,Arterial Other,40-49,Serious injury,Bicyclists
T20180002106,1/19/2018,20:10:00,1,Collision with vehicle,6,Friday,130,REAR END(VEHICLES IN SAME LANE),9,245170,2,0,1,0,0,1,2,2,T intersection,2,60,Arterial Other,50-59,Serious injury,Bicyclists
T20180002147,2/4/2018,10:55:00,1,Collision with vehicle,1,Sunday,113,RIGHT NEAR (INTERSECTIONS ONLY),1,58983,3,0,0,1,3,4,1,2,T intersection,3,50,Local Road,40-49,Other injury,Bicyclists
T20180002149,2/4/2018,9:25:00,1,Collision with vehicle,0,Sunday,116,LEFT NEAR (INTERSECTIONS ONLY),1,338545,2,0,0,1,1,2,2,2,T intersection,3,60,Non Arterial,30-39,Other injury,Bicyclists
T20180002153,2/4/2018,9:15:00,1,Collision with vehicle,1,Sunday,136,RIGHT TURN SIDESWIPE,1,35708,3,0,0,1,2,3,1,2,T intersection,3,60,Arterial Other,Unknown,Other injury,Bicyclists
T20180002158,2/4/2018,8:59:00,1,Collision with vehicle,1,Sunday,121,RIGHT THROUGH,1,44081,2,0,0,1,1,2,1,1,Cross intersection,3,60,Arterial Highway,50-59,Other injury,Bicyclists
T20180002161,2/4/2018,12:15:00,1,Collision with vehicle,0,Sunday,140,U TURN,1,329178,2,0,0,1,1,2,1,5,Not at intersection,3,40,Local Road,30-39,Other injury,Bicyclists
T20180002172,1/24/2018,17:15:00,1,Collision with vehicle,4,Wednesday,113,RIGHT NEAR (INTERSECTIONS ONLY),2,36490,2,0,0,1,1,2,2,4,Multiple intersection,3,40,Local Road,26-29,Other injury,Bicyclists
T20180002180,2/4/2018,18:40:00,1,Collision with vehicle,0,Sunday,110,CROSS TRAFFIC(INTERSECTIONS ONLY),1,36122,2,0,0,1,1,2,1,1,Cross intersection,3,50,Local Road,30-39,Other injury,Bicyclists
T20180002185,2/4/2018,16:55:00,1,Collision with vehicle,1,Sunday,163,VEHICLE STRIKES DOOR OF PARKED/STATIONARY VEHICLE,1,327046,2,0,0,1,1,2,1,5,Not at intersection,3,60,Arterial Other,22-25,Other injury,Bicyclists
T20180002187,2/4/2018,10:15:00,1,Collision with vehicle,1,Sunday,163,VEHICLE STRIKES DOOR OF PARKED/STATIONARY VEHICLE,1,327666,2,0,0,1,1,2,2,5,Not at intersection,3,50,Local Road,50-59,Other injury,Bicyclists
T20180002220,2/5/2018,6:00:00,1,Collision with vehicle,2,Monday,116,LEFT NEAR (INTERSECTIONS ONLY),1,44385,2,0,0,1,1,2,2,2,T intersection,3,60,Arterial Other,40-49,Other injury,Bicyclists
T20180002246,1/31/2018,19:00:00,1,Collision with vehicle,4,Wednesday,137,LEFT TURN SIDESWIPE,1,359871,2,0,0,1,1,2,2,5,Not at intersection,3,40,Arterial Other,30-39,Other injury,Bicyclists
T20180002249,2/5/2018,19:05:00,1,Collision with vehicle,1,Monday,147,VEHICLE STRIKES ANOTHER VEH WHILE EMERGING FROM DRIVEWAY,1,803329,2,0,0,1,1,2,1,5,Not at intersection,3,50,Local Road,45424,Other injury,Bicyclists
T20180002275,2/6/2018,8:54:00,1,Collision with vehicle,3,Tuesday,110,CROSS TRAFFIC(INTERSECTIONS ONLY),1,50242,2,0,1,0,1,2,1,1,Cross intersection,2,50,Arterial Other,70+,Serious injury,Bicyclists
T20180002280,2/6/2018,8:50:00,1,Collision with vehicle,3,Tuesday,121,RIGHT THROUGH,1,311851,2,0,0,1,1,2,1,5,Not at intersection,3,40,Local Road,18-21,Other injury,Bicyclists
T20180002283,2/6/2018,12:45:00,1,Collision with vehicle,3,Tuesday,163,VEHICLE STRIKES DOOR OF PARKED/STATIONARY VEHICLE,9,36494,2,0,0,1,0,1,2,1,Cross intersection,3,40,Local Road,22-25,Other injury,Bicyclists
T20180002326,2/7/2018,7:10:00,1,Collision with vehicle,4,Wednesday,121,RIGHT THROUGH,1,41189,2,0,1,0,1,2,1,2,T intersection,2,60,Arterial Other,40-49,Serious injury,Bicyclists
T20180002341,2/7/2018,8:30:00,1,Collision with vehicle,4,Wednesday,163,VEHICLE STRIKES DOOR OF PARKED/STATIONARY VEHICLE,1,328135,2,0,0,1,0,1,2,5,Not at intersection,3,40,Arterial Other,13-15,Other injury,Bicyclists
T20180002370,2/7/2018,18:27:00,1,Collision with vehicle,4,Wednesday,121,RIGHT THROUGH,1,39091,2,0,1,0,1,2,1,2,T intersection,2,60,Arterial Other,30-39,Serious injury,Bicyclists
T20180002393,2/8/2018,7:15:00,1,Collision with vehicle,5,Thursday,110,CROSS TRAFFIC(INTERSECTIONS ONLY),9,41201,2,0,0,1,1,2,2,1,Cross intersection,3,60,Arterial Other,30-39,Other injury,Bicyclists
T20180002443,2/8/2018,16:50:00,2,Struck Pedestrian,5,Thursday,102,FAR SIDE. PED HIT BY VEHICLE FROM THE LEFT,1,327047,1,0,1,0,1,2,1,5,Not at intersection,2,60,Arterial Other,22-25,Not injured,Bicyclists
T20180002508,2/8/2018,23:20:00,1,Collision with vehicle,5,Thursday,163,VEHICLE STRIKES DOOR OF PARKED/STATIONARY VEHICLE,3,327458,2,0,0,1,1,2,2,5,Not at intersection,3,40,Local Road,26-29,Other injury,Bicyclists
T20180002512,2/9/2018,15:29:00,1,Collision with vehicle,6,Friday,148,VEHICLE OFF FOOTPATH STRIKES VEH ON CARRIAGEWAY,1,327011,3,0,0,1,2,3,1,5,Not at intersection,3,50,Local Road,13-15,Other injury,Bicyclists
T20180002519,2/9/2018,16:10:00,1,Collision with vehicle,6,Friday,110,CROSS TRAFFIC(INTERSECTIONS ONLY),1,42063,2,0,1,0,3,4,1,1,Cross intersection,2,50,Local Road,16-17,Serious injury,Bicyclists
T20180002543,2/10/2018,6:00:00,1,Collision with vehicle,7,Saturday,114,TWO RIGHT TURNING (INTERSECTIONS ONLY),2,359875,2,0,1,0,1,2,1,1,Cross intersection,2,60,Arterial Highway,40-49,Serious injury,Bicyclists
T20180002561,2/8/2018,6:00:00,1,Collision with vehicle,5,Thursday,130,REAR END(VEHICLES IN SAME LANE),9,326983,2,0,1,0,0,1,2,5,Not at intersection,2,60,Local Road,40-49,Serious injury,Bicyclists
T20180002608,2/11/2018,9:05:00,1,Collision with vehicle,1,Sunday,110,CROSS TRAFFIC(INTERSECTIONS ONLY),1,41166,2,0,0,1,1,2,1,1,Cross intersection,3,60,Local Road,70+,Other injury,Bicyclists
T20180002634,2/9/2018,20:40:00,1,Collision with vehicle,6,Friday,163,VEHICLE STRIKES DOOR OF PARKED/STATIONARY VEHICLE,2,327557,2,0,1,0,1,2,2,5,Not at intersection,2,60,Local Road,13-15,Serious injury,Bicyclists
T20180002637,2/10/2018,19:35:00,1,Collision with vehicle,6,Saturday,121,RIGHT THROUGH,1,37646,2,0,0,1,1,2,2,2,T intersection,3,40,Arterial Other,30-39,Other injury,Bicyclists
T20180002655,2/6/2018,7:58:00,1,Collision with vehicle,3,Tuesday,120,HEAD ON (NOT OVERTAKING),1,327020,2,0,1,0,1,2,1,5,Not at intersection,2,50,Local Road,30-39,Serious injury,Bicyclists
T20180002677,2/12/2018,10:53:00,1,Collision with vehicle,2,Monday,136,RIGHT TURN SIDESWIPE,1,37850,2,0,1,0,1,2,1,2,T intersection,2,50,Local Road,30-39,Serious injury,Bicyclists
T20180002703,2/12/2018,15:45:00,1,Collision with vehicle,2,Monday,148,VEHICLE OFF FOOTPATH STRIKES VEH ON CARRIAGEWAY,1,327025,2,0,1,0,1,2,1,5,Not at intersection,2,50,Uknown,45424,Serious injury,Bicyclists
T20180002718,2/12/2018,18:24:00,1,Collision with vehicle,1,Monday,147,VEHICLE STRIKES ANOTHER VEH WHILE EMERGING FROM DRIVEWAY,1,327116,2,0,0,1,1,2,1,5,Not at intersection,3,888,Arterial Other,16-17,Other injury,Bicyclists
T20180002722,2/12/2018,17:20:00,1,Collision with vehicle,2,Monday,137,LEFT TURN SIDESWIPE,1,36573,2,0,0,1,1,2,2,2,T intersection,3,40,Local Road,26-29,Other injury,Bicyclists
T20180002742,2/13/2018,8:25:00,1,Collision with vehicle,3,Tuesday,163,VEHICLE STRIKES DOOR OF PARKED/STATIONARY VEHICLE,1,327120,2,0,0,1,2,3,1,5,Not at intersection,3,40,Local Road,13-15,Other injury,Bicyclists
T20180002760,2/12/2018,17:50:00,1,Collision with vehicle,1,Monday,137,LEFT TURN SIDESWIPE,1,327094,2,0,0,1,1,2,2,2,T intersection,3,50,Uknown,40-49,Other injury,Bicyclists
T20180002773,2/13/2018,9:20:00,1,Collision with vehicle,3,Tuesday,143,ENTERING PARKING,1,327098,2,0,0,1,1,2,1,5,Not at intersection,3,50,Uknown,26-29,Other injury,Bicyclists
T20180002786,2/13/2018,17:15:00,1,Collision with vehicle,3,Tuesday,147,VEHICLE STRIKES ANOTHER VEH WHILE EMERGING FROM DRIVEWAY,1,359877,2,0,1,0,1,2,1,5,Not at intersection,2,50,Local Road,65-69,Serious injury,Bicyclists
T20180002787,2/13/2018,9:20:00,1,Collision with vehicle,3,Tuesday,143,ENTERING PARKING,1,328184,2,0,0,1,1,2,2,5,Not at intersection,3,40,Local Road,50-59,Other injury,Bicyclists
T20180002795,2/12/2018,17:50:00,1,Collision with vehicle,2,Monday,137,LEFT TURN SIDESWIPE,1,327638,2,0,0,1,1,2,2,5,Not at intersection,3,999,Local Road,30-39,Other injury,Bicyclists
T20180002808,2/13/2018,23:15:00,1,Collision with vehicle,2,Tuesday,163,VEHICLE STRIKES DOOR OF PARKED/STATIONARY VEHICLE,3,327101,2,0,0,1,1,2,1,5,Not at intersection,3,60,Arterial Other,40-49,Other injury,Bicyclists
T20180002838,2/14/2018,6:42:00,1,Collision with vehicle,4,Wednesday,121,RIGHT THROUGH,2,41755,2,0,1,0,1,2,1,1,Cross intersection,2,60,Arterial Other,30-39,Serious injury,Bicyclists
T20180002839,8/29/2017,9:10:00,1,Collision with vehicle,3,Tuesday,148,VEHICLE OFF FOOTPATH STRIKES VEH ON CARRIAGEWAY,1,327119,2,0,0,1,1,2,2,5,Not at intersection,3,40,Uknown,40-49,Other injury,Bicyclists
T20180002854,2/2/2018,16:01:00,1,Collision with vehicle,6,Friday,137,LEFT TURN SIDESWIPE,1,29528,2,0,0,1,2,3,1,1,Cross intersection,3,60,Arterial Highway,30-39,Other injury,Bicyclists
T20180002865,1/8/2018,9:20:00,1,Collision with vehicle,2,Monday,116,LEFT NEAR (INTERSECTIONS ONLY),9,249762,2,0,0,1,0,1,2,2,T intersection,3,999,Local Road,30-39,Other injury,Bicyclists
T20180002870,2/14/2018,19:01:00,1,Collision with vehicle,4,Wednesday,133,LANE SIDE SWIPE (VEHICLES IN PARALLEL LANES),1,35706,2,0,0,1,1,2,1,4,Multiple intersection,3,60,Arterial Other,26-29,Other injury,Bicyclists
T20180002883,2/14/2018,20:00:00,1,Collision with vehicle,4,Wednesday,110,CROSS TRAFFIC(INTERSECTIONS ONLY),2,68657,2,0,0,1,1,2,1,1,Cross intersection,3,60,Local Road,40-49,Other injury,Bicyclists
T20180002901,2/14/2018,16:35:00,1,Collision with vehicle,4,Wednesday,129,OTHER OPPOSING MANOEUVRES NOT INCLUDED IN DCAs 120-125.,1,46469,2,0,0,1,1,2,2,4,Multiple intersection,3,50,Local Road,26-29,Other injury,Bicyclists
T20180002905,2/15/2018,7:25:00,1,Collision with vehicle,5,Thursday,110,CROSS TRAFFIC(INTERSECTIONS ONLY),1,327303,2,0,1,0,1,2,1,1,Cross intersection,2,70,Arterial Highway,22-25,Serious injury,Bicyclists
T20180002916,1/24/2018,8:50:00,1,Collision with vehicle,4,Wednesday,116,LEFT NEAR (INTERSECTIONS ONLY),1,66363,2,0,1,0,1,2,2,2,T intersection,2,60,Arterial Other,30-39,Serious injury,Bicyclists
T20180002955,2/15/2018,7:25:00,1,Collision with vehicle,5,Thursday,121,RIGHT THROUGH,1,45231,2,0,0,1,1,2,1,2,T intersection,3,60,Arterial Other,26-29,Other injury,Bicyclists
T20180002972,2/15/2018,23:45:00,6,Vehicle overturned (no collision),5,Thursday,174,OUT OF CONTROL ON CARRIAGEWAY (ON STRAIGHT),3,29423,1,0,1,0,0,1,1,1,Cross intersection,2,40,Local Road,26-29,Serious injury,Bicyclists