ACCIDENT_NO,ACCIDENT_DATE,ACCIDENT_TIME,ACCIDENT_TYPE,ACCIDENT_TYPE_DESC,DAY_OF_WEEK,DAY_WEEK_DESC,DCA_CODE,DCA_DESC,LIGHT_CONDITION,NODE_ID,NO_OF_VEHICLES,NO_PERSONS_KILLED,NO_PERSONS_INJ_2,NO_PERSONS_INJ_3,NO_PERSONS_NOT_INJ,NO_PERSONS,POLICE_ATTEND,ROAD_GEOMETRY,ROAD_GEOMETRY_DESC,SEVERITY,SPEED_ZONE,RMA,AGE_GROUP,INJ_LEVEL,ROAD_USER_TYPE_DESC
T20180003028,2/13/2018,8:00:00,1,Collision with vehicle,3,Tuesday,137,LEFT TURN SIDESWIPE,1,35709,2,0,0,1,1,2,2,2,T intersection,3,40,Arterial Other,22-25,Other injury,Bicyclists
T20180003062,2/17/2018,8:00:00,1,Collision with vehicle,7,Saturday,133,LANE SIDE SWIPE (VEHICLES IN PARALLEL LANES),1,327177,3,0,0,1,2,3,1,5,Not at intersection,3,40,Arterial Highway,50-59,Other injury,Bicyclists
T20180003066,2/17/2018,13:10:00,1,Collision with vehicle,6,Saturday,119,OTHER ADJACENT (INTERSECTIONS ONLY),1,265911,2,0,1,0,1,2,1,2,T intersection,2,60,Arterial Other,26-29,Serious injury,Bicyclists
T20180003075,2/17/2018,7:46:00,1,Collision with vehicle,7,Saturday,130,REAR END(VEHICLES IN SAME LANE),1,327195,4,0,1,0,2,3,1,5,Not at intersection,2,50,Local Road,30-39,Serious injury,Bicyclists
T20180003081,2/17/2018,13:30:00,1,Collision with vehicle,7,Saturday,130,REAR END(VEHICLES IN SAME LANE),1,29468,2,0,0,1,1,2,2,1,Cross intersection,3,60,Arterial Highway,26-29,Other injury,Bicyclists
T20180003105,2/15/2018,9:00:00,1,Collision with vehicle,4,Thursday,135,LANE CHANGE LEFT (NOT OVERTAKING),1,328436,2,0,0,1,1,2,2,5,Not at intersection,3,40,Local Road,40-49,Other injury,Bicyclists
T20180003107,2/18/2018,7:00:00,1,Collision with vehicle,1,Sunday,133,LANE SIDE SWIPE (VEHICLES IN PARALLEL LANES),1,330392,2,0,1,0,1,2,1,5,Not at intersection,2,80,Arterial Highway,50-59,Serious injury,Bicyclists
T20180003110,2/18/2018,9:15:00,2,Struck Pedestrian,1,Sunday,102,FAR SIDE. PED HIT BY VEHICLE FROM THE LEFT,1,330862,1,0,1,1,0,2,1,5,Not at intersection,2,60,Arterial Other,40-49,Other injury,Bicyclists
T20180003125,2/17/2018,22:50:00,1,Collision with vehicle,7,Saturday,160,VEHICLE COLLIDES WITH VEHICLE PARKED ON LEFT OF ROAD,3,327650,2,0,1,0,0,1,1,5,Not at intersection,2,50,Local Road,40-49,Serious injury,Bicyclists
T20180003138,2/16/2018,17:45:00,1,Collision with vehicle,5,Friday,137,LEFT TURN SIDESWIPE,1,39521,2,0,0,1,1,2,2,1,Cross intersection,3,70,Arterial Highway,50-59,Other injury,Bicyclists
T20180003172,2/19/2018,8:10:00,1,Collision with vehicle,2,Monday,137,LEFT TURN SIDESWIPE,1,37570,2,0,1,0,1,2,1,4,Multiple intersection,2,50,Local Road,50-59,Serious injury,Bicyclists
T20180003187,2/16/2018,12:40:00,1,Collision with vehicle,6,Friday,110,CROSS TRAFFIC(INTERSECTIONS ONLY),1,41399,2,0,1,0,1,2,1,1,Cross intersection,2,50,Local Road,40-49,Serious injury,Bicyclists
T20180003192,2/19/2018,9:18:00,1,Collision with vehicle,1,Monday,134,LANE CHANGE RIGHT (NOT OVERTAKING),1,359631,2,0,1,0,1,2,1,5,Not at intersection,2,40,Local Road,22-25,Serious injury,Bicyclists
T20180003197,2/19/2018,9:30:00,1,Collision with vehicle,2,Monday,163,VEHICLE STRIKES DOOR OF PARKED/STATIONARY VEHICLE,1,327402,2,0,1,0,2,3,1,5,Not at intersection,2,50,Local Road,30-39,Serious injury,Bicyclists
T20180003201,2/9/2018,20:30:00,1,Collision with vehicle,6,Friday,110,CROSS TRAFFIC(INTERSECTIONS ONLY),2,53234,2,0,1,0,1,2,2,1,Cross intersection,2,40,Local Road,30-39,Serious injury,Bicyclists
T20180003223,2/19/2018,17:00:00,1,Collision with vehicle,2,Monday,110,CROSS TRAFFIC(INTERSECTIONS ONLY),1,327264,2,0,0,1,1,2,1,1,Cross intersection,3,60,Local Road,18-21,Other injury,Bicyclists
T20180003232,2/2/2018,10:20:00,1,Collision with vehicle,6,Friday,133,LANE SIDE SWIPE (VEHICLES IN PARALLEL LANES),9,332479,2,0,1,0,1,2,2,5,Not at intersection,2,50,Arterial Other,22-25,Serious injury,Bicyclists
T20180003239,2/20/2018,6:45:00,1,Collision with vehicle,3,Tuesday,121,RIGHT THROUGH,1,29596,2,0,1,0,1,2,1,1,Cross intersection,2,40,Arterial Other,26-29,Serious injury,Bicyclists
T20180003243,2/17/2018,10:30:00,1,Collision with vehicle,7,Saturday,135,LANE CHANGE LEFT (NOT OVERTAKING),1,36494,2,0,0,1,2,3,2,1,Cross intersection,3,999,Local Road,26-29,Other injury,Bicyclists
T20180003247,2/20/2018,8:45:00,1,Collision with vehicle,3,Tuesday,142,LEAVING PARKING,1,327293,3,0,0,1,1,2,1,5,Not at intersection,3,40,Local Road,40-49,Other injury,Bicyclists
T20180003252,2/20/2018,10:12:00,1,Collision with vehicle,3,Tuesday,148,VEHICLE OFF FOOTPATH STRIKES VEH ON CARRIAGEWAY,1,57865,2,0,1,0,1,2,1,4,Multiple intersection,2,80,Uknown,65-69,Serious injury,Bicyclists
T20180003277,2/13/2018,18:30:00,1,Collision with vehicle,3,Tuesday,137,LEFT TURN SIDESWIPE,9,55168,2,0,0,1,1,2,2,1,Cross intersection,3,999,Local Road,26-29,Other injury,Bicyclists
T20180003283,2/20/2018,16:30:00,1,Collision with vehicle,3,Tuesday,113,RIGHT NEAR (INTERSECTIONS ONLY),1,3708,2,0,1,0,1,2,1,2,T intersection,2,60,Arterial Highway,50-59,Serious injury,Bicyclists
T20180003297,2/20/2018,17:00:00,1,Collision with vehicle,3,Tuesday,137,LEFT TURN SIDESWIPE,9,327410,2,0,0,1,1,2,2,4,Multiple intersection,3,999,Freeway,50-59,Other injury,Bicyclists
T20180003305,2/19/2018,18:00:00,1,Collision with vehicle,2,Monday,113,RIGHT NEAR (INTERSECTIONS ONLY),1,38865,2,0,0,1,1,2,2,2,T intersection,3,40,Arterial Other,22-25,Other injury,Bicyclists
T20180003338,2/21/2018,9:55:00,1,Collision with vehicle,4,Wednesday,130,REAR END(VEHICLES IN SAME LANE),1,35626,2,0,1,0,1,2,1,1,Cross intersection,2,60,Arterial Highway,40-49,Serious injury,Bicyclists
T20180003371,2/21/2018,18:35:00,1,Collision with vehicle,4,Wednesday,121,RIGHT THROUGH,1,258507,2,0,0,1,1,2,1,2,T intersection,3,40,Local Road,26-29,Other injury,Bicyclists
T20180003372,2/21/2018,18:31:00,6,Vehicle overturned (no collision),4,Wednesday,174,OUT OF CONTROL ON CARRIAGEWAY (ON STRAIGHT),1,464,2,0,1,1,0,2,1,2,T intersection,2,60,Local Road,65-69,Serious injury,Bicyclists
T20180003402,2/22/2018,8:30:00,1,Collision with vehicle,5,Thursday,137,LEFT TURN SIDESWIPE,1,327463,2,0,0,1,1,2,2,2,T intersection,3,40,Local Road,26-29,Other injury,Bicyclists
T20180003404,2/22/2018,8:44:00,1,Collision with vehicle,4,Thursday,147,VEHICLE STRIKES ANOTHER VEH WHILE EMERGING FROM DRIVEWAY,1,328270,2,0,0,1,0,1,2,5,Not at intersection,3,60,Arterial Highway,13-15,Other injury,Bicyclists
T20180003411,2/22/2018,6:27:00,1,Collision with vehicle,5,Thursday,110,CROSS TRAFFIC(INTERSECTIONS ONLY),2,68279,2,0,1,0,1,2,1,1,Cross intersection,2,50,Local Road,26-29,Serious injury,Bicyclists
T20180003441,2/19/2018,18:30:00,1,Collision with vehicle,2,Monday,121,RIGHT THROUGH,1,36604,2,0,0,1,1,2,2,1,Cross intersection,3,40,Local Road,26-29,Other injury,Bicyclists
T20180003449,2/22/2018,17:25:00,1,Collision with vehicle,5,Thursday,110,CROSS TRAFFIC(INTERSECTIONS ONLY),1,63961,2,0,1,0,1,2,1,1,Cross intersection,2,50,Local Road,70+,Serious injury,Bicyclists
T20180003486,2/23/2018,9:18:00,1,Collision with vehicle,6,Friday,163,VEHICLE STRIKES DOOR OF PARKED/STATIONARY VEHICLE,1,327404,2,0,1,0,1,2,1,5,Not at intersection,2,40,Arterial Other,50-59,Serious injury,Bicyclists
T20180003519,2/23/2018,8:30:00,1,Collision with vehicle,6,Friday,148,VEHICLE OFF FOOTPATH STRIKES VEH ON CARRIAGEWAY,1,37855,2,0,0,1,0,1,2,1,Cross intersection,3,60,Arterial Highway,45424,Other injury,Bicyclists
T20180003536,2/23/2018,16:12:00,1,Collision with vehicle,5,Friday,147,VEHICLE STRIKES ANOTHER VEH WHILE EMERGING FROM DRIVEWAY,1,327523,2,0,1,0,1,2,1,5,Not at intersection,2,50,Local Road,13-15,Serious injury,Bicyclists
T20180003570,2/24/2018,9:40:00,1,Collision with vehicle,7,Saturday,121,RIGHT THROUGH,1,41389,3,0,1,0,2,3,1,2,T intersection,2,60,Arterial Highway,50-59,Serious injury,Bicyclists
T20180003574,2/23/2018,18:30:00,1,Collision with vehicle,6,Friday,113,RIGHT NEAR (INTERSECTIONS ONLY),9,45873,2,0,0,1,1,2,2,1,Cross intersection,3,999,Arterial Other,30-39,Other injury,Bicyclists
T20180003578,2/21/2018,17:25:00,1,Collision with vehicle,4,Wednesday,121,RIGHT THROUGH,1,327561,2,0,0,1,2,3,1,5,Not at intersection,3,60,Local Road,30-39,Other injury,Bicyclists
T20180003589,2/23/2018,16:30:00,1,Collision with vehicle,6,Friday,121,RIGHT THROUGH,1,41921,2,0,1,0,1,2,1,2,T intersection,2,80,Arterial Highway,40-49,Serious injury,Bicyclists
T20180003591,2/24/2018,14:30:00,2,Struck Pedestrian,7,Saturday,101,PED EMERGES FROM IN FRONT OF PARKED OR STATIONARY VEHICLE,1,328629,1,0,0,2,0,2,1,5,Not at intersection,3,60,Arterial Highway,22-25,Other injury,Bicyclists
T20180003663,2/4/2018,11:30:00,1,Collision with vehicle,1,Sunday,142,LEAVING PARKING,1,327416,2,0,0,1,0,1,2,5,Not at intersection,3,50,Local Road,60-64,Other injury,Bicyclists
T20180003688,2/26/2018,6:20:00,1,Collision with vehicle,2,Monday,113,RIGHT NEAR (INTERSECTIONS ONLY),2,50184,2,0,1,0,1,2,1,2,T intersection,2,60,Uknown,70+,Serious injury,Bicyclists
T20180003702,2/26/2018,7:15:00,1,Collision with vehicle,2,Monday,102,FAR SIDE. PED HIT BY VEHICLE FROM THE LEFT,1,327484,2,0,1,0,1,2,1,2,T intersection,2,70,Arterial Highway,18-21,Serious injury,Bicyclists
T20180003703,2/26/2018,8:00:00,1,Collision with vehicle,2,Monday,148,VEHICLE OFF FOOTPATH STRIKES VEH ON CARRIAGEWAY,1,54444,2,0,0,1,1,2,1,2,T intersection,3,60,Arterial Other,13-15,Other injury,Bicyclists
T20180003716,2/26/2018,14:43:00,1,Collision with vehicle,2,Monday,130,REAR END(VEHICLES IN SAME LANE),1,327481,2,0,0,1,1,2,1,5,Not at intersection,3,60,Arterial Other,50-59,Other injury,Bicyclists
T20180003717,2/19/2018,8:15:00,1,Collision with vehicle,2,Monday,110,CROSS TRAFFIC(INTERSECTIONS ONLY),1,52384,2,0,0,1,1,2,2,1,Cross intersection,3,50,Local Road,50-59,Other injury,Bicyclists
T20180003718,2/26/2018,8:45:00,1,Collision with vehicle,2,Monday,140,U TURN,1,327478,2,0,1,0,1,2,1,5,Not at intersection,2,40,Local Road,40-49,Serious injury,Bicyclists
T20180003756,2/26/2018,17:10:00,1,Collision with vehicle,2,Monday,163,VEHICLE STRIKES DOOR OF PARKED/STATIONARY VEHICLE,1,327555,2,0,0,1,1,2,2,5,Not at intersection,3,60,Arterial Other,40-49,Other injury,Bicyclists
T20180003760,2/25/2018,9:30:00,1,Collision with vehicle,1,Sunday,160,VEHICLE COLLIDES WITH VEHICLE PARKED ON LEFT OF ROAD,1,327552,2,0,1,0,0,1,1,5,Not at intersection,2,50,Uknown,50-59,Serious injury,Bicyclists
T20180003767,2/27/2018,7:00:00,1,Collision with vehicle,3,Tuesday,113,RIGHT NEAR (INTERSECTIONS ONLY),1,328063,2,0,0,1,1,2,1,1,Cross intersection,3,999,Local Road,50-59,Other injury,Bicyclists
T20180003780,2/27/2018,11:00:00,1,Collision with vehicle,2,Tuesday,133,LANE SIDE SWIPE (VEHICLES IN PARALLEL LANES),1,327891,2,0,0,1,1,2,1,5,Not at intersection,3,60,Local Road,65-69,Other injury,Bicyclists
T20180003784,2/26/2018,17:45:00,1,Collision with vehicle,2,Monday,163,VEHICLE STRIKES DOOR OF PARKED/STATIONARY VEHICLE,1,329078,3,0,0,1,1,2,2,5,Not at intersection,3,60,Arterial Other,30-39,Other injury,Bicyclists
T20180003795,2/27/2018,16:00:00,1,Collision with vehicle,3,Tuesday,121,RIGHT THROUGH,1,37459,2,0,1,0,1,2,1,2,T intersection,2,60,Arterial Other,50-59,Serious injury,Bicyclists
T20180003802,2/27/2018,7:45:00,1,Collision with vehicle,3,Tuesday,119,OTHER ADJACENT (INTERSECTIONS ONLY),1,327521,2,0,1,0,0,1,2,2,T intersection,2,50,Local Road,30-39,Serious injury,Bicyclists
T20180003804,2/27/2018,17:15:00,1,Collision with vehicle,3,Tuesday,121,RIGHT THROUGH,1,36628,2,0,1,0,2,3,1,2,T intersection,2,40,Local Road,22-25,Serious injury,Bicyclists
T20180003812,2/27/2018,18:25:00,1,Collision with vehicle,3,Tuesday,137,LEFT TURN SIDESWIPE,1,327700,2,0,1,0,1,2,1,5,Not at intersection,2,40,Local Road,26-29,Serious injury,Bicyclists
T20180003813,2/27/2018,17:20:00,1,Collision with vehicle,3,Tuesday,116,LEFT NEAR (INTERSECTIONS ONLY),1,19695,2,0,0,1,1,2,1,2,T intersection,3,80,Arterial Highway,40-49,Other injury,Bicyclists
T20180003820,2/27/2018,15:47:00,1,Collision with vehicle,3,Tuesday,147,VEHICLE STRIKES ANOTHER VEH WHILE EMERGING FROM DRIVEWAY,1,327699,2,0,0,1,1,2,1,5,Not at intersection,3,50,Uknown,13-15,Other injury,Bicyclists
T20180003836,2/28/2018,8:34:00,1,Collision with vehicle,4,Wednesday,148,VEHICLE OFF FOOTPATH STRIKES VEH ON CARRIAGEWAY,1,49372,2,0,0,1,1,2,1,2,T intersection,3,60,Local Road,Unknown,Other injury,Bicyclists
T20180003837,2/26/2018,17:00:00,1,Collision with vehicle,2,Monday,111,RIGHT FAR (INTERSECTIONS ONLY),9,327645,2,0,1,0,1,2,2,1,Cross intersection,2,50,Local Road,40-49,Serious injury,Bicyclists
T20180003882,2/28/2018,11:45:00,1,Collision with vehicle,4,Wednesday,163,VEHICLE STRIKES DOOR OF PARKED/STATIONARY VEHICLE,1,332162,2,0,0,1,1,2,2,5,Not at intersection,3,60,Local Road,18-21,Other injury,Bicyclists
T20180003916,2/27/2018,19:00:00,1,Collision with vehicle,3,Tuesday,140,U TURN,1,329131,2,0,0,1,1,2,2,5,Not at intersection,3,40,Local Road,30-39,Other injury,Bicyclists
T20180003917,3/1/2018,9:17:00,1,Collision with vehicle,5,Thursday,121,RIGHT THROUGH,1,57764,2,0,0,1,1,2,1,2,T intersection,3,60,Local Road,30-39,Other injury,Bicyclists
T20180003921,2/26/2018,11:00:00,1,Collision with vehicle,1,Monday,142,LEAVING PARKING,1,331831,2,0,0,1,1,2,1,5,Not at intersection,3,999,Local Road,26-29,Other injury,Bicyclists
T20180003927,2/27/2018,19:30:00,2,Struck Pedestrian,3,Tuesday,100,PED NEAR SIDE. PED HIT BY VEHICLE FROM THE RIGHT.,1,328130,1,0,0,2,0,2,2,5,Not at intersection,3,40,Local Road,Unknown,Other injury,Bicyclists
T20180003939,3/1/2018,11:50:00,8,No collision and no object struck,5,Thursday,174,OUT OF CONTROL ON CARRIAGEWAY (ON STRAIGHT),1,329143,1,0,0,1,0,1,1,5,Not at intersection,3,60,Local Road,30-39,Other injury,Bicyclists
T20180003965,3/1/2018,21:50:00,1,Collision with vehicle,4,Thursday,130,REAR END(VEHICLES IN SAME LANE),3,36037,2,0,0,1,1,2,1,1,Cross intersection,3,60,Local Road,22-25,Other injury,Bicyclists
T20180003976,3/2/2018,5:30:00,1,Collision with vehicle,6,Friday,160,VEHICLE COLLIDES WITH VEHICLE PARKED ON LEFT OF ROAD,3,53071,2,0,0,1,0,1,1,2,T intersection,3,60,Local Road,60-64,Other injury,Bicyclists
T20180003978,3/1/2018,8:25:00,1,Collision with vehicle,5,Thursday,148,VEHICLE OFF FOOTPATH STRIKES VEH ON CARRIAGEWAY,1,43909,2,0,0,1,1,2,1,1,Cross intersection,3,60,Uknown,45424,Other injury,Bicyclists
T20180003983,2/28/2018,17:50:00,1,Collision with vehicle,3,Wednesday,110,CROSS TRAFFIC(INTERSECTIONS ONLY),1,64562,2,0,0,1,1,2,2,1,Cross intersection,3,40,Local Road,26-29,Other injury,Bicyclists
T20180003987,3/2/2018,9:00:00,1,Collision with vehicle,6,Friday,148,VEHICLE OFF FOOTPATH STRIKES VEH ON CARRIAGEWAY,1,327698,2,0,0,1,1,2,1,2,T intersection,3,50,Local Road,45424,Other injury,Bicyclists
T20180004005,2/26/2018,8:50:00,8,No collision and no object struck,2,Monday,179,OTHER ACCIDENTS-OFF STRAIGHT NOT INCLUDED IN DCAs 170-175,1,249,2,0,1,0,1,2,1,1,Cross intersection,2,60,Freeway,40-49,Serious injury,Bicyclists
T20180004025,2/28/2018,6:45:00,1,Collision with vehicle,4,Wednesday,130,REAR END(VEHICLES IN SAME LANE),2,40058,2,0,0,2,0,2,2,2,T intersection,3,60,Arterial Other,22-25,Other injury,Bicyclists
T20180004030,3/2/2018,19:00:00,1,Collision with vehicle,6,Friday,121,RIGHT THROUGH,2,397,2,0,0,1,2,3,1,2,T intersection,3,40,Arterial Other,30-39,Other injury,Bicyclists
T20180004038,3/2/2018,21:30:00,1,Collision with vehicle,6,Friday,142,LEAVING PARKING,9,331822,2,0,0,1,0,1,2,5,Not at intersection,3,40,Local Road,22-25,Other injury,Bicyclists
T20180004056,3/3/2018,6:08:00,1,Collision with vehicle,7,Saturday,133,LANE SIDE SWIPE (VEHICLES IN PARALLEL LANES),3,328482,2,0,1,0,0,1,1,5,Not at intersection,2,70,Arterial Highway,50-59,Serious injury,Bicyclists
T20180004058,3/3/2018,8:10:00,1,Collision with vehicle,7,Saturday,130,REAR END(VEHICLES IN SAME LANE),1,327702,2,0,1,0,1,2,1,5,Not at intersection,2,100,Local Road,40-49,Serious injury,Bicyclists
T20180004072,3/3/2018,11:00:00,1,Collision with vehicle,7,Saturday,163,VEHICLE STRIKES DOOR OF PARKED/STATIONARY VEHICLE,1,327793,2,0,0,1,1,2,1,5,Not at intersection,3,60,Arterial Highway,60-64,Other injury,Bicyclists
T20180004100,3/3/2018,11:45:00,1,Collision with vehicle,7,Saturday,120,HEAD ON (NOT OVERTAKING),1,327895,2,0,1,0,1,2,2,5,Not at intersection,2,50,Local Road,13-15,Serious injury,Bicyclists
T20180004131,3/4/2018,8:00:00,8,No collision and no object struck,1,Sunday,174,OUT OF CONTROL ON CARRIAGEWAY (ON STRAIGHT),1,327750,1,0,1,0,0,1,1,5,Not at intersection,2,70,Uknown,60-64,Serious injury,Bicyclists
T20180004133,3/4/2018,9:06:00,1,Collision with vehicle,0,Sunday,121,RIGHT THROUGH,1,44469,2,0,0,1,0,1,1,1,Cross intersection,3,60,Arterial Other,50-59,Other injury,Bicyclists
T20180004153,3/4/2018,10:56:00,1,Collision with vehicle,1,Sunday,113,RIGHT NEAR (INTERSECTIONS ONLY),1,36222,2,0,1,0,1,2,1,1,Cross intersection,2,60,Arterial Other,26-29,Serious injury,Bicyclists
T20180004163,3/4/2018,17:00:00,1,Collision with vehicle,1,Sunday,148,VEHICLE OFF FOOTPATH STRIKES VEH ON CARRIAGEWAY,1,327748,2,0,0,1,0,1,2,1,Cross intersection,3,50,Uknown,13-15,Other injury,Bicyclists
T20180004183,3/5/2018,6:30:00,1,Collision with vehicle,2,Monday,131,LEFT REAR,1,29533,2,0,1,0,1,2,1,2,T intersection,2,60,Arterial Other,40-49,Serious injury,Bicyclists
T20180004191,3/5/2018,8:51:00,1,Collision with vehicle,2,Monday,160,VEHICLE COLLIDES WITH VEHICLE PARKED ON LEFT OF ROAD,1,328228,2,0,1,0,1,2,1,5,Not at intersection,2,60,Arterial Highway,65-69,Serious injury,Bicyclists
T20180004194,3/5/2018,8:20:00,1,Collision with vehicle,2,Monday,148,VEHICLE OFF FOOTPATH STRIKES VEH ON CARRIAGEWAY,1,38815,2,0,1,0,1,2,1,2,T intersection,2,50,Arterial Other,40-49,Serious injury,Bicyclists
T20180004195,3/5/2018,8:38:00,1,Collision with vehicle,2,Monday,149,OTHER MANOEUVRING NOT INCLUDED IN DCAs 140-148,1,299726,2,0,0,1,1,2,1,4,Multiple intersection,3,80,Freeway,30-39,Other injury,Bicyclists
T20180004200,3/5/2018,11:45:00,1,Collision with vehicle,2,Monday,110,CROSS TRAFFIC(INTERSECTIONS ONLY),1,52154,2,0,0,1,1,2,1,1,Cross intersection,3,50,Local Road,30-39,Other injury,Bicyclists
T20180004219,3/5/2018,15:55:00,1,Collision with vehicle,2,Monday,139,OTHER SAME DIRECTION-MANOUEVRES NOT INCLUDED IN DCAs 130-137,1,38811,2,0,1,0,1,2,1,1,Cross intersection,2,60,Arterial Highway,40-49,Serious injury,Bicyclists
T20180004260,3/6/2018,7:20:00,1,Collision with vehicle,3,Tuesday,110,CROSS TRAFFIC(INTERSECTIONS ONLY),1,42143,2,0,0,1,1,2,1,1,Cross intersection,3,60,Local Road,50-59,Other injury,Bicyclists
T20180004269,3/6/2018,8:58:00,1,Collision with vehicle,3,Tuesday,110,CROSS TRAFFIC(INTERSECTIONS ONLY),1,29360,2,0,0,1,1,2,2,1,Cross intersection,3,40,Local Road,45424,Other injury,Bicyclists
T20180004284,3/6/2018,8:30:00,2,Struck Pedestrian,2,Tuesday,108,PED STRUCK WALKING TO/FROM OR BOARDING/ALIGHTING VEHICLE.,1,327901,2,0,0,2,1,3,2,5,Not at intersection,3,50,Arterial Other,40-49,Other injury,Bicyclists
T20180004288,3/6/2018,9:10:00,1,Collision with vehicle,3,Tuesday,148,VEHICLE OFF FOOTPATH STRIKES VEH ON CARRIAGEWAY,1,36335,2,0,1,0,1,2,1,1,Cross intersection,2,60,Arterial Other,30-39,Serious injury,Bicyclists
T20180004320,3/6/2018,19:04:00,1,Collision with vehicle,3,Tuesday,121,RIGHT THROUGH,1,40239,2,0,1,0,1,2,1,1,Cross intersection,2,60,Local Road,30-39,Serious injury,Bicyclists
T20180004338,3/7/2018,0:28:00,1,Collision with vehicle,4,Wednesday,130,REAR END(VEHICLES IN SAME LANE),6,327884,2,0,0,1,0,1,1,1,Cross intersection,3,999,Local Road,26-29,Other injury,Bicyclists
T20180004341,3/7/2018,5:25:00,1,Collision with vehicle,4,Wednesday,130,REAR END(VEHICLES IN SAME LANE),3,36180,2,0,2,0,0,2,1,2,T intersection,2,60,Uknown,60-64,Serious injury,Bicyclists
T20180004349,3/7/2018,7:24:00,1,Collision with vehicle,4,Wednesday,148,VEHICLE OFF FOOTPATH STRIKES VEH ON CARRIAGEWAY,1,329872,2,0,1,0,1,2,1,1,Cross intersection,2,60,Arterial Other,30-39,Serious injury,Bicyclists
T20180004353,2/28/2018,9:30:00,1,Collision with vehicle,4,Wednesday,137,LEFT TURN SIDESWIPE,1,67820,2,0,0,1,1,2,2,2,T intersection,3,60,Local Road,18-21,Other injury,Bicyclists
T20180004371,3/7/2018,13:25:00,1,Collision with vehicle,4,Wednesday,110,CROSS TRAFFIC(INTERSECTIONS ONLY),1,44415,2,0,0,1,1,2,1,1,Cross intersection,3,60,Local Road,40-49,Other injury,Bicyclists
T20180004404,3/7/2018,18:45:00,1,Collision with vehicle,4,Wednesday,121,RIGHT THROUGH,1,36899,2,0,1,0,1,2,1,2,T intersection,2,60,Arterial Other,26-29,Serious injury,Bicyclists
T20180004408,3/5/2018,17:15:00,1,Collision with vehicle,2,Monday,139,OTHER SAME DIRECTION-MANOUEVRES NOT INCLUDED IN DCAs 130-137,1,40127,3,0,1,0,2,3,2,5,Not at intersection,2,40,Local Road,30-39,Serious injury,Bicyclists
T20180004414,3/7/2018,15:29:00,1,Collision with vehicle,3,Wednesday,148,VEHICLE OFF FOOTPATH STRIKES VEH ON CARRIAGEWAY,1,327894,2,0,0,1,1,2,1,5,Not at intersection,3,50,Local Road,45424,Other injury,Bicyclists
T20180004441,2/5/2018,11:00:00,4,Collision with a fixed object,2,Monday,173,RIGHT OFF CARRIAGEWAY INTO OBJECT/PARKED VEHICLE,1,328704,1,1,0,0,0,1,2,2,T intersection,1,999,Local Road,40-49,Fatality,Bicyclists
T20180004482,3/8/2018,18:20:00,1,Collision with vehicle,4,Thursday,163,VEHICLE STRIKES DOOR OF PARKED/STATIONARY VEHICLE,1,327924,2,0,0,1,1,2,1,5,Not at intersection,3,40,Local Road,30-39,Other injury,Bicyclists
T20180004485,3/8/2018,16:15:00,1,Collision with vehicle,4,Thursday,148,VEHICLE OFF FOOTPATH STRIKES VEH ON CARRIAGEWAY,1,328117,2,0,0,1,1,2,1,5,Not at intersection,3,50,Local Road,45424,Other injury,Bicyclists
T20180004493,3/8/2018,16:00:00,1,Collision with vehicle,5,Thursday,130,REAR END(VEHICLES IN SAME LANE),1,221483,2,0,1,0,0,1,1,2,T intersection,2,70,Arterial Other,50-59,Serious injury,Bicyclists
T20180004509,3/2/2018,8:50:00,1,Collision with vehicle,6,Friday,130,REAR END(VEHICLES IN SAME LANE),1,337932,2,0,0,1,1,2,1,5,Not at intersection,3,40,Uknown,30-39,Other injury,Bicyclists
T20180004514,3/8/2018,10:35:00,1,Collision with vehicle,4,Thursday,142,LEAVING PARKING,1,328026,2,0,1,0,1,2,1,5,Not at intersection,2,60,Arterial Other,26-29,Serious injury,Bicyclists
T20180004516,3/9/2018,8:00:00,2,Struck Pedestrian,6,Friday,101,PED EMERGES FROM IN FRONT OF PARKED OR STATIONARY VEHICLE,1,36392,1,0,0,2,0,2,1,2,T intersection,3,40,Local Road,40-49,Other injury,Bicyclists
T20180004543,3/9/2018,9:23:00,1,Collision with vehicle,6,Friday,147,VEHICLE STRIKES ANOTHER VEH WHILE EMERGING FROM DRIVEWAY,1,328156,2,0,1,0,1,2,1,5,Not at intersection,2,60,Arterial Other,18-21,Serious injury,Bicyclists
T20180004562,2/13/2018,15:25:00,1,Collision with vehicle,2,Tuesday,116,LEFT NEAR (INTERSECTIONS ONLY),1,64810,2,0,0,1,2,3,2,1,Cross intersection,3,60,Local Road,18-21,Other injury,Bicyclists
T20180004570,3/9/2018,18:38:00,1,Collision with vehicle,6,Friday,163,VEHICLE STRIKES DOOR OF PARKED/STATIONARY VEHICLE,2,328197,2,0,0,1,1,2,1,5,Not at intersection,3,50,Local Road,26-29,Other injury,Bicyclists
T20180004609,3/7/2018,14:12:00,1,Collision with vehicle,4,Wednesday,148,VEHICLE OFF FOOTPATH STRIKES VEH ON CARRIAGEWAY,9,322192,2,0,0,1,1,2,2,2,T intersection,3,999,Uknown,16-17,Other injury,Bicyclists
T20180004623,3/10/2018,9:45:00,1,Collision with vehicle,7,Saturday,121,RIGHT THROUGH,1,38326,3,0,0,1,2,3,1,1,Cross intersection,3,60,Arterial Other,40-49,Other injury,Bicyclists
T20180004654,3/10/2018,20:15:00,1,Collision with vehicle,6,Saturday,121,RIGHT THROUGH,3,36567,2,0,0,1,1,2,1,2,T intersection,3,40,Local Road,22-25,Other injury,Bicyclists