ACCIDENT_NO,ACCIDENT_DATE,ACCIDENT_TIME,ACCIDENT_TYPE,ACCIDENT_TYPE_DESC,DAY_OF_WEEK,DAY_WEEK_DESC,DCA_CODE,DCA_DESC,LIGHT_CONDITION,NODE_ID,NO_OF_VEHICLES,NO_PERSONS_KILLED,NO_PERSONS_INJ_2,NO_PERSONS_INJ_3,NO_PERSONS_NOT_INJ,NO_PERSONS,POLICE_ATTEND,ROAD_GEOMETRY,ROAD_GEOMETRY_DESC,SEVERITY,SPEED_ZONE,RMA,AGE_GROUP,INJ_LEVEL,ROAD_USER_TYPE_DESC
T20180004656,3/10/2018,21:00:00,1,Collision with vehicle,6,Saturday,133,LANE SIDE SWIPE (VEHICLES IN PARALLEL LANES),5,328221,2,0,0,1,2,3,1,5,Not at intersection,3,100,Arterial Other,60-64,Other injury,Bicyclists
T20180004679,3/11/2018,9:00:00,1,Collision with vehicle,1,Sunday,159,OTHER OVERTAKING MANOEUVRES NOT INCLUDED IN DCAs 150-154,1,328020,2,0,1,1,0,2,1,5,Not at intersection,2,60,Arterial Other,30-39,Other injury,Bicyclists
T20180004688,3/11/2018,12:10:00,1,Collision with vehicle,1,Sunday,148,VEHICLE OFF FOOTPATH STRIKES VEH ON CARRIAGEWAY,1,43124,2,0,1,0,1,2,1,1,Cross intersection,2,50,Local Road,60-64,Serious injury,Bicyclists
T20180004695,3/8/2018,14:15:00,1,Collision with vehicle,5,Thursday,163,VEHICLE STRIKES DOOR OF PARKED/STATIONARY VEHICLE,9,65206,2,0,0,1,1,2,2,2,T intersection,3,999,Local Road,30-39,Other injury,Bicyclists
T20180004736,3/12/2018,11:45:00,1,Collision with vehicle,2,Monday,163,VEHICLE STRIKES DOOR OF PARKED/STATIONARY VEHICLE,1,328017,2,0,1,0,2,3,1,5,Not at intersection,2,60,Arterial Other,40-49,Serious injury,Bicyclists
T20180004740,3/8/2018,19:15:00,8,No collision and no object struck,5,Thursday,135,LANE CHANGE LEFT (NOT OVERTAKING),1,45633,2,0,0,1,1,2,2,2,T intersection,3,40,Arterial Other,40-49,Other injury,Bicyclists
T20180004777,3/13/2018,5:30:00,1,Collision with vehicle,3,Tuesday,110,CROSS TRAFFIC(INTERSECTIONS ONLY),6,39932,2,0,1,0,1,2,1,1,Cross intersection,2,80,Arterial Other,50-59,Serious injury,Bicyclists
T20180004783,3/13/2018,8:55:00,1,Collision with vehicle,2,Tuesday,110,CROSS TRAFFIC(INTERSECTIONS ONLY),1,54963,2,0,1,0,1,2,1,1,Cross intersection,2,50,Local Road,70+,Serious injury,Bicyclists
T20180004787,3/13/2018,9:47:00,1,Collision with vehicle,3,Tuesday,121,RIGHT THROUGH,1,63729,2,0,1,0,1,2,1,2,T intersection,2,50,Arterial Other,40-49,Serious injury,Bicyclists
T20180004811,3/13/2018,8:40:00,1,Collision with vehicle,3,Tuesday,116,LEFT NEAR (INTERSECTIONS ONLY),1,328154,2,0,0,1,1,2,1,2,T intersection,3,50,Local Road,45424,Other injury,Bicyclists
T20180004847,3/13/2018,16:25:00,1,Collision with vehicle,3,Tuesday,137,LEFT TURN SIDESWIPE,1,328582,2,0,0,1,1,2,1,5,Not at intersection,3,888,Arterial Highway,30-39,Other injury,Bicyclists
T20180004863,3/14/2018,7:14:00,1,Collision with vehicle,4,Wednesday,110,CROSS TRAFFIC(INTERSECTIONS ONLY),1,64501,2,0,1,0,1,2,1,1,Cross intersection,2,40,Local Road,40-49,Serious injury,Bicyclists
T20180004864,3/14/2018,6:35:00,1,Collision with vehicle,4,Wednesday,116,LEFT NEAR (INTERSECTIONS ONLY),3,39528,3,0,0,2,1,3,1,2,T intersection,3,80,Arterial Highway,40-49,Other injury,Bicyclists
T20180004880,2/21/2018,11:30:00,1,Collision with vehicle,4,Wednesday,137,LEFT TURN SIDESWIPE,1,50992,2,0,1,0,1,2,1,1,Cross intersection,2,60,Arterial Highway,16-17,Serious injury,Bicyclists
T20180004889,3/14/2018,13:30:00,1,Collision with vehicle,4,Wednesday,133,LANE SIDE SWIPE (VEHICLES IN PARALLEL LANES),1,328147,2,0,0,1,0,1,2,2,T intersection,3,999,Local Road,30-39,Other injury,Bicyclists
T20180004890,3/14/2018,8:35:00,1,Collision with vehicle,4,Wednesday,133,LANE SIDE SWIPE (VEHICLES IN PARALLEL LANES),1,328277,2,0,0,1,1,2,2,5,Not at intersection,3,999,Arterial Other,13-15,Other injury,Bicyclists
T20180004894,2/27/2018,7:10:00,1,Collision with vehicle,3,Tuesday,116,LEFT NEAR (INTERSECTIONS ONLY),1,332392,2,0,0,1,1,2,2,2,T intersection,3,999,Arterial Other,26-29,Other injury,Bicyclists
T20180004901,3/14/2018,17:39:00,2,Struck Pedestrian,4,Wednesday,102,FAR SIDE. PED HIT BY VEHICLE FROM THE LEFT,1,328168,1,0,0,1,2,3,1,5,Not at intersection,3,60,Local Road,30-39,Not injured,Bicyclists
T20180004904,3/2/2018,9:30:00,1,Collision with vehicle,6,Friday,163,VEHICLE STRIKES DOOR OF PARKED/STATIONARY VEHICLE,1,328468,2,0,0,1,1,2,2,5,Not at intersection,3,50,Local Road,26-29,Other injury,Bicyclists
T20180004911,3/14/2018,9:40:00,1,Collision with vehicle,4,Wednesday,163,VEHICLE STRIKES DOOR OF PARKED/STATIONARY VEHICLE,1,332039,2,0,0,1,1,2,2,5,Not at intersection,3,40,Local Road,40-49,Other injury,Bicyclists
T20180004922,3/2/2018,8:30:00,6,Vehicle overturned (no collision),6,Friday,179,OTHER ACCIDENTS-OFF STRAIGHT NOT INCLUDED IN DCAs 170-175,1,36500,2,0,0,1,0,1,2,1,Cross intersection,3,40,Arterial Other,40-49,Other injury,Bicyclists
T20180004930,3/14/2018,19:15:00,1,Collision with vehicle,4,Wednesday,148,VEHICLE OFF FOOTPATH STRIKES VEH ON CARRIAGEWAY,2,330652,2,0,1,0,1,2,1,5,Not at intersection,2,60,Arterial Other,45424,Serious injury,Bicyclists
T20180004943,3/5/2018,8:30:00,1,Collision with vehicle,2,Monday,121,RIGHT THROUGH,1,274104,2,0,0,1,1,2,2,2,T intersection,3,60,Local Road,16-17,Other injury,Bicyclists
T20180004945,3/13/2018,9:35:00,1,Collision with vehicle,3,Tuesday,148,VEHICLE OFF FOOTPATH STRIKES VEH ON CARRIAGEWAY,1,329460,2,0,0,1,0,1,2,5,Not at intersection,3,60,Uknown,22-25,Other injury,Bicyclists
T20180004947,3/15/2018,8:25:00,1,Collision with vehicle,5,Thursday,148,VEHICLE OFF FOOTPATH STRIKES VEH ON CARRIAGEWAY,1,52051,2,0,0,2,0,2,2,1,Cross intersection,3,40,Arterial Other,13-15,Other injury,Bicyclists
T20180004958,3/15/2018,8:51:00,1,Collision with vehicle,4,Thursday,140,U TURN,1,359910,2,0,1,0,1,2,1,5,Not at intersection,2,40,Arterial Other,30-39,Serious injury,Bicyclists
T20180004984,3/15/2018,8:15:00,1,Collision with vehicle,5,Thursday,113,RIGHT NEAR (INTERSECTIONS ONLY),1,272058,2,0,0,1,1,2,2,2,T intersection,3,50,Local Road,50-59,Other injury,Bicyclists
T20180004987,3/15/2018,16:26:00,1,Collision with vehicle,5,Thursday,121,RIGHT THROUGH,1,328253,2,0,0,1,1,2,1,5,Not at intersection,3,40,Local Road,26-29,Other injury,Bicyclists
T20180004997,3/15/2018,15:55:00,1,Collision with vehicle,5,Thursday,110,CROSS TRAFFIC(INTERSECTIONS ONLY),1,49684,2,0,1,0,1,2,1,4,Multiple intersection,2,60,Arterial Other,26-29,Serious injury,Bicyclists
T20180005024,3/15/2018,16:45:00,1,Collision with vehicle,5,Thursday,137,LEFT TURN SIDESWIPE,1,35712,2,0,1,0,1,2,2,1,Cross intersection,2,60,Arterial Other,13-15,Serious injury,Bicyclists
T20180005033,3/14/2018,15:30:00,2,Struck Pedestrian,4,Wednesday,106,VEH STRIKES PED ON FOOTPATH/MEDIAN/TRAFFIC ISLAND.,1,330032,1,0,0,1,1,2,2,5,Not at intersection,3,40,Arterial Other,16-17,Not injured,Bicyclists
T20180005086,3/15/2018,15:45:00,1,Collision with vehicle,5,Thursday,148,VEHICLE OFF FOOTPATH STRIKES VEH ON CARRIAGEWAY,1,-1,2,0,1,0,1,2,1,2,T intersection,2,60,Uknown,45424,Serious injury,Bicyclists
T20180005087,3/17/2018,7:20:00,1,Collision with vehicle,7,Saturday,163,VEHICLE STRIKES DOOR OF PARKED/STATIONARY VEHICLE,1,328248,2,0,1,0,1,2,1,5,Not at intersection,2,60,Arterial Other,40-49,Serious injury,Bicyclists
T20180005089,3/17/2018,8:30:00,1,Collision with vehicle,7,Saturday,148,VEHICLE OFF FOOTPATH STRIKES VEH ON CARRIAGEWAY,1,31588,2,0,1,0,1,2,1,2,T intersection,2,70,Arterial Highway,16-17,Serious injury,Bicyclists
T20180005095,3/16/2018,8:18:00,1,Collision with vehicle,6,Friday,139,OTHER SAME DIRECTION-MANOUEVRES NOT INCLUDED IN DCAs 130-137,1,328229,2,0,0,1,0,1,2,5,Not at intersection,3,60,Arterial Other,30-39,Other injury,Bicyclists
T20180005101,3/16/2018,17:45:00,1,Collision with vehicle,6,Friday,110,CROSS TRAFFIC(INTERSECTIONS ONLY),1,36963,2,0,0,1,1,2,2,1,Cross intersection,3,40,Local Road,30-39,Other injury,Bicyclists
T20180005123,3/17/2018,8:00:00,8,No collision and no object struck,7,Saturday,174,OUT OF CONTROL ON CARRIAGEWAY (ON STRAIGHT),1,35395,2,0,0,1,1,2,2,2,T intersection,3,60,Arterial Other,22-25,Other injury,Bicyclists
T20180005143,3/18/2018,0:40:00,1,Collision with vehicle,0,Sunday,120,HEAD ON (NOT OVERTAKING),5,332651,2,0,0,1,1,2,1,5,Not at intersection,3,40,Local Road,40-49,Other injury,Bicyclists
T20180005177,3/18/2018,20:00:00,1,Collision with vehicle,1,Sunday,147,VEHICLE STRIKES ANOTHER VEH WHILE EMERGING FROM DRIVEWAY,4,328340,2,0,1,0,1,2,1,5,Not at intersection,2,50,Local Road,45424,Serious injury,Bicyclists
T20180005186,3/19/2018,8:24:00,1,Collision with vehicle,1,Monday,118,TWO LEFT TURNING (INTERSECTIONS ONLY),1,222433,2,0,0,1,1,2,1,4,Multiple intersection,3,50,Local Road,18-21,Other injury,Bicyclists
T20180005193,3/19/2018,10:22:00,8,No collision and no object struck,1,Monday,174,OUT OF CONTROL ON CARRIAGEWAY (ON STRAIGHT),1,328283,2,0,0,2,0,2,1,5,Not at intersection,3,50,Uknown,30-39,Other injury,Bicyclists
T20180005203,3/19/2018,7:00:00,1,Collision with vehicle,2,Monday,121,RIGHT THROUGH,2,328263,2,0,0,1,1,2,1,5,Not at intersection,3,40,Local Road,26-29,Other injury,Bicyclists
T20180005215,2/20/2018,18:00:00,4,Collision with a fixed object,2,Tuesday,179,OTHER ACCIDENTS-OFF STRAIGHT NOT INCLUDED IN DCAs 170-175,1,328626,1,0,0,1,0,1,2,2,T intersection,3,60,Local Road,50-59,Other injury,Bicyclists
T20180005263,3/16/2018,7:40:00,1,Collision with vehicle,5,Friday,137,LEFT TURN SIDESWIPE,9,37198,2,0,0,1,1,2,2,2,T intersection,3,999,Arterial Other,30-39,Other injury,Bicyclists
T20180005272,3/20/2018,12:00:00,1,Collision with vehicle,3,Tuesday,143,ENTERING PARKING,1,328306,2,0,0,1,1,2,1,1,Cross intersection,3,40,Local Road,30-39,Other injury,Bicyclists
T20180005284,3/20/2018,14:33:00,1,Collision with vehicle,3,Tuesday,116,LEFT NEAR (INTERSECTIONS ONLY),1,39954,2,0,1,0,1,2,1,2,T intersection,2,50,Local Road,22-25,Serious injury,Bicyclists
T20180005291,3/20/2018,16:30:00,1,Collision with vehicle,3,Tuesday,121,RIGHT THROUGH,1,329068,2,0,1,0,1,2,1,5,Not at intersection,2,60,Local Road,30-39,Serious injury,Bicyclists
T20180005304,3/20/2018,18:10:00,1,Collision with vehicle,3,Tuesday,116,LEFT NEAR (INTERSECTIONS ONLY),1,149,2,0,0,1,1,2,2,2,T intersection,3,999,Local Road,26-29,Other injury,Bicyclists
T20180005321,3/19/2018,8:15:00,1,Collision with vehicle,2,Monday,137,LEFT TURN SIDESWIPE,1,39069,2,0,0,1,1,2,2,2,T intersection,3,60,Local Road,18-21,Other injury,Bicyclists
T20180005358,3/21/2018,17:40:00,1,Collision with vehicle,3,Wednesday,110,CROSS TRAFFIC(INTERSECTIONS ONLY),1,51092,2,0,0,1,1,2,1,1,Cross intersection,3,50,Local Road,50-59,Other injury,Bicyclists
T20180005367,3/15/2018,17:00:00,1,Collision with vehicle,4,Thursday,163,VEHICLE STRIKES DOOR OF PARKED/STATIONARY VEHICLE,1,328362,2,0,0,1,1,2,2,5,Not at intersection,3,999,Local Road,50-59,Other injury,Bicyclists
T20180005393,3/22/2018,7:55:00,1,Collision with vehicle,4,Thursday,133,LANE SIDE SWIPE (VEHICLES IN PARALLEL LANES),1,359657,2,0,0,1,1,2,1,2,T intersection,3,80,Arterial Highway,30-39,Other injury,Bicyclists
T20180005405,3/21/2018,8:00:00,1,Collision with vehicle,4,Wednesday,116,LEFT NEAR (INTERSECTIONS ONLY),1,36430,2,0,1,0,1,2,2,1,Cross intersection,2,999,Arterial Other,26-29,Serious injury,Bicyclists
T20180005413,3/20/2018,8:15:00,1,Collision with vehicle,3,Tuesday,121,RIGHT THROUGH,9,242379,2,0,0,1,1,2,2,2,T intersection,3,999,Local Road,30-39,Other injury,Bicyclists
T20180005434,3/22/2018,15:25:00,1,Collision with vehicle,4,Thursday,133,LANE SIDE SWIPE (VEHICLES IN PARALLEL LANES),1,49761,2,0,0,1,0,1,1,2,T intersection,3,60,Arterial Other,30-39,Other injury,Bicyclists
T20180005469,3/22/2018,17:40:00,1,Collision with vehicle,5,Thursday,137,LEFT TURN SIDESWIPE,1,29405,2,0,1,0,1,2,1,1,Cross intersection,2,40,Local Road,50-59,Serious injury,Bicyclists
T20180005474,3/23/2018,8:15:00,1,Collision with vehicle,6,Friday,116,LEFT NEAR (INTERSECTIONS ONLY),1,299020,2,0,1,0,1,2,1,2,T intersection,2,50,Local Road,60-64,Serious injury,Bicyclists
T20180005497,3/22/2018,17:50:00,1,Collision with vehicle,5,Thursday,135,LANE CHANGE LEFT (NOT OVERTAKING),2,339621,2,0,0,1,1,2,2,1,Cross intersection,3,60,Arterial Other,26-29,Other injury,Bicyclists
T20180005504,3/21/2018,8:15:00,1,Collision with vehicle,4,Wednesday,137,LEFT TURN SIDESWIPE,1,329247,2,0,0,1,1,2,1,2,T intersection,3,50,Local Road,30-39,Other injury,Bicyclists
T20180005518,3/20/2018,15:35:00,1,Collision with vehicle,3,Tuesday,148,VEHICLE OFF FOOTPATH STRIKES VEH ON CARRIAGEWAY,1,330259,2,0,0,1,1,2,1,2,T intersection,3,40,Local Road,45424,Other injury,Bicyclists
T20180005525,3/23/2018,18:10:00,1,Collision with vehicle,6,Friday,147,VEHICLE STRIKES ANOTHER VEH WHILE EMERGING FROM DRIVEWAY,1,329449,2,0,0,1,1,2,1,5,Not at intersection,3,50,Local Road,45424,Other injury,Bicyclists
T20180005547,3/23/2018,23:50:00,1,Collision with vehicle,6,Friday,130,REAR END(VEHICLES IN SAME LANE),3,328428,2,0,0,2,0,2,1,5,Not at intersection,3,50,Local Road,26-29,Other injury,Bicyclists
T20180005558,3/24/2018,8:50:00,1,Collision with vehicle,6,Saturday,110,CROSS TRAFFIC(INTERSECTIONS ONLY),1,52787,2,0,0,1,1,2,1,1,Cross intersection,3,60,Local Road,65-69,Other injury,Bicyclists
T20180005626,3/21/2018,16:03:00,1,Collision with vehicle,3,Wednesday,110,CROSS TRAFFIC(INTERSECTIONS ONLY),1,35364,2,0,1,0,1,2,1,1,Cross intersection,2,40,Local Road,26-29,Serious injury,Bicyclists
T20180005642,3/25/2018,9:15:00,1,Collision with vehicle,1,Sunday,130,REAR END(VEHICLES IN SAME LANE),1,329784,2,0,1,0,4,5,1,5,Not at intersection,2,999,Local Road,50-59,Serious injury,Bicyclists
T20180005686,3/23/2018,17:30:00,1,Collision with vehicle,6,Friday,163,VEHICLE STRIKES DOOR OF PARKED/STATIONARY VEHICLE,1,329229,2,0,0,1,1,2,2,5,Not at intersection,3,40,Local Road,22-25,Other injury,Bicyclists
T20180005696,3/25/2018,20:36:00,1,Collision with vehicle,1,Sunday,136,RIGHT TURN SIDESWIPE,3,37719,2,0,0,1,1,2,1,1,Cross intersection,3,40,Arterial Other,30-39,Other injury,Bicyclists
T20180005707,3/17/2018,8:45:00,1,Collision with vehicle,7,Saturday,130,REAR END(VEHICLES IN SAME LANE),1,329306,4,0,0,1,3,4,1,5,Not at intersection,3,60,Arterial Other,30-39,Not injured,Bicyclists
T20180005714,3/25/2018,9:10:00,1,Collision with vehicle,1,Sunday,148,VEHICLE OFF FOOTPATH STRIKES VEH ON CARRIAGEWAY,1,29485,2,0,0,1,1,2,1,1,Cross intersection,3,60,Arterial Highway,45424,Other injury,Bicyclists
T20180005723,3/14/2018,12:10:00,1,Collision with vehicle,3,Wednesday,148,VEHICLE OFF FOOTPATH STRIKES VEH ON CARRIAGEWAY,9,331878,2,0,0,1,1,2,2,1,Cross intersection,3,999,Local Road,40-49,Other injury,Bicyclists
T20180005798,3/27/2018,5:30:00,8,No collision and no object struck,3,Tuesday,174,OUT OF CONTROL ON CARRIAGEWAY (ON STRAIGHT),3,328871,2,0,1,0,0,1,2,1,Cross intersection,2,40,Local Road,40-49,Serious injury,Bicyclists
T20180005807,3/25/2018,10:00:00,1,Collision with vehicle,1,Sunday,110,CROSS TRAFFIC(INTERSECTIONS ONLY),1,51092,2,0,0,1,1,2,2,1,Cross intersection,3,50,Local Road,50-59,Other injury,Bicyclists
T20180005812,3/22/2018,11:50:00,1,Collision with vehicle,4,Thursday,121,RIGHT THROUGH,1,52831,2,0,0,1,1,2,2,1,Cross intersection,3,60,Arterial Other,30-39,Other injury,Bicyclists
T20180005815,2/16/2018,8:10:00,1,Collision with vehicle,5,Friday,121,RIGHT THROUGH,9,264671,2,0,0,1,1,2,2,2,T intersection,3,60,Arterial Other,30-39,Other injury,Bicyclists
T20180005827,3/27/2018,11:58:00,1,Collision with vehicle,3,Tuesday,137,LEFT TURN SIDESWIPE,1,331332,2,0,1,1,0,2,1,1,Cross intersection,2,60,Arterial Other,50-59,Serious injury,Bicyclists
T20180005838,3/27/2018,16:30:00,1,Collision with vehicle,3,Tuesday,116,LEFT NEAR (INTERSECTIONS ONLY),1,42704,2,0,0,1,1,2,1,2,T intersection,3,60,Arterial Other,30-39,Other injury,Bicyclists
T20180005848,3/17/2018,14:39:00,1,Collision with vehicle,7,Saturday,130,REAR END(VEHICLES IN SAME LANE),1,331358,2,0,1,0,0,1,1,5,Not at intersection,2,60,Arterial Other,26-29,Serious injury,Bicyclists
T20180005868,3/27/2018,17:00:00,1,Collision with vehicle,3,Tuesday,121,RIGHT THROUGH,1,40984,2,0,1,1,0,2,1,2,T intersection,2,60,Local Road,65-69,Serious injury,Bicyclists
T20180005879,3/28/2018,7:40:00,1,Collision with vehicle,4,Wednesday,110,CROSS TRAFFIC(INTERSECTIONS ONLY),1,35998,2,0,0,1,1,2,1,1,Cross intersection,3,50,Local Road,26-29,Other injury,Bicyclists
T20180005893,3/29/2017,12:58:00,1,Collision with vehicle,4,Wednesday,120,HEAD ON (NOT OVERTAKING),1,328701,2,0,0,1,0,1,1,5,Not at intersection,3,80,Uknown,50-59,Other injury,Bicyclists
T20180005897,3/20/2018,8:15:00,1,Collision with vehicle,3,Tuesday,135,LANE CHANGE LEFT (NOT OVERTAKING),1,330501,2,0,0,1,1,2,2,5,Not at intersection,3,40,Arterial Other,30-39,Other injury,Bicyclists
T20180005903,3/28/2018,9:02:00,1,Collision with vehicle,4,Wednesday,148,VEHICLE OFF FOOTPATH STRIKES VEH ON CARRIAGEWAY,1,146,2,0,1,0,1,2,1,1,Cross intersection,2,40,Arterial Highway,65-69,Serious injury,Bicyclists
T20180005912,3/28/2018,13:30:00,1,Collision with vehicle,4,Wednesday,121,RIGHT THROUGH,1,66630,2,0,1,0,1,2,1,2,T intersection,2,999,Local Road,30-39,Serious injury,Bicyclists
T20180005932,3/28/2018,19:30:00,1,Collision with vehicle,4,Wednesday,116,LEFT NEAR (INTERSECTIONS ONLY),3,53464,2,0,1,0,1,2,1,1,Cross intersection,2,80,Arterial Highway,30-39,Serious injury,Bicyclists
T20180005943,3/28/2018,18:44:00,1,Collision with vehicle,4,Wednesday,121,RIGHT THROUGH,1,36465,2,0,1,0,1,2,1,2,T intersection,2,40,Local Road,26-29,Serious injury,Bicyclists
T20180005954,3/23/2018,18:30:00,1,Collision with vehicle,6,Friday,137,LEFT TURN SIDESWIPE,2,330786,2,0,0,1,1,2,2,5,Not at intersection,3,999,Local Road,26-29,Other injury,Bicyclists
T20180005969,3/29/2018,9:50:00,1,Collision with vehicle,5,Thursday,163,VEHICLE STRIKES DOOR OF PARKED/STATIONARY VEHICLE,1,328761,2,0,0,1,1,2,1,5,Not at intersection,3,60,Local Road,18-21,Other injury,Bicyclists
T20180005973,3/29/2018,14:15:00,1,Collision with vehicle,5,Thursday,121,RIGHT THROUGH,1,36214,2,0,1,0,4,5,1,1,Cross intersection,2,60,Arterial Other,22-25,Serious injury,Bicyclists
T20180005978,3/29/2018,8:49:00,1,Collision with vehicle,4,Thursday,163,VEHICLE STRIKES DOOR OF PARKED/STATIONARY VEHICLE,1,328793,2,0,1,0,0,1,1,5,Not at intersection,2,40,Local Road,40-49,Serious injury,Not Known
T20180005998,3/29/2018,18:15:00,1,Collision with vehicle,5,Thursday,137,LEFT TURN SIDESWIPE,2,36856,2,0,1,0,1,2,1,1,Cross intersection,2,40,Arterial Highway,26-29,Serious injury,Bicyclists
T20180006000,3/29/2018,17:40:00,1,Collision with vehicle,5,Thursday,133,LANE SIDE SWIPE (VEHICLES IN PARALLEL LANES),1,44718,2,0,0,1,0,1,2,1,Cross intersection,3,50,Local Road,30-39,Other injury,Bicyclists
T20180006042,2/27/2018,6:05:00,1,Collision with vehicle,3,Tuesday,159,OTHER OVERTAKING MANOEUVRES NOT INCLUDED IN DCAs 150-154,6,328757,2,0,0,1,0,1,2,5,Not at intersection,3,999,Arterial Other,50-59,Other injury,Bicyclists
T20180006065,3/6/2018,18:00:00,1,Collision with vehicle,3,Tuesday,113,RIGHT NEAR (INTERSECTIONS ONLY),1,73528,2,0,0,1,1,2,2,2,T intersection,3,50,Local Road,22-25,Other injury,Bicyclists
T20180006073,3/30/2018,12:30:00,1,Collision with vehicle,6,Friday,137,LEFT TURN SIDESWIPE,1,328891,2,0,0,1,1,2,1,5,Not at intersection,3,60,Uknown,22-25,Other injury,Bicyclists
T20180006086,3/30/2018,19:59:00,1,Collision with vehicle,6,Friday,148,VEHICLE OFF FOOTPATH STRIKES VEH ON CARRIAGEWAY,3,29588,2,0,0,1,1,2,1,1,Cross intersection,3,40,Arterial Other,18-21,Other injury,Bicyclists
T20180006092,3/30/2018,18:40:00,1,Collision with vehicle,6,Friday,148,VEHICLE OFF FOOTPATH STRIKES VEH ON CARRIAGEWAY,1,85,2,0,1,0,1,2,1,1,Cross intersection,2,60,Arterial Other,22-25,Serious injury,Bicyclists
T20180006119,3/31/2018,8:48:00,1,Collision with vehicle,7,Saturday,110,CROSS TRAFFIC(INTERSECTIONS ONLY),1,44169,2,0,1,0,1,2,1,1,Cross intersection,2,50,Local Road,40-49,Serious injury,Bicyclists
T20180006121,3/31/2018,9:30:00,1,Collision with vehicle,7,Saturday,121,RIGHT THROUGH,1,69849,2,0,0,1,1,2,1,2,T intersection,3,40,Arterial Other,40-49,Other injury,Bicyclists
T20180006147,3/31/2018,16:51:00,1,Collision with vehicle,7,Saturday,120,HEAD ON (NOT OVERTAKING),1,328785,2,0,0,1,1,2,1,5,Not at intersection,3,60,Local Road,13-15,Other injury,Bicyclists
T20180006155,3/31/2018,18:40:00,1,Collision with vehicle,7,Saturday,121,RIGHT THROUGH,2,41128,2,0,2,0,0,2,1,1,Cross intersection,2,60,Arterial Other,60-64,Serious injury,Bicyclists
T20180006186,4/1/2018,8:30:00,1,Collision with vehicle,1,Sunday,152,PULLING OUT (OVERTAKING),1,329010,2,0,0,1,1,2,2,5,Not at intersection,3,999,Local Road,40-49,Other injury,Bicyclists
T20180006192,3/31/2018,15:30:00,8,No collision and no object struck,7,Saturday,174,OUT OF CONTROL ON CARRIAGEWAY (ON STRAIGHT),1,50963,2,0,0,1,1,2,2,1,Cross intersection,3,60,Local Road,65-69,Other injury,Bicyclists
T20180006235,4/2/2018,8:00:00,1,Collision with vehicle,1,Monday,160,VEHICLE COLLIDES WITH VEHICLE PARKED ON LEFT OF ROAD,1,331578,2,0,0,1,0,1,1,5,Not at intersection,3,60,Arterial Other,50-59,Other injury,Bicyclists
T20180006265,4/2/2018,12:00:00,1,Collision with vehicle,2,Monday,130,REAR END(VEHICLES IN SAME LANE),1,328829,2,0,1,0,2,3,2,5,Not at intersection,2,100,Local Road,40-49,Serious injury,Bicyclists
T20180006320,12/20/2017,8:30:00,1,Collision with vehicle,3,Wednesday,116,LEFT NEAR (INTERSECTIONS ONLY),1,329474,2,0,0,1,0,1,2,2,T intersection,3,60,Arterial Highway,50-59,Other injury,Bicyclists
T20180006327,1/24/2018,17:30:00,1,Collision with vehicle,3,Wednesday,121,RIGHT THROUGH,1,328847,2,0,0,2,0,2,2,5,Not at intersection,3,60,Arterial Other,40-49,Other injury,Bicyclists
T20180006330,4/3/2018,18:30:00,1,Collision with vehicle,3,Tuesday,163,VEHICLE STRIKES DOOR OF PARKED/STATIONARY VEHICLE,9,326635,2,0,0,1,2,3,2,5,Not at intersection,3,40,Local Road,30-39,Other injury,Bicyclists
T20180006334,4/3/2018,19:05:00,1,Collision with vehicle,2,Tuesday,110,CROSS TRAFFIC(INTERSECTIONS ONLY),3,29361,2,0,1,0,1,2,1,1,Cross intersection,2,40,Local Road,26-29,Serious injury,Bicyclists
T20180006340,4/3/2018,16:18:00,1,Collision with vehicle,3,Tuesday,121,RIGHT THROUGH,1,37135,2,0,1,0,1,2,1,2,T intersection,2,50,Arterial Other,30-39,Serious injury,Bicyclists
T20180006361,4/4/2018,7:10:00,1,Collision with vehicle,4,Wednesday,116,LEFT NEAR (INTERSECTIONS ONLY),1,234545,2,0,1,0,1,2,1,2,T intersection,2,999,Local Road,50-59,Serious injury,Bicyclists
T20180006377,3/23/2018,12:00:00,1,Collision with vehicle,5,Friday,116,LEFT NEAR (INTERSECTIONS ONLY),9,331099,2,0,0,1,1,2,2,2,T intersection,3,50,Local Road,70+,Other injury,Bicyclists
T20180006386,4/4/2018,11:30:00,1,Collision with vehicle,4,Wednesday,163,VEHICLE STRIKES DOOR OF PARKED/STATIONARY VEHICLE,1,329910,2,0,1,0,1,2,1,5,Not at intersection,2,40,Local Road,30-39,Serious injury,Bicyclists
T20180006404,4/4/2018,17:40:00,1,Collision with vehicle,4,Wednesday,121,RIGHT THROUGH,1,42453,2,0,1,0,1,2,1,1,Cross intersection,2,60,Arterial Other,40-49,Serious injury,Bicyclists
T20180006407,4/4/2018,14:45:00,1,Collision with vehicle,3,Wednesday,163,VEHICLE STRIKES DOOR OF PARKED/STATIONARY VEHICLE,1,339182,2,0,0,1,1,2,2,5,Not at intersection,3,40,Local Road,40-49,Other injury,Bicyclists
T20180006409,4/4/2018,17:40:00,1,Collision with vehicle,4,Wednesday,121,RIGHT THROUGH,2,42715,2,0,1,0,1,2,1,2,T intersection,2,60,Local Road,60-64,Serious injury,Bicyclists
T20180006435,4/5/2018,7:35:00,1,Collision with vehicle,5,Thursday,134,LANE CHANGE RIGHT (NOT OVERTAKING),1,329231,2,0,0,1,1,2,1,5,Not at intersection,3,40,Arterial Other,50-59,Other injury,Bicyclists