ACCIDENT_NO,ACCIDENT_DATE,ACCIDENT_TIME,ACCIDENT_TYPE,ACCIDENT_TYPE_DESC,DAY_OF_WEEK,DAY_WEEK_DESC,DCA_CODE,DCA_DESC,LIGHT_CONDITION,NODE_ID,NO_OF_VEHICLES,NO_PERSONS_KILLED,NO_PERSONS_INJ_2,NO_PERSONS_INJ_3,NO_PERSONS_NOT_INJ,NO_PERSONS,POLICE_ATTEND,ROAD_GEOMETRY,ROAD_GEOMETRY_DESC,SEVERITY,SPEED_ZONE,RMA,AGE_GROUP,INJ_LEVEL,ROAD_USER_TYPE_DESC
T20180006456,4/3/2018,17:45:00,1,Collision with vehicle,3,Tuesday,163,VEHICLE STRIKES DOOR OF PARKED/STATIONARY VEHICLE,1,330073,2,0,0,1,2,3,2,5,Not at intersection,3,40,Local Road,22-25,Other injury,Bicyclists
T20180006480,9/9/2017,4:30:00,9,Other accident,7,Saturday,179,OTHER ACCIDENTS-OFF STRAIGHT NOT INCLUDED IN DCAs 170-175,3,-1,2,0,0,1,0,1,2,5,Not at intersection,3,999,Uknown,65-69,Other injury,Bicyclists
T20180006498,4/5/2018,17:45:00,1,Collision with vehicle,5,Thursday,148,VEHICLE OFF FOOTPATH STRIKES VEH ON CARRIAGEWAY,1,40664,2,0,1,0,1,2,1,2,T intersection,2,60,Arterial Other,26-29,Serious injury,Bicyclists
T20180006525,4/6/2018,13:40:00,8,No collision and no object struck,6,Friday,179,OTHER ACCIDENTS-OFF STRAIGHT NOT INCLUDED IN DCAs 170-175,1,332026,1,0,1,0,0,1,2,5,Not at intersection,2,50,Local Road,50-59,Serious injury,Bicyclists
T20180006538,4/5/2018,19:00:00,1,Collision with vehicle,4,Thursday,163,VEHICLE STRIKES DOOR OF PARKED/STATIONARY VEHICLE,9,331765,2,0,0,1,1,2,2,5,Not at intersection,3,999,Arterial Other,22-25,Other injury,Bicyclists
T20180006564,4/6/2018,20:00:00,1,Collision with vehicle,6,Friday,140,U TURN,3,36261,2,0,0,1,1,2,1,1,Cross intersection,3,999,Arterial Other,22-25,Other injury,Bicyclists
T20180006571,4/5/2018,17:10:00,8,No collision and no object struck,5,Thursday,174,OUT OF CONTROL ON CARRIAGEWAY (ON STRAIGHT),1,329490,1,0,0,1,0,1,1,5,Not at intersection,3,40,Local Road,26-29,Other injury,Bicyclists
T20180006572,4/6/2018,16:45:00,1,Collision with vehicle,6,Friday,110,CROSS TRAFFIC(INTERSECTIONS ONLY),1,29420,2,0,0,1,3,4,1,1,Cross intersection,3,40,Local Road,22-25,Other injury,Bicyclists
T20180006585,4/6/2018,17:00:00,1,Collision with vehicle,5,Friday,163,VEHICLE STRIKES DOOR OF PARKED/STATIONARY VEHICLE,1,37692,2,0,0,1,0,1,2,1,Cross intersection,3,60,Arterial Other,22-25,Other injury,Bicyclists
T20180006606,4/7/2018,16:12:00,1,Collision with vehicle,7,Saturday,121,RIGHT THROUGH,1,41029,2,0,0,1,1,2,1,1,Cross intersection,3,60,Arterial Other,50-59,Other injury,Bicyclists
T20180006615,4/7/2018,9:25:00,1,Collision with vehicle,7,Saturday,116,LEFT NEAR (INTERSECTIONS ONLY),1,301607,2,0,0,1,1,2,2,2,T intersection,3,60,Uknown,50-59,Other injury,Bicyclists
T20180006623,4/6/2018,18:21:00,1,Collision with vehicle,6,Friday,121,RIGHT THROUGH,3,65784,2,0,0,1,1,2,1,1,Cross intersection,3,999,Local Road,40-49,Other injury,Bicyclists
T20180006630,4/7/2018,20:40:00,1,Collision with vehicle,7,Saturday,110,CROSS TRAFFIC(INTERSECTIONS ONLY),3,36948,2,0,0,1,1,2,2,1,Cross intersection,3,70,Arterial Other,Unknown,Other injury,Bicyclists
T20180006632,4/7/2018,7:55:00,1,Collision with vehicle,7,Saturday,116,LEFT NEAR (INTERSECTIONS ONLY),1,559,2,0,0,1,1,2,2,1,Cross intersection,3,60,Arterial Other,26-29,Other injury,Bicyclists
T20180006650,4/8/2018,11:50:00,1,Collision with vehicle,1,Sunday,160,VEHICLE COLLIDES WITH VEHICLE PARKED ON LEFT OF ROAD,1,329108,2,0,0,1,0,1,1,5,Not at intersection,3,60,Arterial Other,50-59,Other injury,Bicyclists
T20180006658,4/7/2018,22:50:00,1,Collision with vehicle,7,Saturday,163,VEHICLE STRIKES DOOR OF PARKED/STATIONARY VEHICLE,3,329058,3,0,0,1,3,4,1,1,Cross intersection,3,40,Local Road,22-25,Other injury,Bicyclists
T20180006719,4/9/2018,6:00:00,1,Collision with vehicle,2,Monday,113,RIGHT NEAR (INTERSECTIONS ONLY),3,286657,2,0,0,1,1,2,1,1,Cross intersection,3,60,Local Road,40-49,Other injury,Bicyclists
T20180006771,4/10/2018,7:55:00,1,Collision with vehicle,3,Tuesday,119,OTHER ADJACENT (INTERSECTIONS ONLY),1,329244,2,0,1,0,1,2,1,4,Multiple intersection,2,40,Arterial Highway,26-29,Serious injury,Bicyclists
T20180006833,4/11/2018,7:30:00,1,Collision with vehicle,4,Wednesday,149,OTHER MANOEUVRING NOT INCLUDED IN DCAs 140-148,1,45640,2,0,0,1,1,2,2,1,Cross intersection,3,60,Arterial Other,40-49,Other injury,Bicyclists
T20180006851,4/11/2018,14:47:00,1,Collision with vehicle,4,Wednesday,163,VEHICLE STRIKES DOOR OF PARKED/STATIONARY VEHICLE,1,329215,2,0,0,1,1,2,1,5,Not at intersection,3,40,Arterial Other,40-49,Other injury,Bicyclists
T20180006854,4/10/2018,22:01:00,1,Collision with vehicle,3,Tuesday,139,OTHER SAME DIRECTION-MANOUEVRES NOT INCLUDED IN DCAs 130-137,3,331871,2,0,0,1,0,1,1,5,Not at intersection,3,50,Local Road,26-29,Other injury,Bicyclists
T20180006869,4/11/2018,17:04:00,1,Collision with vehicle,4,Wednesday,110,CROSS TRAFFIC(INTERSECTIONS ONLY),2,46727,2,0,1,0,1,2,1,1,Cross intersection,2,50,Local Road,50-59,Serious injury,Bicyclists
T20180006870,4/11/2018,18:57:00,1,Collision with vehicle,4,Wednesday,130,REAR END(VEHICLES IN SAME LANE),3,249820,2,0,0,1,0,1,1,5,Not at intersection,3,60,Arterial Highway,50-59,Other injury,Bicyclists
T20180006885,4/11/2018,15:25:00,1,Collision with vehicle,4,Wednesday,147,VEHICLE STRIKES ANOTHER VEH WHILE EMERGING FROM DRIVEWAY,1,329420,2,0,1,1,0,2,1,9,Unknown,2,888,Arterial Highway,65-69,Serious injury,Bicyclists
T20180006887,4/12/2018,8:49:00,1,Collision with vehicle,5,Thursday,163,VEHICLE STRIKES DOOR OF PARKED/STATIONARY VEHICLE,1,329240,2,0,0,1,1,2,1,5,Not at intersection,3,40,Local Road,40-49,Other injury,Bicyclists
T20180006895,4/12/2018,8:14:00,1,Collision with vehicle,5,Thursday,113,RIGHT NEAR (INTERSECTIONS ONLY),1,60590,2,0,0,1,1,2,1,2,T intersection,3,60,Arterial Other,65-69,Other injury,Bicyclists
T20180006898,4/7/2018,14:20:00,1,Collision with vehicle,7,Saturday,147,VEHICLE STRIKES ANOTHER VEH WHILE EMERGING FROM DRIVEWAY,1,329771,2,0,0,1,1,2,2,5,Not at intersection,3,50,Local Road,45424,Other injury,Bicyclists
T20180006901,4/11/2018,7:55:00,1,Collision with vehicle,4,Wednesday,137,LEFT TURN SIDESWIPE,9,289081,2,0,1,0,1,2,2,5,Not at intersection,2,40,Local Road,30-39,Serious injury,Bicyclists
T20180006905,4/8/2018,9:30:00,1,Collision with vehicle,1,Sunday,163,VEHICLE STRIKES DOOR OF PARKED/STATIONARY VEHICLE,9,329517,2,0,0,1,1,2,2,5,Not at intersection,3,60,Local Road,40-49,Other injury,Bicyclists
T20180006931,4/12/2018,18:30:00,1,Collision with vehicle,5,Thursday,148,VEHICLE OFF FOOTPATH STRIKES VEH ON CARRIAGEWAY,3,40818,2,0,0,1,0,1,2,2,T intersection,3,70,Local Road,45424,Other injury,Bicyclists
T20180006936,3/21/2018,7:57:00,1,Collision with vehicle,4,Wednesday,147,VEHICLE STRIKES ANOTHER VEH WHILE EMERGING FROM DRIVEWAY,1,330307,2,0,0,2,0,2,2,5,Not at intersection,3,60,Arterial Other,22-25,Other injury,Bicyclists
T20180006958,4/13/2018,7:00:00,1,Collision with vehicle,6,Friday,111,RIGHT FAR (INTERSECTIONS ONLY),1,52786,2,0,0,1,1,2,1,2,T intersection,3,50,Local Road,50-59,Other injury,Bicyclists
T20180006960,4/13/2018,7:59:00,1,Collision with vehicle,6,Friday,163,VEHICLE STRIKES DOOR OF PARKED/STATIONARY VEHICLE,1,329239,2,0,0,1,2,3,1,5,Not at intersection,3,60,Arterial Other,26-29,Other injury,Bicyclists
T20180006965,4/12/2018,17:00:00,1,Collision with vehicle,4,Thursday,121,RIGHT THROUGH,2,38833,2,0,1,0,1,2,1,2,T intersection,2,50,Uknown,26-29,Serious injury,Bicyclists
T20180006970,4/12/2018,21:12:00,1,Collision with vehicle,5,Thursday,142,LEAVING PARKING,3,329268,2,0,0,1,1,2,1,5,Not at intersection,3,40,Arterial Other,30-39,Other injury,Bicyclists
T20180006972,4/12/2018,19:30:00,1,Collision with vehicle,5,Thursday,142,LEAVING PARKING,6,329288,2,0,0,1,1,2,2,5,Not at intersection,3,40,Arterial Other,26-29,Other injury,Bicyclists
T20180006975,4/13/2018,8:25:00,1,Collision with vehicle,6,Friday,110,CROSS TRAFFIC(INTERSECTIONS ONLY),1,38026,2,0,1,0,1,2,1,1,Cross intersection,2,50,Local Road,30-39,Serious injury,Bicyclists
T20180006990,4/12/2018,7:00:00,1,Collision with vehicle,5,Thursday,137,LEFT TURN SIDESWIPE,1,41109,2,0,0,1,1,2,2,2,T intersection,3,60,Arterial Other,50-59,Other injury,Bicyclists
T20180007000,4/11/2018,17:30:00,1,Collision with vehicle,4,Wednesday,110,CROSS TRAFFIC(INTERSECTIONS ONLY),2,29482,2,0,0,1,1,2,2,1,Cross intersection,3,60,Arterial Other,30-39,Other injury,Bicyclists
T20180007002,4/3/2018,7:20:00,1,Collision with vehicle,3,Tuesday,119,OTHER ADJACENT (INTERSECTIONS ONLY),1,58573,2,0,0,1,0,1,2,2,T intersection,3,60,Arterial Other,22-25,Other injury,Bicyclists
T20180007007,4/13/2018,16:00:00,1,Collision with vehicle,6,Friday,133,LANE SIDE SWIPE (VEHICLES IN PARALLEL LANES),1,35355,2,0,0,1,1,2,1,1,Cross intersection,3,40,Local Road,18-21,Other injury,Bicyclists
T20180007008,4/13/2018,18:24:00,1,Collision with vehicle,6,Friday,110,CROSS TRAFFIC(INTERSECTIONS ONLY),3,29357,2,0,0,1,1,2,2,1,Cross intersection,3,40,Local Road,40-49,Other injury,Bicyclists
T20180007013,4/10/2018,16:05:00,1,Collision with vehicle,3,Tuesday,111,RIGHT FAR (INTERSECTIONS ONLY),1,40050,2,0,0,1,1,2,2,2,T intersection,3,60,Arterial Other,30-39,Other injury,Bicyclists
T20180007021,4/13/2018,16:30:00,1,Collision with vehicle,6,Friday,143,ENTERING PARKING,1,329774,2,0,0,1,1,2,1,5,Not at intersection,3,60,Arterial Other,30-39,Other injury,Bicyclists
T20180007029,4/9/2018,12:30:00,1,Collision with vehicle,1,Monday,148,VEHICLE OFF FOOTPATH STRIKES VEH ON CARRIAGEWAY,1,803357,2,0,0,1,1,2,2,5,Not at intersection,3,888,Local Road,22-25,Other injury,Bicyclists
T20180007034,4/14/2018,9:15:00,1,Collision with vehicle,6,Saturday,142,LEAVING PARKING,1,329262,2,0,0,1,1,2,1,5,Not at intersection,3,50,Local Road,70+,Other injury,Bicyclists
T20180007103,4/14/2018,20:30:00,1,Collision with vehicle,7,Saturday,110,CROSS TRAFFIC(INTERSECTIONS ONLY),3,24024,2,0,0,1,1,2,1,1,Cross intersection,3,999,Local Road,30-39,Other injury,Bicyclists
T20180007147,4/7/2018,19:30:00,8,No collision and no object struck,7,Saturday,174,OUT OF CONTROL ON CARRIAGEWAY (ON STRAIGHT),3,329312,2,0,0,1,0,1,2,5,Not at intersection,3,60,Arterial Other,50-59,Other injury,Bicyclists
T20180007154,3/10/2018,11:20:00,1,Collision with vehicle,6,Saturday,160,VEHICLE COLLIDES WITH VEHICLE PARKED ON LEFT OF ROAD,1,332867,2,0,1,0,0,1,2,5,Not at intersection,2,999,Local Road,30-39,Serious injury,Bicyclists
T20180007184,4/16/2018,11:00:00,1,Collision with vehicle,2,Monday,163,VEHICLE STRIKES DOOR OF PARKED/STATIONARY VEHICLE,1,330284,2,0,1,0,1,2,2,5,Not at intersection,2,50,Local Road,26-29,Serious injury,Bicyclists
T20180007223,4/10/2018,19:00:00,1,Collision with vehicle,2,Tuesday,110,CROSS TRAFFIC(INTERSECTIONS ONLY),9,35357,2,0,1,0,1,2,2,1,Cross intersection,2,999,Local Road,40-49,Serious injury,Bicyclists
T20180007226,4/17/2018,10:40:00,1,Collision with vehicle,3,Tuesday,137,LEFT TURN SIDESWIPE,1,359686,2,0,0,1,1,2,1,5,Not at intersection,3,40,Local Road,40-49,Other injury,Bicyclists
T20180007236,4/17/2018,8:54:00,1,Collision with vehicle,2,Tuesday,137,LEFT TURN SIDESWIPE,1,359931,2,0,0,1,2,3,1,1,Cross intersection,3,50,Arterial Other,30-39,Other injury,Bicyclists
T20180007263,4/17/2018,17:20:00,1,Collision with vehicle,3,Tuesday,130,REAR END(VEHICLES IN SAME LANE),1,329363,2,0,0,1,2,3,2,5,Not at intersection,3,80,Arterial Highway,50-59,Other injury,Bicyclists
T20180007266,4/17/2018,17:16:00,8,No collision and no object struck,3,Tuesday,179,OTHER ACCIDENTS-OFF STRAIGHT NOT INCLUDED IN DCAs 170-175,2,329477,1,0,0,1,0,1,1,5,Not at intersection,3,50,Local Road,40-49,Other injury,Bicyclists
T20180007270,4/13/2018,23:20:00,1,Collision with vehicle,6,Friday,163,VEHICLE STRIKES DOOR OF PARKED/STATIONARY VEHICLE,3,331147,2,0,1,0,0,1,2,5,Not at intersection,2,40,Local Road,18-21,Serious injury,Bicyclists
T20180007272,4/17/2018,18:45:00,1,Collision with vehicle,2,Tuesday,121,RIGHT THROUGH,3,65852,2,0,0,1,1,2,1,1,Cross intersection,3,60,Arterial Other,26-29,Other injury,Bicyclists
T20180007292,11/30/2017,10:15:00,1,Collision with vehicle,5,Thursday,137,LEFT TURN SIDESWIPE,1,36622,2,0,0,1,1,2,2,1,Cross intersection,3,40,Local Road,50-59,Other injury,Bicyclists
T20180007302,4/18/2018,8:40:00,1,Collision with vehicle,4,Wednesday,113,RIGHT NEAR (INTERSECTIONS ONLY),1,329409,2,0,1,0,1,2,1,1,Cross intersection,2,50,Local Road,30-39,Serious injury,Bicyclists
T20180007325,4/18/2018,16:45:00,1,Collision with vehicle,4,Wednesday,121,RIGHT THROUGH,1,36505,2,0,0,1,1,2,2,2,T intersection,3,40,Local Road,30-39,Other injury,Bicyclists
T20180007338,4/17/2018,20:15:00,1,Collision with vehicle,3,Tuesday,121,RIGHT THROUGH,3,37849,2,0,0,1,1,2,2,2,T intersection,3,999,Local Road,40-49,Other injury,Bicyclists
T20180007351,4/17/2018,9:00:00,1,Collision with vehicle,3,Tuesday,137,LEFT TURN SIDESWIPE,1,37600,2,0,0,1,1,2,2,1,Cross intersection,3,50,Arterial Other,22-25,Other injury,Bicyclists
T20180007370,4/19/2018,8:00:00,1,Collision with vehicle,5,Thursday,147,VEHICLE STRIKES ANOTHER VEH WHILE EMERGING FROM DRIVEWAY,1,329468,2,0,1,0,1,2,1,2,T intersection,2,50,Local Road,60-64,Serious injury,Bicyclists
T20180007389,4/18/2018,7:42:00,1,Collision with vehicle,4,Wednesday,163,VEHICLE STRIKES DOOR OF PARKED/STATIONARY VEHICLE,2,330946,2,0,0,1,1,2,2,2,T intersection,3,40,Local Road,16-17,Other injury,Bicyclists
T20180007396,4/19/2018,8:00:00,1,Collision with vehicle,5,Thursday,121,RIGHT THROUGH,1,329564,2,0,0,1,1,2,2,1,Cross intersection,3,50,Local Road,50-59,Other injury,Bicyclists
T20180007399,4/19/2018,14:25:00,1,Collision with vehicle,5,Thursday,110,CROSS TRAFFIC(INTERSECTIONS ONLY),1,73733,2,0,1,0,1,2,1,1,Cross intersection,2,80,Local Road,50-59,Serious injury,Bicyclists
T20180007405,4/15/2018,8:38:00,8,No collision and no object struck,1,Sunday,174,OUT OF CONTROL ON CARRIAGEWAY (ON STRAIGHT),1,329562,1,0,1,0,0,1,2,2,T intersection,2,60,Local Road,60-64,Serious injury,Bicyclists
T20180007416,4/19/2018,16:29:00,1,Collision with vehicle,5,Thursday,133,LANE SIDE SWIPE (VEHICLES IN PARALLEL LANES),1,329466,2,0,0,1,1,2,2,5,Not at intersection,3,60,Arterial Other,60-64,Other injury,Bicyclists
T20180007422,3/23/2018,8:30:00,1,Collision with vehicle,6,Friday,163,VEHICLE STRIKES DOOR OF PARKED/STATIONARY VEHICLE,9,329540,2,0,0,1,1,2,2,5,Not at intersection,3,40,Local Road,30-39,Other injury,Bicyclists
T20180007429,4/19/2018,19:30:00,1,Collision with vehicle,5,Thursday,116,LEFT NEAR (INTERSECTIONS ONLY),3,44160,2,0,0,1,1,2,1,2,T intersection,3,70,Arterial Other,50-59,Other injury,Bicyclists
T20180007453,4/20/2018,9:35:00,2,Struck Pedestrian,6,Friday,102,FAR SIDE. PED HIT BY VEHICLE FROM THE LEFT,1,329605,2,0,1,1,0,2,1,5,Not at intersection,2,50,Arterial Highway,22-25,Other injury,Bicyclists
T20180007518,4/21/2018,7:00:00,1,Collision with vehicle,6,Saturday,110,CROSS TRAFFIC(INTERSECTIONS ONLY),1,29995,2,0,0,1,1,2,1,1,Cross intersection,3,60,Local Road,65-69,Other injury,Bicyclists
T20180007520,4/11/2018,20:15:00,1,Collision with vehicle,4,Wednesday,163,VEHICLE STRIKES DOOR OF PARKED/STATIONARY VEHICLE,3,329513,2,0,0,1,0,1,2,5,Not at intersection,3,999,Local Road,22-25,Other injury,Bicyclists
T20180007523,4/21/2018,10:40:00,1,Collision with vehicle,7,Saturday,121,RIGHT THROUGH,1,43436,2,0,1,0,1,2,1,5,Not at intersection,2,60,Arterial Highway,50-59,Serious injury,Bicyclists
T20180007525,4/21/2018,5:30:00,1,Collision with vehicle,7,Saturday,134,LANE CHANGE RIGHT (NOT OVERTAKING),1,113724,2,0,0,1,0,1,2,5,Not at intersection,3,60,Arterial Other,40-49,Other injury,Bicyclists
T20180007539,4/9/2018,9:45:00,1,Collision with vehicle,2,Monday,137,LEFT TURN SIDESWIPE,1,329519,2,0,1,0,1,2,2,5,Not at intersection,2,60,Local Road,70+,Serious injury,Bicyclists
T20180007569,4/9/2018,16:00:00,1,Collision with vehicle,2,Monday,163,VEHICLE STRIKES DOOR OF PARKED/STATIONARY VEHICLE,1,330995,2,0,0,1,1,2,2,5,Not at intersection,3,40,Arterial Other,50-59,Other injury,Bicyclists
T20180007573,4/22/2018,7:45:00,8,No collision and no object struck,1,Sunday,174,OUT OF CONTROL ON CARRIAGEWAY (ON STRAIGHT),1,329550,1,0,1,0,0,1,1,5,Not at intersection,2,60,Arterial Other,60-64,Serious injury,Bicyclists
T20180007590,4/22/2018,15:15:00,7,Fall from or in moving vehicle,1,Sunday,190,FELL IN/FROM VEHICLE,1,329678,1,0,0,2,0,2,1,5,Not at intersection,3,50,Arterial Highway,13-15,Other injury,Bicyclists
T20180007594,4/22/2018,13:00:00,1,Collision with vehicle,0,Sunday,121,RIGHT THROUGH,1,222021,2,0,0,1,1,2,2,2,T intersection,3,999,Arterial Other,30-39,Other injury,Bicyclists
T20180007597,4/22/2018,15:05:00,1,Collision with vehicle,0,Sunday,113,RIGHT NEAR (INTERSECTIONS ONLY),1,67444,2,0,0,1,1,2,1,2,T intersection,3,50,Local Road,40-49,Other injury,Bicyclists
T20180007608,4/22/2018,17:20:00,1,Collision with vehicle,1,Sunday,110,CROSS TRAFFIC(INTERSECTIONS ONLY),1,73764,2,0,0,1,1,2,1,1,Cross intersection,3,50,Uknown,13-15,Other injury,Bicyclists
T20180007625,4/18/2018,16:00:00,1,Collision with vehicle,4,Wednesday,133,LANE SIDE SWIPE (VEHICLES IN PARALLEL LANES),1,29385,2,0,0,1,1,2,2,1,Cross intersection,3,50,Arterial Other,18-21,Other injury,Bicyclists
T20180007663,4/23/2018,16:47:00,1,Collision with vehicle,2,Monday,121,RIGHT THROUGH,9,68554,2,0,0,1,1,2,1,1,Cross intersection,3,50,Local Road,60-64,Other injury,Bicyclists
T20180007665,4/20/2018,8:30:00,1,Collision with vehicle,6,Friday,110,CROSS TRAFFIC(INTERSECTIONS ONLY),1,329646,2,0,1,0,1,2,2,1,Cross intersection,2,50,Local Road,26-29,Serious injury,Bicyclists
T20180007682,4/23/2018,7:20:00,1,Collision with vehicle,2,Monday,110,CROSS TRAFFIC(INTERSECTIONS ONLY),1,44587,2,0,1,0,1,2,2,1,Cross intersection,2,60,Arterial Other,40-49,Serious injury,Bicyclists
T20180007692,4/23/2018,17:50:00,1,Collision with vehicle,2,Monday,121,RIGHT THROUGH,1,330629,2,0,0,1,1,2,1,5,Not at intersection,3,60,Arterial Highway,40-49,Other injury,Bicyclists
T20180007717,4/18/2018,18:30:00,1,Collision with vehicle,4,Wednesday,137,LEFT TURN SIDESWIPE,3,329655,2,0,0,1,1,2,2,5,Not at intersection,3,50,Local Road,30-39,Other injury,Bicyclists
T20180007738,4/24/2018,8:00:00,1,Collision with vehicle,3,Tuesday,147,VEHICLE STRIKES ANOTHER VEH WHILE EMERGING FROM DRIVEWAY,1,329735,2,0,0,1,1,2,2,5,Not at intersection,3,80,Arterial Other,40-49,Other injury,Bicyclists
T20180007739,4/24/2018,15:43:00,1,Collision with vehicle,2,Tuesday,142,LEAVING PARKING,1,331281,2,0,0,1,1,2,2,5,Not at intersection,3,40,Local Road,30-39,Other injury,Bicyclists
T20180007746,4/24/2018,15:35:00,1,Collision with vehicle,3,Tuesday,119,OTHER ADJACENT (INTERSECTIONS ONLY),1,91,2,0,1,0,1,2,1,2,T intersection,2,50,Local Road,22-25,Serious injury,Bicyclists
T20180007754,4/19/2018,16:30:00,1,Collision with vehicle,5,Thursday,163,VEHICLE STRIKES DOOR OF PARKED/STATIONARY VEHICLE,1,329651,2,0,1,0,0,1,2,2,T intersection,2,40,Local Road,50-59,Serious injury,Bicyclists
T20180007776,3/19/2018,12:30:00,1,Collision with vehicle,2,Monday,148,VEHICLE OFF FOOTPATH STRIKES VEH ON CARRIAGEWAY,1,38778,2,0,0,1,1,2,2,1,Cross intersection,3,60,Local Road,60-64,Other injury,Bicyclists
T20180007781,4/24/2018,14:55:00,1,Collision with vehicle,3,Tuesday,110,CROSS TRAFFIC(INTERSECTIONS ONLY),1,71571,2,0,0,1,1,2,2,1,Cross intersection,3,50,Local Road,50-59,Other injury,Bicyclists
T20180007789,4/24/2018,18:30:00,1,Collision with vehicle,3,Tuesday,121,RIGHT THROUGH,6,397,2,0,0,1,1,2,2,2,T intersection,3,40,Arterial Other,26-29,Other injury,Bicyclists
T20180007819,4/26/2018,7:50:00,1,Collision with vehicle,5,Thursday,110,CROSS TRAFFIC(INTERSECTIONS ONLY),1,37556,2,0,1,0,1,2,1,1,Cross intersection,2,60,Local Road,26-29,Serious injury,Bicyclists
T20180007820,4/26/2018,7:56:00,1,Collision with vehicle,5,Thursday,110,CROSS TRAFFIC(INTERSECTIONS ONLY),1,329753,2,0,1,0,2,3,1,1,Cross intersection,2,50,Local Road,40-49,Serious injury,Bicyclists
T20180007828,4/26/2018,8:15:00,1,Collision with vehicle,5,Thursday,148,VEHICLE OFF FOOTPATH STRIKES VEH ON CARRIAGEWAY,1,240343,2,0,1,0,2,3,1,2,T intersection,2,60,Arterial Highway,26-29,Serious injury,Bicyclists
T20180007830,4/26/2018,9:55:00,1,Collision with vehicle,5,Thursday,110,CROSS TRAFFIC(INTERSECTIONS ONLY),1,37556,2,0,1,0,1,2,1,1,Cross intersection,2,50,Local Road,70+,Serious injury,Bicyclists
T20180007838,4/26/2018,12:20:00,1,Collision with vehicle,5,Thursday,121,RIGHT THROUGH,1,36195,2,0,0,1,1,2,1,2,T intersection,3,60,Arterial Highway,65-69,Other injury,Bicyclists
T20180007844,4/26/2018,12:28:00,1,Collision with vehicle,5,Thursday,110,CROSS TRAFFIC(INTERSECTIONS ONLY),1,29361,2,0,1,0,1,2,1,1,Cross intersection,2,50,Local Road,40-49,Serious injury,Bicyclists
T20180007861,4/25/2018,15:55:00,1,Collision with vehicle,4,Wednesday,112,LEFT FAR (INTERSECTIONS ONLY),1,329748,2,0,0,1,1,2,1,2,T intersection,3,50,Local Road,70+,Other injury,Bicyclists
T20180007878,4/26/2018,20:15:00,1,Collision with vehicle,5,Thursday,133,LANE SIDE SWIPE (VEHICLES IN PARALLEL LANES),3,222798,2,0,1,0,1,2,1,2,T intersection,2,40,Arterial Other,30-39,Serious injury,Bicyclists
T20180007892,4/27/2018,8:10:00,1,Collision with vehicle,6,Friday,111,RIGHT FAR (INTERSECTIONS ONLY),1,35819,2,0,1,0,1,2,1,1,Cross intersection,2,60,Local Road,40-49,Serious injury,Bicyclists
T20180007896,4/27/2018,9:20:00,1,Collision with vehicle,6,Friday,110,CROSS TRAFFIC(INTERSECTIONS ONLY),1,52621,2,0,0,1,1,2,1,1,Cross intersection,3,60,Local Road,30-39,Other injury,Bicyclists
T20180007907,4/27/2018,9:47:00,1,Collision with vehicle,6,Friday,121,RIGHT THROUGH,1,329831,2,0,1,0,1,2,1,5,Not at intersection,2,60,Arterial Other,50-59,Serious injury,Bicyclists
T20180007908,4/27/2018,7:40:00,1,Collision with vehicle,6,Friday,110,CROSS TRAFFIC(INTERSECTIONS ONLY),1,29905,2,0,1,0,1,2,1,1,Cross intersection,2,70,Local Road,50-59,Serious injury,Bicyclists
T20180007929,4/10/2018,18:50:00,1,Collision with vehicle,3,Tuesday,116,LEFT NEAR (INTERSECTIONS ONLY),3,42328,2,0,1,0,1,2,1,1,Cross intersection,2,50,Local Road,30-39,Serious injury,Bicyclists
T20180007939,4/27/2018,18:10:00,1,Collision with vehicle,6,Friday,113,RIGHT NEAR (INTERSECTIONS ONLY),3,57547,2,0,0,1,1,2,1,2,T intersection,3,60,Arterial Other,40-49,Other injury,Bicyclists
T20180007980,4/28/2018,9:00:00,1,Collision with vehicle,6,Saturday,133,LANE SIDE SWIPE (VEHICLES IN PARALLEL LANES),1,29859,2,0,0,1,1,2,1,1,Cross intersection,3,777,Arterial Other,30-39,Other injury,Bicyclists
T20180007983,4/28/2018,11:00:00,1,Collision with vehicle,7,Saturday,121,RIGHT THROUGH,1,39172,2,0,0,1,1,2,1,2,T intersection,3,60,Arterial Other,40-49,Other injury,Bicyclists
T20180007991,4/28/2018,9:45:00,1,Collision with vehicle,7,Saturday,115,RIGHT/LEFT FAR (INTERSECTIONS ONLY),1,329807,2,0,0,1,1,2,1,2,T intersection,3,50,Local Road,50-59,Other injury,Bicyclists
T20180008014,4/19/2018,8:17:00,1,Collision with vehicle,5,Thursday,114,TWO RIGHT TURNING (INTERSECTIONS ONLY),1,227971,2,0,0,1,1,2,2,2,T intersection,3,40,Arterial Other,26-29,Other injury,Bicyclists
T20180008018,4/28/2018,17:20:00,1,Collision with vehicle,7,Saturday,148,VEHICLE OFF FOOTPATH STRIKES VEH ON CARRIAGEWAY,1,329857,2,0,1,0,1,2,2,5,Not at intersection,2,60,Local Road,45424,Serious injury,Bicyclists
T20180008020,4/28/2018,13:35:00,1,Collision with vehicle,7,Saturday,110,CROSS TRAFFIC(INTERSECTIONS ONLY),1,57499,2,0,0,1,1,2,2,1,Cross intersection,3,60,Local Road,50-59,Other injury,Bicyclists