ACCIDENT_NO,ACCIDENT_DATE,ACCIDENT_TIME,ACCIDENT_TYPE,ACCIDENT_TYPE_DESC,DAY_OF_WEEK,DAY_WEEK_DESC,DCA_CODE,DCA_DESC,LIGHT_CONDITION,NODE_ID,NO_OF_VEHICLES,NO_PERSONS_KILLED,NO_PERSONS_INJ_2,NO_PERSONS_INJ_3,NO_PERSONS_NOT_INJ,NO_PERSONS,POLICE_ATTEND,ROAD_GEOMETRY,ROAD_GEOMETRY_DESC,SEVERITY,SPEED_ZONE,RMA,AGE_GROUP,INJ_LEVEL,ROAD_USER_TYPE_DESC
T20180008087,4/30/2018,7:20:00,1,Collision with vehicle,2,Monday,110,CROSS TRAFFIC(INTERSECTIONS ONLY),1,70940,2,0,0,1,1,2,1,1,Cross intersection,3,50,Local Road,40-49,Other injury,Bicyclists
T20180008099,4/28/2018,12:30:00,1,Collision with vehicle,7,Saturday,133,LANE SIDE SWIPE (VEHICLES IN PARALLEL LANES),1,330414,3,0,1,0,2,3,2,5,Not at intersection,2,60,Arterial Other,40-49,Serious injury,Bicyclists
T20180008121,4/30/2018,8:10:00,1,Collision with vehicle,2,Monday,148,VEHICLE OFF FOOTPATH STRIKES VEH ON CARRIAGEWAY,1,304654,2,0,1,0,2,3,1,1,Cross intersection,2,60,Arterial Highway,30-39,Serious injury,Bicyclists
T20180008140,4/30/2018,15:00:00,1,Collision with vehicle,2,Monday,110,CROSS TRAFFIC(INTERSECTIONS ONLY),1,52509,2,0,0,1,1,2,1,1,Cross intersection,3,60,Local Road,26-29,Other injury,Bicyclists
T20180008156,4/30/2018,18:45:00,1,Collision with vehicle,2,Monday,121,RIGHT THROUGH,3,64515,2,0,1,0,0,1,2,1,Cross intersection,2,60,Arterial Other,26-29,Serious injury,Bicyclists
T20180008211,5/1/2018,17:10:00,1,Collision with vehicle,3,Tuesday,160,VEHICLE COLLIDES WITH VEHICLE PARKED ON LEFT OF ROAD,1,329949,2,0,0,1,1,2,1,5,Not at intersection,3,50,Local Road,50-59,Other injury,Bicyclists
T20180008254,2/2/2018,8:00:00,1,Collision with vehicle,5,Friday,113,RIGHT NEAR (INTERSECTIONS ONLY),1,36229,2,0,0,1,1,2,2,2,T intersection,3,999,Local Road,70+,Other injury,Bicyclists
T20180008317,5/3/2018,9:12:00,6,Vehicle overturned (no collision),5,Thursday,174,OUT OF CONTROL ON CARRIAGEWAY (ON STRAIGHT),1,330388,1,0,0,1,0,1,1,5,Not at intersection,3,60,Arterial Other,30-39,Other injury,Bicyclists
T20180008329,5/3/2018,10:15:00,1,Collision with vehicle,5,Thursday,121,RIGHT THROUGH,1,44068,2,0,0,1,1,2,1,2,T intersection,3,40,Local Road,30-39,Other injury,Bicyclists
T20180008367,5/3/2018,16:40:00,1,Collision with vehicle,5,Thursday,160,VEHICLE COLLIDES WITH VEHICLE PARKED ON LEFT OF ROAD,1,330054,3,0,1,0,2,3,1,5,Not at intersection,2,40,Local Road,40-49,Serious injury,Bicyclists
T20180008372,5/3/2018,16:00:00,1,Collision with vehicle,5,Thursday,148,VEHICLE OFF FOOTPATH STRIKES VEH ON CARRIAGEWAY,1,330040,2,0,0,1,1,2,2,5,Not at intersection,3,40,Local Road,13-15,Other injury,Bicyclists
T20180008373,5/3/2018,20:47:00,1,Collision with vehicle,5,Thursday,163,VEHICLE STRIKES DOOR OF PARKED/STATIONARY VEHICLE,3,332020,2,0,0,1,1,2,2,5,Not at intersection,3,40,Arterial Other,18-21,Other injury,Bicyclists
T20180008402,5/4/2018,7:15:00,1,Collision with vehicle,6,Friday,137,LEFT TURN SIDESWIPE,1,330173,2,0,0,1,2,3,1,1,Cross intersection,3,60,Arterial Other,30-39,Other injury,Bicyclists
T20180008425,5/4/2018,8:30:00,1,Collision with vehicle,6,Friday,110,CROSS TRAFFIC(INTERSECTIONS ONLY),1,36514,2,0,1,0,1,2,1,1,Cross intersection,2,60,Arterial Other,26-29,Serious injury,Bicyclists
T20180008433,5/3/2018,14:15:00,1,Collision with vehicle,5,Thursday,110,CROSS TRAFFIC(INTERSECTIONS ONLY),1,72872,2,0,0,1,1,2,2,4,Multiple intersection,3,60,Local Road,50-59,Other injury,Bicyclists
T20180008444,5/3/2018,8:30:00,9,Other accident,5,Thursday,179,OTHER ACCIDENTS-OFF STRAIGHT NOT INCLUDED IN DCAs 170-175,1,330303,1,0,1,0,0,1,2,5,Not at intersection,2,60,Arterial Other,40-49,Serious injury,Bicyclists
T20180008462,5/3/2018,16:00:00,1,Collision with vehicle,4,Thursday,163,VEHICLE STRIKES DOOR OF PARKED/STATIONARY VEHICLE,1,35360,2,0,0,2,1,3,2,1,Cross intersection,3,40,Local Road,30-39,Other injury,Bicyclists
T20180008487,5/5/2018,8:30:00,1,Collision with vehicle,7,Saturday,110,CROSS TRAFFIC(INTERSECTIONS ONLY),1,42013,2,0,0,1,1,2,1,4,Multiple intersection,3,50,Arterial Other,40-49,Other injury,Bicyclists
T20180008490,5/5/2018,7:25:00,1,Collision with vehicle,7,Saturday,110,CROSS TRAFFIC(INTERSECTIONS ONLY),1,49288,2,0,1,0,1,2,1,1,Cross intersection,2,60,Uknown,50-59,Serious injury,Bicyclists
T20180008511,5/2/2018,16:36:00,8,No collision and no object struck,3,Wednesday,179,OTHER ACCIDENTS-OFF STRAIGHT NOT INCLUDED IN DCAs 170-175,1,359953,2,0,0,1,1,2,2,5,Not at intersection,3,60,Local Road,60-64,Other injury,Bicyclists
T20180008533,5/5/2018,11:09:00,1,Collision with vehicle,7,Saturday,163,VEHICLE STRIKES DOOR OF PARKED/STATIONARY VEHICLE,1,330154,2,0,0,1,1,2,1,5,Not at intersection,3,40,Local Road,50-59,Other injury,Bicyclists
T20180008536,5/5/2018,16:50:00,1,Collision with vehicle,7,Saturday,148,VEHICLE OFF FOOTPATH STRIKES VEH ON CARRIAGEWAY,1,335583,2,0,0,1,1,2,1,5,Not at intersection,3,999,Local Road,18-21,Other injury,Bicyclists
T20180008541,5/5/2018,15:50:00,1,Collision with vehicle,6,Saturday,110,CROSS TRAFFIC(INTERSECTIONS ONLY),1,41099,2,0,0,1,1,2,1,1,Cross intersection,3,50,Local Road,40-49,Other injury,Bicyclists
T20180008557,5/5/2018,11:40:00,1,Collision with vehicle,7,Saturday,199,UNKNOWN-NO DETAILS ON MANOEUVRES OF ROAD-USERS IN ACCIDENT,1,29753,2,0,0,1,1,2,1,5,Not at intersection,3,60,Uknown,30-39,Other injury,Bicyclists
T20180008574,5/6/2018,13:00:00,1,Collision with vehicle,1,Sunday,163,VEHICLE STRIKES DOOR OF PARKED/STATIONARY VEHICLE,1,42,2,0,1,0,1,2,1,2,T intersection,2,40,Arterial Other,26-29,Serious injury,Bicyclists
T20180008597,5/5/2018,12:40:00,1,Collision with vehicle,6,Saturday,130,REAR END(VEHICLES IN SAME LANE),1,330145,2,0,0,1,0,1,2,5,Not at intersection,3,40,Local Road,16-17,Other injury,Bicyclists
T20180008600,5/7/2018,4:53:00,1,Collision with vehicle,2,Monday,111,RIGHT FAR (INTERSECTIONS ONLY),6,337596,2,0,1,0,1,2,9,2,T intersection,2,999,Local Road,30-39,Serious injury,Bicyclists
T20180008617,5/7/2018,8:40:00,1,Collision with vehicle,1,Monday,114,TWO RIGHT TURNING (INTERSECTIONS ONLY),1,254419,2,0,0,1,1,2,2,2,T intersection,3,60,Local Road,40-49,Other injury,Bicyclists
T20180008639,5/7/2018,18:30:00,8,No collision and no object struck,1,Monday,174,OUT OF CONTROL ON CARRIAGEWAY (ON STRAIGHT),1,40128,1,0,0,1,0,1,2,1,Cross intersection,3,50,Local Road,30-39,Other injury,Bicyclists
T20180008670,5/5/2018,3:57:00,1,Collision with vehicle,7,Saturday,120,HEAD ON (NOT OVERTAKING),6,23469,2,0,0,1,1,2,1,5,Not at intersection,3,50,Arterial Other,16-17,Other injury,Bicyclists
T20180008684,5/8/2018,9:45:00,1,Collision with vehicle,3,Tuesday,163,VEHICLE STRIKES DOOR OF PARKED/STATIONARY VEHICLE,1,330354,3,0,1,0,2,3,1,5,Not at intersection,2,40,Arterial Other,30-39,Serious injury,Bicyclists
T20180008685,5/8/2018,8:30:00,1,Collision with vehicle,3,Tuesday,143,ENTERING PARKING,1,330245,2,0,1,0,1,2,1,5,Not at intersection,2,40,Arterial Other,30-39,Serious injury,Bicyclists
T20180008705,5/8/2018,13:16:00,1,Collision with vehicle,3,Tuesday,163,VEHICLE STRIKES DOOR OF PARKED/STATIONARY VEHICLE,1,330286,2,0,0,1,1,2,1,5,Not at intersection,3,60,Arterial Other,22-25,Other injury,Bicyclists
T20180008718,4/30/2018,11:00:00,8,No collision and no object struck,2,Monday,174,OUT OF CONTROL ON CARRIAGEWAY (ON STRAIGHT),1,330211,2,0,1,0,0,1,2,5,Not at intersection,2,60,Arterial Other,60-64,Serious injury,Bicyclists
T20180008744,5/8/2018,16:43:00,1,Collision with vehicle,2,Tuesday,133,LANE SIDE SWIPE (VEHICLES IN PARALLEL LANES),1,336982,2,0,0,1,1,2,2,5,Not at intersection,3,70,Arterial Other,26-29,Other injury,Bicyclists
T20180008751,5/9/2018,0:34:00,1,Collision with vehicle,4,Wednesday,160,VEHICLE COLLIDES WITH VEHICLE PARKED ON LEFT OF ROAD,4,330243,2,0,1,0,0,1,1,5,Not at intersection,2,50,Local Road,22-25,Serious injury,Bicyclists
T20180008761,5/9/2018,8:00:00,8,No collision and no object struck,4,Wednesday,174,OUT OF CONTROL ON CARRIAGEWAY (ON STRAIGHT),9,332503,1,0,0,1,0,1,2,5,Not at intersection,3,999,Arterial Other,26-29,Other injury,Bicyclists
T20180008769,5/9/2018,11:45:00,1,Collision with vehicle,4,Wednesday,121,RIGHT THROUGH,1,73664,2,0,1,0,1,2,1,1,Cross intersection,2,60,Local Road,50-59,Serious injury,Bicyclists
T20180008790,5/9/2018,16:00:00,1,Collision with vehicle,3,Wednesday,116,LEFT NEAR (INTERSECTIONS ONLY),1,359958,2,0,0,1,3,4,1,2,T intersection,3,50,Local Road,60-64,Other injury,Bicyclists
T20180008830,5/10/2018,7:26:00,1,Collision with vehicle,5,Thursday,110,CROSS TRAFFIC(INTERSECTIONS ONLY),1,37485,2,0,0,1,1,2,1,1,Cross intersection,3,40,Local Road,40-49,Other injury,Bicyclists
T20180008834,5/10/2018,6:58:00,1,Collision with vehicle,5,Thursday,132,RIGHT REAR.,3,39363,3,0,1,0,2,3,1,2,T intersection,2,60,Arterial Other,60-64,Serious injury,Bicyclists
T20180008860,5/10/2018,17:00:00,1,Collision with vehicle,5,Thursday,147,VEHICLE STRIKES ANOTHER VEH WHILE EMERGING FROM DRIVEWAY,2,330299,2,0,0,1,1,2,1,5,Not at intersection,3,999,Arterial Other,30-39,Other injury,Bicyclists
T20180008886,5/10/2018,19:45:00,1,Collision with vehicle,5,Thursday,113,RIGHT NEAR (INTERSECTIONS ONLY),3,15145,2,0,1,0,1,2,1,2,T intersection,2,80,Arterial Other,22-25,Serious injury,Bicyclists
T20180008961,5/11/2018,19:10:00,8,No collision and no object struck,6,Friday,174,OUT OF CONTROL ON CARRIAGEWAY (ON STRAIGHT),3,330336,2,0,0,1,1,2,1,2,T intersection,3,50,Local Road,16-17,Other injury,Bicyclists
T20180008982,5/12/2018,9:15:00,1,Collision with vehicle,6,Saturday,121,RIGHT THROUGH,1,34317,2,0,0,2,0,2,1,2,T intersection,3,80,Arterial Other,40-49,Other injury,Bicyclists
T20180008984,5/11/2018,15:45:00,1,Collision with vehicle,6,Friday,133,LANE SIDE SWIPE (VEHICLES IN PARALLEL LANES),1,332349,2,0,0,1,1,2,2,2,T intersection,3,999,Local Road,16-17,Other injury,Bicyclists
T20180009009,4/30/2018,7:45:00,1,Collision with vehicle,2,Monday,116,LEFT NEAR (INTERSECTIONS ONLY),1,69023,2,0,0,1,1,2,2,2,T intersection,3,60,Arterial Highway,40-49,Other injury,Bicyclists
T20180009041,5/13/2018,13:00:00,1,Collision with vehicle,1,Sunday,163,VEHICLE STRIKES DOOR OF PARKED/STATIONARY VEHICLE,1,330415,2,0,1,0,1,2,1,5,Not at intersection,2,50,Local Road,22-25,Serious injury,Bicyclists
T20180009090,5/14/2018,8:40:00,1,Collision with vehicle,2,Monday,121,RIGHT THROUGH,1,40482,2,0,0,1,1,2,2,3,Y intersection,3,60,Local Road,13-15,Other injury,Bicyclists
T20180009094,5/14/2018,10:14:00,1,Collision with vehicle,1,Monday,121,RIGHT THROUGH,1,31046,2,0,0,1,1,2,1,1,Cross intersection,3,50,Local Road,30-39,Other injury,Bicyclists
T20180009102,5/14/2018,6:50:00,1,Collision with vehicle,2,Monday,113,RIGHT NEAR (INTERSECTIONS ONLY),2,330552,2,0,0,1,1,2,1,2,T intersection,3,60,Local Road,30-39,Other injury,Bicyclists
T20180009209,5/15/2018,18:25:00,1,Collision with vehicle,3,Tuesday,163,VEHICLE STRIKES DOOR OF PARKED/STATIONARY VEHICLE,3,330461,2,0,0,1,1,2,1,5,Not at intersection,3,60,Arterial Other,30-39,Other injury,Bicyclists
T20180009242,5/8/2018,16:00:00,1,Collision with vehicle,3,Tuesday,110,CROSS TRAFFIC(INTERSECTIONS ONLY),1,42835,2,0,0,1,1,2,2,1,Cross intersection,3,50,Local Road,60-64,Other injury,Bicyclists
T20180009252,5/16/2018,12:00:00,1,Collision with vehicle,4,Wednesday,142,LEAVING PARKING,1,330562,2,0,1,0,2,3,1,5,Not at intersection,2,50,Local Road,50-59,Serious injury,Bicyclists
T20180009256,5/16/2018,14:50:00,1,Collision with vehicle,3,Wednesday,137,LEFT TURN SIDESWIPE,1,36022,2,0,0,1,1,2,2,1,Cross intersection,3,50,Arterial Other,26-29,Other injury,Bicyclists
T20180009260,5/16/2018,7:45:00,1,Collision with vehicle,4,Wednesday,113,RIGHT NEAR (INTERSECTIONS ONLY),9,62792,2,0,0,1,1,2,2,2,T intersection,3,50,Local Road,26-29,Other injury,Bicyclists
T20180009300,5/17/2018,8:35:00,1,Collision with vehicle,5,Thursday,110,CROSS TRAFFIC(INTERSECTIONS ONLY),1,49216,2,0,0,1,1,2,1,1,Cross intersection,3,50,Local Road,16-17,Other injury,Bicyclists
T20180009306,5/17/2018,11:40:00,1,Collision with vehicle,4,Thursday,137,LEFT TURN SIDESWIPE,1,335585,2,0,0,1,1,2,1,5,Not at intersection,3,60,Uknown,50-59,Other injury,Bicyclists
T20180009317,4/24/2018,16:24:00,1,Collision with vehicle,3,Tuesday,163,VEHICLE STRIKES DOOR OF PARKED/STATIONARY VEHICLE,1,330587,2,0,0,1,1,2,2,5,Not at intersection,3,60,Local Road,40-49,Other injury,Bicyclists
T20180009319,5/17/2018,9:00:00,2,Struck Pedestrian,5,Thursday,103,PED PLAYING/LYING/WORKING/STANDING ON CARRIAGEWAY.,1,332866,1,0,0,2,0,2,1,5,Not at intersection,3,50,Arterial Other,40-49,Other injury,Bicyclists
T20180009332,5/17/2018,15:15:00,1,Collision with vehicle,5,Thursday,134,LANE CHANGE RIGHT (NOT OVERTAKING),1,330661,2,0,1,0,1,2,1,1,Cross intersection,2,40,Uknown,26-29,Serious injury,Bicyclists
T20180009343,5/17/2018,15:10:00,1,Collision with vehicle,5,Thursday,137,LEFT TURN SIDESWIPE,1,42746,2,0,1,0,0,1,1,1,Cross intersection,2,60,Arterial Highway,65-69,Serious injury,Bicyclists
T20180009391,5/17/2018,8:00:00,1,Collision with vehicle,5,Thursday,133,LANE SIDE SWIPE (VEHICLES IN PARALLEL LANES),1,330622,2,0,0,1,1,2,2,5,Not at intersection,3,60,Arterial Other,22-25,Other injury,Bicyclists
T20180009431,5/11/2018,7:15:00,1,Collision with vehicle,6,Friday,163,VEHICLE STRIKES DOOR OF PARKED/STATIONARY VEHICLE,2,331138,2,0,1,0,1,2,2,5,Not at intersection,2,999,Arterial Other,40-49,Serious injury,Bicyclists
T20180009504,5/19/2018,13:00:00,8,No collision and no object struck,7,Saturday,174,OUT OF CONTROL ON CARRIAGEWAY (ON STRAIGHT),1,37192,1,0,0,1,0,1,2,1,Cross intersection,3,60,Arterial Other,30-39,Other injury,Bicyclists
T20180009521,4/19/2018,17:45:00,1,Collision with vehicle,5,Thursday,163,VEHICLE STRIKES DOOR OF PARKED/STATIONARY VEHICLE,2,330998,2,0,1,0,1,2,2,2,T intersection,2,60,Local Road,40-49,Serious injury,Bicyclists
T20180009542,5/3/2018,8:13:00,1,Collision with vehicle,5,Thursday,121,RIGHT THROUGH,1,37961,2,0,0,1,1,2,2,2,T intersection,3,60,Arterial Other,50-59,Other injury,Bicyclists
T20180009563,5/21/2018,11:10:00,1,Collision with vehicle,2,Monday,110,CROSS TRAFFIC(INTERSECTIONS ONLY),1,51720,2,0,1,0,1,2,1,1,Cross intersection,2,60,Local Road,60-64,Serious injury,Bicyclists
T20180009584,5/21/2018,15:43:00,1,Collision with vehicle,2,Monday,163,VEHICLE STRIKES DOOR OF PARKED/STATIONARY VEHICLE,1,580544,2,0,0,1,5,6,1,5,Not at intersection,3,40,Local Road,30-39,Other injury,Bicyclists
T20180009594,5/21/2018,18:45:00,1,Collision with vehicle,2,Monday,113,RIGHT NEAR (INTERSECTIONS ONLY),6,47921,2,0,0,1,1,2,2,2,T intersection,3,50,Local Road,22-25,Other injury,Bicyclists
T20180009599,5/21/2018,14:55:00,1,Collision with vehicle,2,Monday,148,VEHICLE OFF FOOTPATH STRIKES VEH ON CARRIAGEWAY,1,41709,2,0,0,1,1,2,1,2,T intersection,3,50,Arterial Other,26-29,Other injury,Bicyclists
T20180009653,5/14/2018,17:30:00,1,Collision with vehicle,2,Monday,110,CROSS TRAFFIC(INTERSECTIONS ONLY),9,41179,2,0,0,1,1,2,2,1,Cross intersection,3,60,Arterial Other,40-49,Other injury,Bicyclists
T20180009736,5/22/2018,17:20:00,1,Collision with vehicle,3,Tuesday,163,VEHICLE STRIKES DOOR OF PARKED/STATIONARY VEHICLE,9,330948,2,0,0,1,2,3,2,1,Cross intersection,3,40,Local Road,40-49,Other injury,Bicyclists
T20180009745,5/17/2018,9:15:00,1,Collision with vehicle,5,Thursday,121,RIGHT THROUGH,1,330803,2,0,0,1,1,2,2,5,Not at intersection,3,40,Local Road,26-29,Other injury,Bicyclists
T20180009747,5/23/2018,15:35:00,1,Collision with vehicle,4,Wednesday,148,VEHICLE OFF FOOTPATH STRIKES VEH ON CARRIAGEWAY,1,331136,2,0,0,1,1,2,1,5,Not at intersection,3,30,Uknown,45424,Other injury,Bicyclists
T20180009771,5/23/2018,9:34:00,1,Collision with vehicle,4,Wednesday,110,CROSS TRAFFIC(INTERSECTIONS ONLY),1,35977,2,0,1,0,1,2,1,1,Cross intersection,2,50,Local Road,30-39,Serious injury,Bicyclists
T20180009775,5/23/2018,17:40:00,1,Collision with vehicle,4,Wednesday,163,VEHICLE STRIKES DOOR OF PARKED/STATIONARY VEHICLE,6,330933,2,0,0,1,1,2,2,5,Not at intersection,3,60,Arterial Other,16-17,Other injury,Bicyclists
T20180009811,5/24/2018,18:20:00,1,Collision with vehicle,5,Thursday,113,RIGHT NEAR (INTERSECTIONS ONLY),3,330945,2,0,1,0,1,2,1,2,T intersection,2,70,Arterial Other,30-39,Serious injury,Bicyclists
T20180009815,5/18/2018,18:30:00,1,Collision with vehicle,6,Friday,121,RIGHT THROUGH,3,337625,2,0,0,1,1,2,2,5,Not at intersection,3,999,Local Road,30-39,Other injury,Bicyclists
T20180009891,5/25/2018,18:00:00,1,Collision with vehicle,6,Friday,121,RIGHT THROUGH,3,64919,2,0,1,0,1,2,1,2,T intersection,2,60,Local Road,40-49,Serious injury,Bicyclists
T20180009905,5/25/2018,18:45:00,1,Collision with vehicle,6,Friday,116,LEFT NEAR (INTERSECTIONS ONLY),3,331357,2,0,1,0,1,2,1,2,T intersection,2,40,Local Road,30-39,Serious injury,Bicyclists
T20180009967,5/26/2018,14:55:00,1,Collision with vehicle,7,Saturday,112,LEFT FAR (INTERSECTIONS ONLY),1,331077,2,0,0,1,0,1,1,2,T intersection,3,50,Local Road,40-49,Other injury,Bicyclists
T20180010013,5/20/2018,10:00:00,1,Collision with vehicle,1,Sunday,133,LANE SIDE SWIPE (VEHICLES IN PARALLEL LANES),1,332441,2,0,0,1,1,2,2,5,Not at intersection,3,50,Arterial Other,16-17,Other injury,Bicyclists
T20180010021,5/27/2018,17:13:00,1,Collision with vehicle,1,Sunday,121,RIGHT THROUGH,2,69650,2,0,1,0,1,2,1,2,T intersection,2,60,Arterial Other,30-39,Serious injury,Bicyclists
T20180010050,5/28/2018,9:15:00,1,Collision with vehicle,2,Monday,121,RIGHT THROUGH,1,37543,2,0,1,0,1,2,1,1,Cross intersection,2,40,Arterial Other,30-39,Serious injury,Bicyclists
T20180010065,5/28/2018,14:37:00,1,Collision with vehicle,2,Monday,110,CROSS TRAFFIC(INTERSECTIONS ONLY),1,68032,2,0,0,1,1,2,1,1,Cross intersection,3,50,Local Road,26-29,Other injury,Bicyclists
T20180010068,5/25/2018,1:59:00,1,Collision with vehicle,6,Friday,140,U TURN,3,36806,2,0,0,1,1,2,2,1,Cross intersection,3,60,Local Road,22-25,Other injury,Bicyclists
T20180010069,5/28/2018,12:20:00,1,Collision with vehicle,2,Monday,110,CROSS TRAFFIC(INTERSECTIONS ONLY),1,29357,2,0,0,1,1,2,2,1,Cross intersection,3,60,Local Road,40-49,Other injury,Bicyclists
T20180010077,5/21/2018,18:20:00,1,Collision with vehicle,2,Monday,113,RIGHT NEAR (INTERSECTIONS ONLY),6,322,2,0,0,1,1,2,2,2,T intersection,3,777,Local Road,26-29,Other injury,Bicyclists
T20180010081,5/28/2018,13:30:00,1,Collision with vehicle,2,Monday,163,VEHICLE STRIKES DOOR OF PARKED/STATIONARY VEHICLE,9,331714,2,0,0,1,1,2,2,5,Not at intersection,3,60,Arterial Other,22-25,Other injury,Bicyclists
T20180010119,5/29/2018,7:07:00,1,Collision with vehicle,3,Tuesday,110,CROSS TRAFFIC(INTERSECTIONS ONLY),6,29756,2,0,0,1,1,2,2,1,Cross intersection,3,50,Uknown,30-39,Other injury,Bicyclists
T20180010132,5/26/2018,9:30:00,1,Collision with vehicle,7,Saturday,163,VEHICLE STRIKES DOOR OF PARKED/STATIONARY VEHICLE,1,262027,2,0,0,1,1,2,2,2,T intersection,3,60,Local Road,30-39,Other injury,Bicyclists
T20180010141,5/29/2018,8:15:00,1,Collision with vehicle,3,Tuesday,130,REAR END(VEHICLES IN SAME LANE),1,45513,2,0,1,0,0,1,2,1,Cross intersection,2,50,Arterial Other,26-29,Serious injury,Bicyclists
T20180010149,5/29/2018,14:55:00,1,Collision with vehicle,3,Tuesday,163,VEHICLE STRIKES DOOR OF PARKED/STATIONARY VEHICLE,1,332241,2,0,0,1,2,3,2,5,Not at intersection,3,40,Local Road,22-25,Other injury,Bicyclists
T20180010167,5/29/2018,14:45:00,1,Collision with vehicle,3,Tuesday,139,OTHER SAME DIRECTION-MANOUEVRES NOT INCLUDED IN DCAs 130-137,1,331052,2,0,0,1,1,2,2,2,T intersection,3,40,Arterial Other,30-39,Other injury,Bicyclists
T20180010193,5/30/2018,15:45:00,1,Collision with vehicle,3,Wednesday,163,VEHICLE STRIKES DOOR OF PARKED/STATIONARY VEHICLE,1,331083,2,0,0,1,1,2,1,5,Not at intersection,3,40,Arterial Other,40-49,Other injury,Bicyclists
T20180010208,5/30/2018,19:10:00,1,Collision with vehicle,4,Wednesday,116,LEFT NEAR (INTERSECTIONS ONLY),3,339000,2,0,0,1,1,2,1,2,T intersection,3,999,Local Road,30-39,Other injury,Bicyclists
T20180010210,5/30/2018,19:15:00,1,Collision with vehicle,4,Wednesday,137,LEFT TURN SIDESWIPE,3,40120,2,0,0,1,1,2,2,5,Not at intersection,3,60,Arterial Highway,40-49,Other injury,Bicyclists
T20180010243,5/26/2018,11:30:00,1,Collision with vehicle,7,Saturday,121,RIGHT THROUGH,1,36344,2,0,0,1,1,2,2,1,Cross intersection,3,60,Local Road,30-39,Other injury,Bicyclists
T20180010253,5/31/2018,10:30:00,1,Collision with vehicle,5,Thursday,116,LEFT NEAR (INTERSECTIONS ONLY),1,311994,2,0,1,0,1,2,1,2,T intersection,2,80,Arterial Other,Unknown,Serious injury,Bicyclists
T20180010289,5/31/2018,20:10:00,1,Collision with vehicle,5,Thursday,147,VEHICLE STRIKES ANOTHER VEH WHILE EMERGING FROM DRIVEWAY,3,331075,2,0,0,1,6,7,1,5,Not at intersection,3,999,Local Road,30-39,Other injury,Bicyclists
T20180010301,5/31/2018,9:00:00,1,Collision with vehicle,5,Thursday,148,VEHICLE OFF FOOTPATH STRIKES VEH ON CARRIAGEWAY,1,275348,2,0,1,0,1,2,1,5,Not at intersection,2,60,Arterial Other,50-59,Serious injury,Bicyclists
T20180010337,6/1/2018,16:29:00,1,Collision with vehicle,6,Friday,121,RIGHT THROUGH,1,57393,2,0,1,0,1,2,1,2,T intersection,2,60,Arterial Other,26-29,Serious injury,Bicyclists
T20180010385,5/31/2018,8:25:00,1,Collision with vehicle,5,Thursday,116,LEFT NEAR (INTERSECTIONS ONLY),1,68973,2,0,0,1,1,2,9,2,T intersection,3,50,Local Road,13-15,Other injury,Bicyclists
T20180010402,6/2/2018,15:40:00,1,Collision with vehicle,7,Saturday,163,VEHICLE STRIKES DOOR OF PARKED/STATIONARY VEHICLE,1,117835,2,0,0,1,1,2,1,5,Not at intersection,3,999,Local Road,26-29,Other injury,Bicyclists
T20180010423,6/3/2018,7:05:00,1,Collision with vehicle,1,Sunday,116,LEFT NEAR (INTERSECTIONS ONLY),1,36243,2,0,0,1,1,2,1,2,T intersection,3,80,Arterial Highway,40-49,Other injury,Bicyclists
T20180010430,4/27/2018,8:40:00,4,Collision with a fixed object,6,Friday,181,OFF RIGHT BEND INTO OBJECT/PARKED VEHICLE,9,331322,1,0,1,0,0,1,2,5,Not at intersection,2,50,Local Road,26-29,Serious injury,Bicyclists
T20180010455,6/3/2018,9:45:00,1,Collision with vehicle,1,Sunday,133,LANE SIDE SWIPE (VEHICLES IN PARALLEL LANES),1,331170,2,0,0,1,1,2,2,5,Not at intersection,3,999,Local Road,40-49,Other injury,Bicyclists
T20180010481,5/23/2018,18:00:00,1,Collision with vehicle,4,Wednesday,163,VEHICLE STRIKES DOOR OF PARKED/STATIONARY VEHICLE,3,36267,2,0,0,1,3,4,2,1,Cross intersection,3,40,Local Road,30-39,Other injury,Bicyclists
T20180010486,6/3/2018,13:40:00,1,Collision with vehicle,1,Sunday,110,CROSS TRAFFIC(INTERSECTIONS ONLY),1,29581,2,0,1,0,1,2,1,1,Cross intersection,2,50,Arterial Other,40-49,Serious injury,Bicyclists
T20180010490,6/4/2018,11:30:00,1,Collision with vehicle,2,Monday,113,RIGHT NEAR (INTERSECTIONS ONLY),9,41590,2,0,0,1,1,2,2,2,T intersection,3,999,Local Road,30-39,Other injury,Bicyclists
T20180010532,6/4/2018,7:00:00,1,Collision with vehicle,2,Monday,122,LEFT THROUGH,9,335738,2,0,0,1,1,2,2,2,T intersection,3,50,Local Road,40-49,Other injury,Bicyclists
T20180010536,3/29/2018,15:00:00,1,Collision with vehicle,5,Thursday,111,RIGHT FAR (INTERSECTIONS ONLY),1,40012,2,0,0,1,0,1,2,2,T intersection,3,40,Local Road,30-39,Other injury,Bicyclists
T20180010600,6/5/2018,13:16:00,1,Collision with vehicle,3,Tuesday,110,CROSS TRAFFIC(INTERSECTIONS ONLY),1,326348,2,0,1,0,2,3,1,1,Cross intersection,2,50,Local Road,40-49,Serious injury,Bicyclists
T20180010644,6/6/2018,5:45:00,1,Collision with vehicle,4,Wednesday,121,RIGHT THROUGH,3,29529,2,0,1,0,1,2,1,1,Cross intersection,2,60,Arterial Highway,50-59,Serious injury,Bicyclists
T20180010647,6/6/2018,7:10:00,1,Collision with vehicle,4,Wednesday,110,CROSS TRAFFIC(INTERSECTIONS ONLY),3,42062,2,0,1,0,1,2,1,1,Cross intersection,2,888,Arterial Other,18-21,Serious injury,Bicyclists