ACCIDENT_NO,ACCIDENT_DATE,ACCIDENT_TIME,ACCIDENT_TYPE,ACCIDENT_TYPE_DESC,DAY_OF_WEEK,DAY_WEEK_DESC,DCA_CODE,DCA_DESC,LIGHT_CONDITION,NODE_ID,NO_OF_VEHICLES,NO_PERSONS_KILLED,NO_PERSONS_INJ_2,NO_PERSONS_INJ_3,NO_PERSONS_NOT_INJ,NO_PERSONS,POLICE_ATTEND,ROAD_GEOMETRY,ROAD_GEOMETRY_DESC,SEVERITY,SPEED_ZONE,RMA,AGE_GROUP,INJ_LEVEL,ROAD_USER_TYPE_DESC
T20180010667,6/5/2018,7:20:00,1,Collision with vehicle,3,Tuesday,110,CROSS TRAFFIC(INTERSECTIONS ONLY),2,29359,2,0,0,1,1,2,2,1,Cross intersection,3,50,Local Road,22-25,Other injury,Bicyclists
T20180010723,6/7/2018,7:35:00,1,Collision with vehicle,5,Thursday,137,LEFT TURN SIDESWIPE,1,331341,2,0,0,1,1,2,1,5,Not at intersection,3,60,Arterial Other,30-39,Other injury,Bicyclists
T20180010738,6/7/2018,16:30:00,1,Collision with vehicle,5,Thursday,121,RIGHT THROUGH,2,44285,2,0,0,1,1,2,2,2,T intersection,3,60,Arterial Other,22-25,Other injury,Bicyclists
T20180010741,6/6/2018,19:20:00,1,Collision with vehicle,4,Wednesday,121,RIGHT THROUGH,3,29422,2,0,0,1,1,2,2,1,Cross intersection,3,40,Local Road,40-49,Not injured,Drivers
T20180010747,6/7/2018,19:28:00,1,Collision with vehicle,5,Thursday,160,VEHICLE COLLIDES WITH VEHICLE PARKED ON LEFT OF ROAD,3,331361,2,0,0,1,1,2,1,5,Not at intersection,3,50,Local Road,30-39,Other injury,Bicyclists
T20180010772,6/8/2018,7:14:00,1,Collision with vehicle,6,Friday,163,VEHICLE STRIKES DOOR OF PARKED/STATIONARY VEHICLE,1,331556,2,0,1,0,1,2,2,5,Not at intersection,2,50,Arterial Other,50-59,Serious injury,Bicyclists
T20180010787,6/2/2018,14:00:00,1,Collision with vehicle,7,Saturday,137,LEFT TURN SIDESWIPE,1,331986,2,0,0,1,1,2,2,1,Cross intersection,3,60,Local Road,50-59,Other injury,Bicyclists
T20180010797,6/2/2018,7:30:00,1,Collision with vehicle,7,Saturday,130,REAR END(VEHICLES IN SAME LANE),2,331429,3,0,0,2,1,3,2,5,Not at intersection,3,60,Local Road,30-39,Other injury,Bicyclists
T20180010845,6/5/2018,18:30:00,1,Collision with vehicle,3,Tuesday,113,RIGHT NEAR (INTERSECTIONS ONLY),3,43321,2,0,0,1,1,2,2,2,T intersection,3,60,Uknown,40-49,Other injury,Bicyclists
T20180010864,6/9/2018,14:00:00,1,Collision with vehicle,7,Saturday,121,RIGHT THROUGH,1,73927,2,0,1,0,1,2,1,4,Multiple intersection,2,50,Local Road,40-49,Serious injury,Bicyclists
T20180010875,6/9/2018,10:30:00,1,Collision with vehicle,7,Saturday,113,RIGHT NEAR (INTERSECTIONS ONLY),1,331419,2,0,0,1,2,3,1,2,T intersection,3,60,Arterial Other,16-17,Other injury,Bicyclists
T20180010880,5/5/2018,10:45:00,1,Collision with vehicle,7,Saturday,153,CUTTING IN (OVERTAKING),1,331365,2,0,0,1,1,2,2,5,Not at intersection,3,70,Arterial Highway,40-49,Other injury,Bicyclists
T20180010885,6/9/2018,18:10:00,1,Collision with vehicle,7,Saturday,110,CROSS TRAFFIC(INTERSECTIONS ONLY),3,43878,2,0,0,1,1,2,1,1,Cross intersection,3,50,Local Road,60-64,Other injury,Bicyclists
T20180010916,6/10/2018,9:30:00,1,Collision with vehicle,0,Sunday,137,LEFT TURN SIDESWIPE,1,56513,2,0,1,0,1,2,1,5,Not at intersection,2,50,Arterial Other,50-59,Serious injury,Bicyclists
T20180010919,6/9/2018,16:30:00,1,Collision with vehicle,7,Saturday,111,RIGHT FAR (INTERSECTIONS ONLY),1,29415,2,0,0,1,0,1,2,2,T intersection,3,40,Arterial Other,22-25,Other injury,Bicyclists
T20180010924,1/7/2018,11:30:00,8,No collision and no object struck,1,Sunday,174,OUT OF CONTROL ON CARRIAGEWAY (ON STRAIGHT),9,331625,1,0,0,1,0,1,2,5,Not at intersection,3,60,Arterial Highway,65-69,Other injury,Bicyclists
T20180010953,6/11/2018,7:00:00,1,Collision with vehicle,2,Monday,148,VEHICLE OFF FOOTPATH STRIKES VEH ON CARRIAGEWAY,1,331427,2,0,0,1,0,1,1,2,T intersection,3,60,Arterial Other,45424,Other injury,Bicyclists
T20180010963,6/11/2018,12:10:00,1,Collision with vehicle,2,Monday,140,U TURN,1,331790,2,0,1,0,1,2,1,5,Not at intersection,2,40,Local Road,70+,Serious injury,Bicyclists
T20180010970,6/11/2018,10:50:00,1,Collision with vehicle,2,Monday,121,RIGHT THROUGH,1,332480,2,0,1,0,1,2,1,2,T intersection,2,50,Local Road,40-49,Serious injury,Bicyclists
T20180010971,6/11/2018,14:26:00,1,Collision with vehicle,2,Monday,110,CROSS TRAFFIC(INTERSECTIONS ONLY),1,42037,2,0,0,1,1,2,2,1,Cross intersection,3,60,Local Road,50-59,Other injury,Bicyclists
T20180010991,6/11/2018,10:30:00,1,Collision with vehicle,2,Monday,130,REAR END(VEHICLES IN SAME LANE),1,331412,2,1,0,0,1,2,1,5,Not at intersection,1,100,Arterial Highway,60-64,Fatality,Bicyclists
T20180011049,6/12/2018,16:25:00,1,Collision with vehicle,3,Tuesday,110,CROSS TRAFFIC(INTERSECTIONS ONLY),1,43960,2,0,0,1,1,2,1,1,Cross intersection,3,100,Arterial Highway,50-59,Other injury,Bicyclists
T20180011059,6/12/2018,20:30:00,1,Collision with vehicle,3,Tuesday,121,RIGHT THROUGH,5,36804,2,0,0,1,1,2,1,1,Cross intersection,3,60,Local Road,22-25,Other injury,Bicyclists
T20180011075,6/13/2018,6:55:00,1,Collision with vehicle,4,Wednesday,116,LEFT NEAR (INTERSECTIONS ONLY),3,40157,2,0,1,0,1,2,1,2,T intersection,2,40,Arterial Other,40-49,Serious injury,Bicyclists
T20180011076,4/9/2018,7:50:00,8,No collision and no object struck,2,Monday,170,OFF CARRIAGEWAY TO LEFT,1,331559,1,0,0,1,0,1,2,5,Not at intersection,3,50,Arterial Other,50-59,Other injury,Bicyclists
T20180011099,6/13/2018,15:30:00,1,Collision with vehicle,4,Wednesday,110,CROSS TRAFFIC(INTERSECTIONS ONLY),1,35946,2,0,1,0,1,2,1,1,Cross intersection,2,50,Local Road,40-49,Serious injury,Bicyclists
T20180011116,6/13/2018,18:20:00,1,Collision with vehicle,4,Wednesday,115,RIGHT/LEFT FAR (INTERSECTIONS ONLY),3,331924,2,0,0,1,1,2,1,1,Cross intersection,3,50,Freeway,30-39,Other injury,Bicyclists
T20180011117,2/2/2018,7:55:00,1,Collision with vehicle,6,Friday,147,VEHICLE STRIKES ANOTHER VEH WHILE EMERGING FROM DRIVEWAY,1,331602,2,0,0,1,1,2,2,5,Not at intersection,3,888,Arterial Other,18-21,Other injury,Bicyclists
T20180011148,6/14/2018,7:30:00,1,Collision with vehicle,5,Thursday,121,RIGHT THROUGH,1,42037,2,0,1,0,1,2,1,1,Cross intersection,2,60,Local Road,50-59,Serious injury,Bicyclists
T20180011153,5/30/2018,6:15:00,1,Collision with vehicle,4,Wednesday,114,TWO RIGHT TURNING (INTERSECTIONS ONLY),2,46085,2,0,0,1,1,2,1,4,Multiple intersection,3,70,Arterial Highway,50-59,Other injury,Bicyclists
T20180011155,6/14/2018,7:10:00,1,Collision with vehicle,5,Thursday,113,RIGHT NEAR (INTERSECTIONS ONLY),9,840,2,0,1,0,1,2,2,2,T intersection,2,60,Arterial Other,40-49,Serious injury,Bicyclists
T20180011177,6/14/2018,14:30:00,1,Collision with vehicle,5,Thursday,113,RIGHT NEAR (INTERSECTIONS ONLY),1,36147,2,0,0,1,1,2,1,2,T intersection,3,80,Arterial Other,40-49,Other injury,Bicyclists
T20180011182,6/14/2018,15:36:00,8,No collision and no object struck,5,Thursday,174,OUT OF CONTROL ON CARRIAGEWAY (ON STRAIGHT),1,331615,2,0,1,0,1,2,1,5,Not at intersection,2,60,Arterial Other,30-39,Serious injury,Bicyclists
T20180011189,6/14/2018,11:00:00,2,Struck Pedestrian,5,Thursday,106,VEH STRIKES PED ON FOOTPATH/MEDIAN/TRAFFIC ISLAND.,9,331600,1,0,0,1,1,2,2,5,Not at intersection,3,888,Local Road,13-15,Not injured,Bicyclists
T20180011204,5/31/2018,8:30:00,1,Collision with vehicle,5,Thursday,137,LEFT TURN SIDESWIPE,1,38887,2,0,1,0,1,2,2,2,T intersection,2,60,Arterial Other,30-39,Serious injury,Bicyclists
T20180011208,6/5/2018,18:00:00,1,Collision with vehicle,3,Tuesday,121,RIGHT THROUGH,3,70298,2,0,0,1,1,2,1,2,T intersection,3,50,Local Road,40-49,Other injury,Bicyclists
T20180011215,6/8/2018,10:10:00,6,Vehicle overturned (no collision),6,Friday,174,OUT OF CONTROL ON CARRIAGEWAY (ON STRAIGHT),1,332169,1,0,0,1,0,1,2,5,Not at intersection,3,60,Local Road,40-49,Other injury,Bicyclists
T20180011243,6/15/2018,15:15:00,1,Collision with vehicle,6,Friday,136,RIGHT TURN SIDESWIPE,1,337661,2,0,1,0,0,1,1,1,Cross intersection,2,60,Arterial Other,50-59,Serious injury,Bicyclists
T20180011379,6/13/2018,16:34:00,1,Collision with vehicle,3,Wednesday,110,CROSS TRAFFIC(INTERSECTIONS ONLY),1,62065,2,0,0,1,1,2,1,1,Cross intersection,3,50,Local Road,26-29,Other injury,Bicyclists
T20180011415,6/18/2018,10:00:00,1,Collision with vehicle,2,Monday,137,LEFT TURN SIDESWIPE,1,332474,2,0,0,1,1,2,2,5,Not at intersection,3,50,Local Road,26-29,Other injury,Bicyclists
T20180011433,6/15/2018,7:10:00,1,Collision with vehicle,6,Friday,112,LEFT FAR (INTERSECTIONS ONLY),1,332009,2,0,0,1,1,2,2,2,T intersection,3,60,Local Road,30-39,Other injury,Bicyclists
T20180011462,6/19/2018,8:00:00,1,Collision with vehicle,3,Tuesday,110,CROSS TRAFFIC(INTERSECTIONS ONLY),1,52852,2,0,0,1,1,2,1,1,Cross intersection,3,60,Uknown,65-69,Other injury,Bicyclists
T20180011471,6/19/2018,10:30:00,8,No collision and no object struck,3,Tuesday,174,OUT OF CONTROL ON CARRIAGEWAY (ON STRAIGHT),1,331776,2,0,0,1,1,2,1,2,T intersection,3,50,Local Road,70+,Other injury,Bicyclists
T20180011485,6/19/2018,15:05:00,1,Collision with vehicle,3,Tuesday,135,LANE CHANGE LEFT (NOT OVERTAKING),1,332719,2,0,1,0,1,2,1,4,Multiple intersection,2,50,Arterial Other,50-59,Serious injury,Bicyclists
T20180011495,6/19/2018,18:00:00,1,Collision with vehicle,3,Tuesday,110,CROSS TRAFFIC(INTERSECTIONS ONLY),3,42520,2,0,0,1,1,2,2,1,Cross intersection,3,999,Arterial Other,26-29,Other injury,Bicyclists
T20180011500,6/19/2018,18:35:00,1,Collision with vehicle,2,Tuesday,148,VEHICLE OFF FOOTPATH STRIKES VEH ON CARRIAGEWAY,3,331793,2,0,1,0,1,2,1,5,Not at intersection,2,60,Arterial Other,22-25,Serious injury,Bicyclists
T20180011522,6/20/2018,6:10:00,1,Collision with vehicle,4,Wednesday,130,REAR END(VEHICLES IN SAME LANE),3,332617,2,0,1,0,1,2,1,5,Not at intersection,2,60,Arterial Other,50-59,Serious injury,Bicyclists
T20180011523,6/20/2018,6:05:00,1,Collision with vehicle,4,Wednesday,113,RIGHT NEAR (INTERSECTIONS ONLY),3,72333,2,0,1,0,1,2,1,2,T intersection,2,60,Local Road,40-49,Serious injury,Bicyclists
T20180011561,6/14/2018,19:00:00,1,Collision with vehicle,5,Thursday,133,LANE SIDE SWIPE (VEHICLES IN PARALLEL LANES),5,45577,2,0,0,1,0,1,2,5,Not at intersection,3,60,Local Road,26-29,Other injury,Bicyclists
T20180011578,6/20/2018,13:00:00,1,Collision with vehicle,4,Wednesday,147,VEHICLE STRIKES ANOTHER VEH WHILE EMERGING FROM DRIVEWAY,9,335510,2,0,0,1,1,2,2,5,Not at intersection,3,60,Arterial Other,50-59,Other injury,Bicyclists
T20180011632,6/19/2018,16:40:00,1,Collision with vehicle,3,Tuesday,163,VEHICLE STRIKES DOOR OF PARKED/STATIONARY VEHICLE,1,335761,2,0,0,1,2,3,2,5,Not at intersection,3,40,Local Road,30-39,Other injury,Bicyclists
T20180011636,6/21/2018,16:35:00,1,Collision with vehicle,5,Thursday,134,LANE CHANGE RIGHT (NOT OVERTAKING),1,332228,2,0,1,0,1,2,1,5,Not at intersection,2,80,Arterial Highway,45424,Serious injury,Bicyclists
T20180011642,6/21/2018,16:01:00,1,Collision with vehicle,5,Thursday,163,VEHICLE STRIKES DOOR OF PARKED/STATIONARY VEHICLE,1,332093,2,0,0,1,2,3,1,2,T intersection,3,40,Local Road,50-59,Other injury,Bicyclists
T20180011697,5/24/2018,22:00:00,8,No collision and no object struck,5,Thursday,174,OUT OF CONTROL ON CARRIAGEWAY (ON STRAIGHT),9,57421,1,0,0,1,0,1,2,2,T intersection,3,60,Arterial Highway,50-59,Other injury,Bicyclists
T20180011711,6/21/2018,19:30:00,1,Collision with vehicle,5,Thursday,163,VEHICLE STRIKES DOOR OF PARKED/STATIONARY VEHICLE,3,331833,3,0,1,0,1,2,1,5,Not at intersection,2,50,Local Road,26-29,Serious injury,Bicyclists
T20180011738,5/11/2018,15:35:00,1,Collision with vehicle,6,Friday,121,RIGHT THROUGH,1,252362,2,0,0,1,1,2,2,2,T intersection,3,999,Arterial Other,30-39,Other injury,Bicyclists
T20180011742,6/23/2018,9:15:00,1,Collision with vehicle,7,Saturday,130,REAR END(VEHICLES IN SAME LANE),1,331862,2,0,1,0,0,1,1,5,Not at intersection,2,60,Arterial Other,40-49,Serious injury,Bicyclists
T20180011781,6/23/2018,20:20:00,1,Collision with vehicle,7,Saturday,121,RIGHT THROUGH,3,247469,2,0,1,0,1,2,1,2,T intersection,2,50,Local Road,40-49,Serious injury,Bicyclists
T20180011815,6/22/2018,15:30:00,1,Collision with vehicle,6,Friday,121,RIGHT THROUGH,1,36051,2,0,1,1,0,2,2,2,T intersection,2,999,Local Road,26-29,Serious injury,Bicyclists
T20180011858,6/24/2018,22:15:00,6,Vehicle overturned (no collision),1,Sunday,174,OUT OF CONTROL ON CARRIAGEWAY (ON STRAIGHT),3,667,1,0,1,0,0,1,1,1,Cross intersection,2,60,Arterial Highway,22-25,Serious injury,Bicyclists
T20180011895,5/31/2018,19:00:00,1,Collision with vehicle,5,Thursday,110,CROSS TRAFFIC(INTERSECTIONS ONLY),5,36044,2,0,2,0,0,2,2,1,Cross intersection,2,50,Local Road,22-25,Serious injury,Bicyclists
T20180011905,6/25/2018,15:30:00,1,Collision with vehicle,2,Monday,121,RIGHT THROUGH,1,1060,3,0,1,0,2,3,1,1,Cross intersection,2,50,Arterial Highway,50-59,Serious injury,Bicyclists
T20180011978,6/26/2018,14:30:00,1,Collision with vehicle,3,Tuesday,113,RIGHT NEAR (INTERSECTIONS ONLY),1,339080,2,0,0,1,1,2,1,2,T intersection,3,60,Arterial Other,60-64,Other injury,Bicyclists
T20180012040,6/27/2018,8:55:00,1,Collision with vehicle,4,Wednesday,147,VEHICLE STRIKES ANOTHER VEH WHILE EMERGING FROM DRIVEWAY,1,332011,2,0,0,1,1,2,1,5,Not at intersection,3,60,Local Road,45424,Other injury,Bicyclists
T20180012058,6/27/2018,9:00:00,1,Collision with vehicle,4,Wednesday,135,LANE CHANGE LEFT (NOT OVERTAKING),1,332054,2,0,1,0,1,2,1,5,Not at intersection,2,40,Local Road,26-29,Serious injury,Bicyclists
T20180012068,6/27/2018,15:40:00,1,Collision with vehicle,4,Wednesday,116,LEFT NEAR (INTERSECTIONS ONLY),1,45558,2,0,0,1,1,2,1,2,T intersection,3,60,Local Road,30-39,Other injury,Bicyclists
T20180012087,6/28/2018,3:40:00,1,Collision with vehicle,5,Thursday,160,VEHICLE COLLIDES WITH VEHICLE PARKED ON LEFT OF ROAD,3,332031,2,0,0,1,1,2,1,6,Dead end,3,60,Local Road,30-39,Other injury,Bicyclists
T20180012112,6/28/2018,11:27:00,1,Collision with vehicle,5,Thursday,122,LEFT THROUGH,1,338428,2,0,0,1,1,2,1,2,T intersection,3,70,Arterial Other,65-69,Other injury,Bicyclists
T20180012146,6/28/2018,18:00:00,8,No collision and no object struck,5,Thursday,174,OUT OF CONTROL ON CARRIAGEWAY (ON STRAIGHT),3,335764,1,0,0,1,0,1,2,2,T intersection,3,50,Local Road,40-49,Other injury,Bicyclists
T20180012176,6/26/2018,8:30:00,1,Collision with vehicle,3,Tuesday,130,REAR END(VEHICLES IN SAME LANE),1,332146,2,0,0,1,0,1,2,1,Cross intersection,3,50,Arterial Other,30-39,Other injury,Bicyclists
T20180012177,6/28/2018,16:00:00,1,Collision with vehicle,5,Thursday,163,VEHICLE STRIKES DOOR OF PARKED/STATIONARY VEHICLE,2,332467,2,0,0,1,1,2,2,5,Not at intersection,3,40,Local Road,30-39,Other injury,Bicyclists
T20180012187,6/29/2018,12:15:00,1,Collision with vehicle,6,Friday,110,CROSS TRAFFIC(INTERSECTIONS ONLY),1,66815,2,0,0,1,1,2,2,1,Cross intersection,3,40,Local Road,50-59,Other injury,Bicyclists
T20180012242,6/30/2018,10:06:00,1,Collision with vehicle,7,Saturday,163,VEHICLE STRIKES DOOR OF PARKED/STATIONARY VEHICLE,1,332089,2,0,1,0,1,2,1,5,Not at intersection,2,60,Arterial Other,50-59,Serious injury,Bicyclists
T20180012246,6/27/2018,8:30:00,1,Collision with vehicle,4,Wednesday,137,LEFT TURN SIDESWIPE,1,335768,2,0,1,0,1,2,2,5,Not at intersection,2,50,Local Road,40-49,Serious injury,Bicyclists
T20180012247,6/13/2018,18:00:00,1,Collision with vehicle,4,Wednesday,163,VEHICLE STRIKES DOOR OF PARKED/STATIONARY VEHICLE,9,332172,2,0,0,1,1,2,2,5,Not at intersection,3,999,Arterial Other,50-59,Other injury,Bicyclists
T20180012248,6/30/2018,10:50:00,1,Collision with vehicle,7,Saturday,110,CROSS TRAFFIC(INTERSECTIONS ONLY),1,332138,2,0,0,1,1,2,1,1,Cross intersection,3,50,Local Road,65-69,Other injury,Bicyclists
T20180012374,6/30/2018,23:05:00,1,Collision with vehicle,7,Saturday,133,LANE SIDE SWIPE (VEHICLES IN PARALLEL LANES),3,332450,2,0,0,1,0,1,2,5,Not at intersection,3,60,Local Road,50-59,Other injury,Bicyclists
T20180012380,4/4/2018,10:00:00,1,Collision with vehicle,4,Wednesday,116,LEFT NEAR (INTERSECTIONS ONLY),1,45221,2,0,1,0,1,2,2,2,T intersection,2,50,Local Road,40-49,Serious injury,Bicyclists
T20180012391,7/2/2018,7:00:00,1,Collision with vehicle,2,Monday,110,CROSS TRAFFIC(INTERSECTIONS ONLY),3,36536,2,0,0,1,1,2,2,1,Cross intersection,3,40,Arterial Other,30-39,Other injury,Bicyclists
T20180012395,7/2/2018,11:45:00,1,Collision with vehicle,2,Monday,142,LEAVING PARKING,1,339161,2,0,0,1,2,3,1,5,Not at intersection,3,999,Local Road,50-59,Other injury,Bicyclists
T20180012417,7/2/2018,17:45:00,1,Collision with vehicle,2,Monday,121,RIGHT THROUGH,3,38744,2,0,0,1,1,2,1,1,Cross intersection,3,50,Arterial Other,40-49,Other injury,Bicyclists
T20180012431,7/2/2018,18:17:00,1,Collision with vehicle,2,Monday,113,RIGHT NEAR (INTERSECTIONS ONLY),3,40373,2,0,1,0,1,2,1,2,T intersection,2,60,Arterial Other,30-39,Serious injury,Bicyclists
T20180012436,7/2/2018,18:35:00,1,Collision with vehicle,2,Monday,132,RIGHT REAR.,3,42065,2,0,0,1,1,2,2,2,T intersection,3,60,Arterial Other,30-39,Other injury,Bicyclists
T20180012468,6/26/2018,20:00:00,8,No collision and no object struck,3,Tuesday,174,OUT OF CONTROL ON CARRIAGEWAY (ON STRAIGHT),6,332325,2,0,1,0,1,2,2,4,Multiple intersection,2,40,Local Road,50-59,Serious injury,Bicyclists
T20180012481,6/30/2018,14:00:00,1,Collision with vehicle,7,Saturday,163,VEHICLE STRIKES DOOR OF PARKED/STATIONARY VEHICLE,1,332531,2,0,1,0,1,2,2,5,Not at intersection,2,40,Arterial Other,30-39,Serious injury,Bicyclists
T20180012483,7/3/2018,16:14:00,6,Vehicle overturned (no collision),2,Tuesday,174,OUT OF CONTROL ON CARRIAGEWAY (ON STRAIGHT),1,803369,2,0,0,1,1,2,1,5,Not at intersection,3,50,Local Road,30-39,Other injury,Bicyclists
T20180012489,7/3/2018,17:30:00,1,Collision with vehicle,3,Tuesday,163,VEHICLE STRIKES DOOR OF PARKED/STATIONARY VEHICLE,6,332179,2,0,0,1,2,3,2,5,Not at intersection,3,50,Local Road,26-29,Other injury,Bicyclists
T20180012545,7/4/2018,16:30:00,1,Collision with vehicle,3,Wednesday,110,CROSS TRAFFIC(INTERSECTIONS ONLY),1,7060,2,0,0,1,1,2,1,1,Cross intersection,3,50,Local Road,30-39,Other injury,Bicyclists
T20180012553,7/4/2018,17:45:00,1,Collision with vehicle,4,Wednesday,148,VEHICLE OFF FOOTPATH STRIKES VEH ON CARRIAGEWAY,2,322346,2,0,0,1,1,2,1,1,Cross intersection,3,70,Arterial Other,16-17,Other injury,Bicyclists
T20180012592,6/28/2018,8:30:00,1,Collision with vehicle,5,Thursday,137,LEFT TURN SIDESWIPE,1,63707,2,0,0,1,1,2,2,1,Cross intersection,3,50,Uknown,30-39,Other injury,Bicyclists
T20180012603,6/28/2018,20:45:00,2,Struck Pedestrian,5,Thursday,104,PED WALKING WITH TRAFFIC,5,332348,1,0,0,2,0,2,2,5,Not at intersection,3,50,Local Road,60-64,Other injury,Bicyclists
T20180012668,7/6/2018,14:21:00,1,Collision with vehicle,6,Friday,148,VEHICLE OFF FOOTPATH STRIKES VEH ON CARRIAGEWAY,1,63742,2,0,0,1,1,2,1,2,T intersection,3,50,Local Road,45424,Other injury,Bicyclists
T20180012692,7/6/2018,17:15:00,1,Collision with vehicle,6,Friday,133,LANE SIDE SWIPE (VEHICLES IN PARALLEL LANES),1,69044,2,0,1,0,1,2,1,2,T intersection,2,60,Local Road,60-64,Serious injury,Bicyclists
T20180012743,7/6/2018,18:30:00,1,Collision with vehicle,6,Friday,163,VEHICLE STRIKES DOOR OF PARKED/STATIONARY VEHICLE,9,66559,2,0,0,1,1,2,2,1,Cross intersection,3,999,Local Road,30-39,Other injury,Bicyclists
T20180012764,7/7/2018,19:15:00,1,Collision with vehicle,7,Saturday,110,CROSS TRAFFIC(INTERSECTIONS ONLY),3,54854,2,0,0,1,1,2,1,1,Cross intersection,3,60,Local Road,13-15,Other injury,Bicyclists
T20180012791,7/8/2018,10:40:00,1,Collision with vehicle,1,Sunday,110,CROSS TRAFFIC(INTERSECTIONS ONLY),1,42143,2,0,1,0,1,2,1,1,Cross intersection,2,60,Local Road,40-49,Serious injury,Bicyclists
T20180012835,7/9/2018,6:55:00,1,Collision with vehicle,2,Monday,133,LANE SIDE SWIPE (VEHICLES IN PARALLEL LANES),3,335790,2,0,1,0,1,2,1,5,Not at intersection,2,40,Local Road,40-49,Serious injury,Bicyclists
T20180012937,7/10/2018,16:18:00,1,Collision with vehicle,3,Tuesday,151,OUT OF CONTROL (OVERTAKING),1,332677,2,0,1,0,1,2,1,5,Not at intersection,2,70,Arterial Other,40-49,Serious injury,Bicyclists
T20180012946,7/10/2018,19:00:00,1,Collision with vehicle,3,Tuesday,163,VEHICLE STRIKES DOOR OF PARKED/STATIONARY VEHICLE,3,35942,2,0,1,0,1,2,1,1,Cross intersection,2,999,Arterial Other,50-59,Serious injury,Bicyclists
T20180012968,7/11/2018,7:45:00,1,Collision with vehicle,4,Wednesday,163,VEHICLE STRIKES DOOR OF PARKED/STATIONARY VEHICLE,9,139118,2,0,1,0,1,2,2,5,Not at intersection,2,40,Local Road,40-49,Serious injury,Bicyclists
T20180012973,7/11/2018,8:23:00,1,Collision with vehicle,4,Wednesday,121,RIGHT THROUGH,1,332455,2,0,1,0,1,2,1,5,Not at intersection,2,40,Arterial Other,40-49,Serious injury,Bicyclists
T20180012980,7/8/2018,16:30:00,1,Collision with vehicle,1,Sunday,110,CROSS TRAFFIC(INTERSECTIONS ONLY),1,29357,2,0,1,0,1,2,2,1,Cross intersection,2,999,Local Road,22-25,Serious injury,Bicyclists
T20180012989,7/9/2018,8:40:00,1,Collision with vehicle,2,Monday,163,VEHICLE STRIKES DOOR OF PARKED/STATIONARY VEHICLE,1,332431,2,0,0,1,2,3,1,6,Dead end,3,40,Local Road,30-39,Other injury,Bicyclists
T20180013009,7/11/2018,21:50:00,1,Collision with vehicle,4,Wednesday,163,VEHICLE STRIKES DOOR OF PARKED/STATIONARY VEHICLE,3,332829,2,0,0,1,1,2,1,5,Not at intersection,3,60,Arterial Other,26-29,Other injury,Bicyclists
T20180013031,7/12/2018,8:35:00,4,Collision with a fixed object,5,Thursday,171,LEFT OFF CARRIAGEWAY INTO OBJECT/PARKED VEHICLE,1,332427,2,0,0,1,1,2,1,1,Cross intersection,3,50,Local Road,30-39,Other injury,Bicyclists
T20180013113,7/12/2018,18:45:00,1,Collision with vehicle,5,Thursday,143,ENTERING PARKING,3,339061,3,0,0,1,1,2,2,5,Not at intersection,3,40,Local Road,30-39,Other injury,Bicyclists
T20180013123,7/13/2018,13:04:00,1,Collision with vehicle,5,Friday,116,LEFT NEAR (INTERSECTIONS ONLY),1,29446,2,0,0,1,1,2,2,1,Cross intersection,3,60,Arterial Other,30-39,Other injury,Bicyclists
T20180013127,7/13/2018,13:00:00,1,Collision with vehicle,6,Friday,140,U TURN,1,36505,2,0,0,1,1,2,1,5,Not at intersection,3,40,Local Road,18-21,Other injury,Bicyclists
T20180013151,7/13/2018,18:00:00,1,Collision with vehicle,6,Friday,130,REAR END(VEHICLES IN SAME LANE),2,332475,2,0,1,0,1,2,2,5,Not at intersection,2,40,Local Road,50-59,Serious injury,Bicyclists
T20180013175,7/12/2018,23:07:00,1,Collision with vehicle,5,Thursday,163,VEHICLE STRIKES DOOR OF PARKED/STATIONARY VEHICLE,3,335816,2,0,1,0,0,1,1,5,Not at intersection,2,999,Local Road,26-29,Serious injury,Bicyclists
T20180013186,7/14/2018,8:10:00,8,No collision and no object struck,7,Saturday,184,OUT OF CONTROL ON CARRIAGEWAY (ON BEND),1,332648,1,0,1,0,0,1,1,5,Not at intersection,2,60,Arterial Other,30-39,Serious injury,Bicyclists
T20180013207,7/14/2018,14:11:00,1,Collision with vehicle,7,Saturday,137,LEFT TURN SIDESWIPE,1,335818,2,0,0,1,1,2,1,1,Cross intersection,3,70,Arterial Other,22-25,Other injury,Bicyclists
T20180013271,7/15/2018,15:23:00,1,Collision with vehicle,1,Sunday,121,RIGHT THROUGH,1,232994,2,0,1,0,1,2,1,2,T intersection,2,60,Arterial Other,40-49,Serious injury,Bicyclists
T20180013305,7/15/2018,17:51:00,1,Collision with vehicle,0,Sunday,140,U TURN,5,332611,2,0,0,1,1,2,1,5,Not at intersection,3,50,Local Road,16-17,Other injury,Bicyclists
T20180013320,7/16/2018,8:40:00,6,Vehicle overturned (no collision),1,Monday,184,OUT OF CONTROL ON CARRIAGEWAY (ON BEND),1,803373,1,0,0,1,0,1,1,5,Not at intersection,3,50,Local Road,16-17,Other injury,Bicyclists