ACCIDENT_NO,ACCIDENT_DATE,ACCIDENT_TIME,ACCIDENT_TYPE,ACCIDENT_TYPE_DESC,DAY_OF_WEEK,DAY_WEEK_DESC,DCA_CODE,DCA_DESC,LIGHT_CONDITION,NODE_ID,NO_OF_VEHICLES,NO_PERSONS_KILLED,NO_PERSONS_INJ_2,NO_PERSONS_INJ_3,NO_PERSONS_NOT_INJ,NO_PERSONS,POLICE_ATTEND,ROAD_GEOMETRY,ROAD_GEOMETRY_DESC,SEVERITY,SPEED_ZONE,RMA,AGE_GROUP,INJ_LEVEL,ROAD_USER_TYPE_DESC
T20180013353,7/10/2018,16:30:00,1,Collision with vehicle,3,Tuesday,133,LANE SIDE SWIPE (VEHICLES IN PARALLEL LANES),1,117930,2,0,0,1,0,1,2,5,Not at intersection,3,60,Arterial Other,30-39,Other injury,Bicyclists
T20180013369,7/17/2018,4:00:00,8,No collision and no object struck,3,Tuesday,179,OTHER ACCIDENTS-OFF STRAIGHT NOT INCLUDED IN DCAs 170-175,3,339367,1,0,1,0,0,1,1,5,Not at intersection,2,60,Arterial Other,50-59,Serious injury,Bicyclists
T20180013383,7/17/2018,10:32:00,1,Collision with vehicle,3,Tuesday,110,CROSS TRAFFIC(INTERSECTIONS ONLY),1,41066,2,0,0,1,1,2,1,1,Cross intersection,3,60,Arterial Other,40-49,Other injury,Bicyclists
T20180013385,7/17/2018,7:40:00,1,Collision with vehicle,3,Tuesday,148,VEHICLE OFF FOOTPATH STRIKES VEH ON CARRIAGEWAY,2,338982,2,0,0,2,0,2,2,2,T intersection,3,70,Arterial Highway,30-39,Other injury,Bicyclists
T20180013388,7/17/2018,8:45:00,1,Collision with vehicle,3,Tuesday,163,VEHICLE STRIKES DOOR OF PARKED/STATIONARY VEHICLE,1,332571,2,0,1,0,1,2,1,5,Not at intersection,2,40,Arterial Other,16-17,Serious injury,Bicyclists
T20180013400,7/17/2018,7:30:00,1,Collision with vehicle,3,Tuesday,147,VEHICLE STRIKES ANOTHER VEH WHILE EMERGING FROM DRIVEWAY,1,337193,2,0,1,0,2,3,1,5,Not at intersection,2,888,Arterial Other,26-29,Serious injury,Bicyclists
T20180013424,7/17/2018,16:45:00,1,Collision with vehicle,3,Tuesday,147,VEHICLE STRIKES ANOTHER VEH WHILE EMERGING FROM DRIVEWAY,1,337195,2,0,0,1,1,2,1,5,Not at intersection,3,40,Local Road,50-59,Other injury,Bicyclists
T20180013495,7/18/2018,17:20:00,1,Collision with vehicle,4,Wednesday,113,RIGHT NEAR (INTERSECTIONS ONLY),2,47362,2,0,0,1,1,2,1,2,T intersection,3,50,Local Road,30-39,Other injury,Bicyclists
T20180013521,7/17/2018,18:30:00,1,Collision with vehicle,3,Tuesday,110,CROSS TRAFFIC(INTERSECTIONS ONLY),6,39094,2,0,0,1,1,2,2,1,Cross intersection,3,999,Arterial Other,50-59,Other injury,Bicyclists
T20180013531,7/19/2018,12:23:00,1,Collision with vehicle,5,Thursday,120,HEAD ON (NOT OVERTAKING),1,332690,2,0,1,0,1,2,1,5,Not at intersection,2,999,Arterial Highway,30-39,Serious injury,Bicyclists
T20180013550,7/13/2018,7:15:00,9,Other accident,6,Friday,198,OTHER ACCIDENTS NOT CLASSIFIABLE ELSEWHERE,9,72050,1,0,1,0,0,1,2,2,T intersection,2,50,Local Road,65-69,Serious injury,Bicyclists
T20180013609,7/20/2018,9:45:00,1,Collision with vehicle,6,Friday,153,CUTTING IN (OVERTAKING),1,343268,2,0,1,0,2,3,1,4,Multiple intersection,2,60,Arterial Other,65-69,Serious injury,Bicyclists
T20180013635,7/16/2018,17:53:00,1,Collision with vehicle,2,Monday,148,VEHICLE OFF FOOTPATH STRIKES VEH ON CARRIAGEWAY,3,332853,3,0,1,1,1,3,1,5,Not at intersection,2,60,Arterial Other,13-15,Other injury,Bicyclists
T20180013659,7/20/2018,18:10:00,1,Collision with vehicle,6,Friday,110,CROSS TRAFFIC(INTERSECTIONS ONLY),5,44641,2,0,0,1,1,2,2,1,Cross intersection,3,40,Local Road,30-39,Other injury,Bicyclists
T20180013660,7/20/2018,16:15:00,1,Collision with vehicle,6,Friday,135,LANE CHANGE LEFT (NOT OVERTAKING),9,225988,2,0,0,1,1,2,2,5,Not at intersection,3,40,Local Road,22-25,Other injury,Bicyclists
T20180013702,7/21/2018,10:20:00,1,Collision with vehicle,7,Saturday,137,LEFT TURN SIDESWIPE,1,336804,2,0,0,1,1,2,2,5,Not at intersection,3,80,Arterial Other,40-49,Other injury,Bicyclists
T20180013734,7/22/2018,10:05:00,1,Collision with vehicle,1,Sunday,137,LEFT TURN SIDESWIPE,1,332709,2,0,0,1,1,2,1,5,Not at intersection,3,50,Local Road,50-59,Other injury,Bicyclists
T20180013777,7/23/2018,6:30:00,1,Collision with vehicle,2,Monday,113,RIGHT NEAR (INTERSECTIONS ONLY),9,37916,2,0,1,0,1,2,2,2,T intersection,2,60,Arterial Other,40-49,Serious injury,Bicyclists
T20180013782,7/10/2018,18:10:00,1,Collision with vehicle,3,Tuesday,121,RIGHT THROUGH,3,36499,2,0,0,1,1,2,2,1,Cross intersection,3,40,Local Road,26-29,Other injury,Bicyclists
T20180013825,7/23/2018,14:45:00,1,Collision with vehicle,2,Monday,135,LANE CHANGE LEFT (NOT OVERTAKING),1,65743,2,0,0,1,1,2,1,1,Cross intersection,3,40,Local Road,18-21,Other injury,Bicyclists
T20180013828,7/23/2018,18:00:00,1,Collision with vehicle,1,Monday,135,LANE CHANGE LEFT (NOT OVERTAKING),1,335850,2,0,0,1,1,2,1,2,T intersection,3,60,Freeway,40-49,Other injury,Bicyclists
T20180013881,7/24/2018,16:25:00,1,Collision with vehicle,3,Tuesday,148,VEHICLE OFF FOOTPATH STRIKES VEH ON CARRIAGEWAY,2,332889,2,0,1,0,1,2,1,2,T intersection,2,80,Arterial Other,22-25,Serious injury,Bicyclists
T20180013884,7/24/2018,17:00:00,1,Collision with vehicle,3,Tuesday,110,CROSS TRAFFIC(INTERSECTIONS ONLY),2,29477,2,0,1,0,1,2,1,1,Cross intersection,2,50,Arterial Other,30-39,Serious injury,Bicyclists
T20180013902,7/24/2018,16:40:00,1,Collision with vehicle,3,Tuesday,133,LANE SIDE SWIPE (VEHICLES IN PARALLEL LANES),2,36847,2,0,1,0,1,2,2,2,T intersection,2,50,Local Road,40-49,Serious injury,Bicyclists
T20180013938,7/25/2018,8:37:00,6,Vehicle overturned (no collision),4,Wednesday,174,OUT OF CONTROL ON CARRIAGEWAY (ON STRAIGHT),1,36607,2,0,0,1,2,3,1,2,T intersection,3,40,Local Road,30-39,Other injury,Bicyclists
T20180013941,7/25/2018,10:45:00,1,Collision with vehicle,4,Wednesday,163,VEHICLE STRIKES DOOR OF PARKED/STATIONARY VEHICLE,1,337705,2,0,0,1,1,2,2,5,Not at intersection,3,999,Arterial Other,26-29,Other injury,Bicyclists
T20180013945,7/19/2018,18:45:00,1,Collision with vehicle,5,Thursday,163,VEHICLE STRIKES DOOR OF PARKED/STATIONARY VEHICLE,3,251240,2,0,0,2,0,2,2,5,Not at intersection,3,60,Arterial Other,30-39,Other injury,Bicyclists
T20180013959,7/25/2018,9:30:00,1,Collision with vehicle,4,Wednesday,121,RIGHT THROUGH,1,36216,2,0,0,1,1,2,1,2,T intersection,3,50,Local Road,50-59,Other injury,Bicyclists
T20180013960,7/25/2018,9:20:00,1,Collision with vehicle,4,Wednesday,110,CROSS TRAFFIC(INTERSECTIONS ONLY),1,36107,2,0,1,0,1,2,1,1,Cross intersection,2,60,Arterial Other,26-29,Serious injury,Bicyclists
T20180013968,7/25/2018,9:40:00,1,Collision with vehicle,4,Wednesday,147,VEHICLE STRIKES ANOTHER VEH WHILE EMERGING FROM DRIVEWAY,1,332857,2,0,1,0,1,2,1,5,Not at intersection,2,60,Local Road,65-69,Serious injury,Bicyclists
T20180014016,7/26/2018,10:45:00,1,Collision with vehicle,5,Thursday,135,LANE CHANGE LEFT (NOT OVERTAKING),1,40242,2,0,0,1,1,2,1,1,Cross intersection,3,60,Uknown,22-25,Other injury,Bicyclists
T20180014023,7/26/2018,13:32:00,8,No collision and no object struck,5,Thursday,174,OUT OF CONTROL ON CARRIAGEWAY (ON STRAIGHT),1,335871,1,0,1,0,0,1,1,5,Not at intersection,2,40,Arterial Other,40-49,Serious injury,Bicyclists
T20180014027,7/10/2018,17:45:00,1,Collision with vehicle,3,Tuesday,163,VEHICLE STRIKES DOOR OF PARKED/STATIONARY VEHICLE,2,332868,2,0,1,0,1,2,2,5,Not at intersection,2,40,Arterial Other,30-39,Serious injury,Bicyclists
T20180014029,7/26/2018,9:10:00,8,No collision and no object struck,4,Thursday,174,OUT OF CONTROL ON CARRIAGEWAY (ON STRAIGHT),1,335688,2,0,0,1,1,2,1,5,Not at intersection,3,60,Local Road,70+,Other injury,Bicyclists
T20180014032,7/26/2018,7:45:00,1,Collision with vehicle,4,Thursday,121,RIGHT THROUGH,1,335691,2,0,0,1,1,2,1,5,Not at intersection,3,60,Arterial Other,30-39,Other injury,Bicyclists
T20180014034,7/26/2018,7:55:00,1,Collision with vehicle,5,Thursday,116,LEFT NEAR (INTERSECTIONS ONLY),1,44527,2,0,0,1,1,2,2,2,T intersection,3,60,Arterial Highway,30-39,Other injury,Bicyclists
T20180014037,7/26/2018,10:27:00,1,Collision with vehicle,5,Thursday,121,RIGHT THROUGH,1,44474,2,0,1,0,1,2,2,1,Cross intersection,2,999,Arterial Other,26-29,Serious injury,Bicyclists
T20180014038,7/26/2018,14:52:00,1,Collision with vehicle,5,Thursday,111,RIGHT FAR (INTERSECTIONS ONLY),1,42881,2,0,1,0,1,2,1,2,T intersection,2,40,Arterial Other,50-59,Serious injury,Bicyclists
T20180014074,7/26/2018,6:40:00,1,Collision with vehicle,5,Thursday,110,CROSS TRAFFIC(INTERSECTIONS ONLY),3,44349,2,0,0,1,1,2,2,1,Cross intersection,3,60,Uknown,16-17,Other injury,Bicyclists
T20180014146,7/25/2018,16:50:00,1,Collision with vehicle,3,Wednesday,163,VEHICLE STRIKES DOOR OF PARKED/STATIONARY VEHICLE,2,335884,2,0,0,1,1,2,2,5,Not at intersection,3,50,Local Road,50-59,Other injury,Bicyclists
T20180014153,7/13/2018,8:00:00,1,Collision with vehicle,6,Friday,110,CROSS TRAFFIC(INTERSECTIONS ONLY),2,47706,2,0,0,1,1,2,1,1,Cross intersection,3,60,Local Road,40-49,Other injury,Bicyclists
T20180014224,7/29/2018,8:50:00,1,Collision with vehicle,1,Sunday,133,LANE SIDE SWIPE (VEHICLES IN PARALLEL LANES),1,250965,4,0,0,3,1,4,1,2,T intersection,3,80,Arterial Other,60-64,Other injury,Bicyclists
T20180014254,7/29/2018,20:15:00,1,Collision with vehicle,1,Sunday,110,CROSS TRAFFIC(INTERSECTIONS ONLY),3,229288,2,0,1,0,1,2,1,1,Cross intersection,2,50,Local Road,40-49,Serious injury,Bicyclists
T20180014299,7/24/2018,18:45:00,1,Collision with vehicle,3,Tuesday,179,OTHER ACCIDENTS-OFF STRAIGHT NOT INCLUDED IN DCAs 170-175,3,337244,2,0,1,0,1,2,2,5,Not at intersection,2,40,Local Road,30-39,Serious injury,Bicyclists
T20180014330,7/27/2018,18:13:00,1,Collision with vehicle,6,Friday,113,RIGHT NEAR (INTERSECTIONS ONLY),3,41300,2,0,1,0,1,2,1,1,Cross intersection,2,60,Local Road,50-59,Serious injury,Bicyclists
T20180014345,5/10/2018,13:00:00,1,Collision with vehicle,5,Thursday,111,RIGHT FAR (INTERSECTIONS ONLY),1,335918,2,0,0,1,0,1,2,2,T intersection,3,50,Local Road,40-49,Other injury,Bicyclists
T20180014349,7/31/2018,8:40:00,1,Collision with vehicle,3,Tuesday,116,LEFT NEAR (INTERSECTIONS ONLY),1,36840,2,0,0,1,2,3,2,2,T intersection,3,50,Arterial Other,40-49,Other injury,Bicyclists
T20180014351,7/31/2018,10:10:00,1,Collision with vehicle,3,Tuesday,134,LANE CHANGE RIGHT (NOT OVERTAKING),1,287073,2,0,0,1,0,1,1,1,Cross intersection,3,60,Arterial Other,30-39,Other injury,Bicyclists
T20180014360,7/31/2018,13:55:00,1,Collision with vehicle,3,Tuesday,116,LEFT NEAR (INTERSECTIONS ONLY),1,257550,2,0,1,0,1,2,1,2,T intersection,2,50,Arterial Highway,70+,Serious injury,Bicyclists
T20180014403,7/31/2018,7:50:00,1,Collision with vehicle,2,Tuesday,116,LEFT NEAR (INTERSECTIONS ONLY),1,337256,2,0,0,1,1,2,1,2,T intersection,3,50,Local Road,50-59,Other injury,Bicyclists
T20180014411,8/1/2018,8:15:00,1,Collision with vehicle,3,Wednesday,133,LANE SIDE SWIPE (VEHICLES IN PARALLEL LANES),1,45104,2,0,0,1,1,2,2,1,Cross intersection,3,60,Local Road,30-39,Other injury,Bicyclists
T20180014456,8/1/2018,17:44:00,1,Collision with vehicle,4,Wednesday,110,CROSS TRAFFIC(INTERSECTIONS ONLY),2,337260,2,0,0,1,1,2,1,1,Cross intersection,3,60,Local Road,40-49,Other injury,Bicyclists
T20180014457,8/1/2018,18:30:00,1,Collision with vehicle,4,Wednesday,110,CROSS TRAFFIC(INTERSECTIONS ONLY),3,68838,2,0,0,1,1,2,2,1,Cross intersection,3,50,Local Road,30-39,Other injury,Bicyclists
T20180014460,8/1/2018,16:45:00,1,Collision with vehicle,4,Wednesday,110,CROSS TRAFFIC(INTERSECTIONS ONLY),1,47398,2,1,0,1,0,2,1,1,Cross intersection,1,70,Uknown,40-49,Fatality,Bicyclists
T20180014467,8/1/2018,18:53:00,1,Collision with vehicle,4,Wednesday,110,CROSS TRAFFIC(INTERSECTIONS ONLY),3,50594,2,0,1,1,0,2,1,1,Cross intersection,2,50,Local Road,65-69,Serious injury,Bicyclists
T20180014484,8/2/2018,8:05:00,1,Collision with vehicle,5,Thursday,121,RIGHT THROUGH,1,225120,2,0,1,0,1,2,1,1,Cross intersection,2,50,Local Road,50-59,Serious injury,Bicyclists
T20180014486,8/1/2018,19:00:00,1,Collision with vehicle,4,Wednesday,130,REAR END(VEHICLES IN SAME LANE),5,335927,2,0,0,1,1,2,2,5,Not at intersection,3,100,Local Road,60-64,Other injury,Bicyclists
T20180014495,7/31/2018,8:10:00,1,Collision with vehicle,2,Tuesday,163,VEHICLE STRIKES DOOR OF PARKED/STATIONARY VEHICLE,1,337266,2,0,0,1,1,2,2,2,T intersection,3,60,Local Road,40-49,Other injury,Bicyclists
T20180014501,8/2/2018,11:45:00,1,Collision with vehicle,5,Thursday,163,VEHICLE STRIKES DOOR OF PARKED/STATIONARY VEHICLE,1,36267,2,0,0,1,1,2,1,1,Cross intersection,3,40,Local Road,22-25,Other injury,Bicyclists
T20180014525,8/2/2018,14:00:00,1,Collision with vehicle,5,Thursday,110,CROSS TRAFFIC(INTERSECTIONS ONLY),1,40099,2,0,1,0,1,2,1,1,Cross intersection,2,50,Arterial Other,50-59,Serious injury,Bicyclists
T20180014550,7/31/2018,13:07:00,1,Collision with vehicle,3,Tuesday,130,REAR END(VEHICLES IN SAME LANE),1,36983,2,0,1,0,1,2,1,2,T intersection,2,60,Arterial Other,26-29,Serious injury,Bicyclists
T20180014566,8/3/2018,8:30:00,1,Collision with vehicle,6,Friday,111,RIGHT FAR (INTERSECTIONS ONLY),1,335949,2,0,0,1,1,2,1,2,T intersection,3,50,Local Road,13-15,Other injury,Bicyclists
T20180014568,8/3/2018,8:43:00,1,Collision with vehicle,6,Friday,129,OTHER OPPOSING MANOEUVRES NOT INCLUDED IN DCAs 120-125.,1,36324,2,0,0,1,1,2,1,2,T intersection,3,50,Arterial Other,40-49,Other injury,Bicyclists
T20180014578,8/3/2018,9:20:00,1,Collision with vehicle,6,Friday,112,LEFT FAR (INTERSECTIONS ONLY),1,335952,2,0,1,0,1,2,1,2,T intersection,2,70,Arterial Other,30-39,Serious injury,Bicyclists
T20180014637,8/4/2018,9:45:00,1,Collision with vehicle,7,Saturday,119,OTHER ADJACENT (INTERSECTIONS ONLY),1,37805,2,0,0,1,1,2,1,2,T intersection,3,60,Arterial Other,50-59,Other injury,Bicyclists
T20180014696,8/5/2018,11:40:00,2,Struck Pedestrian,1,Sunday,102,FAR SIDE. PED HIT BY VEHICLE FROM THE LEFT,1,339019,1,0,0,2,0,2,1,5,Not at intersection,3,60,Arterial Other,30-39,Other injury,Bicyclists
T20180014778,8/6/2018,15:00:00,1,Collision with vehicle,1,Monday,163,VEHICLE STRIKES DOOR OF PARKED/STATIONARY VEHICLE,1,36742,2,0,0,1,1,2,1,5,Not at intersection,3,50,Local Road,40-49,Other injury,Bicyclists
T20180014788,8/6/2018,18:29:00,1,Collision with vehicle,2,Monday,121,RIGHT THROUGH,3,48757,2,0,1,0,1,2,1,2,T intersection,2,50,Local Road,30-39,Serious injury,Bicyclists
T20180014803,7/24/2018,10:50:00,1,Collision with vehicle,3,Tuesday,163,VEHICLE STRIKES DOOR OF PARKED/STATIONARY VEHICLE,1,335972,3,0,0,1,2,3,2,2,T intersection,3,60,Local Road,30-39,Other injury,Bicyclists
T20180014831,8/7/2018,8:52:00,1,Collision with vehicle,3,Tuesday,148,VEHICLE OFF FOOTPATH STRIKES VEH ON CARRIAGEWAY,1,337314,2,0,0,1,1,2,1,5,Not at intersection,3,60,Arterial Other,40-49,Other injury,Bicyclists
T20180014832,7/27/2018,18:15:00,1,Collision with vehicle,6,Friday,135,LANE CHANGE LEFT (NOT OVERTAKING),1,45616,2,0,0,1,1,2,2,1,Cross intersection,3,50,Arterial Other,30-39,Other injury,Bicyclists
T20180014837,7/29/2018,14:10:00,1,Collision with vehicle,1,Sunday,133,LANE SIDE SWIPE (VEHICLES IN PARALLEL LANES),1,339582,2,0,0,1,0,1,2,5,Not at intersection,3,999,Local Road,40-49,Other injury,Bicyclists
T20180014844,8/7/2018,9:38:00,1,Collision with vehicle,3,Tuesday,121,RIGHT THROUGH,1,45594,2,0,0,1,1,2,1,2,T intersection,3,60,Arterial Other,18-21,Other injury,Bicyclists
T20180014856,8/3/2018,17:17:00,1,Collision with vehicle,6,Friday,112,LEFT FAR (INTERSECTIONS ONLY),3,40134,2,0,1,0,1,2,1,2,T intersection,2,50,Local Road,40-49,Serious injury,Bicyclists
T20180014926,7/19/2018,7:15:00,1,Collision with vehicle,5,Thursday,110,CROSS TRAFFIC(INTERSECTIONS ONLY),2,37316,2,0,0,1,1,2,2,1,Cross intersection,3,60,Arterial Other,50-59,Other injury,Bicyclists
T20180014927,8/7/2018,17:40:00,1,Collision with vehicle,2,Tuesday,135,LANE CHANGE LEFT (NOT OVERTAKING),1,36264,2,0,0,1,1,2,2,1,Cross intersection,3,999,Arterial Other,22-25,Other injury,Bicyclists
T20180014957,8/8/2018,22:20:00,1,Collision with vehicle,4,Wednesday,111,RIGHT FAR (INTERSECTIONS ONLY),3,415,2,0,0,1,1,2,1,2,T intersection,3,60,Arterial Other,26-29,Other injury,Bicyclists
T20180014978,7/26/2018,7:14:00,1,Collision with vehicle,5,Thursday,163,VEHICLE STRIKES DOOR OF PARKED/STATIONARY VEHICLE,1,337631,2,0,0,1,1,2,1,5,Not at intersection,3,40,Arterial Other,60-64,Other injury,Bicyclists
T20180014992,8/9/2018,11:32:00,1,Collision with vehicle,5,Thursday,121,RIGHT THROUGH,1,47301,2,0,0,1,1,2,1,2,T intersection,3,40,Arterial Other,30-39,Other injury,Bicyclists
T20180015024,8/9/2018,17:55:00,1,Collision with vehicle,5,Thursday,130,REAR END(VEHICLES IN SAME LANE),3,36022,2,0,1,0,1,2,1,1,Cross intersection,2,60,Arterial Other,40-49,Serious injury,Bicyclists
T20180015031,8/9/2018,6:51:00,1,Collision with vehicle,4,Thursday,135,LANE CHANGE LEFT (NOT OVERTAKING),2,336023,2,0,0,1,1,2,2,2,T intersection,3,40,Local Road,30-39,Other injury,Bicyclists
T20180015054,8/10/2018,11:00:00,1,Collision with vehicle,6,Friday,113,RIGHT NEAR (INTERSECTIONS ONLY),1,60209,2,0,0,1,1,2,2,2,T intersection,3,60,Arterial Highway,60-64,Other injury,Bicyclists
T20180015072,8/10/2018,14:30:00,1,Collision with vehicle,5,Friday,116,LEFT NEAR (INTERSECTIONS ONLY),1,559,2,0,0,1,1,2,1,1,Cross intersection,3,60,Arterial Other,50-59,Other injury,Bicyclists
T20180015082,8/10/2018,15:06:00,1,Collision with vehicle,6,Friday,110,CROSS TRAFFIC(INTERSECTIONS ONLY),1,49301,2,0,0,1,1,2,1,1,Cross intersection,3,50,Uknown,18-21,Other injury,Bicyclists
T20180015100,8/10/2018,16:00:00,1,Collision with vehicle,6,Friday,121,RIGHT THROUGH,1,81711,2,0,0,1,1,2,2,1,Cross intersection,3,999,Uknown,22-25,Other injury,Bicyclists
T20180015192,8/11/2018,23:45:00,1,Collision with vehicle,7,Saturday,121,RIGHT THROUGH,3,36082,2,0,1,0,1,2,1,2,T intersection,2,60,Local Road,30-39,Serious injury,Bicyclists
T20180015206,8/12/2018,10:15:00,1,Collision with vehicle,0,Sunday,148,VEHICLE OFF FOOTPATH STRIKES VEH ON CARRIAGEWAY,1,336071,2,0,0,1,1,2,1,1,Cross intersection,3,60,Arterial Other,50-59,Other injury,Bicyclists
T20180015207,8/12/2018,11:45:00,1,Collision with vehicle,1,Sunday,116,LEFT NEAR (INTERSECTIONS ONLY),1,71187,2,0,0,1,1,2,1,2,T intersection,3,60,Uknown,40-49,Other injury,Bicyclists
T20180015223,8/12/2018,13:00:00,7,Fall from or in moving vehicle,1,Sunday,179,OTHER ACCIDENTS-OFF STRAIGHT NOT INCLUDED IN DCAs 170-175,1,342455,1,0,1,0,0,1,1,2,T intersection,2,999,Local Road,16-17,Serious injury,Bicyclists
T20180015224,8/12/2018,9:58:00,1,Collision with vehicle,1,Sunday,130,REAR END(VEHICLES IN SAME LANE),1,37690,6,1,0,2,0,3,1,2,T intersection,1,40,Local Road,26-29,Fatality,Bicyclists
T20180015274,8/8/2018,9:20:00,1,Collision with vehicle,3,Wednesday,110,CROSS TRAFFIC(INTERSECTIONS ONLY),1,63406,2,0,0,1,1,2,1,1,Cross intersection,3,50,Local Road,16-17,Other injury,Bicyclists
T20180015286,8/13/2018,9:40:00,1,Collision with vehicle,2,Monday,117,LEFT/RIGHT FAR (INTERSECTIONS ONLY),1,44796,2,0,1,0,1,2,1,1,Cross intersection,2,80,Arterial Highway,70+,Serious injury,Bicyclists
T20180015317,8/14/2018,8:45:00,1,Collision with vehicle,3,Tuesday,110,CROSS TRAFFIC(INTERSECTIONS ONLY),1,36483,2,0,0,1,1,2,2,1,Cross intersection,3,999,Arterial Other,22-25,Other injury,Bicyclists
T20180015398,8/14/2018,17:45:00,1,Collision with vehicle,2,Tuesday,163,VEHICLE STRIKES DOOR OF PARKED/STATIONARY VEHICLE,3,336079,2,0,0,1,2,3,2,5,Not at intersection,3,60,Arterial Other,30-39,Other injury,Bicyclists
T20180015402,8/15/2018,9:15:00,1,Collision with vehicle,3,Wednesday,130,REAR END(VEHICLES IN SAME LANE),1,49316,2,0,0,1,0,1,2,1,Cross intersection,3,60,Arterial Other,50-59,Other injury,Bicyclists
T20180015426,8/15/2018,15:44:00,1,Collision with vehicle,4,Wednesday,147,VEHICLE STRIKES ANOTHER VEH WHILE EMERGING FROM DRIVEWAY,1,336096,2,0,0,1,1,2,1,5,Not at intersection,3,60,Local Road,50-59,Other injury,Bicyclists
T20180015432,8/15/2018,18:15:00,1,Collision with vehicle,4,Wednesday,130,REAR END(VEHICLES IN SAME LANE),3,337381,2,0,0,1,1,2,1,1,Cross intersection,3,40,Local Road,26-29,Other injury,Bicyclists
T20180015436,8/15/2018,21:30:00,1,Collision with vehicle,4,Wednesday,116,LEFT NEAR (INTERSECTIONS ONLY),6,336095,2,0,0,1,2,3,2,1,Cross intersection,3,60,Local Road,16-17,Other injury,Bicyclists
T20180015464,8/16/2018,8:15:00,1,Collision with vehicle,5,Thursday,111,RIGHT FAR (INTERSECTIONS ONLY),1,47714,2,0,0,1,1,2,1,2,T intersection,3,40,Arterial Highway,22-25,Other injury,Bicyclists
T20180015498,8/12/2018,19:31:00,1,Collision with vehicle,1,Sunday,163,VEHICLE STRIKES DOOR OF PARKED/STATIONARY VEHICLE,3,337394,3,0,1,0,2,3,2,5,Not at intersection,2,40,Local Road,22-25,Serious injury,Bicyclists
T20180015530,8/17/2018,7:50:00,1,Collision with vehicle,6,Friday,110,CROSS TRAFFIC(INTERSECTIONS ONLY),1,307283,2,0,0,2,0,2,1,1,Cross intersection,3,50,Local Road,50-59,Other injury,Bicyclists
T20180015533,8/17/2018,15:00:00,2,Struck Pedestrian,6,Friday,100,PED NEAR SIDE. PED HIT BY VEHICLE FROM THE RIGHT.,9,263050,1,0,0,1,1,2,2,5,Not at intersection,3,40,Arterial Other,Unknown,Not injured,Bicyclists
T20180015567,8/17/2018,14:00:00,1,Collision with vehicle,5,Friday,163,VEHICLE STRIKES DOOR OF PARKED/STATIONARY VEHICLE,1,80976,2,0,0,1,1,2,2,5,Not at intersection,3,40,Local Road,40-49,Other injury,Bicyclists
T20180015580,8/16/2018,18:00:00,1,Collision with vehicle,4,Thursday,110,CROSS TRAFFIC(INTERSECTIONS ONLY),2,48054,2,0,0,1,1,2,2,1,Cross intersection,3,40,Local Road,40-49,Other injury,Bicyclists
T20180015613,8/13/2018,17:10:00,1,Collision with vehicle,2,Monday,137,LEFT TURN SIDESWIPE,1,45647,2,0,0,1,1,2,2,2,T intersection,3,40,Local Road,22-25,Other injury,Bicyclists
T20180015663,8/16/2018,17:45:00,1,Collision with vehicle,5,Thursday,122,LEFT THROUGH,9,45301,2,0,0,1,1,2,2,2,T intersection,3,999,Local Road,65-69,Other injury,Bicyclists
T20180015746,8/20/2018,17:20:00,2,Struck Pedestrian,2,Monday,100,PED NEAR SIDE. PED HIT BY VEHICLE FROM THE RIGHT.,2,35713,1,0,1,0,1,2,1,2,T intersection,2,40,Arterial Other,18-21,Not injured,Bicyclists
T20180015769,8/21/2018,9:05:00,1,Collision with vehicle,2,Tuesday,163,VEHICLE STRIKES DOOR OF PARKED/STATIONARY VEHICLE,1,337657,2,0,0,1,1,2,1,5,Not at intersection,3,60,Arterial Highway,30-39,Other injury,Bicyclists
T20180015793,8/21/2018,8:40:00,2,Struck Pedestrian,3,Tuesday,106,VEH STRIKES PED ON FOOTPATH/MEDIAN/TRAFFIC ISLAND.,1,337421,1,0,0,1,1,2,1,5,Not at intersection,3,888,Local Road,16-17,Not injured,Bicyclists
T20180015813,8/21/2018,18:50:00,1,Collision with vehicle,3,Tuesday,121,RIGHT THROUGH,3,400,2,0,1,0,1,2,1,1,Cross intersection,2,60,Arterial Other,30-39,Serious injury,Bicyclists
T20180015834,8/22/2018,6:55:00,1,Collision with vehicle,4,Wednesday,129,OTHER OPPOSING MANOEUVRES NOT INCLUDED IN DCAs 120-125.,2,51679,2,0,1,0,1,2,1,1,Cross intersection,2,60,Uknown,50-59,Serious injury,Bicyclists
T20180015916,8/23/2018,11:30:00,1,Collision with vehicle,5,Thursday,148,VEHICLE OFF FOOTPATH STRIKES VEH ON CARRIAGEWAY,1,43197,2,0,1,0,1,2,2,2,T intersection,2,60,Local Road,50-59,Serious injury,Bicyclists
T20180015917,8/23/2018,15:00:00,1,Collision with vehicle,5,Thursday,130,REAR END(VEHICLES IN SAME LANE),1,336173,2,0,1,0,1,2,1,5,Not at intersection,2,40,Arterial Other,60-64,Serious injury,Bicyclists
T20180015934,8/23/2018,19:23:00,1,Collision with vehicle,5,Thursday,110,CROSS TRAFFIC(INTERSECTIONS ONLY),3,57419,2,0,0,1,2,3,1,1,Cross intersection,3,40,Local Road,30-39,Other injury,Bicyclists
T20180015945,8/21/2018,18:37:00,1,Collision with vehicle,3,Tuesday,113,RIGHT NEAR (INTERSECTIONS ONLY),3,36629,2,0,0,1,1,2,1,1,Cross intersection,3,40,Local Road,30-39,Other injury,Bicyclists
T20180015967,7/26/2018,17:50:00,1,Collision with vehicle,4,Thursday,121,RIGHT THROUGH,2,337437,2,0,0,1,2,3,2,5,Not at intersection,3,80,Arterial Other,30-39,Other injury,Bicyclists