ACCIDENT_NO,ACCIDENT_DATE,ACCIDENT_TIME,ACCIDENT_TYPE,ACCIDENT_TYPE_DESC,DAY_OF_WEEK,DAY_WEEK_DESC,DCA_CODE,DCA_DESC,LIGHT_CONDITION,NODE_ID,NO_OF_VEHICLES,NO_PERSONS_KILLED,NO_PERSONS_INJ_2,NO_PERSONS_INJ_3,NO_PERSONS_NOT_INJ,NO_PERSONS,POLICE_ATTEND,ROAD_GEOMETRY,ROAD_GEOMETRY_DESC,SEVERITY,SPEED_ZONE,RMA,AGE_GROUP,INJ_LEVEL,ROAD_USER_TYPE_DESC
T20180015968,8/24/2018,8:15:00,1,Collision with vehicle,6,Friday,110,CROSS TRAFFIC(INTERSECTIONS ONLY),1,37366,2,0,0,1,1,2,1,1,Cross intersection,3,50,Local Road,40-49,Other injury,Bicyclists
T20180015970,8/24/2018,12:02:00,2,Struck Pedestrian,6,Friday,102,FAR SIDE. PED HIT BY VEHICLE FROM THE LEFT,1,336969,1,0,2,0,0,2,1,5,Not at intersection,2,70,Arterial Other,50-59,Serious injury,Bicyclists
T20180015986,8/24/2018,14:50:00,1,Collision with vehicle,6,Friday,121,RIGHT THROUGH,1,37717,2,0,1,0,1,2,1,2,T intersection,2,40,Arterial Other,40-49,Serious injury,Bicyclists
T20180016000,8/24/2018,12:13:00,1,Collision with vehicle,6,Friday,116,LEFT NEAR (INTERSECTIONS ONLY),1,29358,2,0,0,1,1,2,1,1,Cross intersection,3,60,Local Road,26-29,Other injury,Bicyclists
T20180016026,8/24/2018,20:34:00,1,Collision with vehicle,6,Friday,116,LEFT NEAR (INTERSECTIONS ONLY),3,37573,2,0,1,0,1,2,1,2,T intersection,2,60,Arterial Other,22-25,Serious injury,Bicyclists
T20180016031,7/17/2018,19:30:00,1,Collision with vehicle,3,Tuesday,112,LEFT FAR (INTERSECTIONS ONLY),9,37394,2,0,0,1,0,1,2,2,T intersection,3,60,Arterial Other,30-39,Other injury,Bicyclists
T20180016044,8/25/2018,10:00:00,8,No collision and no object struck,7,Saturday,179,OTHER ACCIDENTS-OFF STRAIGHT NOT INCLUDED IN DCAs 170-175,1,58184,2,0,0,1,1,2,1,1,Cross intersection,3,80,Local Road,60-64,Other injury,Bicyclists
T20180016063,8/25/2018,14:00:00,1,Collision with vehicle,6,Saturday,163,VEHICLE STRIKES DOOR OF PARKED/STATIONARY VEHICLE,1,336486,2,0,0,1,1,2,2,5,Not at intersection,3,50,Local Road,40-49,Other injury,Bicyclists
T20180016082,8/4/2018,18:00:00,8,No collision and no object struck,7,Saturday,179,OTHER ACCIDENTS-OFF STRAIGHT NOT INCLUDED IN DCAs 170-175,2,36592,2,0,0,1,0,1,2,2,T intersection,3,50,Arterial Other,30-39,Other injury,Bicyclists
T20180016144,8/27/2018,8:10:00,1,Collision with vehicle,2,Monday,160,VEHICLE COLLIDES WITH VEHICLE PARKED ON LEFT OF ROAD,1,336200,2,0,1,0,0,1,1,5,Not at intersection,2,60,Local Road,40-49,Serious injury,Bicyclists
T20180016154,8/27/2018,10:39:00,1,Collision with vehicle,2,Monday,163,VEHICLE STRIKES DOOR OF PARKED/STATIONARY VEHICLE,1,339525,2,0,1,0,1,2,1,5,Not at intersection,2,40,Uknown,65-69,Serious injury,Bicyclists
T20180016157,8/24/2018,15:55:00,1,Collision with vehicle,5,Friday,121,RIGHT THROUGH,1,48026,2,0,0,1,1,2,2,2,T intersection,3,60,Arterial Other,40-49,Other injury,Bicyclists
T20180016159,8/27/2018,7:20:00,1,Collision with vehicle,2,Monday,147,VEHICLE STRIKES ANOTHER VEH WHILE EMERGING FROM DRIVEWAY,1,336907,2,0,1,1,0,2,1,5,Not at intersection,2,40,Arterial Other,40-49,Serious injury,Bicyclists
T20180016171,8/27/2018,14:30:00,1,Collision with vehicle,2,Monday,163,VEHICLE STRIKES DOOR OF PARKED/STATIONARY VEHICLE,1,336499,2,0,0,1,1,2,1,5,Not at intersection,3,50,Local Road,30-39,Other injury,Bicyclists
T20180016206,8/16/2018,10:00:00,1,Collision with vehicle,5,Thursday,133,LANE SIDE SWIPE (VEHICLES IN PARALLEL LANES),1,336219,2,0,0,1,0,1,2,5,Not at intersection,3,60,Arterial Other,16-17,Other injury,Bicyclists
T20180016207,8/27/2018,16:18:00,1,Collision with vehicle,1,Monday,110,CROSS TRAFFIC(INTERSECTIONS ONLY),1,52498,2,0,0,1,1,2,2,1,Cross intersection,3,60,Local Road,22-25,Other injury,Bicyclists
T20180016254,8/28/2018,17:26:00,1,Collision with vehicle,3,Tuesday,116,LEFT NEAR (INTERSECTIONS ONLY),2,38589,2,0,1,0,1,2,1,2,T intersection,2,60,Arterial Highway,60-64,Serious injury,Bicyclists
T20180016287,8/29/2018,8:50:00,1,Collision with vehicle,4,Wednesday,163,VEHICLE STRIKES DOOR OF PARKED/STATIONARY VEHICLE,1,340206,2,0,0,1,1,2,2,5,Not at intersection,3,40,Local Road,22-25,Other injury,Bicyclists
T20180016303,8/29/2018,12:34:00,1,Collision with vehicle,3,Wednesday,110,CROSS TRAFFIC(INTERSECTIONS ONLY),1,38573,2,0,0,1,1,2,1,1,Cross intersection,3,60,Local Road,60-64,Other injury,Bicyclists
T20180016319,8/17/2018,12:15:00,1,Collision with vehicle,6,Friday,147,VEHICLE STRIKES ANOTHER VEH WHILE EMERGING FROM DRIVEWAY,1,254597,2,0,1,0,1,2,2,5,Not at intersection,2,999,Arterial Other,70+,Serious injury,Bicyclists
T20180016348,8/30/2018,6:53:00,1,Collision with vehicle,5,Thursday,113,RIGHT NEAR (INTERSECTIONS ONLY),1,38865,3,0,1,1,1,3,1,2,T intersection,2,50,Arterial Other,26-29,Other injury,Bicyclists
T20180016382,8/28/2018,8:00:00,1,Collision with vehicle,3,Tuesday,163,VEHICLE STRIKES DOOR OF PARKED/STATIONARY VEHICLE,1,75802,2,0,0,1,1,2,2,2,T intersection,3,999,Arterial Other,26-29,Other injury,Bicyclists
T20180016388,8/30/2018,17:00:00,1,Collision with vehicle,5,Thursday,110,CROSS TRAFFIC(INTERSECTIONS ONLY),2,45130,2,0,1,0,1,2,1,1,Cross intersection,2,80,Arterial Other,70+,Serious injury,Bicyclists
T20180016417,8/30/2018,11:19:00,1,Collision with vehicle,5,Thursday,163,VEHICLE STRIKES DOOR OF PARKED/STATIONARY VEHICLE,1,337034,2,0,1,0,1,2,2,1,Cross intersection,2,40,Local Road,50-59,Serious injury,Bicyclists
T20180016430,8/18/2018,10:45:00,1,Collision with vehicle,6,Saturday,136,RIGHT TURN SIDESWIPE,1,336245,2,0,0,1,1,2,2,2,T intersection,3,60,Local Road,50-59,Other injury,Bicyclists
T20180016483,8/31/2018,19:20:00,1,Collision with vehicle,6,Friday,121,RIGHT THROUGH,3,45640,2,0,0,1,1,2,2,1,Cross intersection,3,60,Arterial Other,30-39,Other injury,Bicyclists
T20180016498,9/1/2018,9:27:00,1,Collision with vehicle,7,Saturday,116,LEFT NEAR (INTERSECTIONS ONLY),1,55345,2,0,0,1,1,2,1,2,T intersection,3,50,Local Road,22-25,Other injury,Bicyclists
T20180016527,9/1/2018,10:27:00,1,Collision with vehicle,7,Saturday,137,LEFT TURN SIDESWIPE,1,36264,2,0,0,1,0,1,2,1,Cross intersection,3,40,Arterial Other,18-21,Other injury,Bicyclists
T20180016576,8/28/2018,16:30:00,1,Collision with vehicle,2,Tuesday,163,VEHICLE STRIKES DOOR OF PARKED/STATIONARY VEHICLE,9,359215,2,0,0,1,1,2,2,5,Not at intersection,3,999,Local Road,22-25,Other injury,Bicyclists
T20180016606,8/29/2018,19:00:00,2,Struck Pedestrian,4,Wednesday,102,FAR SIDE. PED HIT BY VEHICLE FROM THE LEFT,3,53216,1,0,0,1,0,1,2,1,Cross intersection,3,60,Arterial Highway,22-25,Other injury,Pedestrians
T20180016607,9/2/2018,19:45:00,1,Collision with vehicle,1,Sunday,121,RIGHT THROUGH,3,337076,2,0,1,0,1,2,1,2,T intersection,2,60,Arterial Other,26-29,Serious injury,Bicyclists
T20180016636,9/3/2018,8:50:00,1,Collision with vehicle,2,Monday,147,VEHICLE STRIKES ANOTHER VEH WHILE EMERGING FROM DRIVEWAY,1,336281,2,0,0,1,1,2,1,5,Not at intersection,3,60,Local Road,45424,Other injury,Bicyclists
T20180016665,9/3/2018,13:15:00,1,Collision with vehicle,2,Monday,148,VEHICLE OFF FOOTPATH STRIKES VEH ON CARRIAGEWAY,1,1178,2,0,0,1,1,2,1,2,T intersection,3,60,Arterial Other,22-25,Other injury,Bicyclists
T20180016699,9/4/2018,10:10:00,1,Collision with vehicle,3,Tuesday,113,RIGHT NEAR (INTERSECTIONS ONLY),1,780,2,0,1,1,0,2,1,2,T intersection,2,50,Local Road,70+,Serious injury,Bicyclists
T20180016705,9/4/2018,8:00:00,1,Collision with vehicle,3,Tuesday,152,PULLING OUT (OVERTAKING),1,337667,2,0,1,0,1,2,1,5,Not at intersection,2,60,Arterial Other,40-49,Serious injury,Bicyclists
T20180016748,9/4/2018,19:20:00,8,No collision and no object struck,3,Tuesday,179,OTHER ACCIDENTS-OFF STRAIGHT NOT INCLUDED IN DCAs 170-175,3,336293,1,0,1,0,0,1,1,2,T intersection,2,60,Arterial Other,22-25,Serious injury,Bicyclists
T20180016756,9/4/2018,14:05:00,1,Collision with vehicle,3,Tuesday,130,REAR END(VEHICLES IN SAME LANE),1,336296,2,0,0,1,1,2,1,5,Not at intersection,3,60,Arterial Highway,40-49,Other injury,Bicyclists
T20180016827,9/5/2018,0:59:00,2,Struck Pedestrian,4,Wednesday,106,VEH STRIKES PED ON FOOTPATH/MEDIAN/TRAFFIC ISLAND.,3,336545,1,0,0,1,1,2,1,2,T intersection,3,999,Arterial Other,22-25,Not injured,Bicyclists
T20180016838,9/6/2018,10:20:00,1,Collision with vehicle,5,Thursday,116,LEFT NEAR (INTERSECTIONS ONLY),1,44419,2,0,0,1,1,2,1,1,Cross intersection,3,70,Arterial Other,50-59,Other injury,Bicyclists
T20180016881,9/6/2018,15:00:00,1,Collision with vehicle,5,Thursday,148,VEHICLE OFF FOOTPATH STRIKES VEH ON CARRIAGEWAY,1,336308,2,0,0,1,1,2,1,1,Cross intersection,3,70,Arterial Highway,18-21,Other injury,Bicyclists
T20180016896,9/6/2018,16:31:00,1,Collision with vehicle,5,Thursday,121,RIGHT THROUGH,1,48508,2,0,1,0,1,2,1,2,T intersection,2,60,Arterial Other,16-17,Serious injury,Bicyclists
T20180016911,9/5/2018,0:32:00,8,No collision and no object struck,4,Wednesday,174,OUT OF CONTROL ON CARRIAGEWAY (ON STRAIGHT),3,337115,1,0,0,1,0,1,1,5,Not at intersection,3,40,Uknown,30-39,Other injury,Bicyclists
T20180016990,9/8/2018,11:59:00,1,Collision with vehicle,6,Saturday,116,LEFT NEAR (INTERSECTIONS ONLY),1,221901,2,0,1,0,1,2,1,4,Multiple intersection,2,80,Freeway,60-64,Serious injury,Bicyclists
T20180017004,9/8/2018,15:09:00,1,Collision with vehicle,7,Saturday,139,OTHER SAME DIRECTION-MANOUEVRES NOT INCLUDED IN DCAs 130-137,1,337615,2,0,0,1,1,2,1,5,Not at intersection,3,100,Local Road,50-59,Not injured,Bicyclists
T20180017035,9/5/2018,16:00:00,1,Collision with vehicle,4,Wednesday,148,VEHICLE OFF FOOTPATH STRIKES VEH ON CARRIAGEWAY,1,336320,2,0,0,1,2,3,2,5,Not at intersection,3,40,Local Road,13-15,Other injury,Bicyclists
T20180017037,8/25/2018,15:50:00,1,Collision with vehicle,7,Saturday,110,CROSS TRAFFIC(INTERSECTIONS ONLY),1,39131,2,0,0,1,2,3,2,1,Cross intersection,3,60,Arterial Other,40-49,Other injury,Bicyclists
T20180017047,9/9/2018,12:15:00,8,No collision and no object struck,1,Sunday,174,OUT OF CONTROL ON CARRIAGEWAY (ON STRAIGHT),1,57705,1,0,1,0,0,1,1,2,T intersection,2,50,Uknown,40-49,Serious injury,Bicyclists
T20180017069,9/9/2018,22:00:00,1,Collision with vehicle,1,Sunday,113,RIGHT NEAR (INTERSECTIONS ONLY),3,35988,2,0,0,1,1,2,1,1,Cross intersection,3,50,Local Road,22-25,Other injury,Bicyclists
T20180017101,9/10/2018,7:45:00,1,Collision with vehicle,2,Monday,147,VEHICLE STRIKES ANOTHER VEH WHILE EMERGING FROM DRIVEWAY,1,335421,2,0,0,1,1,2,1,5,Not at intersection,3,888,Local Road,45424,Other injury,Bicyclists
T20180017107,9/7/2018,15:00:00,1,Collision with vehicle,6,Friday,130,REAR END(VEHICLES IN SAME LANE),1,335702,2,0,1,0,0,1,2,5,Not at intersection,2,60,Local Road,22-25,Serious injury,Bicyclists
T20180017207,9/12/2018,8:15:00,1,Collision with vehicle,4,Wednesday,110,CROSS TRAFFIC(INTERSECTIONS ONLY),1,29628,2,0,1,0,1,2,1,1,Cross intersection,2,60,Arterial Other,70+,Serious injury,Bicyclists
T20180017251,9/13/2018,7:23:00,1,Collision with vehicle,5,Thursday,148,VEHICLE OFF FOOTPATH STRIKES VEH ON CARRIAGEWAY,1,29601,2,0,0,1,1,2,1,1,Cross intersection,3,60,Local Road,40-49,Other injury,Bicyclists
T20180017272,9/13/2018,7:45:00,1,Collision with vehicle,5,Thursday,142,LEAVING PARKING,9,74274,2,0,1,0,1,2,2,1,Cross intersection,2,50,Arterial Other,40-49,Serious injury,Bicyclists
T20180017338,8/28/2018,11:30:00,1,Collision with vehicle,2,Tuesday,163,VEHICLE STRIKES DOOR OF PARKED/STATIONARY VEHICLE,1,338066,2,0,0,1,1,2,2,5,Not at intersection,3,999,Arterial Highway,26-29,Other injury,Bicyclists
T20180017354,9/14/2018,13:05:00,1,Collision with vehicle,6,Friday,142,LEAVING PARKING,1,338002,2,0,1,0,1,2,1,5,Not at intersection,2,50,Arterial Highway,40-49,Serious injury,Bicyclists
T20180017361,9/12/2018,14:20:00,1,Collision with vehicle,4,Wednesday,163,VEHICLE STRIKES DOOR OF PARKED/STATIONARY VEHICLE,9,336359,2,0,0,1,1,2,2,5,Not at intersection,3,60,Arterial Other,18-21,Other injury,Bicyclists
T20180017364,9/14/2018,15:41:00,1,Collision with vehicle,6,Friday,147,VEHICLE STRIKES ANOTHER VEH WHILE EMERGING FROM DRIVEWAY,1,359036,2,0,0,1,2,3,1,5,Not at intersection,3,40,Arterial Highway,70+,Other injury,Bicyclists
T20180017370,9/12/2018,19:00:00,1,Collision with vehicle,3,Wednesday,163,VEHICLE STRIKES DOOR OF PARKED/STATIONARY VEHICLE,9,339335,2,0,0,1,1,2,2,5,Not at intersection,3,60,Local Road,30-39,Other injury,Bicyclists
T20180017399,9/12/2018,14:30:00,1,Collision with vehicle,4,Wednesday,134,LANE CHANGE RIGHT (NOT OVERTAKING),1,335658,2,0,1,0,1,2,1,5,Not at intersection,2,50,Local Road,16-17,Serious injury,Bicyclists
T20180017443,9/14/2018,8:35:00,1,Collision with vehicle,5,Friday,135,LANE CHANGE LEFT (NOT OVERTAKING),1,339997,2,0,0,1,0,1,2,5,Not at intersection,3,60,Arterial Other,30-39,Other injury,Bicyclists
T20180017485,9/16/2018,10:05:00,1,Collision with vehicle,0,Sunday,147,VEHICLE STRIKES ANOTHER VEH WHILE EMERGING FROM DRIVEWAY,1,338470,2,0,0,1,1,2,1,5,Not at intersection,3,60,Arterial Other,30-39,Other injury,Bicyclists
T20180017499,9/16/2018,8:40:00,1,Collision with vehicle,1,Sunday,135,LANE CHANGE LEFT (NOT OVERTAKING),1,40953,5,0,1,1,3,5,1,2,T intersection,2,60,Arterial Other,30-39,Serious injury,Bicyclists
T20180017507,9/16/2018,15:20:00,1,Collision with vehicle,1,Sunday,121,RIGHT THROUGH,1,39049,2,0,0,1,1,2,1,2,T intersection,3,40,Arterial Other,26-29,Other injury,Bicyclists
T20180017518,9/16/2018,20:20:00,1,Collision with vehicle,1,Sunday,130,REAR END(VEHICLES IN SAME LANE),3,36060,2,0,1,0,1,2,1,2,T intersection,2,50,Local Road,18-21,Serious injury,Bicyclists
T20180017521,9/16/2018,20:35:00,1,Collision with vehicle,1,Sunday,133,LANE SIDE SWIPE (VEHICLES IN PARALLEL LANES),5,359038,2,0,0,1,1,2,1,5,Not at intersection,3,100,Arterial Other,50-59,Other injury,Bicyclists
T20180017578,9/17/2018,9:00:00,1,Collision with vehicle,2,Monday,163,VEHICLE STRIKES DOOR OF PARKED/STATIONARY VEHICLE,1,336609,2,0,0,1,1,2,2,2,T intersection,3,999,Local Road,30-39,Other injury,Bicyclists
T20180017591,9/17/2018,14:40:00,1,Collision with vehicle,2,Monday,142,LEAVING PARKING,1,336379,2,0,0,1,1,2,1,5,Not at intersection,3,50,Local Road,65-69,Other injury,Bicyclists
T20180017597,9/18/2018,6:10:00,1,Collision with vehicle,3,Tuesday,113,RIGHT NEAR (INTERSECTIONS ONLY),1,38871,2,0,1,0,1,2,1,2,T intersection,2,50,Arterial Other,30-39,Serious injury,Bicyclists
T20180017600,9/14/2018,7:45:00,1,Collision with vehicle,5,Friday,149,OTHER MANOEUVRING NOT INCLUDED IN DCAs 140-148,1,336371,2,0,0,1,1,2,2,2,T intersection,3,50,Local Road,70+,Other injury,Bicyclists
T20180017606,9/18/2018,7:08:00,1,Collision with vehicle,3,Tuesday,113,RIGHT NEAR (INTERSECTIONS ONLY),2,337534,3,0,0,2,1,3,1,2,T intersection,3,60,Arterial Highway,50-59,Other injury,Bicyclists
T20180017685,9/19/2018,9:26:00,1,Collision with vehicle,4,Wednesday,110,CROSS TRAFFIC(INTERSECTIONS ONLY),1,45552,2,0,0,1,1,2,1,1,Cross intersection,3,50,Local Road,30-39,Other injury,Bicyclists
T20180017752,9/20/2018,11:13:00,1,Collision with vehicle,5,Thursday,135,LANE CHANGE LEFT (NOT OVERTAKING),1,359230,2,0,0,1,1,2,1,5,Not at intersection,3,40,Arterial Other,18-21,Other injury,Bicyclists
T20180017790,9/17/2018,9:05:00,1,Collision with vehicle,1,Monday,121,RIGHT THROUGH,1,246423,2,0,0,1,1,2,2,2,T intersection,3,999,Local Road,50-59,Other injury,Bicyclists
T20180017812,9/19/2018,8:40:00,1,Collision with vehicle,4,Wednesday,152,PULLING OUT (OVERTAKING),9,337527,2,0,0,1,1,2,2,5,Not at intersection,3,999,Local Road,26-29,Other injury,Bicyclists
T20180017831,9/21/2018,13:30:00,1,Collision with vehicle,6,Friday,133,LANE SIDE SWIPE (VEHICLES IN PARALLEL LANES),1,336398,2,0,0,1,0,1,1,5,Not at intersection,3,40,Arterial Other,18-21,Other injury,Bicyclists
T20180017842,9/20/2018,19:16:00,6,Vehicle overturned (no collision),5,Thursday,174,OUT OF CONTROL ON CARRIAGEWAY (ON STRAIGHT),3,336401,1,0,0,1,0,1,1,2,T intersection,3,50,Local Road,50-59,Other injury,Bicyclists
T20180017852,9/20/2018,19:20:00,1,Collision with vehicle,5,Thursday,121,RIGHT THROUGH,3,57544,2,0,1,0,1,2,1,1,Cross intersection,2,70,Arterial Highway,26-29,Serious injury,Bicyclists
T20180017887,9/22/2018,10:05:00,1,Collision with vehicle,7,Saturday,110,CROSS TRAFFIC(INTERSECTIONS ONLY),1,60641,2,0,1,0,2,3,1,1,Cross intersection,2,999,Arterial Other,50-59,Serious injury,Bicyclists
T20180017910,9/22/2018,17:55:00,1,Collision with vehicle,7,Saturday,148,VEHICLE OFF FOOTPATH STRIKES VEH ON CARRIAGEWAY,2,336637,2,0,0,1,1,2,1,2,T intersection,3,999,Arterial Other,45424,Other injury,Bicyclists
T20180017946,9/23/2018,7:15:00,1,Collision with vehicle,1,Sunday,110,CROSS TRAFFIC(INTERSECTIONS ONLY),1,221819,2,0,0,1,1,2,1,4,Multiple intersection,3,50,Local Road,22-25,Other injury,Bicyclists
T20180017948,9/22/2018,18:35:00,1,Collision with vehicle,7,Saturday,113,RIGHT NEAR (INTERSECTIONS ONLY),2,38146,2,0,0,1,2,3,2,2,T intersection,3,50,Arterial Other,30-39,Other injury,Bicyclists
T20180017956,9/23/2018,11:50:00,1,Collision with vehicle,1,Sunday,130,REAR END(VEHICLES IN SAME LANE),1,10586,2,0,1,0,1,2,1,4,Multiple intersection,2,60,Uknown,60-64,Serious injury,Bicyclists
T20180017989,9/24/2018,5:45:00,8,No collision and no object struck,2,Monday,172,OFF CARRIAGEWAY TO RIGHT,2,338756,1,0,1,0,0,1,1,5,Not at intersection,2,60,Local Road,50-59,Serious injury,Bicyclists
T20180018009,9/22/2018,11:30:00,4,Collision with a fixed object,6,Saturday,181,OFF RIGHT BEND INTO OBJECT/PARKED VEHICLE,1,336415,1,0,1,0,0,1,1,5,Not at intersection,2,80,Arterial Other,30-39,Serious injury,Bicyclists
T20180018022,9/24/2018,17:45:00,1,Collision with vehicle,2,Monday,154,PULLING OUT -REAR END,1,337496,2,0,0,1,0,1,2,5,Not at intersection,3,40,Arterial Other,30-39,Other injury,Bicyclists
T20180018133,9/24/2018,16:45:00,1,Collision with vehicle,2,Monday,137,LEFT TURN SIDESWIPE,1,41012,2,0,0,1,1,2,2,1,Cross intersection,3,70,Arterial Other,50-59,Other injury,Bicyclists
T20180018162,9/26/2018,7:10:00,1,Collision with vehicle,4,Wednesday,121,RIGHT THROUGH,1,36,2,0,0,1,1,2,2,4,Multiple intersection,3,40,Arterial Other,26-29,Other injury,Bicyclists
T20180018181,9/26/2018,17:37:00,1,Collision with vehicle,4,Wednesday,143,ENTERING PARKING,1,336645,2,0,0,1,1,2,1,5,Not at intersection,3,60,Arterial Other,30-39,Other injury,Bicyclists
T20180018211,9/27/2018,5:45:00,1,Collision with vehicle,5,Thursday,130,REAR END(VEHICLES IN SAME LANE),2,43199,2,0,1,0,1,2,1,2,T intersection,2,60,Arterial Highway,40-49,Serious injury,Bicyclists
T20180018218,9/25/2018,16:50:00,1,Collision with vehicle,3,Tuesday,110,CROSS TRAFFIC(INTERSECTIONS ONLY),9,45703,2,0,0,1,1,2,2,1,Cross intersection,3,999,Local Road,30-39,Other injury,Bicyclists
T20180018230,8/31/2018,8:30:00,8,No collision and no object struck,6,Friday,179,OTHER ACCIDENTS-OFF STRAIGHT NOT INCLUDED IN DCAs 170-175,1,36618,2,0,0,1,1,2,1,2,T intersection,3,40,Local Road,40-49,Other injury,Bicyclists
T20180018259,9/27/2018,19:46:00,1,Collision with vehicle,5,Thursday,147,VEHICLE STRIKES ANOTHER VEH WHILE EMERGING FROM DRIVEWAY,3,335495,2,0,1,0,1,2,1,5,Not at intersection,2,80,Arterial Other,50-59,Serious injury,Bicyclists
T20180018272,9/28/2018,9:25:00,1,Collision with vehicle,6,Friday,116,LEFT NEAR (INTERSECTIONS ONLY),1,259211,3,0,0,1,2,3,1,2,T intersection,3,60,Arterial Highway,16-17,Not injured,Bicyclists
T20180018319,9/26/2018,17:45:00,1,Collision with vehicle,4,Wednesday,163,VEHICLE STRIKES DOOR OF PARKED/STATIONARY VEHICLE,9,338123,2,0,0,1,1,2,2,5,Not at intersection,3,999,Local Road,22-25,Other injury,Bicyclists
T20180018328,9/29/2018,10:00:00,1,Collision with vehicle,7,Saturday,121,RIGHT THROUGH,1,335465,2,0,0,1,1,2,1,2,T intersection,3,60,Local Road,50-59,Other injury,Bicyclists
T20180018330,9/29/2018,8:03:00,1,Collision with vehicle,7,Saturday,136,RIGHT TURN SIDESWIPE,1,38051,2,0,0,1,1,2,2,1,Cross intersection,3,60,Arterial Other,30-39,Other injury,Bicyclists
T20180018343,9/27/2018,14:30:00,1,Collision with vehicle,4,Thursday,133,LANE SIDE SWIPE (VEHICLES IN PARALLEL LANES),1,335471,2,0,0,1,0,1,2,1,Cross intersection,3,60,Arterial Other,70+,Other injury,Bicyclists
T20180018358,9/29/2018,22:30:00,1,Collision with vehicle,7,Saturday,130,REAR END(VEHICLES IN SAME LANE),5,339626,2,0,1,0,0,1,1,5,Not at intersection,2,60,Arterial Other,30-39,Serious injury,Bicyclists
T20180018387,9/24/2018,17:30:00,8,No collision and no object struck,2,Monday,179,OTHER ACCIDENTS-OFF STRAIGHT NOT INCLUDED IN DCAs 170-175,1,45769,1,0,1,0,0,1,2,1,Cross intersection,2,50,Local Road,40-49,Serious injury,Bicyclists
T20180018429,10/1/2018,13:15:00,1,Collision with vehicle,2,Monday,148,VEHICLE OFF FOOTPATH STRIKES VEH ON CARRIAGEWAY,1,36846,2,0,0,1,1,2,1,2,T intersection,3,50,Local Road,13-15,Other injury,Bicyclists
T20180018504,9/20/2018,12:25:00,1,Collision with vehicle,5,Thursday,112,LEFT FAR (INTERSECTIONS ONLY),1,38778,2,0,0,1,1,2,9,1,Cross intersection,3,60,Local Road,50-59,Other injury,Bicyclists
T20180018513,10/2/2018,8:20:00,8,No collision and no object struck,3,Tuesday,174,OUT OF CONTROL ON CARRIAGEWAY (ON STRAIGHT),1,336442,2,0,0,1,1,2,1,5,Not at intersection,3,60,Arterial Other,30-39,Other injury,Bicyclists
T20180018539,10/2/2018,17:50:00,1,Collision with vehicle,3,Tuesday,134,LANE CHANGE RIGHT (NOT OVERTAKING),1,335458,2,0,0,1,1,2,1,5,Not at intersection,3,60,Arterial Other,18-21,Other injury,Bicyclists
T20180018541,10/2/2018,17:45:00,1,Collision with vehicle,2,Tuesday,110,CROSS TRAFFIC(INTERSECTIONS ONLY),2,15137,2,0,0,1,1,2,1,1,Cross intersection,3,40,Local Road,16-17,Other injury,Bicyclists
T20180018567,10/2/2018,7:00:00,1,Collision with vehicle,3,Tuesday,135,LANE CHANGE LEFT (NOT OVERTAKING),1,242624,2,0,0,1,1,2,1,5,Not at intersection,3,60,Arterial Other,30-39,Other injury,Bicyclists
T20180018590,10/2/2018,8:30:00,1,Collision with vehicle,3,Tuesday,135,LANE CHANGE LEFT (NOT OVERTAKING),1,30939,2,0,0,1,1,2,2,1,Cross intersection,3,60,Arterial Highway,22-25,Other injury,Bicyclists
T20180018596,10/3/2018,18:45:00,1,Collision with vehicle,4,Wednesday,110,CROSS TRAFFIC(INTERSECTIONS ONLY),2,57568,2,0,1,0,1,2,2,1,Cross intersection,2,999,Local Road,26-29,Serious injury,Bicyclists
T20180018610,9/19/2018,11:45:00,1,Collision with vehicle,4,Wednesday,163,VEHICLE STRIKES DOOR OF PARKED/STATIONARY VEHICLE,1,337499,2,0,1,0,0,1,2,2,T intersection,2,40,Local Road,60-64,Serious injury,Bicyclists
T20180018638,10/4/2018,16:11:00,1,Collision with vehicle,5,Thursday,147,VEHICLE STRIKES ANOTHER VEH WHILE EMERGING FROM DRIVEWAY,1,336449,2,0,1,0,1,2,1,5,Not at intersection,2,999,Local Road,13-15,Serious injury,Bicyclists
T20180018661,10/4/2018,17:35:00,2,Struck Pedestrian,5,Thursday,103,PED PLAYING/LYING/WORKING/STANDING ON CARRIAGEWAY.,1,336446,1,0,0,2,0,2,1,5,Not at intersection,3,50,Local Road,60-64,Other injury,Bicyclists
T20180018678,10/4/2018,19:10:00,1,Collision with vehicle,4,Thursday,121,RIGHT THROUGH,3,43212,2,0,0,1,1,2,1,2,T intersection,3,60,Arterial Highway,30-39,Other injury,Bicyclists
T20180018687,10/5/2018,8:50:00,1,Collision with vehicle,6,Friday,133,LANE SIDE SWIPE (VEHICLES IN PARALLEL LANES),1,341626,2,0,0,1,2,3,1,5,Not at intersection,3,80,Arterial Highway,26-29,Other injury,Bicyclists
T20180018741,9/11/2018,7:40:00,1,Collision with vehicle,3,Tuesday,142,LEAVING PARKING,1,338182,2,0,0,1,1,2,2,6,Dead end,3,40,Local Road,50-59,Other injury,Bicyclists
T20180018768,10/6/2018,8:08:00,1,Collision with vehicle,7,Saturday,130,REAR END(VEHICLES IN SAME LANE),1,338672,6,0,1,4,1,6,1,5,Not at intersection,2,80,Arterial Other,60-64,Serious injury,Bicyclists