ACCIDENT_NO,ACCIDENT_DATE,ACCIDENT_TIME,ACCIDENT_TYPE,ACCIDENT_TYPE_DESC,DAY_OF_WEEK,DAY_WEEK_DESC,DCA_CODE,DCA_DESC,LIGHT_CONDITION,NODE_ID,NO_OF_VEHICLES,NO_PERSONS_KILLED,NO_PERSONS_INJ_2,NO_PERSONS_INJ_3,NO_PERSONS_NOT_INJ,NO_PERSONS,POLICE_ATTEND,ROAD_GEOMETRY,ROAD_GEOMETRY_DESC,SEVERITY,SPEED_ZONE,RMA,AGE_GROUP,INJ_LEVEL,ROAD_USER_TYPE_DESC
T20180018781,10/6/2018,19:00:00,1,Collision with vehicle,7,Saturday,132,RIGHT REAR.,3,321103,2,0,1,0,1,2,1,2,T intersection,2,60,Local Road,50-59,Serious injury,Bicyclists
T20180018797,10/7/2018,3:50:00,1,Collision with vehicle,1,Sunday,133,LANE SIDE SWIPE (VEHICLES IN PARALLEL LANES),3,35964,2,0,1,0,1,2,1,2,T intersection,2,60,Arterial Other,26-29,Serious injury,Bicyclists
T20180018805,9/26/2018,9:20:00,1,Collision with vehicle,4,Wednesday,137,LEFT TURN SIDESWIPE,1,65471,2,0,0,1,1,2,2,1,Cross intersection,3,999,Local Road,Unknown,Other injury,Bicyclists
T20180018837,10/2/2018,18:30:00,8,No collision and no object struck,2,Tuesday,179,OTHER ACCIDENTS-OFF STRAIGHT NOT INCLUDED IN DCAs 170-175,1,335418,2,0,0,1,0,1,2,1,Cross intersection,3,40,Local Road,26-29,Other injury,Bicyclists
T20180018849,10/7/2018,21:12:00,1,Collision with vehicle,1,Sunday,130,REAR END(VEHICLES IN SAME LANE),3,337023,2,0,1,0,1,2,1,5,Not at intersection,2,50,Local Road,30-39,Serious injury,Bicyclists
T20180018862,10/8/2018,8:17:00,1,Collision with vehicle,2,Monday,110,CROSS TRAFFIC(INTERSECTIONS ONLY),1,337152,2,0,0,1,1,2,1,1,Cross intersection,3,50,Arterial Highway,40-49,Other injury,Bicyclists
T20180018887,5/23/2018,18:30:00,1,Collision with vehicle,4,Wednesday,142,LEAVING PARKING,9,339658,2,0,0,1,1,2,2,5,Not at intersection,3,60,Arterial Other,22-25,Other injury,Bicyclists
T20180018943,10/9/2018,8:20:00,1,Collision with vehicle,2,Tuesday,147,VEHICLE STRIKES ANOTHER VEH WHILE EMERGING FROM DRIVEWAY,1,339907,2,0,0,1,1,2,2,5,Not at intersection,3,888,Local Road,45424,Other injury,Bicyclists
T20180018994,10/8/2018,8:15:00,1,Collision with vehicle,1,Monday,132,RIGHT REAR.,1,45873,2,0,0,1,0,1,2,1,Cross intersection,3,60,Arterial Other,26-29,Other injury,Bicyclists
T20180019023,10/10/2018,15:25:00,1,Collision with vehicle,4,Wednesday,148,VEHICLE OFF FOOTPATH STRIKES VEH ON CARRIAGEWAY,1,44572,2,0,1,1,1,3,1,2,T intersection,2,60,Uknown,60-64,Other injury,Bicyclists
T20180019034,10/10/2018,18:10:00,1,Collision with vehicle,4,Wednesday,133,LANE SIDE SWIPE (VEHICLES IN PARALLEL LANES),1,335443,2,0,0,1,1,2,1,1,Cross intersection,3,60,Arterial Other,30-39,Other injury,Bicyclists
T20180019038,10/10/2018,19:05:00,1,Collision with vehicle,4,Wednesday,137,LEFT TURN SIDESWIPE,2,261368,2,0,0,1,2,3,2,1,Cross intersection,3,40,Local Road,30-39,Other injury,Bicyclists
T20180019066,10/11/2018,7:50:00,1,Collision with vehicle,5,Thursday,137,LEFT TURN SIDESWIPE,1,38799,2,0,0,1,1,2,2,1,Cross intersection,3,50,Local Road,30-39,Other injury,Bicyclists
T20180019069,10/10/2018,8:30:00,1,Collision with vehicle,4,Wednesday,137,LEFT TURN SIDESWIPE,1,335497,2,0,0,1,1,2,2,5,Not at intersection,3,60,Local Road,40-49,Other injury,Bicyclists
T20180019105,9/24/2018,18:00:00,1,Collision with vehicle,2,Monday,113,RIGHT NEAR (INTERSECTIONS ONLY),1,337736,2,0,1,0,1,2,2,1,Cross intersection,2,60,Arterial Other,22-25,Serious injury,Bicyclists
T20180019123,10/7/2018,10:45:00,1,Collision with vehicle,1,Sunday,120,HEAD ON (NOT OVERTAKING),1,344223,2,0,1,0,1,2,2,5,Not at intersection,2,60,Arterial Other,60-64,Serious injury,Bicyclists
T20180019127,10/11/2018,16:30:00,1,Collision with vehicle,5,Thursday,110,CROSS TRAFFIC(INTERSECTIONS ONLY),1,339791,2,0,1,0,1,2,2,1,Cross intersection,2,40,Arterial Other,13-15,Serious injury,Bicyclists
T20180019137,10/12/2018,10:00:00,1,Collision with vehicle,6,Friday,110,CROSS TRAFFIC(INTERSECTIONS ONLY),1,35987,2,0,1,0,1,2,1,1,Cross intersection,2,40,Local Road,30-39,Serious injury,Bicyclists
T20180019142,10/12/2018,9:00:00,1,Collision with vehicle,5,Friday,116,LEFT NEAR (INTERSECTIONS ONLY),1,227996,2,0,0,1,1,2,1,1,Cross intersection,3,80,Arterial Other,50-59,Other injury,Bicyclists
T20180019143,10/12/2018,11:50:00,8,No collision and no object struck,6,Friday,174,OUT OF CONTROL ON CARRIAGEWAY (ON STRAIGHT),1,36395,2,0,0,1,1,2,1,1,Cross intersection,3,999,Local Road,22-25,Other injury,Bicyclists
T20180019146,10/12/2018,12:03:00,1,Collision with vehicle,6,Friday,110,CROSS TRAFFIC(INTERSECTIONS ONLY),1,37973,2,0,0,1,1,2,1,1,Cross intersection,3,50,Local Road,40-49,Other injury,Bicyclists
T20180019180,10/12/2018,21:00:00,1,Collision with vehicle,6,Friday,163,VEHICLE STRIKES DOOR OF PARKED/STATIONARY VEHICLE,3,359063,2,0,0,1,2,3,1,5,Not at intersection,3,40,Local Road,30-39,Other injury,Bicyclists
T20180019191,10/11/2018,17:00:00,1,Collision with vehicle,5,Thursday,163,VEHICLE STRIKES DOOR OF PARKED/STATIONARY VEHICLE,1,335425,2,0,0,1,1,2,2,5,Not at intersection,3,40,Local Road,26-29,Other injury,Bicyclists
T20180019199,10/12/2018,12:15:00,1,Collision with vehicle,6,Friday,110,CROSS TRAFFIC(INTERSECTIONS ONLY),1,51011,2,0,0,1,1,2,1,1,Cross intersection,3,60,Arterial Other,40-49,Other injury,Bicyclists
T20180019203,10/10/2018,18:00:00,8,No collision and no object struck,4,Wednesday,174,OUT OF CONTROL ON CARRIAGEWAY (ON STRAIGHT),9,335493,2,0,1,0,1,2,2,5,Not at intersection,2,999,Local Road,30-39,Serious injury,Bicyclists
T20180019205,10/13/2018,9:45:00,1,Collision with vehicle,7,Saturday,143,ENTERING PARKING,1,335441,2,0,1,0,1,2,1,5,Not at intersection,2,40,Local Road,16-17,Serious injury,Bicyclists
T20180019217,10/13/2018,12:03:00,1,Collision with vehicle,7,Saturday,160,VEHICLE COLLIDES WITH VEHICLE PARKED ON LEFT OF ROAD,1,337903,2,0,1,0,0,1,1,2,T intersection,2,60,Arterial Other,40-49,Serious injury,Bicyclists
T20180019237,10/13/2018,14:45:00,1,Collision with vehicle,7,Saturday,130,REAR END(VEHICLES IN SAME LANE),1,339486,2,0,1,0,1,2,1,5,Not at intersection,2,60,Local Road,60-64,Serious injury,Bicyclists
T20180019275,10/14/2018,8:50:00,1,Collision with vehicle,1,Sunday,121,RIGHT THROUGH,1,63067,2,0,0,1,1,2,2,2,T intersection,3,50,Local Road,40-49,Other injury,Bicyclists
T20180019278,10/14/2018,9:26:00,1,Collision with vehicle,0,Sunday,151,OUT OF CONTROL (OVERTAKING),1,335502,2,0,1,0,1,2,1,5,Not at intersection,2,60,Arterial Other,60-64,Serious injury,Bicyclists
T20180019326,10/15/2018,6:50:00,1,Collision with vehicle,2,Monday,130,REAR END(VEHICLES IN SAME LANE),1,337170,2,0,0,1,0,1,1,5,Not at intersection,3,80,Arterial Highway,18-21,Other injury,Bicyclists
T20180019388,10/10/2018,13:00:00,1,Collision with vehicle,4,Wednesday,147,VEHICLE STRIKES ANOTHER VEH WHILE EMERGING FROM DRIVEWAY,1,338200,2,0,0,1,1,2,2,5,Not at intersection,3,999,Local Road,50-59,Other injury,Bicyclists
T20180019427,10/16/2018,18:50:00,1,Collision with vehicle,3,Tuesday,163,VEHICLE STRIKES DOOR OF PARKED/STATIONARY VEHICLE,3,339617,2,0,0,1,1,2,2,5,Not at intersection,3,40,Local Road,30-39,Other injury,Bicyclists
T20180019450,10/17/2018,7:45:00,1,Collision with vehicle,4,Wednesday,113,RIGHT NEAR (INTERSECTIONS ONLY),1,338639,2,0,1,0,1,2,1,2,T intersection,2,50,Local Road,40-49,Serious injury,Bicyclists
T20180019494,10/9/2018,9:14:00,1,Collision with vehicle,3,Tuesday,133,LANE SIDE SWIPE (VEHICLES IN PARALLEL LANES),1,339316,2,0,0,1,2,3,2,5,Not at intersection,3,50,Local Road,65-69,Other injury,Bicyclists
T20180019512,10/18/2018,5:20:00,1,Collision with vehicle,4,Thursday,160,VEHICLE COLLIDES WITH VEHICLE PARKED ON LEFT OF ROAD,3,591132,2,0,1,0,0,1,1,5,Not at intersection,2,60,Uknown,50-59,Serious injury,Bicyclists
T20180019514,9/26/2018,17:23:00,1,Collision with vehicle,4,Wednesday,121,RIGHT THROUGH,1,275196,2,0,0,1,1,2,2,2,T intersection,3,40,Local Road,30-39,Other injury,Bicyclists
T20180019516,10/11/2018,16:45:00,1,Collision with vehicle,5,Thursday,123,RIGHT/LEFT. ONE VEH TURNING RIGHT THE OTHER LEFT.,1,29477,2,0,1,0,1,2,2,2,T intersection,2,999,Arterial Other,26-29,Serious injury,Bicyclists
T20180019521,10/6/2018,22:10:00,1,Collision with vehicle,7,Saturday,121,RIGHT THROUGH,3,36335,2,0,0,1,1,2,2,1,Cross intersection,3,60,Arterial Other,22-25,Other injury,Bicyclists
T20180019533,9/25/2018,18:45:00,1,Collision with vehicle,3,Tuesday,121,RIGHT THROUGH,9,37833,2,0,0,1,0,1,2,1,Cross intersection,3,40,Arterial Other,30-39,Other injury,Bicyclists
T20180019534,10/17/2018,20:25:00,1,Collision with vehicle,3,Wednesday,140,U TURN,3,352662,2,0,0,1,1,2,1,5,Not at intersection,3,40,Arterial Other,26-29,Other injury,Bicyclists
T20180019535,10/16/2018,14:55:00,1,Collision with vehicle,2,Tuesday,113,RIGHT NEAR (INTERSECTIONS ONLY),1,38998,2,0,0,1,1,2,2,2,T intersection,3,60,Arterial Other,22-25,Other injury,Bicyclists
T20180019558,10/18/2018,16:15:00,1,Collision with vehicle,5,Thursday,147,VEHICLE STRIKES ANOTHER VEH WHILE EMERGING FROM DRIVEWAY,1,337697,2,0,0,1,1,2,1,5,Not at intersection,3,60,Arterial Highway,26-29,Other injury,Bicyclists
T20180019599,10/19/2018,10:30:00,1,Collision with vehicle,5,Friday,160,VEHICLE COLLIDES WITH VEHICLE PARKED ON LEFT OF ROAD,1,216257,2,0,1,0,0,1,1,5,Not at intersection,2,60,Arterial Other,60-64,Serious injury,Bicyclists
T20180019609,7/30/2018,8:30:00,1,Collision with vehicle,1,Monday,137,LEFT TURN SIDESWIPE,1,340519,2,0,0,1,0,1,2,5,Not at intersection,3,40,Arterial Other,26-29,Other injury,Bicyclists
T20180019613,10/18/2018,15:30:00,1,Collision with vehicle,5,Thursday,110,CROSS TRAFFIC(INTERSECTIONS ONLY),1,37488,2,0,0,1,1,2,2,1,Cross intersection,3,50,Local Road,50-59,Other injury,Bicyclists
T20180019617,10/15/2018,12:50:00,1,Collision with vehicle,2,Monday,147,VEHICLE STRIKES ANOTHER VEH WHILE EMERGING FROM DRIVEWAY,1,339646,2,0,0,1,1,2,1,5,Not at intersection,3,60,Arterial Other,50-59,Other injury,Bicyclists
T20180019676,10/20/2018,12:20:00,1,Collision with vehicle,7,Saturday,137,LEFT TURN SIDESWIPE,1,337740,2,0,0,1,1,2,1,4,Multiple intersection,3,60,Arterial Other,26-29,Other injury,Bicyclists
T20180019685,10/20/2018,12:30:00,1,Collision with vehicle,7,Saturday,116,LEFT NEAR (INTERSECTIONS ONLY),1,341802,2,0,0,2,0,2,2,2,T intersection,3,50,Local Road,22-25,Other injury,Bicyclists
T20180019727,10/20/2018,10:30:00,1,Collision with vehicle,7,Saturday,110,CROSS TRAFFIC(INTERSECTIONS ONLY),1,64562,2,0,0,1,1,2,1,1,Cross intersection,3,50,Local Road,26-29,Other injury,Bicyclists
T20180019731,10/21/2018,11:30:00,1,Collision with vehicle,1,Sunday,110,CROSS TRAFFIC(INTERSECTIONS ONLY),1,1208,2,0,0,1,1,2,1,1,Cross intersection,3,50,Local Road,26-29,Other injury,Bicyclists
T20180019737,10/21/2018,8:40:00,1,Collision with vehicle,1,Sunday,130,REAR END(VEHICLES IN SAME LANE),1,279328,2,0,1,0,1,2,1,5,Not at intersection,2,60,Arterial Highway,40-49,Serious injury,Bicyclists
T20180019760,10/19/2018,18:30:00,1,Collision with vehicle,6,Friday,110,CROSS TRAFFIC(INTERSECTIONS ONLY),1,337925,2,0,0,1,1,2,2,5,Not at intersection,3,50,Local Road,40-49,Other injury,Bicyclists
T20180019775,10/21/2018,16:32:00,1,Collision with vehicle,1,Sunday,122,LEFT THROUGH,1,341462,2,0,0,1,1,2,1,2,T intersection,3,80,Arterial Highway,18-21,Other injury,Bicyclists
T20180019787,10/22/2018,7:15:00,1,Collision with vehicle,2,Monday,130,REAR END(VEHICLES IN SAME LANE),1,338257,2,0,0,1,1,2,1,5,Not at intersection,3,60,Arterial Other,50-59,Other injury,Bicyclists
T20180019789,10/22/2018,9:00:00,1,Collision with vehicle,2,Monday,121,RIGHT THROUGH,1,337924,2,0,1,0,1,2,1,5,Not at intersection,2,40,Arterial Other,50-59,Serious injury,Bicyclists
T20180019796,10/22/2018,8:30:00,1,Collision with vehicle,1,Monday,130,REAR END(VEHICLES IN SAME LANE),1,337922,2,0,1,0,1,2,1,2,T intersection,2,60,Arterial Other,65-69,Serious injury,Bicyclists
T20180019805,10/22/2018,8:50:00,1,Collision with vehicle,2,Monday,148,VEHICLE OFF FOOTPATH STRIKES VEH ON CARRIAGEWAY,1,977,2,0,0,1,1,2,1,1,Cross intersection,3,60,Arterial Other,26-29,Other injury,Bicyclists
T20180019838,10/22/2018,17:24:00,1,Collision with vehicle,2,Monday,136,RIGHT TURN SIDESWIPE,1,36327,2,0,1,0,1,2,1,2,T intersection,2,60,Local Road,40-49,Serious injury,Bicyclists
T20180019852,10/15/2018,16:45:00,1,Collision with vehicle,2,Monday,163,VEHICLE STRIKES DOOR OF PARKED/STATIONARY VEHICLE,1,338008,3,0,0,1,2,3,1,5,Not at intersection,3,40,Local Road,30-39,Other injury,Bicyclists
T20180019856,10/23/2018,7:30:00,1,Collision with vehicle,3,Tuesday,121,RIGHT THROUGH,1,315942,2,0,0,1,2,3,1,2,T intersection,3,50,Local Road,30-39,Other injury,Bicyclists
T20180019869,10/23/2018,12:14:00,1,Collision with vehicle,3,Tuesday,121,RIGHT THROUGH,1,71859,2,0,0,1,1,2,1,2,T intersection,3,40,Local Road,50-59,Other injury,Bicyclists
T20180019894,10/23/2018,17:45:00,1,Collision with vehicle,3,Tuesday,121,RIGHT THROUGH,2,40480,2,0,0,2,0,2,1,2,T intersection,3,60,Arterial Other,40-49,Other injury,Bicyclists
T20180019897,10/23/2018,8:45:00,1,Collision with vehicle,3,Tuesday,147,VEHICLE STRIKES ANOTHER VEH WHILE EMERGING FROM DRIVEWAY,1,338053,2,0,0,1,1,2,2,5,Not at intersection,3,40,Local Road,16-17,Other injury,Bicyclists
T20180019932,3/10/2018,9:45:00,1,Collision with vehicle,6,Saturday,110,CROSS TRAFFIC(INTERSECTIONS ONLY),1,63787,2,0,0,1,1,2,2,1,Cross intersection,3,60,Local Road,65-69,Other injury,Bicyclists
T20180019945,10/22/2018,8:45:00,1,Collision with vehicle,2,Monday,137,LEFT TURN SIDESWIPE,1,44074,2,0,0,1,1,2,2,2,T intersection,3,50,Local Road,30-39,Other injury,Bicyclists
T20180019955,10/24/2018,14:45:00,8,No collision and no object struck,4,Wednesday,179,OTHER ACCIDENTS-OFF STRAIGHT NOT INCLUDED IN DCAs 170-175,1,89388,2,0,0,1,1,2,1,5,Not at intersection,3,60,Local Road,40-49,Other injury,Bicyclists
T20180019985,10/23/2018,8:50:00,1,Collision with vehicle,2,Tuesday,163,VEHICLE STRIKES DOOR OF PARKED/STATIONARY VEHICLE,1,586130,2,0,1,0,1,2,2,2,T intersection,2,999,Local Road,26-29,Serious injury,Bicyclists
T20180019992,10/23/2018,7:50:00,1,Collision with vehicle,3,Tuesday,116,LEFT NEAR (INTERSECTIONS ONLY),1,37233,2,0,0,1,1,2,1,2,T intersection,3,60,Local Road,70+,Other injury,Bicyclists
T20180019996,10/25/2018,9:00:00,1,Collision with vehicle,5,Thursday,163,VEHICLE STRIKES DOOR OF PARKED/STATIONARY VEHICLE,1,338109,3,0,0,1,3,4,2,5,Not at intersection,3,40,Local Road,50-59,Other injury,Bicyclists
T20180020007,10/17/2018,20:00:00,1,Collision with vehicle,4,Wednesday,163,VEHICLE STRIKES DOOR OF PARKED/STATIONARY VEHICLE,9,339374,2,0,0,1,1,2,2,5,Not at intersection,3,40,Local Road,22-25,Other injury,Bicyclists
T20180020008,10/24/2018,17:12:00,1,Collision with vehicle,4,Wednesday,130,REAR END(VEHICLES IN SAME LANE),1,338254,2,0,0,1,0,1,2,2,T intersection,3,999,Uknown,26-29,Other injury,Bicyclists
T20180020042,10/25/2018,18:05:00,1,Collision with vehicle,4,Thursday,121,RIGHT THROUGH,1,37089,2,0,0,1,1,2,1,2,T intersection,3,40,Arterial Other,40-49,Other injury,Bicyclists
T20180020050,10/25/2018,18:10:00,1,Collision with vehicle,5,Thursday,149,OTHER MANOEUVRING NOT INCLUDED IN DCAs 140-148,1,29917,2,0,1,0,1,2,1,2,T intersection,2,60,Arterial Other,22-25,Serious injury,Bicyclists
T20180020070,10/26/2018,7:20:00,1,Collision with vehicle,6,Friday,116,LEFT NEAR (INTERSECTIONS ONLY),1,42247,2,0,1,0,2,3,1,1,Cross intersection,2,50,Local Road,60-64,Serious injury,Bicyclists
T20180020100,10/26/2018,12:25:00,1,Collision with vehicle,6,Friday,163,VEHICLE STRIKES DOOR OF PARKED/STATIONARY VEHICLE,1,338189,2,0,0,1,1,2,2,5,Not at intersection,3,50,Local Road,40-49,Other injury,Bicyclists
T20180020112,10/26/2018,15:30:00,1,Collision with vehicle,6,Friday,110,CROSS TRAFFIC(INTERSECTIONS ONLY),1,56527,2,0,1,0,1,2,1,1,Cross intersection,2,50,Local Road,16-17,Serious injury,Bicyclists
T20180020154,10/27/2018,10:34:00,1,Collision with vehicle,7,Saturday,148,VEHICLE OFF FOOTPATH STRIKES VEH ON CARRIAGEWAY,1,597009,2,0,1,0,1,2,1,1,Cross intersection,2,50,Local Road,70+,Serious injury,Bicyclists
T20180020156,10/27/2018,10:50:00,1,Collision with vehicle,7,Saturday,147,VEHICLE STRIKES ANOTHER VEH WHILE EMERGING FROM DRIVEWAY,1,338198,2,0,0,1,1,2,1,5,Not at intersection,3,40,Uknown,40-49,Other injury,Bicyclists
T20180020173,10/27/2018,15:30:00,1,Collision with vehicle,7,Saturday,113,RIGHT NEAR (INTERSECTIONS ONLY),1,48589,2,0,0,1,1,2,1,2,T intersection,3,999,Local Road,40-49,Other injury,Bicyclists
T20180020209,9/9/2018,23:15:00,1,Collision with vehicle,1,Sunday,163,VEHICLE STRIKES DOOR OF PARKED/STATIONARY VEHICLE,3,344542,2,0,0,1,1,2,2,5,Not at intersection,3,999,Local Road,30-39,Other injury,Bicyclists
T20180020217,10/28/2018,11:00:00,1,Collision with vehicle,1,Sunday,130,REAR END(VEHICLES IN SAME LANE),1,338296,2,0,1,0,2,3,1,2,T intersection,2,60,Arterial Other,18-21,Serious injury,Bicyclists
T20180020231,10/28/2018,14:10:00,1,Collision with vehicle,1,Sunday,163,VEHICLE STRIKES DOOR OF PARKED/STATIONARY VEHICLE,1,338393,2,0,0,1,1,2,2,5,Not at intersection,3,40,Arterial Other,40-49,Other injury,Bicyclists
T20180020267,10/28/2018,7:45:00,1,Collision with vehicle,1,Sunday,111,RIGHT FAR (INTERSECTIONS ONLY),1,35363,2,0,0,1,1,2,2,1,Cross intersection,3,40,Local Road,30-39,Other injury,Bicyclists
T20180020287,10/29/2018,16:17:00,1,Collision with vehicle,2,Monday,163,VEHICLE STRIKES DOOR OF PARKED/STATIONARY VEHICLE,1,338295,2,0,0,1,1,2,1,5,Not at intersection,3,40,Local Road,22-25,Other injury,Bicyclists
T20180020297,10/29/2018,15:30:00,1,Collision with vehicle,2,Monday,110,CROSS TRAFFIC(INTERSECTIONS ONLY),1,36230,2,0,1,0,1,2,1,1,Cross intersection,2,40,Arterial Other,50-59,Serious injury,Bicyclists
T20180020324,10/29/2018,14:53:00,2,Struck Pedestrian,2,Monday,100,PED NEAR SIDE. PED HIT BY VEHICLE FROM THE RIGHT.,1,36940,1,0,0,1,1,2,1,1,Cross intersection,3,40,Local Road,22-25,Not injured,Bicyclists
T20180020341,10/29/2018,16:43:00,1,Collision with vehicle,2,Monday,147,VEHICLE STRIKES ANOTHER VEH WHILE EMERGING FROM DRIVEWAY,1,339867,2,0,1,0,1,2,1,5,Not at intersection,2,999,Arterial Other,40-49,Serious injury,Bicyclists
T20180020433,10/26/2018,7:30:00,1,Collision with vehicle,5,Friday,110,CROSS TRAFFIC(INTERSECTIONS ONLY),1,29361,2,0,1,0,0,1,2,1,Cross intersection,2,40,Local Road,30-39,Serious injury,Bicyclists
T20180020443,10/31/2018,15:50:00,1,Collision with vehicle,4,Wednesday,148,VEHICLE OFF FOOTPATH STRIKES VEH ON CARRIAGEWAY,1,327645,2,0,0,1,1,2,1,1,Cross intersection,3,60,Local Road,45424,Other injury,Bicyclists
T20180020444,10/31/2018,17:00:00,1,Collision with vehicle,4,Wednesday,137,LEFT TURN SIDESWIPE,1,39500,2,0,0,1,1,2,1,2,T intersection,3,70,Uknown,60-64,Other injury,Bicyclists
T20180020454,10/31/2018,15:25:00,1,Collision with vehicle,4,Wednesday,148,VEHICLE OFF FOOTPATH STRIKES VEH ON CARRIAGEWAY,1,35553,2,0,0,1,1,2,2,1,Cross intersection,3,999,Arterial Highway,65-69,Other injury,Bicyclists
T20180020482,11/1/2018,8:15:00,1,Collision with vehicle,5,Thursday,121,RIGHT THROUGH,1,46837,2,0,0,1,2,3,1,5,Not at intersection,3,60,Arterial Other,26-29,Other injury,Bicyclists
T20180020526,11/1/2018,15:20:00,1,Collision with vehicle,5,Thursday,147,VEHICLE STRIKES ANOTHER VEH WHILE EMERGING FROM DRIVEWAY,1,339130,2,0,0,1,1,2,2,5,Not at intersection,3,50,Local Road,45424,Other injury,Bicyclists
T20180020550,10/31/2018,17:00:00,1,Collision with vehicle,4,Wednesday,130,REAR END(VEHICLES IN SAME LANE),1,340426,2,0,1,0,1,2,1,5,Not at intersection,2,40,Local Road,40-49,Serious injury,Bicyclists
T20180020604,11/3/2018,0:09:00,1,Collision with vehicle,7,Saturday,130,REAR END(VEHICLES IN SAME LANE),3,189415,2,0,1,0,1,2,1,5,Not at intersection,2,50,Local Road,26-29,Serious injury,Bicyclists
T20180020613,11/3/2018,10:30:00,1,Collision with vehicle,7,Saturday,137,LEFT TURN SIDESWIPE,1,338503,2,0,1,0,1,2,1,5,Not at intersection,2,60,Arterial Other,40-49,Serious injury,Bicyclists
T20180020652,10/29/2018,20:30:00,1,Collision with vehicle,1,Monday,113,RIGHT NEAR (INTERSECTIONS ONLY),6,69154,2,0,0,1,1,2,2,2,T intersection,3,60,Local Road,30-39,Other injury,Bicyclists
T20180020674,11/4/2018,3:55:00,1,Collision with vehicle,1,Sunday,145,REVERSING IN STREAM OF TRAFFIC,3,40888,2,0,0,2,0,2,2,1,Cross intersection,3,999,Arterial Other,30-39,Other injury,Bicyclists
T20180020675,11/4/2018,10:15:00,2,Struck Pedestrian,1,Sunday,100,PED NEAR SIDE. PED HIT BY VEHICLE FROM THE RIGHT.,1,37543,1,0,0,1,1,2,1,1,Cross intersection,3,40,Arterial Other,26-29,Not injured,Bicyclists
T20180020695,11/4/2018,18:30:00,1,Collision with vehicle,1,Sunday,136,RIGHT TURN SIDESWIPE,1,339098,2,0,1,0,1,2,1,5,Not at intersection,2,50,Local Road,70+,Serious injury,Bicyclists
T20180020701,11/4/2018,19:45:00,1,Collision with vehicle,1,Sunday,121,RIGHT THROUGH,2,338647,2,0,0,1,1,2,2,5,Not at intersection,3,40,Local Road,40-49,Other injury,Bicyclists
T20180020730,8/14/2018,20:45:00,1,Collision with vehicle,3,Tuesday,163,VEHICLE STRIKES DOOR OF PARKED/STATIONARY VEHICLE,9,342028,3,0,1,0,0,1,2,5,Not at intersection,2,40,Local Road,22-25,Serious injury,Bicyclists
T20180020757,11/5/2018,16:21:00,1,Collision with vehicle,2,Monday,139,OTHER SAME DIRECTION-MANOUEVRES NOT INCLUDED IN DCAs 130-137,1,338634,2,0,0,1,0,1,1,5,Not at intersection,3,100,Arterial Highway,30-39,Other injury,Bicyclists
T20180020758,5/7/2018,19:00:00,1,Collision with vehicle,2,Monday,121,RIGHT THROUGH,6,35369,2,0,0,1,1,2,2,2,T intersection,3,40,Local Road,30-39,Other injury,Bicyclists
T20180020818,11/6/2018,16:00:00,1,Collision with vehicle,3,Tuesday,121,RIGHT THROUGH,2,57643,2,0,1,1,0,2,1,2,T intersection,2,60,Arterial Other,40-49,Serious injury,Bicyclists
T20180020822,11/6/2018,18:41:00,1,Collision with vehicle,3,Tuesday,113,RIGHT NEAR (INTERSECTIONS ONLY),1,339379,2,0,1,0,1,2,1,2,T intersection,2,50,Local Road,13-15,Serious injury,Bicyclists
T20180020825,11/3/2018,15:00:00,1,Collision with vehicle,6,Saturday,152,PULLING OUT (OVERTAKING),1,338673,2,0,0,1,1,2,2,5,Not at intersection,3,60,Uknown,45424,Other injury,Bicyclists
T20180020841,11/7/2018,9:00:00,1,Collision with vehicle,4,Wednesday,137,LEFT TURN SIDESWIPE,1,339446,2,0,0,1,1,2,1,5,Not at intersection,3,40,Local Road,30-39,Other injury,Bicyclists
T20180020852,11/7/2018,10:48:00,1,Collision with vehicle,4,Wednesday,148,VEHICLE OFF FOOTPATH STRIKES VEH ON CARRIAGEWAY,1,340895,2,0,1,0,1,2,1,5,Not at intersection,2,888,Local Road,50-59,Serious injury,Bicyclists
T20180020909,11/8/2018,8:55:00,1,Collision with vehicle,5,Thursday,120,HEAD ON (NOT OVERTAKING),1,338727,2,0,1,1,0,2,1,5,Not at intersection,2,50,Uknown,45424,Serious injury,Bicyclists
T20180020921,11/7/2018,17:30:00,1,Collision with vehicle,4,Wednesday,110,CROSS TRAFFIC(INTERSECTIONS ONLY),1,36044,2,0,1,0,1,2,2,1,Cross intersection,2,50,Local Road,30-39,Serious injury,Bicyclists
T20180020923,11/7/2018,15:45:00,1,Collision with vehicle,4,Wednesday,113,RIGHT NEAR (INTERSECTIONS ONLY),1,397,2,0,1,0,1,2,1,2,T intersection,2,60,Arterial Other,26-29,Serious injury,Bicyclists
T20180020935,11/8/2018,14:00:00,7,Fall from or in moving vehicle,5,Thursday,170,OFF CARRIAGEWAY TO LEFT,1,20743,1,0,1,0,0,1,1,1,Cross intersection,2,50,Uknown,65-69,Serious injury,Bicyclists
T20180020939,11/8/2018,18:00:00,1,Collision with vehicle,5,Thursday,148,VEHICLE OFF FOOTPATH STRIKES VEH ON CARRIAGEWAY,1,35355,2,0,0,1,1,2,1,1,Cross intersection,3,40,Local Road,30-39,Other injury,Bicyclists