ACCIDENT_NO,ACCIDENT_DATE,ACCIDENT_TIME,ACCIDENT_TYPE,ACCIDENT_TYPE_DESC,DAY_OF_WEEK,DAY_WEEK_DESC,DCA_CODE,DCA_DESC,LIGHT_CONDITION,NODE_ID,NO_OF_VEHICLES,NO_PERSONS_KILLED,NO_PERSONS_INJ_2,NO_PERSONS_INJ_3,NO_PERSONS_NOT_INJ,NO_PERSONS,POLICE_ATTEND,ROAD_GEOMETRY,ROAD_GEOMETRY_DESC,SEVERITY,SPEED_ZONE,RMA,AGE_GROUP,INJ_LEVEL,ROAD_USER_TYPE_DESC
T20180020944,11/1/2018,14:00:00,1,Collision with vehicle,5,Thursday,121,RIGHT THROUGH,1,40415,2,0,0,1,1,2,2,2,T intersection,3,50,Arterial Other,40-49,Other injury,Bicyclists
T20180020947,11/8/2018,18:20:00,1,Collision with vehicle,5,Thursday,133,LANE SIDE SWIPE (VEHICLES IN PARALLEL LANES),1,339416,2,0,0,1,2,3,1,5,Not at intersection,3,80,Arterial Other,26-29,Other injury,Bicyclists
T20180020964,11/9/2018,8:30:00,1,Collision with vehicle,6,Friday,148,VEHICLE OFF FOOTPATH STRIKES VEH ON CARRIAGEWAY,1,49209,2,0,0,1,1,2,1,1,Cross intersection,3,80,Arterial Highway,13-15,Other injury,Bicyclists
T20180020969,11/9/2018,8:00:00,1,Collision with vehicle,6,Friday,143,ENTERING PARKING,1,344309,2,0,0,1,1,2,2,5,Not at intersection,3,999,Local Road,30-39,Other injury,Bicyclists
T20180020984,11/9/2018,8:45:00,1,Collision with vehicle,6,Friday,133,LANE SIDE SWIPE (VEHICLES IN PARALLEL LANES),1,338797,2,0,0,1,1,2,2,5,Not at intersection,3,50,Arterial Other,50-59,Other injury,Bicyclists
T20180020994,11/9/2018,17:30:00,1,Collision with vehicle,5,Friday,163,VEHICLE STRIKES DOOR OF PARKED/STATIONARY VEHICLE,1,342020,2,0,0,1,1,2,2,5,Not at intersection,3,40,Local Road,30-39,Other injury,Bicyclists
T20180020996,11/9/2018,20:15:00,1,Collision with vehicle,6,Friday,116,LEFT NEAR (INTERSECTIONS ONLY),2,41318,2,0,0,1,1,2,1,1,Cross intersection,3,60,Local Road,60-64,Other injury,Bicyclists
T20180021006,11/9/2018,18:00:00,1,Collision with vehicle,6,Friday,110,CROSS TRAFFIC(INTERSECTIONS ONLY),1,63474,2,0,0,1,1,2,1,1,Cross intersection,3,50,Local Road,40-49,Other injury,Bicyclists
T20180021011,11/1/2018,18:35:00,1,Collision with vehicle,5,Thursday,135,LANE CHANGE LEFT (NOT OVERTAKING),1,235988,2,0,0,1,1,2,2,2,T intersection,3,999,Arterial Other,30-39,Other injury,Bicyclists
T20180021017,11/10/2018,10:45:00,1,Collision with vehicle,7,Saturday,163,VEHICLE STRIKES DOOR OF PARKED/STATIONARY VEHICLE,1,140754,2,0,1,0,1,2,1,5,Not at intersection,2,40,Local Road,40-49,Serious injury,Bicyclists
T20180021020,11/10/2018,10:40:00,1,Collision with vehicle,7,Saturday,160,VEHICLE COLLIDES WITH VEHICLE PARKED ON LEFT OF ROAD,1,338803,2,0,1,0,0,1,1,5,Not at intersection,2,60,Uknown,16-17,Serious injury,Bicyclists
T20180021095,11/11/2018,13:45:00,1,Collision with vehicle,1,Sunday,121,RIGHT THROUGH,1,51084,2,0,1,0,1,2,1,2,T intersection,2,60,Arterial Highway,65-69,Serious injury,Bicyclists
T20180021111,11/11/2018,17:55:00,1,Collision with vehicle,1,Sunday,119,OTHER ADJACENT (INTERSECTIONS ONLY),1,339122,2,0,1,0,1,2,1,2,T intersection,2,60,Local Road,45424,Serious injury,Bicyclists
T20180021112,11/3/2018,9:30:00,1,Collision with vehicle,6,Saturday,160,VEHICLE COLLIDES WITH VEHICLE PARKED ON LEFT OF ROAD,1,359094,2,0,1,0,0,1,2,5,Not at intersection,2,60,Arterial Other,40-49,Serious injury,Bicyclists
T20180021118,10/30/2018,7:00:00,1,Collision with vehicle,3,Tuesday,135,LANE CHANGE LEFT (NOT OVERTAKING),1,92939,2,0,0,1,1,2,2,5,Not at intersection,3,60,Arterial Other,60-64,Other injury,Bicyclists
T20180021126,11/11/2018,19:45:00,1,Collision with vehicle,1,Sunday,121,RIGHT THROUGH,1,46227,2,0,1,0,1,2,1,1,Cross intersection,2,40,Arterial Other,16-17,Serious injury,Bicyclists
T20180021147,10/31/2018,17:15:00,1,Collision with vehicle,4,Wednesday,139,OTHER SAME DIRECTION-MANOUEVRES NOT INCLUDED IN DCAs 130-137,1,35353,2,0,0,1,1,2,2,1,Cross intersection,3,40,Local Road,50-59,Other injury,Bicyclists
T20180021198,11/12/2018,17:06:00,1,Collision with vehicle,2,Monday,130,REAR END(VEHICLES IN SAME LANE),1,343037,2,0,1,0,1,2,1,5,Not at intersection,2,80,Arterial Highway,30-39,Serious injury,Bicyclists
T20180021202,11/12/2018,19:06:00,1,Collision with vehicle,2,Monday,121,RIGHT THROUGH,1,339238,2,0,1,0,2,3,1,5,Not at intersection,2,50,Local Road,50-59,Serious injury,Bicyclists
T20180021223,9/7/2018,19:30:00,1,Collision with vehicle,6,Friday,135,LANE CHANGE LEFT (NOT OVERTAKING),9,339108,2,0,0,1,0,1,2,2,T intersection,3,999,Local Road,30-39,Other injury,Bicyclists
T20180021233,11/13/2018,0:09:00,1,Collision with vehicle,3,Tuesday,110,CROSS TRAFFIC(INTERSECTIONS ONLY),9,63370,2,0,1,0,1,2,1,1,Cross intersection,2,40,Local Road,60-64,Serious injury,Bicyclists
T20180021271,11/13/2018,20:30:00,1,Collision with vehicle,3,Tuesday,113,RIGHT NEAR (INTERSECTIONS ONLY),3,45502,2,0,1,0,1,2,1,2,T intersection,2,60,Local Road,30-39,Serious injury,Bicyclists
T20180021293,11/13/2018,9:15:00,1,Collision with vehicle,3,Tuesday,133,LANE SIDE SWIPE (VEHICLES IN PARALLEL LANES),1,339762,2,0,0,1,0,1,2,5,Not at intersection,3,999,Local Road,70+,Other injury,Bicyclists
T20180021333,11/9/2018,8:10:00,1,Collision with vehicle,5,Friday,133,LANE SIDE SWIPE (VEHICLES IN PARALLEL LANES),1,349841,3,0,0,1,1,2,2,5,Not at intersection,3,50,Local Road,26-29,Other injury,Bicyclists
T20180021343,11/14/2018,20:20:00,1,Collision with vehicle,4,Wednesday,133,LANE SIDE SWIPE (VEHICLES IN PARALLEL LANES),3,340607,2,0,0,1,1,2,1,5,Not at intersection,3,60,Arterial Highway,40-49,Other injury,Bicyclists
T20180021361,11/15/2018,7:30:00,2,Struck Pedestrian,5,Thursday,101,PED EMERGES FROM IN FRONT OF PARKED OR STATIONARY VEHICLE,1,339388,1,0,1,1,0,2,1,5,Not at intersection,2,999,Local Road,30-39,Other injury,Bicyclists
T20180021374,11/15/2018,9:00:00,1,Collision with vehicle,5,Thursday,130,REAR END(VEHICLES IN SAME LANE),1,325,2,0,0,1,1,2,2,5,Not at intersection,3,60,Arterial Other,26-29,Other injury,Bicyclists
T20180021375,11/15/2018,6:31:00,1,Collision with vehicle,5,Thursday,137,LEFT TURN SIDESWIPE,1,36338,2,0,1,0,1,2,1,1,Cross intersection,2,40,Local Road,18-21,Serious injury,Bicyclists
T20180021380,11/15/2018,6:41:00,1,Collision with vehicle,5,Thursday,120,HEAD ON (NOT OVERTAKING),1,339365,2,0,1,0,1,2,1,5,Not at intersection,2,30,Local Road,50-59,Serious injury,Bicyclists
T20180021382,11/11/2018,10:30:00,1,Collision with vehicle,1,Sunday,111,RIGHT FAR (INTERSECTIONS ONLY),1,29543,2,0,1,0,0,1,2,1,Cross intersection,2,60,Arterial Other,40-49,Serious injury,Bicyclists
T20180021383,11/14/2018,15:30:00,1,Collision with vehicle,4,Wednesday,143,ENTERING PARKING,1,359100,2,0,0,1,1,2,2,5,Not at intersection,3,50,Arterial Highway,13-15,Other injury,Bicyclists
T20180021386,11/15/2018,14:45:00,1,Collision with vehicle,5,Thursday,152,PULLING OUT (OVERTAKING),1,64713,2,0,0,1,1,2,1,2,T intersection,3,60,Local Road,30-39,Other injury,Bicyclists
T20180021431,11/16/2018,9:37:00,1,Collision with vehicle,6,Friday,163,VEHICLE STRIKES DOOR OF PARKED/STATIONARY VEHICLE,1,339282,2,0,0,1,2,3,2,5,Not at intersection,3,40,Local Road,50-59,Other injury,Bicyclists
T20180021435,11/16/2018,2:10:00,1,Collision with vehicle,6,Friday,130,REAR END(VEHICLES IN SAME LANE),6,340725,2,0,0,1,2,3,1,5,Not at intersection,3,999,Local Road,26-29,Other injury,Bicyclists
T20180021452,11/8/2018,16:00:00,1,Collision with vehicle,5,Thursday,148,VEHICLE OFF FOOTPATH STRIKES VEH ON CARRIAGEWAY,1,339270,2,0,0,1,3,4,1,5,Not at intersection,3,50,Local Road,22-25,Other injury,Bicyclists
T20180021453,11/16/2018,6:45:00,1,Collision with vehicle,6,Friday,121,RIGHT THROUGH,1,35523,2,0,0,1,1,2,2,2,T intersection,3,60,Arterial Other,30-39,Other injury,Bicyclists
T20180021459,11/14/2018,7:20:00,1,Collision with vehicle,4,Wednesday,116,LEFT NEAR (INTERSECTIONS ONLY),1,363,2,0,0,1,1,2,2,1,Cross intersection,3,40,Local Road,30-39,Other injury,Bicyclists
T20180021474,11/16/2018,8:15:00,1,Collision with vehicle,6,Friday,137,LEFT TURN SIDESWIPE,1,29550,2,0,0,1,1,2,2,1,Cross intersection,3,60,Arterial Other,30-39,Other injury,Bicyclists
T20180021476,11/16/2018,19:00:00,1,Collision with vehicle,6,Friday,110,CROSS TRAFFIC(INTERSECTIONS ONLY),9,37986,2,0,0,1,1,2,2,1,Cross intersection,3,999,Local Road,30-39,Other injury,Bicyclists
T20180021538,11/17/2018,17:00:00,1,Collision with vehicle,7,Saturday,140,U TURN,1,339277,2,0,0,1,1,2,1,2,T intersection,3,40,Local Road,40-49,Other injury,Bicyclists
T20180021566,11/17/2018,23:40:00,1,Collision with vehicle,7,Saturday,160,VEHICLE COLLIDES WITH VEHICLE PARKED ON LEFT OF ROAD,3,341978,2,0,1,0,0,1,1,1,Cross intersection,2,80,Arterial Other,22-25,Serious injury,Bicyclists
T20180021594,11/18/2018,9:50:00,1,Collision with vehicle,1,Sunday,120,HEAD ON (NOT OVERTAKING),1,340062,2,0,1,0,1,2,1,2,T intersection,2,100,Arterial Other,40-49,Serious injury,Bicyclists
T20180021599,11/18/2018,9:47:00,1,Collision with vehicle,1,Sunday,130,REAR END(VEHICLES IN SAME LANE),1,343772,2,0,1,0,2,3,1,5,Not at intersection,2,60,Arterial Other,30-39,Serious injury,Bicyclists
T20180021625,11/18/2018,18:30:00,1,Collision with vehicle,1,Sunday,163,VEHICLE STRIKES DOOR OF PARKED/STATIONARY VEHICLE,1,339273,2,0,0,1,0,1,1,5,Not at intersection,3,50,Arterial Other,50-59,Other injury,Bicyclists
T20180021659,11/19/2018,9:00:00,1,Collision with vehicle,2,Monday,129,OTHER OPPOSING MANOEUVRES NOT INCLUDED IN DCAs 120-125.,1,29883,2,0,1,0,2,3,1,4,Multiple intersection,2,50,Local Road,70+,Serious injury,Bicyclists
T20180021662,11/15/2018,14:30:00,1,Collision with vehicle,5,Thursday,163,VEHICLE STRIKES DOOR OF PARKED/STATIONARY VEHICLE,1,339585,2,0,0,1,1,2,2,5,Not at intersection,3,40,Arterial Other,30-39,Other injury,Bicyclists
T20180021675,11/19/2018,9:30:00,8,No collision and no object struck,2,Monday,174,OUT OF CONTROL ON CARRIAGEWAY (ON STRAIGHT),1,29438,2,0,0,1,0,1,2,2,T intersection,3,777,Arterial Other,26-29,Other injury,Bicyclists
T20180021705,11/20/2018,0:19:00,4,Collision with a fixed object,3,Tuesday,171,LEFT OFF CARRIAGEWAY INTO OBJECT/PARKED VEHICLE,5,339392,1,0,0,1,0,1,1,5,Not at intersection,3,50,Local Road,26-29,Other injury,Bicyclists
T20180021727,11/20/2018,9:00:00,1,Collision with vehicle,2,Tuesday,121,RIGHT THROUGH,1,47714,2,0,0,1,1,2,1,2,T intersection,3,60,Arterial Highway,50-59,Other injury,Bicyclists
T20180021728,11/20/2018,10:00:00,1,Collision with vehicle,2,Tuesday,148,VEHICLE OFF FOOTPATH STRIKES VEH ON CARRIAGEWAY,1,242278,2,0,0,1,1,2,1,1,Cross intersection,3,50,Arterial Other,70+,Other injury,Bicyclists
T20180021747,11/17/2018,7:00:00,1,Collision with vehicle,6,Saturday,133,LANE SIDE SWIPE (VEHICLES IN PARALLEL LANES),9,35387,2,0,0,1,1,2,2,1,Cross intersection,3,60,Arterial Other,26-29,Other injury,Bicyclists
T20180021757,11/20/2018,6:45:00,1,Collision with vehicle,3,Tuesday,112,LEFT FAR (INTERSECTIONS ONLY),1,85,2,0,0,1,0,1,2,2,T intersection,3,999,Arterial Other,26-29,Other injury,Bicyclists
T20180021773,11/20/2018,14:16:00,1,Collision with vehicle,3,Tuesday,131,LEFT REAR,1,37610,2,1,0,0,1,2,1,1,Cross intersection,1,60,Arterial Highway,26-29,Fatality,Bicyclists
T20180021822,11/21/2018,8:55:00,1,Collision with vehicle,4,Wednesday,121,RIGHT THROUGH,1,53075,2,0,1,0,0,1,1,1,Cross intersection,2,60,Uknown,18-21,Serious injury,Bicyclists
T20180021835,11/21/2018,15:58:00,1,Collision with vehicle,4,Wednesday,110,CROSS TRAFFIC(INTERSECTIONS ONLY),1,45136,2,0,0,1,1,2,1,1,Cross intersection,3,50,Local Road,22-25,Other injury,Bicyclists
T20180021840,11/21/2018,14:30:00,1,Collision with vehicle,3,Wednesday,160,VEHICLE COLLIDES WITH VEHICLE PARKED ON LEFT OF ROAD,1,342150,2,0,0,1,1,2,1,5,Not at intersection,3,50,Local Road,40-49,Other injury,Bicyclists
T20180021890,11/22/2018,8:55:00,6,Vehicle overturned (no collision),5,Thursday,174,OUT OF CONTROL ON CARRIAGEWAY (ON STRAIGHT),1,341070,2,0,1,0,1,2,1,5,Not at intersection,2,40,Local Road,30-39,Serious injury,Bicyclists
T20180021895,11/22/2018,10:20:00,1,Collision with vehicle,5,Thursday,116,LEFT NEAR (INTERSECTIONS ONLY),1,340028,2,0,1,0,1,2,1,1,Cross intersection,2,70,Uknown,70+,Serious injury,Bicyclists
T20180021900,11/22/2018,8:30:00,1,Collision with vehicle,5,Thursday,111,RIGHT FAR (INTERSECTIONS ONLY),1,340065,2,0,0,1,2,3,2,2,T intersection,3,50,Local Road,45424,Other injury,Bicyclists
T20180021910,9/4/2018,17:30:00,1,Collision with vehicle,2,Tuesday,121,RIGHT THROUGH,1,55646,2,0,0,1,1,2,2,2,T intersection,3,50,Local Road,22-25,Other injury,Bicyclists
T20180021916,11/22/2018,14:10:00,1,Collision with vehicle,4,Thursday,110,CROSS TRAFFIC(INTERSECTIONS ONLY),1,50277,2,0,0,1,1,2,1,1,Cross intersection,3,60,Arterial Other,18-21,Other injury,Bicyclists
T20180021919,11/22/2018,15:00:00,1,Collision with vehicle,5,Thursday,116,LEFT NEAR (INTERSECTIONS ONLY),1,29990,2,0,0,1,1,2,1,1,Cross intersection,3,50,Local Road,40-49,Other injury,Bicyclists
T20180021945,8/16/2018,8:45:00,1,Collision with vehicle,4,Thursday,163,VEHICLE STRIKES DOOR OF PARKED/STATIONARY VEHICLE,1,341924,2,0,0,1,2,3,2,5,Not at intersection,3,40,Local Road,26-29,Other injury,Bicyclists
T20180021947,11/22/2018,15:50:00,1,Collision with vehicle,4,Thursday,110,CROSS TRAFFIC(INTERSECTIONS ONLY),1,29361,2,0,0,1,1,2,1,1,Cross intersection,3,40,Local Road,30-39,Other injury,Bicyclists
T20180021957,11/22/2018,19:32:00,1,Collision with vehicle,5,Thursday,134,LANE CHANGE RIGHT (NOT OVERTAKING),2,35363,2,0,1,0,1,2,1,1,Cross intersection,2,40,Local Road,40-49,Serious injury,Bicyclists
T20180021963,11/21/2018,21:10:00,1,Collision with vehicle,4,Wednesday,134,LANE CHANGE RIGHT (NOT OVERTAKING),3,340300,2,0,1,0,1,2,1,2,T intersection,2,60,Arterial Highway,30-39,Serious injury,Bicyclists
T20180021977,10/19/2018,10:50:00,1,Collision with vehicle,5,Friday,116,LEFT NEAR (INTERSECTIONS ONLY),1,36377,2,0,0,1,1,2,2,2,T intersection,3,999,Local Road,22-25,Other injury,Bicyclists
T20180021986,11/21/2018,13:50:00,1,Collision with vehicle,4,Wednesday,110,CROSS TRAFFIC(INTERSECTIONS ONLY),1,63096,2,0,1,0,0,1,2,1,Cross intersection,2,50,Local Road,65-69,Serious injury,Bicyclists
T20180021997,11/23/2018,7:20:00,1,Collision with vehicle,6,Friday,160,VEHICLE COLLIDES WITH VEHICLE PARKED ON LEFT OF ROAD,1,339643,2,0,1,0,0,1,1,5,Not at intersection,2,999,Local Road,26-29,Serious injury,Bicyclists
T20180022039,11/24/2018,9:15:00,1,Collision with vehicle,7,Saturday,130,REAR END(VEHICLES IN SAME LANE),1,359106,2,0,0,1,2,3,1,5,Not at intersection,3,70,Uknown,50-59,Other injury,Bicyclists
T20180022065,11/23/2018,20:45:00,1,Collision with vehicle,5,Friday,113,RIGHT NEAR (INTERSECTIONS ONLY),3,58665,2,0,0,1,1,2,2,2,T intersection,3,50,Local Road,30-39,Other injury,Bicyclists
T20180022103,11/19/2018,7:30:00,1,Collision with vehicle,1,Monday,137,LEFT TURN SIDESWIPE,1,66769,2,0,0,1,1,2,2,2,T intersection,3,40,Arterial Other,22-25,Other injury,Bicyclists
T20180022117,11/22/2018,18:15:00,1,Collision with vehicle,4,Thursday,152,PULLING OUT (OVERTAKING),1,339811,2,0,0,1,1,2,2,5,Not at intersection,3,999,Local Road,50-59,Other injury,Bicyclists
T20180022196,11/23/2018,16:00:00,1,Collision with vehicle,6,Friday,147,VEHICLE STRIKES ANOTHER VEH WHILE EMERGING FROM DRIVEWAY,1,339840,2,0,0,1,1,2,2,5,Not at intersection,3,999,Uknown,30-39,Other injury,Bicyclists
T20180022246,11/27/2018,9:00:00,1,Collision with vehicle,2,Tuesday,119,OTHER ADJACENT (INTERSECTIONS ONLY),1,51392,2,0,0,1,1,2,2,1,Cross intersection,3,60,Local Road,60-64,Other injury,Bicyclists
T20180022251,11/20/2018,17:15:00,1,Collision with vehicle,2,Tuesday,110,CROSS TRAFFIC(INTERSECTIONS ONLY),1,326348,2,0,0,1,1,2,2,5,Not at intersection,3,40,Local Road,40-49,Other injury,Bicyclists
T20180022281,11/27/2018,14:20:00,1,Collision with vehicle,2,Tuesday,110,CROSS TRAFFIC(INTERSECTIONS ONLY),1,341636,2,0,0,1,1,2,1,1,Cross intersection,3,40,Uknown,40-49,Other injury,Bicyclists
T20180022292,11/28/2018,6:20:00,1,Collision with vehicle,4,Wednesday,121,RIGHT THROUGH,2,29998,2,0,1,0,1,2,1,2,T intersection,2,70,Arterial Other,40-49,Serious injury,Bicyclists
T20180022293,11/2/2018,5:30:00,8,No collision and no object struck,6,Friday,174,OUT OF CONTROL ON CARRIAGEWAY (ON STRAIGHT),6,346459,2,0,0,1,1,2,2,5,Not at intersection,3,80,Arterial Highway,30-39,Other injury,Bicyclists
T20180022302,11/28/2018,8:32:00,1,Collision with vehicle,4,Wednesday,119,OTHER ADJACENT (INTERSECTIONS ONLY),1,278588,2,0,1,0,1,2,1,2,T intersection,2,60,Local Road,40-49,Serious injury,Bicyclists
T20180022305,11/21/2018,20:30:00,8,No collision and no object struck,4,Wednesday,170,OFF CARRIAGEWAY TO LEFT,6,41615,2,0,0,1,1,2,2,1,Cross intersection,3,60,Local Road,30-39,Other injury,Bicyclists
T20180022321,11/28/2018,15:00:00,1,Collision with vehicle,4,Wednesday,116,LEFT NEAR (INTERSECTIONS ONLY),1,37306,2,0,1,0,1,2,1,1,Cross intersection,2,40,Arterial Other,40-49,Serious injury,Bicyclists
T20180022325,11/28/2018,15:30:00,1,Collision with vehicle,4,Wednesday,121,RIGHT THROUGH,1,29577,2,0,0,1,3,4,1,1,Cross intersection,3,40,Arterial Other,40-49,Other injury,Bicyclists
T20180022339,11/28/2018,18:15:00,6,Vehicle overturned (no collision),4,Wednesday,174,OUT OF CONTROL ON CARRIAGEWAY (ON STRAIGHT),1,339822,1,0,0,1,0,1,1,5,Not at intersection,3,60,Local Road,40-49,Other injury,Bicyclists
T20180022383,11/29/2018,7:00:00,1,Collision with vehicle,5,Thursday,121,RIGHT THROUGH,1,37712,2,0,0,1,1,2,1,2,T intersection,3,40,Arterial Other,30-39,Other injury,Bicyclists
T20180022393,11/29/2018,7:45:00,1,Collision with vehicle,5,Thursday,121,RIGHT THROUGH,1,68057,2,0,0,1,1,2,2,2,T intersection,3,60,Local Road,50-59,Other injury,Bicyclists
T20180022410,11/28/2018,17:30:00,8,No collision and no object struck,4,Wednesday,170,OFF CARRIAGEWAY TO LEFT,1,343064,1,0,0,1,0,1,2,5,Not at intersection,3,60,Arterial Other,30-39,Other injury,Bicyclists
T20180022443,11/30/2018,7:57:00,1,Collision with vehicle,6,Friday,121,RIGHT THROUGH,1,36685,2,0,1,0,0,1,1,1,Cross intersection,2,30,Arterial Highway,26-29,Serious injury,Bicyclists
T20180022490,11/28/2018,7:30:00,1,Collision with vehicle,3,Wednesday,137,LEFT TURN SIDESWIPE,1,38901,2,0,0,1,1,2,2,2,T intersection,3,40,Arterial Other,30-39,Other injury,Bicyclists
T20180022496,11/30/2018,18:45:00,1,Collision with vehicle,6,Friday,110,CROSS TRAFFIC(INTERSECTIONS ONLY),2,64018,2,0,1,0,1,2,1,1,Cross intersection,2,50,Local Road,30-39,Serious injury,Bicyclists
T20180022518,12/1/2018,6:00:00,1,Collision with vehicle,6,Saturday,136,RIGHT TURN SIDESWIPE,1,339873,2,0,0,1,2,3,1,5,Not at intersection,3,50,Local Road,30-39,Other injury,Bicyclists
T20180022521,12/1/2018,9:20:00,1,Collision with vehicle,7,Saturday,133,LANE SIDE SWIPE (VEHICLES IN PARALLEL LANES),1,339835,2,0,1,0,2,3,1,2,T intersection,2,70,Arterial Highway,30-39,Serious injury,Bicyclists
T20180022531,12/1/2018,10:42:00,1,Collision with vehicle,7,Saturday,120,HEAD ON (NOT OVERTAKING),1,339833,2,0,1,0,1,2,1,5,Not at intersection,2,80,Arterial Other,30-39,Serious injury,Bicyclists
T20180022682,12/3/2018,15:00:00,1,Collision with vehicle,2,Monday,135,LANE CHANGE LEFT (NOT OVERTAKING),9,343344,2,0,0,1,1,2,2,5,Not at intersection,3,40,Arterial Other,18-21,Other injury,Bicyclists
T20180022714,12/3/2018,16:50:00,1,Collision with vehicle,1,Monday,148,VEHICLE OFF FOOTPATH STRIKES VEH ON CARRIAGEWAY,1,359282,2,0,0,1,1,2,1,5,Not at intersection,3,60,Arterial Other,16-17,Other injury,Bicyclists
T20180022723,12/4/2018,10:27:00,1,Collision with vehicle,3,Tuesday,137,LEFT TURN SIDESWIPE,1,342784,2,0,0,1,1,2,1,5,Not at intersection,3,40,Local Road,40-49,Other injury,Bicyclists
T20180022749,12/3/2018,16:00:00,1,Collision with vehicle,1,Monday,130,REAR END(VEHICLES IN SAME LANE),1,359113,2,0,1,0,1,2,2,2,T intersection,2,50,Uknown,16-17,Serious injury,Bicyclists
T20180022760,12/4/2018,11:30:00,1,Collision with vehicle,3,Tuesday,133,LANE SIDE SWIPE (VEHICLES IN PARALLEL LANES),1,301787,2,0,0,1,1,2,2,1,Cross intersection,3,60,Local Road,40-49,Other injury,Bicyclists
T20180022762,12/4/2018,17:40:00,1,Collision with vehicle,3,Tuesday,111,RIGHT FAR (INTERSECTIONS ONLY),1,36498,2,0,1,0,1,2,1,2,T intersection,2,40,Local Road,26-29,Serious injury,Bicyclists
T20180022770,12/4/2018,18:26:00,1,Collision with vehicle,3,Tuesday,130,REAR END(VEHICLES IN SAME LANE),1,344104,2,1,0,0,1,2,1,5,Not at intersection,1,100,Uknown,65-69,Fatality,Bicyclists
T20180022771,12/4/2018,18:30:00,1,Collision with vehicle,3,Tuesday,116,LEFT NEAR (INTERSECTIONS ONLY),2,70117,2,0,0,1,1,2,2,2,T intersection,3,50,Local Road,40-49,Other injury,Bicyclists
T20180022785,12/5/2018,8:30:00,1,Collision with vehicle,3,Wednesday,135,LANE CHANGE LEFT (NOT OVERTAKING),1,35395,2,0,0,1,1,2,1,2,T intersection,3,60,Arterial Other,26-29,Other injury,Bicyclists
T20180022793,12/5/2018,7:18:00,1,Collision with vehicle,4,Wednesday,121,RIGHT THROUGH,1,37770,2,0,1,0,1,2,1,2,T intersection,2,40,Arterial Other,30-39,Serious injury,Bicyclists
T20180022795,12/5/2018,9:55:00,1,Collision with vehicle,4,Wednesday,110,CROSS TRAFFIC(INTERSECTIONS ONLY),1,326348,2,0,0,1,1,2,1,5,Not at intersection,3,40,Local Road,26-29,Other injury,Bicyclists
T20180022799,11/22/2018,15:25:00,1,Collision with vehicle,5,Thursday,110,CROSS TRAFFIC(INTERSECTIONS ONLY),9,265474,2,0,0,1,1,2,2,1,Cross intersection,3,999,Local Road,30-39,Other injury,Bicyclists
T20180022804,12/5/2018,9:12:00,8,No collision and no object struck,4,Wednesday,179,OTHER ACCIDENTS-OFF STRAIGHT NOT INCLUDED IN DCAs 170-175,1,37908,3,0,0,1,2,3,1,1,Cross intersection,3,40,Local Road,70+,Other injury,Bicyclists
T20180022814,12/5/2018,14:40:00,8,No collision and no object struck,4,Wednesday,174,OUT OF CONTROL ON CARRIAGEWAY (ON STRAIGHT),1,340303,1,0,1,0,0,1,1,5,Not at intersection,2,50,Local Road,16-17,Serious injury,Bicyclists
T20180022826,12/5/2018,12:00:00,1,Collision with vehicle,4,Wednesday,112,LEFT FAR (INTERSECTIONS ONLY),1,339970,2,0,0,1,1,2,2,2,T intersection,3,999,Local Road,26-29,Other injury,Bicyclists
T20180022832,12/5/2018,17:50:00,1,Collision with vehicle,4,Wednesday,121,RIGHT THROUGH,1,65814,2,0,1,0,1,2,1,2,T intersection,2,60,Arterial Highway,22-25,Serious injury,Bicyclists
T20180022865,12/5/2018,17:35:00,8,No collision and no object struck,4,Wednesday,174,OUT OF CONTROL ON CARRIAGEWAY (ON STRAIGHT),1,29361,2,0,0,1,1,2,2,1,Cross intersection,3,40,Local Road,50-59,Other injury,Bicyclists
T20180022903,12/6/2018,18:20:00,1,Collision with vehicle,4,Thursday,137,LEFT TURN SIDESWIPE,1,340086,2,0,0,1,1,2,2,5,Not at intersection,3,60,Arterial Highway,26-29,Other injury,Bicyclists
T20180022918,12/6/2018,15:35:00,1,Collision with vehicle,5,Thursday,139,OTHER SAME DIRECTION-MANOUEVRES NOT INCLUDED IN DCAs 130-137,1,278491,2,0,0,1,1,2,1,1,Cross intersection,3,60,Local Road,13-15,Other injury,Bicyclists
T20180022934,12/6/2018,14:50:00,1,Collision with vehicle,5,Thursday,163,VEHICLE STRIKES DOOR OF PARKED/STATIONARY VEHICLE,1,341094,2,0,0,1,2,3,2,5,Not at intersection,3,40,Local Road,Unknown,Other injury,Bicyclists
T20180022953,12/7/2018,7:27:00,1,Collision with vehicle,6,Friday,121,RIGHT THROUGH,2,37344,2,0,0,1,1,2,1,2,T intersection,3,60,Arterial Other,30-39,Other injury,Bicyclists
T20180022996,12/7/2018,18:50:00,1,Collision with vehicle,6,Friday,147,VEHICLE STRIKES ANOTHER VEH WHILE EMERGING FROM DRIVEWAY,1,340649,2,0,0,1,2,3,1,5,Not at intersection,3,888,Arterial Other,45424,Other injury,Bicyclists