ACCIDENT_NO,ACCIDENT_DATE,ACCIDENT_TIME,ACCIDENT_TYPE,ACCIDENT_TYPE_DESC,DAY_OF_WEEK,DAY_WEEK_DESC,DCA_CODE,DCA_DESC,LIGHT_CONDITION,NODE_ID,NO_OF_VEHICLES,NO_PERSONS_KILLED,NO_PERSONS_INJ_2,NO_PERSONS_INJ_3,NO_PERSONS_NOT_INJ,NO_PERSONS,POLICE_ATTEND,ROAD_GEOMETRY,ROAD_GEOMETRY_DESC,SEVERITY,SPEED_ZONE,RMA,AGE_GROUP,INJ_LEVEL,ROAD_USER_TYPE_DESC
T20180023001,12/7/2018,19:16:00,1,Collision with vehicle,6,Friday,163,VEHICLE STRIKES DOOR OF PARKED/STATIONARY VEHICLE,2,340053,3,0,0,1,2,3,1,5,Not at intersection,3,40,Local Road,30-39,Other injury,Bicyclists
T20180023014,12/7/2018,22:55:00,1,Collision with vehicle,6,Friday,134,LANE CHANGE RIGHT (NOT OVERTAKING),3,597012,2,0,1,0,2,3,1,5,Not at intersection,2,999,Local Road,30-39,Serious injury,Bicyclists
T20180023033,12/7/2018,11:38:00,1,Collision with vehicle,6,Friday,133,LANE SIDE SWIPE (VEHICLES IN PARALLEL LANES),1,340226,2,0,1,0,1,2,1,5,Not at intersection,2,50,Local Road,60-64,Serious injury,Bicyclists
T20180023042,12/8/2018,8:00:00,5,collision with some other object,6,Saturday,171,LEFT OFF CARRIAGEWAY INTO OBJECT/PARKED VEHICLE,1,340301,1,0,0,1,0,1,1,5,Not at intersection,3,60,Arterial Highway,70+,Other injury,Bicyclists
T20180023045,12/7/2018,11:30:00,1,Collision with vehicle,5,Friday,133,LANE SIDE SWIPE (VEHICLES IN PARALLEL LANES),1,341838,2,0,0,1,1,2,2,5,Not at intersection,3,60,Uknown,50-59,Other injury,Bicyclists
T20180023105,12/9/2018,11:05:00,1,Collision with vehicle,0,Sunday,133,LANE SIDE SWIPE (VEHICLES IN PARALLEL LANES),1,340691,2,0,0,1,1,2,1,5,Not at intersection,3,50,Arterial Highway,50-59,Other injury,Bicyclists
T20180023112,12/5/2018,17:30:00,1,Collision with vehicle,4,Wednesday,137,LEFT TURN SIDESWIPE,1,397,2,0,1,0,0,1,2,2,T intersection,2,999,Arterial Other,60-64,Serious injury,Bicyclists
T20180023119,12/9/2018,16:00:00,1,Collision with vehicle,1,Sunday,147,VEHICLE STRIKES ANOTHER VEH WHILE EMERGING FROM DRIVEWAY,1,340134,2,0,1,0,1,2,1,5,Not at intersection,2,80,Arterial Other,65-69,Serious injury,Bicyclists
T20180023161,12/10/2018,8:35:00,1,Collision with vehicle,2,Monday,139,OTHER SAME DIRECTION-MANOUEVRES NOT INCLUDED IN DCAs 130-137,1,265474,2,0,1,0,1,2,1,2,T intersection,2,40,Local Road,40-49,Serious injury,Bicyclists
T20180023189,12/7/2018,8:30:00,1,Collision with vehicle,6,Friday,147,VEHICLE STRIKES ANOTHER VEH WHILE EMERGING FROM DRIVEWAY,9,343799,2,0,0,1,0,1,2,5,Not at intersection,3,888,Arterial Other,45424,Other injury,Bicyclists
T20180023207,12/10/2018,16:30:00,1,Collision with vehicle,1,Monday,110,CROSS TRAFFIC(INTERSECTIONS ONLY),1,52212,2,0,0,1,1,2,1,1,Cross intersection,3,40,Local Road,30-39,Other injury,Bicyclists
T20180023208,12/10/2018,21:20:00,1,Collision with vehicle,2,Monday,134,LANE CHANGE RIGHT (NOT OVERTAKING),3,340096,2,0,0,1,1,2,1,5,Not at intersection,3,40,Local Road,22-25,Other injury,Bicyclists
T20180023220,11/2/2018,20:05:00,1,Collision with vehicle,5,Friday,140,U TURN,2,36464,2,0,0,1,0,1,2,1,Cross intersection,3,40,Local Road,30-39,Other injury,Bicyclists
T20180023221,12/10/2018,17:50:00,1,Collision with vehicle,2,Monday,152,PULLING OUT (OVERTAKING),1,340313,2,0,0,1,1,2,1,2,T intersection,3,50,Local Road,26-29,Other injury,Bicyclists
T20180023243,12/10/2018,16:00:00,1,Collision with vehicle,2,Monday,179,OTHER ACCIDENTS-OFF STRAIGHT NOT INCLUDED IN DCAs 170-175,1,40659,2,0,0,1,0,1,2,2,T intersection,3,999,Arterial Highway,16-17,Other injury,Bicyclists
T20180023253,12/5/2018,20:26:00,1,Collision with vehicle,4,Wednesday,134,LANE CHANGE RIGHT (NOT OVERTAKING),2,36267,2,0,0,1,1,2,2,1,Cross intersection,3,40,Local Road,30-39,Other injury,Bicyclists
T20180023255,12/11/2018,14:50:00,1,Collision with vehicle,3,Tuesday,153,CUTTING IN (OVERTAKING),1,340195,2,0,0,1,1,2,1,5,Not at intersection,3,60,Arterial Other,18-21,Other injury,Bicyclists
T20180023259,12/11/2018,15:50:00,1,Collision with vehicle,3,Tuesday,121,RIGHT THROUGH,1,340809,3,0,0,1,1,2,1,2,T intersection,3,60,Arterial Other,30-39,Other injury,Bicyclists
T20180023266,12/11/2018,14:40:00,1,Collision with vehicle,2,Tuesday,110,CROSS TRAFFIC(INTERSECTIONS ONLY),1,340229,2,0,0,1,1,2,1,5,Not at intersection,3,50,Local Road,13-15,Other injury,Bicyclists
T20180023267,12/11/2018,17:30:00,1,Collision with vehicle,2,Tuesday,110,CROSS TRAFFIC(INTERSECTIONS ONLY),1,65071,2,0,1,0,1,2,1,1,Cross intersection,2,40,Local Road,50-59,Serious injury,Bicyclists
T20180023279,12/11/2018,19:40:00,1,Collision with vehicle,2,Tuesday,130,REAR END(VEHICLES IN SAME LANE),1,340847,2,0,0,1,1,2,1,5,Not at intersection,3,70,Arterial Other,60-64,Other injury,Bicyclists
T20180023301,12/11/2018,15:25:00,1,Collision with vehicle,3,Tuesday,116,LEFT NEAR (INTERSECTIONS ONLY),1,73482,2,0,0,1,1,2,1,1,Cross intersection,3,60,Arterial Highway,50-59,Other injury,Bicyclists
T20180023316,12/12/2018,10:30:00,1,Collision with vehicle,4,Wednesday,147,VEHICLE STRIKES ANOTHER VEH WHILE EMERGING FROM DRIVEWAY,1,340224,2,0,1,0,1,2,1,5,Not at intersection,2,888,Arterial Other,50-59,Serious injury,Bicyclists
T20180023319,12/12/2018,6:59:00,1,Collision with vehicle,4,Wednesday,111,RIGHT FAR (INTERSECTIONS ONLY),1,63968,2,0,1,0,1,2,1,2,T intersection,2,50,Local Road,40-49,Serious injury,Bicyclists
T20180023330,12/12/2018,7:44:00,1,Collision with vehicle,4,Wednesday,110,CROSS TRAFFIC(INTERSECTIONS ONLY),1,35626,2,0,0,1,1,2,1,1,Cross intersection,3,60,Arterial Highway,13-15,Other injury,Bicyclists
T20180023390,12/13/2018,8:15:00,1,Collision with vehicle,5,Thursday,148,VEHICLE OFF FOOTPATH STRIKES VEH ON CARRIAGEWAY,1,359115,2,0,1,0,1,2,1,5,Not at intersection,2,60,Arterial Other,16-17,Serious injury,Bicyclists
T20180023425,11/23/2017,18:00:00,1,Collision with vehicle,4,Thursday,114,TWO RIGHT TURNING (INTERSECTIONS ONLY),1,252384,2,0,0,1,1,2,2,2,T intersection,3,40,Local Road,30-39,Other injury,Bicyclists
T20180023432,12/13/2018,10:00:00,1,Collision with vehicle,4,Thursday,135,LANE CHANGE LEFT (NOT OVERTAKING),1,343080,3,0,0,1,2,3,2,5,Not at intersection,3,999,Arterial Other,26-29,Other injury,Bicyclists
T20180023443,12/13/2018,18:20:00,1,Collision with vehicle,4,Thursday,137,LEFT TURN SIDESWIPE,1,36619,2,0,0,1,1,2,2,1,Cross intersection,3,999,Local Road,30-39,Other injury,Bicyclists
T20180023574,6/14/2018,16:45:00,1,Collision with vehicle,5,Thursday,121,RIGHT THROUGH,9,36208,2,0,0,1,1,2,2,2,T intersection,3,999,Arterial Other,40-49,Other injury,Bicyclists
T20180023578,11/16/2018,17:55:00,1,Collision with vehicle,5,Friday,130,REAR END(VEHICLES IN SAME LANE),1,340675,2,0,0,1,1,2,2,5,Not at intersection,3,40,Arterial Other,40-49,Other injury,Bicyclists
T20180023625,12/16/2018,0:05:00,1,Collision with vehicle,1,Sunday,110,CROSS TRAFFIC(INTERSECTIONS ONLY),3,36826,2,0,0,1,2,3,1,1,Cross intersection,3,50,Arterial Other,22-25,Other injury,Bicyclists
T20180023695,12/17/2018,5:45:00,1,Collision with vehicle,2,Monday,121,RIGHT THROUGH,2,224095,2,0,1,1,0,2,2,2,T intersection,2,50,Local Road,26-29,Serious injury,Bicyclists
T20180023697,12/14/2018,18:08:00,1,Collision with vehicle,5,Friday,110,CROSS TRAFFIC(INTERSECTIONS ONLY),3,41672,2,0,0,1,1,2,1,1,Cross intersection,3,60,Local Road,50-59,Other injury,Bicyclists
T20180023842,12/19/2018,10:00:00,1,Collision with vehicle,3,Wednesday,110,CROSS TRAFFIC(INTERSECTIONS ONLY),1,42143,2,0,0,1,3,4,2,1,Cross intersection,3,60,Local Road,18-21,Other injury,Bicyclists
T20180023851,12/19/2018,10:30:00,1,Collision with vehicle,4,Wednesday,163,VEHICLE STRIKES DOOR OF PARKED/STATIONARY VEHICLE,1,344311,2,0,0,1,1,2,2,5,Not at intersection,3,999,Arterial Other,50-59,Other injury,Bicyclists
T20180023883,12/5/2018,16:45:00,2,Struck Pedestrian,4,Wednesday,106,VEH STRIKES PED ON FOOTPATH/MEDIAN/TRAFFIC ISLAND.,1,340443,1,0,1,0,1,2,2,5,Not at intersection,2,999,Local Road,13-15,Not injured,Bicyclists
T20180023887,12/20/2018,8:50:00,1,Collision with vehicle,5,Thursday,113,RIGHT NEAR (INTERSECTIONS ONLY),1,36574,2,0,1,0,1,2,1,2,T intersection,2,60,Arterial Other,18-21,Serious injury,Bicyclists
T20180023908,12/18/2018,16:00:00,1,Collision with vehicle,3,Tuesday,119,OTHER ADJACENT (INTERSECTIONS ONLY),9,293118,2,0,0,1,1,2,2,1,Cross intersection,3,999,Uknown,18-21,Other injury,Bicyclists
T20180023926,12/20/2018,8:30:00,1,Collision with vehicle,4,Thursday,133,LANE SIDE SWIPE (VEHICLES IN PARALLEL LANES),1,37833,2,0,0,1,1,2,2,1,Cross intersection,3,60,Arterial Other,30-39,Other injury,Bicyclists
T20180023966,12/21/2018,11:00:00,1,Collision with vehicle,6,Friday,120,HEAD ON (NOT OVERTAKING),1,340470,2,0,0,1,1,2,1,1,Cross intersection,3,50,Local Road,Unknown,Other injury,Bicyclists
T20180023973,12/20/2018,16:00:00,1,Collision with vehicle,5,Thursday,163,VEHICLE STRIKES DOOR OF PARKED/STATIONARY VEHICLE,1,35359,2,0,1,0,2,3,2,2,T intersection,2,40,Local Road,30-39,Serious injury,Bicyclists
T20180023983,12/21/2018,10:11:00,1,Collision with vehicle,6,Friday,135,LANE CHANGE LEFT (NOT OVERTAKING),1,33879,2,0,1,0,1,2,1,1,Cross intersection,2,60,Arterial Highway,70+,Serious injury,Bicyclists
T20180023993,12/21/2018,11:30:00,1,Collision with vehicle,6,Friday,122,LEFT THROUGH,1,342096,2,0,0,1,1,2,2,5,Not at intersection,3,50,Local Road,70+,Other injury,Bicyclists
T20180024043,12/11/2018,17:30:00,1,Collision with vehicle,2,Tuesday,135,LANE CHANGE LEFT (NOT OVERTAKING),9,340583,2,0,0,1,1,2,2,2,T intersection,3,50,Arterial Highway,30-39,Other injury,Bicyclists
T20180024067,12/22/2018,15:27:00,1,Collision with vehicle,7,Saturday,113,RIGHT NEAR (INTERSECTIONS ONLY),1,36323,2,0,0,1,1,2,1,2,T intersection,3,60,Local Road,22-25,Other injury,Bicyclists
T20180024123,12/23/2018,10:50:00,1,Collision with vehicle,1,Sunday,110,CROSS TRAFFIC(INTERSECTIONS ONLY),1,290809,2,0,1,0,1,2,1,1,Cross intersection,2,50,Uknown,60-64,Serious injury,Bicyclists
T20180024133,12/20/2018,10:01:00,7,Fall from or in moving vehicle,5,Thursday,184,OUT OF CONTROL ON CARRIAGEWAY (ON BEND),1,341579,1,0,1,0,0,1,1,5,Not at intersection,2,40,Uknown,40-49,Serious injury,Bicyclists
T20180024141,12/23/2018,16:11:00,1,Collision with vehicle,1,Sunday,113,RIGHT NEAR (INTERSECTIONS ONLY),1,38454,2,0,1,0,1,2,1,2,T intersection,2,50,Local Road,13-15,Serious injury,Bicyclists
T20180024169,12/24/2018,8:00:00,1,Collision with vehicle,2,Monday,147,VEHICLE STRIKES ANOTHER VEH WHILE EMERGING FROM DRIVEWAY,1,344711,2,0,0,1,1,2,1,5,Not at intersection,3,70,Arterial Highway,30-39,Other injury,Bicyclists
T20180024174,12/22/2018,9:30:00,8,No collision and no object struck,7,Saturday,174,OUT OF CONTROL ON CARRIAGEWAY (ON STRAIGHT),1,340854,1,0,1,0,0,1,2,5,Not at intersection,2,80,Local Road,40-49,Serious injury,Bicyclists
T20180024176,10/17/2018,21:00:00,1,Collision with vehicle,4,Wednesday,133,LANE SIDE SWIPE (VEHICLES IN PARALLEL LANES),2,350211,2,0,0,1,1,2,2,1,Cross intersection,3,60,Arterial Highway,18-21,Other injury,Bicyclists
T20180024181,12/24/2018,11:45:00,1,Collision with vehicle,2,Monday,121,RIGHT THROUGH,1,237030,2,0,0,1,1,2,1,2,T intersection,3,80,Arterial Other,50-59,Other injury,Bicyclists
T20180024211,12/24/2018,13:30:00,1,Collision with vehicle,1,Monday,135,LANE CHANGE LEFT (NOT OVERTAKING),1,340579,2,0,0,1,1,2,2,5,Not at intersection,3,60,Arterial Other,13-15,Other injury,Bicyclists
T20180024237,12/24/2018,18:10:00,1,Collision with vehicle,2,Monday,110,CROSS TRAFFIC(INTERSECTIONS ONLY),1,340551,2,0,1,0,1,2,1,5,Not at intersection,2,60,Local Road,45424,Serious injury,Bicyclists
T20180024241,12/24/2018,20:45:00,1,Collision with vehicle,2,Monday,110,CROSS TRAFFIC(INTERSECTIONS ONLY),1,73772,2,1,0,0,2,3,1,1,Cross intersection,1,60,Local Road,40-49,Fatality,Bicyclists
T20180024261,12/25/2018,12:30:00,1,Collision with vehicle,3,Tuesday,147,VEHICLE STRIKES ANOTHER VEH WHILE EMERGING FROM DRIVEWAY,1,24647,2,0,0,1,1,2,1,5,Not at intersection,3,40,Uknown,30-39,Other injury,Bicyclists
T20180024268,12/25/2018,4:00:00,1,Collision with vehicle,3,Tuesday,130,REAR END(VEHICLES IN SAME LANE),6,343534,2,0,0,1,1,2,2,5,Not at intersection,3,999,Local Road,40-49,Other injury,Bicyclists
T20180024300,12/26/2018,11:39:00,1,Collision with vehicle,4,Wednesday,133,LANE SIDE SWIPE (VEHICLES IN PARALLEL LANES),1,146701,2,0,0,1,2,3,1,5,Not at intersection,3,40,Arterial Other,13-15,Other injury,Bicyclists
T20180024327,12/26/2018,23:23:00,1,Collision with vehicle,4,Wednesday,135,LANE CHANGE LEFT (NOT OVERTAKING),3,40074,2,0,0,1,1,2,1,2,T intersection,3,40,Local Road,22-25,Other injury,Bicyclists
T20180024334,12/27/2018,7:00:00,1,Collision with vehicle,5,Thursday,116,LEFT NEAR (INTERSECTIONS ONLY),1,36479,2,0,1,0,1,2,1,2,T intersection,2,80,Uknown,60-64,Serious injury,Bicyclists
T20180024351,12/26/2018,19:30:00,7,Fall from or in moving vehicle,4,Wednesday,190,FELL IN/FROM VEHICLE,1,650977,1,0,0,1,0,1,2,5,Not at intersection,3,50,Local Road,22-25,Other injury,Bicyclists
T20180024389,12/27/2018,16:00:00,1,Collision with vehicle,4,Thursday,130,REAR END(VEHICLES IN SAME LANE),1,341778,2,0,0,1,1,2,2,1,Cross intersection,3,40,Local Road,40-49,Other injury,Bicyclists
T20180024390,12/27/2018,21:15:00,1,Collision with vehicle,5,Thursday,121,RIGHT THROUGH,3,65456,2,0,1,0,1,2,1,2,T intersection,2,60,Arterial Other,40-49,Serious injury,Bicyclists
T20180024392,12/27/2018,23:50:00,1,Collision with vehicle,5,Thursday,135,LANE CHANGE LEFT (NOT OVERTAKING),3,265474,2,0,0,1,1,2,1,2,T intersection,3,40,Local Road,30-39,Other injury,Bicyclists
T20180024400,12/28/2018,7:40:00,1,Collision with vehicle,6,Friday,189,OTHER ACCIDENTS ON CURVE NOT INCLUDED IN DCAs 180-184,1,51981,2,0,1,1,0,2,1,1,Cross intersection,2,60,Uknown,30-39,Serious injury,Bicyclists
T20180024415,12/28/2018,11:30:00,1,Collision with vehicle,6,Friday,121,RIGHT THROUGH,1,341432,2,0,1,0,1,2,1,4,Multiple intersection,2,50,Arterial Other,30-39,Serious injury,Bicyclists
T20180024432,12/28/2018,17:00:00,1,Collision with vehicle,6,Friday,137,LEFT TURN SIDESWIPE,1,359134,2,0,1,0,1,2,1,2,T intersection,2,50,Local Road,70+,Serious injury,Bicyclists
T20180024468,12/23/2018,9:30:00,1,Collision with vehicle,1,Sunday,110,CROSS TRAFFIC(INTERSECTIONS ONLY),1,72671,2,0,1,0,1,2,2,1,Cross intersection,2,50,Local Road,70+,Serious injury,Bicyclists
T20180024486,12/29/2018,16:55:00,1,Collision with vehicle,6,Saturday,110,CROSS TRAFFIC(INTERSECTIONS ONLY),1,340753,2,0,0,1,2,3,1,1,Cross intersection,3,50,Local Road,13-15,Other injury,Bicyclists
T20180024508,12/30/2018,11:00:00,1,Collision with vehicle,1,Sunday,143,ENTERING PARKING,1,342841,2,0,0,1,1,2,2,5,Not at intersection,3,40,Local Road,50-59,Other injury,Bicyclists
T20180024551,12/31/2018,10:00:00,5,collision with some other object,2,Monday,166,STRUCK OBJECT ON CARRIAGEWAY,1,341000,1,0,0,1,0,1,1,5,Not at intersection,3,50,Uknown,70+,Other injury,Bicyclists
T20190000003,12/31/2018,19:25:00,1,Collision with vehicle,2,Monday,119,OTHER ADJACENT (INTERSECTIONS ONLY),1,341980,3,0,0,1,3,4,1,2,T intersection,3,60,Local Road,40-49,Not injured,Bicyclists
T20190000086,12/22/2018,23:30:00,8,No collision and no object struck,7,Saturday,174,OUT OF CONTROL ON CARRIAGEWAY (ON STRAIGHT),5,67135,2,0,0,1,0,1,2,1,Cross intersection,3,999,Local Road,#N/A,#N/A,#N/A
T20190000125,1/2/2019,13:00:00,1,Collision with vehicle,4,Wednesday,121,RIGHT THROUGH,1,340864,2,0,1,0,1,2,2,5,Not at intersection,2,50,Local Road,50-59,Serious injury,Bicyclists
T20190000129,12/20/2018,19:30:00,1,Collision with vehicle,5,Thursday,135,LANE CHANGE LEFT (NOT OVERTAKING),9,340852,2,0,0,1,1,2,2,5,Not at intersection,3,40,Local Road,26-29,Other injury,Bicyclists
T20190000131,12/29/2018,14:20:00,1,Collision with vehicle,7,Saturday,121,RIGHT THROUGH,1,40110,2,0,0,1,1,2,2,2,T intersection,3,50,Local Road,30-39,Other injury,Bicyclists
T20190000148,1/3/2019,17:45:00,1,Collision with vehicle,5,Thursday,132,RIGHT REAR.,1,341329,2,0,0,1,1,2,1,5,Not at intersection,3,50,Local Road,30-39,Other injury,Bicyclists
T20190000152,1/3/2019,19:31:00,8,No collision and no object struck,5,Thursday,174,OUT OF CONTROL ON CARRIAGEWAY (ON STRAIGHT),1,244464,1,0,0,1,0,1,1,5,Not at intersection,3,40,Arterial Other,30-39,Other injury,Bicyclists
T20190000182,1/4/2019,10:00:00,1,Collision with vehicle,6,Friday,116,LEFT NEAR (INTERSECTIONS ONLY),1,340952,2,0,0,1,1,2,2,2,T intersection,3,70,Uknown,50-59,Other injury,Bicyclists
T20190000234,1/5/2019,11:10:00,1,Collision with vehicle,7,Saturday,110,CROSS TRAFFIC(INTERSECTIONS ONLY),1,29537,2,0,1,0,1,2,1,1,Cross intersection,2,60,Arterial Other,26-29,Serious injury,Bicyclists
T20190000260,1/5/2019,16:01:00,1,Collision with vehicle,6,Saturday,110,CROSS TRAFFIC(INTERSECTIONS ONLY),2,44609,2,0,0,1,0,1,1,1,Cross intersection,3,60,Arterial Other,50-59,Other injury,Bicyclists
T20190000302,1/6/2019,11:00:00,1,Collision with vehicle,1,Sunday,119,OTHER ADJACENT (INTERSECTIONS ONLY),1,37128,2,0,0,1,1,2,1,2,T intersection,3,60,Arterial Other,Unknown,Other injury,Bicyclists
T20190000331,1/6/2019,10:30:00,1,Collision with vehicle,1,Sunday,110,CROSS TRAFFIC(INTERSECTIONS ONLY),1,40007,2,0,0,1,1,2,2,1,Cross intersection,3,50,Arterial Other,22-25,Other injury,Bicyclists
T20190000346,1/7/2019,8:40:00,1,Collision with vehicle,1,Monday,121,RIGHT THROUGH,1,39131,2,0,0,1,1,2,1,1,Cross intersection,3,60,Arterial Other,22-25,Other injury,Bicyclists
T20190000359,1/7/2019,13:15:00,1,Collision with vehicle,2,Monday,111,RIGHT FAR (INTERSECTIONS ONLY),1,47826,2,0,0,1,2,3,1,2,T intersection,3,60,Local Road,22-25,Other injury,Bicyclists
T20190000371,12/19/2018,13:22:00,1,Collision with vehicle,4,Wednesday,121,RIGHT THROUGH,1,341062,2,0,0,1,1,2,1,2,T intersection,3,70,Local Road,16-17,Other injury,Bicyclists
T20190000380,7/15/2018,10:30:00,1,Collision with vehicle,0,Sunday,135,LANE CHANGE LEFT (NOT OVERTAKING),1,340993,2,0,0,1,2,3,2,5,Not at intersection,3,50,Local Road,40-49,Other injury,Bicyclists
T20190000384,1/7/2019,15:40:00,1,Collision with vehicle,2,Monday,140,U TURN,1,341137,2,0,0,1,1,2,2,5,Not at intersection,3,100,Arterial Other,16-17,Other injury,Bicyclists
T20190000415,1/8/2019,12:35:00,1,Collision with vehicle,3,Tuesday,148,VEHICLE OFF FOOTPATH STRIKES VEH ON CARRIAGEWAY,1,10608,2,0,1,0,1,2,1,4,Multiple intersection,2,60,Freeway,30-39,Serious injury,Bicyclists
T20190000432,1/8/2019,16:00:00,1,Collision with vehicle,3,Tuesday,137,LEFT TURN SIDESWIPE,1,277256,2,0,1,0,1,2,1,2,T intersection,2,50,Local Road,26-29,Serious injury,Bicyclists
T20190000437,1/8/2019,11:45:00,1,Collision with vehicle,3,Tuesday,111,RIGHT FAR (INTERSECTIONS ONLY),1,359140,2,0,0,1,1,2,2,1,Cross intersection,3,999,Local Road,18-21,Other injury,Bicyclists
T20190000488,1/9/2019,6:15:00,8,No collision and no object struck,4,Wednesday,174,OUT OF CONTROL ON CARRIAGEWAY (ON STRAIGHT),1,341042,1,0,1,0,0,1,1,5,Not at intersection,2,40,Arterial Other,50-59,Serious injury,Bicyclists
T20190000496,1/9/2019,17:20:00,1,Collision with vehicle,3,Wednesday,135,LANE CHANGE LEFT (NOT OVERTAKING),1,341058,2,0,0,1,1,2,1,5,Not at intersection,3,60,Arterial Other,40-49,Other injury,Bicyclists
T20190000569,1/11/2019,8:20:00,1,Collision with vehicle,6,Friday,121,RIGHT THROUGH,1,36355,2,0,1,0,1,2,1,1,Cross intersection,2,60,Local Road,30-39,Serious injury,Bicyclists
T20190000576,1/11/2019,9:06:00,1,Collision with vehicle,6,Friday,110,CROSS TRAFFIC(INTERSECTIONS ONLY),1,37741,2,0,1,0,1,2,1,1,Cross intersection,2,60,Arterial Other,18-21,Serious injury,Bicyclists
T20190000584,1/11/2019,12:45:00,1,Collision with vehicle,6,Friday,121,RIGHT THROUGH,1,341095,2,0,1,0,1,2,1,5,Not at intersection,2,40,Local Road,40-49,Serious injury,Bicyclists
T20190000633,1/11/2019,19:15:00,1,Collision with vehicle,6,Friday,112,LEFT FAR (INTERSECTIONS ONLY),1,40924,2,0,0,1,2,3,1,2,T intersection,3,50,Arterial Other,45424,Other injury,Bicyclists
T20190000641,12/19/2018,13:55:00,1,Collision with vehicle,3,Wednesday,121,RIGHT THROUGH,9,36032,2,0,0,1,1,2,2,2,T intersection,3,60,Local Road,18-21,Other injury,Bicyclists
T20190000690,1/12/2019,18:08:00,1,Collision with vehicle,6,Saturday,112,LEFT FAR (INTERSECTIONS ONLY),1,341146,2,0,0,1,1,2,1,1,Cross intersection,3,50,Arterial Highway,45424,Other injury,Bicyclists
T20190000708,1/13/2019,6:15:00,9,Other accident,1,Sunday,198,OTHER ACCIDENTS NOT CLASSIFIABLE ELSEWHERE,9,341138,1,0,0,1,0,1,2,5,Not at intersection,3,999,Local Road,22-25,Other injury,Bicyclists
T20190000732,1/13/2019,11:10:00,1,Collision with vehicle,1,Sunday,147,VEHICLE STRIKES ANOTHER VEH WHILE EMERGING FROM DRIVEWAY,1,1285,2,0,0,1,1,2,1,2,T intersection,3,60,Uknown,30-39,Other injury,Bicyclists
T20190000748,1/13/2019,12:30:00,1,Collision with vehicle,1,Sunday,130,REAR END(VEHICLES IN SAME LANE),1,43213,2,0,1,0,1,2,2,2,T intersection,2,60,Arterial Highway,22-25,Serious injury,Bicyclists
T20190000776,1/14/2019,6:10:00,1,Collision with vehicle,2,Monday,121,RIGHT THROUGH,2,40582,2,0,1,0,1,2,1,2,T intersection,2,60,Arterial Highway,30-39,Serious injury,Bicyclists
T20190000798,1/12/2019,19:30:00,1,Collision with vehicle,7,Saturday,133,LANE SIDE SWIPE (VEHICLES IN PARALLEL LANES),2,342222,2,0,0,1,0,1,2,5,Not at intersection,3,60,Arterial Other,30-39,Other injury,Bicyclists
T20190000833,1/15/2019,7:49:00,5,collision with some other object,3,Tuesday,166,STRUCK OBJECT ON CARRIAGEWAY,1,341377,1,0,1,0,0,1,1,5,Not at intersection,2,60,Arterial Highway,40-49,Serious injury,Bicyclists
T20190000857,1/15/2019,8:45:00,1,Collision with vehicle,3,Tuesday,130,REAR END(VEHICLES IN SAME LANE),1,343691,2,0,1,0,1,2,1,5,Not at intersection,2,80,Local Road,30-39,Serious injury,Bicyclists
T20190000881,1/16/2019,7:45:00,1,Collision with vehicle,4,Wednesday,121,RIGHT THROUGH,1,15470,2,0,1,0,1,2,1,1,Cross intersection,2,50,Local Road,70+,Serious injury,Bicyclists
T20190000882,1/16/2019,7:55:00,1,Collision with vehicle,4,Wednesday,135,LANE CHANGE LEFT (NOT OVERTAKING),1,72063,2,0,1,0,1,2,2,5,Not at intersection,2,60,Arterial Other,30-39,Serious injury,Bicyclists
T20190000886,1/16/2019,8:40:00,1,Collision with vehicle,4,Wednesday,121,RIGHT THROUGH,1,36825,2,0,1,0,1,2,1,1,Cross intersection,2,60,Arterial Other,30-39,Serious injury,Bicyclists
T20190000931,1/16/2019,17:50:00,1,Collision with vehicle,4,Wednesday,133,LANE SIDE SWIPE (VEHICLES IN PARALLEL LANES),1,37196,2,0,1,0,1,2,1,1,Cross intersection,2,40,Arterial Other,60-64,Serious injury,Bicyclists
T20190000951,1/17/2019,8:28:00,1,Collision with vehicle,5,Thursday,151,OUT OF CONTROL (OVERTAKING),1,341631,3,0,2,0,0,2,1,5,Not at intersection,2,50,Uknown,30-39,Serious injury,Bicyclists
T20190000956,1/17/2019,8:55:00,1,Collision with vehicle,5,Thursday,163,VEHICLE STRIKES DOOR OF PARKED/STATIONARY VEHICLE,1,341408,2,0,0,1,1,2,1,5,Not at intersection,3,40,Arterial Other,18-21,Other injury,Bicyclists
T20190000974,1/17/2019,9:00:00,1,Collision with vehicle,4,Thursday,160,VEHICLE COLLIDES WITH VEHICLE PARKED ON LEFT OF ROAD,1,344157,3,0,1,1,0,2,1,2,T intersection,2,50,Local Road,26-29,Serious injury,Bicyclists
T20190000979,1/14/2019,17:30:00,1,Collision with vehicle,1,Monday,135,LANE CHANGE LEFT (NOT OVERTAKING),1,341977,2,0,0,1,1,2,2,5,Not at intersection,3,60,Arterial Other,30-39,Other injury,Bicyclists
T20190000986,1/17/2019,5:50:00,1,Collision with vehicle,5,Thursday,113,RIGHT NEAR (INTERSECTIONS ONLY),9,52805,2,0,0,1,1,2,2,2,T intersection,3,60,Arterial Other,40-49,Other injury,Bicyclists
T20190000991,1/17/2019,17:43:00,1,Collision with vehicle,5,Thursday,122,LEFT THROUGH,1,343489,2,0,0,1,1,2,1,5,Not at intersection,3,60,Arterial Highway,50-59,Other injury,Bicyclists