ACCIDENT_NO,ACCIDENT_DATE,ACCIDENT_TIME,ACCIDENT_TYPE,ACCIDENT_TYPE_DESC,DAY_OF_WEEK,DAY_WEEK_DESC,DCA_CODE,DCA_DESC,LIGHT_CONDITION,NODE_ID,NO_OF_VEHICLES,NO_PERSONS_KILLED,NO_PERSONS_INJ_2,NO_PERSONS_INJ_3,NO_PERSONS_NOT_INJ,NO_PERSONS,POLICE_ATTEND,ROAD_GEOMETRY,ROAD_GEOMETRY_DESC,SEVERITY,SPEED_ZONE,RMA,AGE_GROUP,INJ_LEVEL,ROAD_USER_TYPE_DESC
T20190001004,1/17/2019,18:00:00,1,Collision with vehicle,4,Thursday,121,RIGHT THROUGH,1,40004,3,0,1,1,1,3,1,1,Cross intersection,2,60,Arterial Other,40-49,Serious injury,Bicyclists
T20190001010,1/17/2019,17:20:00,1,Collision with vehicle,5,Thursday,129,OTHER OPPOSING MANOEUVRES NOT INCLUDED IN DCAs 120-125.,1,341422,2,0,0,1,1,2,1,5,Not at intersection,3,50,Local Road,0-4,Other injury,Bicyclists
T20190001020,1/18/2019,8:22:00,1,Collision with vehicle,6,Friday,110,CROSS TRAFFIC(INTERSECTIONS ONLY),1,341528,2,0,1,0,1,2,1,1,Cross intersection,2,60,Arterial Other,30-39,Serious injury,Bicyclists
T20190001054,1/18/2019,13:15:00,1,Collision with vehicle,6,Friday,111,RIGHT FAR (INTERSECTIONS ONLY),1,52608,2,0,0,2,0,2,2,2,T intersection,3,40,Local Road,70+,Other injury,Bicyclists
T20190001057,1/18/2019,14:00:00,6,Vehicle overturned (no collision),6,Friday,174,OUT OF CONTROL ON CARRIAGEWAY (ON STRAIGHT),1,360431,2,0,0,1,2,3,1,4,Multiple intersection,3,40,Local Road,30-39,Other injury,Bicyclists
T20190001058,1/18/2019,10:40:00,1,Collision with vehicle,6,Friday,121,RIGHT THROUGH,1,341446,2,0,1,0,1,2,1,2,T intersection,2,50,Local Road,70+,Serious injury,Bicyclists
T20190001077,1/18/2019,18:30:00,1,Collision with vehicle,6,Friday,149,OTHER MANOEUVRING NOT INCLUDED IN DCAs 140-148,9,342526,2,0,1,0,1,2,2,5,Not at intersection,2,999,Freeway,40-49,Serious injury,Bicyclists
T20190001100,12/26/2018,9:50:00,8,No collision and no object struck,4,Wednesday,143,ENTERING PARKING,1,343397,2,0,0,1,0,1,2,5,Not at intersection,3,999,Arterial Other,50-59,Other injury,Bicyclists
T20190001104,1/18/2019,18:00:00,1,Collision with vehicle,6,Friday,114,TWO RIGHT TURNING (INTERSECTIONS ONLY),1,36695,2,0,0,1,1,2,2,2,T intersection,3,999,Arterial Other,30-39,Other injury,Bicyclists
T20190001134,1/19/2019,11:30:00,1,Collision with vehicle,7,Saturday,130,REAR END(VEHICLES IN SAME LANE),1,341517,2,0,0,1,1,2,2,5,Not at intersection,3,50,Local Road,40-49,Other injury,Bicyclists
T20190001139,1/12/2019,7:45:00,1,Collision with vehicle,6,Saturday,130,REAR END(VEHICLES IN SAME LANE),1,341465,2,0,1,0,1,2,1,5,Not at intersection,2,60,Arterial Other,40-49,Serious injury,Bicyclists
T20190001145,1/19/2019,15:10:00,1,Collision with vehicle,6,Saturday,110,CROSS TRAFFIC(INTERSECTIONS ONLY),1,37972,2,0,1,0,1,2,1,1,Cross intersection,2,50,Local Road,40-49,Serious injury,Bicyclists
T20190001181,1/20/2019,17:06:00,1,Collision with vehicle,1,Sunday,113,RIGHT NEAR (INTERSECTIONS ONLY),1,41094,3,0,0,1,2,3,1,2,T intersection,3,60,Arterial Other,50-59,Other injury,Bicyclists
T20190001205,1/19/2019,19:30:00,1,Collision with vehicle,7,Saturday,121,RIGHT THROUGH,1,54385,2,0,0,1,1,2,1,2,T intersection,3,60,Arterial Other,22-25,Other injury,Bicyclists
T20190001235,1/3/2019,14:23:00,8,No collision and no object struck,5,Thursday,174,OUT OF CONTROL ON CARRIAGEWAY (ON STRAIGHT),1,341503,1,0,0,1,0,1,1,5,Not at intersection,3,60,Arterial Other,70+,Other injury,Bicyclists
T20190001237,1/20/2019,8:30:00,1,Collision with vehicle,1,Sunday,116,LEFT NEAR (INTERSECTIONS ONLY),1,44520,2,0,0,1,1,2,2,4,Multiple intersection,3,60,Arterial Other,30-39,Other injury,Bicyclists
T20190001242,1/21/2019,13:20:00,1,Collision with vehicle,2,Monday,163,VEHICLE STRIKES DOOR OF PARKED/STATIONARY VEHICLE,1,246976,2,0,1,0,1,2,1,5,Not at intersection,2,60,Arterial Other,30-39,Serious injury,Bicyclists
T20190001287,1/21/2019,17:30:00,1,Collision with vehicle,2,Monday,163,VEHICLE STRIKES DOOR OF PARKED/STATIONARY VEHICLE,9,148998,2,0,1,0,4,5,2,5,Not at intersection,2,50,Arterial Other,40-49,Serious injury,Bicyclists
T20190001290,1/18/2019,18:30:00,1,Collision with vehicle,6,Friday,163,VEHICLE STRIKES DOOR OF PARKED/STATIONARY VEHICLE,1,345696,2,0,1,0,1,2,2,2,T intersection,2,60,Local Road,50-59,Serious injury,Bicyclists
T20190001315,1/22/2019,17:36:00,1,Collision with vehicle,3,Tuesday,135,LANE CHANGE LEFT (NOT OVERTAKING),1,341522,2,0,1,0,1,2,1,2,T intersection,2,60,Arterial Other,30-39,Serious injury,Bicyclists
T20190001336,1/23/2019,8:45:00,1,Collision with vehicle,3,Wednesday,116,LEFT NEAR (INTERSECTIONS ONLY),1,71615,2,0,0,1,1,2,2,1,Cross intersection,3,70,Local Road,50-59,Other injury,Bicyclists
T20190001372,1/23/2019,16:45:00,1,Collision with vehicle,4,Wednesday,133,LANE SIDE SWIPE (VEHICLES IN PARALLEL LANES),1,358889,2,0,1,0,4,5,1,5,Not at intersection,2,100,Local Road,Unknown,Serious injury,Bicyclists
T20190001383,1/23/2019,17:30:00,1,Collision with vehicle,3,Wednesday,135,LANE CHANGE LEFT (NOT OVERTAKING),1,53269,2,0,0,1,1,2,2,2,T intersection,3,60,Uknown,30-39,Other injury,Bicyclists
T20190001405,1/24/2019,8:40:00,1,Collision with vehicle,5,Thursday,133,LANE SIDE SWIPE (VEHICLES IN PARALLEL LANES),1,346346,2,0,0,1,0,1,1,5,Not at intersection,3,100,Arterial Other,40-49,Other injury,Bicyclists
T20190001438,1/24/2019,17:00:00,1,Collision with vehicle,5,Thursday,110,CROSS TRAFFIC(INTERSECTIONS ONLY),1,41413,2,0,0,1,1,2,1,1,Cross intersection,3,60,Local Road,30-39,Other injury,Bicyclists
T20190001470,1/24/2019,11:25:00,1,Collision with vehicle,5,Thursday,135,LANE CHANGE LEFT (NOT OVERTAKING),1,343137,2,0,0,1,0,1,2,5,Not at intersection,3,80,Arterial Other,60-64,Other injury,Bicyclists
T20190001493,1/25/2019,12:43:00,1,Collision with vehicle,6,Friday,148,VEHICLE OFF FOOTPATH STRIKES VEH ON CARRIAGEWAY,1,341884,2,0,1,0,1,2,1,5,Not at intersection,2,60,Arterial Other,65-69,Serious injury,Bicyclists
T20190001525,1/25/2019,21:53:00,1,Collision with vehicle,5,Friday,135,LANE CHANGE LEFT (NOT OVERTAKING),3,100,2,0,1,0,1,2,1,1,Cross intersection,2,40,Local Road,30-39,Serious injury,Bicyclists
T20190001568,1/24/2019,7:20:00,1,Collision with vehicle,4,Thursday,121,RIGHT THROUGH,1,40457,2,0,0,1,1,2,2,2,T intersection,3,60,Arterial Highway,50-59,Other injury,Bicyclists
T20190001613,1/27/2019,11:50:00,1,Collision with vehicle,1,Sunday,110,CROSS TRAFFIC(INTERSECTIONS ONLY),1,35977,2,0,1,1,1,3,1,1,Cross intersection,2,50,Local Road,40-49,Serious injury,Bicyclists
T20190001656,1/28/2019,8:15:00,1,Collision with vehicle,2,Monday,113,RIGHT NEAR (INTERSECTIONS ONLY),1,42700,4,0,1,1,2,4,1,2,T intersection,2,60,Uknown,50-59,Serious injury,Bicyclists
T20190001660,1/28/2019,9:48:00,1,Collision with vehicle,2,Monday,122,LEFT THROUGH,1,36902,2,0,0,1,2,3,1,1,Cross intersection,3,40,Local Road,26-29,Other injury,Bicyclists
T20190001662,1/28/2019,10:00:00,1,Collision with vehicle,2,Monday,179,OTHER ACCIDENTS-OFF STRAIGHT NOT INCLUDED IN DCAs 170-175,1,342147,2,0,1,0,1,2,1,5,Not at intersection,2,80,Arterial Other,30-39,Serious injury,Bicyclists
T20190001663,12/23/2018,12:00:00,1,Collision with vehicle,1,Sunday,163,VEHICLE STRIKES DOOR OF PARKED/STATIONARY VEHICLE,1,341732,2,0,0,2,0,2,2,5,Not at intersection,3,50,Local Road,18-21,Other injury,Bicyclists
T20190001666,10/1/2018,18:00:00,1,Collision with vehicle,2,Monday,130,REAR END(VEHICLES IN SAME LANE),2,341621,2,0,0,1,0,1,2,5,Not at intersection,3,50,Local Road,18-21,Other injury,Bicyclists
T20190001736,1/25/2019,19:00:00,1,Collision with vehicle,6,Friday,137,LEFT TURN SIDESWIPE,1,60601,2,0,0,1,1,2,2,2,T intersection,3,60,Local Road,50-59,Other injury,Bicyclists
T20190001810,1/15/2019,4:30:00,4,Collision with a fixed object,2,Tuesday,173,RIGHT OFF CARRIAGEWAY INTO OBJECT/PARKED VEHICLE,9,344773,2,0,0,1,0,1,2,5,Not at intersection,3,999,Uknown,30-39,Other injury,Bicyclists
T20190001813,1/29/2019,19:00:00,1,Collision with vehicle,2,Tuesday,135,LANE CHANGE LEFT (NOT OVERTAKING),2,36004,2,0,0,1,2,3,2,5,Not at intersection,3,50,Local Road,26-29,Other injury,Bicyclists
T20190001857,1/31/2019,7:40:00,7,Fall from or in moving vehicle,5,Thursday,179,OTHER ACCIDENTS-OFF STRAIGHT NOT INCLUDED IN DCAs 170-175,1,39297,1,0,0,1,0,1,1,2,T intersection,3,50,Arterial Other,50-59,Other injury,Bicyclists
T20190001897,1/31/2019,18:25:00,1,Collision with vehicle,4,Thursday,135,LANE CHANGE LEFT (NOT OVERTAKING),1,342917,2,0,0,1,1,2,1,5,Not at intersection,3,50,Local Road,40-49,Other injury,Bicyclists
T20190001928,2/1/2019,7:30:00,1,Collision with vehicle,6,Friday,122,LEFT THROUGH,1,341982,2,0,1,0,1,2,1,5,Not at intersection,2,60,Local Road,50-59,Serious injury,Bicyclists
T20190001935,2/1/2019,9:00:00,1,Collision with vehicle,6,Friday,121,RIGHT THROUGH,1,227971,2,0,1,0,1,2,1,2,T intersection,2,40,Arterial Other,30-39,Serious injury,Bicyclists
T20190001986,2/1/2019,20:00:00,1,Collision with vehicle,6,Friday,110,CROSS TRAFFIC(INTERSECTIONS ONLY),1,37685,2,0,1,0,1,2,1,1,Cross intersection,2,40,Local Road,30-39,Serious injury,Bicyclists
T20190001988,2/1/2019,21:15:00,7,Fall from or in moving vehicle,6,Friday,184,OUT OF CONTROL ON CARRIAGEWAY (ON BEND),3,341880,2,0,0,1,2,3,1,5,Not at intersection,3,60,Local Road,40-49,Other injury,Bicyclists
T20190001998,2/2/2019,0:35:00,1,Collision with vehicle,7,Saturday,130,REAR END(VEHICLES IN SAME LANE),3,342915,2,0,0,1,1,2,1,5,Not at intersection,3,40,Local Road,26-29,Other injury,Bicyclists
T20190002003,2/2/2019,7:10:00,1,Collision with vehicle,7,Saturday,179,OTHER ACCIDENTS-OFF STRAIGHT NOT INCLUDED IN DCAs 170-175,1,38286,4,0,3,0,1,4,1,2,T intersection,2,50,Arterial Other,30-39,Serious injury,Bicyclists
T20190002018,2/2/2019,12:20:00,1,Collision with vehicle,7,Saturday,137,LEFT TURN SIDESWIPE,1,37310,2,0,0,1,1,2,1,2,T intersection,3,60,Arterial Other,50-59,Other injury,Bicyclists
T20190002061,2/2/2019,23:15:00,1,Collision with vehicle,7,Saturday,148,VEHICLE OFF FOOTPATH STRIKES VEH ON CARRIAGEWAY,3,342629,2,0,1,0,2,3,1,5,Not at intersection,2,60,Arterial Other,50-59,Serious injury,Bicyclists
T20190002075,2/2/2019,9:43:00,1,Collision with vehicle,7,Saturday,139,OTHER SAME DIRECTION-MANOUEVRES NOT INCLUDED IN DCAs 130-137,1,342015,2,0,1,0,1,2,1,5,Not at intersection,2,60,Arterial Highway,30-39,Serious injury,Bicyclists
T20190002101,2/2/2019,13:00:00,1,Collision with vehicle,7,Saturday,163,VEHICLE STRIKES DOOR OF PARKED/STATIONARY VEHICLE,1,41079,2,0,0,1,1,2,2,2,T intersection,3,60,Arterial Other,60-64,Other injury,Bicyclists
T20190002128,2/3/2019,0:30:00,1,Collision with vehicle,0,Sunday,171,LEFT OFF CARRIAGEWAY INTO OBJECT/PARKED VEHICLE,6,341955,2,0,1,0,0,1,2,2,T intersection,2,50,Local Road,16-17,Serious injury,Bicyclists
T20190002158,1/29/2019,17:30:00,8,No collision and no object struck,3,Tuesday,174,OUT OF CONTROL ON CARRIAGEWAY (ON STRAIGHT),1,291885,1,0,0,1,0,1,9,5,Not at intersection,3,50,Local Road,40-49,Other injury,Bicyclists
T20190002165,2/4/2019,18:34:00,1,Collision with vehicle,2,Monday,130,REAR END(VEHICLES IN SAME LANE),1,343348,2,0,1,1,0,2,1,5,Not at intersection,2,100,Arterial Other,30-39,Serious injury,Bicyclists
T20190002174,2/4/2019,17:50:00,1,Collision with vehicle,2,Monday,119,OTHER ADJACENT (INTERSECTIONS ONLY),1,29862,2,0,0,1,1,2,2,2,T intersection,3,40,Local Road,26-29,Other injury,Bicyclists
T20190002190,12/15/2018,11:20:00,1,Collision with vehicle,7,Saturday,110,CROSS TRAFFIC(INTERSECTIONS ONLY),1,337625,2,0,1,0,1,2,2,1,Cross intersection,2,40,Local Road,40-49,Serious injury,Bicyclists
T20190002193,2/5/2019,9:00:00,1,Collision with vehicle,3,Tuesday,110,CROSS TRAFFIC(INTERSECTIONS ONLY),1,37131,2,0,1,0,1,2,1,1,Cross intersection,2,50,Arterial Other,65-69,Serious injury,Bicyclists
T20190002211,2/1/2019,20:00:00,7,Fall from or in moving vehicle,6,Friday,179,OTHER ACCIDENTS-OFF STRAIGHT NOT INCLUDED IN DCAs 170-175,1,341994,2,0,0,1,0,1,2,5,Not at intersection,3,60,Arterial Other,30-39,Other injury,Bicyclists
T20190002242,2/6/2019,8:55:00,1,Collision with vehicle,4,Wednesday,122,LEFT THROUGH,1,342141,2,0,1,0,1,2,1,5,Not at intersection,2,60,Local Road,50-59,Serious injury,Bicyclists
T20190002280,2/6/2019,12:40:00,7,Fall from or in moving vehicle,4,Wednesday,179,OTHER ACCIDENTS-OFF STRAIGHT NOT INCLUDED IN DCAs 170-175,1,45990,1,0,0,1,0,1,2,1,Cross intersection,3,60,Arterial Other,22-25,Other injury,Bicyclists
T20190002310,2/6/2019,21:45:00,1,Collision with vehicle,4,Wednesday,137,LEFT TURN SIDESWIPE,3,37150,2,0,1,0,1,2,1,1,Cross intersection,2,40,Arterial Other,26-29,Serious injury,Bicyclists
T20190002317,2/1/2019,7:23:00,1,Collision with vehicle,5,Friday,121,RIGHT THROUGH,1,342226,2,0,0,1,1,2,1,5,Not at intersection,3,60,Arterial Other,26-29,Other injury,Bicyclists
T20190002323,2/6/2019,6:00:00,1,Collision with vehicle,4,Wednesday,121,RIGHT THROUGH,3,342046,2,0,0,1,1,2,2,2,T intersection,3,50,Local Road,50-59,Other injury,Bicyclists
T20190002334,2/7/2019,7:50:00,1,Collision with vehicle,5,Thursday,133,LANE SIDE SWIPE (VEHICLES IN PARALLEL LANES),1,345501,2,0,0,1,1,2,2,5,Not at intersection,3,60,Arterial Other,22-25,Other injury,Bicyclists
T20190002343,2/7/2019,7:30:00,1,Collision with vehicle,4,Thursday,130,REAR END(VEHICLES IN SAME LANE),1,343476,2,0,0,1,1,2,2,5,Not at intersection,3,60,Arterial Other,30-39,Other injury,Bicyclists
T20190002345,2/5/2019,7:00:00,1,Collision with vehicle,3,Tuesday,130,REAR END(VEHICLES IN SAME LANE),1,57561,2,0,0,1,1,2,2,1,Cross intersection,3,80,Arterial Highway,50-59,Other injury,Bicyclists
T20190002367,2/7/2019,15:25:00,1,Collision with vehicle,5,Thursday,120,HEAD ON (NOT OVERTAKING),1,342021,2,0,1,0,1,2,1,5,Not at intersection,2,50,Local Road,13-15,Serious injury,Bicyclists
T20190002383,2/7/2019,15:00:00,1,Collision with vehicle,4,Thursday,110,CROSS TRAFFIC(INTERSECTIONS ONLY),1,342142,2,0,0,1,1,2,1,1,Cross intersection,3,50,Local Road,45424,Other injury,Bicyclists
T20190002388,2/7/2019,18:37:00,1,Collision with vehicle,5,Thursday,130,REAR END(VEHICLES IN SAME LANE),1,35355,2,0,0,1,1,2,2,1,Cross intersection,3,40,Local Road,40-49,Other injury,Bicyclists
T20190002417,2/8/2019,7:45:00,1,Collision with vehicle,6,Friday,119,OTHER ADJACENT (INTERSECTIONS ONLY),1,342077,2,0,0,1,2,3,1,2,T intersection,3,80,Arterial Other,65-69,Other injury,Bicyclists
T20190002427,2/4/2019,6:45:00,1,Collision with vehicle,1,Monday,135,LANE CHANGE LEFT (NOT OVERTAKING),2,346637,2,0,1,0,1,2,2,5,Not at intersection,2,50,Arterial Other,65-69,Serious injury,Bicyclists
T20190002445,2/8/2019,8:25:00,1,Collision with vehicle,5,Friday,133,LANE SIDE SWIPE (VEHICLES IN PARALLEL LANES),1,308630,2,0,0,1,1,2,2,5,Not at intersection,3,50,Local Road,30-39,Other injury,Bicyclists
T20190002491,1/30/2019,17:28:00,1,Collision with vehicle,4,Wednesday,163,VEHICLE STRIKES DOOR OF PARKED/STATIONARY VEHICLE,1,342581,2,0,0,1,1,2,2,5,Not at intersection,3,999,Arterial Other,30-39,Other injury,Bicyclists
T20190002513,2/9/2019,14:51:00,1,Collision with vehicle,7,Saturday,133,LANE SIDE SWIPE (VEHICLES IN PARALLEL LANES),1,675,2,0,1,0,1,2,1,1,Cross intersection,2,60,Arterial Other,70+,Serious injury,Bicyclists
T20190002518,10/13/2018,13:30:00,7,Fall from or in moving vehicle,7,Saturday,179,OTHER ACCIDENTS-OFF STRAIGHT NOT INCLUDED IN DCAs 170-175,1,342094,2,0,0,1,0,1,2,5,Not at intersection,3,888,Local Road,30-39,Other injury,Bicyclists
T20190002549,2/10/2019,8:50:00,5,collision with some other object,0,Sunday,166,STRUCK OBJECT ON CARRIAGEWAY,1,342082,1,0,0,1,0,1,1,5,Not at intersection,3,60,Arterial Highway,65-69,Other injury,Bicyclists
T20190002560,1/28/2019,10:10:00,1,Collision with vehicle,2,Monday,139,OTHER SAME DIRECTION-MANOUEVRES NOT INCLUDED IN DCAs 130-137,1,50723,2,0,0,1,0,1,2,1,Cross intersection,3,60,Local Road,45424,Other injury,Bicyclists
T20190002567,12/12/2018,7:23:00,6,Vehicle overturned (no collision),4,Wednesday,174,OUT OF CONTROL ON CARRIAGEWAY (ON STRAIGHT),9,38212,2,0,0,1,1,2,2,1,Cross intersection,3,50,Local Road,50-59,Other injury,Bicyclists
T20190002601,2/11/2019,6:40:00,1,Collision with vehicle,2,Monday,121,RIGHT THROUGH,2,42196,2,0,0,1,1,2,1,1,Cross intersection,3,60,Arterial Highway,30-39,Other injury,Bicyclists
T20190002628,2/7/2019,15:35:00,1,Collision with vehicle,4,Thursday,121,RIGHT THROUGH,1,40019,2,0,0,1,1,2,2,1,Cross intersection,3,40,Local Road,70+,Other injury,Bicyclists
T20190002637,2/11/2019,6:30:00,1,Collision with vehicle,2,Monday,116,LEFT NEAR (INTERSECTIONS ONLY),1,29497,2,0,0,1,1,2,2,2,T intersection,3,999,Arterial Other,30-39,Other injury,Bicyclists
T20190002646,2/11/2019,16:00:00,1,Collision with vehicle,1,Monday,147,VEHICLE STRIKES ANOTHER VEH WHILE EMERGING FROM DRIVEWAY,1,359164,2,0,0,1,1,2,1,5,Not at intersection,3,50,Local Road,65-69,Other injury,Bicyclists
T20190002647,1/30/2019,16:10:00,1,Collision with vehicle,4,Wednesday,147,VEHICLE STRIKES ANOTHER VEH WHILE EMERGING FROM DRIVEWAY,1,343451,2,0,0,1,1,2,1,5,Not at intersection,3,60,Arterial Highway,22-25,Other injury,Bicyclists
T20190002672,2/12/2019,7:24:00,1,Collision with vehicle,3,Tuesday,121,RIGHT THROUGH,1,40344,2,0,0,1,1,2,1,2,T intersection,3,60,Arterial Other,60-64,Other injury,Bicyclists
T20190002676,2/12/2019,9:25:00,1,Collision with vehicle,3,Tuesday,110,CROSS TRAFFIC(INTERSECTIONS ONLY),1,39259,2,0,0,1,1,2,1,1,Cross intersection,3,60,Arterial Other,26-29,Other injury,Bicyclists
T20190002688,2/12/2019,11:35:00,1,Collision with vehicle,3,Tuesday,113,RIGHT NEAR (INTERSECTIONS ONLY),1,342234,2,0,1,0,1,2,1,2,T intersection,2,70,Local Road,60-64,Serious injury,Bicyclists
T20190002742,2/13/2019,6:17:00,1,Collision with vehicle,3,Wednesday,121,RIGHT THROUGH,2,29634,2,0,0,1,1,2,1,1,Cross intersection,3,60,Arterial Other,60-64,Other injury,Bicyclists
T20190002745,2/13/2019,7:30:00,1,Collision with vehicle,4,Wednesday,130,REAR END(VEHICLES IN SAME LANE),2,345156,2,0,1,1,0,2,1,5,Not at intersection,2,60,Arterial Other,70+,Serious injury,Bicyclists
T20190002771,2/13/2019,15:00:00,1,Collision with vehicle,4,Wednesday,140,U TURN,1,342498,2,0,0,1,1,2,1,5,Not at intersection,3,40,Local Road,26-29,Other injury,Bicyclists
T20190002779,2/13/2019,16:27:00,1,Collision with vehicle,4,Wednesday,163,VEHICLE STRIKES DOOR OF PARKED/STATIONARY VEHICLE,1,342245,2,0,1,0,1,2,1,5,Not at intersection,2,60,Arterial Other,70+,Serious injury,Bicyclists
T20190002813,2/14/2019,8:28:00,1,Collision with vehicle,4,Thursday,131,LEFT REAR,1,342240,2,0,0,1,1,2,1,5,Not at intersection,3,50,Local Road,40-49,Other injury,Bicyclists
T20190002829,2/14/2019,13:00:00,1,Collision with vehicle,4,Thursday,137,LEFT TURN SIDESWIPE,1,55242,2,0,0,1,1,2,1,2,T intersection,3,60,Arterial Other,26-29,Other injury,Bicyclists
T20190002840,2/14/2019,8:23:00,1,Collision with vehicle,5,Thursday,160,VEHICLE COLLIDES WITH VEHICLE PARKED ON LEFT OF ROAD,1,342250,2,0,0,1,0,1,2,5,Not at intersection,3,60,Arterial Other,13-15,Other injury,Bicyclists
T20190002876,2/14/2019,16:50:00,1,Collision with vehicle,4,Thursday,121,RIGHT THROUGH,1,597163,3,1,1,1,0,3,1,2,T intersection,1,100,Arterial Highway,13-15,Fatality,Bicyclists
T20190002896,2/15/2019,8:15:00,1,Collision with vehicle,5,Friday,147,VEHICLE STRIKES ANOTHER VEH WHILE EMERGING FROM DRIVEWAY,1,343274,2,0,0,1,1,2,1,5,Not at intersection,3,999,Local Road,16-17,Other injury,Bicyclists
T20190002941,2/15/2019,15:20:00,1,Collision with vehicle,6,Friday,130,REAR END(VEHICLES IN SAME LANE),1,63070,2,0,0,1,2,3,1,2,T intersection,3,40,Uknown,13-15,Other injury,Bicyclists
T20190002942,2/15/2019,15:30:00,1,Collision with vehicle,6,Friday,137,LEFT TURN SIDESWIPE,1,342315,2,0,0,1,1,2,1,5,Not at intersection,3,40,Local Road,30-39,Other injury,Bicyclists
T20190002943,2/15/2019,17:45:00,1,Collision with vehicle,6,Friday,110,CROSS TRAFFIC(INTERSECTIONS ONLY),1,35299,2,0,0,1,2,3,1,1,Cross intersection,3,60,Arterial Other,30-39,Other injury,Bicyclists
T20190002982,2/16/2019,7:27:00,1,Collision with vehicle,7,Saturday,110,CROSS TRAFFIC(INTERSECTIONS ONLY),1,66458,2,0,1,0,1,2,1,1,Cross intersection,2,60,Arterial Other,50-59,Serious injury,Bicyclists
T20190002987,2/16/2019,10:40:00,1,Collision with vehicle,6,Saturday,111,RIGHT FAR (INTERSECTIONS ONLY),1,342281,2,0,0,1,1,2,1,2,T intersection,3,50,Local Road,30-39,Other injury,Bicyclists
T20190002996,2/16/2019,8:45:00,1,Collision with vehicle,7,Saturday,110,CROSS TRAFFIC(INTERSECTIONS ONLY),1,57265,2,0,0,1,1,2,1,1,Cross intersection,3,60,Local Road,30-39,Other injury,Bicyclists
T20190003014,2/16/2019,15:00:00,1,Collision with vehicle,7,Saturday,113,RIGHT NEAR (INTERSECTIONS ONLY),1,342427,2,0,1,1,0,2,1,2,T intersection,2,60,Uknown,16-17,Serious injury,Bicyclists
T20190003056,2/7/2019,15:00:00,7,Fall from or in moving vehicle,5,Thursday,179,OTHER ACCIDENTS-OFF STRAIGHT NOT INCLUDED IN DCAs 170-175,1,342316,2,0,0,1,0,1,2,5,Not at intersection,3,60,Arterial Other,26-29,Other injury,Not Known
T20190003057,2/17/2019,12:05:00,1,Collision with vehicle,1,Sunday,116,LEFT NEAR (INTERSECTIONS ONLY),1,37131,2,0,0,1,2,3,1,2,T intersection,3,80,Arterial Other,30-39,Other injury,Bicyclists
T20190003101,2/17/2019,3:48:00,1,Collision with vehicle,1,Sunday,139,OTHER SAME DIRECTION-MANOUEVRES NOT INCLUDED IN DCAs 130-137,3,360499,2,0,1,0,0,1,1,2,T intersection,2,50,Local Road,30-39,Serious injury,Bicyclists
T20190003102,2/18/2019,8:25:00,1,Collision with vehicle,2,Monday,163,VEHICLE STRIKES DOOR OF PARKED/STATIONARY VEHICLE,1,342513,2,0,0,1,1,2,2,5,Not at intersection,3,40,Local Road,70+,Other injury,Bicyclists
T20190003127,2/18/2019,16:00:00,1,Collision with vehicle,2,Monday,130,REAR END(VEHICLES IN SAME LANE),1,342385,3,0,1,0,3,4,1,5,Not at intersection,2,60,Arterial Other,50-59,Serious injury,Bicyclists
T20190003131,2/18/2019,15:00:00,1,Collision with vehicle,2,Monday,121,RIGHT THROUGH,1,36794,2,0,0,1,1,2,1,1,Cross intersection,3,60,Arterial Highway,30-39,Other injury,Bicyclists
T20190003141,2/18/2019,15:15:00,1,Collision with vehicle,2,Monday,163,VEHICLE STRIKES DOOR OF PARKED/STATIONARY VEHICLE,1,342450,2,0,0,1,1,2,1,5,Not at intersection,3,50,Local Road,18-21,Other injury,Bicyclists
T20190003178,1/29/2019,19:30:00,1,Collision with vehicle,2,Tuesday,163,VEHICLE STRIKES DOOR OF PARKED/STATIONARY VEHICLE,9,359170,2,0,0,1,1,2,2,5,Not at intersection,3,60,Arterial Highway,26-29,Other injury,Bicyclists
T20190003185,2/17/2019,13:10:00,1,Collision with vehicle,1,Sunday,121,RIGHT THROUGH,1,42035,2,0,0,1,1,2,2,2,T intersection,3,60,Uknown,18-21,Other injury,Bicyclists
T20190003186,2/19/2019,7:30:00,1,Collision with vehicle,3,Tuesday,115,RIGHT/LEFT FAR (INTERSECTIONS ONLY),1,48123,2,0,1,0,1,2,1,2,T intersection,2,50,Local Road,50-59,Serious injury,Bicyclists
T20190003220,2/19/2019,18:46:00,1,Collision with vehicle,3,Tuesday,130,REAR END(VEHICLES IN SAME LANE),1,342431,2,0,0,1,0,1,1,2,T intersection,3,50,Local Road,30-39,Other injury,Bicyclists
T20190003222,2/19/2019,17:45:00,1,Collision with vehicle,3,Tuesday,147,VEHICLE STRIKES ANOTHER VEH WHILE EMERGING FROM DRIVEWAY,1,343722,2,0,1,0,1,2,1,5,Not at intersection,2,888,Uknown,50-59,Serious injury,Bicyclists
T20190003255,2/20/2019,7:05:00,1,Collision with vehicle,4,Wednesday,135,LANE CHANGE LEFT (NOT OVERTAKING),1,343086,5,0,0,1,4,5,1,5,Not at intersection,3,60,Arterial Other,30-39,Other injury,Bicyclists
T20190003271,2/20/2019,10:40:00,1,Collision with vehicle,4,Wednesday,147,VEHICLE STRIKES ANOTHER VEH WHILE EMERGING FROM DRIVEWAY,1,342487,2,0,0,1,1,2,1,5,Not at intersection,3,999,Local Road,40-49,Other injury,Bicyclists