ACCIDENT_NO,ACCIDENT_DATE,ACCIDENT_TIME,ACCIDENT_TYPE,ACCIDENT_TYPE_DESC,DAY_OF_WEEK,DAY_WEEK_DESC,DCA_CODE,DCA_DESC,LIGHT_CONDITION,NODE_ID,NO_OF_VEHICLES,NO_PERSONS_KILLED,NO_PERSONS_INJ_2,NO_PERSONS_INJ_3,NO_PERSONS_NOT_INJ,NO_PERSONS,POLICE_ATTEND,ROAD_GEOMETRY,ROAD_GEOMETRY_DESC,SEVERITY,SPEED_ZONE,RMA,AGE_GROUP,INJ_LEVEL,ROAD_USER_TYPE_DESC
T20190003278,2/20/2019,13:49:00,1,Collision with vehicle,4,Wednesday,145,REVERSING IN STREAM OF TRAFFIC,1,342481,2,0,0,1,1,2,1,5,Not at intersection,3,40,Local Road,40-49,Other injury,Bicyclists
T20190003330,2/21/2019,6:20:00,1,Collision with vehicle,5,Thursday,121,RIGHT THROUGH,2,342524,2,0,0,1,1,2,1,2,T intersection,3,60,Local Road,40-49,Other injury,Bicyclists
T20190003333,2/21/2019,10:40:00,1,Collision with vehicle,5,Thursday,137,LEFT TURN SIDESWIPE,1,251,2,0,1,0,1,2,1,2,T intersection,2,50,Arterial Highway,30-39,Serious injury,Bicyclists
T20190003337,2/20/2019,10:30:00,1,Collision with vehicle,3,Wednesday,163,VEHICLE STRIKES DOOR OF PARKED/STATIONARY VEHICLE,1,342979,2,0,0,1,1,2,2,5,Not at intersection,3,40,Arterial Other,30-39,Other injury,Bicyclists
T20190003354,2/20/2019,16:48:00,1,Collision with vehicle,4,Wednesday,189,OTHER ACCIDENTS ON CURVE NOT INCLUDED IN DCAs 180-184,1,37532,2,0,0,1,1,2,1,2,T intersection,3,80,Uknown,65-69,Other injury,Bicyclists
T20190003360,2/21/2019,8:30:00,1,Collision with vehicle,5,Thursday,110,CROSS TRAFFIC(INTERSECTIONS ONLY),1,59464,2,0,1,0,1,2,1,1,Cross intersection,2,60,Local Road,60-64,Serious injury,Bicyclists
T20190003363,2/21/2019,15:10:00,8,No collision and no object struck,4,Thursday,179,OTHER ACCIDENTS-OFF STRAIGHT NOT INCLUDED IN DCAs 170-175,1,40319,1,0,0,1,0,1,1,2,T intersection,3,60,Arterial Other,22-25,Other injury,Bicyclists
T20190003383,2/21/2019,18:23:00,1,Collision with vehicle,5,Thursday,113,RIGHT NEAR (INTERSECTIONS ONLY),1,29430,2,0,0,1,1,2,1,1,Cross intersection,3,50,Local Road,30-39,Other injury,Bicyclists
T20190003390,2/21/2019,16:00:00,1,Collision with vehicle,5,Thursday,110,CROSS TRAFFIC(INTERSECTIONS ONLY),1,50707,2,0,1,0,1,2,1,1,Cross intersection,2,50,Local Road,26-29,Serious injury,Bicyclists
T20190003394,2/21/2019,18:00:00,1,Collision with vehicle,4,Thursday,148,VEHICLE OFF FOOTPATH STRIKES VEH ON CARRIAGEWAY,1,240343,2,0,0,1,1,2,2,2,T intersection,3,999,Arterial Highway,22-25,Other injury,Bicyclists
T20190003408,2/22/2019,7:10:00,1,Collision with vehicle,6,Friday,121,RIGHT THROUGH,1,35398,2,0,1,0,1,2,1,2,T intersection,2,60,Arterial Other,40-49,Serious injury,Bicyclists
T20190003412,2/22/2019,8:30:00,1,Collision with vehicle,5,Friday,111,RIGHT FAR (INTERSECTIONS ONLY),1,52956,2,0,0,1,1,2,1,1,Cross intersection,3,60,Local Road,50-59,Other injury,Bicyclists
T20190003428,2/21/2019,16:00:00,1,Collision with vehicle,4,Thursday,199,UNKNOWN-NO DETAILS ON MANOEUVRES OF ROAD-USERS IN ACCIDENT,1,343005,2,0,0,1,0,1,2,5,Not at intersection,3,50,Uknown,45424,Other injury,Bicyclists
T20190003432,2/11/2019,7:45:00,1,Collision with vehicle,1,Monday,179,OTHER ACCIDENTS-OFF STRAIGHT NOT INCLUDED IN DCAs 170-175,1,50963,2,0,0,1,1,2,2,1,Cross intersection,3,50,Local Road,26-29,Other injury,Bicyclists
T20190003434,2/21/2019,8:00:00,1,Collision with vehicle,4,Thursday,110,CROSS TRAFFIC(INTERSECTIONS ONLY),1,29361,2,0,0,1,1,2,2,1,Cross intersection,3,50,Local Road,22-25,Other injury,Bicyclists
T20190003464,2/22/2019,11:06:00,1,Collision with vehicle,6,Friday,129,OTHER OPPOSING MANOEUVRES NOT INCLUDED IN DCAs 120-125.,1,342541,2,0,0,1,1,2,1,5,Not at intersection,3,70,Arterial Highway,30-39,Other injury,Bicyclists
T20190003470,2/22/2019,15:45:00,1,Collision with vehicle,6,Friday,148,VEHICLE OFF FOOTPATH STRIKES VEH ON CARRIAGEWAY,1,55675,2,0,1,0,2,3,1,1,Cross intersection,2,50,Arterial Highway,45424,Serious injury,Bicyclists
T20190003471,2/21/2019,18:45:00,1,Collision with vehicle,4,Thursday,159,OTHER OVERTAKING MANOEUVRES NOT INCLUDED IN DCAs 150-154,1,29391,2,0,0,1,0,1,2,2,T intersection,3,40,Local Road,22-25,Other injury,Bicyclists
T20190003494,2/22/2019,23:00:00,1,Collision with vehicle,6,Friday,163,VEHICLE STRIKES DOOR OF PARKED/STATIONARY VEHICLE,3,35358,2,0,0,1,2,3,1,1,Cross intersection,3,40,Local Road,40-49,Not injured,Drivers
T20190003503,2/23/2019,8:00:00,1,Collision with vehicle,7,Saturday,163,VEHICLE STRIKES DOOR OF PARKED/STATIONARY VEHICLE,1,342544,2,0,0,1,1,2,1,5,Not at intersection,3,50,Uknown,40-49,Other injury,Bicyclists
T20190003509,2/23/2019,10:00:00,1,Collision with vehicle,7,Saturday,111,RIGHT FAR (INTERSECTIONS ONLY),1,35643,2,0,1,0,1,2,1,2,T intersection,2,100,Arterial Highway,65-69,Serious injury,Bicyclists
T20190003513,2/22/2019,16:30:00,1,Collision with vehicle,6,Friday,130,REAR END(VEHICLES IN SAME LANE),9,42016,2,0,0,1,1,2,2,4,Multiple intersection,3,50,Local Road,40-49,Other injury,Bicyclists
T20190003533,2/23/2019,11:30:00,1,Collision with vehicle,7,Saturday,120,HEAD ON (NOT OVERTAKING),1,342667,2,0,1,1,0,2,2,5,Not at intersection,2,999,Arterial Other,40-49,Serious injury,Bicyclists
T20190003547,2/23/2019,17:24:00,1,Collision with vehicle,7,Saturday,110,CROSS TRAFFIC(INTERSECTIONS ONLY),1,29963,2,1,0,0,1,2,1,1,Cross intersection,1,80,Arterial Highway,18-21,Fatality,Bicyclists
T20190003570,2/24/2019,7:30:00,1,Collision with vehicle,1,Sunday,121,RIGHT THROUGH,2,39960,2,0,0,1,1,2,2,2,T intersection,3,60,Arterial Other,30-39,Other injury,Bicyclists
T20190003577,2/24/2019,10:30:00,1,Collision with vehicle,1,Sunday,121,RIGHT THROUGH,1,50070,2,0,1,0,1,2,1,2,T intersection,2,60,Arterial Other,30-39,Serious injury,Bicyclists
T20190003578,2/24/2019,11:15:00,1,Collision with vehicle,1,Sunday,110,CROSS TRAFFIC(INTERSECTIONS ONLY),1,46295,2,0,1,0,4,5,1,1,Cross intersection,2,60,Arterial Other,26-29,Serious injury,Bicyclists
T20190003600,2/23/2019,12:45:00,1,Collision with vehicle,6,Saturday,152,PULLING OUT (OVERTAKING),1,345839,2,0,1,0,2,3,2,5,Not at intersection,2,50,Local Road,50-59,Serious injury,Bicyclists
T20190003610,2/24/2019,15:00:00,1,Collision with vehicle,1,Sunday,163,VEHICLE STRIKES DOOR OF PARKED/STATIONARY VEHICLE,1,342612,2,0,0,1,1,2,1,2,T intersection,3,40,Local Road,30-39,Other injury,Bicyclists
T20190003615,2/24/2019,18:30:00,1,Collision with vehicle,0,Sunday,130,REAR END(VEHICLES IN SAME LANE),1,343007,2,0,0,1,1,2,2,5,Not at intersection,3,40,Local Road,22-25,Other injury,Bicyclists
T20190003628,2/25/2019,7:55:00,1,Collision with vehicle,1,Monday,121,RIGHT THROUGH,1,66533,2,0,1,0,1,2,1,1,Cross intersection,2,40,Local Road,30-39,Serious injury,Bicyclists
T20190003709,2/26/2019,5:45:00,1,Collision with vehicle,3,Tuesday,133,LANE SIDE SWIPE (VEHICLES IN PARALLEL LANES),3,343237,2,0,1,0,0,1,1,5,Not at intersection,2,60,Uknown,30-39,Serious injury,Bicyclists
T20190003719,2/26/2019,7:30:00,1,Collision with vehicle,3,Tuesday,137,LEFT TURN SIDESWIPE,1,343387,2,0,0,2,0,2,1,2,T intersection,3,40,Arterial Other,40-49,Other injury,Bicyclists
T20190003755,2/26/2019,8:30:00,1,Collision with vehicle,2,Tuesday,137,LEFT TURN SIDESWIPE,1,57652,2,0,0,1,1,2,2,1,Cross intersection,3,60,Arterial Highway,50-59,Other injury,Bicyclists
T20190003766,2/26/2019,17:30:00,1,Collision with vehicle,3,Tuesday,116,LEFT NEAR (INTERSECTIONS ONLY),1,279255,2,0,0,1,1,2,1,2,T intersection,3,60,Local Road,50-59,Other injury,Bicyclists
T20190003797,2/18/2019,15:15:00,1,Collision with vehicle,2,Monday,136,RIGHT TURN SIDESWIPE,1,322201,2,0,0,1,1,2,2,4,Multiple intersection,3,60,Arterial Other,65-69,Other injury,Bicyclists
T20190003801,2/12/2019,8:30:00,1,Collision with vehicle,3,Tuesday,110,CROSS TRAFFIC(INTERSECTIONS ONLY),1,66502,2,0,0,1,1,2,2,1,Cross intersection,3,40,Local Road,30-39,Other injury,Bicyclists
T20190003808,2/27/2019,7:35:00,1,Collision with vehicle,4,Wednesday,113,RIGHT NEAR (INTERSECTIONS ONLY),1,45629,2,0,0,1,1,2,2,1,Cross intersection,3,50,Local Road,30-39,Other injury,Bicyclists
T20190003828,2/27/2019,17:00:00,1,Collision with vehicle,4,Wednesday,110,CROSS TRAFFIC(INTERSECTIONS ONLY),1,253196,2,0,0,1,1,2,2,1,Cross intersection,3,50,Local Road,45424,Other injury,Bicyclists
T20190003842,2/27/2019,19:45:00,5,collision with some other object,3,Wednesday,151,OUT OF CONTROL (OVERTAKING),2,312886,2,0,1,0,1,2,1,5,Not at intersection,2,60,Arterial Other,50-59,Serious injury,Bicyclists
T20190003862,2/27/2019,6:50:00,1,Collision with vehicle,3,Wednesday,110,CROSS TRAFFIC(INTERSECTIONS ONLY),2,16815,2,0,0,1,0,1,1,1,Cross intersection,3,50,Local Road,26-29,Other injury,Bicyclists
T20190003864,2/23/2019,9:31:00,1,Collision with vehicle,7,Saturday,137,LEFT TURN SIDESWIPE,1,71981,2,0,1,0,1,2,1,2,T intersection,2,50,Local Road,50-59,Serious injury,Bicyclists
T20190003873,2/28/2019,6:35:00,8,No collision and no object struck,5,Thursday,179,OTHER ACCIDENTS-OFF STRAIGHT NOT INCLUDED IN DCAs 170-175,2,343504,2,0,0,1,1,2,2,5,Not at intersection,3,50,Local Road,60-64,Other injury,Bicyclists
T20190003888,2/28/2019,11:55:00,1,Collision with vehicle,5,Thursday,171,LEFT OFF CARRIAGEWAY INTO OBJECT/PARKED VEHICLE,1,342754,2,0,0,1,0,1,1,5,Not at intersection,3,40,Arterial Other,26-29,Other injury,Bicyclists
T20190003902,2/28/2019,12:40:00,1,Collision with vehicle,5,Thursday,135,LANE CHANGE LEFT (NOT OVERTAKING),1,37209,2,0,1,0,1,2,1,2,T intersection,2,40,Arterial Other,70+,Serious injury,Bicyclists
T20190003920,2/28/2019,10:40:00,1,Collision with vehicle,5,Thursday,137,LEFT TURN SIDESWIPE,1,29529,2,0,0,1,0,1,2,1,Cross intersection,3,40,Arterial Highway,18-21,Other injury,Bicyclists
T20190003956,3/1/2019,7:55:00,1,Collision with vehicle,6,Friday,110,CROSS TRAFFIC(INTERSECTIONS ONLY),1,37760,2,0,1,0,1,2,1,1,Cross intersection,2,50,Local Road,30-39,Serious injury,Bicyclists
T20190003963,2/28/2019,12:00:00,1,Collision with vehicle,5,Thursday,113,RIGHT NEAR (INTERSECTIONS ONLY),1,741,2,0,0,1,1,2,1,2,T intersection,3,60,Arterial Other,50-59,Other injury,Bicyclists
T20190003975,3/1/2019,10:10:00,7,Fall from or in moving vehicle,6,Friday,179,OTHER ACCIDENTS-OFF STRAIGHT NOT INCLUDED IN DCAs 170-175,1,342883,1,0,1,0,0,1,1,5,Not at intersection,2,100,Arterial Other,50-59,Serious injury,Bicyclists
T20190004012,3/1/2019,20:41:00,1,Collision with vehicle,6,Friday,113,RIGHT NEAR (INTERSECTIONS ONLY),3,344131,2,0,0,1,1,2,1,2,T intersection,3,50,Local Road,65-69,Other injury,Bicyclists
T20190004016,3/1/2019,23:55:00,1,Collision with vehicle,6,Friday,110,CROSS TRAFFIC(INTERSECTIONS ONLY),3,44232,2,0,1,0,1,2,1,1,Cross intersection,2,50,Local Road,30-39,Serious injury,Bicyclists
T20190004041,3/2/2019,9:15:00,1,Collision with vehicle,7,Saturday,189,OTHER ACCIDENTS ON CURVE NOT INCLUDED IN DCAs 180-184,1,342808,4,0,0,2,1,3,1,5,Not at intersection,3,100,Local Road,Unknown,Not injured,Bicyclists
T20190004044,3/2/2019,10:25:00,1,Collision with vehicle,7,Saturday,149,OTHER MANOEUVRING NOT INCLUDED IN DCAs 140-148,1,342838,2,0,0,1,1,2,1,5,Not at intersection,3,888,Arterial Other,13-15,Other injury,Bicyclists
T20190004080,2/28/2019,16:30:00,1,Collision with vehicle,4,Thursday,110,CROSS TRAFFIC(INTERSECTIONS ONLY),1,36046,2,0,0,1,0,1,2,1,Cross intersection,3,50,Local Road,30-39,Other injury,Bicyclists
T20190004127,3/3/2019,17:35:00,1,Collision with vehicle,1,Sunday,119,OTHER ADJACENT (INTERSECTIONS ONLY),1,73859,2,0,1,0,1,2,1,2,T intersection,2,50,Local Road,45424,Serious injury,Bicyclists
T20190004139,3/3/2019,21:55:00,1,Collision with vehicle,0,Sunday,142,LEAVING PARKING,5,342886,2,0,0,1,1,2,2,5,Not at intersection,3,60,Local Road,26-29,Other injury,Bicyclists
T20190004149,3/4/2019,8:00:00,1,Collision with vehicle,1,Monday,121,RIGHT THROUGH,1,225200,2,0,1,0,1,2,1,2,T intersection,2,60,Local Road,40-49,Serious injury,Bicyclists
T20190004150,3/4/2019,8:00:00,1,Collision with vehicle,1,Monday,121,RIGHT THROUGH,1,48512,2,0,1,0,1,2,2,2,T intersection,2,999,Local Road,40-49,Serious injury,Bicyclists
T20190004190,1/20/2019,10:15:00,1,Collision with vehicle,1,Sunday,163,VEHICLE STRIKES DOOR OF PARKED/STATIONARY VEHICLE,1,343833,2,0,0,1,1,2,2,5,Not at intersection,3,50,Arterial Other,50-59,Other injury,Bicyclists
T20190004200,3/4/2019,17:55:00,1,Collision with vehicle,2,Monday,121,RIGHT THROUGH,1,35784,2,0,1,0,1,2,1,1,Cross intersection,2,80,Arterial Highway,26-29,Serious injury,Bicyclists
T20190004217,3/5/2019,6:15:00,1,Collision with vehicle,3,Tuesday,110,CROSS TRAFFIC(INTERSECTIONS ONLY),2,1137,2,0,1,0,1,2,1,1,Cross intersection,2,70,Arterial Other,16-17,Serious injury,Bicyclists
T20190004231,3/5/2019,8:50:00,1,Collision with vehicle,2,Tuesday,130,REAR END(VEHICLES IN SAME LANE),1,37068,2,0,0,1,1,2,2,2,T intersection,3,70,Arterial Highway,26-29,Other injury,Bicyclists
T20190004241,3/4/2019,15:30:00,1,Collision with vehicle,2,Monday,111,RIGHT FAR (INTERSECTIONS ONLY),1,50134,2,0,1,0,0,1,2,2,T intersection,2,60,Local Road,13-15,Serious injury,Bicyclists
T20190004243,3/5/2019,11:20:00,1,Collision with vehicle,3,Tuesday,130,REAR END(VEHICLES IN SAME LANE),1,347176,2,0,1,0,0,1,1,5,Not at intersection,2,999,Arterial Other,30-39,Serious injury,Bicyclists
T20190004248,3/5/2019,10:00:00,1,Collision with vehicle,2,Tuesday,110,CROSS TRAFFIC(INTERSECTIONS ONLY),1,360200,2,0,0,1,1,2,2,1,Cross intersection,3,50,Local Road,30-39,Other injury,Bicyclists
T20190004285,3/5/2019,19:45:00,1,Collision with vehicle,3,Tuesday,116,LEFT NEAR (INTERSECTIONS ONLY),2,45553,2,0,1,0,1,2,1,2,T intersection,2,50,Arterial Other,26-29,Serious injury,Bicyclists
T20190004303,3/6/2019,8:40:00,1,Collision with vehicle,3,Wednesday,110,CROSS TRAFFIC(INTERSECTIONS ONLY),1,36216,2,0,1,0,1,2,1,1,Cross intersection,2,50,Local Road,30-39,Serious injury,Bicyclists
T20190004351,3/6/2019,16:48:00,1,Collision with vehicle,4,Wednesday,110,CROSS TRAFFIC(INTERSECTIONS ONLY),1,50198,2,0,1,0,1,2,1,1,Cross intersection,2,60,Uknown,60-64,Serious injury,Bicyclists
T20190004357,3/6/2019,18:43:00,1,Collision with vehicle,4,Wednesday,163,VEHICLE STRIKES DOOR OF PARKED/STATIONARY VEHICLE,1,344503,2,0,0,1,1,2,1,5,Not at intersection,3,40,Arterial Other,26-29,Other injury,Bicyclists
T20190004381,3/7/2019,8:30:00,1,Collision with vehicle,5,Thursday,116,LEFT NEAR (INTERSECTIONS ONLY),1,343134,2,0,0,1,1,2,1,2,T intersection,3,40,Uknown,45424,Other injury,Bicyclists
T20190004401,3/7/2019,7:25:00,1,Collision with vehicle,5,Thursday,121,RIGHT THROUGH,1,36082,2,0,0,1,1,2,1,2,T intersection,3,60,Local Road,30-39,Other injury,Bicyclists
T20190004402,3/7/2019,13:15:00,1,Collision with vehicle,5,Thursday,163,VEHICLE STRIKES DOOR OF PARKED/STATIONARY VEHICLE,1,343170,2,0,0,1,1,2,2,5,Not at intersection,3,40,Local Road,22-25,Other injury,Bicyclists
T20190004404,3/7/2019,6:15:00,1,Collision with vehicle,5,Thursday,110,CROSS TRAFFIC(INTERSECTIONS ONLY),6,38483,3,0,0,2,1,3,2,1,Cross intersection,3,50,Arterial Highway,26-29,Other injury,Bicyclists
T20190004422,3/7/2019,12:00:00,1,Collision with vehicle,5,Thursday,113,RIGHT NEAR (INTERSECTIONS ONLY),1,44375,2,0,0,1,1,2,2,2,T intersection,3,60,Arterial Other,50-59,Other injury,Bicyclists
T20190004434,3/7/2019,6:50:00,1,Collision with vehicle,5,Thursday,112,LEFT FAR (INTERSECTIONS ONLY),3,37829,2,0,1,0,1,2,2,1,Cross intersection,2,50,Arterial Other,30-39,Serious injury,Bicyclists
T20190004447,3/8/2019,0:16:00,7,Fall from or in moving vehicle,5,Friday,179,OTHER ACCIDENTS-OFF STRAIGHT NOT INCLUDED IN DCAs 170-175,3,343783,2,0,1,0,1,2,1,5,Not at intersection,2,50,Arterial Other,30-39,Serious injury,Bicyclists
T20190004459,3/7/2019,19:10:00,1,Collision with vehicle,5,Thursday,119,OTHER ADJACENT (INTERSECTIONS ONLY),9,55007,2,0,1,0,1,2,2,1,Cross intersection,2,999,Local Road,40-49,Serious injury,Bicyclists
T20190004471,10/24/2018,17:15:00,1,Collision with vehicle,3,Wednesday,121,RIGHT THROUGH,1,29438,2,0,0,1,1,2,2,2,T intersection,3,999,Arterial Other,40-49,Other injury,Bicyclists
T20190004493,3/8/2019,7:50:00,1,Collision with vehicle,6,Friday,122,LEFT THROUGH,1,36113,2,0,0,1,1,2,2,2,T intersection,3,70,Arterial Other,26-29,Other injury,Bicyclists
T20190004496,3/8/2019,9:30:00,1,Collision with vehicle,5,Friday,130,REAR END(VEHICLES IN SAME LANE),1,344097,2,0,0,1,1,2,2,2,T intersection,3,40,Local Road,30-39,Other injury,Bicyclists
T20190004532,2/28/2019,8:05:00,1,Collision with vehicle,4,Thursday,143,ENTERING PARKING,1,344187,2,0,0,1,1,2,2,5,Not at intersection,3,60,Arterial Other,30-39,Other injury,Bicyclists
T20190004537,3/9/2019,9:10:00,1,Collision with vehicle,7,Saturday,137,LEFT TURN SIDESWIPE,1,343125,2,0,0,1,1,2,1,2,T intersection,3,80,Arterial Highway,50-59,Other injury,Bicyclists
T20190004541,2/24/2019,11:30:00,1,Collision with vehicle,1,Sunday,130,REAR END(VEHICLES IN SAME LANE),1,345053,2,0,0,1,1,2,2,5,Not at intersection,3,40,Arterial Other,26-29,Other injury,Bicyclists
T20190004546,3/5/2019,18:00:00,1,Collision with vehicle,3,Tuesday,130,REAR END(VEHICLES IN SAME LANE),1,36266,2,0,0,1,1,2,2,2,T intersection,3,40,Local Road,26-29,Other injury,Bicyclists
T20190004598,3/10/2019,13:15:00,1,Collision with vehicle,1,Sunday,112,LEFT FAR (INTERSECTIONS ONLY),1,343123,2,0,0,1,1,2,1,2,T intersection,3,80,Uknown,50-59,Other injury,Bicyclists
T20190004605,3/10/2019,11:30:00,1,Collision with vehicle,0,Sunday,139,OTHER SAME DIRECTION-MANOUEVRES NOT INCLUDED IN DCAs 130-137,1,343499,2,0,0,1,1,2,1,2,T intersection,3,40,Local Road,22-25,Other injury,Bicyclists
T20190004635,3/9/2019,8:53:00,1,Collision with vehicle,7,Saturday,135,LANE CHANGE LEFT (NOT OVERTAKING),1,344816,2,0,1,0,1,2,1,2,T intersection,2,50,Arterial Highway,40-49,Serious injury,Bicyclists
T20190004644,3/11/2019,9:01:00,1,Collision with vehicle,2,Monday,113,RIGHT NEAR (INTERSECTIONS ONLY),1,66177,2,0,0,1,2,3,2,2,T intersection,3,50,Local Road,65-69,Other injury,Bicyclists
T20190004648,3/1/2019,8:50:00,1,Collision with vehicle,6,Friday,137,LEFT TURN SIDESWIPE,1,224040,2,0,0,1,0,1,2,2,T intersection,3,60,Arterial Other,26-29,Other injury,Bicyclists
T20190004664,3/11/2019,16:12:00,1,Collision with vehicle,2,Monday,137,LEFT TURN SIDESWIPE,1,40074,2,0,0,1,1,2,2,2,T intersection,3,40,Local Road,26-29,Other injury,Bicyclists
T20190004668,3/11/2019,16:30:00,1,Collision with vehicle,2,Monday,110,CROSS TRAFFIC(INTERSECTIONS ONLY),1,249,2,0,1,0,1,2,1,1,Cross intersection,2,60,Freeway,18-21,Serious injury,Bicyclists
T20190004694,3/12/2019,8:00:00,1,Collision with vehicle,3,Tuesday,121,RIGHT THROUGH,1,36493,2,0,1,0,1,2,1,1,Cross intersection,2,30,Local Road,30-39,Serious injury,Bicyclists
T20190004699,3/12/2019,8:25:00,1,Collision with vehicle,3,Tuesday,147,VEHICLE STRIKES ANOTHER VEH WHILE EMERGING FROM DRIVEWAY,1,693250,2,0,1,0,1,2,1,5,Not at intersection,2,999,Arterial Other,18-21,Serious injury,Bicyclists
T20190004710,3/12/2019,8:50:00,1,Collision with vehicle,2,Tuesday,110,CROSS TRAFFIC(INTERSECTIONS ONLY),1,58112,2,0,0,1,1,2,1,1,Cross intersection,3,50,Local Road,22-25,Other injury,Bicyclists
T20190004716,3/12/2019,13:55:00,1,Collision with vehicle,2,Tuesday,133,LANE SIDE SWIPE (VEHICLES IN PARALLEL LANES),1,36581,2,0,0,1,1,2,1,1,Cross intersection,3,40,Local Road,30-39,Other injury,Bicyclists
T20190004722,3/12/2019,9:05:00,1,Collision with vehicle,3,Tuesday,113,RIGHT NEAR (INTERSECTIONS ONLY),1,343453,2,0,0,1,1,2,2,2,T intersection,3,999,Local Road,22-25,Other injury,Bicyclists
T20190004767,10/4/2018,19:30:00,1,Collision with vehicle,5,Thursday,133,LANE SIDE SWIPE (VEHICLES IN PARALLEL LANES),3,343278,2,0,0,1,0,1,2,5,Not at intersection,3,40,Local Road,40-49,Other injury,Bicyclists
T20190004779,3/13/2019,13:10:00,1,Collision with vehicle,3,Wednesday,133,LANE SIDE SWIPE (VEHICLES IN PARALLEL LANES),1,37071,2,0,0,1,1,2,1,2,T intersection,3,40,Arterial Other,30-39,Other injury,Bicyclists
T20190004846,3/14/2019,8:29:00,1,Collision with vehicle,4,Thursday,147,VEHICLE STRIKES ANOTHER VEH WHILE EMERGING FROM DRIVEWAY,1,343276,2,0,0,1,1,2,1,5,Not at intersection,3,50,Local Road,45424,Other injury,Bicyclists
T20190004858,3/14/2019,15:33:00,1,Collision with vehicle,4,Thursday,121,RIGHT THROUGH,1,37026,2,0,0,1,1,2,1,1,Cross intersection,3,50,Local Road,30-39,Other injury,Bicyclists
T20190004877,3/14/2019,19:15:00,6,Vehicle overturned (no collision),5,Thursday,179,OTHER ACCIDENTS-OFF STRAIGHT NOT INCLUDED IN DCAs 170-175,2,50195,1,0,0,1,0,1,1,2,T intersection,3,60,Uknown,40-49,Other injury,Bicyclists
T20190004880,3/13/2019,17:50:00,1,Collision with vehicle,3,Wednesday,135,LANE CHANGE LEFT (NOT OVERTAKING),1,35712,2,0,0,1,1,2,2,1,Cross intersection,3,40,Arterial Other,30-39,Other injury,Bicyclists
T20190004883,3/14/2019,8:17:00,1,Collision with vehicle,4,Thursday,147,VEHICLE STRIKES ANOTHER VEH WHILE EMERGING FROM DRIVEWAY,1,343342,2,0,0,1,1,2,2,5,Not at intersection,3,888,Local Road,45424,Other injury,Bicyclists
T20190004886,3/14/2019,16:50:00,1,Collision with vehicle,5,Thursday,113,RIGHT NEAR (INTERSECTIONS ONLY),1,343296,2,0,1,0,1,2,1,2,T intersection,2,50,Local Road,50-59,Serious injury,Bicyclists
T20190004899,3/14/2019,8:00:00,1,Collision with vehicle,4,Thursday,133,LANE SIDE SWIPE (VEHICLES IN PARALLEL LANES),1,343910,2,0,0,1,1,2,1,2,T intersection,3,80,Uknown,50-59,Other injury,Bicyclists
T20190004912,2/1/2019,14:00:00,1,Collision with vehicle,5,Friday,121,RIGHT THROUGH,1,41152,2,0,0,1,1,2,2,1,Cross intersection,3,999,Local Road,40-49,Other injury,Bicyclists
T20190004935,3/15/2019,8:35:00,1,Collision with vehicle,5,Friday,118,TWO LEFT TURNING (INTERSECTIONS ONLY),1,57453,2,0,0,1,1,2,1,2,T intersection,3,40,Arterial Other,22-25,Other injury,Bicyclists
T20190004967,3/15/2019,8:40:00,1,Collision with vehicle,6,Friday,121,RIGHT THROUGH,1,65839,2,0,1,0,1,2,1,2,T intersection,2,50,Local Road,30-39,Serious injury,Bicyclists
T20190004973,3/15/2019,16:50:00,1,Collision with vehicle,5,Friday,163,VEHICLE STRIKES DOOR OF PARKED/STATIONARY VEHICLE,1,343307,2,0,0,1,1,2,2,5,Not at intersection,3,50,Local Road,45424,Other injury,Bicyclists
T20190004985,3/15/2019,17:45:00,8,No collision and no object struck,6,Friday,102,FAR SIDE. PED HIT BY VEHICLE FROM THE LEFT,1,344112,1,0,0,2,0,2,1,2,T intersection,3,50,Local Road,26-29,Other injury,Bicyclists
T20190005011,3/16/2019,8:39:00,1,Collision with vehicle,7,Saturday,113,RIGHT NEAR (INTERSECTIONS ONLY),1,37447,2,0,1,0,1,2,1,1,Cross intersection,2,60,Arterial Other,30-39,Serious injury,Bicyclists
T20190005019,3/15/2019,17:30:00,1,Collision with vehicle,6,Friday,111,RIGHT FAR (INTERSECTIONS ONLY),1,29643,2,0,0,1,1,2,2,1,Cross intersection,3,50,Arterial Other,22-25,Other injury,Bicyclists
T20190005029,3/15/2019,15:45:00,1,Collision with vehicle,6,Friday,110,CROSS TRAFFIC(INTERSECTIONS ONLY),1,15425,2,0,1,0,0,1,1,1,Cross intersection,2,60,Local Road,16-17,Serious injury,Bicyclists
T20190005072,3/17/2019,10:50:00,1,Collision with vehicle,1,Sunday,163,VEHICLE STRIKES DOOR OF PARKED/STATIONARY VEHICLE,1,344289,2,0,1,0,2,3,1,5,Not at intersection,2,50,Uknown,30-39,Serious injury,Bicyclists
T20190005073,3/17/2019,11:25:00,1,Collision with vehicle,1,Sunday,147,VEHICLE STRIKES ANOTHER VEH WHILE EMERGING FROM DRIVEWAY,1,344460,2,0,1,0,2,3,1,5,Not at intersection,2,999,Local Road,50-59,Serious injury,Bicyclists
T20190005077,3/16/2019,14:10:00,1,Collision with vehicle,7,Saturday,135,LANE CHANGE LEFT (NOT OVERTAKING),1,343345,2,0,0,1,1,2,2,5,Not at intersection,3,40,Arterial Other,30-39,Other injury,Bicyclists