ACCIDENT_NO,ACCIDENT_DATE,ACCIDENT_TIME,ACCIDENT_TYPE,ACCIDENT_TYPE_DESC,DAY_OF_WEEK,DAY_WEEK_DESC,DCA_CODE,DCA_DESC,LIGHT_CONDITION,NODE_ID,NO_OF_VEHICLES,NO_PERSONS_KILLED,NO_PERSONS_INJ_2,NO_PERSONS_INJ_3,NO_PERSONS_NOT_INJ,NO_PERSONS,POLICE_ATTEND,ROAD_GEOMETRY,ROAD_GEOMETRY_DESC,SEVERITY,SPEED_ZONE,RMA,AGE_GROUP,INJ_LEVEL,ROAD_USER_TYPE_DESC
T20190005090,3/16/2019,12:45:00,6,Vehicle overturned (no collision),7,Saturday,174,OUT OF CONTROL ON CARRIAGEWAY (ON STRAIGHT),1,343443,2,0,0,1,2,3,2,5,Not at intersection,3,50,Local Road,50-59,Other injury,Bicyclists
T20190005091,3/17/2019,13:25:00,1,Collision with vehicle,1,Sunday,137,LEFT TURN SIDESWIPE,1,57501,2,0,0,1,1,2,1,2,T intersection,3,50,Arterial Other,30-39,Other injury,Bicyclists
T20190005101,3/17/2019,20:09:00,1,Collision with vehicle,1,Sunday,119,OTHER ADJACENT (INTERSECTIONS ONLY),1,72152,2,0,1,0,1,2,1,2,T intersection,2,50,Local Road,45424,Serious injury,Bicyclists
T20190005103,3/17/2019,18:15:00,1,Collision with vehicle,0,Sunday,163,VEHICLE STRIKES DOOR OF PARKED/STATIONARY VEHICLE,1,343363,2,0,0,1,0,1,1,5,Not at intersection,3,40,Local Road,40-49,Other injury,Bicyclists
T20190005122,3/18/2019,8:50:00,1,Collision with vehicle,2,Monday,121,RIGHT THROUGH,1,43718,2,0,1,0,1,2,9,1,Cross intersection,2,50,Local Road,40-49,Serious injury,Bicyclists
T20190005142,3/18/2019,15:50:00,6,Vehicle overturned (no collision),2,Monday,179,OTHER ACCIDENTS-OFF STRAIGHT NOT INCLUDED IN DCAs 170-175,1,37295,1,0,1,0,0,1,1,2,T intersection,2,40,Arterial Other,40-49,Serious injury,Bicyclists
T20190005166,3/18/2019,8:35:00,1,Collision with vehicle,2,Monday,131,LEFT REAR,1,35407,2,0,0,1,1,2,2,2,T intersection,3,60,Arterial Other,22-25,Other injury,Bicyclists
T20190005191,3/14/2019,17:00:00,1,Collision with vehicle,4,Thursday,163,VEHICLE STRIKES DOOR OF PARKED/STATIONARY VEHICLE,9,37461,2,0,0,1,2,3,2,2,T intersection,3,999,Arterial Other,30-39,Other injury,Bicyclists
T20190005208,3/19/2019,10:30:00,1,Collision with vehicle,3,Tuesday,110,CROSS TRAFFIC(INTERSECTIONS ONLY),1,38799,2,0,1,0,1,2,1,1,Cross intersection,2,50,Local Road,30-39,Serious injury,Bicyclists
T20190005215,3/15/2019,9:00:00,8,No collision and no object struck,6,Friday,174,OUT OF CONTROL ON CARRIAGEWAY (ON STRAIGHT),1,73129,2,0,1,0,1,2,2,1,Cross intersection,2,50,Local Road,40-49,Serious injury,Bicyclists
T20190005239,3/19/2019,18:00:00,1,Collision with vehicle,3,Tuesday,121,RIGHT THROUGH,1,40343,2,0,1,0,1,2,1,1,Cross intersection,2,60,Arterial Other,30-39,Serious injury,Bicyclists
T20190005253,3/19/2019,16:56:00,1,Collision with vehicle,3,Tuesday,143,ENTERING PARKING,1,343468,2,0,0,1,1,2,1,5,Not at intersection,3,60,Local Road,50-59,Other injury,Bicyclists
T20190005254,3/19/2019,20:45:00,1,Collision with vehicle,2,Tuesday,121,RIGHT THROUGH,5,343497,2,0,0,1,1,2,1,2,T intersection,3,60,Arterial Other,22-25,Other injury,Bicyclists
T20190005263,3/19/2019,17:48:00,1,Collision with vehicle,3,Tuesday,121,RIGHT THROUGH,1,37525,2,0,0,1,1,2,1,2,T intersection,3,60,Arterial Other,40-49,Other injury,Bicyclists
T20190005272,12/19/2018,8:30:00,1,Collision with vehicle,3,Wednesday,133,LANE SIDE SWIPE (VEHICLES IN PARALLEL LANES),1,61911,2,0,0,1,1,2,2,2,T intersection,3,50,Local Road,65-69,Other injury,Bicyclists
T20190005273,3/19/2019,23:10:00,1,Collision with vehicle,3,Tuesday,116,LEFT NEAR (INTERSECTIONS ONLY),3,35476,2,0,0,1,1,2,1,2,T intersection,3,60,Arterial Other,30-39,Other injury,Bicyclists
T20190005278,3/20/2019,8:30:00,1,Collision with vehicle,3,Wednesday,148,VEHICLE OFF FOOTPATH STRIKES VEH ON CARRIAGEWAY,1,42155,2,0,0,1,1,2,1,2,T intersection,3,80,Arterial Highway,45424,Other injury,Bicyclists
T20190005280,3/20/2019,7:52:00,1,Collision with vehicle,4,Wednesday,179,OTHER ACCIDENTS-OFF STRAIGHT NOT INCLUDED IN DCAs 170-175,2,343839,2,0,1,0,1,2,1,5,Not at intersection,2,80,Local Road,50-59,Serious injury,Bicyclists
T20190005284,3/20/2019,8:40:00,1,Collision with vehicle,4,Wednesday,121,RIGHT THROUGH,1,343877,2,0,0,1,1,2,2,5,Not at intersection,3,999,Local Road,30-39,Other injury,Bicyclists
T20190005308,3/20/2019,9:18:00,1,Collision with vehicle,4,Wednesday,135,LANE CHANGE LEFT (NOT OVERTAKING),1,343444,3,0,0,2,1,3,1,5,Not at intersection,3,50,Local Road,30-39,Other injury,Bicyclists
T20190005313,3/20/2019,16:51:00,1,Collision with vehicle,4,Wednesday,113,RIGHT NEAR (INTERSECTIONS ONLY),1,39126,2,0,1,0,1,2,1,1,Cross intersection,2,60,Arterial Other,40-49,Serious injury,Bicyclists
T20190005315,3/13/2019,20:39:00,1,Collision with vehicle,4,Wednesday,122,LEFT THROUGH,3,38815,2,0,0,1,1,2,1,2,T intersection,3,60,Arterial Other,30-39,Other injury,Bicyclists
T20190005357,3/21/2019,11:00:00,1,Collision with vehicle,5,Thursday,132,RIGHT REAR.,1,345017,2,0,0,1,1,2,2,2,T intersection,3,50,Local Road,65-69,Other injury,Bicyclists
T20190005362,3/21/2019,8:11:00,1,Collision with vehicle,5,Thursday,133,LANE SIDE SWIPE (VEHICLES IN PARALLEL LANES),1,45640,2,0,2,0,0,2,1,1,Cross intersection,2,40,Arterial Other,40-49,Serious injury,Bicyclists
T20190005394,3/21/2019,17:15:00,1,Collision with vehicle,5,Thursday,110,CROSS TRAFFIC(INTERSECTIONS ONLY),1,51389,2,0,0,1,1,2,1,1,Cross intersection,3,50,Uknown,30-39,Other injury,Bicyclists
T20190005398,3/21/2019,15:15:00,1,Collision with vehicle,5,Thursday,147,VEHICLE STRIKES ANOTHER VEH WHILE EMERGING FROM DRIVEWAY,1,343786,2,0,1,0,1,2,1,5,Not at intersection,2,50,Local Road,40-49,Serious injury,Bicyclists
T20190005419,3/21/2019,7:50:00,1,Collision with vehicle,5,Thursday,113,RIGHT NEAR (INTERSECTIONS ONLY),1,45633,2,0,1,0,1,2,1,2,T intersection,2,40,Arterial Other,30-39,Serious injury,Bicyclists
T20190005424,3/22/2019,7:24:00,1,Collision with vehicle,6,Friday,147,VEHICLE STRIKES ANOTHER VEH WHILE EMERGING FROM DRIVEWAY,1,343490,2,0,1,0,1,2,1,1,Cross intersection,2,50,Local Road,50-59,Serious injury,Bicyclists
T20190005447,3/15/2019,14:00:00,1,Collision with vehicle,5,Friday,110,CROSS TRAFFIC(INTERSECTIONS ONLY),9,55021,2,0,0,1,1,2,2,1,Cross intersection,3,50,Local Road,40-49,Other injury,Bicyclists
T20190005458,9/15/2018,19:15:00,1,Collision with vehicle,7,Saturday,163,VEHICLE STRIKES DOOR OF PARKED/STATIONARY VEHICLE,3,343713,2,0,0,1,2,3,2,5,Not at intersection,3,999,Arterial Other,26-29,Other injury,Bicyclists
T20190005483,3/22/2019,16:30:00,1,Collision with vehicle,5,Friday,135,LANE CHANGE LEFT (NOT OVERTAKING),1,36627,2,0,0,1,1,2,2,1,Cross intersection,3,60,Local Road,26-29,Other injury,Bicyclists
T20190005494,3/22/2019,17:30:00,1,Collision with vehicle,6,Friday,137,LEFT TURN SIDESWIPE,1,40120,2,0,1,0,1,2,1,2,T intersection,2,60,Arterial Highway,50-59,Serious injury,Bicyclists
T20190005497,3/22/2019,18:28:00,1,Collision with vehicle,6,Friday,137,LEFT TURN SIDESWIPE,1,40120,2,0,1,0,1,2,1,2,T intersection,2,60,Arterial Highway,40-49,Serious injury,Bicyclists
T20190005539,3/22/2019,16:15:00,1,Collision with vehicle,5,Friday,147,VEHICLE STRIKES ANOTHER VEH WHILE EMERGING FROM DRIVEWAY,1,360451,2,0,0,1,1,2,2,5,Not at intersection,3,999,Uknown,45424,Other injury,Bicyclists
T20190005551,3/13/2019,18:00:00,1,Collision with vehicle,4,Wednesday,163,VEHICLE STRIKES DOOR OF PARKED/STATIONARY VEHICLE,2,343581,2,0,0,1,0,1,2,5,Not at intersection,3,50,Local Road,40-49,Other injury,Bicyclists
T20190005557,3/23/2019,18:13:00,7,Fall from or in moving vehicle,7,Saturday,179,OTHER ACCIDENTS-OFF STRAIGHT NOT INCLUDED IN DCAs 170-175,2,61064,1,0,0,1,0,1,2,1,Cross intersection,3,999,Arterial Other,50-59,Other injury,Bicyclists
T20190005573,3/9/2019,13:20:00,1,Collision with vehicle,6,Saturday,130,REAR END(VEHICLES IN SAME LANE),1,51801,2,0,0,1,1,2,2,1,Cross intersection,3,50,Arterial Highway,22-25,Other injury,Bicyclists
T20190005579,3/24/2019,9:05:00,1,Collision with vehicle,0,Sunday,110,CROSS TRAFFIC(INTERSECTIONS ONLY),1,45578,2,0,0,1,1,2,1,1,Cross intersection,3,50,Local Road,18-21,Other injury,Bicyclists
T20190005590,3/24/2019,9:49:00,1,Collision with vehicle,0,Sunday,113,RIGHT NEAR (INTERSECTIONS ONLY),1,342077,2,0,1,0,1,2,1,1,Cross intersection,2,70,Arterial Other,26-29,Serious injury,Bicyclists
T20190005608,3/24/2019,15:00:00,1,Collision with vehicle,1,Sunday,130,REAR END(VEHICLES IN SAME LANE),1,343526,2,1,0,1,0,2,1,5,Not at intersection,1,100,Arterial Other,50-59,Fatality,Bicyclists
T20190005618,3/23/2019,12:00:00,1,Collision with vehicle,7,Saturday,148,VEHICLE OFF FOOTPATH STRIKES VEH ON CARRIAGEWAY,1,667,2,0,1,0,1,2,1,1,Cross intersection,2,60,Arterial Highway,22-25,Serious injury,Bicyclists
T20190005626,3/21/2019,18:30:00,1,Collision with vehicle,5,Thursday,110,CROSS TRAFFIC(INTERSECTIONS ONLY),1,38727,2,0,1,0,2,3,2,1,Cross intersection,2,50,Local Road,40-49,Serious injury,Bicyclists
T20190005635,3/25/2019,9:52:00,1,Collision with vehicle,1,Monday,130,REAR END(VEHICLES IN SAME LANE),1,343789,2,0,0,1,0,1,1,5,Not at intersection,3,40,Local Road,26-29,Other injury,Bicyclists
T20190005648,3/25/2019,11:41:00,1,Collision with vehicle,2,Monday,133,LANE SIDE SWIPE (VEHICLES IN PARALLEL LANES),1,29415,2,0,0,1,1,2,1,2,T intersection,3,60,Arterial Other,22-25,Other injury,Bicyclists
T20190005659,2/23/2019,17:00:00,1,Collision with vehicle,6,Saturday,179,OTHER ACCIDENTS-OFF STRAIGHT NOT INCLUDED IN DCAs 170-175,1,144843,2,0,0,1,1,2,1,5,Not at intersection,3,40,Local Road,30-39,Other injury,Bicyclists
T20190005664,3/25/2019,7:15:00,1,Collision with vehicle,2,Monday,137,LEFT TURN SIDESWIPE,2,344207,2,0,0,1,1,2,2,5,Not at intersection,3,80,Arterial Other,26-29,Other injury,Bicyclists
T20190005673,3/25/2019,15:20:00,1,Collision with vehicle,1,Monday,113,RIGHT NEAR (INTERSECTIONS ONLY),1,44808,2,0,0,1,1,2,1,2,T intersection,3,60,Uknown,40-49,Other injury,Bicyclists
T20190005680,3/25/2019,17:51:00,1,Collision with vehicle,2,Monday,121,RIGHT THROUGH,1,37698,2,0,1,0,1,2,1,1,Cross intersection,2,40,Local Road,30-39,Serious injury,Bicyclists
T20190005681,3/25/2019,17:20:00,1,Collision with vehicle,2,Monday,121,RIGHT THROUGH,1,55242,2,0,0,1,1,2,2,4,Multiple intersection,3,60,Arterial Other,22-25,Other injury,Bicyclists
T20190005699,3/26/2019,8:15:00,1,Collision with vehicle,2,Tuesday,110,CROSS TRAFFIC(INTERSECTIONS ONLY),1,230894,2,0,0,1,1,2,2,1,Cross intersection,3,50,Local Road,30-39,Other injury,Bicyclists
T20190005709,3/26/2019,8:30:00,1,Collision with vehicle,3,Tuesday,111,RIGHT FAR (INTERSECTIONS ONLY),1,55739,2,0,1,0,1,2,1,1,Cross intersection,2,50,Local Road,65-69,Serious injury,Bicyclists
T20190005713,3/26/2019,8:15:00,1,Collision with vehicle,3,Tuesday,122,LEFT THROUGH,1,343625,2,0,0,1,4,5,1,5,Not at intersection,3,60,Local Road,40-49,Other injury,Bicyclists
T20190005716,3/26/2019,8:15:00,1,Collision with vehicle,3,Tuesday,111,RIGHT FAR (INTERSECTIONS ONLY),1,45639,2,0,0,1,1,2,2,2,T intersection,3,50,Local Road,26-29,Other injury,Bicyclists
T20190005728,3/26/2019,8:48:00,1,Collision with vehicle,2,Tuesday,113,RIGHT NEAR (INTERSECTIONS ONLY),1,43389,2,0,1,0,1,2,1,2,T intersection,2,60,Arterial Other,22-25,Serious injury,Bicyclists
T20190005752,3/26/2019,18:35:00,1,Collision with vehicle,3,Tuesday,121,RIGHT THROUGH,1,36338,2,0,0,1,1,2,1,1,Cross intersection,3,50,Local Road,26-29,Other injury,Bicyclists
T20190005771,3/27/2019,5:50:00,1,Collision with vehicle,4,Wednesday,113,RIGHT NEAR (INTERSECTIONS ONLY),3,39979,2,0,0,1,1,2,1,2,T intersection,3,999,Local Road,30-39,Other injury,Bicyclists
T20190005784,3/27/2019,6:10:00,1,Collision with vehicle,4,Wednesday,148,VEHICLE OFF FOOTPATH STRIKES VEH ON CARRIAGEWAY,2,344565,2,0,0,1,1,2,2,5,Not at intersection,3,60,Arterial Other,40-49,Other injury,Bicyclists
T20190005805,3/21/2019,13:00:00,1,Collision with vehicle,4,Thursday,130,REAR END(VEHICLES IN SAME LANE),1,36715,2,0,1,0,1,2,2,1,Cross intersection,2,60,Local Road,30-39,Serious injury,Bicyclists
T20190005810,2/28/2019,19:55:00,1,Collision with vehicle,4,Thursday,135,LANE CHANGE LEFT (NOT OVERTAKING),6,343981,2,0,0,1,1,2,2,5,Not at intersection,3,50,Local Road,22-25,Other injury,Bicyclists
T20190005835,3/23/2019,17:00:00,1,Collision with vehicle,7,Saturday,137,LEFT TURN SIDESWIPE,1,343688,2,0,1,0,0,1,2,5,Not at intersection,2,40,Arterial Other,30-39,Serious injury,Bicyclists
T20190005839,3/28/2019,5:42:00,1,Collision with vehicle,5,Thursday,130,REAR END(VEHICLES IN SAME LANE),3,893,2,1,0,0,1,2,1,2,T intersection,1,60,Uknown,50-59,Fatality,Bicyclists
T20190005861,3/28/2019,13:35:00,2,Struck Pedestrian,5,Thursday,100,PED NEAR SIDE. PED HIT BY VEHICLE FROM THE RIGHT.,1,343997,1,0,0,1,0,1,2,5,Not at intersection,3,999,Arterial Highway,30-39,Other injury,Pedestrians
T20190005866,3/28/2019,9:13:00,1,Collision with vehicle,5,Thursday,121,RIGHT THROUGH,1,35365,2,0,1,0,1,2,1,1,Cross intersection,2,40,Local Road,40-49,Serious injury,Bicyclists
T20190005877,3/28/2019,8:00:00,1,Collision with vehicle,4,Thursday,148,VEHICLE OFF FOOTPATH STRIKES VEH ON CARRIAGEWAY,1,259379,2,0,0,1,2,3,2,2,T intersection,3,60,Local Road,40-49,Other injury,Bicyclists
T20190005913,2/25/2019,17:00:00,1,Collision with vehicle,1,Monday,163,VEHICLE STRIKES DOOR OF PARKED/STATIONARY VEHICLE,1,343712,2,0,1,0,1,2,2,5,Not at intersection,2,999,Arterial Other,26-29,Serious injury,Bicyclists
T20190005917,3/19/2019,13:00:00,1,Collision with vehicle,3,Tuesday,147,VEHICLE STRIKES ANOTHER VEH WHILE EMERGING FROM DRIVEWAY,9,346452,2,0,0,1,1,2,2,5,Not at intersection,3,999,Arterial Other,70+,Other injury,Bicyclists
T20190005932,3/28/2019,18:35:00,1,Collision with vehicle,5,Thursday,116,LEFT NEAR (INTERSECTIONS ONLY),1,22509,2,0,0,1,1,2,1,2,T intersection,3,60,Local Road,26-29,Other injury,Bicyclists
T20190005936,3/29/2019,12:10:00,1,Collision with vehicle,5,Friday,110,CROSS TRAFFIC(INTERSECTIONS ONLY),1,50613,2,0,0,1,1,2,1,1,Cross intersection,3,50,Local Road,50-59,Other injury,Bicyclists
T20190005938,3/28/2019,15:44:00,1,Collision with vehicle,5,Thursday,137,LEFT TURN SIDESWIPE,1,238583,2,0,0,1,1,2,1,2,T intersection,3,60,Arterial Other,65-69,Other injury,Bicyclists
T20190005954,3/29/2019,14:05:00,1,Collision with vehicle,6,Friday,137,LEFT TURN SIDESWIPE,1,33747,2,0,1,0,1,2,1,1,Cross intersection,2,40,Arterial Highway,30-39,Serious injury,Bicyclists
T20190005960,3/29/2019,15:24:00,1,Collision with vehicle,6,Friday,163,VEHICLE STRIKES DOOR OF PARKED/STATIONARY VEHICLE,1,344717,2,0,0,1,1,2,1,5,Not at intersection,3,40,Arterial Other,16-17,Other injury,Bicyclists
T20190005977,3/29/2019,21:45:00,1,Collision with vehicle,6,Friday,148,VEHICLE OFF FOOTPATH STRIKES VEH ON CARRIAGEWAY,3,580238,2,0,1,0,2,3,1,2,T intersection,2,80,Arterial Highway,16-17,Serious injury,Bicyclists
T20190006012,3/14/2019,9:15:00,1,Collision with vehicle,4,Thursday,116,LEFT NEAR (INTERSECTIONS ONLY),1,64526,2,0,0,1,1,2,2,2,T intersection,3,60,Arterial Other,30-39,Other injury,Bicyclists
T20190006067,3/29/2019,18:10:00,1,Collision with vehicle,6,Friday,110,CROSS TRAFFIC(INTERSECTIONS ONLY),6,344637,2,0,0,1,1,2,2,1,Cross intersection,3,999,Local Road,40-49,Other injury,Bicyclists
T20190006083,3/31/2019,13:35:00,1,Collision with vehicle,1,Sunday,110,CROSS TRAFFIC(INTERSECTIONS ONLY),1,36507,2,0,0,1,1,2,2,1,Cross intersection,3,40,Local Road,40-49,Other injury,Bicyclists
T20190006108,3/29/2019,8:53:00,1,Collision with vehicle,6,Friday,113,RIGHT NEAR (INTERSECTIONS ONLY),1,36997,2,0,1,0,1,2,1,2,T intersection,2,50,Uknown,30-39,Serious injury,Bicyclists
T20190006139,4/1/2019,19:15:00,1,Collision with vehicle,2,Monday,121,RIGHT THROUGH,2,37887,2,0,0,1,1,2,1,1,Cross intersection,3,50,Local Road,30-39,Other injury,Bicyclists
T20190006142,4/1/2019,17:04:00,1,Collision with vehicle,2,Monday,147,VEHICLE STRIKES ANOTHER VEH WHILE EMERGING FROM DRIVEWAY,1,113270,2,0,0,1,1,2,1,5,Not at intersection,3,60,Local Road,16-17,Other injury,Bicyclists
T20190006144,3/18/2019,8:40:00,1,Collision with vehicle,2,Monday,189,OTHER ACCIDENTS ON CURVE NOT INCLUDED IN DCAs 180-184,1,326348,2,0,0,1,1,2,2,5,Not at intersection,3,999,Local Road,30-39,Other injury,Bicyclists
T20190006149,4/1/2019,20:00:00,1,Collision with vehicle,1,Monday,163,VEHICLE STRIKES DOOR OF PARKED/STATIONARY VEHICLE,3,343821,2,0,0,1,3,4,1,5,Not at intersection,3,60,Arterial Other,22-25,Other injury,Bicyclists
T20190006179,4/2/2019,7:04:00,1,Collision with vehicle,2,Tuesday,116,LEFT NEAR (INTERSECTIONS ONLY),3,37740,2,0,1,0,1,2,1,2,T intersection,2,60,Arterial Other,30-39,Serious injury,Bicyclists
T20190006191,3/29/2019,11:30:00,1,Collision with vehicle,6,Friday,116,LEFT NEAR (INTERSECTIONS ONLY),1,41127,2,0,0,1,1,2,2,2,T intersection,3,50,Arterial Other,50-59,Other injury,Bicyclists
T20190006214,4/2/2019,15:25:00,1,Collision with vehicle,3,Tuesday,160,VEHICLE COLLIDES WITH VEHICLE PARKED ON LEFT OF ROAD,1,344042,2,0,0,1,0,1,1,5,Not at intersection,3,50,Local Road,26-29,Other injury,Bicyclists
T20190006229,4/2/2019,16:00:00,1,Collision with vehicle,2,Tuesday,111,RIGHT FAR (INTERSECTIONS ONLY),1,64330,2,0,1,0,2,3,1,2,T intersection,2,60,Arterial Other,30-39,Serious injury,Bicyclists
T20190006236,4/2/2019,16:30:00,1,Collision with vehicle,3,Tuesday,110,CROSS TRAFFIC(INTERSECTIONS ONLY),1,45583,2,0,0,1,1,2,1,1,Cross intersection,3,60,Arterial Other,45424,Other injury,Bicyclists
T20190006249,4/2/2019,17:20:00,1,Collision with vehicle,3,Tuesday,163,VEHICLE STRIKES DOOR OF PARKED/STATIONARY VEHICLE,1,343866,2,0,1,0,1,2,1,5,Not at intersection,2,40,Local Road,40-49,Serious injury,Bicyclists
T20190006266,4/3/2019,8:25:00,1,Collision with vehicle,4,Wednesday,121,RIGHT THROUGH,1,35321,2,0,1,0,1,2,1,1,Cross intersection,2,50,Local Road,30-39,Serious injury,Bicyclists
T20190006269,4/2/2019,13:15:00,1,Collision with vehicle,2,Tuesday,121,RIGHT THROUGH,1,232202,2,0,1,0,1,2,1,2,T intersection,2,60,Local Road,40-49,Serious injury,Bicyclists
T20190006273,4/3/2019,8:40:00,1,Collision with vehicle,4,Wednesday,114,TWO RIGHT TURNING (INTERSECTIONS ONLY),1,36108,2,0,2,0,1,3,1,4,Multiple intersection,2,40,Uknown,30-39,Serious injury,Bicyclists
T20190006286,3/22/2019,15:50:00,1,Collision with vehicle,5,Friday,133,LANE SIDE SWIPE (VEHICLES IN PARALLEL LANES),1,196049,2,0,0,1,1,2,2,5,Not at intersection,3,40,Arterial Other,22-25,Other injury,Bicyclists
T20190006297,4/3/2019,6:50:00,8,No collision and no object struck,3,Wednesday,174,OUT OF CONTROL ON CARRIAGEWAY (ON STRAIGHT),2,344470,2,0,1,0,1,2,1,5,Not at intersection,2,40,Arterial Other,30-39,Serious injury,Bicyclists
T20190006309,4/3/2019,17:00:00,1,Collision with vehicle,3,Wednesday,140,U TURN,1,660096,2,0,1,0,1,2,1,5,Not at intersection,2,50,Local Road,60-64,Serious injury,Bicyclists
T20190006322,4/3/2019,19:42:00,1,Collision with vehicle,4,Wednesday,116,LEFT NEAR (INTERSECTIONS ONLY),3,63451,2,0,0,1,1,2,1,2,T intersection,3,60,Arterial Other,40-49,Other injury,Bicyclists
T20190006326,4/3/2019,16:08:00,1,Collision with vehicle,4,Wednesday,110,CROSS TRAFFIC(INTERSECTIONS ONLY),1,38885,3,0,0,1,3,4,1,1,Cross intersection,3,60,Arterial Other,26-29,Not injured,Bicyclists
T20190006339,4/4/2019,9:20:00,1,Collision with vehicle,5,Thursday,110,CROSS TRAFFIC(INTERSECTIONS ONLY),1,36267,2,0,0,1,1,2,1,1,Cross intersection,3,40,Local Road,26-29,Other injury,Bicyclists
T20190006361,4/4/2019,14:25:00,1,Collision with vehicle,4,Thursday,135,LANE CHANGE LEFT (NOT OVERTAKING),1,40594,2,0,0,1,1,2,2,2,T intersection,3,60,Arterial Other,50-59,Other injury,Bicyclists
T20190006370,4/4/2019,15:00:00,1,Collision with vehicle,5,Thursday,121,RIGHT THROUGH,1,83,2,0,1,0,1,2,1,1,Cross intersection,2,50,Arterial Other,22-25,Serious injury,Bicyclists
T20190006383,4/4/2019,8:15:00,1,Collision with vehicle,4,Thursday,133,LANE SIDE SWIPE (VEHICLES IN PARALLEL LANES),1,36500,2,0,0,1,1,2,2,1,Cross intersection,3,40,Arterial Other,30-39,Other injury,Bicyclists
T20190006388,4/4/2019,18:50:00,1,Collision with vehicle,5,Thursday,110,CROSS TRAFFIC(INTERSECTIONS ONLY),1,224413,2,0,0,1,1,2,2,1,Cross intersection,3,999,Local Road,13-15,Other injury,Bicyclists
T20190006391,4/4/2019,16:15:00,1,Collision with vehicle,4,Thursday,148,VEHICLE OFF FOOTPATH STRIKES VEH ON CARRIAGEWAY,1,343974,2,0,0,1,2,3,1,1,Cross intersection,3,60,Local Road,45424,Other injury,Bicyclists
T20190006414,4/5/2019,6:30:00,1,Collision with vehicle,5,Friday,110,CROSS TRAFFIC(INTERSECTIONS ONLY),3,41830,2,0,1,0,1,2,1,1,Cross intersection,2,999,Local Road,60-64,Serious injury,Bicyclists
T20190006442,4/5/2019,10:30:00,1,Collision with vehicle,6,Friday,163,VEHICLE STRIKES DOOR OF PARKED/STATIONARY VEHICLE,1,344466,2,0,0,1,1,2,2,5,Not at intersection,3,40,Local Road,40-49,Other injury,Bicyclists
T20190006471,4/5/2019,18:00:00,1,Collision with vehicle,6,Friday,163,VEHICLE STRIKES DOOR OF PARKED/STATIONARY VEHICLE,1,344035,2,0,0,1,1,2,1,5,Not at intersection,3,40,Arterial Other,18-21,Other injury,Bicyclists
T20190006486,4/5/2019,20:35:00,1,Collision with vehicle,5,Friday,135,LANE CHANGE LEFT (NOT OVERTAKING),3,29373,2,0,0,1,1,2,1,1,Cross intersection,3,60,Uknown,22-25,Other injury,Bicyclists
T20190006505,4/6/2019,11:05:00,1,Collision with vehicle,7,Saturday,137,LEFT TURN SIDESWIPE,1,343986,2,0,1,0,1,2,1,2,T intersection,2,80,Arterial Highway,50-59,Serious injury,Bicyclists
T20190006525,4/4/2019,5:50:00,1,Collision with vehicle,4,Thursday,137,LEFT TURN SIDESWIPE,6,237166,2,0,0,1,1,2,2,5,Not at intersection,3,999,Local Road,26-29,Other injury,Bicyclists
T20190006532,4/6/2019,13:06:00,1,Collision with vehicle,7,Saturday,116,LEFT NEAR (INTERSECTIONS ONLY),1,344163,2,0,0,1,2,3,1,2,T intersection,3,50,Local Road,60-64,Other injury,Bicyclists
T20190006541,4/6/2019,18:55:00,1,Collision with vehicle,6,Saturday,110,CROSS TRAFFIC(INTERSECTIONS ONLY),2,40006,2,0,0,1,1,2,1,1,Cross intersection,3,60,Arterial Other,22-25,Other injury,Bicyclists
T20190006543,4/6/2019,15:45:00,1,Collision with vehicle,6,Saturday,133,LANE SIDE SWIPE (VEHICLES IN PARALLEL LANES),1,37703,2,0,1,0,1,2,2,2,T intersection,2,40,Local Road,22-25,Serious injury,Bicyclists
T20190006554,4/6/2019,23:45:00,1,Collision with vehicle,7,Saturday,163,VEHICLE STRIKES DOOR OF PARKED/STATIONARY VEHICLE,3,344105,3,0,1,0,2,3,1,5,Not at intersection,2,40,Local Road,18-21,Serious injury,Bicyclists
T20190006623,4/7/2019,14:00:00,1,Collision with vehicle,1,Sunday,121,RIGHT THROUGH,1,150,2,0,0,1,1,2,1,2,T intersection,3,60,Local Road,18-21,Other injury,Bicyclists
T20190006665,4/3/2019,15:35:00,1,Collision with vehicle,3,Wednesday,148,VEHICLE OFF FOOTPATH STRIKES VEH ON CARRIAGEWAY,1,36428,2,0,1,0,1,2,2,2,T intersection,2,60,Arterial Other,45424,Serious injury,Bicyclists
T20190006693,4/8/2019,16:30:00,1,Collision with vehicle,1,Monday,110,CROSS TRAFFIC(INTERSECTIONS ONLY),1,55692,2,0,0,1,1,2,1,1,Cross intersection,3,50,Local Road,18-21,Other injury,Bicyclists
T20190006697,4/6/2019,17:15:00,1,Collision with vehicle,7,Saturday,113,RIGHT NEAR (INTERSECTIONS ONLY),1,35599,2,0,1,0,1,2,2,2,T intersection,2,60,Arterial Highway,50-59,Serious injury,Bicyclists
T20190006704,4/8/2019,15:20:00,1,Collision with vehicle,1,Monday,110,CROSS TRAFFIC(INTERSECTIONS ONLY),1,29793,2,0,0,1,1,2,2,1,Cross intersection,3,50,Arterial Other,40-49,Other injury,Bicyclists
T20190006710,4/8/2019,17:30:00,1,Collision with vehicle,2,Monday,163,VEHICLE STRIKES DOOR OF PARKED/STATIONARY VEHICLE,1,344043,2,0,0,1,2,3,2,5,Not at intersection,3,40,Local Road,30-39,Other injury,Bicyclists