ACCIDENT_NO,ACCIDENT_DATE,ACCIDENT_TIME,ACCIDENT_TYPE,ACCIDENT_TYPE_DESC,DAY_OF_WEEK,DAY_WEEK_DESC,DCA_CODE,DCA_DESC,LIGHT_CONDITION,NODE_ID,NO_OF_VEHICLES,NO_PERSONS_KILLED,NO_PERSONS_INJ_2,NO_PERSONS_INJ_3,NO_PERSONS_NOT_INJ,NO_PERSONS,POLICE_ATTEND,ROAD_GEOMETRY,ROAD_GEOMETRY_DESC,SEVERITY,SPEED_ZONE,RMA,AGE_GROUP,INJ_LEVEL,ROAD_USER_TYPE_DESC
T20190006717,4/9/2019,13:20:00,1,Collision with vehicle,2,Tuesday,121,RIGHT THROUGH,1,37770,2,0,0,1,1,2,1,5,Not at intersection,3,40,Arterial Other,22-25,Other injury,Bicyclists
T20190006732,3/26/2019,14:20:00,1,Collision with vehicle,3,Tuesday,135,LANE CHANGE LEFT (NOT OVERTAKING),1,344137,2,0,0,1,1,2,2,5,Not at intersection,3,40,Arterial Other,22-25,Other injury,Bicyclists
T20190006747,4/9/2019,17:49:00,1,Collision with vehicle,3,Tuesday,123,RIGHT/LEFT. ONE VEH TURNING RIGHT THE OTHER LEFT.,2,41763,2,0,1,0,1,2,1,2,T intersection,2,50,Local Road,26-29,Serious injury,Bicyclists
T20190006752,4/9/2019,18:55:00,1,Collision with vehicle,3,Tuesday,116,LEFT NEAR (INTERSECTIONS ONLY),3,42979,2,0,0,1,1,2,1,1,Cross intersection,3,60,Arterial Other,60-64,Other injury,Bicyclists
T20190006757,4/9/2019,16:10:00,4,Collision with a fixed object,3,Tuesday,171,LEFT OFF CARRIAGEWAY INTO OBJECT/PARKED VEHICLE,1,360470,3,0,1,0,0,1,1,5,Not at intersection,2,50,Local Road,60-64,Serious injury,Drivers
T20190006758,4/9/2019,19:45:00,1,Collision with vehicle,3,Tuesday,163,VEHICLE STRIKES DOOR OF PARKED/STATIONARY VEHICLE,9,344681,2,0,0,1,1,2,2,5,Not at intersection,3,40,Uknown,22-25,Other injury,Bicyclists
T20190006772,4/10/2019,6:30:00,1,Collision with vehicle,4,Wednesday,116,LEFT NEAR (INTERSECTIONS ONLY),2,35815,2,0,1,0,1,2,1,4,Multiple intersection,2,60,Arterial Other,60-64,Serious injury,Bicyclists
T20190006777,4/9/2019,8:25:00,1,Collision with vehicle,3,Tuesday,163,VEHICLE STRIKES DOOR OF PARKED/STATIONARY VEHICLE,1,344323,2,0,0,1,2,3,2,5,Not at intersection,3,40,Local Road,40-49,Other injury,Bicyclists
T20190006802,4/7/2019,14:00:00,1,Collision with vehicle,1,Sunday,163,VEHICLE STRIKES DOOR OF PARKED/STATIONARY VEHICLE,1,344155,2,0,0,1,1,2,2,5,Not at intersection,3,40,Uknown,30-39,Other injury,Bicyclists
T20190006838,4/11/2019,6:50:00,1,Collision with vehicle,5,Thursday,133,LANE SIDE SWIPE (VEHICLES IN PARALLEL LANES),1,36992,2,0,0,1,0,1,2,1,Cross intersection,3,40,Freeway,30-39,Other injury,Bicyclists
T20190006841,4/11/2019,7:50:00,1,Collision with vehicle,5,Thursday,137,LEFT TURN SIDESWIPE,1,29529,2,0,1,0,3,4,1,1,Cross intersection,2,40,Arterial Highway,30-39,Serious injury,Bicyclists
T20190006843,4/10/2019,19:48:00,8,No collision and no object struck,3,Wednesday,174,OUT OF CONTROL ON CARRIAGEWAY (ON STRAIGHT),5,344147,2,0,0,1,1,2,1,5,Not at intersection,3,100,Uknown,Unknown,Not injured,Bicyclists
T20190006850,4/11/2019,6:45:00,1,Collision with vehicle,4,Thursday,163,VEHICLE STRIKES DOOR OF PARKED/STATIONARY VEHICLE,2,344117,2,0,0,1,1,2,2,5,Not at intersection,3,70,Arterial Other,50-59,Other injury,Bicyclists
T20190006863,4/11/2019,8:47:00,1,Collision with vehicle,5,Thursday,110,CROSS TRAFFIC(INTERSECTIONS ONLY),1,45041,2,0,0,2,0,2,1,1,Cross intersection,3,80,Arterial Other,26-29,Other injury,Bicyclists
T20190006892,4/11/2019,17:30:00,1,Collision with vehicle,5,Thursday,121,RIGHT THROUGH,2,37914,2,0,0,1,1,2,2,1,Cross intersection,3,60,Uknown,30-39,Other injury,Bicyclists
T20190006941,4/12/2019,10:53:00,1,Collision with vehicle,6,Friday,110,CROSS TRAFFIC(INTERSECTIONS ONLY),1,35355,2,0,0,1,1,2,1,1,Cross intersection,3,40,Local Road,30-39,Other injury,Bicyclists
T20190007002,4/13/2019,7:30:00,1,Collision with vehicle,7,Saturday,147,VEHICLE STRIKES ANOTHER VEH WHILE EMERGING FROM DRIVEWAY,2,345266,2,0,1,0,1,2,1,5,Not at intersection,2,80,Arterial Highway,40-49,Serious injury,Bicyclists
T20190007010,4/9/2019,11:00:00,1,Collision with vehicle,2,Tuesday,113,RIGHT NEAR (INTERSECTIONS ONLY),1,344281,2,0,0,1,1,2,2,2,T intersection,3,50,Local Road,22-25,Other injury,Bicyclists
T20190007034,4/13/2019,15:03:00,1,Collision with vehicle,7,Saturday,147,VEHICLE STRIKES ANOTHER VEH WHILE EMERGING FROM DRIVEWAY,1,344282,2,0,1,0,2,3,1,5,Not at intersection,2,50,Uknown,45424,Serious injury,Bicyclists
T20190007076,4/14/2019,9:30:00,1,Collision with vehicle,1,Sunday,121,RIGHT THROUGH,1,31040,2,0,0,1,1,2,1,2,T intersection,3,60,Arterial Other,18-21,Other injury,Bicyclists
T20190007096,4/14/2019,14:00:00,1,Collision with vehicle,0,Sunday,121,RIGHT THROUGH,1,38923,2,0,0,1,1,2,1,5,Not at intersection,3,60,Arterial Other,26-29,Other injury,Bicyclists
T20190007129,4/15/2019,6:27:00,1,Collision with vehicle,1,Monday,121,RIGHT THROUGH,2,675,2,0,1,0,1,2,1,1,Cross intersection,2,60,Arterial Other,30-39,Serious injury,Bicyclists
T20190007149,4/12/2019,16:50:00,1,Collision with vehicle,5,Friday,110,CROSS TRAFFIC(INTERSECTIONS ONLY),1,54011,2,0,0,1,1,2,2,1,Cross intersection,3,50,Local Road,30-39,Other injury,Bicyclists
T20190007195,4/16/2019,1:30:00,1,Collision with vehicle,3,Tuesday,110,CROSS TRAFFIC(INTERSECTIONS ONLY),3,46085,2,0,1,0,1,2,2,1,Cross intersection,2,80,Arterial Highway,16-17,Serious injury,Bicyclists
T20190007196,4/14/2019,14:00:00,1,Collision with vehicle,0,Sunday,163,VEHICLE STRIKES DOOR OF PARKED/STATIONARY VEHICLE,1,345267,2,0,0,1,2,3,2,5,Not at intersection,3,40,Arterial Other,30-39,Other injury,Bicyclists
T20190007203,4/16/2019,8:50:00,1,Collision with vehicle,3,Tuesday,113,RIGHT NEAR (INTERSECTIONS ONLY),1,49779,2,0,0,1,1,2,1,2,T intersection,3,60,Arterial Other,40-49,Other injury,Bicyclists
T20190007205,4/16/2019,7:40:00,1,Collision with vehicle,3,Tuesday,119,OTHER ADJACENT (INTERSECTIONS ONLY),1,58039,2,0,0,1,1,2,1,2,T intersection,3,40,Arterial Other,50-59,Other injury,Bicyclists
T20190007207,4/16/2019,7:40:00,1,Collision with vehicle,3,Tuesday,133,LANE SIDE SWIPE (VEHICLES IN PARALLEL LANES),1,36875,2,0,1,0,1,2,1,1,Cross intersection,2,60,Arterial Other,26-29,Serious injury,Bicyclists
T20190007209,4/16/2019,9:15:00,6,Vehicle overturned (no collision),2,Tuesday,174,OUT OF CONTROL ON CARRIAGEWAY (ON STRAIGHT),1,344377,1,0,0,1,0,1,1,2,T intersection,3,50,Local Road,50-59,Other injury,Bicyclists
T20190007230,3/26/2019,8:00:00,1,Collision with vehicle,3,Tuesday,163,VEHICLE STRIKES DOOR OF PARKED/STATIONARY VEHICLE,1,346110,2,0,0,1,1,2,2,5,Not at intersection,3,999,Arterial Other,22-25,Other injury,Bicyclists
T20190007271,4/17/2019,7:20:00,1,Collision with vehicle,3,Wednesday,150,HEAD ON(OVERTAKING),1,344285,2,0,0,1,1,2,1,5,Not at intersection,3,50,Local Road,26-29,Other injury,Bicyclists
T20190007273,4/17/2019,8:30:00,1,Collision with vehicle,4,Wednesday,113,RIGHT NEAR (INTERSECTIONS ONLY),1,344280,2,0,1,0,1,2,1,2,T intersection,2,60,Arterial Other,60-64,Serious injury,Bicyclists
T20190007326,4/17/2019,16:15:00,1,Collision with vehicle,4,Wednesday,152,PULLING OUT (OVERTAKING),1,40120,2,0,0,1,1,2,1,2,T intersection,3,60,Arterial Highway,50-59,Other injury,Bicyclists
T20190007330,4/12/2019,19:00:00,1,Collision with vehicle,5,Friday,135,LANE CHANGE LEFT (NOT OVERTAKING),2,37960,2,0,0,1,1,2,2,2,T intersection,3,60,Arterial Other,26-29,Other injury,Bicyclists
T20190007346,4/15/2019,9:00:00,1,Collision with vehicle,1,Monday,137,LEFT TURN SIDESWIPE,1,30939,2,0,0,1,0,1,2,1,Cross intersection,3,60,Arterial Highway,30-39,Other injury,Bicyclists
T20190007361,4/18/2019,7:00:00,1,Collision with vehicle,5,Thursday,153,CUTTING IN (OVERTAKING),2,345450,2,0,0,1,1,2,1,5,Not at intersection,3,80,Uknown,40-49,Other injury,Bicyclists
T20190007389,4/18/2019,12:20:00,1,Collision with vehicle,5,Thursday,113,RIGHT NEAR (INTERSECTIONS ONLY),1,345340,2,0,0,1,1,2,2,2,T intersection,3,50,Local Road,50-59,Other injury,Bicyclists
T20190007403,3/26/2019,16:15:00,8,No collision and no object struck,3,Tuesday,135,LANE CHANGE LEFT (NOT OVERTAKING),1,62763,2,0,1,0,0,1,2,2,T intersection,2,999,Local Road,60-64,Serious injury,Bicyclists
T20190007416,4/18/2019,22:18:00,1,Collision with vehicle,4,Thursday,133,LANE SIDE SWIPE (VEHICLES IN PARALLEL LANES),3,344659,2,0,0,1,0,1,1,5,Not at intersection,3,40,Local Road,22-25,Other injury,Bicyclists
T20190007417,4/18/2019,18:21:00,1,Collision with vehicle,5,Thursday,122,LEFT THROUGH,3,504,2,0,0,1,1,2,1,1,Cross intersection,3,80,Arterial Highway,40-49,Other injury,Bicyclists
T20190007423,4/18/2019,7:55:00,1,Collision with vehicle,4,Thursday,130,REAR END(VEHICLES IN SAME LANE),1,326901,2,0,0,1,1,2,1,5,Not at intersection,3,40,Local Road,50-59,Other injury,Bicyclists
T20190007440,4/16/2019,8:55:00,1,Collision with vehicle,3,Tuesday,163,VEHICLE STRIKES DOOR OF PARKED/STATIONARY VEHICLE,1,345658,2,0,0,1,2,3,2,5,Not at intersection,3,40,Local Road,30-39,Other injury,Bicyclists
T20190007460,4/19/2019,16:10:00,1,Collision with vehicle,5,Friday,121,RIGHT THROUGH,1,39181,2,0,1,0,1,2,2,2,T intersection,2,60,Arterial Other,65-69,Serious injury,Bicyclists
T20190007482,4/20/2019,6:45:00,1,Collision with vehicle,7,Saturday,110,CROSS TRAFFIC(INTERSECTIONS ONLY),2,244234,2,0,1,0,1,2,1,1,Cross intersection,2,80,Arterial Highway,50-59,Serious injury,Bicyclists
T20190007489,4/20/2019,11:05:00,5,collision with some other object,7,Saturday,173,RIGHT OFF CARRIAGEWAY INTO OBJECT/PARKED VEHICLE,1,344467,2,0,1,1,0,2,1,5,Not at intersection,2,30,Local Road,30-39,Other injury,Bicyclists
T20190007569,4/21/2019,12:50:00,1,Collision with vehicle,0,Sunday,121,RIGHT THROUGH,1,43172,2,0,0,1,1,2,2,2,T intersection,3,60,Arterial Highway,40-49,Other injury,Bicyclists
T20190007599,4/20/2019,14:30:00,1,Collision with vehicle,6,Saturday,130,REAR END(VEHICLES IN SAME LANE),1,347421,2,0,0,1,1,2,2,5,Not at intersection,3,50,Uknown,13-15,Other injury,Bicyclists
T20190007608,4/20/2019,9:45:00,1,Collision with vehicle,7,Saturday,137,LEFT TURN SIDESWIPE,1,39989,2,0,0,1,1,2,2,2,T intersection,3,60,Local Road,40-49,Other injury,Bicyclists
T20190007624,4/22/2019,21:15:00,1,Collision with vehicle,2,Monday,142,LEAVING PARKING,3,344673,2,0,0,1,1,2,2,2,T intersection,3,60,Arterial Other,30-39,Other injury,Bicyclists
T20190007639,4/23/2019,6:49:00,1,Collision with vehicle,3,Tuesday,121,RIGHT THROUGH,2,246030,2,0,1,0,1,2,1,2,T intersection,2,60,Arterial Other,40-49,Serious injury,Bicyclists
T20190007695,4/23/2019,18:00:00,6,Vehicle overturned (no collision),3,Tuesday,174,OUT OF CONTROL ON CARRIAGEWAY (ON STRAIGHT),2,345228,1,0,1,0,0,1,1,5,Not at intersection,2,100,Arterial Highway,70+,Serious injury,Bicyclists
T20190007728,4/24/2019,11:45:00,1,Collision with vehicle,3,Wednesday,163,VEHICLE STRIKES DOOR OF PARKED/STATIONARY VEHICLE,1,344581,2,0,0,1,0,1,1,2,T intersection,3,60,Local Road,65-69,Other injury,Bicyclists
T20190007741,4/24/2019,13:49:00,1,Collision with vehicle,4,Wednesday,110,CROSS TRAFFIC(INTERSECTIONS ONLY),1,39623,2,0,0,1,1,2,2,1,Cross intersection,3,50,Uknown,50-59,Other injury,Bicyclists
T20190007746,4/24/2019,14:30:00,1,Collision with vehicle,4,Wednesday,147,VEHICLE STRIKES ANOTHER VEH WHILE EMERGING FROM DRIVEWAY,1,344506,2,0,0,1,1,2,1,5,Not at intersection,3,40,Arterial Other,70+,Other injury,Bicyclists
T20190007775,4/24/2019,16:30:00,1,Collision with vehicle,4,Wednesday,116,LEFT NEAR (INTERSECTIONS ONLY),1,29493,2,0,0,1,1,2,2,2,T intersection,3,999,Arterial Other,40-49,Other injury,Bicyclists
T20190007791,4/25/2019,8:00:00,1,Collision with vehicle,5,Thursday,160,VEHICLE COLLIDES WITH VEHICLE PARKED ON LEFT OF ROAD,1,299325,2,0,0,1,0,1,2,5,Not at intersection,3,40,Local Road,22-25,Other injury,Bicyclists
T20190007808,4/23/2019,21:00:00,1,Collision with vehicle,3,Tuesday,132,RIGHT REAR.,2,35298,2,0,0,1,1,2,2,1,Cross intersection,3,60,Arterial Other,30-39,Other injury,Bicyclists
T20190007812,4/25/2019,12:30:00,1,Collision with vehicle,5,Thursday,120,HEAD ON (NOT OVERTAKING),1,123741,2,1,1,0,0,2,1,5,Not at intersection,1,60,Arterial Other,30-39,Fatality,Bicyclists
T20190007834,4/26/2019,6:05:00,1,Collision with vehicle,6,Friday,148,VEHICLE OFF FOOTPATH STRIKES VEH ON CARRIAGEWAY,3,392,2,0,1,0,3,4,1,2,T intersection,2,60,Arterial Other,40-49,Serious injury,Bicyclists
T20190007844,4/25/2019,11:04:00,1,Collision with vehicle,5,Thursday,130,REAR END(VEHICLES IN SAME LANE),1,344568,2,0,1,0,1,2,1,5,Not at intersection,2,60,Arterial Other,30-39,Serious injury,Bicyclists
T20190007881,4/26/2019,19:00:00,1,Collision with vehicle,5,Friday,121,RIGHT THROUGH,5,344585,2,0,1,0,1,2,2,2,T intersection,2,60,Local Road,16-17,Serious injury,Bicyclists
T20190007900,3/12/2019,18:50:00,1,Collision with vehicle,2,Tuesday,121,RIGHT THROUGH,3,37935,2,0,0,1,1,2,2,5,Not at intersection,3,40,Local Road,30-39,Other injury,Bicyclists
T20190007903,4/27/2019,6:40:00,1,Collision with vehicle,7,Saturday,130,REAR END(VEHICLES IN SAME LANE),1,29440,2,0,1,0,1,2,1,2,T intersection,2,40,Arterial Other,30-39,Serious injury,Bicyclists
T20190007919,4/27/2019,14:20:00,1,Collision with vehicle,7,Saturday,137,LEFT TURN SIDESWIPE,1,45465,2,0,0,1,1,2,2,2,T intersection,3,40,Arterial Other,50-59,Other injury,Bicyclists
T20190007979,4/11/2019,7:15:00,1,Collision with vehicle,4,Thursday,160,VEHICLE COLLIDES WITH VEHICLE PARKED ON LEFT OF ROAD,2,344715,2,0,0,1,0,1,2,5,Not at intersection,3,50,Local Road,30-39,Other injury,Bicyclists
T20190008018,4/29/2019,13:10:00,8,No collision and no object struck,2,Monday,182,OFF CARRIAGEWAY ON LEFT BEND,1,344710,2,0,0,1,0,1,1,5,Not at intersection,3,80,Uknown,50-59,Other injury,Bicyclists
T20190008027,4/29/2019,9:50:00,8,No collision and no object struck,2,Monday,174,OUT OF CONTROL ON CARRIAGEWAY (ON STRAIGHT),1,47097,1,0,1,0,0,1,1,2,T intersection,2,50,Local Road,40-49,Serious injury,Bicyclists
T20190008035,4/29/2019,19:00:00,1,Collision with vehicle,1,Monday,121,RIGHT THROUGH,6,44822,2,0,0,1,1,2,1,1,Cross intersection,3,60,Arterial Other,40-49,Other injury,Bicyclists
T20190008044,4/29/2019,15:10:00,1,Collision with vehicle,2,Monday,148,VEHICLE OFF FOOTPATH STRIKES VEH ON CARRIAGEWAY,1,907,2,0,0,1,1,2,2,2,T intersection,3,999,Arterial Highway,13-15,Other injury,Bicyclists
T20190008046,4/29/2019,20:50:00,1,Collision with vehicle,1,Monday,120,HEAD ON (NOT OVERTAKING),3,344671,2,0,1,0,1,2,1,5,Not at intersection,2,60,Arterial Other,40-49,Serious injury,Bicyclists
T20190008054,4/29/2019,22:00:00,1,Collision with vehicle,2,Monday,122,LEFT THROUGH,3,346059,2,0,1,0,1,2,1,2,T intersection,2,60,Arterial Other,40-49,Serious injury,Bicyclists
T20190008068,4/30/2019,9:32:00,1,Collision with vehicle,3,Tuesday,121,RIGHT THROUGH,1,42033,2,0,1,0,1,2,1,2,T intersection,2,60,Arterial Other,50-59,Serious injury,Bicyclists
T20190008077,4/23/2019,0:30:00,1,Collision with vehicle,2,Tuesday,130,REAR END(VEHICLES IN SAME LANE),3,49935,2,0,0,1,0,1,2,1,Cross intersection,3,70,Arterial Highway,30-39,Other injury,Bicyclists
T20190008082,4/27/2019,15:20:00,1,Collision with vehicle,7,Saturday,130,REAR END(VEHICLES IN SAME LANE),1,306534,2,0,0,1,1,2,2,2,T intersection,3,40,Uknown,50-59,Other injury,Bicyclists
T20190008098,4/30/2019,9:00:00,1,Collision with vehicle,3,Tuesday,110,CROSS TRAFFIC(INTERSECTIONS ONLY),1,36046,2,0,0,1,1,2,2,1,Cross intersection,3,40,Local Road,22-25,Other injury,Bicyclists
T20190008104,4/30/2019,15:30:00,1,Collision with vehicle,2,Tuesday,110,CROSS TRAFFIC(INTERSECTIONS ONLY),1,345717,2,0,0,1,1,2,1,1,Cross intersection,3,50,Local Road,45424,Other injury,Bicyclists
T20190008148,4/30/2019,16:30:00,1,Collision with vehicle,3,Tuesday,163,VEHICLE STRIKES DOOR OF PARKED/STATIONARY VEHICLE,1,345580,2,0,0,1,2,3,2,5,Not at intersection,3,999,Local Road,30-39,Other injury,Bicyclists
T20190008175,5/21/2018,17:40:00,7,Fall from or in moving vehicle,2,Monday,179,OTHER ACCIDENTS-OFF STRAIGHT NOT INCLUDED IN DCAs 170-175,6,47012,2,0,0,1,1,2,2,2,T intersection,3,60,Local Road,40-49,Other injury,Bicyclists
T20190008198,5/1/2019,15:50:00,1,Collision with vehicle,4,Wednesday,119,OTHER ADJACENT (INTERSECTIONS ONLY),1,344777,2,0,0,1,1,2,1,2,T intersection,3,50,Local Road,45424,Other injury,Bicyclists
T20190008228,5/2/2019,9:45:00,1,Collision with vehicle,5,Thursday,113,RIGHT NEAR (INTERSECTIONS ONLY),1,74145,2,0,0,1,1,2,1,2,T intersection,3,50,Arterial Other,70+,Other injury,Bicyclists
T20190008258,5/2/2019,15:20:00,1,Collision with vehicle,5,Thursday,130,REAR END(VEHICLES IN SAME LANE),1,347970,2,0,0,1,0,1,2,5,Not at intersection,3,50,Uknown,16-17,Other injury,Bicyclists
T20190008285,5/3/2019,6:35:00,1,Collision with vehicle,6,Friday,147,VEHICLE STRIKES ANOTHER VEH WHILE EMERGING FROM DRIVEWAY,2,344984,2,0,1,0,1,2,1,5,Not at intersection,2,60,Arterial Other,26-29,Serious injury,Bicyclists
T20190008288,5/3/2019,8:10:00,1,Collision with vehicle,5,Friday,135,LANE CHANGE LEFT (NOT OVERTAKING),1,294885,2,0,0,1,1,2,1,5,Not at intersection,3,60,Arterial Other,26-29,Other injury,Bicyclists
T20190008328,4/25/2019,8:30:00,1,Collision with vehicle,4,Thursday,110,CROSS TRAFFIC(INTERSECTIONS ONLY),1,345914,2,0,0,1,1,2,2,1,Cross intersection,3,50,Arterial Highway,70+,Other injury,Bicyclists
T20190008333,5/3/2019,17:35:00,1,Collision with vehicle,5,Friday,121,RIGHT THROUGH,2,42073,3,0,1,0,2,3,1,2,T intersection,2,60,Arterial Other,40-49,Serious injury,Bicyclists
T20190008334,5/3/2019,15:35:00,1,Collision with vehicle,5,Friday,163,VEHICLE STRIKES DOOR OF PARKED/STATIONARY VEHICLE,1,344898,2,0,0,2,0,2,2,5,Not at intersection,3,60,Arterial Other,13-15,Other injury,Bicyclists
T20190008375,4/22/2019,21:00:00,1,Collision with vehicle,2,Monday,137,LEFT TURN SIDESWIPE,3,36166,2,0,0,1,1,2,2,1,Cross intersection,3,40,Local Road,26-29,Other injury,Bicyclists
T20190008379,4/25/2019,16:30:00,1,Collision with vehicle,5,Thursday,137,LEFT TURN SIDESWIPE,1,36135,2,0,0,1,1,2,2,2,T intersection,3,40,Local Road,30-39,Other injury,Bicyclists
T20190008391,5/4/2019,12:10:00,1,Collision with vehicle,7,Saturday,110,CROSS TRAFFIC(INTERSECTIONS ONLY),1,340350,2,0,0,1,1,2,1,1,Cross intersection,3,60,Arterial Highway,30-39,Other injury,Bicyclists
T20190008397,5/3/2019,17:06:00,1,Collision with vehicle,6,Friday,121,RIGHT THROUGH,1,37525,2,0,0,1,1,2,1,2,T intersection,3,60,Arterial Other,30-39,Other injury,Bicyclists
T20190008418,5/4/2019,18:15:00,1,Collision with vehicle,7,Saturday,119,OTHER ADJACENT (INTERSECTIONS ONLY),3,17841,2,0,1,0,1,2,1,2,T intersection,2,50,Local Road,50-59,Serious injury,Bicyclists
T20190008421,5/4/2019,19:00:00,1,Collision with vehicle,7,Saturday,140,U TURN,3,129748,2,0,0,1,1,2,1,5,Not at intersection,3,50,Local Road,26-29,Other injury,Bicyclists
T20190008436,5/3/2019,9:50:00,1,Collision with vehicle,6,Friday,135,LANE CHANGE LEFT (NOT OVERTAKING),1,238,2,0,1,0,1,2,1,1,Cross intersection,2,40,Local Road,40-49,Serious injury,Bicyclists
T20190008470,5/5/2019,16:45:00,1,Collision with vehicle,1,Sunday,110,CROSS TRAFFIC(INTERSECTIONS ONLY),1,346936,2,0,1,0,1,2,1,1,Cross intersection,2,50,Local Road,16-17,Serious injury,Bicyclists
T20190008515,4/30/2019,19:00:00,1,Collision with vehicle,2,Tuesday,160,VEHICLE COLLIDES WITH VEHICLE PARKED ON LEFT OF ROAD,3,344954,2,0,0,1,0,1,2,5,Not at intersection,3,60,Uknown,Unknown,Other injury,Bicyclists
T20190008526,4/29/2019,8:30:00,1,Collision with vehicle,2,Monday,147,VEHICLE STRIKES ANOTHER VEH WHILE EMERGING FROM DRIVEWAY,1,345005,2,0,0,1,1,2,2,5,Not at intersection,3,999,Arterial Other,13-15,Other injury,Bicyclists
T20190008559,5/7/2019,6:45:00,1,Collision with vehicle,3,Tuesday,113,RIGHT NEAR (INTERSECTIONS ONLY),1,232994,3,0,1,1,1,3,1,2,T intersection,2,60,Arterial Other,40-49,Serious injury,Bicyclists
T20190008562,5/7/2019,8:19:00,1,Collision with vehicle,2,Tuesday,133,LANE SIDE SWIPE (VEHICLES IN PARALLEL LANES),1,344948,3,0,0,1,2,3,1,2,T intersection,3,60,Arterial Highway,30-39,Other injury,Bicyclists
T20190008579,5/7/2019,8:31:00,1,Collision with vehicle,3,Tuesday,119,OTHER ADJACENT (INTERSECTIONS ONLY),1,17628,2,0,0,1,1,2,1,1,Cross intersection,3,50,Local Road,40-49,Other injury,Bicyclists
T20190008603,5/7/2019,15:40:00,1,Collision with vehicle,3,Tuesday,148,VEHICLE OFF FOOTPATH STRIKES VEH ON CARRIAGEWAY,1,588956,2,0,0,1,1,2,1,5,Not at intersection,3,50,Arterial Highway,45424,Other injury,Bicyclists
T20190008611,5/7/2019,17:39:00,1,Collision with vehicle,3,Tuesday,140,U TURN,2,344951,3,0,1,1,1,3,1,2,T intersection,2,80,Arterial Highway,50-59,Serious injury,Bicyclists
T20190008617,5/7/2019,18:30:00,1,Collision with vehicle,2,Tuesday,113,RIGHT NEAR (INTERSECTIONS ONLY),3,68182,2,0,0,1,1,2,1,2,T intersection,3,50,Local Road,30-39,Other injury,Bicyclists
T20190008645,5/8/2019,5:40:00,1,Collision with vehicle,4,Wednesday,130,REAR END(VEHICLES IN SAME LANE),3,345685,2,0,1,0,1,2,1,1,Cross intersection,2,60,Arterial Highway,65-69,Serious injury,Bicyclists
T20190008669,7/12/2018,14:43:00,1,Collision with vehicle,5,Thursday,147,VEHICLE STRIKES ANOTHER VEH WHILE EMERGING FROM DRIVEWAY,1,344974,2,0,0,1,1,2,1,5,Not at intersection,3,80,Arterial Highway,65-69,Other injury,Bicyclists
T20190008685,5/8/2019,10:50:00,1,Collision with vehicle,4,Wednesday,137,LEFT TURN SIDESWIPE,1,46509,2,0,0,1,1,2,2,2,T intersection,3,40,Local Road,50-59,Other injury,Bicyclists
T20190008713,5/9/2019,6:45:00,1,Collision with vehicle,5,Thursday,160,VEHICLE COLLIDES WITH VEHICLE PARKED ON LEFT OF ROAD,3,90087,2,0,1,0,0,1,1,5,Not at intersection,2,70,Arterial Other,50-59,Serious injury,Bicyclists
T20190008739,5/9/2019,8:45:00,1,Collision with vehicle,5,Thursday,133,LANE SIDE SWIPE (VEHICLES IN PARALLEL LANES),1,345314,2,0,0,1,1,2,2,5,Not at intersection,3,60,Arterial Other,13-15,Other injury,Bicyclists
T20190008754,5/9/2019,18:30:00,1,Collision with vehicle,4,Thursday,121,RIGHT THROUGH,3,68777,2,0,0,1,1,2,1,1,Cross intersection,3,999,Arterial Other,30-39,Other injury,Bicyclists
T20190008755,5/9/2019,17:20:00,1,Collision with vehicle,5,Thursday,121,RIGHT THROUGH,2,65471,2,0,1,0,1,2,1,1,Cross intersection,2,50,Local Road,26-29,Serious injury,Bicyclists
T20190008790,5/8/2019,15:45:00,1,Collision with vehicle,3,Wednesday,133,LANE SIDE SWIPE (VEHICLES IN PARALLEL LANES),1,35383,2,0,0,1,1,2,2,1,Cross intersection,3,40,Arterial Other,50-59,Other injury,Bicyclists
T20190008804,5/9/2019,18:30:00,1,Collision with vehicle,5,Thursday,163,VEHICLE STRIKES DOOR OF PARKED/STATIONARY VEHICLE,6,345344,2,0,1,0,1,2,2,5,Not at intersection,2,40,Arterial Other,40-49,Serious injury,Bicyclists
T20190008812,4/25/2019,17:00:00,1,Collision with vehicle,5,Thursday,163,VEHICLE STRIKES DOOR OF PARKED/STATIONARY VEHICLE,9,233,2,0,0,1,2,3,2,5,Not at intersection,3,40,Local Road,30-39,Other injury,Bicyclists
T20190008831,5/10/2019,17:00:00,1,Collision with vehicle,6,Friday,119,OTHER ADJACENT (INTERSECTIONS ONLY),2,43481,2,0,0,1,2,3,2,1,Cross intersection,3,50,Local Road,30-39,Other injury,Bicyclists
T20190008859,5/11/2019,11:10:00,1,Collision with vehicle,6,Saturday,113,RIGHT NEAR (INTERSECTIONS ONLY),1,72790,2,0,1,0,1,2,1,2,T intersection,2,80,Arterial Other,40-49,Serious injury,Bicyclists
T20190008861,5/11/2019,9:00:00,1,Collision with vehicle,7,Saturday,160,VEHICLE COLLIDES WITH VEHICLE PARKED ON LEFT OF ROAD,1,345090,2,0,1,0,0,1,1,5,Not at intersection,2,60,Local Road,50-59,Serious injury,Bicyclists
T20190008862,5/9/2019,9:20:00,1,Collision with vehicle,5,Thursday,163,VEHICLE STRIKES DOOR OF PARKED/STATIONARY VEHICLE,1,581376,2,0,0,1,2,3,2,9,Unknown,3,40,Local Road,18-21,Other injury,Bicyclists