ACCIDENT_NO,ACCIDENT_DATE,ACCIDENT_TIME,ACCIDENT_TYPE,ACCIDENT_TYPE_DESC,DAY_OF_WEEK,DAY_WEEK_DESC,DCA_CODE,DCA_DESC,LIGHT_CONDITION,NODE_ID,NO_OF_VEHICLES,NO_PERSONS_KILLED,NO_PERSONS_INJ_2,NO_PERSONS_INJ_3,NO_PERSONS_NOT_INJ,NO_PERSONS,POLICE_ATTEND,ROAD_GEOMETRY,ROAD_GEOMETRY_DESC,SEVERITY,SPEED_ZONE,RMA,AGE_GROUP,INJ_LEVEL,ROAD_USER_TYPE_DESC
T20190008868,5/11/2019,12:35:00,1,Collision with vehicle,6,Saturday,163,VEHICLE STRIKES DOOR OF PARKED/STATIONARY VEHICLE,1,345022,2,0,0,1,1,2,1,2,T intersection,3,60,Arterial Other,40-49,Other injury,Bicyclists
T20190008876,5/11/2019,9:25:00,1,Collision with vehicle,7,Saturday,150,HEAD ON(OVERTAKING),1,345293,10,0,1,3,7,11,1,5,Not at intersection,2,100,Local Road,60-64,Serious injury,Bicyclists
T20190008896,3/16/2019,20:30:00,2,Struck Pedestrian,6,Saturday,100,PED NEAR SIDE. PED HIT BY VEHICLE FROM THE RIGHT.,3,37316,1,0,0,1,1,2,1,1,Cross intersection,3,60,Arterial Other,30-39,Not injured,Bicyclists
T20190008923,5/12/2019,9:30:00,1,Collision with vehicle,1,Sunday,163,VEHICLE STRIKES DOOR OF PARKED/STATIONARY VEHICLE,9,345052,2,0,0,1,1,2,2,5,Not at intersection,3,40,Arterial Other,22-25,Other injury,Bicyclists
T20190008981,5/13/2019,8:09:00,1,Collision with vehicle,1,Monday,110,CROSS TRAFFIC(INTERSECTIONS ONLY),1,45520,2,0,0,1,1,2,1,1,Cross intersection,3,60,Uknown,45424,Other injury,Bicyclists
T20190009015,5/13/2019,15:30:00,1,Collision with vehicle,2,Monday,110,CROSS TRAFFIC(INTERSECTIONS ONLY),1,63356,2,0,0,1,1,2,2,1,Cross intersection,3,50,Local Road,18-21,Other injury,Bicyclists
T20190009046,5/14/2019,10:00:00,1,Collision with vehicle,3,Tuesday,116,LEFT NEAR (INTERSECTIONS ONLY),1,68714,2,0,1,0,1,2,2,1,Cross intersection,2,999,Local Road,70+,Serious injury,Bicyclists
T20190009071,5/14/2019,16:35:00,1,Collision with vehicle,3,Tuesday,121,RIGHT THROUGH,1,67884,2,0,1,0,1,2,1,2,T intersection,2,60,Arterial Other,30-39,Serious injury,Bicyclists
T20190009103,5/15/2019,8:00:00,1,Collision with vehicle,4,Wednesday,148,VEHICLE OFF FOOTPATH STRIKES VEH ON CARRIAGEWAY,1,10752,2,0,0,1,1,2,1,4,Multiple intersection,3,60,Freeway,22-25,Other injury,Bicyclists
T20190009120,5/15/2019,15:47:00,1,Collision with vehicle,4,Wednesday,140,U TURN,1,345290,2,0,1,0,1,2,1,5,Not at intersection,2,50,Local Road,50-59,Serious injury,Bicyclists
T20190009133,5/15/2019,18:00:00,1,Collision with vehicle,4,Wednesday,116,LEFT NEAR (INTERSECTIONS ONLY),3,51735,2,0,1,0,1,2,1,2,T intersection,2,60,Arterial Highway,70+,Serious injury,Bicyclists
T20190009139,3/21/2019,6:00:00,1,Collision with vehicle,5,Thursday,130,REAR END(VEHICLES IN SAME LANE),3,345676,2,0,0,1,0,1,2,5,Not at intersection,3,50,Local Road,40-49,Other injury,Bicyclists
T20190009153,5/15/2019,16:50:00,1,Collision with vehicle,4,Wednesday,121,RIGHT THROUGH,1,29938,2,0,1,0,1,2,1,1,Cross intersection,2,60,Arterial Highway,40-49,Serious injury,Bicyclists
T20190009199,5/15/2019,18:15:00,1,Collision with vehicle,3,Wednesday,121,RIGHT THROUGH,3,42707,2,0,1,0,1,2,1,2,T intersection,2,60,Local Road,30-39,Serious injury,Bicyclists
T20190009236,1/16/2019,10:30:00,1,Collision with vehicle,4,Wednesday,120,HEAD ON (NOT OVERTAKING),1,219816,2,0,0,1,1,2,1,5,Not at intersection,3,60,Uknown,22-25,Not injured,Bicyclists
T20190009249,5/17/2019,12:20:00,1,Collision with vehicle,6,Friday,123,RIGHT/LEFT. ONE VEH TURNING RIGHT THE OTHER LEFT.,1,345590,2,0,0,1,2,3,1,2,T intersection,3,60,Local Road,65-69,Other injury,Bicyclists
T20190009256,5/17/2019,13:00:00,1,Collision with vehicle,5,Friday,114,TWO RIGHT TURNING (INTERSECTIONS ONLY),1,29533,2,0,1,0,1,2,1,2,T intersection,2,60,Arterial Other,30-39,Serious injury,Bicyclists
T20190009281,5/17/2019,16:20:00,1,Collision with vehicle,6,Friday,110,CROSS TRAFFIC(INTERSECTIONS ONLY),1,73552,2,0,1,0,1,2,1,1,Cross intersection,2,50,Local Road,60-64,Serious injury,Bicyclists
T20190009285,5/15/2019,19:30:00,1,Collision with vehicle,4,Wednesday,130,REAR END(VEHICLES IN SAME LANE),1,604763,2,0,1,0,2,3,2,5,Not at intersection,2,40,Local Road,22-25,Serious injury,Bicyclists
T20190009321,5/17/2019,18:00:00,1,Collision with vehicle,6,Friday,163,VEHICLE STRIKES DOOR OF PARKED/STATIONARY VEHICLE,9,345796,2,0,0,1,2,3,2,5,Not at intersection,3,40,Local Road,40-49,Other injury,Bicyclists
T20190009322,5/18/2019,14:01:00,1,Collision with vehicle,6,Saturday,121,RIGHT THROUGH,1,691271,2,0,1,0,1,2,1,5,Not at intersection,2,50,Local Road,50-59,Serious injury,Bicyclists
T20190009336,5/18/2019,8:45:00,1,Collision with vehicle,7,Saturday,116,LEFT NEAR (INTERSECTIONS ONLY),1,37188,2,0,0,1,1,2,2,2,T intersection,3,50,Arterial Other,30-39,Other injury,Bicyclists
T20190009382,5/19/2019,11:00:00,1,Collision with vehicle,1,Sunday,148,VEHICLE OFF FOOTPATH STRIKES VEH ON CARRIAGEWAY,1,269016,2,0,0,1,1,2,1,5,Not at intersection,3,60,Arterial Other,45424,Other injury,Bicyclists
T20190009383,5/19/2019,10:30:00,1,Collision with vehicle,0,Sunday,114,TWO RIGHT TURNING (INTERSECTIONS ONLY),1,56265,2,0,1,0,1,2,1,2,T intersection,2,50,Local Road,40-49,Serious injury,Bicyclists
T20190009394,5/19/2019,12:30:00,1,Collision with vehicle,1,Sunday,149,OTHER MANOEUVRING NOT INCLUDED IN DCAs 140-148,1,346017,2,0,0,1,1,2,1,2,T intersection,3,60,Arterial Other,26-29,Other injury,Bicyclists
T20190009399,5/19/2019,14:50:00,1,Collision with vehicle,1,Sunday,110,CROSS TRAFFIC(INTERSECTIONS ONLY),1,974,2,0,0,1,1,2,2,1,Cross intersection,3,60,Local Road,50-59,Other injury,Bicyclists
T20190009416,5/19/2019,15:30:00,1,Collision with vehicle,1,Sunday,163,VEHICLE STRIKES DOOR OF PARKED/STATIONARY VEHICLE,1,345440,2,0,0,1,1,2,1,5,Not at intersection,3,40,Local Road,50-59,Other injury,Bicyclists
T20190009438,5/20/2019,8:30:00,8,No collision and no object struck,2,Monday,174,OUT OF CONTROL ON CARRIAGEWAY (ON STRAIGHT),1,45631,2,0,0,1,1,2,1,2,T intersection,3,50,Local Road,26-29,Other injury,Bicyclists
T20190009440,5/20/2019,8:05:00,1,Collision with vehicle,2,Monday,121,RIGHT THROUGH,1,345328,2,0,1,0,1,2,1,5,Not at intersection,2,60,Arterial Other,60-64,Serious injury,Bicyclists
T20190009452,5/19/2019,8:34:00,1,Collision with vehicle,1,Sunday,110,CROSS TRAFFIC(INTERSECTIONS ONLY),1,58045,2,0,0,1,1,2,1,1,Cross intersection,3,60,Uknown,26-29,Other injury,Bicyclists
T20190009502,5/20/2019,9:10:00,1,Collision with vehicle,2,Monday,137,LEFT TURN SIDESWIPE,1,119,2,0,0,1,1,2,2,4,Multiple intersection,3,60,Arterial Other,40-49,Other injury,Bicyclists
T20190009535,5/21/2019,16:10:00,1,Collision with vehicle,3,Tuesday,147,VEHICLE STRIKES ANOTHER VEH WHILE EMERGING FROM DRIVEWAY,1,345397,2,0,1,0,1,2,1,5,Not at intersection,2,50,Local Road,45424,Serious injury,Bicyclists
T20190009559,5/16/2019,13:20:00,1,Collision with vehicle,4,Thursday,147,VEHICLE STRIKES ANOTHER VEH WHILE EMERGING FROM DRIVEWAY,1,346707,2,0,0,1,1,2,2,5,Not at intersection,3,60,Arterial Other,22-25,Other injury,Bicyclists
T20190009563,5/22/2019,7:01:00,1,Collision with vehicle,4,Wednesday,148,VEHICLE OFF FOOTPATH STRIKES VEH ON CARRIAGEWAY,1,345649,2,0,1,0,2,3,1,5,Not at intersection,2,60,Local Road,13-15,Serious injury,Bicyclists
T20190009566,5/22/2019,7:45:00,1,Collision with vehicle,3,Wednesday,110,CROSS TRAFFIC(INTERSECTIONS ONLY),1,48060,2,0,0,1,1,2,1,1,Cross intersection,3,50,Local Road,40-49,Other injury,Bicyclists
T20190009579,5/21/2019,17:30:00,1,Collision with vehicle,3,Tuesday,121,RIGHT THROUGH,6,37914,2,0,0,1,1,2,2,1,Cross intersection,3,50,Uknown,30-39,Other injury,Bicyclists
T20190009612,5/6/2019,8:30:00,1,Collision with vehicle,2,Monday,145,REVERSING IN STREAM OF TRAFFIC,1,345902,2,0,0,1,1,2,1,2,T intersection,3,50,Local Road,50-59,Other injury,Bicyclists
T20190009625,5/22/2019,18:14:00,2,Struck Pedestrian,4,Wednesday,101,PED EMERGES FROM IN FRONT OF PARKED OR STATIONARY VEHICLE,3,345506,1,0,0,1,1,2,1,5,Not at intersection,3,60,Arterial Other,40-49,Other injury,Bicyclists
T20190009719,5/23/2019,9:15:00,1,Collision with vehicle,4,Thursday,116,LEFT NEAR (INTERSECTIONS ONLY),1,711,2,0,0,1,1,2,2,2,T intersection,3,999,Arterial Other,26-29,Other injury,Bicyclists
T20190009736,5/23/2019,16:30:00,1,Collision with vehicle,5,Thursday,110,CROSS TRAFFIC(INTERSECTIONS ONLY),1,50594,2,0,1,0,1,2,1,1,Cross intersection,2,50,Local Road,70+,Serious injury,Bicyclists
T20190009740,5/17/2019,9:00:00,1,Collision with vehicle,6,Friday,130,REAR END(VEHICLES IN SAME LANE),9,39290,2,0,1,0,1,2,2,1,Cross intersection,2,999,Local Road,40-49,Serious injury,Bicyclists
T20190009742,5/23/2019,11:55:00,1,Collision with vehicle,4,Thursday,110,CROSS TRAFFIC(INTERSECTIONS ONLY),1,350146,2,0,0,1,1,2,2,1,Cross intersection,3,60,Arterial Other,18-21,Other injury,Bicyclists
T20190009746,5/24/2019,13:15:00,1,Collision with vehicle,5,Friday,110,CROSS TRAFFIC(INTERSECTIONS ONLY),1,37572,2,0,0,1,1,2,2,4,Multiple intersection,3,60,Local Road,26-29,Other injury,Bicyclists
T20190009767,5/21/2019,17:20:00,1,Collision with vehicle,3,Tuesday,137,LEFT TURN SIDESWIPE,9,37064,2,0,0,1,1,2,2,1,Cross intersection,3,999,Arterial Highway,26-29,Other injury,Bicyclists
T20190009769,5/23/2019,9:15:00,1,Collision with vehicle,5,Thursday,163,VEHICLE STRIKES DOOR OF PARKED/STATIONARY VEHICLE,1,345652,2,0,0,2,0,2,2,5,Not at intersection,3,888,Arterial Other,26-29,Other injury,Bicyclists
T20190009776,5/25/2019,7:00:00,1,Collision with vehicle,7,Saturday,121,RIGHT THROUGH,2,68486,2,0,1,0,1,2,1,2,T intersection,2,60,Arterial Other,40-49,Serious injury,Bicyclists
T20190009841,5/26/2019,9:45:00,1,Collision with vehicle,0,Sunday,142,LEAVING PARKING,1,345514,2,0,1,0,1,2,1,5,Not at intersection,2,40,Arterial Other,30-39,Serious injury,Bicyclists
T20190009853,5/26/2019,9:32:00,1,Collision with vehicle,1,Sunday,152,PULLING OUT (OVERTAKING),1,271451,2,0,1,0,1,2,1,2,T intersection,2,50,Local Road,40-49,Serious injury,Bicyclists
T20190009863,5/26/2019,8:00:00,1,Collision with vehicle,0,Sunday,110,CROSS TRAFFIC(INTERSECTIONS ONLY),1,45088,2,0,0,1,1,2,2,1,Cross intersection,3,50,Local Road,50-59,Not injured,Drivers
T20190009883,5/26/2019,19:30:00,1,Collision with vehicle,0,Sunday,143,ENTERING PARKING,9,633850,2,0,0,1,1,2,2,5,Not at intersection,3,999,Local Road,26-29,Other injury,Bicyclists
T20190009938,5/27/2019,17:40:00,1,Collision with vehicle,2,Monday,110,CROSS TRAFFIC(INTERSECTIONS ONLY),2,44859,2,0,0,1,1,2,1,1,Cross intersection,3,40,Local Road,26-29,Other injury,Bicyclists
T20190009940,5/27/2019,17:00:00,1,Collision with vehicle,1,Monday,110,CROSS TRAFFIC(INTERSECTIONS ONLY),2,45317,2,0,0,1,1,2,1,1,Cross intersection,3,60,Arterial Other,30-39,Other injury,Bicyclists
T20190009964,5/20/2019,8:55:00,1,Collision with vehicle,1,Monday,163,VEHICLE STRIKES DOOR OF PARKED/STATIONARY VEHICLE,1,346574,3,0,0,1,2,3,2,5,Not at intersection,3,40,Arterial Other,30-39,Other injury,Bicyclists
T20190010019,5/28/2019,17:40:00,1,Collision with vehicle,3,Tuesday,147,VEHICLE STRIKES ANOTHER VEH WHILE EMERGING FROM DRIVEWAY,3,345698,2,0,0,1,1,2,1,5,Not at intersection,3,50,Local Road,13-15,Other injury,Bicyclists
T20190010021,2/8/2019,17:30:00,1,Collision with vehicle,5,Friday,116,LEFT NEAR (INTERSECTIONS ONLY),9,116,2,0,0,1,1,2,2,1,Cross intersection,3,50,Local Road,18-21,Other injury,Bicyclists
T20190010043,5/29/2019,8:30:00,1,Collision with vehicle,4,Wednesday,113,RIGHT NEAR (INTERSECTIONS ONLY),1,36051,2,0,1,0,1,2,1,2,T intersection,2,50,Local Road,70+,Serious injury,Bicyclists
T20190010046,5/29/2019,7:48:00,1,Collision with vehicle,4,Wednesday,110,CROSS TRAFFIC(INTERSECTIONS ONLY),1,40086,2,0,1,0,1,2,1,1,Cross intersection,2,60,Arterial Other,60-64,Serious injury,Bicyclists
T20190010056,5/27/2019,16:20:00,1,Collision with vehicle,2,Monday,147,VEHICLE STRIKES ANOTHER VEH WHILE EMERGING FROM DRIVEWAY,1,350292,2,0,0,1,1,2,1,2,T intersection,3,888,Arterial Other,30-39,Other injury,Bicyclists
T20190010064,5/25/2019,11:00:00,1,Collision with vehicle,7,Saturday,163,VEHICLE STRIKES DOOR OF PARKED/STATIONARY VEHICLE,1,590235,2,0,1,0,2,3,2,5,Not at intersection,2,999,Arterial Highway,50-59,Serious injury,Bicyclists
T20190010104,5/29/2019,14:55:00,2,Struck Pedestrian,4,Wednesday,102,FAR SIDE. PED HIT BY VEHICLE FROM THE LEFT,1,38778,2,0,0,1,3,4,1,1,Cross intersection,3,60,Local Road,26-29,Not injured,Drivers
T20190010117,5/28/2019,18:51:00,6,Vehicle overturned (no collision),3,Tuesday,174,OUT OF CONTROL ON CARRIAGEWAY (ON STRAIGHT),3,345703,2,0,1,0,1,2,1,5,Not at intersection,2,40,Local Road,30-39,Serious injury,Bicyclists
T20190010214,5/31/2019,7:45:00,1,Collision with vehicle,6,Friday,110,CROSS TRAFFIC(INTERSECTIONS ONLY),1,35989,2,0,1,0,1,2,1,1,Cross intersection,2,40,Local Road,26-29,Serious injury,Bicyclists
T20190010225,5/31/2019,17:15:00,1,Collision with vehicle,6,Friday,147,VEHICLE STRIKES ANOTHER VEH WHILE EMERGING FROM DRIVEWAY,3,345719,2,0,0,1,1,2,1,5,Not at intersection,3,888,Local Road,40-49,Other injury,Bicyclists
T20190010241,5/31/2019,17:49:00,1,Collision with vehicle,6,Friday,148,VEHICLE OFF FOOTPATH STRIKES VEH ON CARRIAGEWAY,1,301553,2,0,0,2,0,2,2,1,Cross intersection,3,60,Local Road,40-49,Other injury,Bicyclists
T20190010255,6/1/2019,9:15:00,1,Collision with vehicle,7,Saturday,113,RIGHT NEAR (INTERSECTIONS ONLY),1,50232,2,0,1,0,1,2,1,1,Cross intersection,2,60,Arterial Other,65-69,Serious injury,Bicyclists
T20190010268,6/1/2019,12:49:00,1,Collision with vehicle,7,Saturday,110,CROSS TRAFFIC(INTERSECTIONS ONLY),1,48054,2,0,1,0,1,2,1,1,Cross intersection,2,50,Local Road,30-39,Serious injury,Bicyclists
T20190010282,6/1/2019,17:10:00,1,Collision with vehicle,7,Saturday,110,CROSS TRAFFIC(INTERSECTIONS ONLY),2,50330,2,0,0,1,1,2,1,1,Cross intersection,3,50,Local Road,30-39,Other injury,Bicyclists
T20190010303,6/1/2019,17:00:00,8,No collision and no object struck,7,Saturday,170,OFF CARRIAGEWAY TO LEFT,2,-1,2,0,0,1,1,2,2,5,Not at intersection,3,999,Uknown,30-39,Other injury,Bicyclists
T20190010339,5/31/2019,18:40:00,1,Collision with vehicle,5,Friday,140,U TURN,3,345720,2,0,0,1,1,2,2,2,T intersection,3,50,Local Road,22-25,Other injury,Bicyclists
T20190010355,6/2/2019,1:20:00,1,Collision with vehicle,1,Sunday,163,VEHICLE STRIKES DOOR OF PARKED/STATIONARY VEHICLE,6,346738,2,0,0,1,0,1,2,5,Not at intersection,3,40,Local Road,18-21,Other injury,Bicyclists
T20190010363,5/17/2019,8:45:00,8,No collision and no object struck,6,Friday,170,OFF CARRIAGEWAY TO LEFT,1,45631,2,0,0,1,0,1,2,2,T intersection,3,999,Local Road,22-25,Other injury,Bicyclists
T20190010464,6/4/2019,9:30:00,1,Collision with vehicle,3,Tuesday,133,LANE SIDE SWIPE (VEHICLES IN PARALLEL LANES),1,590718,2,0,1,0,1,2,1,5,Not at intersection,2,50,Uknown,65-69,Serious injury,Bicyclists
T20190010475,6/4/2019,16:25:00,1,Collision with vehicle,2,Tuesday,135,LANE CHANGE LEFT (NOT OVERTAKING),1,590719,2,0,1,0,1,2,1,4,Multiple intersection,2,60,Arterial Other,30-39,Serious injury,Bicyclists
T20190010510,5/31/2019,19:00:00,8,No collision and no object struck,6,Friday,174,OUT OF CONTROL ON CARRIAGEWAY (ON STRAIGHT),3,345837,1,0,0,1,0,1,2,5,Not at intersection,3,60,Arterial Other,30-39,Other injury,Bicyclists
T20190010551,6/5/2019,15:50:00,1,Collision with vehicle,4,Wednesday,121,RIGHT THROUGH,1,346568,2,0,1,0,1,2,1,5,Not at intersection,2,50,Local Road,30-39,Serious injury,Bicyclists
T20190010573,6/5/2019,19:20:00,1,Collision with vehicle,4,Wednesday,148,VEHICLE OFF FOOTPATH STRIKES VEH ON CARRIAGEWAY,3,37900,2,0,0,1,1,2,1,5,Not at intersection,3,999,Arterial Highway,30-39,Other injury,Bicyclists
T20190010574,6/5/2019,15:33:00,1,Collision with vehicle,4,Wednesday,148,VEHICLE OFF FOOTPATH STRIKES VEH ON CARRIAGEWAY,1,350534,2,0,0,1,1,2,1,4,Multiple intersection,3,60,Freeway,30-39,Other injury,Bicyclists
T20190010650,5/20/2019,7:00:00,1,Collision with vehicle,1,Monday,148,VEHICLE OFF FOOTPATH STRIKES VEH ON CARRIAGEWAY,3,44688,2,0,0,1,1,2,2,2,T intersection,3,999,Arterial Highway,50-59,Other injury,Bicyclists
T20190010677,6/7/2019,12:11:00,1,Collision with vehicle,6,Friday,110,CROSS TRAFFIC(INTERSECTIONS ONLY),1,51705,2,1,0,0,1,2,1,1,Cross intersection,1,60,Arterial Other,18-21,Fatality,Bicyclists
T20190010686,6/7/2019,18:00:00,1,Collision with vehicle,6,Friday,148,VEHICLE OFF FOOTPATH STRIKES VEH ON CARRIAGEWAY,3,49705,2,0,1,0,1,2,1,2,T intersection,2,60,Local Road,60-64,Serious injury,Bicyclists
T20190010699,6/7/2019,15:45:00,1,Collision with vehicle,6,Friday,121,RIGHT THROUGH,1,31,2,0,1,0,1,2,1,1,Cross intersection,2,60,Arterial Highway,18-21,Serious injury,Bicyclists
T20190010748,6/8/2019,15:47:00,1,Collision with vehicle,6,Saturday,110,CROSS TRAFFIC(INTERSECTIONS ONLY),1,602726,2,0,0,1,1,2,1,4,Multiple intersection,3,60,Arterial Other,18-21,Other injury,Bicyclists
T20190010776,6/9/2019,8:49:00,1,Collision with vehicle,1,Sunday,130,REAR END(VEHICLES IN SAME LANE),1,347226,3,0,2,0,1,3,1,5,Not at intersection,2,70,Arterial Highway,50-59,Serious injury,Bicyclists
T20190010793,6/9/2019,14:55:00,8,No collision and no object struck,1,Sunday,174,OUT OF CONTROL ON CARRIAGEWAY (ON STRAIGHT),1,345957,2,0,0,1,0,1,1,5,Not at intersection,3,40,Local Road,40-49,Other injury,Bicyclists
T20190010902,6/11/2019,15:45:00,1,Collision with vehicle,2,Tuesday,121,RIGHT THROUGH,1,597,2,0,0,1,1,2,1,2,T intersection,3,60,Local Road,16-17,Other injury,Bicyclists
T20190010910,6/8/2019,16:30:00,1,Collision with vehicle,7,Saturday,110,CROSS TRAFFIC(INTERSECTIONS ONLY),9,38513,2,0,1,0,1,2,2,1,Cross intersection,2,999,Local Road,30-39,Serious injury,Bicyclists
T20190010925,6/12/2019,4:29:00,1,Collision with vehicle,3,Wednesday,148,VEHICLE OFF FOOTPATH STRIKES VEH ON CARRIAGEWAY,3,29423,2,0,0,1,2,3,1,1,Cross intersection,3,40,Local Road,16-17,Other injury,Bicyclists
T20190010955,6/12/2019,6:15:00,2,Struck Pedestrian,4,Wednesday,105,PED WALKING AGAINST TRAFFIC.,5,653539,1,0,1,0,1,2,2,5,Not at intersection,2,100,Arterial Other,26-29,Not injured,Bicyclists
T20190010978,6/12/2019,19:30:00,1,Collision with vehicle,3,Wednesday,113,RIGHT NEAR (INTERSECTIONS ONLY),5,346348,2,0,1,0,1,2,1,2,T intersection,2,60,Uknown,50-59,Serious injury,Bicyclists
T20190010988,6/12/2019,23:00:00,1,Collision with vehicle,3,Wednesday,163,VEHICLE STRIKES DOOR OF PARKED/STATIONARY VEHICLE,3,74881,2,0,0,1,1,2,2,5,Not at intersection,3,40,Local Road,26-29,Other injury,Bicyclists
T20190010995,6/13/2019,7:33:00,1,Collision with vehicle,5,Thursday,110,CROSS TRAFFIC(INTERSECTIONS ONLY),1,42520,2,0,1,0,1,2,1,1,Cross intersection,2,60,Arterial Other,30-39,Serious injury,Bicyclists
T20190010996,6/13/2019,6:50:00,1,Collision with vehicle,4,Thursday,113,RIGHT NEAR (INTERSECTIONS ONLY),3,346318,2,0,1,0,1,2,1,2,T intersection,2,50,Local Road,50-59,Serious injury,Bicyclists
T20190011049,6/11/2019,11:45:00,1,Collision with vehicle,3,Tuesday,163,VEHICLE STRIKES DOOR OF PARKED/STATIONARY VEHICLE,1,592255,2,0,0,1,1,2,2,5,Not at intersection,3,60,Arterial Other,30-39,Other injury,Bicyclists
T20190011106,6/14/2019,17:52:00,1,Collision with vehicle,5,Friday,122,LEFT THROUGH,3,593268,2,0,0,1,1,2,1,1,Cross intersection,3,60,Local Road,30-39,Other injury,Bicyclists
T20190011153,6/15/2019,12:44:00,1,Collision with vehicle,6,Saturday,148,VEHICLE OFF FOOTPATH STRIKES VEH ON CARRIAGEWAY,1,66527,2,0,0,1,2,3,1,2,T intersection,3,70,Arterial Other,13-15,Other injury,Bicyclists
T20190011193,6/16/2019,6:15:00,1,Collision with vehicle,0,Sunday,137,LEFT TURN SIDESWIPE,1,45513,2,0,0,1,1,2,2,1,Cross intersection,3,999,Arterial Other,26-29,Other injury,Bicyclists
T20190011203,6/14/2019,17:30:00,8,No collision and no object struck,5,Friday,174,OUT OF CONTROL ON CARRIAGEWAY (ON STRAIGHT),3,346211,2,0,0,1,0,1,2,5,Not at intersection,3,40,Local Road,40-49,Other injury,Bicyclists
T20190011238,6/17/2019,6:03:00,1,Collision with vehicle,2,Monday,113,RIGHT NEAR (INTERSECTIONS ONLY),2,583422,2,0,1,0,0,1,1,1,Cross intersection,2,80,Arterial Other,Unknown,Serious injury,Bicyclists
T20190011260,6/17/2019,12:30:00,1,Collision with vehicle,2,Monday,133,LANE SIDE SWIPE (VEHICLES IN PARALLEL LANES),1,593790,2,0,1,0,1,2,1,5,Not at intersection,2,999,Local Road,60-64,Serious injury,Bicyclists
T20190011302,6/18/2019,6:50:00,1,Collision with vehicle,3,Tuesday,148,VEHICLE OFF FOOTPATH STRIKES VEH ON CARRIAGEWAY,2,35449,2,0,1,0,1,2,1,1,Cross intersection,2,70,Uknown,40-49,Serious injury,Bicyclists
T20190011309,6/16/2019,11:35:00,1,Collision with vehicle,0,Sunday,137,LEFT TURN SIDESWIPE,1,661122,2,0,0,1,1,2,2,5,Not at intersection,3,40,Arterial Other,40-49,Other injury,Bicyclists
T20190011320,6/12/2019,15:35:00,1,Collision with vehicle,4,Wednesday,110,CROSS TRAFFIC(INTERSECTIONS ONLY),1,64834,2,0,0,1,1,2,2,1,Cross intersection,3,999,Local Road,26-29,Other injury,Bicyclists
T20190011326,6/18/2019,12:45:00,1,Collision with vehicle,2,Tuesday,130,REAR END(VEHICLES IN SAME LANE),1,347217,2,0,0,1,0,1,1,5,Not at intersection,3,60,Local Road,16-17,Other injury,Bicyclists
T20190011343,6/15/2019,16:30:00,1,Collision with vehicle,7,Saturday,142,LEAVING PARKING,2,593271,2,0,0,1,1,2,2,5,Not at intersection,3,999,Uknown,22-25,Other injury,Bicyclists
T20190011346,6/18/2019,14:30:00,1,Collision with vehicle,2,Tuesday,148,VEHICLE OFF FOOTPATH STRIKES VEH ON CARRIAGEWAY,1,346425,2,0,1,0,1,2,1,2,T intersection,2,60,Arterial Highway,50-59,Serious injury,Bicyclists
T20190011355,6/18/2019,19:14:00,1,Collision with vehicle,3,Tuesday,121,RIGHT THROUGH,3,43305,2,0,1,0,1,2,1,2,T intersection,2,60,Local Road,40-49,Serious injury,Bicyclists
T20190011392,6/17/2019,13:50:00,1,Collision with vehicle,2,Monday,163,VEHICLE STRIKES DOOR OF PARKED/STATIONARY VEHICLE,1,78127,2,0,0,1,1,2,2,5,Not at intersection,3,999,Arterial Other,22-25,Other injury,Bicyclists
T20190011409,6/19/2019,16:30:00,1,Collision with vehicle,4,Wednesday,136,RIGHT TURN SIDESWIPE,2,346390,2,0,0,1,1,2,1,5,Not at intersection,3,60,Arterial Other,18-21,Other injury,Bicyclists
T20190011412,6/19/2019,16:54:00,1,Collision with vehicle,3,Wednesday,121,RIGHT THROUGH,1,36155,2,0,1,0,1,2,2,2,T intersection,2,60,Arterial Other,16-17,Serious injury,Bicyclists
T20190011504,6/20/2019,14:10:00,1,Collision with vehicle,5,Thursday,110,CROSS TRAFFIC(INTERSECTIONS ONLY),1,41182,2,0,1,0,1,2,1,1,Cross intersection,2,60,Arterial Other,40-49,Serious injury,Bicyclists
T20190011523,6/21/2019,11:30:00,1,Collision with vehicle,6,Friday,121,RIGHT THROUGH,1,246201,2,0,1,0,1,2,1,2,T intersection,2,50,Arterial Highway,70+,Serious injury,Bicyclists
T20190011648,6/23/2019,9:05:00,1,Collision with vehicle,0,Sunday,147,VEHICLE STRIKES ANOTHER VEH WHILE EMERGING FROM DRIVEWAY,1,346437,2,0,1,0,1,2,1,5,Not at intersection,2,80,Uknown,60-64,Serious injury,Bicyclists
T20190011649,6/23/2019,7:58:00,1,Collision with vehicle,1,Sunday,121,RIGHT THROUGH,1,57783,2,0,1,0,1,2,1,2,T intersection,2,70,Arterial Highway,50-59,Serious injury,Bicyclists
T20190011675,6/22/2019,16:30:00,1,Collision with vehicle,6,Saturday,110,CROSS TRAFFIC(INTERSECTIONS ONLY),1,45578,2,0,0,1,1,2,2,1,Cross intersection,3,40,Local Road,22-25,Other injury,Bicyclists
T20190011716,6/24/2019,12:15:00,1,Collision with vehicle,2,Monday,121,RIGHT THROUGH,1,36826,2,0,1,0,1,2,1,1,Cross intersection,2,40,Arterial Other,70+,Serious injury,Bicyclists
T20190011747,6/24/2019,18:00:00,1,Collision with vehicle,1,Monday,110,CROSS TRAFFIC(INTERSECTIONS ONLY),3,30048,2,0,0,1,1,2,1,1,Cross intersection,3,60,Local Road,22-25,Other injury,Bicyclists