ACCIDENT_NO,ACCIDENT_DATE,ACCIDENT_TIME,ACCIDENT_TYPE,ACCIDENT_TYPE_DESC,DAY_OF_WEEK,DAY_WEEK_DESC,DCA_CODE,DCA_DESC,LIGHT_CONDITION,NODE_ID,NO_OF_VEHICLES,NO_PERSONS_KILLED,NO_PERSONS_INJ_2,NO_PERSONS_INJ_3,NO_PERSONS_NOT_INJ,NO_PERSONS,POLICE_ATTEND,ROAD_GEOMETRY,ROAD_GEOMETRY_DESC,SEVERITY,SPEED_ZONE,RMA,AGE_GROUP,INJ_LEVEL,ROAD_USER_TYPE_DESC
T20190011767,6/25/2019,8:25:00,1,Collision with vehicle,3,Tuesday,163,VEHICLE STRIKES DOOR OF PARKED/STATIONARY VEHICLE,1,346512,2,0,0,1,1,2,1,5,Not at intersection,3,60,Arterial Other,40-49,Other injury,Bicyclists
T20190011778,6/25/2019,9:10:00,1,Collision with vehicle,2,Tuesday,137,LEFT TURN SIDESWIPE,1,64917,2,0,0,1,1,2,2,1,Cross intersection,3,40,Local Road,30-39,Other injury,Bicyclists
T20190011838,6/26/2019,8:26:00,1,Collision with vehicle,3,Wednesday,110,CROSS TRAFFIC(INTERSECTIONS ONLY),1,37366,2,0,0,1,1,2,1,1,Cross intersection,3,50,Local Road,30-39,Other injury,Bicyclists
T20190011840,6/26/2019,9:00:00,1,Collision with vehicle,4,Wednesday,163,VEHICLE STRIKES DOOR OF PARKED/STATIONARY VEHICLE,1,346810,2,0,0,1,1,2,1,5,Not at intersection,3,70,Arterial Other,13-15,Other injury,Bicyclists
T20190011852,6/22/2019,14:30:00,1,Collision with vehicle,7,Saturday,111,RIGHT FAR (INTERSECTIONS ONLY),1,73037,2,0,1,0,1,2,2,2,T intersection,2,60,Arterial Other,60-64,Serious injury,Bicyclists
T20190011914,6/26/2019,8:00:00,8,No collision and no object struck,4,Wednesday,179,OTHER ACCIDENTS-OFF STRAIGHT NOT INCLUDED IN DCAs 170-175,1,37367,1,1,0,0,0,1,1,2,T intersection,1,999,Arterial Other,70+,Fatality,Bicyclists
T20190011915,6/17/2019,19:15:00,1,Collision with vehicle,1,Monday,163,VEHICLE STRIKES DOOR OF PARKED/STATIONARY VEHICLE,3,658585,2,0,0,1,1,2,2,5,Not at intersection,3,40,Local Road,26-29,Other injury,Bicyclists
T20190011931,6/27/2019,7:08:00,1,Collision with vehicle,5,Thursday,130,REAR END(VEHICLES IN SAME LANE),1,49108,2,0,1,0,1,2,1,2,T intersection,2,100,Local Road,65-69,Serious injury,Bicyclists
T20190011939,6/26/2019,12:45:00,1,Collision with vehicle,4,Wednesday,110,CROSS TRAFFIC(INTERSECTIONS ONLY),1,50963,2,0,1,0,1,2,2,1,Cross intersection,2,60,Local Road,50-59,Serious injury,Bicyclists
T20190011968,6/27/2019,19:45:00,1,Collision with vehicle,4,Thursday,133,LANE SIDE SWIPE (VEHICLES IN PARALLEL LANES),3,346674,3,0,1,0,2,3,1,5,Not at intersection,2,50,Local Road,30-39,Serious injury,Bicyclists
T20190012035,4/30/2019,16:00:00,1,Collision with vehicle,3,Tuesday,147,VEHICLE STRIKES ANOTHER VEH WHILE EMERGING FROM DRIVEWAY,1,346676,2,0,0,1,1,2,2,5,Not at intersection,3,999,Uknown,30-39,Other injury,Bicyclists
T20190012064,6/29/2019,11:30:00,1,Collision with vehicle,7,Saturday,148,VEHICLE OFF FOOTPATH STRIKES VEH ON CARRIAGEWAY,1,349964,2,0,1,0,1,2,1,1,Cross intersection,2,80,Arterial Highway,40-49,Serious injury,Bicyclists
T20190012073,6/21/2019,16:45:00,1,Collision with vehicle,5,Friday,163,VEHICLE STRIKES DOOR OF PARKED/STATIONARY VEHICLE,1,346733,2,0,0,1,1,2,2,5,Not at intersection,3,999,Arterial Other,22-25,Other injury,Bicyclists
T20190012126,6/29/2019,14:45:00,1,Collision with vehicle,6,Saturday,130,REAR END(VEHICLES IN SAME LANE),9,54011,2,0,0,1,1,2,2,1,Cross intersection,3,50,Local Road,26-29,Other injury,Bicyclists
T20190012131,5/17/2019,8:55:00,1,Collision with vehicle,6,Friday,148,VEHICLE OFF FOOTPATH STRIKES VEH ON CARRIAGEWAY,1,348497,2,0,0,1,1,2,2,5,Not at intersection,3,777,Local Road,45424,Other injury,Bicyclists
T20190012182,7/1/2019,0:18:00,1,Collision with vehicle,2,Monday,120,HEAD ON (NOT OVERTAKING),5,346696,2,1,0,1,0,2,1,5,Not at intersection,1,60,Uknown,26-29,Fatality,Bicyclists
T20190012191,7/1/2019,9:40:00,1,Collision with vehicle,2,Monday,121,RIGHT THROUGH,1,45654,2,0,1,0,1,2,1,1,Cross intersection,2,40,Arterial Other,22-25,Serious injury,Bicyclists
T20190012210,5/16/2019,8:50:00,1,Collision with vehicle,4,Thursday,121,RIGHT THROUGH,1,43809,2,0,0,1,1,2,2,2,T intersection,3,50,Arterial Other,40-49,Other injury,Bicyclists
T20190012247,7/2/2019,8:36:00,1,Collision with vehicle,3,Tuesday,121,RIGHT THROUGH,1,36749,2,0,1,0,1,2,1,2,T intersection,2,60,Arterial Other,40-49,Serious injury,Bicyclists
T20190012260,7/2/2019,12:30:00,1,Collision with vehicle,3,Tuesday,130,REAR END(VEHICLES IN SAME LANE),1,346893,2,0,0,1,1,2,1,1,Cross intersection,3,80,Arterial Other,50-59,Other injury,Bicyclists
T20190012267,7/2/2019,13:30:00,1,Collision with vehicle,3,Tuesday,130,REAR END(VEHICLES IN SAME LANE),1,580254,2,0,0,1,2,3,1,5,Not at intersection,3,40,Local Road,40-49,Other injury,Bicyclists
T20190012289,7/2/2019,17:45:00,1,Collision with vehicle,3,Tuesday,113,RIGHT NEAR (INTERSECTIONS ONLY),2,36720,2,0,0,1,1,2,2,2,T intersection,3,999,Local Road,50-59,Other injury,Bicyclists
T20190012301,6/29/2019,13:18:00,8,No collision and no object struck,6,Saturday,174,OUT OF CONTROL ON CARRIAGEWAY (ON STRAIGHT),1,347065,1,0,1,0,0,1,2,5,Not at intersection,2,30,Local Road,40-49,Serious injury,Bicyclists
T20190012302,7/2/2019,18:35:00,1,Collision with vehicle,3,Tuesday,148,VEHICLE OFF FOOTPATH STRIKES VEH ON CARRIAGEWAY,3,584245,2,0,0,1,1,2,1,2,T intersection,3,60,Local Road,13-15,Other injury,Bicyclists
T20190012308,7/1/2019,15:45:00,8,No collision and no object struck,1,Monday,147,VEHICLE STRIKES ANOTHER VEH WHILE EMERGING FROM DRIVEWAY,1,351470,2,0,0,1,1,2,1,5,Not at intersection,3,50,Arterial Other,65-69,Other injury,Bicyclists
T20190012335,6/28/2019,17:47:00,1,Collision with vehicle,6,Friday,116,LEFT NEAR (INTERSECTIONS ONLY),3,56191,2,0,0,1,1,2,1,1,Cross intersection,3,50,Arterial Other,18-21,Other injury,Bicyclists
T20190012337,6/4/2019,10:30:00,1,Collision with vehicle,2,Tuesday,113,RIGHT NEAR (INTERSECTIONS ONLY),1,346816,2,0,0,1,1,2,2,1,Cross intersection,3,50,Local Road,60-64,Other injury,Bicyclists
T20190012350,7/3/2019,15:00:00,1,Collision with vehicle,4,Wednesday,130,REAR END(VEHICLES IN SAME LANE),1,346824,2,0,0,1,1,2,1,5,Not at intersection,3,60,Arterial Other,13-15,Other injury,Bicyclists
T20190012367,7/3/2019,18:40:00,1,Collision with vehicle,3,Wednesday,121,RIGHT THROUGH,3,66797,2,0,0,1,1,2,1,2,T intersection,3,40,Arterial Other,26-29,Other injury,Bicyclists
T20190012398,7/4/2019,8:10:00,1,Collision with vehicle,5,Thursday,112,LEFT FAR (INTERSECTIONS ONLY),1,55532,2,0,0,1,1,2,1,2,T intersection,3,50,Uknown,50-59,Other injury,Bicyclists
T20190012411,6/8/2019,8:05:00,1,Collision with vehicle,7,Saturday,110,CROSS TRAFFIC(INTERSECTIONS ONLY),1,73235,2,0,0,1,1,2,2,1,Cross intersection,3,50,Arterial Other,70+,Other injury,Bicyclists
T20190012419,7/4/2019,7:00:00,1,Collision with vehicle,5,Thursday,121,RIGHT THROUGH,2,49012,2,0,1,0,1,2,1,2,T intersection,2,70,Arterial Highway,18-21,Serious injury,Bicyclists
T20190012428,7/4/2019,8:46:00,1,Collision with vehicle,4,Thursday,133,LANE SIDE SWIPE (VEHICLES IN PARALLEL LANES),1,360736,2,0,0,1,0,1,1,5,Not at intersection,3,50,Arterial Other,26-29,Other injury,Bicyclists
T20190012429,7/4/2019,16:34:00,1,Collision with vehicle,5,Thursday,110,CROSS TRAFFIC(INTERSECTIONS ONLY),1,239081,2,0,1,0,1,2,1,1,Cross intersection,2,80,Arterial Highway,60-64,Serious injury,Bicyclists
T20190012463,7/1/2019,18:15:00,1,Collision with vehicle,2,Monday,163,VEHICLE STRIKES DOOR OF PARKED/STATIONARY VEHICLE,3,657820,2,0,1,0,1,2,2,5,Not at intersection,2,50,Arterial Other,26-29,Serious injury,Bicyclists
T20190012475,7/5/2019,10:30:00,1,Collision with vehicle,5,Friday,110,CROSS TRAFFIC(INTERSECTIONS ONLY),1,69434,2,0,0,1,1,2,2,1,Cross intersection,3,50,Local Road,50-59,Other injury,Bicyclists
T20190012476,7/5/2019,11:34:00,2,Struck Pedestrian,6,Friday,101,PED EMERGES FROM IN FRONT OF PARKED OR STATIONARY VEHICLE,9,65930,1,0,0,1,1,2,2,2,T intersection,3,999,Local Road,50-59,Other injury,Bicyclists
T20190012478,6/26/2019,15:20:00,1,Collision with vehicle,3,Wednesday,121,RIGHT THROUGH,1,663,2,0,0,1,1,2,2,1,Cross intersection,3,60,Arterial Other,30-39,Other injury,Bicyclists
T20190012537,7/5/2019,22:19:00,1,Collision with vehicle,6,Friday,139,OTHER SAME DIRECTION-MANOUEVRES NOT INCLUDED IN DCAs 130-137,3,599582,2,0,1,0,1,2,1,1,Cross intersection,2,40,Local Road,60-64,Serious injury,Bicyclists
T20190012550,7/6/2019,8:55:00,1,Collision with vehicle,7,Saturday,116,LEFT NEAR (INTERSECTIONS ONLY),1,62072,2,0,1,0,1,2,1,2,T intersection,2,50,Arterial Other,50-59,Serious injury,Bicyclists
T20190012569,7/6/2019,7:10:00,1,Collision with vehicle,7,Saturday,113,RIGHT NEAR (INTERSECTIONS ONLY),2,235333,2,0,0,1,1,2,1,1,Cross intersection,3,60,Uknown,26-29,Other injury,Bicyclists
T20190012580,6/24/2019,15:00:00,1,Collision with vehicle,2,Monday,113,RIGHT NEAR (INTERSECTIONS ONLY),1,347235,2,0,0,1,1,2,2,2,T intersection,3,60,Uknown,13-15,Other injury,Bicyclists
T20190012601,7/6/2019,19:24:00,1,Collision with vehicle,6,Saturday,114,TWO RIGHT TURNING (INTERSECTIONS ONLY),5,350892,2,0,0,1,1,2,1,2,T intersection,3,999,Local Road,70+,Other injury,Bicyclists
T20190012606,7/4/2019,23:12:00,1,Collision with vehicle,5,Thursday,121,RIGHT THROUGH,3,36500,2,0,0,1,1,2,1,1,Cross intersection,3,40,Arterial Other,30-39,Other injury,Bicyclists
T20190012692,7/8/2019,12:00:00,1,Collision with vehicle,2,Monday,137,LEFT TURN SIDESWIPE,1,360581,2,0,1,0,2,3,1,1,Cross intersection,2,60,Arterial Highway,40-49,Serious injury,Bicyclists
T20190012745,7/9/2019,8:34:00,1,Collision with vehicle,3,Tuesday,121,RIGHT THROUGH,1,37182,2,0,0,1,1,2,1,1,Cross intersection,3,50,Arterial Other,40-49,Other injury,Bicyclists
T20190012761,7/9/2019,8:40:00,1,Collision with vehicle,2,Tuesday,163,VEHICLE STRIKES DOOR OF PARKED/STATIONARY VEHICLE,1,600443,2,0,0,1,1,2,1,5,Not at intersection,3,40,Arterial Other,30-39,Other injury,Bicyclists
T20190012771,7/2/2019,15:35:00,1,Collision with vehicle,3,Tuesday,145,REVERSING IN STREAM OF TRAFFIC,9,47390,2,0,0,1,1,2,2,2,T intersection,3,40,Local Road,40-49,Other injury,Bicyclists
T20190012807,7/10/2019,8:55:00,1,Collision with vehicle,4,Wednesday,110,CROSS TRAFFIC(INTERSECTIONS ONLY),1,64652,2,0,1,0,1,2,1,1,Cross intersection,2,40,Local Road,70+,Not injured,Drivers
T20190012812,6/28/2019,6:30:00,5,collision with some other object,5,Friday,191,LOAD OR MISSILE STRUCK VEHICLE,3,352667,2,0,0,1,0,1,2,5,Not at intersection,3,60,Arterial Other,40-49,Other injury,Bicyclists
T20190012846,7/10/2019,14:30:00,1,Collision with vehicle,4,Wednesday,163,VEHICLE STRIKES DOOR OF PARKED/STATIONARY VEHICLE,1,347214,2,0,0,1,1,2,2,6,Dead end,3,60,Local Road,30-39,Other injury,Bicyclists
T20190012857,7/10/2019,17:00:00,6,Vehicle overturned (no collision),4,Wednesday,174,OUT OF CONTROL ON CARRIAGEWAY (ON STRAIGHT),2,347096,1,0,0,1,0,1,2,5,Not at intersection,3,60,Local Road,22-25,Other injury,Bicyclists
T20190012884,7/11/2019,9:18:00,1,Collision with vehicle,5,Thursday,135,LANE CHANGE LEFT (NOT OVERTAKING),1,360388,2,0,1,0,1,2,1,5,Not at intersection,2,100,Uknown,70+,Serious injury,Bicyclists
T20190012900,7/11/2019,8:30:00,1,Collision with vehicle,4,Thursday,163,VEHICLE STRIKES DOOR OF PARKED/STATIONARY VEHICLE,1,347128,2,0,0,1,1,2,2,5,Not at intersection,3,999,Local Road,30-39,Other injury,Bicyclists
T20190012940,7/12/2019,8:30:00,1,Collision with vehicle,6,Friday,137,LEFT TURN SIDESWIPE,1,347457,2,0,1,0,1,2,1,1,Cross intersection,2,40,Local Road,40-49,Serious injury,Bicyclists
T20190012956,5/27/2019,6:30:00,1,Collision with vehicle,1,Monday,113,RIGHT NEAR (INTERSECTIONS ONLY),3,48286,2,0,1,0,1,2,2,2,T intersection,2,50,Arterial Other,30-39,Serious injury,Bicyclists
T20190012966,7/11/2019,14:40:00,1,Collision with vehicle,5,Thursday,113,RIGHT NEAR (INTERSECTIONS ONLY),1,600450,2,0,0,1,1,2,2,2,T intersection,3,50,Local Road,50-59,Other injury,Bicyclists
T20190012973,7/12/2019,17:05:00,1,Collision with vehicle,6,Friday,148,VEHICLE OFF FOOTPATH STRIKES VEH ON CARRIAGEWAY,2,347436,2,0,1,0,1,2,1,5,Not at intersection,2,60,Local Road,30-39,Serious injury,Bicyclists
T20190013074,7/14/2019,9:38:00,1,Collision with vehicle,1,Sunday,121,RIGHT THROUGH,1,347233,2,0,1,0,2,3,1,2,T intersection,2,50,Local Road,40-49,Serious injury,Bicyclists
T20190013106,7/11/2019,8:45:00,1,Collision with vehicle,5,Thursday,150,HEAD ON(OVERTAKING),1,38082,2,0,0,1,1,2,2,1,Cross intersection,3,50,Local Road,22-25,Other injury,Bicyclists
T20190013142,7/15/2019,5:39:00,1,Collision with vehicle,2,Monday,140,U TURN,3,71353,2,0,0,1,1,2,2,2,T intersection,3,70,Arterial Highway,60-64,Other injury,Bicyclists
T20190013208,6/19/2019,11:15:00,1,Collision with vehicle,4,Wednesday,134,LANE CHANGE RIGHT (NOT OVERTAKING),1,57349,2,0,0,1,1,2,1,1,Cross intersection,3,50,Arterial Other,60-64,Other injury,Bicyclists
T20190013214,7/16/2019,7:15:00,1,Collision with vehicle,3,Tuesday,163,VEHICLE STRIKES DOOR OF PARKED/STATIONARY VEHICLE,1,191514,2,0,1,0,1,2,2,5,Not at intersection,2,999,Arterial Other,26-29,Serious injury,Bicyclists
T20190013233,7/15/2019,20:30:00,7,Fall from or in moving vehicle,2,Monday,190,FELL IN/FROM VEHICLE,4,347471,2,0,0,1,1,2,2,5,Not at intersection,3,50,Local Road,18-21,Not injured,Bicyclists
T20190013265,7/17/2019,7:30:00,1,Collision with vehicle,3,Wednesday,148,VEHICLE OFF FOOTPATH STRIKES VEH ON CARRIAGEWAY,1,651028,2,0,0,1,1,2,2,5,Not at intersection,3,999,Arterial Other,18-21,Other injury,Bicyclists
T20190013269,7/17/2019,9:11:00,1,Collision with vehicle,4,Wednesday,130,REAR END(VEHICLES IN SAME LANE),1,36353,2,0,0,1,1,2,1,1,Cross intersection,3,50,Local Road,50-59,Other injury,Bicyclists
T20190013302,6/17/2019,17:15:00,1,Collision with vehicle,2,Monday,113,RIGHT NEAR (INTERSECTIONS ONLY),2,599312,2,0,1,0,1,2,2,2,T intersection,2,50,Local Road,30-39,Serious injury,Bicyclists
T20190013309,7/17/2019,14:45:00,1,Collision with vehicle,3,Wednesday,130,REAR END(VEHICLES IN SAME LANE),1,360464,2,0,0,1,0,1,2,2,T intersection,3,50,Local Road,30-39,Other injury,Bicyclists
T20190013323,7/17/2019,15:46:00,1,Collision with vehicle,4,Wednesday,110,CROSS TRAFFIC(INTERSECTIONS ONLY),1,72342,2,0,1,0,1,2,1,1,Cross intersection,2,50,Local Road,18-21,Serious injury,Bicyclists
T20190013339,6/29/2019,5:40:00,1,Collision with vehicle,6,Saturday,137,LEFT TURN SIDESWIPE,2,606484,2,0,0,1,1,2,2,1,Cross intersection,3,40,Local Road,50-59,Other injury,Bicyclists
T20190013347,7/17/2019,16:30:00,1,Collision with vehicle,3,Wednesday,130,REAR END(VEHICLES IN SAME LANE),1,22525,2,0,0,1,1,2,2,1,Cross intersection,3,60,Local Road,30-39,Other injury,Bicyclists
T20190013383,7/18/2019,18:11:00,1,Collision with vehicle,5,Thursday,111,RIGHT FAR (INTERSECTIONS ONLY),3,43032,2,0,0,1,1,2,1,1,Cross intersection,3,50,Local Road,50-59,Other injury,Bicyclists
T20190013407,6/25/2019,18:30:00,1,Collision with vehicle,2,Tuesday,113,RIGHT NEAR (INTERSECTIONS ONLY),3,581901,2,0,0,1,1,2,2,2,T intersection,3,50,Local Road,50-59,Other injury,Bicyclists
T20190013412,7/18/2019,21:20:00,1,Collision with vehicle,5,Thursday,121,RIGHT THROUGH,3,52894,2,0,0,1,1,2,1,1,Cross intersection,3,60,Local Road,60-64,Other injury,Bicyclists
T20190013413,5/17/2019,18:00:00,1,Collision with vehicle,5,Friday,163,VEHICLE STRIKES DOOR OF PARKED/STATIONARY VEHICLE,1,352662,2,0,0,1,1,2,2,5,Not at intersection,3,40,Arterial Other,30-39,Other injury,Bicyclists
T20190013454,6/25/2019,11:55:00,1,Collision with vehicle,3,Tuesday,111,RIGHT FAR (INTERSECTIONS ONLY),1,41125,2,0,0,1,1,2,2,1,Cross intersection,3,999,Local Road,30-39,Other injury,Bicyclists
T20190013462,7/19/2019,17:05:00,1,Collision with vehicle,5,Friday,120,HEAD ON (NOT OVERTAKING),1,360421,2,0,1,0,0,1,2,5,Not at intersection,2,40,Local Road,13-15,Serious injury,Bicyclists
T20190013483,7/20/2019,0:42:00,8,No collision and no object struck,6,Saturday,199,UNKNOWN-NO DETAILS ON MANOEUVRES OF ROAD-USERS IN ACCIDENT,3,590983,1,0,1,0,0,1,1,9,Unknown,2,50,Local Road,30-39,Serious injury,Not Known
T20190013501,7/20/2019,8:49:00,1,Collision with vehicle,7,Saturday,113,RIGHT NEAR (INTERSECTIONS ONLY),1,47516,2,0,1,0,1,2,1,1,Cross intersection,2,60,Uknown,40-49,Serious injury,Bicyclists
T20190013503,7/5/2019,12:00:00,8,No collision and no object struck,6,Friday,174,OUT OF CONTROL ON CARRIAGEWAY (ON STRAIGHT),1,266535,2,0,1,0,1,2,2,2,T intersection,2,60,Arterial Other,70+,Serious injury,Bicyclists
T20190013523,7/20/2019,15:35:00,1,Collision with vehicle,6,Saturday,137,LEFT TURN SIDESWIPE,1,40871,2,0,0,1,2,3,1,2,T intersection,3,50,Arterial Other,50-59,Other injury,Bicyclists
T20190013570,7/20/2019,9:00:00,1,Collision with vehicle,7,Saturday,110,CROSS TRAFFIC(INTERSECTIONS ONLY),1,50710,2,0,1,1,0,2,1,1,Cross intersection,2,60,Arterial Highway,26-29,Serious injury,Bicyclists
T20190013622,7/22/2019,9:37:00,1,Collision with vehicle,2,Monday,163,VEHICLE STRIKES DOOR OF PARKED/STATIONARY VEHICLE,1,353563,2,0,0,1,1,2,1,5,Not at intersection,3,60,Local Road,26-29,Other injury,Bicyclists
T20190013625,7/22/2019,7:20:00,1,Collision with vehicle,2,Monday,110,CROSS TRAFFIC(INTERSECTIONS ONLY),1,47678,2,0,1,1,0,2,1,1,Cross intersection,2,80,Arterial Highway,50-59,Serious injury,Bicyclists
T20190013645,7/17/2019,18:15:00,1,Collision with vehicle,3,Wednesday,113,RIGHT NEAR (INTERSECTIONS ONLY),6,274213,3,0,0,1,1,2,2,2,T intersection,3,999,Arterial Other,30-39,Other injury,Bicyclists
T20190013651,7/16/2019,8:00:00,1,Collision with vehicle,3,Tuesday,121,RIGHT THROUGH,9,41517,2,0,0,1,1,2,2,2,T intersection,3,999,Local Road,26-29,Other injury,Bicyclists
T20190013661,7/22/2019,15:20:00,1,Collision with vehicle,2,Monday,148,VEHICLE OFF FOOTPATH STRIKES VEH ON CARRIAGEWAY,1,592750,2,0,0,1,1,2,2,4,Multiple intersection,3,999,Arterial Other,13-15,Other injury,Bicyclists
T20190013663,7/22/2019,12:30:00,1,Collision with vehicle,1,Monday,135,LANE CHANGE LEFT (NOT OVERTAKING),1,358429,2,0,0,1,1,2,2,2,T intersection,3,777,Arterial Other,22-25,Other injury,Bicyclists
T20190013680,7/22/2019,13:55:00,1,Collision with vehicle,2,Monday,133,LANE SIDE SWIPE (VEHICLES IN PARALLEL LANES),1,352663,2,0,1,0,1,2,1,5,Not at intersection,2,60,Arterial Other,26-29,Serious injury,Bicyclists
T20190013681,7/23/2019,6:30:00,8,No collision and no object struck,3,Tuesday,174,OUT OF CONTROL ON CARRIAGEWAY (ON STRAIGHT),2,351773,1,0,1,0,0,1,1,5,Not at intersection,2,60,Arterial Other,40-49,Serious injury,Bicyclists
T20190013721,6/29/2019,17:00:00,1,Collision with vehicle,7,Saturday,130,REAR END(VEHICLES IN SAME LANE),1,351751,2,0,1,0,1,2,2,5,Not at intersection,2,50,Local Road,40-49,Serious injury,Bicyclists
T20190013731,7/20/2019,7:31:00,1,Collision with vehicle,7,Saturday,135,LANE CHANGE LEFT (NOT OVERTAKING),1,37610,2,0,0,1,1,2,1,1,Cross intersection,3,40,Arterial Highway,50-59,Other injury,Bicyclists
T20190013735,7/23/2019,16:00:00,1,Collision with vehicle,3,Tuesday,112,LEFT FAR (INTERSECTIONS ONLY),2,262027,2,0,0,1,1,2,2,2,T intersection,3,999,Local Road,30-39,Other injury,Bicyclists
T20190013760,7/1/2019,17:00:00,8,No collision and no object struck,2,Monday,184,OUT OF CONTROL ON CARRIAGEWAY (ON BEND),9,52469,2,0,0,1,1,2,2,1,Cross intersection,3,60,Local Road,50-59,Other injury,Bicyclists
T20190013765,7/24/2019,6:40:00,1,Collision with vehicle,4,Wednesday,110,CROSS TRAFFIC(INTERSECTIONS ONLY),3,37362,2,1,0,1,0,2,1,1,Cross intersection,1,80,Arterial Other,40-49,Fatality,Bicyclists
T20190013801,7/24/2019,18:20:00,1,Collision with vehicle,3,Wednesday,121,RIGHT THROUGH,2,40135,2,0,0,1,1,2,1,2,T intersection,3,40,Local Road,40-49,Other injury,Bicyclists
T20190013827,7/25/2019,5:30:00,1,Collision with vehicle,5,Thursday,113,RIGHT NEAR (INTERSECTIONS ONLY),3,42022,2,0,1,0,1,2,2,2,T intersection,2,60,Arterial Other,40-49,Serious injury,Bicyclists
T20190013857,7/4/2019,7:10:00,1,Collision with vehicle,5,Thursday,147,VEHICLE STRIKES ANOTHER VEH WHILE EMERGING FROM DRIVEWAY,1,354386,2,0,0,1,1,2,1,5,Not at intersection,3,60,Arterial Other,40-49,Other injury,Bicyclists
T20190013876,1/23/2019,14:26:00,8,No collision and no object struck,4,Wednesday,174,OUT OF CONTROL ON CARRIAGEWAY (ON STRAIGHT),1,353550,2,0,0,1,0,1,2,5,Not at intersection,3,40,Local Road,60-64,Other injury,Bicyclists
T20190013880,7/16/2019,17:50:00,1,Collision with vehicle,3,Tuesday,129,OTHER OPPOSING MANOEUVRES NOT INCLUDED IN DCAs 120-125.,3,661121,2,0,0,1,1,2,2,5,Not at intersection,3,50,Local Road,40-49,Other injury,Bicyclists
T20190013928,7/21/2019,11:00:00,1,Collision with vehicle,0,Sunday,121,RIGHT THROUGH,1,37317,2,0,0,1,1,2,2,2,T intersection,3,50,Arterial Other,30-39,Other injury,Bicyclists
T20190013979,8/19/2017,17:30:00,1,Collision with vehicle,6,Saturday,121,RIGHT THROUGH,2,357681,2,0,0,1,1,2,1,2,T intersection,3,999,Local Road,65-69,Other injury,Bicyclists
T20190013989,7/27/2019,14:12:00,1,Collision with vehicle,6,Saturday,147,VEHICLE STRIKES ANOTHER VEH WHILE EMERGING FROM DRIVEWAY,1,359543,2,0,0,2,0,2,1,5,Not at intersection,3,888,Local Road,40-49,Other injury,Bicyclists
T20190013997,7/27/2019,9:54:00,1,Collision with vehicle,7,Saturday,133,LANE SIDE SWIPE (VEHICLES IN PARALLEL LANES),1,360479,2,0,1,0,1,2,1,5,Not at intersection,2,100,Arterial Other,65-69,Serious injury,Bicyclists
T20190014031,7/18/2019,19:45:00,1,Collision with vehicle,4,Thursday,163,VEHICLE STRIKES DOOR OF PARKED/STATIONARY VEHICLE,9,656404,2,0,0,1,1,2,2,5,Not at intersection,3,40,Local Road,30-39,Other injury,Bicyclists
T20190014034,7/28/2019,9:40:00,1,Collision with vehicle,1,Sunday,143,ENTERING PARKING,1,586153,2,0,0,1,1,2,2,5,Not at intersection,3,40,Local Road,50-59,Other injury,Bicyclists
T20190014066,7/28/2019,14:58:00,2,Struck Pedestrian,1,Sunday,100,PED NEAR SIDE. PED HIT BY VEHICLE FROM THE RIGHT.,1,35359,2,0,0,1,2,3,1,1,Cross intersection,3,40,Local Road,50-59,Not injured,Bicyclists
T20190014080,7/27/2019,8:30:00,1,Collision with vehicle,6,Saturday,130,REAR END(VEHICLES IN SAME LANE),1,49684,2,0,0,1,1,2,2,4,Multiple intersection,3,999,Arterial Other,40-49,Other injury,Bicyclists
T20190014116,7/29/2019,16:09:00,1,Collision with vehicle,2,Monday,163,VEHICLE STRIKES DOOR OF PARKED/STATIONARY VEHICLE,1,657065,2,0,0,1,1,2,1,5,Not at intersection,3,40,Local Road,30-39,Other injury,Bicyclists
T20190014146,7/29/2019,6:55:00,1,Collision with vehicle,2,Monday,116,LEFT NEAR (INTERSECTIONS ONLY),3,42879,2,0,1,0,1,2,1,2,T intersection,2,50,Local Road,26-29,Serious injury,Bicyclists
T20190014155,6/27/2019,17:00:00,1,Collision with vehicle,4,Thursday,121,RIGHT THROUGH,1,357690,2,0,0,1,1,2,2,2,T intersection,3,50,Local Road,60-64,Other injury,Bicyclists
T20190014180,7/30/2019,6:40:00,1,Collision with vehicle,3,Tuesday,135,LANE CHANGE LEFT (NOT OVERTAKING),2,65610,2,0,1,0,1,2,1,3,Y intersection,2,60,Arterial Other,30-39,Serious injury,Bicyclists
T20190014190,7/30/2019,17:08:00,1,Collision with vehicle,3,Tuesday,110,CROSS TRAFFIC(INTERSECTIONS ONLY),1,36489,2,0,0,1,1,2,1,1,Cross intersection,3,40,Local Road,30-39,Other injury,Bicyclists
T20190014200,7/30/2019,17:56:00,1,Collision with vehicle,3,Tuesday,147,VEHICLE STRIKES ANOTHER VEH WHILE EMERGING FROM DRIVEWAY,3,357685,2,0,0,1,1,2,1,5,Not at intersection,3,40,Local Road,60-64,Other injury,Bicyclists
T20190014223,7/31/2019,8:20:00,1,Collision with vehicle,4,Wednesday,121,RIGHT THROUGH,1,57542,2,0,1,0,1,2,1,1,Cross intersection,2,50,Arterial Highway,30-39,Serious injury,Bicyclists
T20190014241,7/31/2019,11:30:00,1,Collision with vehicle,4,Wednesday,142,LEAVING PARKING,1,582827,2,0,1,0,0,1,1,5,Not at intersection,2,50,Local Road,50-59,Serious injury,Bicyclists