ACCIDENT_NO,ACCIDENT_DATE,ACCIDENT_TIME,ACCIDENT_TYPE,ACCIDENT_TYPE_DESC,DAY_OF_WEEK,DAY_WEEK_DESC,DCA_CODE,DCA_DESC,LIGHT_CONDITION,NODE_ID,NO_OF_VEHICLES,NO_PERSONS_KILLED,NO_PERSONS_INJ_2,NO_PERSONS_INJ_3,NO_PERSONS_NOT_INJ,NO_PERSONS,POLICE_ATTEND,ROAD_GEOMETRY,ROAD_GEOMETRY_DESC,SEVERITY,SPEED_ZONE,RMA,AGE_GROUP,INJ_LEVEL,ROAD_USER_TYPE_DESC
T20190019557,9/23/2019,17:00:00,1,Collision with vehicle,2,Monday,163,VEHICLE STRIKES DOOR OF PARKED/STATIONARY VEHICLE,1,659749,2,0,1,0,1,2,2,5,Not at intersection,2,40,Local Road,26-29,Serious injury,Bicyclists
T20190019564,10/7/2019,12:00:00,1,Collision with vehicle,1,Monday,147,VEHICLE STRIKES ANOTHER VEH WHILE EMERGING FROM DRIVEWAY,1,327303,2,0,0,1,1,2,1,2,T intersection,3,999,Arterial Highway,26-29,Other injury,Bicyclists
T20190019587,10/7/2019,16:30:00,1,Collision with vehicle,2,Monday,121,RIGHT THROUGH,1,49259,2,0,0,1,1,2,1,1,Cross intersection,3,60,Uknown,45424,Other injury,Bicyclists
T20190019590,10/7/2019,18:25:00,1,Collision with vehicle,2,Monday,163,VEHICLE STRIKES DOOR OF PARKED/STATIONARY VEHICLE,1,596094,2,0,0,1,1,2,2,5,Not at intersection,3,50,Local Road,18-21,Other injury,Bicyclists
T20190019607,9/24/2019,19:30:00,1,Collision with vehicle,3,Tuesday,163,VEHICLE STRIKES DOOR OF PARKED/STATIONARY VEHICLE,3,604070,2,0,0,1,1,2,1,5,Not at intersection,3,40,Arterial Other,26-29,Other injury,Bicyclists
T20190019625,10/8/2019,10:00:00,1,Collision with vehicle,3,Tuesday,110,CROSS TRAFFIC(INTERSECTIONS ONLY),1,44177,2,0,1,0,2,3,1,1,Cross intersection,2,60,Local Road,65-69,Serious injury,Bicyclists
T20190019654,10/4/2019,11:30:00,1,Collision with vehicle,6,Friday,130,REAR END(VEHICLES IN SAME LANE),1,72281,2,0,1,0,1,2,2,4,Multiple intersection,2,60,Local Road,70+,Serious injury,Bicyclists
T20190019659,10/8/2019,12:45:00,1,Collision with vehicle,2,Tuesday,163,VEHICLE STRIKES DOOR OF PARKED/STATIONARY VEHICLE,1,592519,2,0,0,1,2,3,2,5,Not at intersection,3,60,Uknown,30-39,Other injury,Bicyclists
T20190019742,10/8/2019,17:30:00,1,Collision with vehicle,3,Tuesday,137,LEFT TURN SIDESWIPE,1,149,2,0,0,1,1,2,2,2,T intersection,3,60,Local Road,30-39,Other injury,Bicyclists
T20190019744,10/9/2019,14:40:00,1,Collision with vehicle,4,Wednesday,137,LEFT TURN SIDESWIPE,1,36988,2,0,1,0,2,3,2,2,T intersection,2,40,Local Road,26-29,Serious injury,Bicyclists
T20190019753,10/9/2019,14:39:00,1,Collision with vehicle,4,Wednesday,135,LANE CHANGE LEFT (NOT OVERTAKING),1,591787,2,0,0,1,1,2,2,5,Not at intersection,3,40,Arterial Other,26-29,Other injury,Bicyclists
T20190019781,10/9/2019,19:20:00,1,Collision with vehicle,4,Wednesday,153,CUTTING IN (OVERTAKING),1,600153,2,0,1,0,1,2,2,1,Cross intersection,2,60,Arterial Other,30-39,Serious injury,Bicyclists
T20190019805,10/10/2019,8:55:00,1,Collision with vehicle,5,Thursday,121,RIGHT THROUGH,1,36063,2,0,1,0,1,2,1,2,T intersection,2,60,Local Road,30-39,Serious injury,Bicyclists
T20190019883,10/10/2019,22:20:00,1,Collision with vehicle,5,Thursday,160,VEHICLE COLLIDES WITH VEHICLE PARKED ON LEFT OF ROAD,3,108137,2,0,1,0,0,1,1,5,Not at intersection,2,60,Arterial Other,30-39,Serious injury,Bicyclists
T20190019899,10/7/2019,8:10:00,1,Collision with vehicle,2,Monday,122,LEFT THROUGH,1,36051,2,0,0,1,0,1,2,2,T intersection,3,999,Local Road,30-39,Other injury,Bicyclists
T20190019910,5/10/2019,17:00:00,1,Collision with vehicle,6,Friday,110,CROSS TRAFFIC(INTERSECTIONS ONLY),6,62480,2,0,0,1,1,2,2,1,Cross intersection,3,999,Local Road,30-39,Other injury,Bicyclists
T20190019943,10/11/2019,16:28:00,1,Collision with vehicle,6,Friday,148,VEHICLE OFF FOOTPATH STRIKES VEH ON CARRIAGEWAY,1,657213,2,0,0,1,1,2,1,5,Not at intersection,3,80,Local Road,13-15,Other injury,Bicyclists
T20190019946,10/11/2019,15:50:00,1,Collision with vehicle,6,Friday,121,RIGHT THROUGH,1,593305,2,0,1,0,1,2,1,5,Not at intersection,2,50,Local Road,30-39,Serious injury,Bicyclists
T20190019947,10/11/2019,17:15:00,1,Collision with vehicle,5,Friday,119,OTHER ADJACENT (INTERSECTIONS ONLY),1,605876,2,0,0,1,1,2,2,1,Cross intersection,3,50,Local Road,18-21,Other injury,Bicyclists
T20190019972,10/12/2019,10:35:00,6,Vehicle overturned (no collision),7,Saturday,174,OUT OF CONTROL ON CARRIAGEWAY (ON STRAIGHT),1,657215,2,0,0,2,0,2,1,5,Not at intersection,3,60,Arterial Other,50-59,Other injury,Bicyclists
T20190019975,10/12/2019,9:30:00,1,Collision with vehicle,6,Saturday,121,RIGHT THROUGH,1,1237,2,0,0,1,0,1,2,2,T intersection,3,60,Arterial Other,40-49,Other injury,Bicyclists
T20190020009,10/12/2019,19:30:00,1,Collision with vehicle,7,Saturday,163,VEHICLE STRIKES DOOR OF PARKED/STATIONARY VEHICLE,1,37704,2,0,0,1,1,2,1,2,T intersection,3,40,Local Road,18-21,Other injury,Bicyclists
T20190020104,10/13/2019,17:20:00,1,Collision with vehicle,0,Sunday,148,VEHICLE OFF FOOTPATH STRIKES VEH ON CARRIAGEWAY,1,657476,2,0,0,1,1,2,2,2,T intersection,3,999,Local Road,45424,Other injury,Bicyclists
T20190020122,10/14/2019,8:10:00,1,Collision with vehicle,2,Monday,148,VEHICLE OFF FOOTPATH STRIKES VEH ON CARRIAGEWAY,1,657552,2,0,0,1,1,2,2,5,Not at intersection,3,50,Uknown,16-17,Other injury,Bicyclists
T20190020134,10/14/2019,15:00:00,1,Collision with vehicle,2,Monday,116,LEFT NEAR (INTERSECTIONS ONLY),1,62929,2,0,1,0,2,3,1,1,Cross intersection,2,60,Arterial Other,30-39,Serious injury,Bicyclists
T20190020152,10/14/2019,14:25:00,1,Collision with vehicle,2,Monday,120,HEAD ON (NOT OVERTAKING),1,593042,2,0,0,2,0,2,1,2,T intersection,3,50,Local Road,65-69,Other injury,Bicyclists
T20190020153,10/14/2019,17:00:00,1,Collision with vehicle,2,Monday,129,OTHER OPPOSING MANOEUVRES NOT INCLUDED IN DCAs 120-125.,1,594560,2,0,0,1,1,2,1,5,Not at intersection,3,60,Uknown,45424,Other injury,Bicyclists
T20190020174,10/14/2019,17:22:00,1,Collision with vehicle,2,Monday,137,LEFT TURN SIDESWIPE,1,52922,2,0,0,1,1,2,2,2,T intersection,3,60,Arterial Other,40-49,Other injury,Bicyclists
T20190020196,10/15/2019,8:45:00,1,Collision with vehicle,2,Tuesday,163,VEHICLE STRIKES DOOR OF PARKED/STATIONARY VEHICLE,1,647413,2,0,0,1,1,2,2,5,Not at intersection,3,50,Local Road,40-49,Other injury,Bicyclists
T20190020204,10/14/2019,16:50:00,1,Collision with vehicle,2,Monday,129,OTHER OPPOSING MANOEUVRES NOT INCLUDED IN DCAs 120-125.,1,593314,2,0,0,1,2,3,1,5,Not at intersection,3,40,Local Road,30-39,Other injury,Bicyclists
T20190020221,10/15/2019,17:21:00,1,Collision with vehicle,3,Tuesday,121,RIGHT THROUGH,1,38123,2,0,1,0,1,2,1,2,T intersection,2,40,Arterial Other,30-39,Serious injury,Bicyclists
T20190020245,10/16/2019,8:35:00,1,Collision with vehicle,4,Wednesday,121,RIGHT THROUGH,1,70316,2,0,1,0,1,2,1,2,T intersection,2,60,Local Road,50-59,Serious injury,Bicyclists
T20190020250,10/16/2019,8:40:00,1,Collision with vehicle,4,Wednesday,147,VEHICLE STRIKES ANOTHER VEH WHILE EMERGING FROM DRIVEWAY,1,657720,2,0,0,1,1,2,2,5,Not at intersection,3,50,Local Road,45424,Other injury,Bicyclists
T20190020251,10/16/2019,9:30:00,1,Collision with vehicle,4,Wednesday,163,VEHICLE STRIKES DOOR OF PARKED/STATIONARY VEHICLE,1,593316,2,0,0,1,2,3,1,5,Not at intersection,3,40,Local Road,30-39,Other injury,Bicyclists
T20190020258,10/10/2019,15:15:00,1,Collision with vehicle,5,Thursday,163,VEHICLE STRIKES DOOR OF PARKED/STATIONARY VEHICLE,1,657124,2,0,0,1,0,1,2,5,Not at intersection,3,40,Local Road,30-39,Other injury,Bicyclists
T20190020277,10/16/2019,10:58:00,1,Collision with vehicle,3,Wednesday,163,VEHICLE STRIKES DOOR OF PARKED/STATIONARY VEHICLE,1,657719,2,0,0,1,1,2,1,5,Not at intersection,3,40,Arterial Other,22-25,Other injury,Bicyclists
T20190020286,10/15/2019,15:40:00,1,Collision with vehicle,2,Tuesday,147,VEHICLE STRIKES ANOTHER VEH WHILE EMERGING FROM DRIVEWAY,1,594815,2,0,0,1,1,2,1,5,Not at intersection,3,60,Local Road,30-39,Other injury,Bicyclists
T20190020325,10/17/2019,7:01:00,1,Collision with vehicle,5,Thursday,132,RIGHT REAR.,2,40099,2,0,1,0,1,2,1,1,Cross intersection,2,60,Arterial Other,30-39,Serious injury,Bicyclists
T20190020365,10/17/2019,8:00:00,1,Collision with vehicle,5,Thursday,148,VEHICLE OFF FOOTPATH STRIKES VEH ON CARRIAGEWAY,1,648545,2,0,1,0,1,2,1,5,Not at intersection,2,40,Local Road,13-15,Serious injury,Bicyclists
T20190020380,10/17/2019,17:35:00,6,Vehicle overturned (no collision),5,Thursday,174,OUT OF CONTROL ON CARRIAGEWAY (ON STRAIGHT),1,597659,2,0,0,1,1,2,1,5,Not at intersection,3,60,Arterial Other,50-59,Other injury,Bicyclists
T20190020381,10/17/2019,16:55:00,1,Collision with vehicle,5,Thursday,113,RIGHT NEAR (INTERSECTIONS ONLY),1,600331,2,0,1,0,1,2,1,2,T intersection,2,40,Local Road,50-59,Serious injury,Bicyclists
T20190020436,10/15/2019,9:10:00,1,Collision with vehicle,3,Tuesday,145,REVERSING IN STREAM OF TRAFFIC,1,593826,2,0,0,1,1,2,2,5,Not at intersection,3,60,Uknown,40-49,Other injury,Bicyclists
T20190020437,10/10/2019,8:35:00,1,Collision with vehicle,4,Thursday,133,LANE SIDE SWIPE (VEHICLES IN PARALLEL LANES),1,258702,2,0,0,1,1,2,2,1,Cross intersection,3,60,Arterial Other,26-29,Other injury,Bicyclists
T20190020448,10/18/2019,11:00:00,1,Collision with vehicle,6,Friday,121,RIGHT THROUGH,1,36036,2,0,0,1,1,2,1,2,T intersection,3,40,Local Road,22-25,Other injury,Bicyclists
T20190020467,10/14/2019,10:20:00,7,Fall from or in moving vehicle,1,Monday,190,FELL IN/FROM VEHICLE,1,594062,1,0,0,1,0,1,2,5,Not at intersection,3,50,Local Road,30-39,Other injury,Bicyclists
T20190020469,10/18/2019,17:05:00,1,Collision with vehicle,6,Friday,119,OTHER ADJACENT (INTERSECTIONS ONLY),1,596863,2,0,0,1,1,2,1,1,Cross intersection,3,50,Local Road,16-17,Other injury,Bicyclists
T20190020471,10/18/2019,14:30:00,1,Collision with vehicle,5,Friday,148,VEHICLE OFF FOOTPATH STRIKES VEH ON CARRIAGEWAY,1,594063,2,0,0,1,1,2,1,5,Not at intersection,3,50,Local Road,16-17,Other injury,Bicyclists
T20190020482,10/18/2019,17:00:00,1,Collision with vehicle,6,Friday,148,VEHICLE OFF FOOTPATH STRIKES VEH ON CARRIAGEWAY,1,303847,2,0,0,1,1,2,2,2,T intersection,3,999,Local Road,60-64,Other injury,Bicyclists
T20190020509,10/3/2019,17:15:00,1,Collision with vehicle,5,Thursday,147,VEHICLE STRIKES ANOTHER VEH WHILE EMERGING FROM DRIVEWAY,1,598480,2,0,0,1,1,2,1,5,Not at intersection,3,50,Local Road,30-39,Other injury,Bicyclists
T20190020528,10/13/2019,15:00:00,1,Collision with vehicle,1,Sunday,110,CROSS TRAFFIC(INTERSECTIONS ONLY),1,659804,2,0,0,1,1,2,2,1,Cross intersection,3,30,Local Road,65-69,Other injury,Bicyclists
T20190020567,9/21/2019,17:00:00,1,Collision with vehicle,6,Saturday,163,VEHICLE STRIKES DOOR OF PARKED/STATIONARY VEHICLE,1,595596,2,0,0,1,1,2,2,5,Not at intersection,3,50,Arterial Highway,50-59,Other injury,Bicyclists
T20190020581,10/19/2019,10:20:00,1,Collision with vehicle,7,Saturday,135,LANE CHANGE LEFT (NOT OVERTAKING),1,600476,2,0,0,1,2,3,2,5,Not at intersection,3,999,Arterial Other,26-29,Other injury,Bicyclists
T20190020599,10/20/2019,11:39:00,1,Collision with vehicle,1,Sunday,140,U TURN,1,610137,2,0,0,1,1,2,1,5,Not at intersection,3,60,Arterial Other,40-49,Other injury,Bicyclists
T20190020609,10/18/2019,18:30:00,1,Collision with vehicle,6,Friday,130,REAR END(VEHICLES IN SAME LANE),1,594572,2,0,1,0,1,2,2,5,Not at intersection,2,60,Arterial Other,18-21,Serious injury,Bicyclists
T20190020612,10/20/2019,14:20:00,1,Collision with vehicle,1,Sunday,113,RIGHT NEAR (INTERSECTIONS ONLY),1,594308,2,0,1,0,1,2,1,2,T intersection,2,80,Arterial Other,60-64,Serious injury,Bicyclists
T20190020646,10/18/2019,16:20:00,1,Collision with vehicle,6,Friday,121,RIGHT THROUGH,1,658211,2,0,0,1,1,2,2,5,Not at intersection,3,50,Local Road,30-39,Other injury,Bicyclists
T20190020649,10/21/2019,8:20:00,1,Collision with vehicle,2,Monday,147,VEHICLE STRIKES ANOTHER VEH WHILE EMERGING FROM DRIVEWAY,1,101140,2,0,0,2,0,2,2,5,Not at intersection,3,999,Arterial Highway,16-17,Other injury,Bicyclists
T20190020673,10/21/2019,13:36:00,1,Collision with vehicle,2,Monday,120,HEAD ON (NOT OVERTAKING),1,46739,2,0,0,1,1,2,1,2,T intersection,3,50,Local Road,70+,Other injury,Bicyclists
T20190020675,4/4/2019,17:20:00,1,Collision with vehicle,5,Thursday,163,VEHICLE STRIKES DOOR OF PARKED/STATIONARY VEHICLE,1,45419,2,0,1,0,1,2,2,2,T intersection,2,60,Arterial Other,50-59,Serious injury,Bicyclists
T20190020692,10/8/2019,20:55:00,1,Collision with vehicle,3,Tuesday,163,VEHICLE STRIKES DOOR OF PARKED/STATIONARY VEHICLE,3,603343,2,0,0,1,1,2,2,5,Not at intersection,3,40,Arterial Highway,30-39,Other injury,Bicyclists
T20190020700,10/21/2019,19:35:00,1,Collision with vehicle,1,Monday,116,LEFT NEAR (INTERSECTIONS ONLY),2,47129,2,0,0,1,1,2,1,2,T intersection,3,40,Arterial Other,50-59,Other injury,Bicyclists
T20190020734,10/12/2019,11:00:00,1,Collision with vehicle,6,Saturday,121,RIGHT THROUGH,1,358748,2,0,0,1,0,1,2,2,T intersection,3,999,Arterial Other,70+,Other injury,Bicyclists
T20190020735,10/22/2019,9:16:00,1,Collision with vehicle,2,Tuesday,110,CROSS TRAFFIC(INTERSECTIONS ONLY),1,45552,2,0,0,1,1,2,1,1,Cross intersection,3,50,Local Road,18-21,Other injury,Bicyclists
T20190020744,10/22/2019,10:45:00,1,Collision with vehicle,2,Tuesday,137,LEFT TURN SIDESWIPE,1,36051,2,0,0,1,2,3,1,2,T intersection,3,50,Local Road,22-25,Other injury,Bicyclists
T20190020760,9/30/2019,13:00:00,8,No collision and no object struck,2,Monday,179,OTHER ACCIDENTS-OFF STRAIGHT NOT INCLUDED IN DCAs 170-175,1,52831,2,0,1,0,1,2,2,1,Cross intersection,2,50,Arterial Other,65-69,Serious injury,Bicyclists
T20190020775,10/22/2019,17:28:00,1,Collision with vehicle,2,Tuesday,110,CROSS TRAFFIC(INTERSECTIONS ONLY),1,45088,2,0,0,1,1,2,1,1,Cross intersection,3,50,Local Road,40-49,Other injury,Bicyclists
T20190020809,10/22/2019,14:05:00,1,Collision with vehicle,2,Tuesday,121,RIGHT THROUGH,1,37026,2,0,1,0,1,2,1,1,Cross intersection,2,50,Local Road,26-29,Serious injury,Bicyclists
T20190020819,10/22/2019,18:02:00,1,Collision with vehicle,2,Tuesday,134,LANE CHANGE RIGHT (NOT OVERTAKING),1,595323,2,0,0,1,1,2,1,5,Not at intersection,3,999,Local Road,26-29,Other injury,Bicyclists
T20190020826,10/23/2019,9:50:00,1,Collision with vehicle,4,Wednesday,148,VEHICLE OFF FOOTPATH STRIKES VEH ON CARRIAGEWAY,1,659203,2,0,1,0,1,2,1,5,Not at intersection,2,80,Uknown,50-59,Serious injury,Bicyclists
T20190020831,10/23/2019,8:00:00,1,Collision with vehicle,3,Wednesday,137,LEFT TURN SIDESWIPE,9,64360,2,0,0,1,1,2,2,1,Cross intersection,3,999,Local Road,40-49,Other injury,Bicyclists
T20190020838,10/23/2019,7:35:00,1,Collision with vehicle,3,Wednesday,113,RIGHT NEAR (INTERSECTIONS ONLY),1,40123,2,0,0,1,1,2,2,2,T intersection,3,60,Arterial Highway,30-39,Other injury,Bicyclists
T20190020857,10/22/2019,19:00:00,2,Struck Pedestrian,3,Tuesday,103,PED PLAYING/LYING/WORKING/STANDING ON CARRIAGEWAY.,1,595327,1,0,0,1,1,2,2,5,Not at intersection,3,50,Local Road,Unknown,Not injured,Bicyclists
T20190020858,10/23/2019,17:47:00,1,Collision with vehicle,4,Wednesday,113,RIGHT NEAR (INTERSECTIONS ONLY),2,52829,2,0,1,0,2,3,1,2,T intersection,2,50,Local Road,30-39,Serious injury,Bicyclists
T20190020867,10/23/2019,17:56:00,1,Collision with vehicle,4,Wednesday,121,RIGHT THROUGH,1,37198,2,0,1,0,2,3,1,2,T intersection,2,40,Arterial Other,26-29,Serious injury,Bicyclists
T20190020874,10/23/2019,19:00:00,1,Collision with vehicle,4,Wednesday,110,CROSS TRAFFIC(INTERSECTIONS ONLY),1,42835,2,0,0,1,1,2,1,1,Cross intersection,3,60,Local Road,50-59,Other injury,Bicyclists
T20190020903,10/24/2019,8:55:00,1,Collision with vehicle,5,Thursday,137,LEFT TURN SIDESWIPE,1,595331,2,0,1,0,1,2,1,1,Cross intersection,2,40,Local Road,30-39,Serious injury,Bicyclists
T20190020927,10/21/2019,7:50:00,1,Collision with vehicle,2,Monday,110,CROSS TRAFFIC(INTERSECTIONS ONLY),1,66031,2,0,0,1,1,2,2,1,Cross intersection,3,50,Local Road,30-39,Other injury,Bicyclists
T20190020941,10/23/2019,15:45:00,1,Collision with vehicle,4,Wednesday,121,RIGHT THROUGH,1,65456,2,0,1,0,1,2,2,2,T intersection,2,60,Arterial Other,26-29,Serious injury,Bicyclists
T20190020972,10/24/2019,17:19:00,1,Collision with vehicle,4,Thursday,110,CROSS TRAFFIC(INTERSECTIONS ONLY),1,37549,2,0,0,1,1,2,1,1,Cross intersection,3,50,Arterial Other,26-29,Other injury,Bicyclists
T20190020988,10/25/2019,6:30:00,8,No collision and no object struck,6,Friday,179,OTHER ACCIDENTS-OFF STRAIGHT NOT INCLUDED IN DCAs 170-175,2,606693,1,0,0,1,0,1,2,5,Not at intersection,3,50,Local Road,60-64,Other injury,Bicyclists
T20190020996,10/25/2019,7:40:00,1,Collision with vehicle,5,Friday,116,LEFT NEAR (INTERSECTIONS ONLY),1,50368,2,0,0,2,0,2,2,1,Cross intersection,3,60,Uknown,30-39,Other injury,Bicyclists
T20190021016,10/22/2019,16:15:00,1,Collision with vehicle,3,Tuesday,121,RIGHT THROUGH,1,36100,2,0,0,1,1,2,2,1,Cross intersection,3,50,Arterial Other,30-39,Other injury,Bicyclists
T20190021018,10/25/2019,10:30:00,1,Collision with vehicle,6,Friday,110,CROSS TRAFFIC(INTERSECTIONS ONLY),9,64112,2,0,1,0,0,1,2,1,Cross intersection,2,999,Local Road,30-39,Serious injury,Bicyclists
T20190021022,10/19/2019,8:42:00,1,Collision with vehicle,7,Saturday,130,REAR END(VEHICLES IN SAME LANE),1,596347,2,0,0,1,1,2,1,1,Cross intersection,3,50,Uknown,50-59,Other injury,Bicyclists
T20190021031,10/22/2019,20:00:00,1,Collision with vehicle,3,Tuesday,137,LEFT TURN SIDESWIPE,3,45638,2,0,0,1,1,2,2,1,Cross intersection,3,40,Arterial Other,26-29,Other injury,Bicyclists
T20190021054,10/18/2019,10:50:00,1,Collision with vehicle,6,Friday,131,LEFT REAR,1,65039,2,0,0,1,1,2,2,2,T intersection,3,999,Local Road,18-21,Other injury,Bicyclists
T20190021083,10/24/2019,16:10:00,1,Collision with vehicle,5,Thursday,137,LEFT TURN SIDESWIPE,1,595858,2,0,0,1,1,2,2,5,Not at intersection,3,60,Local Road,40-49,Other injury,Bicyclists
T20190021085,10/18/2019,15:30:00,1,Collision with vehicle,6,Friday,137,LEFT TURN SIDESWIPE,1,43460,2,0,0,1,1,2,1,1,Cross intersection,3,50,Local Road,65-69,Other injury,Bicyclists
T20190021172,10/15/2019,17:00:00,1,Collision with vehicle,3,Tuesday,163,VEHICLE STRIKES DOOR OF PARKED/STATIONARY VEHICLE,9,597144,2,0,0,1,1,2,2,5,Not at intersection,3,50,Local Road,30-39,Other injury,Bicyclists
T20190021185,10/28/2019,7:14:00,1,Collision with vehicle,2,Monday,114,TWO RIGHT TURNING (INTERSECTIONS ONLY),1,63496,2,0,0,1,1,2,1,2,T intersection,3,40,Local Road,30-39,Other injury,Bicyclists
T20190021188,10/28/2019,7:58:00,1,Collision with vehicle,2,Monday,116,LEFT NEAR (INTERSECTIONS ONLY),1,40057,2,0,1,0,1,2,1,2,T intersection,2,40,Arterial Other,40-49,Serious injury,Bicyclists
T20190021198,9/20/2019,21:30:00,8,No collision and no object struck,6,Friday,174,OUT OF CONTROL ON CARRIAGEWAY (ON STRAIGHT),9,596604,2,0,0,1,0,1,2,2,T intersection,3,999,Local Road,26-29,Other injury,Bicyclists
T20190021227,10/28/2019,15:53:00,1,Collision with vehicle,2,Monday,113,RIGHT NEAR (INTERSECTIONS ONLY),1,650997,2,0,0,1,1,2,1,2,T intersection,3,50,Uknown,16-17,Other injury,Bicyclists
T20190021296,10/29/2019,7:45:00,1,Collision with vehicle,2,Tuesday,121,RIGHT THROUGH,1,341432,2,0,0,1,1,2,1,2,T intersection,3,60,Arterial Other,22-25,Other injury,Bicyclists
T20190021297,10/28/2019,20:05:00,1,Collision with vehicle,2,Monday,147,VEHICLE STRIKES ANOTHER VEH WHILE EMERGING FROM DRIVEWAY,2,610805,2,0,1,0,1,2,1,5,Not at intersection,2,888,Local Road,45424,Serious injury,Bicyclists
T20190021300,10/22/2019,10:45:00,6,Vehicle overturned (no collision),3,Tuesday,184,OUT OF CONTROL ON CARRIAGEWAY (ON BEND),1,596352,1,0,1,0,0,1,2,5,Not at intersection,2,60,Uknown,60-64,Serious injury,Bicyclists
T20190021309,10/29/2019,13:35:00,1,Collision with vehicle,3,Tuesday,139,OTHER SAME DIRECTION-MANOUEVRES NOT INCLUDED IN DCAs 130-137,1,610141,2,0,1,0,1,2,1,5,Not at intersection,2,80,Arterial Highway,50-59,Serious injury,Bicyclists
T20190021318,10/6/2019,19:00:00,1,Collision with vehicle,1,Sunday,147,VEHICLE STRIKES ANOTHER VEH WHILE EMERGING FROM DRIVEWAY,2,656662,3,0,0,1,2,3,2,5,Not at intersection,3,60,Arterial Highway,45424,Other injury,Bicyclists
T20190021328,10/29/2019,14:32:00,1,Collision with vehicle,3,Tuesday,147,VEHICLE STRIKES ANOTHER VEH WHILE EMERGING FROM DRIVEWAY,1,596880,2,0,1,0,1,2,1,5,Not at intersection,2,60,Arterial Other,70+,Serious injury,Bicyclists
T20190021341,10/28/2019,17:40:00,1,Collision with vehicle,1,Monday,163,VEHICLE STRIKES DOOR OF PARKED/STATIONARY VEHICLE,1,650998,2,0,0,1,1,2,2,5,Not at intersection,3,50,Arterial Other,30-39,Other injury,Bicyclists
T20190021363,10/29/2019,18:03:00,1,Collision with vehicle,2,Tuesday,121,RIGHT THROUGH,1,37181,2,0,1,0,1,2,1,2,T intersection,2,60,Arterial Other,26-29,Serious injury,Bicyclists
T20190021370,10/13/2019,6:00:00,1,Collision with vehicle,1,Sunday,163,VEHICLE STRIKES DOOR OF PARKED/STATIONARY VEHICLE,2,597933,2,0,0,1,2,3,2,5,Not at intersection,3,40,Local Road,40-49,Other injury,Bicyclists
T20190021375,10/29/2019,7:40:00,1,Collision with vehicle,3,Tuesday,113,RIGHT NEAR (INTERSECTIONS ONLY),1,600775,2,0,0,1,1,2,1,2,T intersection,3,50,Uknown,40-49,Other injury,Bicyclists
T20190021391,10/29/2019,16:00:00,1,Collision with vehicle,2,Tuesday,121,RIGHT THROUGH,1,69530,2,0,0,1,1,2,2,2,T intersection,3,999,Local Road,30-39,Other injury,Bicyclists
T20190021392,10/30/2019,10:50:00,1,Collision with vehicle,4,Wednesday,163,VEHICLE STRIKES DOOR OF PARKED/STATIONARY VEHICLE,1,602177,4,0,2,1,1,4,1,5,Not at intersection,2,60,Arterial Other,50-59,Serious injury,Bicyclists
T20190021399,10/28/2019,15:15:00,1,Collision with vehicle,2,Monday,110,CROSS TRAFFIC(INTERSECTIONS ONLY),1,44653,2,0,0,1,2,3,1,1,Cross intersection,3,50,Local Road,50-59,Other injury,Bicyclists
T20190021401,10/30/2019,12:05:00,1,Collision with vehicle,3,Wednesday,163,VEHICLE STRIKES DOOR OF PARKED/STATIONARY VEHICLE,1,597154,2,0,0,1,1,2,1,5,Not at intersection,3,40,Arterial Other,65-69,Other injury,Bicyclists
T20190021407,10/30/2019,14:10:00,8,No collision and no object struck,4,Wednesday,179,OTHER ACCIDENTS-OFF STRAIGHT NOT INCLUDED IN DCAs 170-175,1,597800,1,0,0,1,0,1,1,4,Multiple intersection,3,50,Uknown,13-15,Other injury,Bicyclists
T20190021440,10/7/2019,16:00:00,7,Fall from or in moving vehicle,1,Monday,190,FELL IN/FROM VEHICLE,1,597934,1,0,0,1,0,1,2,2,T intersection,3,999,Local Road,50-59,Other injury,Bicyclists
T20190021442,10/28/2019,16:20:00,8,No collision and no object struck,2,Monday,174,OUT OF CONTROL ON CARRIAGEWAY (ON STRAIGHT),1,36546,2,0,0,1,0,1,2,1,Cross intersection,3,40,Local Road,30-39,Other injury,Bicyclists
T20190021455,10/28/2019,18:15:00,1,Collision with vehicle,1,Monday,163,VEHICLE STRIKES DOOR OF PARKED/STATIONARY VEHICLE,1,598491,2,0,0,1,1,2,2,5,Not at intersection,3,60,Local Road,26-29,Other injury,Bicyclists
T20190021476,10/31/2019,8:20:00,1,Collision with vehicle,5,Thursday,110,CROSS TRAFFIC(INTERSECTIONS ONLY),1,597409,2,0,1,0,1,2,1,1,Cross intersection,2,60,Local Road,22-25,Serious injury,Bicyclists
T20190021509,10/31/2019,13:30:00,1,Collision with vehicle,4,Thursday,163,VEHICLE STRIKES DOOR OF PARKED/STATIONARY VEHICLE,1,654691,2,0,0,1,2,3,2,1,Cross intersection,3,40,Local Road,Unknown,Other injury,Bicyclists
T20190021524,10/28/2019,19:30:00,1,Collision with vehicle,2,Monday,116,LEFT NEAR (INTERSECTIONS ONLY),1,599880,2,0,1,0,1,2,2,2,T intersection,2,999,Local Road,30-39,Serious injury,Bicyclists
T20190021531,10/31/2019,15:43:00,1,Collision with vehicle,4,Thursday,148,VEHICLE OFF FOOTPATH STRIKES VEH ON CARRIAGEWAY,1,597937,2,0,0,1,3,4,1,3,Y intersection,3,60,Local Road,13-15,Other injury,Bicyclists