ACCIDENT_NO,ACCIDENT_DATE,ACCIDENT_TIME,ACCIDENT_TYPE,ACCIDENT_TYPE_DESC,DAY_OF_WEEK,DAY_WEEK_DESC,DCA_CODE,DCA_DESC,LIGHT_CONDITION,NODE_ID,NO_OF_VEHICLES,NO_PERSONS_KILLED,NO_PERSONS_INJ_2,NO_PERSONS_INJ_3,NO_PERSONS_NOT_INJ,NO_PERSONS,POLICE_ATTEND,ROAD_GEOMETRY,ROAD_GEOMETRY_DESC,SEVERITY,SPEED_ZONE,RMA,AGE_GROUP,INJ_LEVEL,ROAD_USER_TYPE_DESC
T20190021540,10/31/2019,15:30:00,1,Collision with vehicle,4,Thursday,110,CROSS TRAFFIC(INTERSECTIONS ONLY),1,35552,2,0,0,1,1,2,2,1,Cross intersection,3,60,Local Road,13-15,Other injury,Bicyclists
T20190021549,10/31/2019,21:47:00,1,Collision with vehicle,4,Thursday,110,CROSS TRAFFIC(INTERSECTIONS ONLY),3,35355,2,0,0,1,3,4,1,1,Cross intersection,3,40,Local Road,22-25,Other injury,Bicyclists
T20190021557,11/1/2019,7:30:00,1,Collision with vehicle,6,Friday,137,LEFT TURN SIDESWIPE,2,253557,2,0,0,1,0,1,2,1,Cross intersection,3,60,Local Road,22-25,Other injury,Bicyclists
T20190021579,11/1/2019,10:50:00,1,Collision with vehicle,6,Friday,136,RIGHT TURN SIDESWIPE,1,36867,2,0,0,1,1,2,1,1,Cross intersection,3,40,Local Road,30-39,Other injury,Bicyclists
T20190021587,11/1/2019,7:30:00,1,Collision with vehicle,5,Friday,121,RIGHT THROUGH,2,45399,2,0,0,1,1,2,2,2,T intersection,3,999,Arterial Other,30-39,Other injury,Bicyclists
T20190021592,10/31/2019,20:45:00,1,Collision with vehicle,5,Thursday,163,VEHICLE STRIKES DOOR OF PARKED/STATIONARY VEHICLE,3,598771,2,0,0,1,2,3,2,5,Not at intersection,3,999,Local Road,30-39,Other injury,Bicyclists
T20190021595,11/1/2019,15:50:00,1,Collision with vehicle,5,Friday,163,VEHICLE STRIKES DOOR OF PARKED/STATIONARY VEHICLE,1,239002,2,0,0,1,0,1,2,5,Not at intersection,3,40,Local Road,13-15,Other injury,Bicyclists
T20190021602,10/28/2019,7:55:00,1,Collision with vehicle,1,Monday,137,LEFT TURN SIDESWIPE,1,7558,2,0,1,0,1,2,1,1,Cross intersection,2,60,Arterial Other,50-59,Serious injury,Bicyclists
T20190021613,10/29/2019,7:40:00,1,Collision with vehicle,3,Tuesday,121,RIGHT THROUGH,1,602760,2,0,0,1,1,2,2,1,Cross intersection,3,40,Local Road,26-29,Other injury,Bicyclists
T20190021645,10/29/2019,8:50:00,1,Collision with vehicle,3,Tuesday,131,LEFT REAR,1,598498,2,0,1,0,1,2,2,5,Not at intersection,2,60,Arterial Other,30-39,Serious injury,Bicyclists
T20190021663,11/2/2019,10:30:00,1,Collision with vehicle,7,Saturday,147,VEHICLE STRIKES ANOTHER VEH WHILE EMERGING FROM DRIVEWAY,1,597806,2,0,1,0,1,2,1,5,Not at intersection,2,999,Local Road,50-59,Serious injury,Bicyclists
T20190021665,11/2/2019,8:15:00,1,Collision with vehicle,7,Saturday,147,VEHICLE STRIKES ANOTHER VEH WHILE EMERGING FROM DRIVEWAY,1,656940,2,0,0,1,1,2,1,5,Not at intersection,3,999,Arterial Highway,18-21,Other injury,Bicyclists
T20190021670,10/30/2019,16:40:00,1,Collision with vehicle,3,Wednesday,137,LEFT TURN SIDESWIPE,9,606522,2,0,0,1,1,2,2,2,T intersection,3,40,Local Road,30-39,Other injury,Bicyclists
T20190021772,11/3/2019,16:58:00,1,Collision with vehicle,1,Sunday,110,CROSS TRAFFIC(INTERSECTIONS ONLY),1,44762,2,0,1,0,1,2,1,1,Cross intersection,2,50,Local Road,40-49,Serious injury,Bicyclists
T20190021825,10/30/2019,22:00:00,1,Collision with vehicle,4,Wednesday,163,VEHICLE STRIKES DOOR OF PARKED/STATIONARY VEHICLE,3,602178,2,0,0,1,1,2,2,5,Not at intersection,3,40,Local Road,30-39,Other injury,Bicyclists
T20190021830,11/3/2019,9:00:00,1,Collision with vehicle,1,Sunday,110,CROSS TRAFFIC(INTERSECTIONS ONLY),1,43450,2,0,0,1,1,2,2,1,Cross intersection,3,60,Local Road,40-49,Other injury,Bicyclists
T20190021837,11/4/2019,15:30:00,1,Collision with vehicle,2,Monday,136,RIGHT TURN SIDESWIPE,1,598501,2,0,0,1,1,2,1,5,Not at intersection,3,50,Local Road,13-15,Other injury,Bicyclists
T20190021846,10/30/2019,9:15:00,1,Collision with vehicle,4,Wednesday,116,LEFT NEAR (INTERSECTIONS ONLY),1,651364,2,0,0,1,1,2,2,2,T intersection,3,50,Local Road,22-25,Other injury,Bicyclists
T20190021873,10/10/2019,15:30:00,1,Collision with vehicle,5,Thursday,148,VEHICLE OFF FOOTPATH STRIKES VEH ON CARRIAGEWAY,1,612169,2,0,0,2,0,2,2,5,Not at intersection,3,999,Local Road,22-25,Other injury,Bicyclists
T20190021903,11/5/2019,14:48:00,1,Collision with vehicle,3,Tuesday,133,LANE SIDE SWIPE (VEHICLES IN PARALLEL LANES),1,36037,2,0,1,0,1,2,1,1,Cross intersection,2,40,Local Road,30-39,Serious injury,Bicyclists
T20190021918,11/5/2019,20:00:00,1,Collision with vehicle,2,Tuesday,137,LEFT TURN SIDESWIPE,2,238,2,0,0,1,1,2,1,1,Cross intersection,3,40,Local Road,26-29,Other injury,Bicyclists
T20190021950,11/6/2019,17:25:00,1,Collision with vehicle,4,Wednesday,132,RIGHT REAR.,1,600178,2,0,0,1,2,3,1,1,Cross intersection,3,50,Uknown,45424,Other injury,Bicyclists
T20190021965,11/6/2019,17:45:00,1,Collision with vehicle,4,Wednesday,147,VEHICLE STRIKES ANOTHER VEH WHILE EMERGING FROM DRIVEWAY,1,650555,2,0,1,0,1,2,1,5,Not at intersection,2,60,Arterial Other,16-17,Serious injury,Bicyclists
T20190021989,11/7/2019,8:20:00,1,Collision with vehicle,4,Thursday,133,LANE SIDE SWIPE (VEHICLES IN PARALLEL LANES),1,29397,2,0,0,1,1,2,1,1,Cross intersection,3,40,Arterial Other,30-39,Other injury,Bicyclists
T20190022001,11/5/2019,17:00:00,5,collision with some other object,3,Tuesday,179,OTHER ACCIDENTS-OFF STRAIGHT NOT INCLUDED IN DCAs 170-175,1,651003,1,0,0,1,0,1,1,1,Cross intersection,3,999,Arterial Other,40-49,Other injury,Bicyclists
T20190022002,10/27/2019,9:15:00,1,Collision with vehicle,0,Sunday,110,CROSS TRAFFIC(INTERSECTIONS ONLY),9,63406,2,0,0,1,1,2,9,1,Cross intersection,3,999,Local Road,26-29,Other injury,Bicyclists
T20190022019,11/7/2019,12:45:00,1,Collision with vehicle,5,Thursday,142,LEAVING PARKING,1,659174,2,0,0,1,1,2,1,5,Not at intersection,3,60,Arterial Other,30-39,Other injury,Bicyclists
T20190022078,3/22/2019,11:00:00,1,Collision with vehicle,6,Friday,130,REAR END(VEHICLES IN SAME LANE),1,29786,2,0,0,1,0,1,2,1,Cross intersection,3,50,Local Road,50-59,Other injury,Bicyclists
T20190022100,11/7/2019,19:30:00,1,Collision with vehicle,5,Thursday,135,LANE CHANGE LEFT (NOT OVERTAKING),2,29363,2,0,0,1,0,1,2,2,T intersection,3,60,Arterial Highway,22-25,Other injury,Bicyclists
T20190022130,10/8/2019,20:20:00,1,Collision with vehicle,3,Tuesday,163,VEHICLE STRIKES DOOR OF PARKED/STATIONARY VEHICLE,3,607396,2,0,0,1,1,2,2,2,T intersection,3,40,Local Road,26-29,Other injury,Bicyclists
T20190022189,11/6/2019,18:00:00,1,Collision with vehicle,4,Wednesday,147,VEHICLE STRIKES ANOTHER VEH WHILE EMERGING FROM DRIVEWAY,1,637146,2,0,0,1,1,2,1,5,Not at intersection,3,40,Arterial Other,30-39,Other injury,Bicyclists
T20190022202,11/9/2019,7:00:00,1,Collision with vehicle,6,Saturday,121,RIGHT THROUGH,2,41162,2,0,0,1,1,2,2,2,T intersection,3,50,Local Road,50-59,Other injury,Bicyclists
T20190022231,11/9/2019,18:37:00,1,Collision with vehicle,7,Saturday,120,HEAD ON (NOT OVERTAKING),2,599893,2,0,0,1,1,2,2,5,Not at intersection,3,60,Local Road,40-49,Other injury,Bicyclists
T20190022267,11/10/2019,12:10:00,1,Collision with vehicle,1,Sunday,133,LANE SIDE SWIPE (VEHICLES IN PARALLEL LANES),1,627526,2,0,1,0,1,2,1,5,Not at intersection,2,80,Arterial Highway,40-49,Serious injury,Bicyclists
T20190022288,11/10/2019,20:22:00,1,Collision with vehicle,1,Sunday,115,RIGHT/LEFT FAR (INTERSECTIONS ONLY),3,43099,2,0,1,0,1,2,1,2,T intersection,2,60,Local Road,18-21,Serious injury,Bicyclists
T20190022302,11/11/2019,10:00:00,1,Collision with vehicle,2,Monday,133,LANE SIDE SWIPE (VEHICLES IN PARALLEL LANES),1,600190,2,0,0,1,1,2,1,5,Not at intersection,3,50,Local Road,40-49,Other injury,Bicyclists
T20190022345,10/22/2019,18:30:00,1,Collision with vehicle,3,Tuesday,111,RIGHT FAR (INTERSECTIONS ONLY),1,40074,2,0,0,1,1,2,2,2,T intersection,3,50,Local Road,26-29,Other injury,Bicyclists
T20190022356,11/11/2019,18:00:00,1,Collision with vehicle,1,Monday,130,REAR END(VEHICLES IN SAME LANE),1,35787,2,0,0,1,0,1,1,1,Cross intersection,3,50,Arterial Other,45424,Other injury,Bicyclists
T20190022366,11/11/2019,16:45:00,1,Collision with vehicle,2,Monday,148,VEHICLE OFF FOOTPATH STRIKES VEH ON CARRIAGEWAY,2,600502,2,0,0,1,1,2,2,1,Cross intersection,3,60,Arterial Other,45424,Other injury,Bicyclists
T20190022367,11/11/2019,18:20:00,1,Collision with vehicle,2,Monday,163,VEHICLE STRIKES DOOR OF PARKED/STATIONARY VEHICLE,1,600503,2,0,1,0,3,4,1,5,Not at intersection,2,60,Uknown,40-49,Serious injury,Bicyclists
T20190022371,11/11/2019,16:55:00,1,Collision with vehicle,1,Monday,121,RIGHT THROUGH,1,36036,2,0,0,1,1,2,1,2,T intersection,3,40,Local Road,30-39,Other injury,Bicyclists
T20190022372,11/11/2019,20:00:00,1,Collision with vehicle,2,Monday,148,VEHICLE OFF FOOTPATH STRIKES VEH ON CARRIAGEWAY,2,609884,2,0,0,1,1,2,1,5,Not at intersection,3,60,Arterial Other,30-39,Other injury,Bicyclists
T20190022374,11/11/2019,8:10:00,1,Collision with vehicle,2,Monday,139,OTHER SAME DIRECTION-MANOUEVRES NOT INCLUDED IN DCAs 130-137,1,602765,2,0,0,1,1,2,2,5,Not at intersection,3,60,Arterial Other,50-59,Other injury,Bicyclists
T20190022380,11/11/2019,20:50:00,1,Collision with vehicle,2,Monday,110,CROSS TRAFFIC(INTERSECTIONS ONLY),3,67571,2,0,1,0,1,2,1,1,Cross intersection,2,70,Arterial Highway,30-39,Serious injury,Bicyclists
T20190022436,11/12/2019,15:34:00,1,Collision with vehicle,3,Tuesday,147,VEHICLE STRIKES ANOTHER VEH WHILE EMERGING FROM DRIVEWAY,1,659588,2,0,1,0,1,2,1,5,Not at intersection,2,999,Uknown,13-15,Serious injury,Bicyclists
T20190022453,10/30/2019,15:25:00,1,Collision with vehicle,3,Wednesday,137,LEFT TURN SIDESWIPE,9,37026,2,0,0,1,1,2,2,1,Cross intersection,3,999,Local Road,22-25,Other injury,Bicyclists
T20190022469,11/13/2019,6:10:00,1,Collision with vehicle,4,Wednesday,135,LANE CHANGE LEFT (NOT OVERTAKING),2,659668,2,0,1,0,1,2,1,5,Not at intersection,2,60,Arterial Other,65-69,Serious injury,Bicyclists
T20190022478,11/7/2019,20:00:00,1,Collision with vehicle,5,Thursday,137,LEFT TURN SIDESWIPE,3,601083,2,0,1,0,1,2,2,4,Multiple intersection,2,30,Arterial Other,18-21,Serious injury,Bicyclists
T20190022479,11/13/2019,8:20:00,1,Collision with vehicle,4,Wednesday,110,CROSS TRAFFIC(INTERSECTIONS ONLY),1,52831,2,0,0,1,1,2,1,1,Cross intersection,3,60,Arterial Other,13-15,Other injury,Bicyclists
T20190022532,11/13/2019,16:49:00,1,Collision with vehicle,3,Wednesday,148,VEHICLE OFF FOOTPATH STRIKES VEH ON CARRIAGEWAY,1,629954,2,0,0,1,0,1,1,5,Not at intersection,3,40,Local Road,13-15,Other injury,Bicyclists
T20190022571,11/14/2019,9:07:00,1,Collision with vehicle,5,Thursday,137,LEFT TURN SIDESWIPE,1,36094,2,0,1,0,1,2,1,1,Cross intersection,2,50,Local Road,26-29,Serious injury,Bicyclists
T20190022573,3/1/2019,7:30:00,6,Vehicle overturned (no collision),6,Friday,174,OUT OF CONTROL ON CARRIAGEWAY (ON STRAIGHT),1,620726,1,0,0,1,0,1,2,5,Not at intersection,3,60,Local Road,70+,Other injury,Bicyclists
T20190022577,11/14/2019,8:56:00,1,Collision with vehicle,5,Thursday,147,VEHICLE STRIKES ANOTHER VEH WHILE EMERGING FROM DRIVEWAY,1,600933,2,0,0,1,1,2,1,2,T intersection,3,40,Local Road,30-39,Other injury,Bicyclists
T20190022591,11/14/2019,12:45:00,1,Collision with vehicle,5,Thursday,163,VEHICLE STRIKES DOOR OF PARKED/STATIONARY VEHICLE,1,600934,2,0,0,1,1,2,1,5,Not at intersection,3,50,Arterial Other,22-25,Other injury,Bicyclists
T20190022602,11/14/2019,8:00:00,1,Collision with vehicle,5,Thursday,111,RIGHT FAR (INTERSECTIONS ONLY),1,41214,2,0,0,1,1,2,2,1,Cross intersection,3,60,Local Road,30-39,Other injury,Bicyclists
T20190022629,11/14/2019,16:54:00,1,Collision with vehicle,5,Thursday,121,RIGHT THROUGH,1,358286,2,0,0,1,1,2,1,5,Not at intersection,3,60,Local Road,40-49,Other injury,Bicyclists
T20190022642,11/14/2019,22:10:00,1,Collision with vehicle,5,Thursday,116,LEFT NEAR (INTERSECTIONS ONLY),3,40083,2,0,1,0,1,2,1,2,T intersection,2,60,Arterial Other,26-29,Serious injury,Bicyclists
T20190022689,11/15/2019,13:40:00,1,Collision with vehicle,6,Friday,121,RIGHT THROUGH,1,44480,2,0,0,1,5,6,1,1,Cross intersection,3,40,Local Road,16-17,Other injury,Bicyclists
T20190022691,11/1/2019,17:45:00,1,Collision with vehicle,5,Friday,134,LANE CHANGE RIGHT (NOT OVERTAKING),9,36483,2,0,0,1,1,2,2,1,Cross intersection,3,999,Arterial Other,40-49,Other injury,Bicyclists
T20190022695,11/15/2019,8:35:00,1,Collision with vehicle,6,Friday,110,CROSS TRAFFIC(INTERSECTIONS ONLY),1,35355,2,0,0,1,1,2,1,1,Cross intersection,3,40,Local Road,50-59,Other injury,Bicyclists
T20190022705,11/13/2019,9:10:00,1,Collision with vehicle,4,Wednesday,111,RIGHT FAR (INTERSECTIONS ONLY),1,659680,2,0,0,1,1,2,2,4,Multiple intersection,3,40,Local Road,22-25,Other injury,Bicyclists
T20190022706,11/15/2019,15:00:00,1,Collision with vehicle,6,Friday,147,VEHICLE STRIKES ANOTHER VEH WHILE EMERGING FROM DRIVEWAY,1,659745,2,0,0,1,1,2,2,5,Not at intersection,3,888,Arterial Other,30-39,Other injury,Bicyclists
T20190022762,11/16/2019,9:20:00,1,Collision with vehicle,6,Saturday,116,LEFT NEAR (INTERSECTIONS ONLY),1,651004,2,0,0,1,1,2,1,2,T intersection,3,50,Local Road,30-39,Other injury,Bicyclists
T20190022776,11/16/2019,8:03:00,1,Collision with vehicle,7,Saturday,113,RIGHT NEAR (INTERSECTIONS ONLY),1,41594,2,0,1,0,1,2,1,1,Cross intersection,2,60,Local Road,60-64,Serious injury,Bicyclists
T20190022777,11/16/2019,10:45:00,1,Collision with vehicle,7,Saturday,147,VEHICLE STRIKES ANOTHER VEH WHILE EMERGING FROM DRIVEWAY,1,659816,2,0,0,1,1,2,2,5,Not at intersection,3,60,Arterial Other,30-39,Other injury,Bicyclists
T20190022789,11/16/2019,14:32:00,1,Collision with vehicle,6,Saturday,133,LANE SIDE SWIPE (VEHICLES IN PARALLEL LANES),1,659815,2,0,0,2,0,2,1,5,Not at intersection,3,60,Local Road,22-25,Other injury,Bicyclists
T20190022809,11/16/2019,15:30:00,1,Collision with vehicle,7,Saturday,116,LEFT NEAR (INTERSECTIONS ONLY),1,40064,2,0,0,1,1,2,2,2,T intersection,3,50,Local Road,40-49,Other injury,Bicyclists
T20190022820,11/16/2019,15:00:00,1,Collision with vehicle,6,Saturday,133,LANE SIDE SWIPE (VEHICLES IN PARALLEL LANES),1,728622,2,0,1,0,1,2,1,2,T intersection,2,40,Arterial Other,30-39,Serious injury,Bicyclists
T20190022870,11/11/2019,20:00:00,1,Collision with vehicle,1,Monday,116,LEFT NEAR (INTERSECTIONS ONLY),6,65039,2,0,0,1,1,2,2,2,T intersection,3,40,Local Road,18-21,Other injury,Bicyclists
T20190022881,11/17/2019,10:30:00,1,Collision with vehicle,1,Sunday,130,REAR END(VEHICLES IN SAME LANE),9,64667,2,0,0,1,1,2,2,1,Cross intersection,3,40,Local Road,26-29,Other injury,Bicyclists
T20190022892,11/18/2019,9:15:00,1,Collision with vehicle,2,Monday,116,LEFT NEAR (INTERSECTIONS ONLY),1,602172,2,0,1,0,1,2,1,2,T intersection,2,40,Local Road,70+,Serious injury,Bicyclists
T20190022893,11/18/2019,8:40:00,1,Collision with vehicle,2,Monday,148,VEHICLE OFF FOOTPATH STRIKES VEH ON CARRIAGEWAY,1,602173,2,0,0,1,1,2,1,5,Not at intersection,3,40,Local Road,45424,Other injury,Bicyclists
T20190022929,10/24/2019,17:45:00,1,Collision with vehicle,5,Thursday,113,RIGHT NEAR (INTERSECTIONS ONLY),9,64814,3,0,1,0,1,2,2,2,T intersection,2,999,Local Road,22-25,Serious injury,Bicyclists
T20190022950,11/18/2019,17:40:00,1,Collision with vehicle,2,Monday,121,RIGHT THROUGH,1,610755,2,0,1,0,1,2,1,5,Not at intersection,2,60,Uknown,40-49,Serious injury,Bicyclists
T20190022952,11/18/2019,16:50:00,1,Collision with vehicle,2,Monday,147,VEHICLE STRIKES ANOTHER VEH WHILE EMERGING FROM DRIVEWAY,1,313879,2,0,0,1,2,3,2,5,Not at intersection,3,60,Arterial Other,16-17,Other injury,Bicyclists
T20190022955,11/18/2019,17:41:00,1,Collision with vehicle,2,Monday,148,VEHICLE OFF FOOTPATH STRIKES VEH ON CARRIAGEWAY,1,602477,2,0,1,0,1,2,1,5,Not at intersection,2,50,Local Road,13-15,Serious injury,Bicyclists
T20190023000,11/19/2019,8:15:00,1,Collision with vehicle,3,Tuesday,137,LEFT TURN SIDESWIPE,1,54610,2,0,0,1,1,2,2,2,T intersection,3,999,Arterial Other,30-39,Other injury,Bicyclists
T20190023001,11/19/2019,7:14:00,1,Collision with vehicle,2,Tuesday,133,LANE SIDE SWIPE (VEHICLES IN PARALLEL LANES),2,604805,2,0,0,1,1,2,2,5,Not at intersection,3,999,Local Road,40-49,Other injury,Bicyclists
T20190023043,11/1/2019,23:30:00,1,Collision with vehicle,6,Friday,147,VEHICLE STRIKES ANOTHER VEH WHILE EMERGING FROM DRIVEWAY,6,656562,2,0,1,0,1,2,2,5,Not at intersection,2,50,Local Road,22-25,Serious injury,Bicyclists
T20190023045,11/18/2019,17:20:00,6,Vehicle overturned (no collision),2,Monday,174,OUT OF CONTROL ON CARRIAGEWAY (ON STRAIGHT),1,659909,2,0,0,1,1,2,2,5,Not at intersection,3,50,Arterial Other,26-29,Other injury,Bicyclists
T20190023068,11/19/2019,18:50:00,1,Collision with vehicle,3,Tuesday,120,HEAD ON (NOT OVERTAKING),1,602776,2,0,1,0,1,2,1,5,Not at intersection,2,50,Local Road,40-49,Serious injury,Bicyclists
T20190023070,11/19/2019,17:58:00,1,Collision with vehicle,3,Tuesday,111,RIGHT FAR (INTERSECTIONS ONLY),1,602777,2,0,1,0,1,2,1,2,T intersection,2,30,Local Road,26-29,Serious injury,Bicyclists
T20190023080,11/11/2019,11:00:00,6,Vehicle overturned (no collision),2,Monday,174,OUT OF CONTROL ON CARRIAGEWAY (ON STRAIGHT),1,36889,1,0,1,0,0,1,2,1,Cross intersection,2,50,Local Road,40-49,Serious injury,Bicyclists
T20190023094,11/19/2019,18:35:00,1,Collision with vehicle,3,Tuesday,137,LEFT TURN SIDESWIPE,1,37014,2,0,1,0,1,2,1,2,T intersection,2,50,Local Road,40-49,Serious injury,Bicyclists
T20190023123,11/20/2019,8:55:00,1,Collision with vehicle,4,Wednesday,147,VEHICLE STRIKES ANOTHER VEH WHILE EMERGING FROM DRIVEWAY,1,65991,2,0,0,1,1,2,1,2,T intersection,3,999,Local Road,26-29,Other injury,Bicyclists
T20190023129,10/29/2019,19:25:00,6,Vehicle overturned (no collision),3,Tuesday,174,OUT OF CONTROL ON CARRIAGEWAY (ON STRAIGHT),1,603066,1,0,0,1,0,1,2,5,Not at intersection,3,50,Arterial Other,22-25,Other injury,Bicyclists
T20190023146,11/20/2019,6:45:00,1,Collision with vehicle,4,Wednesday,119,OTHER ADJACENT (INTERSECTIONS ONLY),2,604806,2,0,1,0,1,2,2,4,Multiple intersection,2,80,Freeway,65-69,Serious injury,Bicyclists
T20190023154,11/20/2019,12:25:00,1,Collision with vehicle,4,Wednesday,134,LANE CHANGE RIGHT (NOT OVERTAKING),1,603067,2,0,1,0,2,3,1,5,Not at intersection,2,60,Uknown,50-59,Serious injury,Bicyclists
T20190023170,11/16/2019,11:37:00,1,Collision with vehicle,7,Saturday,110,CROSS TRAFFIC(INTERSECTIONS ONLY),1,48924,2,0,1,0,1,2,2,1,Cross intersection,2,60,Uknown,50-59,Serious injury,Bicyclists
T20190023179,11/20/2019,18:40:00,1,Collision with vehicle,4,Wednesday,121,RIGHT THROUGH,1,30529,2,0,1,0,1,2,1,2,T intersection,2,50,Local Road,26-29,Serious injury,Bicyclists
T20190023209,11/3/2019,12:30:00,1,Collision with vehicle,0,Sunday,136,RIGHT TURN SIDESWIPE,1,39564,2,0,0,1,1,2,2,2,T intersection,3,50,Arterial Other,40-49,Other injury,Bicyclists
T20190023235,11/21/2019,7:54:00,1,Collision with vehicle,4,Thursday,121,RIGHT THROUGH,2,65674,2,0,0,2,0,2,1,1,Cross intersection,3,60,Local Road,30-39,Other injury,Bicyclists
T20190023264,11/21/2019,17:50:00,1,Collision with vehicle,5,Thursday,163,VEHICLE STRIKES DOOR OF PARKED/STATIONARY VEHICLE,1,660427,3,0,0,1,2,3,1,5,Not at intersection,3,60,Arterial Other,22-25,Other injury,Bicyclists
T20190023270,10/27/2019,11:20:00,1,Collision with vehicle,1,Sunday,137,LEFT TURN SIDESWIPE,1,659743,2,0,0,1,1,2,2,5,Not at intersection,3,50,Arterial Other,30-39,Other injury,Bicyclists
T20190023278,11/21/2019,17:20:00,1,Collision with vehicle,5,Thursday,110,CROSS TRAFFIC(INTERSECTIONS ONLY),1,31046,2,0,1,0,1,2,1,1,Cross intersection,2,60,Local Road,50-59,Serious injury,Bicyclists
T20190023342,11/22/2019,11:29:00,2,Struck Pedestrian,5,Friday,102,FAR SIDE. PED HIT BY VEHICLE FROM THE LEFT,1,53184,1,0,0,2,0,2,1,2,T intersection,3,60,Arterial Other,30-39,Other injury,Bicyclists
T20190023350,11/22/2019,15:48:00,1,Collision with vehicle,5,Friday,110,CROSS TRAFFIC(INTERSECTIONS ONLY),1,36194,2,0,0,2,0,2,1,1,Cross intersection,3,60,Local Road,22-25,Other injury,Bicyclists
T20190023375,11/22/2019,15:10:00,2,Struck Pedestrian,5,Friday,108,PED STRUCK WALKING TO/FROM OR BOARDING/ALIGHTING VEHICLE.,1,603925,1,0,0,2,0,2,1,5,Not at intersection,3,40,Local Road,50-59,Other injury,Bicyclists
T20190023376,11/22/2019,8:00:00,1,Collision with vehicle,6,Friday,110,CROSS TRAFFIC(INTERSECTIONS ONLY),1,662120,2,0,0,1,1,2,2,1,Cross intersection,3,50,Local Road,30-39,Other injury,Bicyclists
T20190023415,11/23/2019,8:30:00,1,Collision with vehicle,6,Saturday,133,LANE SIDE SWIPE (VEHICLES IN PARALLEL LANES),1,773232,2,0,0,1,1,2,2,5,Not at intersection,3,999,Uknown,60-64,Other injury,Bicyclists
T20190023447,11/23/2019,17:00:00,1,Collision with vehicle,7,Saturday,121,RIGHT THROUGH,1,215,2,0,0,1,1,2,2,2,T intersection,3,40,Local Road,26-29,Other injury,Bicyclists
T20190023479,11/24/2019,10:35:00,1,Collision with vehicle,0,Sunday,121,RIGHT THROUGH,1,206,2,0,0,1,1,2,1,1,Cross intersection,3,40,Arterial Other,26-29,Other injury,Bicyclists
T20190023494,11/24/2019,10:26:00,1,Collision with vehicle,0,Sunday,152,PULLING OUT (OVERTAKING),1,605094,2,0,0,1,1,2,1,5,Not at intersection,3,60,Arterial Other,26-29,Other injury,Bicyclists
T20190023527,11/24/2019,20:36:00,1,Collision with vehicle,1,Sunday,111,RIGHT FAR (INTERSECTIONS ONLY),2,45557,2,0,1,0,1,2,1,1,Cross intersection,2,60,Arterial Other,40-49,Serious injury,Bicyclists
T20190023539,10/21/2019,22:00:00,1,Collision with vehicle,2,Monday,121,RIGHT THROUGH,6,35354,2,0,0,1,1,2,2,1,Cross intersection,3,40,Local Road,30-39,Other injury,Bicyclists
T20190023559,11/25/2019,8:00:00,6,Vehicle overturned (no collision),2,Monday,174,OUT OF CONTROL ON CARRIAGEWAY (ON STRAIGHT),1,658753,2,0,0,1,1,2,2,5,Not at intersection,3,50,Local Road,30-39,Other injury,Bicyclists
T20190023567,11/14/2019,13:45:00,1,Collision with vehicle,4,Thursday,121,RIGHT THROUGH,1,47939,2,0,0,1,1,2,1,2,T intersection,3,40,Local Road,40-49,Other injury,Bicyclists
T20190023578,11/25/2019,12:30:00,1,Collision with vehicle,2,Monday,147,VEHICLE STRIKES ANOTHER VEH WHILE EMERGING FROM DRIVEWAY,1,34865,2,0,1,0,1,2,1,2,T intersection,2,50,Local Road,30-39,Serious injury,Bicyclists
T20190023591,11/25/2019,16:30:00,1,Collision with vehicle,2,Monday,148,VEHICLE OFF FOOTPATH STRIKES VEH ON CARRIAGEWAY,1,624815,2,0,1,0,1,2,1,5,Not at intersection,2,60,Arterial Highway,50-59,Serious injury,Bicyclists
T20190023609,11/25/2019,19:19:00,1,Collision with vehicle,2,Monday,120,HEAD ON (NOT OVERTAKING),1,614136,2,0,1,0,0,1,1,5,Not at intersection,2,40,Local Road,30-39,Serious injury,Bicyclists
T20190023616,11/20/2019,17:30:00,1,Collision with vehicle,3,Wednesday,163,VEHICLE STRIKES DOOR OF PARKED/STATIONARY VEHICLE,9,631527,2,0,0,1,1,2,2,5,Not at intersection,3,999,Arterial Other,30-39,Other injury,Bicyclists
T20190023668,11/25/2019,17:30:00,1,Collision with vehicle,2,Monday,113,RIGHT NEAR (INTERSECTIONS ONLY),1,604814,2,0,1,0,1,2,2,2,T intersection,2,50,Local Road,50-59,Serious injury,Bicyclists
T20190023695,11/26/2019,16:50:00,1,Collision with vehicle,3,Tuesday,121,RIGHT THROUGH,1,605098,2,0,0,1,1,2,2,2,T intersection,3,60,Arterial Other,16-17,Other injury,Bicyclists
T20190023696,11/26/2019,8:20:00,1,Collision with vehicle,3,Tuesday,163,VEHICLE STRIKES DOOR OF PARKED/STATIONARY VEHICLE,1,606211,2,0,0,1,1,2,2,5,Not at intersection,3,40,Local Road,40-49,Other injury,Bicyclists
T20190023697,11/21/2019,9:14:00,1,Collision with vehicle,4,Thursday,110,CROSS TRAFFIC(INTERSECTIONS ONLY),1,66549,2,0,0,1,1,2,2,1,Cross intersection,3,50,Local Road,26-29,Other injury,Bicyclists