ACCIDENT_NO,ACCIDENT_DATE,ACCIDENT_TIME,ACCIDENT_TYPE,ACCIDENT_TYPE_DESC,DAY_OF_WEEK,DAY_WEEK_DESC,DCA_CODE,DCA_DESC,LIGHT_CONDITION,NODE_ID,NO_OF_VEHICLES,NO_PERSONS_KILLED,NO_PERSONS_INJ_2,NO_PERSONS_INJ_3,NO_PERSONS_NOT_INJ,NO_PERSONS,POLICE_ATTEND,ROAD_GEOMETRY,ROAD_GEOMETRY_DESC,SEVERITY,SPEED_ZONE,RMA,AGE_GROUP,INJ_LEVEL,ROAD_USER_TYPE_DESC
T20190023719,11/26/2019,19:04:00,1,Collision with vehicle,2,Tuesday,110,CROSS TRAFFIC(INTERSECTIONS ONLY),1,37972,2,0,1,0,1,2,1,1,Cross intersection,2,50,Local Road,30-39,Serious injury,Bicyclists
T20190023722,11/27/2019,7:50:00,1,Collision with vehicle,4,Wednesday,137,LEFT TURN SIDESWIPE,1,37833,2,0,1,0,1,2,1,1,Cross intersection,2,60,Arterial Other,26-29,Serious injury,Bicyclists
T20190023749,11/26/2019,16:30:00,1,Collision with vehicle,3,Tuesday,142,LEAVING PARKING,1,119,2,0,1,0,1,2,2,5,Not at intersection,2,999,Arterial Other,26-29,Serious injury,Bicyclists
T20190023758,11/27/2019,12:15:00,1,Collision with vehicle,4,Wednesday,139,OTHER SAME DIRECTION-MANOUEVRES NOT INCLUDED IN DCAs 130-137,1,37954,3,0,1,0,1,2,1,1,Cross intersection,2,40,Local Road,30-39,Serious injury,Bicyclists
T20190023805,11/18/2019,9:00:00,1,Collision with vehicle,1,Monday,137,LEFT TURN SIDESWIPE,1,46375,2,0,0,1,1,2,1,2,T intersection,3,40,Arterial Other,26-29,Other injury,Bicyclists
T20190023806,11/27/2019,13:46:00,1,Collision with vehicle,4,Wednesday,147,VEHICLE STRIKES ANOTHER VEH WHILE EMERGING FROM DRIVEWAY,1,658749,2,0,1,0,1,2,1,5,Not at intersection,2,50,Arterial Other,22-25,Serious injury,Bicyclists
T20190023811,11/25/2019,18:30:00,1,Collision with vehicle,1,Monday,147,VEHICLE STRIKES ANOTHER VEH WHILE EMERGING FROM DRIVEWAY,1,658755,2,0,0,1,1,2,2,5,Not at intersection,3,60,Arterial Highway,26-29,Other injury,Bicyclists
T20190023812,11/28/2019,8:30:00,1,Collision with vehicle,5,Thursday,131,LEFT REAR,1,35395,2,0,0,1,1,2,1,2,T intersection,3,60,Arterial Other,22-25,Other injury,Bicyclists
T20190023816,11/20/2019,17:15:00,1,Collision with vehicle,4,Wednesday,134,LANE CHANGE RIGHT (NOT OVERTAKING),1,608750,2,0,0,1,1,2,2,5,Not at intersection,3,40,Local Road,26-29,Other injury,Bicyclists
T20190023822,11/27/2019,15:38:00,1,Collision with vehicle,3,Wednesday,147,VEHICLE STRIKES ANOTHER VEH WHILE EMERGING FROM DRIVEWAY,9,658741,2,0,0,2,0,2,2,5,Not at intersection,3,888,Local Road,45424,Other injury,Bicyclists
T20190023832,11/28/2019,8:50:00,1,Collision with vehicle,5,Thursday,133,LANE SIDE SWIPE (VEHICLES IN PARALLEL LANES),1,619067,4,0,1,0,2,3,1,5,Not at intersection,2,60,Arterial Other,40-49,Serious injury,Bicyclists
T20190023855,11/28/2019,15:35:00,1,Collision with vehicle,5,Thursday,116,LEFT NEAR (INTERSECTIONS ONLY),1,607542,2,0,0,1,1,2,1,2,T intersection,3,50,Local Road,13-15,Other injury,Bicyclists
T20190023859,11/27/2019,18:00:00,8,No collision and no object struck,4,Wednesday,179,OTHER ACCIDENTS-OFF STRAIGHT NOT INCLUDED IN DCAs 170-175,1,605105,2,0,0,1,0,1,2,5,Not at intersection,3,50,Local Road,22-25,Other injury,Bicyclists
T20190023864,11/27/2019,9:40:00,1,Collision with vehicle,4,Wednesday,137,LEFT TURN SIDESWIPE,1,37182,2,0,0,1,0,1,2,1,Cross intersection,3,40,Arterial Other,30-39,Other injury,Bicyclists
T20190023872,11/28/2019,7:00:00,1,Collision with vehicle,4,Thursday,110,CROSS TRAFFIC(INTERSECTIONS ONLY),2,63428,2,0,0,1,1,2,2,1,Cross intersection,3,50,Local Road,40-49,Other injury,Bicyclists
T20190023873,11/28/2019,18:20:00,1,Collision with vehicle,5,Thursday,147,VEHICLE STRIKES ANOTHER VEH WHILE EMERGING FROM DRIVEWAY,1,607984,2,0,0,1,1,2,1,5,Not at intersection,3,60,Arterial Highway,13-15,Other injury,Bicyclists
T20190023874,11/28/2019,19:47:00,1,Collision with vehicle,4,Thursday,130,REAR END(VEHICLES IN SAME LANE),2,608611,2,0,0,1,1,2,1,2,T intersection,3,60,Arterial Other,22-25,Other injury,Bicyclists
T20190023901,11/29/2019,8:00:00,1,Collision with vehicle,6,Friday,163,VEHICLE STRIKES DOOR OF PARKED/STATIONARY VEHICLE,1,607979,2,0,1,0,1,2,1,5,Not at intersection,2,60,Arterial Other,30-39,Serious injury,Bicyclists
T20190023933,11/19/2019,8:30:00,7,Fall from or in moving vehicle,3,Tuesday,179,OTHER ACCIDENTS-OFF STRAIGHT NOT INCLUDED IN DCAs 170-175,9,69242,1,0,0,1,0,1,2,2,T intersection,3,50,Local Road,50-59,Other injury,Bicyclists
T20190023934,11/29/2019,15:15:00,5,collision with some other object,6,Friday,166,STRUCK OBJECT ON CARRIAGEWAY,1,605382,1,0,0,1,0,1,1,5,Not at intersection,3,50,Local Road,50-59,Other injury,Bicyclists
T20190023986,11/29/2019,23:10:00,1,Collision with vehicle,6,Friday,134,LANE CHANGE RIGHT (NOT OVERTAKING),3,606218,2,0,1,0,1,2,1,5,Not at intersection,2,60,Local Road,26-29,Serious injury,Bicyclists
T20190024011,11/30/2019,0:30:00,1,Collision with vehicle,7,Saturday,120,HEAD ON (NOT OVERTAKING),3,37827,2,0,0,1,1,2,2,2,T intersection,3,50,Arterial Other,26-29,Other injury,Bicyclists
T20190024016,11/27/2019,14:30:00,1,Collision with vehicle,4,Wednesday,110,CROSS TRAFFIC(INTERSECTIONS ONLY),9,71451,2,0,1,0,0,1,2,1,Cross intersection,2,60,Uknown,70+,Serious injury,Bicyclists
T20190024038,11/30/2019,10:50:00,1,Collision with vehicle,7,Saturday,150,HEAD ON(OVERTAKING),1,605903,2,0,0,1,1,2,1,5,Not at intersection,3,50,Local Road,13-15,Other injury,Bicyclists
T20190024075,11/30/2019,9:50:00,1,Collision with vehicle,7,Saturday,131,LEFT REAR,1,37646,2,0,0,1,1,2,1,2,T intersection,3,40,Arterial Other,26-29,Other injury,Bicyclists
T20190024107,12/1/2019,14:34:00,1,Collision with vehicle,1,Sunday,160,VEHICLE COLLIDES WITH VEHICLE PARKED ON LEFT OF ROAD,1,607159,2,0,0,1,0,1,1,5,Not at intersection,3,50,Uknown,16-17,Other injury,Bicyclists
T20190024128,12/1/2019,17:10:00,1,Collision with vehicle,0,Sunday,137,LEFT TURN SIDESWIPE,1,36366,2,0,0,1,3,4,1,1,Cross intersection,3,60,Arterial Other,18-21,Other injury,Bicyclists
T20190024157,12/2/2019,8:50:00,1,Collision with vehicle,2,Monday,160,VEHICLE COLLIDES WITH VEHICLE PARKED ON LEFT OF ROAD,1,606223,2,0,1,0,1,2,1,5,Not at intersection,2,50,Arterial Other,60-64,Serious injury,Bicyclists
T20190024217,12/2/2019,15:57:00,1,Collision with vehicle,2,Monday,110,CROSS TRAFFIC(INTERSECTIONS ONLY),1,655511,2,0,1,0,1,2,1,1,Cross intersection,2,50,Local Road,13-15,Serious injury,Bicyclists
T20190024350,12/4/2019,7:45:00,1,Collision with vehicle,4,Wednesday,133,LANE SIDE SWIPE (VEHICLES IN PARALLEL LANES),1,607169,2,0,1,0,1,2,1,5,Not at intersection,2,60,Local Road,13-15,Serious injury,Bicyclists
T20190024360,12/4/2019,9:00:00,1,Collision with vehicle,4,Wednesday,110,CROSS TRAFFIC(INTERSECTIONS ONLY),1,39978,2,0,0,1,1,2,1,1,Cross intersection,3,60,Local Road,40-49,Other injury,Bicyclists
T20190024361,12/4/2019,9:20:00,1,Collision with vehicle,4,Wednesday,148,VEHICLE OFF FOOTPATH STRIKES VEH ON CARRIAGEWAY,1,41802,2,0,0,1,1,2,1,2,T intersection,3,50,Uknown,70+,Other injury,Bicyclists
T20190024363,12/4/2019,9:40:00,1,Collision with vehicle,3,Wednesday,163,VEHICLE STRIKES DOOR OF PARKED/STATIONARY VEHICLE,1,607548,2,0,1,1,1,3,1,5,Not at intersection,2,40,Local Road,22-25,Serious injury,Bicyclists
T20190024371,12/3/2019,7:15:00,1,Collision with vehicle,2,Tuesday,133,LANE SIDE SWIPE (VEHICLES IN PARALLEL LANES),9,609337,2,0,0,1,0,1,2,1,Cross intersection,3,999,Arterial Highway,40-49,Other injury,Bicyclists
T20190024391,11/27/2019,8:10:00,1,Collision with vehicle,3,Wednesday,160,VEHICLE COLLIDES WITH VEHICLE PARKED ON LEFT OF ROAD,1,607985,2,0,1,0,0,1,2,5,Not at intersection,2,60,Local Road,45424,Serious injury,Bicyclists
T20190024452,12/5/2019,7:35:00,1,Collision with vehicle,5,Thursday,121,RIGHT THROUGH,1,40351,2,0,1,0,1,2,1,2,T intersection,2,60,Arterial Other,40-49,Serious injury,Bicyclists
T20190024460,12/5/2019,10:10:00,1,Collision with vehicle,4,Thursday,121,RIGHT THROUGH,1,44850,2,0,0,1,1,2,1,2,T intersection,3,60,Arterial Other,30-39,Other injury,Bicyclists
T20190024467,12/2/2019,8:17:00,1,Collision with vehicle,2,Monday,163,VEHICLE STRIKES DOOR OF PARKED/STATIONARY VEHICLE,1,607551,2,0,0,1,1,2,2,1,Cross intersection,3,999,Local Road,40-49,Other injury,Bicyclists
T20190024468,12/4/2019,20:21:00,1,Collision with vehicle,4,Wednesday,137,LEFT TURN SIDESWIPE,2,656064,2,0,1,0,1,2,1,5,Not at intersection,2,60,Uknown,50-59,Serious injury,Bicyclists
T20190024500,12/4/2019,18:40:00,1,Collision with vehicle,4,Wednesday,137,LEFT TURN SIDESWIPE,2,647121,2,0,1,0,1,2,2,1,Cross intersection,2,50,Local Road,30-39,Serious injury,Bicyclists
T20190024514,12/5/2019,17:00:00,1,Collision with vehicle,4,Thursday,121,RIGHT THROUGH,1,655311,2,0,0,1,1,2,1,5,Not at intersection,3,40,Arterial Other,65-69,Other injury,Bicyclists
T20190024523,12/5/2019,15:50:00,7,Fall from or in moving vehicle,5,Thursday,190,FELL IN/FROM VEHICLE,1,81265,2,0,1,0,1,2,1,1,Cross intersection,2,40,Arterial Other,26-29,Serious injury,Bicyclists
T20190024550,11/6/2019,12:33:00,1,Collision with vehicle,4,Wednesday,163,VEHICLE STRIKES DOOR OF PARKED/STATIONARY VEHICLE,9,664137,2,0,0,1,1,2,2,5,Not at intersection,3,999,Local Road,40-49,Other injury,Bicyclists
T20190024557,11/30/2019,11:45:00,1,Collision with vehicle,7,Saturday,133,LANE SIDE SWIPE (VEHICLES IN PARALLEL LANES),1,658586,2,0,0,1,1,2,1,2,T intersection,3,60,Arterial Other,60-64,Other injury,Bicyclists
T20190024606,12/5/2019,16:45:00,1,Collision with vehicle,5,Thursday,143,ENTERING PARKING,1,622045,2,0,1,0,1,2,2,5,Not at intersection,2,40,Arterial Other,40-49,Serious injury,Bicyclists
T20190024614,12/6/2019,15:15:00,1,Collision with vehicle,6,Friday,133,LANE SIDE SWIPE (VEHICLES IN PARALLEL LANES),1,607562,2,0,0,1,0,1,2,4,Multiple intersection,3,60,Arterial Other,30-39,Other injury,Bicyclists
T20190024629,12/6/2019,17:29:00,1,Collision with vehicle,6,Friday,137,LEFT TURN SIDESWIPE,1,611604,2,0,1,0,1,2,1,2,T intersection,2,40,Arterial Other,50-59,Serious injury,Bicyclists
T20190024641,12/7/2019,1:25:00,1,Collision with vehicle,6,Saturday,130,REAR END(VEHICLES IN SAME LANE),3,657750,2,0,0,1,1,2,1,5,Not at intersection,3,60,Arterial Other,26-29,Other injury,Bicyclists
T20190024653,12/6/2019,8:50:00,1,Collision with vehicle,6,Friday,147,VEHICLE STRIKES ANOTHER VEH WHILE EMERGING FROM DRIVEWAY,1,656644,2,0,0,1,1,2,2,5,Not at intersection,3,50,Uknown,50-59,Other injury,Bicyclists
T20190024668,12/7/2019,6:30:00,1,Collision with vehicle,6,Saturday,133,LANE SIDE SWIPE (VEHICLES IN PARALLEL LANES),2,657310,2,0,0,1,0,1,1,5,Not at intersection,3,80,Arterial Other,40-49,Other injury,Bicyclists
T20190024670,12/4/2019,9:47:00,1,Collision with vehicle,4,Wednesday,130,REAR END(VEHICLES IN SAME LANE),1,621160,3,0,1,0,2,3,1,5,Not at intersection,2,60,Arterial Highway,50-59,Serious injury,Bicyclists
T20190024671,10/31/2019,12:45:00,1,Collision with vehicle,5,Thursday,143,ENTERING PARKING,1,637769,2,0,0,1,1,2,2,5,Not at intersection,3,60,Local Road,26-29,Other injury,Bicyclists
T20190024720,11/23/2019,11:45:00,6,Vehicle overturned (no collision),7,Saturday,174,OUT OF CONTROL ON CARRIAGEWAY (ON STRAIGHT),1,609604,2,0,0,1,0,1,1,5,Not at intersection,3,60,Arterial Other,30-39,Other injury,Bicyclists
T20190024733,12/7/2019,18:40:00,4,Collision with a fixed object,7,Saturday,181,OFF RIGHT BEND INTO OBJECT/PARKED VEHICLE,1,613719,1,0,1,0,0,1,1,5,Not at intersection,2,80,Uknown,26-29,Serious injury,Bicyclists
T20190024769,11/25/2019,10:00:00,6,Vehicle overturned (no collision),2,Monday,179,OTHER ACCIDENTS-OFF STRAIGHT NOT INCLUDED IN DCAs 170-175,1,616167,2,0,0,1,1,2,2,5,Not at intersection,3,50,Local Road,60-64,Other injury,Bicyclists
T20190024799,10/3/2019,8:00:00,7,Fall from or in moving vehicle,5,Thursday,190,FELL IN/FROM VEHICLE,1,608156,1,0,0,1,0,1,2,5,Not at intersection,3,40,Local Road,40-49,Other injury,Bicyclists
T20190024847,12/8/2019,15:30:00,1,Collision with vehicle,0,Sunday,163,VEHICLE STRIKES DOOR OF PARKED/STATIONARY VEHICLE,1,300095,2,0,0,1,2,3,2,2,T intersection,3,40,Local Road,30-39,Other injury,Bicyclists
T20190024883,12/10/2019,8:00:00,1,Collision with vehicle,2,Tuesday,121,RIGHT THROUGH,1,40181,2,0,0,1,1,2,2,1,Cross intersection,3,60,Local Road,30-39,Other injury,Bicyclists
T20190024895,12/10/2019,7:20:00,1,Collision with vehicle,3,Tuesday,140,U TURN,1,609608,2,0,0,1,1,2,2,5,Not at intersection,3,50,Local Road,40-49,Other injury,Bicyclists
T20190024932,10/24/2019,16:00:00,1,Collision with vehicle,5,Thursday,148,VEHICLE OFF FOOTPATH STRIKES VEH ON CARRIAGEWAY,1,659576,2,0,0,1,1,2,2,5,Not at intersection,3,60,Local Road,13-15,Other injury,Bicyclists
T20190024936,12/10/2019,18:59:00,1,Collision with vehicle,3,Tuesday,113,RIGHT NEAR (INTERSECTIONS ONLY),1,296062,2,0,1,0,2,3,1,2,T intersection,2,60,Arterial Highway,40-49,Serious injury,Bicyclists
T20190024945,12/10/2019,16:26:00,1,Collision with vehicle,2,Tuesday,121,RIGHT THROUGH,1,36882,2,0,1,0,1,2,1,1,Cross intersection,2,40,Local Road,26-29,Serious injury,Bicyclists
T20190024950,12/10/2019,19:30:00,2,Struck Pedestrian,3,Tuesday,106,VEH STRIKES PED ON FOOTPATH/MEDIAN/TRAFFIC ISLAND.,1,29485,1,0,2,0,0,2,1,4,Multiple intersection,2,60,Arterial Highway,30-39,Serious injury,Bicyclists
T20190024996,11/14/2019,10:00:00,1,Collision with vehicle,5,Thursday,136,RIGHT TURN SIDESWIPE,1,35301,2,0,0,1,1,2,2,2,T intersection,3,999,Uknown,60-64,Other injury,Bicyclists
T20190025046,12/9/2019,16:45:00,1,Collision with vehicle,2,Monday,163,VEHICLE STRIKES DOOR OF PARKED/STATIONARY VEHICLE,1,609053,2,0,0,1,0,1,1,5,Not at intersection,3,999,Local Road,40-49,Other injury,Bicyclists
T20190025053,12/11/2019,19:23:00,1,Collision with vehicle,3,Wednesday,110,CROSS TRAFFIC(INTERSECTIONS ONLY),1,37820,2,0,0,1,1,2,1,1,Cross intersection,3,60,Arterial Other,30-39,Other injury,Bicyclists
T20190025057,12/11/2019,18:45:00,1,Collision with vehicle,4,Wednesday,119,OTHER ADJACENT (INTERSECTIONS ONLY),2,70046,2,0,1,0,3,4,1,2,T intersection,2,50,Arterial Highway,65-69,Serious injury,Bicyclists
T20190025090,12/12/2019,6:50:00,1,Collision with vehicle,5,Thursday,131,LEFT REAR,1,655655,2,0,1,0,1,2,1,5,Not at intersection,2,40,Arterial Other,22-25,Serious injury,Bicyclists
T20190025095,12/12/2019,4:40:00,1,Collision with vehicle,4,Thursday,116,LEFT NEAR (INTERSECTIONS ONLY),2,64437,2,0,0,1,1,2,2,2,T intersection,3,50,Local Road,40-49,Other injury,Bicyclists
T20190025119,12/12/2019,13:07:00,1,Collision with vehicle,5,Thursday,120,HEAD ON (NOT OVERTAKING),1,41916,2,0,1,0,1,2,1,1,Cross intersection,2,80,Arterial Highway,60-64,Serious injury,Bicyclists
T20190025143,12/12/2019,8:00:00,1,Collision with vehicle,4,Thursday,112,LEFT FAR (INTERSECTIONS ONLY),1,610468,2,0,0,1,1,2,2,2,T intersection,3,50,Local Road,45424,Other injury,Bicyclists
T20190025148,12/12/2019,17:00:00,1,Collision with vehicle,4,Thursday,110,CROSS TRAFFIC(INTERSECTIONS ONLY),1,37041,2,0,0,1,1,2,1,1,Cross intersection,3,50,Local Road,26-29,Other injury,Bicyclists
T20190025160,12/11/2019,17:50:00,1,Collision with vehicle,4,Wednesday,121,RIGHT THROUGH,1,37646,2,0,0,1,1,2,2,2,T intersection,3,60,Arterial Other,26-29,Other injury,Bicyclists
T20190025161,12/4/2019,14:10:00,1,Collision with vehicle,4,Wednesday,142,LEAVING PARKING,1,612181,2,0,1,0,1,2,1,5,Not at intersection,2,50,Local Road,70+,Serious injury,Bicyclists
T20190025169,12/12/2019,21:18:00,1,Collision with vehicle,5,Thursday,120,HEAD ON (NOT OVERTAKING),5,632042,2,0,1,0,3,4,1,5,Not at intersection,2,100,Arterial Other,30-39,Serious injury,Bicyclists
T20190025179,11/19/2019,10:00:00,1,Collision with vehicle,3,Tuesday,199,UNKNOWN-NO DETAILS ON MANOEUVRES OF ROAD-USERS IN ACCIDENT,1,57170,2,0,0,1,0,1,2,2,T intersection,3,40,Local Road,70+,Other injury,Bicyclists
T20190025201,12/13/2019,8:30:00,1,Collision with vehicle,6,Friday,163,VEHICLE STRIKES DOOR OF PARKED/STATIONARY VEHICLE,1,622637,2,0,1,0,1,2,1,5,Not at intersection,2,50,Local Road,40-49,Serious injury,Bicyclists
T20190025233,11/28/2019,17:00:00,1,Collision with vehicle,5,Thursday,149,OTHER MANOEUVRING NOT INCLUDED IN DCAs 140-148,9,658826,2,0,0,1,1,2,2,5,Not at intersection,3,999,Arterial Highway,50-59,Other injury,Bicyclists
T20190025293,12/14/2019,9:50:00,1,Collision with vehicle,7,Saturday,110,CROSS TRAFFIC(INTERSECTIONS ONLY),1,41180,2,0,1,0,1,2,1,1,Cross intersection,2,999,Local Road,50-59,Serious injury,Bicyclists
T20190025351,12/14/2019,16:10:00,1,Collision with vehicle,7,Saturday,147,VEHICLE STRIKES ANOTHER VEH WHILE EMERGING FROM DRIVEWAY,1,651010,2,0,0,1,1,2,1,5,Not at intersection,3,50,Local Road,0-4,Other injury,Bicyclists
T20190025360,12/14/2019,1:11:00,4,Collision with a fixed object,7,Saturday,171,LEFT OFF CARRIAGEWAY INTO OBJECT/PARKED VEHICLE,3,612750,1,0,1,0,0,1,1,5,Not at intersection,2,60,Arterial Other,Unknown,Serious injury,Bicyclists
T20190025393,12/14/2019,22:30:00,8,No collision and no object struck,7,Saturday,179,OTHER ACCIDENTS-OFF STRAIGHT NOT INCLUDED IN DCAs 170-175,3,36505,1,0,0,1,0,1,2,2,T intersection,3,50,Local Road,30-39,Other injury,Bicyclists
T20190025395,12/10/2019,19:30:00,1,Collision with vehicle,2,Tuesday,140,U TURN,1,609882,2,0,0,1,1,2,2,5,Not at intersection,3,60,Uknown,60-64,Not injured,Drivers
T20190025411,12/13/2019,9:50:00,1,Collision with vehicle,5,Friday,147,VEHICLE STRIKES ANOTHER VEH WHILE EMERGING FROM DRIVEWAY,1,259152,2,0,0,1,0,1,2,5,Not at intersection,3,70,Uknown,70+,Other injury,Bicyclists
T20190025413,12/15/2019,23:20:00,1,Collision with vehicle,1,Sunday,110,CROSS TRAFFIC(INTERSECTIONS ONLY),3,29580,2,0,1,0,2,3,1,1,Cross intersection,2,60,Uknown,16-17,Not injured,Bicyclists
T20190025476,12/16/2019,17:25:00,1,Collision with vehicle,2,Monday,163,VEHICLE STRIKES DOOR OF PARKED/STATIONARY VEHICLE,1,314502,2,0,0,1,1,2,1,1,Cross intersection,3,40,Local Road,26-29,Other injury,Bicyclists
T20190025486,12/16/2019,13:50:00,1,Collision with vehicle,2,Monday,163,VEHICLE STRIKES DOOR OF PARKED/STATIONARY VEHICLE,1,625146,2,0,0,1,1,2,2,2,T intersection,3,40,Local Road,30-39,Other injury,Bicyclists
T20190025520,12/17/2019,7:10:00,1,Collision with vehicle,3,Tuesday,113,RIGHT NEAR (INTERSECTIONS ONLY),1,51133,2,0,2,0,0,2,1,2,T intersection,2,50,Arterial Highway,60-64,Serious injury,Bicyclists
T20190025534,11/14/2019,7:50:00,1,Collision with vehicle,5,Thursday,163,VEHICLE STRIKES DOOR OF PARKED/STATIONARY VEHICLE,1,627569,2,0,0,1,1,2,2,5,Not at intersection,3,60,Local Road,30-39,Other injury,Bicyclists
T20190025558,12/14/2019,19:00:00,1,Collision with vehicle,7,Saturday,148,VEHICLE OFF FOOTPATH STRIKES VEH ON CARRIAGEWAY,2,655341,2,0,0,1,1,2,2,1,Cross intersection,3,50,Local Road,45424,Other injury,Bicyclists
T20190025571,12/17/2019,18:00:00,1,Collision with vehicle,3,Tuesday,112,LEFT FAR (INTERSECTIONS ONLY),1,62747,2,0,0,1,1,2,1,2,T intersection,3,40,Local Road,18-21,Other injury,Bicyclists
T20190025573,12/16/2019,14:30:00,1,Collision with vehicle,1,Monday,110,CROSS TRAFFIC(INTERSECTIONS ONLY),1,38042,2,0,0,1,1,2,2,1,Cross intersection,3,999,Local Road,50-59,Other injury,Bicyclists
T20190025587,12/17/2019,17:40:00,1,Collision with vehicle,2,Tuesday,133,LANE SIDE SWIPE (VEHICLES IN PARALLEL LANES),1,612191,2,0,0,1,0,1,2,5,Not at intersection,3,40,Local Road,30-39,Other injury,Bicyclists
T20190025588,12/17/2019,18:16:00,1,Collision with vehicle,3,Tuesday,147,VEHICLE STRIKES ANOTHER VEH WHILE EMERGING FROM DRIVEWAY,1,658136,2,0,0,1,1,2,1,5,Not at intersection,3,50,Local Road,18-21,Other injury,Bicyclists
T20190025602,12/17/2019,23:45:00,1,Collision with vehicle,2,Tuesday,179,OTHER ACCIDENTS-OFF STRAIGHT NOT INCLUDED IN DCAs 170-175,3,60886,2,0,0,1,2,3,1,2,T intersection,3,50,Local Road,30-39,Other injury,Bicyclists
T20190025611,12/18/2019,6:51:00,1,Collision with vehicle,3,Wednesday,110,CROSS TRAFFIC(INTERSECTIONS ONLY),1,59864,3,0,2,0,1,3,1,1,Cross intersection,2,60,Arterial Other,30-39,Serious injury,Bicyclists
T20190025641,12/8/2019,19:00:00,1,Collision with vehicle,1,Sunday,116,LEFT NEAR (INTERSECTIONS ONLY),1,49694,2,0,0,1,1,2,2,2,T intersection,3,60,Arterial Other,50-59,Other injury,Bicyclists
T20190025644,12/18/2019,13:45:00,2,Struck Pedestrian,4,Wednesday,100,PED NEAR SIDE. PED HIT BY VEHICLE FROM THE RIGHT.,1,641855,1,0,1,0,1,2,9,5,Not at intersection,2,40,Local Road,Unknown,Not injured,Bicyclists
T20190025647,12/7/2019,16:30:00,1,Collision with vehicle,7,Saturday,143,ENTERING PARKING,1,617334,2,0,0,1,1,2,2,5,Not at intersection,3,50,Uknown,18-21,Other injury,Bicyclists
T20190025660,12/18/2019,15:30:00,1,Collision with vehicle,3,Wednesday,130,REAR END(VEHICLES IN SAME LANE),1,612480,2,0,0,1,0,1,1,5,Not at intersection,3,50,Local Road,13-15,Other injury,Bicyclists
T20190025676,12/12/2019,8:30:00,1,Collision with vehicle,4,Thursday,137,LEFT TURN SIDESWIPE,1,597,2,0,0,1,1,2,2,2,T intersection,3,60,Local Road,50-59,Other injury,Bicyclists
T20190025679,12/19/2019,6:30:00,1,Collision with vehicle,4,Thursday,112,LEFT FAR (INTERSECTIONS ONLY),2,36432,2,0,0,1,1,2,1,2,T intersection,3,50,Arterial Other,30-39,Other injury,Bicyclists
T20190025690,12/19/2019,9:03:00,1,Collision with vehicle,4,Thursday,137,LEFT TURN SIDESWIPE,1,270637,2,0,0,1,3,4,1,5,Not at intersection,3,40,Local Road,30-39,Other injury,Bicyclists
T20190025695,12/18/2019,18:00:00,1,Collision with vehicle,4,Wednesday,163,VEHICLE STRIKES DOOR OF PARKED/STATIONARY VEHICLE,1,616173,2,0,1,0,1,2,2,2,T intersection,2,999,Local Road,30-39,Serious injury,Bicyclists
T20190025699,4/8/2019,9:15:00,7,Fall from or in moving vehicle,2,Monday,121,RIGHT THROUGH,1,613868,2,0,0,1,0,1,2,2,T intersection,3,999,Local Road,60-64,Other injury,Bicyclists
T20190025705,12/18/2019,9:00:00,1,Collision with vehicle,4,Wednesday,137,LEFT TURN SIDESWIPE,1,270637,2,0,0,1,1,2,2,5,Not at intersection,3,40,Local Road,30-39,Other injury,Bicyclists
T20190025734,12/19/2019,16:10:00,1,Collision with vehicle,5,Thursday,133,LANE SIDE SWIPE (VEHICLES IN PARALLEL LANES),1,51051,2,0,1,0,1,2,1,1,Cross intersection,2,60,Local Road,50-59,Serious injury,Bicyclists
T20190025744,12/19/2019,6:25:00,1,Collision with vehicle,5,Thursday,130,REAR END(VEHICLES IN SAME LANE),1,613307,2,1,0,0,1,2,1,5,Not at intersection,1,80,Arterial Highway,22-25,Fatality,Bicyclists
T20190025750,12/19/2019,20:00:00,1,Collision with vehicle,5,Thursday,160,VEHICLE COLLIDES WITH VEHICLE PARKED ON LEFT OF ROAD,2,611333,2,0,1,0,0,1,1,5,Not at intersection,2,40,Local Road,22-25,Serious injury,Bicyclists
T20190025767,12/19/2019,22:15:00,1,Collision with vehicle,4,Thursday,130,REAR END(VEHICLES IN SAME LANE),3,661197,2,0,0,1,0,1,2,5,Not at intersection,3,60,Arterial Other,18-21,Other injury,Bicyclists
T20190025791,12/20/2019,6:05:00,7,Fall from or in moving vehicle,6,Friday,190,FELL IN/FROM VEHICLE,1,632366,3,0,1,1,1,3,1,5,Not at intersection,2,70,Arterial Other,40-49,Serious injury,Bicyclists
T20190025813,12/20/2019,14:00:00,1,Collision with vehicle,6,Friday,140,U TURN,1,611336,2,0,1,0,1,2,1,5,Not at intersection,2,999,Local Road,30-39,Serious injury,Bicyclists
T20190025826,12/20/2019,17:25:00,1,Collision with vehicle,5,Friday,163,VEHICLE STRIKES DOOR OF PARKED/STATIONARY VEHICLE,1,611619,2,0,0,1,2,3,2,5,Not at intersection,3,50,Local Road,40-49,Other injury,Bicyclists
T20190025833,12/8/2019,12:00:00,1,Collision with vehicle,0,Sunday,163,VEHICLE STRIKES DOOR OF PARKED/STATIONARY VEHICLE,1,628965,2,0,0,1,1,2,2,5,Not at intersection,3,50,Local Road,40-49,Other injury,Bicyclists