ACCIDENT_NO,ACCIDENT_DATE,ACCIDENT_TIME,ACCIDENT_TYPE,ACCIDENT_TYPE_DESC,DAY_OF_WEEK,DAY_WEEK_DESC,DCA_CODE,DCA_DESC,LIGHT_CONDITION,NODE_ID,NO_OF_VEHICLES,NO_PERSONS_KILLED,NO_PERSONS_INJ_2,NO_PERSONS_INJ_3,NO_PERSONS_NOT_INJ,NO_PERSONS,POLICE_ATTEND,ROAD_GEOMETRY,ROAD_GEOMETRY_DESC,SEVERITY,SPEED_ZONE,RMA,AGE_GROUP,INJ_LEVEL,ROAD_USER_TYPE_DESC
T20190025875,12/3/2019,18:30:00,1,Collision with vehicle,3,Tuesday,163,VEHICLE STRIKES DOOR OF PARKED/STATIONARY VEHICLE,1,656062,3,0,1,0,2,3,2,5,Not at intersection,2,999,Local Road,22-25,Serious injury,Bicyclists
T20190025882,12/17/2019,20:30:00,1,Collision with vehicle,3,Tuesday,130,REAR END(VEHICLES IN SAME LANE),2,656187,2,0,0,1,0,1,2,2,T intersection,3,50,Local Road,13-15,Other injury,Bicyclists
T20190025892,12/21/2019,9:05:00,8,No collision and no object struck,7,Saturday,179,OTHER ACCIDENTS-OFF STRAIGHT NOT INCLUDED IN DCAs 170-175,1,35626,1,0,1,0,0,1,1,1,Cross intersection,2,50,Arterial Highway,60-64,Serious injury,Bicyclists
T20190025935,12/21/2019,19:00:00,1,Collision with vehicle,7,Saturday,148,VEHICLE OFF FOOTPATH STRIKES VEH ON CARRIAGEWAY,1,656466,2,0,0,1,1,2,1,5,Not at intersection,3,80,Uknown,16-17,Other injury,Bicyclists
T20190026000,12/22/2019,19:00:00,1,Collision with vehicle,0,Sunday,110,CROSS TRAFFIC(INTERSECTIONS ONLY),1,41119,2,0,0,1,1,2,1,1,Cross intersection,3,40,Local Road,40-49,Other injury,Bicyclists
T20190026020,12/17/2019,12:10:00,1,Collision with vehicle,3,Tuesday,137,LEFT TURN SIDESWIPE,1,66844,2,0,0,1,1,2,1,2,T intersection,3,60,Arterial Other,30-39,Other injury,Bicyclists
T20190026043,12/18/2019,16:40:00,1,Collision with vehicle,3,Wednesday,160,VEHICLE COLLIDES WITH VEHICLE PARKED ON LEFT OF ROAD,1,612756,2,0,0,1,0,1,2,5,Not at intersection,3,60,Local Road,22-25,Other injury,Bicyclists
T20190026044,12/19/2019,18:30:00,1,Collision with vehicle,4,Thursday,160,VEHICLE COLLIDES WITH VEHICLE PARKED ON LEFT OF ROAD,1,613870,2,0,0,1,1,2,2,5,Not at intersection,3,999,Arterial Other,30-39,Other injury,Bicyclists
T20190026054,12/21/2019,18:30:00,1,Collision with vehicle,6,Saturday,163,VEHICLE STRIKES DOOR OF PARKED/STATIONARY VEHICLE,9,657555,2,0,0,1,1,2,2,5,Not at intersection,3,60,Arterial Other,18-21,Other injury,Bicyclists
T20190026075,12/11/2019,14:00:00,1,Collision with vehicle,4,Wednesday,113,RIGHT NEAR (INTERSECTIONS ONLY),1,52957,2,0,0,1,1,2,2,1,Cross intersection,3,60,Local Road,26-29,Other injury,Bicyclists
T20190026085,12/23/2019,19:15:00,1,Collision with vehicle,1,Monday,147,VEHICLE STRIKES ANOTHER VEH WHILE EMERGING FROM DRIVEWAY,1,164734,2,0,0,1,4,5,1,5,Not at intersection,3,60,Arterial Highway,45424,Other injury,Bicyclists
T20190026114,12/19/2019,21:10:00,1,Collision with vehicle,5,Thursday,163,VEHICLE STRIKES DOOR OF PARKED/STATIONARY VEHICLE,2,654549,2,0,0,1,1,2,2,1,Cross intersection,3,50,Local Road,30-39,Other injury,Bicyclists
T20190026134,12/20/2019,11:35:00,1,Collision with vehicle,6,Friday,133,LANE SIDE SWIPE (VEHICLES IN PARALLEL LANES),1,632367,2,0,1,0,1,2,1,5,Not at intersection,2,60,Arterial Other,30-39,Serious injury,Bicyclists
T20190026155,12/23/2019,15:30:00,1,Collision with vehicle,2,Monday,148,VEHICLE OFF FOOTPATH STRIKES VEH ON CARRIAGEWAY,1,51018,2,0,0,1,0,1,2,1,Cross intersection,3,50,Arterial Highway,18-21,Other injury,Bicyclists
T20190026212,12/23/2019,13:15:00,1,Collision with vehicle,2,Monday,121,RIGHT THROUGH,1,36688,2,0,0,1,1,2,2,1,Cross intersection,3,60,Arterial Other,26-29,Other injury,Bicyclists
T20190026220,12/25/2019,20:00:00,1,Collision with vehicle,3,Wednesday,110,CROSS TRAFFIC(INTERSECTIONS ONLY),2,37911,2,0,0,1,1,2,1,1,Cross intersection,3,60,Arterial Other,30-39,Other injury,Bicyclists
T20190026264,12/26/2019,12:34:00,1,Collision with vehicle,5,Thursday,153,CUTTING IN (OVERTAKING),1,618499,2,0,1,0,1,2,1,5,Not at intersection,2,80,Arterial Other,60-64,Serious injury,Bicyclists
T20190026307,12/27/2019,11:20:00,1,Collision with vehicle,6,Friday,121,RIGHT THROUGH,1,29542,2,0,1,0,1,2,1,1,Cross intersection,2,60,Arterial Other,26-29,Serious injury,Bicyclists
T20190026311,12/24/2019,7:45:00,1,Collision with vehicle,3,Tuesday,110,CROSS TRAFFIC(INTERSECTIONS ONLY),1,44470,2,0,0,1,1,2,2,1,Cross intersection,3,60,Local Road,40-49,Other injury,Bicyclists
T20190026364,12/27/2019,6:50:00,1,Collision with vehicle,5,Friday,116,LEFT NEAR (INTERSECTIONS ONLY),1,45586,2,0,0,1,1,2,2,2,T intersection,3,50,Local Road,50-59,Other injury,Bicyclists
T20190026374,12/28/2019,8:42:00,1,Collision with vehicle,7,Saturday,111,RIGHT FAR (INTERSECTIONS ONLY),1,327281,3,0,1,1,1,3,1,2,T intersection,2,60,Local Road,40-49,Other injury,Bicyclists
T20190026399,12/28/2019,22:32:00,1,Collision with vehicle,7,Saturday,136,RIGHT TURN SIDESWIPE,4,629301,2,1,0,1,0,2,1,5,Not at intersection,1,80,Arterial Other,16-17,Fatality,Bicyclists
T20190026403,12/29/2019,7:33:00,1,Collision with vehicle,1,Sunday,116,LEFT NEAR (INTERSECTIONS ONLY),1,40903,2,0,0,1,1,2,1,1,Cross intersection,3,50,Arterial Other,40-49,Other injury,Bicyclists
T20190026411,12/29/2019,10:30:00,1,Collision with vehicle,1,Sunday,153,CUTTING IN (OVERTAKING),1,615883,2,0,0,1,1,2,1,5,Not at intersection,3,80,Arterial Other,30-39,Other injury,Bicyclists
T20190026414,12/18/2019,17:00:00,1,Collision with vehicle,4,Wednesday,121,RIGHT THROUGH,1,45651,2,0,1,0,0,1,2,2,T intersection,2,40,Arterial Other,40-49,Serious injury,Bicyclists
T20190026434,12/29/2019,19:20:00,1,Collision with vehicle,1,Sunday,110,CROSS TRAFFIC(INTERSECTIONS ONLY),1,64722,2,0,1,0,1,2,1,1,Cross intersection,2,40,Local Road,30-39,Serious injury,Bicyclists
T20190026454,12/19/2019,16:00:00,1,Collision with vehicle,4,Thursday,160,VEHICLE COLLIDES WITH VEHICLE PARKED ON LEFT OF ROAD,1,614150,2,0,0,1,0,1,2,5,Not at intersection,3,40,Local Road,22-25,Other injury,Bicyclists
T20190026461,12/30/2019,12:10:00,1,Collision with vehicle,2,Monday,130,REAR END(VEHICLES IN SAME LANE),1,614442,2,0,1,0,1,2,1,5,Not at intersection,2,60,Arterial Other,30-39,Serious injury,Bicyclists
T20190026473,12/12/2019,18:00:00,1,Collision with vehicle,5,Thursday,116,LEFT NEAR (INTERSECTIONS ONLY),9,657206,2,0,0,1,0,1,2,1,Cross intersection,3,70,Arterial Other,22-25,Other injury,Bicyclists
T20190026484,12/7/2019,11:30:00,1,Collision with vehicle,6,Saturday,137,LEFT TURN SIDESWIPE,9,628968,2,0,0,1,1,2,2,5,Not at intersection,3,999,Local Road,22-25,Other injury,Bicyclists
T20190026485,12/19/2019,7:00:00,1,Collision with vehicle,5,Thursday,120,HEAD ON (NOT OVERTAKING),1,632362,2,0,1,0,0,1,2,5,Not at intersection,2,50,Uknown,40-49,Serious injury,Bicyclists
T20190026533,12/31/2019,12:12:00,1,Collision with vehicle,3,Tuesday,147,VEHICLE STRIKES ANOTHER VEH WHILE EMERGING FROM DRIVEWAY,1,623269,2,0,0,1,1,2,1,5,Not at intersection,3,30,Arterial Highway,26-29,Other injury,Bicyclists
T20200000019,1/1/2020,8:32:00,1,Collision with vehicle,4,Wednesday,116,LEFT NEAR (INTERSECTIONS ONLY),1,38086,2,0,0,1,1,2,1,1,Cross intersection,3,60,Arterial Other,60-64,Other injury,Bicyclists
T20200000030,12/31/2019,14:30:00,1,Collision with vehicle,2,Tuesday,163,VEHICLE STRIKES DOOR OF PARKED/STATIONARY VEHICLE,1,615033,2,0,0,1,1,2,2,5,Not at intersection,3,40,Local Road,18-21,Other injury,Bicyclists
T20200000034,12/31/2019,23:20:00,1,Collision with vehicle,3,Tuesday,130,REAR END(VEHICLES IN SAME LANE),5,620872,2,0,0,1,2,3,1,5,Not at intersection,3,100,Arterial Highway,40-49,Other injury,Bicyclists
T20200000035,12/30/2019,14:50:00,1,Collision with vehicle,2,Monday,163,VEHICLE STRIKES DOOR OF PARKED/STATIONARY VEHICLE,1,48012,2,0,0,1,1,2,2,2,T intersection,3,999,Local Road,26-29,Other injury,Bicyclists
T20200000059,12/12/2019,19:10:00,1,Collision with vehicle,5,Thursday,121,RIGHT THROUGH,1,46044,2,0,0,1,1,2,1,2,T intersection,3,50,Local Road,65-69,Other injury,Bicyclists
T20200000060,1/1/2020,15:41:00,1,Collision with vehicle,4,Wednesday,110,CROSS TRAFFIC(INTERSECTIONS ONLY),1,42230,2,0,0,1,1,2,1,1,Cross intersection,3,50,Local Road,Unknown,Other injury,Bicyclists
T20200000061,1/1/2020,7:50:00,1,Collision with vehicle,4,Wednesday,131,LEFT REAR,1,615035,2,0,0,1,1,2,2,5,Not at intersection,3,999,Arterial Other,40-49,Other injury,Bicyclists
T20200000062,1/1/2020,19:20:00,1,Collision with vehicle,4,Wednesday,114,TWO RIGHT TURNING (INTERSECTIONS ONLY),2,615603,2,0,0,1,1,2,1,2,T intersection,3,50,Local Road,40-49,Other injury,Bicyclists
T20200000078,1/2/2020,7:09:00,1,Collision with vehicle,5,Thursday,121,RIGHT THROUGH,1,41523,2,0,1,0,1,2,1,2,T intersection,2,70,Arterial Highway,30-39,Serious injury,Bicyclists
T20200000079,1/2/2020,6:55:00,1,Collision with vehicle,4,Thursday,121,RIGHT THROUGH,1,774,2,0,1,0,1,2,1,1,Cross intersection,2,60,Arterial Highway,30-39,Serious injury,Bicyclists
T20200000092,12/31/2019,10:40:00,1,Collision with vehicle,3,Tuesday,147,VEHICLE STRIKES ANOTHER VEH WHILE EMERGING FROM DRIVEWAY,1,615037,2,0,0,1,1,2,2,5,Not at intersection,3,60,Arterial Highway,70+,Other injury,Bicyclists
T20200000096,1/2/2020,10:20:00,1,Collision with vehicle,5,Thursday,121,RIGHT THROUGH,1,36889,2,0,0,1,1,2,1,1,Cross intersection,3,40,Local Road,26-29,Other injury,Bicyclists
T20200000147,1/3/2020,7:10:00,1,Collision with vehicle,6,Friday,113,RIGHT NEAR (INTERSECTIONS ONLY),1,253235,2,0,1,0,1,2,1,2,T intersection,2,80,Local Road,60-64,Serious injury,Bicyclists
T20200000236,1/4/2020,8:40:00,1,Collision with vehicle,6,Saturday,116,LEFT NEAR (INTERSECTIONS ONLY),1,44183,2,0,0,1,1,2,1,2,T intersection,3,80,Local Road,50-59,Other injury,Bicyclists
T20200000382,1/3/2020,17:30:00,1,Collision with vehicle,5,Friday,110,CROSS TRAFFIC(INTERSECTIONS ONLY),1,49887,2,0,0,1,1,2,2,1,Cross intersection,3,60,Local Road,30-39,Other injury,Bicyclists
T20200000388,12/10/2019,2:50:00,1,Collision with vehicle,3,Tuesday,110,CROSS TRAFFIC(INTERSECTIONS ONLY),9,618200,2,0,1,0,0,1,2,1,Cross intersection,2,60,Local Road,30-39,Serious injury,Bicyclists
T20200000392,1/2/2020,9:30:00,8,No collision and no object struck,5,Thursday,184,OUT OF CONTROL ON CARRIAGEWAY (ON BEND),1,631865,1,0,0,1,0,1,2,5,Not at intersection,3,999,Uknown,30-39,Other injury,Bicyclists
T20200000409,1/5/2020,18:30:00,1,Collision with vehicle,0,Sunday,110,CROSS TRAFFIC(INTERSECTIONS ONLY),1,1029,2,0,0,1,0,1,2,1,Cross intersection,3,70,Arterial Other,18-21,Other injury,Bicyclists
T20200000442,1/7/2020,14:14:00,1,Collision with vehicle,2,Tuesday,110,CROSS TRAFFIC(INTERSECTIONS ONLY),1,73897,2,0,1,0,1,2,1,1,Cross intersection,2,50,Local Road,65-69,Serious injury,Bicyclists
T20200000459,1/2/2020,11:15:00,6,Vehicle overturned (no collision),4,Thursday,149,OTHER MANOEUVRING NOT INCLUDED IN DCAs 140-148,1,616771,1,0,0,1,0,1,2,9,Unknown,3,50,Local Road,50-59,Other injury,Bicyclists
T20200000491,1/8/2020,8:30:00,1,Collision with vehicle,4,Wednesday,137,LEFT TURN SIDESWIPE,1,46158,2,0,1,0,1,2,1,1,Cross intersection,2,40,Arterial Other,26-29,Serious injury,Bicyclists
T20200000559,1/8/2020,19:28:00,1,Collision with vehicle,4,Wednesday,113,RIGHT NEAR (INTERSECTIONS ONLY),1,35666,2,0,0,1,1,2,1,2,T intersection,3,60,Uknown,50-59,Other injury,Bicyclists
T20200000572,1/9/2020,8:00:00,1,Collision with vehicle,5,Thursday,120,HEAD ON (NOT OVERTAKING),1,617060,2,0,0,1,1,2,2,5,Not at intersection,3,999,Arterial Other,50-59,Other injury,Bicyclists
T20200000604,1/2/2020,10:00:00,1,Collision with vehicle,5,Thursday,147,VEHICLE STRIKES ANOTHER VEH WHILE EMERGING FROM DRIVEWAY,1,620255,2,0,0,1,0,1,2,5,Not at intersection,3,40,Arterial Other,65-69,Other injury,Bicyclists
T20200000608,1/9/2020,11:42:00,1,Collision with vehicle,5,Thursday,110,CROSS TRAFFIC(INTERSECTIONS ONLY),1,50669,2,0,0,1,1,2,2,1,Cross intersection,3,50,Local Road,22-25,Other injury,Bicyclists
T20200000628,1/10/2020,1:58:00,4,Collision with a fixed object,6,Friday,173,RIGHT OFF CARRIAGEWAY INTO OBJECT/PARKED VEHICLE,3,638458,2,0,1,1,1,3,1,5,Not at intersection,2,60,Local Road,18-21,Not injured,Bicyclists
T20200000653,12/30/2019,18:05:00,5,collision with some other object,2,Monday,191,LOAD OR MISSILE STRUCK VEHICLE,1,631220,2,0,0,1,1,2,2,5,Not at intersection,3,40,Local Road,40-49,Other injury,Bicyclists
T20200000780,12/31/2019,15:00:00,4,Collision with a fixed object,2,Tuesday,171,LEFT OFF CARRIAGEWAY INTO OBJECT/PARKED VEHICLE,1,656152,2,0,0,1,2,3,1,5,Not at intersection,3,50,Local Road,16-17,Other injury,Bicyclists
T20200000896,1/14/2020,7:55:00,1,Collision with vehicle,3,Tuesday,148,VEHICLE OFF FOOTPATH STRIKES VEH ON CARRIAGEWAY,1,662848,2,0,0,1,1,2,2,5,Not at intersection,3,999,Uknown,40-49,Other injury,Bicyclists
T20200000900,1/13/2020,14:30:00,6,Vehicle overturned (no collision),2,Monday,174,OUT OF CONTROL ON CARRIAGEWAY (ON STRAIGHT),1,37688,1,0,1,0,0,1,2,2,T intersection,2,40,Local Road,30-39,Serious injury,Bicyclists
T20200000903,1/13/2020,17:22:00,1,Collision with vehicle,1,Monday,163,VEHICLE STRIKES DOOR OF PARKED/STATIONARY VEHICLE,1,618514,2,0,0,1,1,2,1,5,Not at intersection,3,60,Local Road,50-59,Other injury,Bicyclists
T20200000908,1/14/2020,12:10:00,1,Collision with vehicle,3,Tuesday,148,VEHICLE OFF FOOTPATH STRIKES VEH ON CARRIAGEWAY,1,662857,2,0,1,0,1,2,1,5,Not at intersection,2,80,Arterial Highway,60-64,Serious injury,Bicyclists
T20200000926,1/8/2020,13:40:00,1,Collision with vehicle,3,Wednesday,130,REAR END(VEHICLES IN SAME LANE),1,620258,2,0,0,1,0,1,2,5,Not at intersection,3,999,Local Road,16-17,Other injury,Bicyclists
T20200000936,1/14/2020,14:30:00,1,Collision with vehicle,2,Tuesday,148,VEHICLE OFF FOOTPATH STRIKES VEH ON CARRIAGEWAY,1,636488,2,0,0,1,0,1,2,5,Not at intersection,3,50,Local Road,45424,Other injury,Bicyclists
T20200000944,1/14/2020,16:10:00,1,Collision with vehicle,3,Tuesday,110,CROSS TRAFFIC(INTERSECTIONS ONLY),1,49416,2,0,1,0,1,2,1,1,Cross intersection,2,60,Uknown,22-25,Serious injury,Bicyclists
T20200001063,1/12/2020,9:10:00,6,Vehicle overturned (no collision),1,Sunday,174,OUT OF CONTROL ON CARRIAGEWAY (ON STRAIGHT),1,636106,2,0,0,1,1,2,2,2,T intersection,3,80,Local Road,50-59,Other injury,Bicyclists
T20200001086,1/16/2020,10:21:00,1,Collision with vehicle,5,Thursday,137,LEFT TURN SIDESWIPE,1,103792,2,0,1,0,1,2,2,5,Not at intersection,2,999,Arterial Highway,30-39,Serious injury,Bicyclists
T20200001124,1/16/2020,18:20:00,1,Collision with vehicle,5,Thursday,163,VEHICLE STRIKES DOOR OF PARKED/STATIONARY VEHICLE,1,663471,2,0,1,0,1,2,1,5,Not at intersection,2,60,Arterial Other,26-29,Serious injury,Bicyclists
T20200001154,1/16/2020,23:08:00,6,Vehicle overturned (no collision),5,Thursday,179,OTHER ACCIDENTS-OFF STRAIGHT NOT INCLUDED IN DCAs 170-175,3,619387,1,0,1,0,0,1,1,5,Not at intersection,2,50,Arterial Highway,40-49,Serious injury,Bicyclists
T20200001163,1/17/2020,9:00:00,1,Collision with vehicle,6,Friday,147,VEHICLE STRIKES ANOTHER VEH WHILE EMERGING FROM DRIVEWAY,1,619528,2,0,0,1,0,1,2,5,Not at intersection,3,60,Arterial Other,22-25,Other injury,Bicyclists
T20200001166,1/16/2020,5:45:00,1,Collision with vehicle,5,Thursday,113,RIGHT NEAR (INTERSECTIONS ONLY),3,134,3,0,0,1,2,3,2,2,T intersection,3,60,Arterial Highway,30-39,Other injury,Bicyclists
T20200001173,1/16/2020,17:15:00,1,Collision with vehicle,5,Thursday,135,LANE CHANGE LEFT (NOT OVERTAKING),1,116,2,0,1,0,1,2,2,1,Cross intersection,2,60,Local Road,30-39,Serious injury,Bicyclists
T20200001204,1/17/2020,7:40:00,6,Vehicle overturned (no collision),6,Friday,174,OUT OF CONTROL ON CARRIAGEWAY (ON STRAIGHT),1,639987,2,0,0,1,1,2,2,5,Not at intersection,3,60,Arterial Other,50-59,Other injury,Bicyclists
T20200001229,1/17/2020,21:50:00,1,Collision with vehicle,5,Friday,147,VEHICLE STRIKES ANOTHER VEH WHILE EMERGING FROM DRIVEWAY,9,635689,2,0,0,1,0,1,2,5,Not at intersection,3,999,Local Road,16-17,Other injury,Bicyclists
T20200001243,1/17/2020,9:30:00,1,Collision with vehicle,6,Friday,134,LANE CHANGE RIGHT (NOT OVERTAKING),1,619965,2,0,0,1,1,2,2,5,Not at intersection,3,60,Arterial Other,30-39,Other injury,Bicyclists
T20200001252,1/18/2020,11:15:00,1,Collision with vehicle,7,Saturday,147,VEHICLE STRIKES ANOTHER VEH WHILE EMERGING FROM DRIVEWAY,1,663648,2,0,1,0,1,2,2,4,Multiple intersection,2,999,Arterial Highway,26-29,Serious injury,Bicyclists
T20200001274,1/18/2020,20:10:00,1,Collision with vehicle,7,Saturday,113,RIGHT NEAR (INTERSECTIONS ONLY),1,636490,2,0,0,1,0,1,1,2,T intersection,3,50,Local Road,13-15,Other injury,Bicyclists
T20200001283,1/18/2020,17:30:00,6,Vehicle overturned (no collision),7,Saturday,174,OUT OF CONTROL ON CARRIAGEWAY (ON STRAIGHT),1,638423,1,0,1,0,0,1,1,1,Cross intersection,2,60,Local Road,70+,Serious injury,Bicyclists
T20200001295,1/16/2020,12:30:00,1,Collision with vehicle,5,Thursday,163,VEHICLE STRIKES DOOR OF PARKED/STATIONARY VEHICLE,1,627396,2,0,1,0,1,2,2,5,Not at intersection,2,70,Arterial Highway,50-59,Serious injury,Bicyclists
T20200001297,1/19/2020,8:10:00,1,Collision with vehicle,1,Sunday,147,VEHICLE STRIKES ANOTHER VEH WHILE EMERGING FROM DRIVEWAY,1,623585,2,0,0,1,1,2,1,5,Not at intersection,3,40,Arterial Other,13-15,Other injury,Bicyclists
T20200001299,1/19/2020,10:49:00,1,Collision with vehicle,1,Sunday,136,RIGHT TURN SIDESWIPE,1,619966,2,0,1,0,1,2,1,2,T intersection,2,50,Local Road,65-69,Serious injury,Bicyclists
T20200001303,1/19/2020,8:24:00,1,Collision with vehicle,1,Sunday,113,RIGHT NEAR (INTERSECTIONS ONLY),1,38286,3,0,2,0,1,3,1,2,T intersection,2,50,Arterial Other,60-64,Serious injury,Bicyclists
T20200001304,1/19/2020,12:54:00,1,Collision with vehicle,1,Sunday,130,REAR END(VEHICLES IN SAME LANE),1,341929,2,0,0,1,1,2,1,5,Not at intersection,3,80,Uknown,60-64,Other injury,Bicyclists
T20200001310,1/19/2020,15:00:00,1,Collision with vehicle,1,Sunday,179,OTHER ACCIDENTS-OFF STRAIGHT NOT INCLUDED IN DCAs 170-175,1,43072,2,0,0,1,1,2,1,1,Cross intersection,3,50,Local Road,40-49,Other injury,Bicyclists
T20200001324,1/19/2020,15:45:00,1,Collision with vehicle,0,Sunday,113,RIGHT NEAR (INTERSECTIONS ONLY),1,44443,2,0,0,1,1,2,2,2,T intersection,3,999,Arterial Highway,26-29,Other injury,Bicyclists
T20200001351,1/18/2020,10:20:00,1,Collision with vehicle,6,Saturday,140,U TURN,1,620264,2,0,0,1,1,2,2,5,Not at intersection,3,50,Local Road,50-59,Other injury,Bicyclists
T20200001366,1/20/2020,11:45:00,1,Collision with vehicle,2,Monday,111,RIGHT FAR (INTERSECTIONS ONLY),1,56368,2,0,1,0,1,2,1,1,Cross intersection,2,50,Local Road,60-64,Serious injury,Bicyclists
T20200001407,1/20/2020,15:00:00,1,Collision with vehicle,2,Monday,131,LEFT REAR,1,44640,2,0,0,1,1,2,2,2,T intersection,3,40,Local Road,18-21,Other injury,Bicyclists
T20200001409,1/16/2020,7:20:00,1,Collision with vehicle,5,Thursday,198,OTHER ACCIDENTS NOT CLASSIFIABLE ELSEWHERE,1,663292,2,0,0,1,1,2,1,5,Not at intersection,3,999,Local Road,60-64,Other injury,Bicyclists
T20200001416,12/24/2019,11:15:00,1,Collision with vehicle,3,Tuesday,116,LEFT NEAR (INTERSECTIONS ONLY),1,54499,2,0,0,1,1,2,1,2,T intersection,3,60,Local Road,22-25,Other injury,Bicyclists
T20200001427,1/21/2020,7:20:00,1,Collision with vehicle,3,Tuesday,110,CROSS TRAFFIC(INTERSECTIONS ONLY),2,45021,2,0,1,0,1,2,1,1,Cross intersection,2,50,Local Road,30-39,Serious injury,Bicyclists
T20200001442,1/21/2020,12:40:00,6,Vehicle overturned (no collision),3,Tuesday,174,OUT OF CONTROL ON CARRIAGEWAY (ON STRAIGHT),1,620568,1,0,0,1,0,1,1,5,Not at intersection,3,50,Local Road,50-59,Other injury,Bicyclists
T20200001465,1/21/2020,5:30:00,1,Collision with vehicle,3,Tuesday,113,RIGHT NEAR (INTERSECTIONS ONLY),6,43314,2,0,1,0,2,3,2,2,T intersection,2,60,Local Road,50-59,Serious injury,Bicyclists
T20200001467,12/25/2019,13:15:00,1,Collision with vehicle,4,Wednesday,147,VEHICLE STRIKES ANOTHER VEH WHILE EMERGING FROM DRIVEWAY,1,651070,2,0,0,1,1,2,2,5,Not at intersection,3,999,Local Road,70+,Other injury,Bicyclists
T20200001471,11/10/2019,14:15:00,1,Collision with vehicle,0,Sunday,114,TWO RIGHT TURNING (INTERSECTIONS ONLY),1,728890,2,0,0,1,1,2,2,1,Cross intersection,3,60,Arterial Highway,16-17,Other injury,Bicyclists
T20200001478,1/21/2020,18:20:00,1,Collision with vehicle,3,Tuesday,154,PULLING OUT -REAR END,1,622965,2,0,1,0,3,4,1,5,Not at intersection,2,40,Arterial Other,30-39,Serious injury,Bicyclists
T20200001495,1/21/2020,17:10:00,1,Collision with vehicle,3,Tuesday,121,RIGHT THROUGH,1,663758,2,0,0,1,1,2,2,2,T intersection,3,999,Local Road,40-49,Other injury,Bicyclists
T20200001501,1/22/2020,1:00:00,1,Collision with vehicle,4,Wednesday,132,RIGHT REAR.,3,639989,2,0,1,0,1,2,1,5,Not at intersection,2,60,Arterial Other,18-21,Serious injury,Bicyclists
T20200001520,1/22/2020,8:20:00,2,Struck Pedestrian,4,Wednesday,103,PED PLAYING/LYING/WORKING/STANDING ON CARRIAGEWAY.,1,628337,1,0,0,2,0,2,1,1,Cross intersection,3,40,Local Road,40-49,Other injury,Bicyclists
T20200001527,1/22/2020,10:30:00,1,Collision with vehicle,4,Wednesday,131,LEFT REAR,1,621183,2,0,0,1,1,2,1,5,Not at intersection,3,50,Local Road,13-15,Other injury,Bicyclists
T20200001565,1/22/2020,14:17:00,1,Collision with vehicle,3,Wednesday,116,LEFT NEAR (INTERSECTIONS ONLY),1,252475,2,0,0,1,1,2,2,1,Cross intersection,3,60,Arterial Other,26-29,Other injury,Bicyclists
T20200001614,1/21/2020,12:10:00,1,Collision with vehicle,3,Tuesday,163,VEHICLE STRIKES DOOR OF PARKED/STATIONARY VEHICLE,1,243885,2,0,1,0,2,3,2,5,Not at intersection,2,40,Local Road,26-29,Serious injury,Bicyclists
T20200001631,1/19/2020,19:30:00,6,Vehicle overturned (no collision),1,Sunday,174,OUT OF CONTROL ON CARRIAGEWAY (ON STRAIGHT),1,40113,2,0,1,0,1,2,2,5,Not at intersection,2,999,Local Road,65-69,Serious injury,Bicyclists
T20200001666,1/23/2020,13:35:00,1,Collision with vehicle,4,Thursday,147,VEHICLE STRIKES ANOTHER VEH WHILE EMERGING FROM DRIVEWAY,1,663933,2,0,0,1,1,2,1,5,Not at intersection,3,60,Arterial Other,13-15,Other injury,Bicyclists
T20200001706,1/24/2020,9:00:00,1,Collision with vehicle,6,Friday,110,CROSS TRAFFIC(INTERSECTIONS ONLY),1,63701,2,0,0,1,1,2,1,1,Cross intersection,3,50,Local Road,50-59,Other injury,Bicyclists
T20200001727,1/24/2020,13:10:00,1,Collision with vehicle,6,Friday,139,OTHER SAME DIRECTION-MANOUEVRES NOT INCLUDED IN DCAs 130-137,1,663786,2,0,0,1,1,2,1,5,Not at intersection,3,40,Local Road,Unknown,Not injured,Bicyclists
T20200001762,1/24/2020,23:45:00,1,Collision with vehicle,5,Friday,137,LEFT TURN SIDESWIPE,5,35989,2,0,0,1,1,2,1,1,Cross intersection,3,777,Local Road,22-25,Other injury,Bicyclists
T20200001789,1/25/2020,7:57:00,1,Collision with vehicle,7,Saturday,110,CROSS TRAFFIC(INTERSECTIONS ONLY),1,52490,2,0,1,0,1,2,1,1,Cross intersection,2,60,Local Road,26-29,Serious injury,Bicyclists
T20200001816,1/25/2020,16:30:00,1,Collision with vehicle,7,Saturday,121,RIGHT THROUGH,1,655216,2,0,0,2,0,2,2,1,Cross intersection,3,60,Local Road,40-49,Other injury,Bicyclists
T20200001860,1/17/2020,17:45:00,1,Collision with vehicle,6,Friday,160,VEHICLE COLLIDES WITH VEHICLE PARKED ON LEFT OF ROAD,1,90411,2,0,0,1,0,1,2,5,Not at intersection,3,999,Local Road,30-39,Other injury,Bicyclists
T20200001869,1/26/2020,10:16:00,1,Collision with vehicle,1,Sunday,113,RIGHT NEAR (INTERSECTIONS ONLY),1,624185,2,0,0,1,2,3,1,2,T intersection,3,50,Local Road,30-39,Other injury,Bicyclists
T20200001880,1/26/2020,10:58:00,1,Collision with vehicle,1,Sunday,110,CROSS TRAFFIC(INTERSECTIONS ONLY),1,229668,2,0,1,0,1,2,1,1,Cross intersection,2,50,Local Road,50-59,Serious injury,Bicyclists
T20200001940,1/26/2020,21:13:00,1,Collision with vehicle,1,Sunday,110,CROSS TRAFFIC(INTERSECTIONS ONLY),3,39884,2,0,1,0,1,2,1,1,Cross intersection,2,60,Uknown,30-39,Serious injury,Bicyclists