ACCIDENT_NO,ACCIDENT_DATE,ACCIDENT_TIME,ACCIDENT_TYPE,ACCIDENT_TYPE_DESC,DAY_OF_WEEK,DAY_WEEK_DESC,DCA_CODE,DCA_DESC,LIGHT_CONDITION,NODE_ID,NO_OF_VEHICLES,NO_PERSONS_KILLED,NO_PERSONS_INJ_2,NO_PERSONS_INJ_3,NO_PERSONS_NOT_INJ,NO_PERSONS,POLICE_ATTEND,ROAD_GEOMETRY,ROAD_GEOMETRY_DESC,SEVERITY,SPEED_ZONE,RMA,AGE_GROUP,INJ_LEVEL,ROAD_USER_TYPE_DESC
T20200001952,1/27/2020,14:10:00,1,Collision with vehicle,2,Monday,116,LEFT NEAR (INTERSECTIONS ONLY),1,29493,2,0,1,0,1,2,1,2,T intersection,2,999,Arterial Other,30-39,Serious injury,Bicyclists
T20200001960,1/27/2020,19:20:00,1,Collision with vehicle,1,Monday,163,VEHICLE STRIKES DOOR OF PARKED/STATIONARY VEHICLE,1,666316,2,0,0,1,0,1,2,5,Not at intersection,3,40,Arterial Other,26-29,Other injury,Bicyclists
T20200001965,1/23/2020,8:14:00,1,Collision with vehicle,5,Thursday,116,LEFT NEAR (INTERSECTIONS ONLY),1,53241,2,0,1,0,1,2,2,2,T intersection,2,50,Local Road,70+,Serious injury,Bicyclists
T20200001976,1/24/2020,16:39:00,1,Collision with vehicle,6,Friday,121,RIGHT THROUGH,1,641885,2,0,0,1,1,2,1,2,T intersection,3,60,Local Road,13-15,Other injury,Bicyclists
T20200002037,1/28/2020,16:45:00,1,Collision with vehicle,3,Tuesday,148,VEHICLE OFF FOOTPATH STRIKES VEH ON CARRIAGEWAY,1,666205,2,0,0,1,2,3,1,5,Not at intersection,3,40,Local Road,30-39,Other injury,Bicyclists
T20200002043,1/28/2020,14:18:00,5,collision with some other object,3,Tuesday,166,STRUCK OBJECT ON CARRIAGEWAY,1,625475,1,0,0,1,0,1,1,2,T intersection,3,70,Arterial Highway,65-69,Other injury,Bicyclists
T20200002071,1/29/2020,7:27:00,1,Collision with vehicle,3,Wednesday,121,RIGHT THROUGH,1,38984,2,0,0,1,1,2,1,1,Cross intersection,3,60,Arterial Other,30-39,Other injury,Bicyclists
T20200002073,1/28/2020,17:45:00,1,Collision with vehicle,3,Tuesday,110,CROSS TRAFFIC(INTERSECTIONS ONLY),1,37253,2,0,0,1,1,2,2,1,Cross intersection,3,40,Local Road,26-29,Other injury,Bicyclists
T20200002077,1/29/2020,7:50:00,1,Collision with vehicle,4,Wednesday,147,VEHICLE STRIKES ANOTHER VEH WHILE EMERGING FROM DRIVEWAY,1,638826,2,0,1,0,1,2,1,5,Not at intersection,2,50,Uknown,26-29,Serious injury,Bicyclists
T20200002107,1/29/2020,8:00:00,1,Collision with vehicle,4,Wednesday,133,LANE SIDE SWIPE (VEHICLES IN PARALLEL LANES),1,630920,4,0,1,0,3,4,1,5,Not at intersection,2,60,Arterial Other,50-59,Serious injury,Bicyclists
T20200002109,1/24/2020,18:30:00,1,Collision with vehicle,6,Friday,163,VEHICLE STRIKES DOOR OF PARKED/STATIONARY VEHICLE,1,655036,2,0,0,1,1,2,2,5,Not at intersection,3,999,Local Road,30-39,Other injury,Bicyclists
T20200002119,1/28/2020,5:30:00,1,Collision with vehicle,3,Tuesday,116,LEFT NEAR (INTERSECTIONS ONLY),1,41237,2,0,0,2,0,2,2,2,T intersection,3,60,Local Road,40-49,Other injury,Bicyclists
T20200002143,1/29/2020,19:10:00,1,Collision with vehicle,4,Wednesday,147,VEHICLE STRIKES ANOTHER VEH WHILE EMERGING FROM DRIVEWAY,1,658821,2,0,0,1,1,2,1,5,Not at intersection,3,999,Local Road,50-59,Other injury,Bicyclists
T20200002151,1/29/2020,5:30:00,1,Collision with vehicle,4,Wednesday,116,LEFT NEAR (INTERSECTIONS ONLY),3,236450,2,0,0,1,1,2,2,2,T intersection,3,80,Arterial Other,30-39,Other injury,Bicyclists
T20200002169,1/30/2020,8:20:00,1,Collision with vehicle,5,Thursday,148,VEHICLE OFF FOOTPATH STRIKES VEH ON CARRIAGEWAY,1,623291,2,0,1,0,1,2,1,1,Cross intersection,2,50,Local Road,45424,Serious injury,Bicyclists
T20200002177,1/29/2020,17:00:00,4,Collision with a fixed object,4,Wednesday,171,LEFT OFF CARRIAGEWAY INTO OBJECT/PARKED VEHICLE,1,624519,1,0,0,1,0,1,2,5,Not at intersection,3,40,Uknown,26-29,Other injury,Bicyclists
T20200002179,1/30/2020,7:55:00,1,Collision with vehicle,5,Thursday,147,VEHICLE STRIKES ANOTHER VEH WHILE EMERGING FROM DRIVEWAY,1,663166,2,0,0,1,1,2,1,5,Not at intersection,3,60,Local Road,22-25,Other injury,Bicyclists
T20200002202,1/29/2020,11:00:00,1,Collision with vehicle,3,Wednesday,163,VEHICLE STRIKES DOOR OF PARKED/STATIONARY VEHICLE,1,756525,2,0,0,1,1,2,2,5,Not at intersection,3,50,Local Road,18-21,Other injury,Bicyclists
T20200002228,1/30/2020,20:16:00,1,Collision with vehicle,4,Thursday,121,RIGHT THROUGH,2,40031,2,0,1,0,1,2,1,2,T intersection,2,50,Local Road,30-39,Serious injury,Bicyclists
T20200002296,1/31/2020,13:15:00,1,Collision with vehicle,6,Friday,163,VEHICLE STRIKES DOOR OF PARKED/STATIONARY VEHICLE,1,663054,2,0,0,1,1,2,2,5,Not at intersection,3,40,Local Road,18-21,Other injury,Bicyclists
T20200002349,1/6/2020,14:00:00,1,Collision with vehicle,2,Monday,121,RIGHT THROUGH,1,633990,2,0,0,1,1,2,2,5,Not at intersection,3,80,Arterial Highway,26-29,Other injury,Bicyclists
T20200002351,2/1/2020,8:15:00,6,Vehicle overturned (no collision),7,Saturday,174,OUT OF CONTROL ON CARRIAGEWAY (ON STRAIGHT),1,624843,1,0,1,0,0,1,1,5,Not at intersection,2,80,Local Road,60-64,Serious injury,Bicyclists
T20200002355,12/16/2019,16:00:00,1,Collision with vehicle,2,Monday,137,LEFT TURN SIDESWIPE,1,38872,2,0,0,1,2,3,1,2,T intersection,3,60,Arterial Other,50-59,Other injury,Bicyclists
T20200002374,1/31/2020,15:10:00,1,Collision with vehicle,6,Friday,148,VEHICLE OFF FOOTPATH STRIKES VEH ON CARRIAGEWAY,1,624194,2,0,0,1,1,2,2,5,Not at intersection,3,60,Arterial Other,13-15,Other injury,Bicyclists
T20200002452,2/2/2020,15:56:00,1,Collision with vehicle,0,Sunday,116,LEFT NEAR (INTERSECTIONS ONLY),1,44522,2,0,0,1,2,3,1,2,T intersection,3,100,Uknown,40-49,Other injury,Bicyclists
T20200002461,2/2/2020,17:26:00,8,No collision and no object struck,0,Sunday,179,OTHER ACCIDENTS-OFF STRAIGHT NOT INCLUDED IN DCAs 170-175,1,643166,1,0,0,1,0,1,1,5,Not at intersection,3,60,Local Road,16-17,Other injury,Bicyclists
T20200002477,1/31/2020,14:30:00,1,Collision with vehicle,6,Friday,119,OTHER ADJACENT (INTERSECTIONS ONLY),1,36514,2,0,1,0,1,2,1,2,T intersection,2,999,Arterial Other,26-29,Serious injury,Bicyclists
T20200002483,2/2/2020,11:22:00,6,Vehicle overturned (no collision),1,Sunday,174,OUT OF CONTROL ON CARRIAGEWAY (ON STRAIGHT),9,624529,1,1,0,0,0,1,1,5,Not at intersection,1,100,Uknown,50-59,Fatality,Bicyclists
T20200002491,1/29/2020,21:45:00,1,Collision with vehicle,3,Wednesday,110,CROSS TRAFFIC(INTERSECTIONS ONLY),6,52810,2,0,0,1,1,2,2,1,Cross intersection,3,999,Local Road,50-59,Other injury,Bicyclists
T20200002508,2/3/2020,11:47:00,1,Collision with vehicle,2,Monday,137,LEFT TURN SIDESWIPE,1,13018,2,0,0,1,1,2,1,2,T intersection,3,40,Local Road,26-29,Other injury,Bicyclists
T20200002534,2/3/2020,7:50:00,1,Collision with vehicle,2,Monday,121,RIGHT THROUGH,1,40096,2,0,0,1,1,2,2,1,Cross intersection,3,999,Arterial Other,30-39,Other injury,Bicyclists
T20200002551,2/3/2020,19:40:00,6,Vehicle overturned (no collision),2,Monday,174,OUT OF CONTROL ON CARRIAGEWAY (ON STRAIGHT),1,629647,1,0,1,0,0,1,1,5,Not at intersection,2,60,Arterial Highway,50-59,Serious injury,Bicyclists
T20200002601,10/23/2019,21:00:00,1,Collision with vehicle,4,Wednesday,163,VEHICLE STRIKES DOOR OF PARKED/STATIONARY VEHICLE,3,659206,2,0,0,1,1,2,2,5,Not at intersection,3,40,Local Road,22-25,Other injury,Bicyclists
T20200002602,2/4/2020,10:00:00,1,Collision with vehicle,3,Tuesday,121,RIGHT THROUGH,1,50070,2,0,1,0,1,2,1,2,T intersection,2,60,Arterial Other,30-39,Serious injury,Bicyclists
T20200002610,2/4/2020,7:15:00,1,Collision with vehicle,3,Tuesday,121,RIGHT THROUGH,1,628650,2,0,1,0,1,2,2,2,T intersection,2,60,Local Road,50-59,Serious injury,Bicyclists
T20200002646,2/4/2020,16:50:00,1,Collision with vehicle,3,Tuesday,133,LANE SIDE SWIPE (VEHICLES IN PARALLEL LANES),1,36867,2,0,1,0,1,2,1,1,Cross intersection,2,50,Local Road,26-29,Serious injury,Bicyclists
T20200002649,2/4/2020,19:00:00,1,Collision with vehicle,2,Tuesday,163,VEHICLE STRIKES DOOR OF PARKED/STATIONARY VEHICLE,1,728899,2,0,0,1,1,2,1,5,Not at intersection,3,999,Arterial Other,22-25,Other injury,Bicyclists
T20200002703,2/3/2020,20:05:00,8,No collision and no object struck,2,Monday,179,OTHER ACCIDENTS-OFF STRAIGHT NOT INCLUDED IN DCAs 170-175,3,150,2,0,0,1,1,2,2,2,T intersection,3,40,Local Road,22-25,Other injury,Bicyclists
T20200002712,2/4/2020,17:05:00,1,Collision with vehicle,3,Tuesday,147,VEHICLE STRIKES ANOTHER VEH WHILE EMERGING FROM DRIVEWAY,9,663262,2,0,0,1,1,2,2,5,Not at intersection,3,999,Arterial Other,50-59,Other injury,Bicyclists
T20200002747,1/31/2020,17:30:00,1,Collision with vehicle,6,Friday,163,VEHICLE STRIKES DOOR OF PARKED/STATIONARY VEHICLE,1,117020,2,0,0,1,1,2,2,5,Not at intersection,3,40,Local Road,30-39,Other injury,Bicyclists
T20200002767,2/6/2020,7:03:00,1,Collision with vehicle,5,Thursday,135,LANE CHANGE LEFT (NOT OVERTAKING),1,625486,7,0,0,5,2,7,1,5,Not at intersection,3,60,Arterial Other,50-59,Not injured,Bicyclists
T20200002771,2/6/2020,8:00:00,1,Collision with vehicle,5,Thursday,113,RIGHT NEAR (INTERSECTIONS ONLY),1,625487,2,0,1,0,1,2,1,2,T intersection,2,60,Local Road,30-39,Serious injury,Bicyclists
T20200002775,2/4/2020,7:30:00,1,Collision with vehicle,3,Tuesday,137,LEFT TURN SIDESWIPE,1,178,2,0,1,0,1,2,2,2,T intersection,2,999,Local Road,40-49,Serious injury,Bicyclists
T20200002783,2/6/2020,8:03:00,1,Collision with vehicle,4,Thursday,140,U TURN,1,729135,2,0,1,0,1,2,1,5,Not at intersection,2,50,Arterial Other,40-49,Serious injury,Bicyclists
T20200002792,2/6/2020,12:00:00,1,Collision with vehicle,5,Thursday,137,LEFT TURN SIDESWIPE,1,625490,2,0,0,1,1,2,1,2,T intersection,3,60,Arterial Highway,40-49,Other injury,Bicyclists
T20200002810,2/6/2020,8:55:00,1,Collision with vehicle,4,Thursday,121,RIGHT THROUGH,1,341861,2,0,1,0,2,3,1,2,T intersection,2,60,Uknown,40-49,Serious injury,Bicyclists
T20200002830,2/6/2020,6:00:00,1,Collision with vehicle,5,Thursday,148,VEHICLE OFF FOOTPATH STRIKES VEH ON CARRIAGEWAY,1,37788,2,0,0,2,0,2,1,1,Cross intersection,3,60,Arterial Other,45424,Other injury,Bicyclists
T20200002835,2/5/2020,7:50:00,1,Collision with vehicle,4,Wednesday,163,VEHICLE STRIKES DOOR OF PARKED/STATIONARY VEHICLE,1,37748,2,0,0,1,2,3,2,1,Cross intersection,3,60,Arterial Other,40-49,Other injury,Bicyclists
T20200002864,2/6/2020,21:30:00,8,No collision and no object struck,5,Thursday,174,OUT OF CONTROL ON CARRIAGEWAY (ON STRAIGHT),3,629317,1,0,0,1,0,1,1,5,Not at intersection,3,60,Arterial Highway,18-21,Other injury,Bicyclists
T20200002880,2/6/2020,19:07:00,6,Vehicle overturned (no collision),5,Thursday,170,OFF CARRIAGEWAY TO LEFT,1,639850,2,0,1,0,1,2,1,5,Not at intersection,2,80,Arterial Other,60-64,Serious injury,Bicyclists
T20200002894,2/6/2020,17:00:00,1,Collision with vehicle,4,Thursday,163,VEHICLE STRIKES DOOR OF PARKED/STATIONARY VEHICLE,1,625813,2,0,0,1,0,1,2,5,Not at intersection,3,60,Local Road,22-25,Other injury,Bicyclists
T20200002897,2/6/2020,12:30:00,1,Collision with vehicle,4,Thursday,130,REAR END(VEHICLES IN SAME LANE),1,625814,2,0,0,1,1,2,2,1,Cross intersection,3,70,Arterial Other,50-59,Other injury,Bicyclists
T20200002905,2/2/2020,13:00:00,1,Collision with vehicle,1,Sunday,160,VEHICLE COLLIDES WITH VEHICLE PARKED ON LEFT OF ROAD,1,626105,2,0,1,0,0,1,2,5,Not at intersection,2,60,Arterial Other,40-49,Serious injury,Bicyclists
T20200002909,2/6/2020,14:45:00,1,Collision with vehicle,4,Thursday,121,RIGHT THROUGH,1,46308,2,0,0,1,1,2,2,2,T intersection,3,60,Arterial Other,30-39,Other injury,Bicyclists
T20200002929,2/7/2020,11:35:00,1,Collision with vehicle,6,Friday,121,RIGHT THROUGH,1,29779,2,0,1,0,1,2,1,2,T intersection,2,40,Local Road,50-59,Serious injury,Bicyclists
T20200002933,2/5/2020,7:15:00,5,collision with some other object,4,Wednesday,166,STRUCK OBJECT ON CARRIAGEWAY,1,663646,2,0,0,1,0,1,2,5,Not at intersection,3,50,Local Road,40-49,Other injury,Bicyclists
T20200002978,2/8/2020,7:00:00,1,Collision with vehicle,7,Saturday,113,RIGHT NEAR (INTERSECTIONS ONLY),1,626110,2,0,1,0,1,2,1,2,T intersection,2,50,Local Road,30-39,Serious injury,Bicyclists
T20200002988,2/8/2020,11:00:00,1,Collision with vehicle,6,Saturday,137,LEFT TURN SIDESWIPE,1,762292,9,0,2,1,7,10,1,5,Not at intersection,2,80,Arterial Highway,30-39,Serious injury,Bicyclists
T20200002998,2/8/2020,7:15:00,9,Other accident,7,Saturday,139,OTHER SAME DIRECTION-MANOUEVRES NOT INCLUDED IN DCAs 130-137,1,626758,2,0,0,1,1,2,1,5,Not at intersection,3,60,Arterial Highway,60-64,Other injury,Bicyclists
T20200003016,1/23/2020,17:15:00,1,Collision with vehicle,4,Thursday,140,U TURN,1,629648,2,0,0,1,1,2,2,2,T intersection,3,50,Local Road,50-59,Other injury,Bicyclists
T20200003026,2/8/2020,21:30:00,1,Collision with vehicle,7,Saturday,119,OTHER ADJACENT (INTERSECTIONS ONLY),2,619809,2,1,0,0,2,3,1,2,T intersection,1,100,Arterial Highway,30-39,Fatality,Bicyclists
T20200003047,2/9/2020,10:00:00,2,Struck Pedestrian,1,Sunday,106,VEH STRIKES PED ON FOOTPATH/MEDIAN/TRAFFIC ISLAND.,1,640169,1,0,1,0,0,1,2,5,Not at intersection,2,999,Arterial Highway,22-25,Serious injury,Pedestrians
T20200003065,2/9/2020,9:05:00,8,No collision and no object struck,1,Sunday,174,OUT OF CONTROL ON CARRIAGEWAY (ON STRAIGHT),1,664804,1,0,1,0,1,2,2,2,T intersection,2,60,Local Road,30-39,Serious injury,Bicyclists
T20200003107,2/10/2020,8:20:00,1,Collision with vehicle,1,Monday,137,LEFT TURN SIDESWIPE,1,36062,2,0,0,1,1,2,1,2,T intersection,3,60,Arterial Highway,22-25,Other injury,Bicyclists
T20200003126,2/5/2020,18:50:00,1,Collision with vehicle,3,Wednesday,143,ENTERING PARKING,9,37529,2,0,0,1,0,1,2,2,T intersection,3,60,Local Road,22-25,Other injury,Bicyclists
T20200003137,2/8/2020,11:45:00,1,Collision with vehicle,6,Saturday,110,CROSS TRAFFIC(INTERSECTIONS ONLY),1,63672,2,0,0,1,1,2,2,1,Cross intersection,3,50,Local Road,30-39,Other injury,Bicyclists
T20200003167,2/10/2020,18:10:00,1,Collision with vehicle,2,Monday,147,VEHICLE STRIKES ANOTHER VEH WHILE EMERGING FROM DRIVEWAY,1,668056,2,0,1,0,1,2,2,5,Not at intersection,2,999,Arterial Other,50-59,Serious injury,Bicyclists
T20200003173,2/10/2020,20:00:00,1,Collision with vehicle,2,Monday,148,VEHICLE OFF FOOTPATH STRIKES VEH ON CARRIAGEWAY,2,38534,2,0,0,1,1,2,1,1,Cross intersection,3,60,Arterial Other,50-59,Other injury,Bicyclists
T20200003174,2/10/2020,18:35:00,1,Collision with vehicle,2,Monday,133,LANE SIDE SWIPE (VEHICLES IN PARALLEL LANES),1,647445,2,0,1,0,1,2,1,5,Not at intersection,2,60,Arterial Highway,50-59,Serious injury,Bicyclists
T20200003182,2/11/2020,7:27:00,6,Vehicle overturned (no collision),3,Tuesday,174,OUT OF CONTROL ON CARRIAGEWAY (ON STRAIGHT),1,627093,2,0,1,0,1,2,1,5,Not at intersection,2,50,Local Road,65-69,Serious injury,Bicyclists
T20200003184,2/9/2020,18:40:00,1,Collision with vehicle,1,Sunday,163,VEHICLE STRIKES DOOR OF PARKED/STATIONARY VEHICLE,1,662751,2,0,1,0,1,2,2,5,Not at intersection,2,40,Local Road,22-25,Serious injury,Bicyclists
T20200003187,2/11/2020,7:50:00,1,Collision with vehicle,3,Tuesday,134,LANE CHANGE RIGHT (NOT OVERTAKING),1,627408,2,0,1,0,1,2,1,5,Not at intersection,2,60,Local Road,50-59,Serious injury,Bicyclists
T20200003231,2/5/2020,6:55:00,1,Collision with vehicle,4,Wednesday,121,RIGHT THROUGH,1,45355,2,0,0,1,1,2,2,1,Cross intersection,3,50,Local Road,30-39,Other injury,Bicyclists
T20200003240,2/11/2020,6:45:00,1,Collision with vehicle,3,Tuesday,163,VEHICLE STRIKES DOOR OF PARKED/STATIONARY VEHICLE,2,640173,2,0,1,0,2,3,2,5,Not at intersection,2,60,Arterial Other,30-39,Serious injury,Bicyclists
T20200003258,1/14/2020,7:30:00,1,Collision with vehicle,3,Tuesday,163,VEHICLE STRIKES DOOR OF PARKED/STATIONARY VEHICLE,1,635711,2,0,1,0,1,2,2,5,Not at intersection,2,50,Local Road,30-39,Serious injury,Bicyclists
T20200003274,2/12/2020,7:50:00,1,Collision with vehicle,4,Wednesday,130,REAR END(VEHICLES IN SAME LANE),1,659143,2,0,0,1,1,2,2,1,Cross intersection,3,60,Arterial Other,50-59,Other injury,Bicyclists
T20200003275,2/12/2020,7:45:00,1,Collision with vehicle,4,Wednesday,135,LANE CHANGE LEFT (NOT OVERTAKING),1,627415,3,0,1,0,1,2,1,2,T intersection,2,80,Arterial Highway,40-49,Serious injury,Bicyclists
T20200003291,2/12/2020,11:27:00,1,Collision with vehicle,4,Wednesday,163,VEHICLE STRIKES DOOR OF PARKED/STATIONARY VEHICLE,1,627417,2,0,1,0,1,2,1,5,Not at intersection,2,60,Arterial Other,40-49,Serious injury,Bicyclists
T20200003293,2/4/2020,18:21:00,1,Collision with vehicle,2,Tuesday,163,VEHICLE STRIKES DOOR OF PARKED/STATIONARY VEHICLE,1,82747,2,0,0,1,1,2,2,5,Not at intersection,3,50,Arterial Other,40-49,Other injury,Bicyclists
T20200003318,2/9/2020,13:40:00,1,Collision with vehicle,1,Sunday,163,VEHICLE STRIKES DOOR OF PARKED/STATIONARY VEHICLE,1,629649,3,0,1,0,2,3,1,5,Not at intersection,2,40,Local Road,30-39,Serious injury,Bicyclists
T20200003323,2/12/2020,6:30:00,1,Collision with vehicle,4,Wednesday,140,U TURN,2,627735,2,0,0,1,1,2,2,5,Not at intersection,3,999,Uknown,40-49,Other injury,Bicyclists
T20200003398,2/13/2020,8:30:00,8,No collision and no object struck,5,Thursday,174,OUT OF CONTROL ON CARRIAGEWAY (ON STRAIGHT),1,627739,2,0,0,1,0,1,2,5,Not at intersection,3,60,Local Road,26-29,Other injury,Bicyclists
T20200003442,2/13/2020,8:00:00,1,Collision with vehicle,5,Thursday,148,VEHICLE OFF FOOTPATH STRIKES VEH ON CARRIAGEWAY,1,628987,2,0,0,1,1,2,2,2,T intersection,3,50,Local Road,Unknown,Other injury,Bicyclists
T20200003488,2/12/2020,13:50:00,1,Collision with vehicle,3,Wednesday,121,RIGHT THROUGH,1,1021,2,0,0,1,1,2,2,2,T intersection,3,50,Local Road,18-21,Other injury,Bicyclists
T20200003490,2/12/2020,18:58:00,1,Collision with vehicle,3,Wednesday,163,VEHICLE STRIKES DOOR OF PARKED/STATIONARY VEHICLE,9,650557,2,0,0,1,2,3,2,5,Not at intersection,3,999,Local Road,30-39,Other injury,Bicyclists
T20200003509,2/12/2020,18:30:00,1,Collision with vehicle,4,Wednesday,120,HEAD ON (NOT OVERTAKING),9,631880,2,0,0,1,1,2,2,5,Not at intersection,3,50,Uknown,16-17,Other injury,Bicyclists
T20200003522,2/14/2020,13:10:00,1,Collision with vehicle,6,Friday,163,VEHICLE STRIKES DOOR OF PARKED/STATIONARY VEHICLE,1,215624,3,0,0,1,2,3,1,5,Not at intersection,3,60,Arterial Other,26-29,Other injury,Bicyclists
T20200003541,2/5/2020,13:00:00,1,Collision with vehicle,4,Wednesday,163,VEHICLE STRIKES DOOR OF PARKED/STATIONARY VEHICLE,1,656693,2,0,0,1,1,2,2,5,Not at intersection,3,40,Arterial Other,30-39,Other injury,Bicyclists
T20200003564,2/15/2020,9:20:00,1,Collision with vehicle,6,Saturday,110,CROSS TRAFFIC(INTERSECTIONS ONLY),1,56418,2,0,0,1,1,2,1,1,Cross intersection,3,50,Local Road,50-59,Other injury,Bicyclists
T20200003582,2/15/2020,11:55:00,1,Collision with vehicle,7,Saturday,163,VEHICLE STRIKES DOOR OF PARKED/STATIONARY VEHICLE,1,196765,2,0,1,0,3,4,1,5,Not at intersection,2,40,Local Road,26-29,Serious injury,Bicyclists
T20200003592,2/15/2020,11:00:00,7,Fall from or in moving vehicle,7,Saturday,190,FELL IN/FROM VEHICLE,1,632814,2,0,1,0,1,2,1,5,Not at intersection,2,80,Arterial Highway,40-49,Serious injury,Bicyclists
T20200003598,2/15/2020,15:00:00,1,Collision with vehicle,6,Saturday,110,CROSS TRAFFIC(INTERSECTIONS ONLY),1,628354,2,0,0,1,1,2,1,1,Cross intersection,3,60,Local Road,30-39,Other injury,Bicyclists
T20200003614,2/14/2020,8:00:00,1,Collision with vehicle,5,Friday,135,LANE CHANGE LEFT (NOT OVERTAKING),1,37816,2,0,0,1,1,2,2,1,Cross intersection,3,40,Arterial Other,26-29,Other injury,Bicyclists
T20200003648,2/16/2020,7:15:00,1,Collision with vehicle,1,Sunday,133,LANE SIDE SWIPE (VEHICLES IN PARALLEL LANES),1,628992,2,0,1,0,1,2,1,2,T intersection,2,80,Arterial Highway,70+,Serious injury,Bicyclists
T20200003661,2/6/2020,17:15:00,1,Collision with vehicle,5,Thursday,148,VEHICLE OFF FOOTPATH STRIKES VEH ON CARRIAGEWAY,1,36858,2,0,0,1,1,2,2,1,Cross intersection,3,50,Arterial Other,30-39,Other injury,Bicyclists
T20200003675,2/16/2020,16:00:00,1,Collision with vehicle,1,Sunday,130,REAR END(VEHICLES IN SAME LANE),1,628994,2,0,1,0,0,1,1,5,Not at intersection,2,60,Arterial Other,40-49,Serious injury,Bicyclists
T20200003678,2/16/2020,14:00:00,1,Collision with vehicle,0,Sunday,133,LANE SIDE SWIPE (VEHICLES IN PARALLEL LANES),1,663091,2,0,0,1,0,1,2,5,Not at intersection,3,50,Local Road,26-29,Other injury,Bicyclists
T20200003717,2/17/2020,6:00:00,1,Collision with vehicle,2,Monday,148,VEHICLE OFF FOOTPATH STRIKES VEH ON CARRIAGEWAY,2,653832,2,0,0,1,1,2,1,5,Not at intersection,3,999,Local Road,50-59,Other injury,Bicyclists
T20200003728,2/17/2020,10:24:00,1,Collision with vehicle,2,Monday,143,ENTERING PARKING,1,106176,2,0,0,1,1,2,1,5,Not at intersection,3,40,Local Road,40-49,Other injury,Bicyclists
T20200003747,2/17/2020,11:00:00,1,Collision with vehicle,1,Monday,110,CROSS TRAFFIC(INTERSECTIONS ONLY),1,52915,2,0,0,1,1,2,1,1,Cross intersection,3,60,Arterial Other,50-59,Other injury,Bicyclists
T20200003781,1/29/2020,8:30:00,1,Collision with vehicle,4,Wednesday,132,RIGHT REAR.,1,38003,2,0,0,1,1,2,2,2,T intersection,3,50,Arterial Other,30-39,Other injury,Bicyclists
T20200003783,2/17/2020,8:45:00,4,Collision with a fixed object,2,Monday,171,LEFT OFF CARRIAGEWAY INTO OBJECT/PARKED VEHICLE,1,636504,2,0,1,0,1,2,2,5,Not at intersection,2,50,Local Road,30-39,Serious injury,Bicyclists
T20200003798,2/17/2020,16:55:00,1,Collision with vehicle,2,Monday,148,VEHICLE OFF FOOTPATH STRIKES VEH ON CARRIAGEWAY,1,629330,2,0,1,0,1,2,1,2,T intersection,2,40,Local Road,40-49,Serious injury,Bicyclists
T20200003812,2/17/2020,8:10:00,1,Collision with vehicle,2,Monday,121,RIGHT THROUGH,1,37623,2,0,0,1,1,2,2,2,T intersection,3,60,Arterial Other,22-25,Other injury,Bicyclists
T20200003849,2/18/2020,9:10:00,1,Collision with vehicle,3,Tuesday,148,VEHICLE OFF FOOTPATH STRIKES VEH ON CARRIAGEWAY,1,42825,2,0,0,1,1,2,1,2,T intersection,3,60,Arterial Other,22-25,Other injury,Bicyclists
T20200003852,2/18/2020,8:30:00,1,Collision with vehicle,3,Tuesday,148,VEHICLE OFF FOOTPATH STRIKES VEH ON CARRIAGEWAY,1,35497,2,0,1,0,1,2,1,1,Cross intersection,2,60,Arterial Highway,50-59,Serious injury,Bicyclists
T20200003855,2/18/2020,8:35:00,1,Collision with vehicle,3,Tuesday,110,CROSS TRAFFIC(INTERSECTIONS ONLY),1,72445,2,0,1,0,1,2,1,1,Cross intersection,2,50,Uknown,30-39,Serious injury,Bicyclists
T20200003858,2/17/2020,17:50:00,1,Collision with vehicle,2,Monday,137,LEFT TURN SIDESWIPE,2,44382,2,0,0,1,0,1,2,1,Cross intersection,3,999,Arterial Other,40-49,Other injury,Bicyclists
T20200003894,2/12/2020,6:50:00,1,Collision with vehicle,4,Wednesday,163,VEHICLE STRIKES DOOR OF PARKED/STATIONARY VEHICLE,2,642202,2,0,1,0,1,2,2,5,Not at intersection,2,60,Arterial Other,30-39,Serious injury,Bicyclists
T20200003944,2/19/2020,8:20:00,1,Collision with vehicle,4,Wednesday,143,ENTERING PARKING,1,630312,2,0,0,1,1,2,2,5,Not at intersection,3,60,Arterial Highway,50-59,Other injury,Bicyclists
T20200003954,1/22/2020,16:00:00,6,Vehicle overturned (no collision),4,Wednesday,174,OUT OF CONTROL ON CARRIAGEWAY (ON STRAIGHT),1,631559,2,0,0,1,1,2,1,5,Not at intersection,3,60,Arterial Other,30-39,Other injury,Bicyclists
T20200003969,2/19/2020,15:00:00,1,Collision with vehicle,4,Wednesday,147,VEHICLE STRIKES ANOTHER VEH WHILE EMERGING FROM DRIVEWAY,1,663641,2,0,0,1,1,2,2,5,Not at intersection,3,60,Local Road,13-15,Other injury,Bicyclists
T20200003982,2/6/2020,8:33:00,1,Collision with vehicle,5,Thursday,163,VEHICLE STRIKES DOOR OF PARKED/STATIONARY VEHICLE,1,639995,2,0,0,1,1,2,2,5,Not at intersection,3,40,Local Road,22-25,Other injury,Bicyclists