ACCIDENT_NO,ACCIDENT_DATE,ACCIDENT_TIME,ACCIDENT_TYPE,ACCIDENT_TYPE_DESC,DAY_OF_WEEK,DAY_WEEK_DESC,DCA_CODE,DCA_DESC,LIGHT_CONDITION,NODE_ID,NO_OF_VEHICLES,NO_PERSONS_KILLED,NO_PERSONS_INJ_2,NO_PERSONS_INJ_3,NO_PERSONS_NOT_INJ,NO_PERSONS,POLICE_ATTEND,ROAD_GEOMETRY,ROAD_GEOMETRY_DESC,SEVERITY,SPEED_ZONE,RMA,AGE_GROUP,INJ_LEVEL,ROAD_USER_TYPE_DESC
T20200008234,4/21/2020,13:10:00,1,Collision with vehicle,3,Tuesday,111,RIGHT FAR (INTERSECTIONS ONLY),1,655039,2,0,1,0,1,2,1,2,T intersection,2,40,Arterial Highway,40-49,Serious injury,Bicyclists
T20200008255,4/22/2020,0:33:00,1,Collision with vehicle,4,Wednesday,121,RIGHT THROUGH,3,61399,2,1,0,0,1,2,1,2,T intersection,1,50,Local Road,40-49,Fatality,Bicyclists
T20200008261,4/19/2020,11:15:00,1,Collision with vehicle,0,Sunday,146,REVERSING INTO FIXED OBJECT/PARKED VEHICLE,1,649520,2,0,1,0,1,2,2,5,Not at intersection,2,50,Local Road,50-59,Serious injury,Bicyclists
T20200008278,3/31/2020,17:00:00,1,Collision with vehicle,2,Tuesday,163,VEHICLE STRIKES DOOR OF PARKED/STATIONARY VEHICLE,9,652723,2,0,0,1,1,2,2,5,Not at intersection,3,40,Arterial Other,30-39,Other injury,Bicyclists
T20200008314,4/22/2020,17:15:00,1,Collision with vehicle,3,Wednesday,120,HEAD ON (NOT OVERTAKING),1,651280,2,0,0,1,1,2,2,5,Not at intersection,3,40,Local Road,50-59,Other injury,Bicyclists
T20200008317,4/23/2020,10:14:00,1,Collision with vehicle,4,Thursday,121,RIGHT THROUGH,1,35368,2,0,0,1,1,2,1,2,T intersection,3,60,Uknown,22-25,Other injury,Bicyclists
T20200008327,3/12/2020,16:00:00,8,No collision and no object struck,5,Thursday,170,OFF CARRIAGEWAY TO LEFT,1,653004,2,0,0,1,0,1,2,2,T intersection,3,50,Local Road,60-64,Other injury,Bicyclists
T20200008331,4/23/2020,12:58:00,1,Collision with vehicle,4,Thursday,163,VEHICLE STRIKES DOOR OF PARKED/STATIONARY VEHICLE,1,36387,2,0,0,1,1,2,1,2,T intersection,3,60,Local Road,26-29,Other injury,Bicyclists
T20200008333,4/23/2020,14:15:00,1,Collision with vehicle,4,Thursday,110,CROSS TRAFFIC(INTERSECTIONS ONLY),1,53230,2,0,1,0,1,2,1,1,Cross intersection,2,60,Local Road,30-39,Serious injury,Bicyclists
T20200008360,4/24/2020,13:58:00,1,Collision with vehicle,5,Friday,140,U TURN,1,773342,2,0,0,1,1,2,1,5,Not at intersection,3,60,Arterial Other,22-25,Other injury,Bicyclists
T20200008365,4/24/2020,6:40:00,1,Collision with vehicle,6,Friday,121,RIGHT THROUGH,2,42208,2,0,1,0,1,2,1,2,T intersection,2,60,Local Road,40-49,Serious injury,Bicyclists
T20200008366,4/24/2020,8:30:00,1,Collision with vehicle,6,Friday,136,RIGHT TURN SIDESWIPE,1,41292,2,0,1,0,1,2,1,2,T intersection,2,999,Local Road,65-69,Serious injury,Bicyclists
T20200008378,4/24/2020,15:53:00,1,Collision with vehicle,5,Friday,148,VEHICLE OFF FOOTPATH STRIKES VEH ON CARRIAGEWAY,1,650885,2,0,0,1,1,2,1,5,Not at intersection,3,50,Local Road,45424,Other injury,Bicyclists
T20200008379,4/21/2020,11:00:00,1,Collision with vehicle,3,Tuesday,163,VEHICLE STRIKES DOOR OF PARKED/STATIONARY VEHICLE,1,654761,2,0,0,1,1,2,2,5,Not at intersection,3,40,Local Road,26-29,Other injury,Bicyclists
T20200008384,4/24/2020,19:10:00,1,Collision with vehicle,5,Friday,137,LEFT TURN SIDESWIPE,3,45490,2,0,0,1,1,2,2,2,T intersection,3,999,Arterial Other,26-29,Other injury,Bicyclists
T20200008405,4/18/2020,7:00:00,1,Collision with vehicle,6,Saturday,110,CROSS TRAFFIC(INTERSECTIONS ONLY),1,780656,2,0,0,1,1,2,2,1,Cross intersection,3,70,Arterial Other,40-49,Other injury,Bicyclists
T20200008416,4/25/2020,15:35:00,1,Collision with vehicle,7,Saturday,113,RIGHT NEAR (INTERSECTIONS ONLY),1,22537,2,0,1,0,3,4,1,2,T intersection,2,60,Arterial Other,30-39,Serious injury,Bicyclists
T20200008482,4/27/2020,7:15:00,1,Collision with vehicle,2,Monday,121,RIGHT THROUGH,1,43692,2,0,0,1,1,2,1,2,T intersection,3,60,Arterial Other,65-69,Not injured,Drivers
T20200008489,4/27/2020,9:45:00,1,Collision with vehicle,2,Monday,148,VEHICLE OFF FOOTPATH STRIKES VEH ON CARRIAGEWAY,1,651323,2,0,0,1,1,2,1,5,Not at intersection,3,888,Arterial Other,60-64,Other injury,Bicyclists
T20200008496,3/25/2020,15:00:00,8,No collision and no object struck,3,Wednesday,174,OUT OF CONTROL ON CARRIAGEWAY (ON STRAIGHT),1,35714,2,0,0,1,0,1,2,2,T intersection,3,999,Arterial Other,50-59,Other injury,Bicyclists
T20200008501,4/27/2020,13:50:00,1,Collision with vehicle,2,Monday,147,VEHICLE STRIKES ANOTHER VEH WHILE EMERGING FROM DRIVEWAY,1,256274,2,0,0,1,1,2,1,5,Not at intersection,3,60,Arterial Other,40-49,Other injury,Bicyclists
T20200008510,4/27/2020,13:10:00,1,Collision with vehicle,2,Monday,110,CROSS TRAFFIC(INTERSECTIONS ONLY),1,42352,2,0,1,0,1,2,1,1,Cross intersection,2,60,Arterial Other,30-39,Serious injury,Bicyclists
T20200008516,4/18/2020,8:00:00,1,Collision with vehicle,7,Saturday,163,VEHICLE STRIKES DOOR OF PARKED/STATIONARY VEHICLE,1,651085,2,0,1,0,1,2,2,5,Not at intersection,2,777,Local Road,22-25,Serious injury,Bicyclists
T20200008541,4/28/2020,8:42:00,1,Collision with vehicle,3,Tuesday,163,VEHICLE STRIKES DOOR OF PARKED/STATIONARY VEHICLE,1,651224,2,0,0,1,1,2,1,5,Not at intersection,3,50,Local Road,40-49,Other injury,Bicyclists
T20200008552,4/28/2020,13:45:00,1,Collision with vehicle,2,Tuesday,120,HEAD ON (NOT OVERTAKING),1,651087,2,0,0,1,0,1,1,2,T intersection,3,50,Local Road,45424,Other injury,Bicyclists
T20200008565,4/28/2020,16:37:00,1,Collision with vehicle,3,Tuesday,160,VEHICLE COLLIDES WITH VEHICLE PARKED ON LEFT OF ROAD,1,651121,2,0,0,1,2,3,2,5,Not at intersection,3,60,Local Road,30-39,Other injury,Bicyclists
T20200008593,4/11/2020,13:14:00,1,Collision with vehicle,7,Saturday,163,VEHICLE STRIKES DOOR OF PARKED/STATIONARY VEHICLE,1,651184,2,0,0,1,0,1,1,2,T intersection,3,40,Local Road,22-25,Other injury,Bicyclists
T20200008644,4/25/2020,14:30:00,8,No collision and no object struck,7,Saturday,170,OFF CARRIAGEWAY TO LEFT,1,44415,2,0,0,1,0,1,2,1,Cross intersection,3,50,Local Road,30-39,Other injury,Bicyclists
T20200008663,4/30/2020,8:24:00,1,Collision with vehicle,4,Thursday,163,VEHICLE STRIKES DOOR OF PARKED/STATIONARY VEHICLE,1,317951,2,0,0,1,2,3,2,5,Not at intersection,3,40,Local Road,30-39,Other injury,Bicyclists
T20200008666,4/28/2020,17:00:00,1,Collision with vehicle,3,Tuesday,116,LEFT NEAR (INTERSECTIONS ONLY),1,68485,2,0,0,2,0,2,2,2,T intersection,3,40,Arterial Highway,65-69,Other injury,Bicyclists
T20200008720,5/1/2020,20:00:00,1,Collision with vehicle,6,Friday,110,CROSS TRAFFIC(INTERSECTIONS ONLY),3,49287,2,0,0,1,1,2,1,1,Cross intersection,3,50,Local Road,16-17,Other injury,Bicyclists
T20200008758,5/2/2020,16:55:00,1,Collision with vehicle,7,Saturday,110,CROSS TRAFFIC(INTERSECTIONS ONLY),1,44728,2,0,0,1,1,2,1,1,Cross intersection,3,50,Local Road,26-29,Other injury,Bicyclists
T20200008774,5/2/2020,22:00:00,8,No collision and no object struck,7,Saturday,174,OUT OF CONTROL ON CARRIAGEWAY (ON STRAIGHT),5,651535,1,0,1,0,0,1,1,5,Not at intersection,2,100,Uknown,22-25,Serious injury,Bicyclists
T20200008788,5/3/2020,9:30:00,1,Collision with vehicle,0,Sunday,147,VEHICLE STRIKES ANOTHER VEH WHILE EMERGING FROM DRIVEWAY,9,653245,2,0,0,2,0,2,2,5,Not at intersection,3,70,Local Road,26-29,Other injury,Bicyclists
T20200008814,5/3/2020,16:27:00,1,Collision with vehicle,1,Sunday,130,REAR END(VEHICLES IN SAME LANE),1,656012,2,0,1,1,0,2,1,5,Not at intersection,2,60,Arterial Other,50-59,Serious injury,Bicyclists
T20200008815,5/3/2020,19:57:00,1,Collision with vehicle,1,Sunday,110,CROSS TRAFFIC(INTERSECTIONS ONLY),3,38681,2,0,0,1,1,2,1,1,Cross intersection,3,50,Local Road,40-49,Other injury,Bicyclists
T20200008821,4/9/2020,15:55:00,1,Collision with vehicle,5,Thursday,136,RIGHT TURN SIDESWIPE,1,651637,2,0,0,1,1,2,2,2,T intersection,3,60,Local Road,40-49,Other injury,Bicyclists
T20200008883,5/4/2020,17:30:00,1,Collision with vehicle,2,Monday,163,VEHICLE STRIKES DOOR OF PARKED/STATIONARY VEHICLE,2,651832,2,0,0,1,1,2,2,5,Not at intersection,3,60,Arterial Other,22-25,Other injury,Bicyclists
T20200008887,3/12/2020,16:00:00,1,Collision with vehicle,5,Thursday,135,LANE CHANGE LEFT (NOT OVERTAKING),9,652012,2,0,0,1,1,2,1,5,Not at intersection,3,40,Arterial Other,26-29,Other injury,Bicyclists
T20200008903,5/5/2020,15:50:00,1,Collision with vehicle,3,Tuesday,110,CROSS TRAFFIC(INTERSECTIONS ONLY),1,43072,2,0,1,0,1,2,1,1,Cross intersection,2,50,Local Road,40-49,Serious injury,Bicyclists
T20200008927,5/5/2020,6:15:00,1,Collision with vehicle,2,Tuesday,113,RIGHT NEAR (INTERSECTIONS ONLY),2,38708,3,0,0,1,2,3,1,2,T intersection,3,50,Arterial Other,40-49,Not injured,Bicyclists
T20200008945,5/6/2020,12:28:00,6,Vehicle overturned (no collision),4,Wednesday,174,OUT OF CONTROL ON CARRIAGEWAY (ON STRAIGHT),1,651923,1,0,1,0,0,1,1,5,Not at intersection,2,100,Uknown,30-39,Serious injury,Bicyclists
T20200008946,5/6/2020,9:10:00,1,Collision with vehicle,4,Wednesday,113,RIGHT NEAR (INTERSECTIONS ONLY),1,44411,2,0,1,0,1,2,1,4,Multiple intersection,2,60,Local Road,65-69,Serious injury,Bicyclists
T20200008958,5/6/2020,12:08:00,1,Collision with vehicle,4,Wednesday,163,VEHICLE STRIKES DOOR OF PARKED/STATIONARY VEHICLE,1,80974,2,0,0,1,1,2,2,5,Not at intersection,3,40,Local Road,26-29,Other injury,Bicyclists
T20200008987,5/7/2020,13:02:00,1,Collision with vehicle,5,Thursday,122,LEFT THROUGH,1,38951,2,0,1,0,1,2,1,2,T intersection,2,60,Arterial Other,30-39,Serious injury,Bicyclists
T20200008996,5/7/2020,14:00:00,1,Collision with vehicle,5,Thursday,111,RIGHT FAR (INTERSECTIONS ONLY),1,64501,2,0,0,1,1,2,2,1,Cross intersection,3,999,Local Road,22-25,Other injury,Bicyclists
T20200009003,5/2/2020,14:10:00,1,Collision with vehicle,7,Saturday,163,VEHICLE STRIKES DOOR OF PARKED/STATIONARY VEHICLE,1,651943,2,0,0,1,1,2,2,5,Not at intersection,3,999,Local Road,18-21,Other injury,Bicyclists
T20200009017,5/7/2020,18:22:00,1,Collision with vehicle,5,Thursday,130,REAR END(VEHICLES IN SAME LANE),5,652016,3,0,2,0,1,3,1,5,Not at intersection,2,80,Arterial Other,40-49,Serious injury,Bicyclists
T20200009026,5/8/2020,8:20:00,1,Collision with vehicle,6,Friday,133,LANE SIDE SWIPE (VEHICLES IN PARALLEL LANES),1,652554,2,0,1,0,1,2,1,5,Not at intersection,2,60,Arterial Other,30-39,Serious injury,Bicyclists
T20200009032,5/8/2020,9:39:00,1,Collision with vehicle,6,Friday,110,CROSS TRAFFIC(INTERSECTIONS ONLY),1,52913,2,0,1,0,1,2,1,1,Cross intersection,2,50,Local Road,70+,Serious injury,Bicyclists
T20200009053,5/8/2020,8:03:00,1,Collision with vehicle,5,Friday,137,LEFT TURN SIDESWIPE,1,150,2,0,0,1,2,3,1,2,T intersection,3,50,Local Road,26-29,Other injury,Bicyclists
T20200009065,4/27/2020,15:47:00,1,Collision with vehicle,2,Monday,121,RIGHT THROUGH,1,652276,2,0,0,1,1,2,1,2,T intersection,3,40,Local Road,50-59,Other injury,Bicyclists
T20200009081,10/23/2019,12:25:00,1,Collision with vehicle,4,Wednesday,110,CROSS TRAFFIC(INTERSECTIONS ONLY),1,29556,2,0,0,1,1,2,1,1,Cross intersection,3,60,Local Road,40-49,Other injury,Bicyclists
T20200009096,5/9/2020,8:20:00,1,Collision with vehicle,6,Saturday,135,LANE CHANGE LEFT (NOT OVERTAKING),1,36043,2,0,0,1,1,2,2,1,Cross intersection,3,50,Local Road,18-21,Other injury,Bicyclists
T20200009099,3/27/2020,7:40:00,8,No collision and no object struck,6,Friday,174,OUT OF CONTROL ON CARRIAGEWAY (ON STRAIGHT),1,652096,2,0,0,1,0,1,2,1,Cross intersection,3,50,Local Road,30-39,Other injury,Bicyclists
T20200009131,5/9/2020,17:00:00,1,Collision with vehicle,7,Saturday,136,RIGHT TURN SIDESWIPE,1,35307,2,0,0,1,2,3,1,1,Cross intersection,3,60,Local Road,30-39,Other injury,Bicyclists
T20200009135,2/18/2020,9:10:00,1,Collision with vehicle,3,Tuesday,133,LANE SIDE SWIPE (VEHICLES IN PARALLEL LANES),1,652180,2,0,1,0,1,2,1,2,T intersection,2,70,Arterial Highway,70+,Serious injury,Bicyclists
T20200009137,5/5/2020,7:20:00,1,Collision with vehicle,3,Tuesday,116,LEFT NEAR (INTERSECTIONS ONLY),1,287363,2,0,1,0,1,2,1,1,Cross intersection,2,60,Arterial Other,30-39,Serious injury,Bicyclists
T20200009143,5/8/2020,14:20:00,1,Collision with vehicle,6,Friday,147,VEHICLE STRIKES ANOTHER VEH WHILE EMERGING FROM DRIVEWAY,1,253252,2,0,0,1,0,1,2,2,T intersection,3,60,Arterial Other,70+,Other injury,Bicyclists
T20200009150,5/10/2020,11:22:00,1,Collision with vehicle,1,Sunday,137,LEFT TURN SIDESWIPE,1,42763,2,0,0,1,1,2,1,2,T intersection,3,40,Arterial Other,40-49,Other injury,Bicyclists
T20200009159,5/10/2020,9:30:00,1,Collision with vehicle,1,Sunday,112,LEFT FAR (INTERSECTIONS ONLY),1,56191,2,0,0,1,1,2,2,2,T intersection,3,40,Arterial Other,30-39,Other injury,Bicyclists
T20200009189,5/10/2020,12:30:00,1,Collision with vehicle,1,Sunday,110,CROSS TRAFFIC(INTERSECTIONS ONLY),1,49887,2,0,0,1,1,2,2,1,Cross intersection,3,50,Local Road,30-39,Other injury,Bicyclists
T20200009191,10/28/2019,15:45:00,1,Collision with vehicle,2,Monday,113,RIGHT NEAR (INTERSECTIONS ONLY),1,1115,2,0,0,1,1,2,2,2,T intersection,3,50,Arterial Highway,45424,Other injury,Bicyclists
T20200009195,5/10/2020,15:30:00,1,Collision with vehicle,1,Sunday,113,RIGHT NEAR (INTERSECTIONS ONLY),9,44260,2,0,0,1,1,2,2,1,Cross intersection,3,999,Arterial Other,30-39,Other injury,Bicyclists
T20200009197,4/22/2020,18:30:00,8,No collision and no object struck,4,Wednesday,172,OFF CARRIAGEWAY TO RIGHT,2,289741,2,0,0,1,1,2,2,5,Not at intersection,3,40,Arterial Other,22-25,Other injury,Bicyclists
T20200009218,2/13/2020,8:45:00,1,Collision with vehicle,5,Thursday,137,LEFT TURN SIDESWIPE,1,47013,2,0,0,1,1,2,2,2,T intersection,3,999,Arterial Other,16-17,Other injury,Bicyclists
T20200009227,5/6/2020,15:15:00,1,Collision with vehicle,4,Wednesday,160,VEHICLE COLLIDES WITH VEHICLE PARKED ON LEFT OF ROAD,1,652858,2,0,1,0,0,1,1,5,Not at intersection,2,50,Local Road,18-21,Serious injury,Bicyclists
T20200009235,5/11/2020,8:45:00,1,Collision with vehicle,1,Monday,121,RIGHT THROUGH,1,42188,2,0,0,1,1,2,2,2,T intersection,3,60,Local Road,50-59,Other injury,Bicyclists
T20200009243,5/12/2020,11:50:00,1,Collision with vehicle,2,Tuesday,110,CROSS TRAFFIC(INTERSECTIONS ONLY),1,310559,2,0,0,1,1,2,1,1,Cross intersection,3,40,Local Road,50-59,Other injury,Bicyclists
T20200009249,5/12/2020,12:40:00,1,Collision with vehicle,2,Tuesday,133,LANE SIDE SWIPE (VEHICLES IN PARALLEL LANES),1,80489,2,0,1,0,1,2,1,5,Not at intersection,2,60,Arterial Other,40-49,Serious injury,Bicyclists
T20200009254,5/12/2020,12:30:00,1,Collision with vehicle,2,Tuesday,110,CROSS TRAFFIC(INTERSECTIONS ONLY),1,652476,2,0,0,1,1,2,1,1,Cross intersection,3,50,Local Road,40-49,Other injury,Bicyclists
T20200009267,5/12/2020,16:38:00,1,Collision with vehicle,3,Tuesday,148,VEHICLE OFF FOOTPATH STRIKES VEH ON CARRIAGEWAY,1,67647,2,0,0,1,1,2,1,4,Multiple intersection,3,70,Arterial Highway,13-15,Other injury,Bicyclists
T20200009270,5/4/2020,11:00:00,1,Collision with vehicle,1,Monday,163,VEHICLE STRIKES DOOR OF PARKED/STATIONARY VEHICLE,1,654417,2,0,0,1,1,2,2,5,Not at intersection,3,40,Local Road,22-25,Other injury,Bicyclists
T20200009283,5/12/2020,19:40:00,1,Collision with vehicle,3,Tuesday,148,VEHICLE OFF FOOTPATH STRIKES VEH ON CARRIAGEWAY,3,652512,2,0,1,0,2,3,1,5,Not at intersection,2,777,Local Road,30-39,Serious injury,Bicyclists
T20200009299,5/13/2020,11:15:00,1,Collision with vehicle,4,Wednesday,143,ENTERING PARKING,1,653504,2,0,0,1,1,2,1,5,Not at intersection,3,50,Arterial Highway,50-59,Other injury,Bicyclists
T20200009308,5/11/2020,11:00:00,1,Collision with vehicle,2,Monday,111,RIGHT FAR (INTERSECTIONS ONLY),1,604,2,0,0,1,1,2,2,1,Cross intersection,3,60,Arterial Other,70+,Other injury,Bicyclists
T20200009312,5/13/2020,10:05:00,1,Collision with vehicle,3,Wednesday,116,LEFT NEAR (INTERSECTIONS ONLY),1,42742,3,0,0,2,1,3,1,2,T intersection,3,60,Arterial Other,30-39,Other injury,Bicyclists
T20200009360,5/14/2020,7:10:00,1,Collision with vehicle,5,Thursday,113,RIGHT NEAR (INTERSECTIONS ONLY),1,37452,2,0,1,0,1,2,1,1,Cross intersection,2,60,Local Road,30-39,Serious injury,Bicyclists
T20200009361,5/14/2020,7:40:00,1,Collision with vehicle,5,Thursday,136,RIGHT TURN SIDESWIPE,1,652645,2,0,1,0,1,2,1,2,T intersection,2,80,Local Road,50-59,Serious injury,Bicyclists
T20200009372,4/9/2020,10:03:00,1,Collision with vehicle,4,Thursday,110,CROSS TRAFFIC(INTERSECTIONS ONLY),1,729269,2,0,0,1,1,2,1,1,Cross intersection,3,50,Local Road,70+,Other injury,Bicyclists
T20200009376,5/14/2020,13:00:00,1,Collision with vehicle,5,Thursday,133,LANE SIDE SWIPE (VEHICLES IN PARALLEL LANES),1,664474,2,0,0,1,0,1,1,5,Not at intersection,3,100,Local Road,50-59,Other injury,Bicyclists
T20200009381,5/14/2020,11:10:00,1,Collision with vehicle,5,Thursday,119,OTHER ADJACENT (INTERSECTIONS ONLY),1,52191,2,0,0,2,0,2,1,2,T intersection,3,60,Local Road,70+,Other injury,Bicyclists
T20200009389,4/17/2020,16:00:00,1,Collision with vehicle,6,Friday,148,VEHICLE OFF FOOTPATH STRIKES VEH ON CARRIAGEWAY,1,43456,2,0,0,1,0,1,2,2,T intersection,3,60,Local Road,50-59,Other injury,Bicyclists
T20200009403,4/29/2020,16:40:00,6,Vehicle overturned (no collision),3,Wednesday,174,OUT OF CONTROL ON CARRIAGEWAY (ON STRAIGHT),9,66069,1,0,1,0,0,1,2,1,Cross intersection,2,40,Arterial Highway,60-64,Serious injury,Bicyclists
T20200009432,5/15/2020,10:53:00,1,Collision with vehicle,6,Friday,163,VEHICLE STRIKES DOOR OF PARKED/STATIONARY VEHICLE,1,698825,2,0,1,0,1,2,1,5,Not at intersection,2,40,Uknown,70+,Serious injury,Bicyclists
T20200009456,5/14/2020,15:50:00,1,Collision with vehicle,4,Thursday,130,REAR END(VEHICLES IN SAME LANE),1,652651,2,0,0,1,1,2,2,5,Not at intersection,3,70,Arterial Other,13-15,Other injury,Bicyclists
T20200009463,5/15/2020,15:45:00,1,Collision with vehicle,6,Friday,121,RIGHT THROUGH,1,36335,2,0,1,0,1,2,1,1,Cross intersection,2,60,Arterial Other,26-29,Serious injury,Bicyclists
T20200009506,5/16/2020,12:40:00,1,Collision with vehicle,7,Saturday,153,CUTTING IN (OVERTAKING),1,655436,2,0,0,1,2,3,1,5,Not at intersection,3,50,Uknown,65-69,Other injury,Bicyclists
T20200009542,5/16/2020,16:45:00,1,Collision with vehicle,6,Saturday,147,VEHICLE STRIKES ANOTHER VEH WHILE EMERGING FROM DRIVEWAY,1,664811,3,0,0,1,2,3,2,5,Not at intersection,3,60,Local Road,Unknown,Other injury,Bicyclists
T20200009572,5/17/2020,14:00:00,1,Collision with vehicle,1,Sunday,116,LEFT NEAR (INTERSECTIONS ONLY),1,51718,2,0,0,1,1,2,1,2,T intersection,3,80,Arterial Other,40-49,Other injury,Bicyclists
T20200009595,5/17/2020,21:45:00,1,Collision with vehicle,1,Sunday,113,RIGHT NEAR (INTERSECTIONS ONLY),3,65831,2,0,0,1,1,2,1,1,Cross intersection,3,50,Arterial Other,26-29,Other injury,Bicyclists
T20200009611,5/15/2020,16:00:00,1,Collision with vehicle,6,Friday,143,ENTERING PARKING,1,653500,2,0,1,0,1,2,2,5,Not at intersection,2,50,Arterial Highway,40-49,Serious injury,Bicyclists
T20200009616,5/18/2020,8:35:00,1,Collision with vehicle,1,Monday,110,CROSS TRAFFIC(INTERSECTIONS ONLY),1,63801,2,0,1,0,1,2,1,1,Cross intersection,2,50,Local Road,50-59,Serious injury,Bicyclists
T20200009617,5/18/2020,9:00:00,1,Collision with vehicle,2,Monday,147,VEHICLE STRIKES ANOTHER VEH WHILE EMERGING FROM DRIVEWAY,1,254354,2,0,0,1,1,2,1,5,Not at intersection,3,50,Local Road,60-64,Other injury,Bicyclists
T20200009634,5/18/2020,12:55:00,1,Collision with vehicle,2,Monday,116,LEFT NEAR (INTERSECTIONS ONLY),1,653603,2,0,0,1,1,2,1,2,T intersection,3,50,Local Road,50-59,Other injury,Bicyclists
T20200009635,5/18/2020,13:24:00,1,Collision with vehicle,2,Monday,148,VEHICLE OFF FOOTPATH STRIKES VEH ON CARRIAGEWAY,1,652917,4,0,0,2,0,2,1,5,Not at intersection,3,50,Local Road,45424,Other injury,Bicyclists
T20200009653,5/18/2020,14:25:00,1,Collision with vehicle,2,Monday,145,REVERSING IN STREAM OF TRAFFIC,1,660878,2,0,1,0,1,2,1,2,T intersection,2,50,Local Road,45424,Serious injury,Bicyclists
T20200009662,5/9/2020,10:30:00,8,No collision and no object struck,7,Saturday,174,OUT OF CONTROL ON CARRIAGEWAY (ON STRAIGHT),1,653016,1,0,0,1,0,1,2,5,Not at intersection,3,999,Local Road,50-59,Other injury,Bicyclists
T20200009793,5/20/2020,15:25:00,1,Collision with vehicle,4,Wednesday,147,VEHICLE STRIKES ANOTHER VEH WHILE EMERGING FROM DRIVEWAY,1,653156,2,0,1,0,1,2,1,5,Not at intersection,2,999,Local Road,60-64,Serious injury,Bicyclists
T20200009820,5/16/2020,8:10:00,1,Collision with vehicle,7,Saturday,116,LEFT NEAR (INTERSECTIONS ONLY),1,653244,2,0,0,1,1,2,1,2,T intersection,3,80,Arterial Other,40-49,Other injury,Bicyclists
T20200009911,5/15/2020,17:15:00,1,Collision with vehicle,5,Friday,110,CROSS TRAFFIC(INTERSECTIONS ONLY),2,29360,2,0,0,1,0,1,2,1,Cross intersection,3,40,Local Road,22-25,Other injury,Bicyclists
T20200009912,5/16/2020,16:20:00,6,Vehicle overturned (no collision),6,Saturday,174,OUT OF CONTROL ON CARRIAGEWAY (ON STRAIGHT),1,659385,1,0,1,0,0,1,2,2,T intersection,2,50,Local Road,40-49,Serious injury,Bicyclists
T20200009941,5/22/2020,18:50:00,1,Collision with vehicle,5,Friday,163,VEHICLE STRIKES DOOR OF PARKED/STATIONARY VEHICLE,5,653451,2,0,1,0,1,2,1,5,Not at intersection,2,50,Uknown,22-25,Serious injury,Bicyclists
T20200009953,5/15/2020,20:30:00,1,Collision with vehicle,6,Friday,137,LEFT TURN SIDESWIPE,3,38779,2,0,1,0,1,2,2,1,Cross intersection,2,60,Arterial Highway,70+,Serious injury,Bicyclists
T20200010021,5/24/2020,10:00:00,1,Collision with vehicle,1,Sunday,110,CROSS TRAFFIC(INTERSECTIONS ONLY),1,51641,2,0,0,1,1,2,2,1,Cross intersection,3,60,Local Road,40-49,Other injury,Bicyclists
T20200010033,5/23/2020,13:20:00,1,Collision with vehicle,7,Saturday,147,VEHICLE STRIKES ANOTHER VEH WHILE EMERGING FROM DRIVEWAY,1,653454,2,0,0,1,1,2,1,5,Not at intersection,3,999,Local Road,50-59,Other injury,Bicyclists
T20200010068,5/24/2020,17:20:00,1,Collision with vehicle,1,Sunday,130,REAR END(VEHICLES IN SAME LANE),2,653409,2,1,0,1,2,4,1,5,Not at intersection,1,60,Arterial Other,60-64,Fatality,Bicyclists
T20200010073,5/25/2020,7:12:00,1,Collision with vehicle,2,Monday,113,RIGHT NEAR (INTERSECTIONS ONLY),1,41094,2,0,1,0,1,2,1,2,T intersection,2,60,Arterial Other,50-59,Serious injury,Bicyclists
T20200010084,5/25/2020,10:00:00,1,Collision with vehicle,2,Monday,148,VEHICLE OFF FOOTPATH STRIKES VEH ON CARRIAGEWAY,1,653685,2,0,0,1,1,2,1,5,Not at intersection,3,777,Uknown,70+,Other injury,Bicyclists
T20200010103,5/25/2020,13:25:00,1,Collision with vehicle,2,Monday,147,VEHICLE STRIKES ANOTHER VEH WHILE EMERGING FROM DRIVEWAY,1,664228,2,0,1,0,1,2,1,5,Not at intersection,2,70,Arterial Other,40-49,Serious injury,Bicyclists
T20200010133,5/25/2020,17:40:00,1,Collision with vehicle,2,Monday,121,RIGHT THROUGH,3,29556,2,0,1,0,1,2,1,2,T intersection,2,60,Local Road,40-49,Serious injury,Bicyclists
T20200010164,5/25/2020,11:30:00,1,Collision with vehicle,1,Monday,110,CROSS TRAFFIC(INTERSECTIONS ONLY),1,40743,2,0,0,1,1,2,2,1,Cross intersection,3,50,Arterial Highway,22-25,Other injury,Bicyclists
T20200010190,5/26/2020,16:18:00,1,Collision with vehicle,3,Tuesday,110,CROSS TRAFFIC(INTERSECTIONS ONLY),1,52491,2,0,1,0,1,2,1,1,Cross intersection,2,60,Local Road,60-64,Serious injury,Bicyclists
T20200010226,5/27/2020,5:35:00,1,Collision with vehicle,4,Wednesday,129,OTHER OPPOSING MANOEUVRES NOT INCLUDED IN DCAs 120-125.,5,654846,2,0,2,0,0,2,1,5,Not at intersection,2,80,Arterial Other,22-25,Serious injury,Bicyclists
T20200010250,5/27/2020,12:52:00,1,Collision with vehicle,4,Wednesday,137,LEFT TURN SIDESWIPE,1,53686,2,0,0,1,1,2,1,2,T intersection,3,999,Arterial Other,50-59,Other injury,Bicyclists
T20200010257,5/27/2020,15:53:00,1,Collision with vehicle,4,Wednesday,110,CROSS TRAFFIC(INTERSECTIONS ONLY),1,50508,2,0,1,0,2,3,1,1,Cross intersection,2,50,Local Road,50-59,Serious injury,Bicyclists