ACCIDENT_NO,ACCIDENT_DATE,ACCIDENT_TIME,ACCIDENT_TYPE,ACCIDENT_TYPE_DESC,DAY_OF_WEEK,DAY_WEEK_DESC,DCA_CODE,DCA_DESC,LIGHT_CONDITION,NODE_ID,NO_OF_VEHICLES,NO_PERSONS_KILLED,NO_PERSONS_INJ_2,NO_PERSONS_INJ_3,NO_PERSONS_NOT_INJ,NO_PERSONS,POLICE_ATTEND,ROAD_GEOMETRY,ROAD_GEOMETRY_DESC,SEVERITY,SPEED_ZONE,RMA,AGE_GROUP,INJ_LEVEL,ROAD_USER_TYPE_DESC
T20200010262,5/22/2020,7:55:00,1,Collision with vehicle,6,Friday,110,CROSS TRAFFIC(INTERSECTIONS ONLY),1,42016,2,0,0,1,1,2,2,4,Multiple intersection,3,60,Local Road,50-59,Other injury,Bicyclists
T20200010304,5/28/2020,9:56:00,1,Collision with vehicle,5,Thursday,113,RIGHT NEAR (INTERSECTIONS ONLY),1,59031,2,0,1,0,1,2,1,2,T intersection,2,60,Arterial Highway,50-59,Serious injury,Bicyclists
T20200010314,5/22/2020,14:00:00,1,Collision with vehicle,6,Friday,133,LANE SIDE SWIPE (VEHICLES IN PARALLEL LANES),1,36563,2,0,0,1,0,1,2,2,T intersection,3,40,Local Road,26-29,Other injury,Bicyclists
T20200010317,5/25/2020,18:00:00,1,Collision with vehicle,2,Monday,137,LEFT TURN SIDESWIPE,3,35496,2,0,1,0,2,3,1,2,T intersection,2,60,Arterial Other,22-25,Serious injury,Bicyclists
T20200010324,4/25/2020,13:30:00,1,Collision with vehicle,7,Saturday,119,OTHER ADJACENT (INTERSECTIONS ONLY),1,64562,2,0,0,1,1,2,2,1,Cross intersection,3,999,Local Road,16-17,Other injury,Bicyclists
T20200010329,5/28/2020,16:30:00,1,Collision with vehicle,5,Thursday,148,VEHICLE OFF FOOTPATH STRIKES VEH ON CARRIAGEWAY,1,29913,2,0,1,0,1,2,1,1,Cross intersection,2,50,Local Road,40-49,Serious injury,Bicyclists
T20200010333,5/28/2020,17:15:00,1,Collision with vehicle,5,Thursday,121,RIGHT THROUGH,2,65088,2,0,1,0,1,2,1,2,T intersection,2,50,Local Road,30-39,Serious injury,Bicyclists
T20200010337,5/28/2020,17:29:00,1,Collision with vehicle,5,Thursday,121,RIGHT THROUGH,2,29550,2,0,1,0,1,2,1,1,Cross intersection,2,60,Arterial Other,30-39,Serious injury,Bicyclists
T20200010340,5/28/2020,14:40:00,1,Collision with vehicle,5,Thursday,163,VEHICLE STRIKES DOOR OF PARKED/STATIONARY VEHICLE,1,37691,2,0,0,1,1,2,1,2,T intersection,3,999,Local Road,40-49,Other injury,Bicyclists
T20200010348,5/28/2020,15:37:00,1,Collision with vehicle,5,Thursday,148,VEHICLE OFF FOOTPATH STRIKES VEH ON CARRIAGEWAY,1,38711,2,0,0,1,0,1,1,2,T intersection,3,60,Arterial Other,13-15,Other injury,Bicyclists
T20200010349,5/28/2020,14:44:00,1,Collision with vehicle,5,Thursday,137,LEFT TURN SIDESWIPE,1,653847,2,0,0,1,1,2,1,5,Not at intersection,3,60,Arterial Highway,45424,Other injury,Bicyclists
T20200010353,5/28/2020,14:55:00,1,Collision with vehicle,5,Thursday,163,VEHICLE STRIKES DOOR OF PARKED/STATIONARY VEHICLE,1,654119,2,0,1,0,2,3,1,5,Not at intersection,2,50,Local Road,26-29,Not injured,Drivers
T20200010394,5/29/2020,14:44:00,1,Collision with vehicle,5,Friday,148,VEHICLE OFF FOOTPATH STRIKES VEH ON CARRIAGEWAY,1,729284,2,0,0,1,1,2,1,1,Cross intersection,3,40,Uknown,26-29,Other injury,Bicyclists
T20200010410,5/19/2020,17:30:00,8,No collision and no object struck,3,Tuesday,174,OUT OF CONTROL ON CARRIAGEWAY (ON STRAIGHT),1,653887,1,1,0,0,0,1,2,5,Not at intersection,1,50,Local Road,70+,Fatality,Bicyclists
T20200010418,5/29/2020,16:50:00,1,Collision with vehicle,6,Friday,130,REAR END(VEHICLES IN SAME LANE),2,654304,2,0,1,0,1,2,1,5,Not at intersection,2,80,Arterial Other,50-59,Serious injury,Bicyclists
T20200010453,5/30/2020,11:20:00,1,Collision with vehicle,7,Saturday,132,RIGHT REAR.,1,658089,2,0,1,0,1,2,1,5,Not at intersection,2,50,Local Road,70+,Serious injury,Bicyclists
T20200010466,5/16/2020,11:45:00,6,Vehicle overturned (no collision),6,Saturday,174,OUT OF CONTROL ON CARRIAGEWAY (ON STRAIGHT),1,654005,2,0,0,1,1,2,2,1,Cross intersection,3,40,Arterial Other,40-49,Other injury,Bicyclists
T20200010501,5/31/2020,10:10:00,4,Collision with a fixed object,1,Sunday,164,PERMANENT OBSTRUCTION ON CARRIAGEWAY,1,654083,1,0,0,1,0,1,1,5,Not at intersection,3,50,Arterial Other,40-49,Other injury,Bicyclists
T20200010507,5/30/2020,13:11:00,1,Collision with vehicle,7,Saturday,163,VEHICLE STRIKES DOOR OF PARKED/STATIONARY VEHICLE,1,654209,2,0,0,1,2,3,1,2,T intersection,3,60,Arterial Highway,65-69,Other injury,Bicyclists
T20200010515,5/30/2020,17:30:00,1,Collision with vehicle,7,Saturday,116,LEFT NEAR (INTERSECTIONS ONLY),9,44327,2,0,0,1,1,2,2,1,Cross intersection,3,40,Local Road,40-49,Other injury,Bicyclists
T20200010530,5/31/2020,19:19:00,1,Collision with vehicle,1,Sunday,163,VEHICLE STRIKES DOOR OF PARKED/STATIONARY VEHICLE,3,654210,2,0,1,0,4,5,1,5,Not at intersection,2,40,Arterial Other,26-29,Serious injury,Bicyclists
T20200010531,5/31/2020,18:25:00,1,Collision with vehicle,0,Sunday,113,RIGHT NEAR (INTERSECTIONS ONLY),5,49682,2,0,1,0,1,2,1,1,Cross intersection,2,60,Local Road,22-25,Serious injury,Bicyclists
T20200010564,5/27/2020,14:18:00,8,No collision and no object struck,4,Wednesday,174,OUT OF CONTROL ON CARRIAGEWAY (ON STRAIGHT),1,654901,2,0,0,1,1,2,2,5,Not at intersection,3,50,Arterial Highway,50-59,Other injury,Bicyclists
T20200010586,9/8/2019,8:00:00,5,collision with some other object,0,Sunday,166,STRUCK OBJECT ON CARRIAGEWAY,1,654635,1,0,0,1,0,1,9,5,Not at intersection,3,50,Local Road,50-59,Other injury,Bicyclists
T20200010601,6/1/2020,19:03:00,1,Collision with vehicle,1,Monday,148,VEHICLE OFF FOOTPATH STRIKES VEH ON CARRIAGEWAY,3,662411,2,0,0,1,2,3,1,2,T intersection,3,40,Arterial Other,22-25,Other injury,Bicyclists
T20200010611,9/19/2019,13:00:00,8,No collision and no object struck,4,Thursday,199,UNKNOWN-NO DETAILS ON MANOEUVRES OF ROAD-USERS IN ACCIDENT,1,660289,1,0,1,0,0,1,2,5,Not at intersection,2,50,Local Road,40-49,Serious injury,Bicyclists
T20200010623,6/2/2020,8:33:00,1,Collision with vehicle,3,Tuesday,110,CROSS TRAFFIC(INTERSECTIONS ONLY),1,42143,2,0,0,1,1,2,1,1,Cross intersection,3,50,Local Road,50-59,Other injury,Bicyclists
T20200010642,5/31/2020,14:15:00,8,No collision and no object struck,1,Sunday,149,OTHER MANOEUVRING NOT INCLUDED IN DCAs 140-148,1,70841,2,0,0,1,1,2,2,2,T intersection,3,60,Arterial Other,30-39,Other injury,Bicyclists
T20200010647,1/17/2020,12:00:00,1,Collision with vehicle,6,Friday,151,OUT OF CONTROL (OVERTAKING),1,663611,2,0,0,1,0,1,2,5,Not at intersection,3,60,Arterial Other,26-29,Other injury,Bicyclists
T20200010648,5/15/2020,18:40:00,1,Collision with vehicle,5,Friday,121,RIGHT THROUGH,9,65003,2,0,0,1,1,2,2,1,Cross intersection,3,50,Arterial Highway,30-39,Other injury,Bicyclists
T20200010663,6/2/2020,18:45:00,1,Collision with vehicle,2,Tuesday,130,REAR END(VEHICLES IN SAME LANE),3,44147,2,0,0,1,0,1,1,2,T intersection,3,60,Arterial Other,40-49,Other injury,Bicyclists
T20200010668,6/1/2020,22:15:00,1,Collision with vehicle,2,Monday,163,VEHICLE STRIKES DOOR OF PARKED/STATIONARY VEHICLE,3,664309,2,0,0,1,1,2,2,5,Not at intersection,3,40,Arterial Other,50-59,Other injury,Bicyclists
T20200010690,5/30/2020,14:00:00,6,Vehicle overturned (no collision),7,Saturday,180,OFF CARRIAGEWAY ON RIGHT BEND,1,654377,2,0,1,0,0,1,2,5,Not at intersection,2,60,Local Road,40-49,Serious injury,Bicyclists
T20200010701,6/6/2019,8:40:00,1,Collision with vehicle,4,Thursday,133,LANE SIDE SWIPE (VEHICLES IN PARALLEL LANES),1,654380,2,0,0,1,1,2,2,5,Not at intersection,3,60,Arterial Other,50-59,Other injury,Bicyclists
T20200010729,6/3/2020,16:10:00,1,Collision with vehicle,3,Wednesday,142,LEAVING PARKING,1,656113,3,0,0,1,2,3,1,5,Not at intersection,3,40,Local Road,30-39,Other injury,Bicyclists
T20200010731,5/11/2020,15:25:00,1,Collision with vehicle,1,Monday,147,VEHICLE STRIKES ANOTHER VEH WHILE EMERGING FROM DRIVEWAY,1,780689,2,0,0,1,1,2,1,5,Not at intersection,3,60,Local Road,18-21,Other injury,Bicyclists
T20200010746,6/4/2020,8:29:00,1,Collision with vehicle,5,Thursday,113,RIGHT NEAR (INTERSECTIONS ONLY),1,38704,2,0,0,1,1,2,1,2,T intersection,3,60,Arterial Highway,Unknown,Other injury,Bicyclists
T20200010763,3/22/2020,1:00:00,1,Collision with vehicle,0,Sunday,121,RIGHT THROUGH,3,36458,2,0,0,1,0,1,2,5,Not at intersection,3,40,Arterial Other,30-39,Other injury,Bicyclists
T20200010777,6/4/2020,15:45:00,1,Collision with vehicle,4,Thursday,113,RIGHT NEAR (INTERSECTIONS ONLY),1,1216,2,0,0,1,1,2,1,2,T intersection,3,50,Local Road,40-49,Other injury,Bicyclists
T20200010782,5/7/2020,15:00:00,1,Collision with vehicle,5,Thursday,163,VEHICLE STRIKES DOOR OF PARKED/STATIONARY VEHICLE,1,654470,2,0,1,0,1,2,2,5,Not at intersection,2,40,Local Road,30-39,Serious injury,Bicyclists
T20200010790,6/4/2020,16:35:00,1,Collision with vehicle,5,Thursday,148,VEHICLE OFF FOOTPATH STRIKES VEH ON CARRIAGEWAY,1,228138,2,0,1,0,1,2,1,2,T intersection,2,60,Arterial Other,13-15,Serious injury,Bicyclists
T20200010794,6/4/2020,17:48:00,1,Collision with vehicle,5,Thursday,121,RIGHT THROUGH,3,324072,2,0,1,0,2,3,1,2,T intersection,2,60,Arterial Other,18-21,Serious injury,Bicyclists
T20200010832,2/14/2020,16:30:00,8,No collision and no object struck,6,Friday,174,OUT OF CONTROL ON CARRIAGEWAY (ON STRAIGHT),9,654703,1,0,1,0,0,1,2,5,Not at intersection,2,999,Local Road,30-39,Serious injury,Bicyclists
T20200010834,5/19/2020,16:00:00,1,Collision with vehicle,3,Tuesday,116,LEFT NEAR (INTERSECTIONS ONLY),1,36278,2,0,0,1,1,2,2,1,Cross intersection,3,40,Local Road,26-29,Other injury,Bicyclists
T20200010838,6/5/2020,13:00:00,1,Collision with vehicle,6,Friday,110,CROSS TRAFFIC(INTERSECTIONS ONLY),1,36047,2,0,0,1,1,2,1,1,Cross intersection,3,50,Local Road,50-59,Other injury,Bicyclists
T20200010862,6/5/2020,14:30:00,1,Collision with vehicle,6,Friday,147,VEHICLE STRIKES ANOTHER VEH WHILE EMERGING FROM DRIVEWAY,1,664817,2,0,0,1,1,2,2,5,Not at intersection,3,40,Uknown,18-21,Other injury,Bicyclists
T20200010876,6/5/2020,17:48:00,1,Collision with vehicle,6,Friday,110,CROSS TRAFFIC(INTERSECTIONS ONLY),3,37957,2,0,1,0,1,2,1,1,Cross intersection,2,50,Local Road,70+,Serious injury,Bicyclists
T20200010906,6/6/2020,12:15:00,1,Collision with vehicle,7,Saturday,147,VEHICLE STRIKES ANOTHER VEH WHILE EMERGING FROM DRIVEWAY,1,654640,2,0,1,0,1,2,1,2,T intersection,2,50,Local Road,30-39,Serious injury,Bicyclists
T20200010915,5/26/2020,16:10:00,1,Collision with vehicle,3,Tuesday,121,RIGHT THROUGH,1,663048,2,0,1,0,0,1,2,5,Not at intersection,2,50,Arterial Other,60-64,Serious injury,Bicyclists
T20200010916,6/6/2020,15:15:00,1,Collision with vehicle,7,Saturday,119,OTHER ADJACENT (INTERSECTIONS ONLY),1,655042,2,0,0,1,1,2,1,1,Cross intersection,3,50,Arterial Other,45424,Other injury,Bicyclists
T20200010917,6/6/2020,14:55:00,1,Collision with vehicle,7,Saturday,110,CROSS TRAFFIC(INTERSECTIONS ONLY),1,52649,2,0,1,0,4,5,1,1,Cross intersection,2,50,Arterial Highway,50-59,Serious injury,Bicyclists
T20200010962,6/5/2020,20:10:00,1,Collision with vehicle,6,Friday,121,RIGHT THROUGH,3,29373,2,0,0,1,1,2,2,1,Cross intersection,3,50,Uknown,30-39,Other injury,Bicyclists
T20200010973,6/7/2020,12:23:00,1,Collision with vehicle,1,Sunday,110,CROSS TRAFFIC(INTERSECTIONS ONLY),1,308330,2,0,1,0,1,2,1,1,Cross intersection,2,50,Local Road,40-49,Serious injury,Bicyclists
T20200010975,6/7/2020,13:03:00,1,Collision with vehicle,0,Sunday,133,LANE SIDE SWIPE (VEHICLES IN PARALLEL LANES),1,729543,3,0,1,0,2,3,1,5,Not at intersection,2,40,Arterial Other,30-39,Serious injury,Bicyclists
T20200011012,6/7/2020,20:30:00,1,Collision with vehicle,0,Sunday,137,LEFT TURN SIDESWIPE,3,65831,2,0,0,1,1,2,1,1,Cross intersection,3,40,Arterial Other,18-21,Other injury,Bicyclists
T20200011043,6/6/2020,14:45:00,1,Collision with vehicle,7,Saturday,163,VEHICLE STRIKES DOOR OF PARKED/STATIONARY VEHICLE,1,654955,2,0,0,1,1,2,2,5,Not at intersection,3,40,Arterial Other,26-29,Other injury,Bicyclists
T20200011090,6/9/2020,11:45:00,1,Collision with vehicle,3,Tuesday,147,VEHICLE STRIKES ANOTHER VEH WHILE EMERGING FROM DRIVEWAY,1,780618,2,0,0,1,1,2,1,5,Not at intersection,3,60,Arterial Other,50-59,Other injury,Bicyclists
T20200011106,4/30/2020,11:00:00,1,Collision with vehicle,4,Thursday,121,RIGHT THROUGH,1,30939,2,0,0,1,0,1,9,1,Cross intersection,3,60,Arterial Highway,30-39,Other injury,Bicyclists
T20200011110,6/9/2020,15:44:00,4,Collision with a fixed object,3,Tuesday,171,LEFT OFF CARRIAGEWAY INTO OBJECT/PARKED VEHICLE,1,655059,1,0,0,1,0,1,1,5,Not at intersection,3,60,Arterial Other,70+,Other injury,Bicyclists
T20200011141,5/27/2020,8:45:00,1,Collision with vehicle,4,Wednesday,143,ENTERING PARKING,1,655002,2,0,1,0,1,2,2,5,Not at intersection,2,50,Local Road,30-39,Serious injury,Bicyclists
T20200011152,6/10/2020,8:05:00,1,Collision with vehicle,4,Wednesday,110,CROSS TRAFFIC(INTERSECTIONS ONLY),1,42835,2,0,1,0,1,2,1,1,Cross intersection,2,50,Local Road,40-49,Serious injury,Bicyclists
T20200011168,6/9/2020,9:00:00,6,Vehicle overturned (no collision),3,Tuesday,174,OUT OF CONTROL ON CARRIAGEWAY (ON STRAIGHT),1,654998,1,0,1,0,0,1,2,5,Not at intersection,2,50,Local Road,70+,Serious injury,Bicyclists
T20200011180,6/10/2020,15:15:00,1,Collision with vehicle,4,Wednesday,110,CROSS TRAFFIC(INTERSECTIONS ONLY),1,20865,2,0,0,1,1,2,1,1,Cross intersection,3,50,Arterial Other,45424,Other injury,Bicyclists
T20200011184,6/10/2020,15:00:00,1,Collision with vehicle,4,Wednesday,111,RIGHT FAR (INTERSECTIONS ONLY),1,37606,2,0,1,0,1,2,1,2,T intersection,2,40,Local Road,40-49,Serious injury,Bicyclists
T20200011202,6/10/2020,15:15:00,1,Collision with vehicle,3,Wednesday,163,VEHICLE STRIKES DOOR OF PARKED/STATIONARY VEHICLE,1,656929,2,0,0,1,1,2,2,5,Not at intersection,3,50,Local Road,26-29,Other injury,Bicyclists
T20200011225,6/10/2020,16:00:00,1,Collision with vehicle,3,Wednesday,110,CROSS TRAFFIC(INTERSECTIONS ONLY),1,66814,2,0,0,1,1,2,1,1,Cross intersection,3,50,Local Road,13-15,Other injury,Bicyclists
T20200011235,3/18/2020,6:00:00,1,Collision with vehicle,4,Wednesday,148,VEHICLE OFF FOOTPATH STRIKES VEH ON CARRIAGEWAY,9,656414,2,0,1,0,1,2,2,5,Not at intersection,2,50,Local Road,Unknown,Serious injury,Bicyclists
T20200011246,5/30/2020,10:00:00,1,Collision with vehicle,7,Saturday,160,VEHICLE COLLIDES WITH VEHICLE PARKED ON LEFT OF ROAD,1,655151,2,0,0,1,1,2,2,5,Not at intersection,3,50,Local Road,30-39,Other injury,Bicyclists
T20200011264,6/10/2020,16:35:00,1,Collision with vehicle,4,Wednesday,110,CROSS TRAFFIC(INTERSECTIONS ONLY),1,63701,2,0,1,0,1,2,1,1,Cross intersection,2,50,Local Road,40-49,Serious injury,Bicyclists
T20200011270,6/11/2020,11:30:00,1,Collision with vehicle,4,Thursday,163,VEHICLE STRIKES DOOR OF PARKED/STATIONARY VEHICLE,1,655061,2,0,0,1,1,2,1,5,Not at intersection,3,50,Arterial Other,65-69,Other injury,Bicyclists
T20200011272,6/10/2020,8:00:00,1,Collision with vehicle,3,Wednesday,110,CROSS TRAFFIC(INTERSECTIONS ONLY),1,55092,2,0,0,1,1,2,2,1,Cross intersection,3,40,Local Road,60-64,Other injury,Bicyclists
T20200011278,6/11/2020,13:00:00,1,Collision with vehicle,5,Thursday,147,VEHICLE STRIKES ANOTHER VEH WHILE EMERGING FROM DRIVEWAY,1,659812,2,0,1,0,1,2,1,5,Not at intersection,2,60,Arterial Other,26-29,Serious injury,Bicyclists
T20200011285,5/13/2020,17:30:00,1,Collision with vehicle,3,Wednesday,147,VEHICLE STRIKES ANOTHER VEH WHILE EMERGING FROM DRIVEWAY,6,664907,2,0,0,1,1,2,2,2,T intersection,3,999,Local Road,45424,Other injury,Bicyclists
T20200011296,6/11/2020,16:10:00,1,Collision with vehicle,5,Thursday,121,RIGHT THROUGH,1,41475,2,0,1,0,1,2,1,2,T intersection,2,60,Arterial Other,50-59,Serious injury,Bicyclists
T20200011301,6/11/2020,10:45:00,1,Collision with vehicle,5,Thursday,114,TWO RIGHT TURNING (INTERSECTIONS ONLY),1,37745,2,0,0,1,1,2,2,2,T intersection,3,60,Arterial Other,40-49,Other injury,Bicyclists
T20200011345,6/12/2020,9:15:00,1,Collision with vehicle,5,Friday,133,LANE SIDE SWIPE (VEHICLES IN PARALLEL LANES),1,657943,2,0,1,0,1,2,1,5,Not at intersection,2,100,Uknown,65-69,Serious injury,Bicyclists
T20200011358,6/11/2020,16:15:00,1,Collision with vehicle,4,Thursday,110,CROSS TRAFFIC(INTERSECTIONS ONLY),1,655156,2,0,0,1,1,2,2,1,Cross intersection,3,999,Local Road,26-29,Other injury,Bicyclists
T20200011378,6/12/2020,14:48:00,1,Collision with vehicle,5,Friday,140,U TURN,1,729800,2,0,0,1,2,3,1,2,T intersection,3,70,Arterial Other,26-29,Other injury,Drivers
T20200011387,6/12/2020,15:46:00,6,Vehicle overturned (no collision),6,Friday,174,OUT OF CONTROL ON CARRIAGEWAY (ON STRAIGHT),1,655158,2,0,0,1,0,1,1,5,Not at intersection,3,40,Arterial Other,40-49,Other injury,Bicyclists
T20200011390,6/12/2020,6:45:00,1,Collision with vehicle,5,Friday,110,CROSS TRAFFIC(INTERSECTIONS ONLY),9,655355,2,0,0,1,1,2,2,1,Cross intersection,3,50,Local Road,30-39,Other injury,Bicyclists
T20200011399,6/11/2020,11:40:00,1,Collision with vehicle,5,Thursday,113,RIGHT NEAR (INTERSECTIONS ONLY),1,663758,2,0,1,0,1,2,2,2,T intersection,2,50,Local Road,40-49,Serious injury,Bicyclists
T20200011401,6/12/2020,19:10:00,1,Collision with vehicle,5,Friday,121,RIGHT THROUGH,3,655296,2,0,0,1,1,2,1,5,Not at intersection,3,50,Local Road,50-59,Other injury,Bicyclists
T20200011417,6/12/2020,6:30:00,1,Collision with vehicle,5,Friday,133,LANE SIDE SWIPE (VEHICLES IN PARALLEL LANES),6,655356,2,0,0,1,1,2,1,5,Not at intersection,3,80,Arterial Other,60-64,Other injury,Bicyclists
T20200011447,6/12/2020,15:47:00,1,Collision with vehicle,5,Friday,148,VEHICLE OFF FOOTPATH STRIKES VEH ON CARRIAGEWAY,1,666216,2,0,0,1,1,2,2,5,Not at intersection,3,50,Local Road,45424,Other injury,Bicyclists
T20200011458,6/13/2020,16:15:00,1,Collision with vehicle,6,Saturday,160,VEHICLE COLLIDES WITH VEHICLE PARKED ON LEFT OF ROAD,2,666486,2,0,0,1,1,2,1,5,Not at intersection,3,40,Local Road,30-39,Other injury,Bicyclists
T20200011471,6/13/2020,18:00:00,1,Collision with vehicle,6,Saturday,160,VEHICLE COLLIDES WITH VEHICLE PARKED ON LEFT OF ROAD,3,655298,2,0,0,1,1,2,1,5,Not at intersection,3,40,Arterial Other,30-39,Other injury,Bicyclists
T20200011507,6/10/2020,10:30:00,1,Collision with vehicle,3,Wednesday,121,RIGHT THROUGH,1,41372,2,0,0,1,1,2,2,1,Cross intersection,3,60,Uknown,22-25,Other injury,Bicyclists
T20200011511,6/14/2020,8:40:00,1,Collision with vehicle,1,Sunday,116,LEFT NEAR (INTERSECTIONS ONLY),1,37566,2,0,1,0,1,2,1,2,T intersection,2,40,Arterial Other,50-59,Serious injury,Bicyclists
T20200011552,1/26/2020,9:00:00,4,Collision with a fixed object,1,Sunday,171,LEFT OFF CARRIAGEWAY INTO OBJECT/PARKED VEHICLE,1,655362,1,0,1,0,0,1,9,1,Cross intersection,2,60,Uknown,70+,Serious injury,Bicyclists
T20200011562,6/13/2020,10:00:00,1,Collision with vehicle,6,Saturday,163,VEHICLE STRIKES DOOR OF PARKED/STATIONARY VEHICLE,1,657201,2,0,1,0,1,2,2,5,Not at intersection,2,60,Local Road,50-59,Serious injury,Bicyclists
T20200011572,6/10/2020,18:00:00,8,No collision and no object struck,4,Wednesday,174,OUT OF CONTROL ON CARRIAGEWAY (ON STRAIGHT),9,665347,2,0,0,1,0,1,2,5,Not at intersection,3,60,Arterial Other,26-29,Other injury,Bicyclists
T20200011576,6/15/2020,13:09:00,6,Vehicle overturned (no collision),2,Monday,174,OUT OF CONTROL ON CARRIAGEWAY (ON STRAIGHT),1,655444,1,0,1,0,0,1,1,5,Not at intersection,2,60,Arterial Other,70+,Serious injury,Bicyclists
T20200011600,6/15/2020,16:15:00,1,Collision with vehicle,2,Monday,147,VEHICLE STRIKES ANOTHER VEH WHILE EMERGING FROM DRIVEWAY,1,658622,2,0,1,0,1,2,1,5,Not at intersection,2,60,Arterial Other,50-59,Serious injury,Bicyclists
T20200011604,6/15/2020,15:15:00,1,Collision with vehicle,2,Monday,163,VEHICLE STRIKES DOOR OF PARKED/STATIONARY VEHICLE,1,293740,2,0,0,1,1,2,2,5,Not at intersection,3,40,Local Road,13-15,Other injury,Bicyclists
T20200011608,6/15/2020,15:30:00,1,Collision with vehicle,2,Monday,148,VEHICLE OFF FOOTPATH STRIKES VEH ON CARRIAGEWAY,1,61818,2,0,1,0,1,2,1,1,Cross intersection,2,80,Freeway,13-15,Serious injury,Bicyclists
T20200011613,6/15/2020,8:00:00,1,Collision with vehicle,2,Monday,113,RIGHT NEAR (INTERSECTIONS ONLY),2,56324,2,0,1,0,1,2,1,2,T intersection,2,60,Local Road,70+,Serious injury,Bicyclists
T20200011640,6/16/2020,8:36:00,1,Collision with vehicle,2,Tuesday,110,CROSS TRAFFIC(INTERSECTIONS ONLY),1,53110,2,0,0,1,1,2,1,1,Cross intersection,3,50,Local Road,26-29,Other injury,Bicyclists
T20200011642,2/1/2020,11:00:00,1,Collision with vehicle,6,Saturday,110,CROSS TRAFFIC(INTERSECTIONS ONLY),1,48069,2,0,0,1,1,2,2,1,Cross intersection,3,50,Local Road,50-59,Other injury,Bicyclists
T20200011662,6/16/2020,9:10:00,1,Collision with vehicle,2,Tuesday,147,VEHICLE STRIKES ANOTHER VEH WHILE EMERGING FROM DRIVEWAY,1,655449,2,0,0,1,1,2,2,5,Not at intersection,3,888,Local Road,45424,Other injury,Bicyclists
T20200011663,5/30/2020,7:45:00,1,Collision with vehicle,7,Saturday,130,REAR END(VEHICLES IN SAME LANE),1,656017,2,0,0,1,0,1,1,5,Not at intersection,3,999,Arterial Other,40-49,Other injury,Bicyclists
T20200011696,6/16/2020,16:42:00,1,Collision with vehicle,3,Tuesday,133,LANE SIDE SWIPE (VEHICLES IN PARALLEL LANES),2,665935,2,0,1,0,0,1,1,5,Not at intersection,2,50,Local Road,13-15,Serious injury,Bicyclists
T20200011705,6/4/2020,10:56:00,6,Vehicle overturned (no collision),5,Thursday,170,OFF CARRIAGEWAY TO LEFT,1,655612,2,0,0,1,0,1,1,5,Not at intersection,3,40,Arterial Other,26-29,Other injury,Bicyclists
T20200011723,6/17/2020,11:27:00,1,Collision with vehicle,4,Wednesday,130,REAR END(VEHICLES IN SAME LANE),1,667291,3,0,0,2,1,3,1,5,Not at intersection,3,60,Arterial Other,30-39,Other injury,Bicyclists
T20200011752,5/25/2020,17:11:00,1,Collision with vehicle,2,Monday,110,CROSS TRAFFIC(INTERSECTIONS ONLY),1,39241,2,0,0,1,1,2,2,1,Cross intersection,3,60,Local Road,30-39,Other injury,Bicyclists
T20200011802,6/18/2020,11:45:00,1,Collision with vehicle,5,Thursday,113,RIGHT NEAR (INTERSECTIONS ONLY),1,292051,2,0,1,0,1,2,1,2,T intersection,2,100,Arterial Other,70+,Serious injury,Bicyclists
T20200011806,6/18/2020,12:02:00,1,Collision with vehicle,5,Thursday,137,LEFT TURN SIDESWIPE,1,656362,3,0,1,1,1,3,1,5,Not at intersection,2,60,Arterial Highway,22-25,Serious injury,Bicyclists
T20200011830,6/18/2020,17:15:00,1,Collision with vehicle,5,Thursday,121,RIGHT THROUGH,2,29793,2,0,0,1,1,2,1,2,T intersection,3,60,Arterial Other,40-49,Other injury,Bicyclists
T20200011836,6/4/2020,11:29:00,1,Collision with vehicle,5,Thursday,110,CROSS TRAFFIC(INTERSECTIONS ONLY),1,658322,2,0,0,1,1,2,2,1,Cross intersection,3,50,Local Road,30-39,Other injury,Bicyclists
T20200011858,6/19/2020,8:34:00,1,Collision with vehicle,6,Friday,199,UNKNOWN-NO DETAILS ON MANOEUVRES OF ROAD-USERS IN ACCIDENT,1,655932,2,0,0,1,1,2,1,5,Not at intersection,3,60,Arterial Other,13-15,Other injury,Bicyclists
T20200011886,2/3/2020,17:30:00,8,No collision and no object struck,2,Monday,174,OUT OF CONTROL ON CARRIAGEWAY (ON STRAIGHT),1,661572,2,0,0,1,1,2,2,5,Not at intersection,3,60,Local Road,60-64,Other injury,Bicyclists
T20200011891,6/19/2020,15:45:00,1,Collision with vehicle,6,Friday,121,RIGHT THROUGH,1,655748,2,0,0,1,1,2,1,2,T intersection,3,60,Local Road,13-15,Other injury,Bicyclists
T20200011909,6/19/2020,13:40:00,1,Collision with vehicle,6,Friday,110,CROSS TRAFFIC(INTERSECTIONS ONLY),1,37601,2,0,0,1,1,2,2,1,Cross intersection,3,999,Local Road,30-39,Other injury,Bicyclists
T20200011955,6/20/2020,15:30:00,1,Collision with vehicle,6,Saturday,130,REAR END(VEHICLES IN SAME LANE),1,773494,2,0,0,1,1,2,1,5,Not at intersection,3,40,Local Road,22-25,Other injury,Bicyclists