ACCIDENT_NO,ACCIDENT_DATE,ACCIDENT_TIME,ACCIDENT_TYPE,ACCIDENT_TYPE_DESC,DAY_OF_WEEK,DAY_WEEK_DESC,DCA_CODE,DCA_DESC,LIGHT_CONDITION,NODE_ID,NO_OF_VEHICLES,NO_PERSONS_KILLED,NO_PERSONS_INJ_2,NO_PERSONS_INJ_3,NO_PERSONS_NOT_INJ,NO_PERSONS,POLICE_ATTEND,ROAD_GEOMETRY,ROAD_GEOMETRY_DESC,SEVERITY,SPEED_ZONE,RMA,AGE_GROUP,INJ_LEVEL,ROAD_USER_TYPE_DESC
T20200012005,6/21/2020,10:00:00,1,Collision with vehicle,1,Sunday,121,RIGHT THROUGH,1,57564,2,0,1,0,1,2,1,2,T intersection,2,70,Arterial Other,50-59,Serious injury,Bicyclists
T20200012011,6/17/2020,15:30:00,1,Collision with vehicle,4,Wednesday,110,CROSS TRAFFIC(INTERSECTIONS ONLY),1,657763,2,0,0,1,1,2,2,1,Cross intersection,3,999,Arterial Other,30-39,Other injury,Bicyclists
T20200012021,6/21/2020,17:45:00,1,Collision with vehicle,1,Sunday,134,LANE CHANGE RIGHT (NOT OVERTAKING),3,92758,2,0,0,1,4,5,1,5,Not at intersection,3,60,Arterial Other,22-25,Other injury,Bicyclists
T20200012038,6/17/2020,15:00:00,1,Collision with vehicle,4,Wednesday,163,VEHICLE STRIKES DOOR OF PARKED/STATIONARY VEHICLE,1,669226,2,0,0,1,1,2,2,5,Not at intersection,3,40,Local Road,30-39,Other injury,Bicyclists
T20200012039,6/21/2020,12:30:00,1,Collision with vehicle,1,Sunday,121,RIGHT THROUGH,1,390,2,0,0,1,1,2,2,1,Cross intersection,3,60,Arterial Other,22-25,Other injury,Bicyclists
T20200012040,6/21/2020,12:10:00,2,Struck Pedestrian,0,Sunday,104,PED WALKING WITH TRAFFIC,1,661665,1,0,0,1,1,2,2,3,Y intersection,3,999,Local Road,30-39,Not injured,Bicyclists
T20200012066,6/7/2020,15:10:00,1,Collision with vehicle,0,Sunday,111,RIGHT FAR (INTERSECTIONS ONLY),9,63084,2,0,0,1,1,2,2,1,Cross intersection,3,50,Local Road,30-39,Other injury,Bicyclists
T20200012122,6/23/2020,7:35:00,1,Collision with vehicle,3,Tuesday,116,LEFT NEAR (INTERSECTIONS ONLY),1,226360,2,0,1,0,1,2,1,2,T intersection,2,999,Arterial Other,22-25,Serious injury,Bicyclists
T20200012143,6/23/2020,14:56:00,1,Collision with vehicle,3,Tuesday,148,VEHICLE OFF FOOTPATH STRIKES VEH ON CARRIAGEWAY,1,657473,2,0,1,0,1,2,1,5,Not at intersection,2,50,Local Road,50-59,Serious injury,Bicyclists
T20200012153,6/23/2020,16:00:00,1,Collision with vehicle,3,Tuesday,113,RIGHT NEAR (INTERSECTIONS ONLY),1,67620,2,0,1,0,1,2,2,2,T intersection,2,50,Local Road,70+,Serious injury,Bicyclists
T20200012192,6/24/2020,8:40:00,1,Collision with vehicle,4,Wednesday,121,RIGHT THROUGH,1,49090,2,0,0,1,1,2,2,1,Cross intersection,3,60,Local Road,45424,Other injury,Bicyclists
T20200012195,6/15/2020,16:00:00,1,Collision with vehicle,1,Monday,162,ACCIDENT OR BROKEN DOWN,1,729318,2,0,0,1,1,2,2,5,Not at intersection,3,80,Arterial Other,50-59,Other injury,Bicyclists
T20200012265,6/25/2020,8:30:00,1,Collision with vehicle,5,Thursday,110,CROSS TRAFFIC(INTERSECTIONS ONLY),1,42300,2,0,0,1,1,2,2,1,Cross intersection,3,999,Local Road,13-15,Other injury,Bicyclists
T20200012269,6/25/2020,8:00:00,1,Collision with vehicle,4,Thursday,137,LEFT TURN SIDESWIPE,1,668553,2,0,0,2,0,2,2,5,Not at intersection,3,40,Local Road,30-39,Other injury,Bicyclists
T20200012294,6/14/2020,14:30:00,1,Collision with vehicle,1,Sunday,110,CROSS TRAFFIC(INTERSECTIONS ONLY),1,657765,2,0,0,1,1,2,2,1,Cross intersection,3,999,Local Road,26-29,Other injury,Bicyclists
T20200012309,6/25/2020,17:57:00,1,Collision with vehicle,5,Thursday,163,VEHICLE STRIKES DOOR OF PARKED/STATIONARY VEHICLE,4,656703,3,0,0,1,2,3,1,1,Cross intersection,3,40,Local Road,18-21,Other injury,Bicyclists
T20200012313,6/25/2020,16:45:00,1,Collision with vehicle,5,Thursday,121,RIGHT THROUGH,2,40006,2,0,1,0,1,2,2,1,Cross intersection,2,60,Arterial Other,18-21,Serious injury,Bicyclists
T20200012347,6/23/2020,16:20:00,1,Collision with vehicle,2,Tuesday,163,VEHICLE STRIKES DOOR OF PARKED/STATIONARY VEHICLE,1,668312,2,0,0,1,1,2,2,5,Not at intersection,3,999,Arterial Other,50-59,Other injury,Bicyclists
T20200012363,6/23/2020,14:00:00,1,Collision with vehicle,3,Tuesday,110,CROSS TRAFFIC(INTERSECTIONS ONLY),1,42352,2,0,1,0,1,2,2,1,Cross intersection,2,999,Arterial Other,40-49,Serious injury,Bicyclists
T20200012389,6/26/2020,18:15:00,1,Collision with vehicle,5,Friday,116,LEFT NEAR (INTERSECTIONS ONLY),3,29403,2,0,0,1,1,2,1,1,Cross intersection,3,40,Arterial Other,26-29,Other injury,Bicyclists
T20200012410,6/11/2020,15:30:00,1,Collision with vehicle,5,Thursday,134,LANE CHANGE RIGHT (NOT OVERTAKING),1,46034,2,0,0,1,1,2,2,2,T intersection,3,40,Arterial Other,22-25,Other injury,Bicyclists
T20200012427,6/13/2020,15:17:00,1,Collision with vehicle,7,Saturday,121,RIGHT THROUGH,1,666487,2,0,0,1,1,2,2,5,Not at intersection,3,50,Arterial Other,50-59,Other injury,Bicyclists
T20200012430,6/27/2020,13:20:00,1,Collision with vehicle,7,Saturday,140,U TURN,1,656270,2,0,1,0,1,2,1,2,T intersection,2,50,Arterial Other,26-29,Serious injury,Bicyclists
T20200012438,6/27/2020,14:58:00,1,Collision with vehicle,7,Saturday,121,RIGHT THROUGH,1,656707,2,0,1,0,1,2,1,1,Cross intersection,2,50,Arterial Other,30-39,Serious injury,Bicyclists
T20200012444,6/27/2020,17:45:00,1,Collision with vehicle,7,Saturday,110,CROSS TRAFFIC(INTERSECTIONS ONLY),6,45602,2,0,1,0,1,2,2,1,Cross intersection,2,60,Local Road,30-39,Serious injury,Bicyclists
T20200012446,6/27/2020,13:00:00,1,Collision with vehicle,7,Saturday,110,CROSS TRAFFIC(INTERSECTIONS ONLY),1,72920,2,0,1,0,1,2,1,1,Cross intersection,2,50,Local Road,50-59,Serious injury,Bicyclists
T20200012449,6/27/2020,8:05:00,1,Collision with vehicle,7,Saturday,160,VEHICLE COLLIDES WITH VEHICLE PARKED ON LEFT OF ROAD,1,656875,2,0,0,1,1,2,2,5,Not at intersection,3,60,Arterial Other,30-39,Other injury,Bicyclists
T20200012455,6/27/2020,19:00:00,1,Collision with vehicle,7,Saturday,163,VEHICLE STRIKES DOOR OF PARKED/STATIONARY VEHICLE,3,656460,2,0,1,0,1,2,2,5,Not at intersection,2,999,Arterial Other,26-29,Serious injury,Bicyclists
T20200012476,6/28/2020,11:17:00,1,Collision with vehicle,1,Sunday,160,VEHICLE COLLIDES WITH VEHICLE PARKED ON LEFT OF ROAD,1,657162,2,0,1,0,0,1,1,5,Not at intersection,2,60,Arterial Other,50-59,Serious injury,Bicyclists
T20200012526,6/29/2020,8:45:00,1,Collision with vehicle,2,Monday,130,REAR END(VEHICLES IN SAME LANE),1,667389,2,0,1,0,1,2,1,5,Not at intersection,2,60,Arterial Other,26-29,Serious injury,Bicyclists
T20200012527,6/29/2020,9:01:00,1,Collision with vehicle,2,Monday,116,LEFT NEAR (INTERSECTIONS ONLY),1,69891,2,0,1,0,1,2,1,1,Cross intersection,2,60,Arterial Highway,65-69,Serious injury,Bicyclists
T20200012528,6/29/2020,8:40:00,2,Struck Pedestrian,2,Monday,100,PED NEAR SIDE. PED HIT BY VEHICLE FROM THE RIGHT.,1,667,2,0,0,2,2,4,1,1,Cross intersection,3,60,Arterial Highway,0-4,Other injury,Bicyclists
T20200012529,6/6/2020,12:00:00,1,Collision with vehicle,7,Saturday,121,RIGHT THROUGH,1,41380,2,0,0,1,1,2,2,1,Cross intersection,3,50,Arterial Other,22-25,Other injury,Bicyclists
T20200012548,6/20/2020,10:45:00,2,Struck Pedestrian,7,Saturday,106,VEH STRIKES PED ON FOOTPATH/MEDIAN/TRAFFIC ISLAND.,1,42061,1,0,1,0,0,1,2,2,T intersection,2,60,Arterial Other,70+,Serious injury,Pedestrians
T20200012565,6/29/2020,14:30:00,1,Collision with vehicle,2,Monday,121,RIGHT THROUGH,1,51395,2,0,0,1,1,2,1,1,Cross intersection,3,50,Local Road,70+,Other injury,Bicyclists
T20200012574,6/29/2020,15:55:00,1,Collision with vehicle,2,Monday,147,VEHICLE STRIKES ANOTHER VEH WHILE EMERGING FROM DRIVEWAY,1,656933,2,0,0,1,1,2,1,2,T intersection,3,50,Local Road,45424,Other injury,Bicyclists
T20200012597,6/22/2020,21:00:00,1,Collision with vehicle,1,Monday,113,RIGHT NEAR (INTERSECTIONS ONLY),3,29382,2,0,0,1,1,2,1,1,Cross intersection,3,60,Arterial Other,60-64,Other injury,Bicyclists
T20200012600,6/18/2020,12:15:00,1,Collision with vehicle,5,Thursday,116,LEFT NEAR (INTERSECTIONS ONLY),1,29527,2,0,0,1,1,2,2,1,Cross intersection,3,80,Arterial Other,26-29,Other injury,Bicyclists
T20200012603,6/25/2020,8:00:00,6,Vehicle overturned (no collision),5,Thursday,174,OUT OF CONTROL ON CARRIAGEWAY (ON STRAIGHT),2,656971,1,0,1,0,0,1,2,5,Not at intersection,2,999,Uknown,40-49,Serious injury,Bicyclists
T20200012614,12/20/2019,20:00:00,8,No collision and no object struck,5,Friday,174,OUT OF CONTROL ON CARRIAGEWAY (ON STRAIGHT),1,729325,2,0,0,1,1,2,2,5,Not at intersection,3,40,Local Road,18-21,Other injury,Bicyclists
T20200012621,6/29/2020,15:45:00,1,Collision with vehicle,2,Monday,111,RIGHT FAR (INTERSECTIONS ONLY),1,41217,2,0,1,0,1,2,2,1,Cross intersection,2,60,Local Road,50-59,Serious injury,Bicyclists
T20200012687,6/6/2020,9:20:00,1,Collision with vehicle,7,Saturday,110,CROSS TRAFFIC(INTERSECTIONS ONLY),9,41058,2,0,0,1,0,1,2,1,Cross intersection,3,60,Arterial Other,26-29,Other injury,Bicyclists
T20200012702,6/30/2020,19:30:00,1,Collision with vehicle,3,Tuesday,110,CROSS TRAFFIC(INTERSECTIONS ONLY),3,35363,2,0,0,1,1,2,1,1,Cross intersection,3,40,Local Road,30-39,Other injury,Bicyclists
T20200012715,6/19/2020,8:00:00,6,Vehicle overturned (no collision),6,Friday,174,OUT OF CONTROL ON CARRIAGEWAY (ON STRAIGHT),9,667657,2,0,0,1,0,1,2,1,Cross intersection,3,999,Local Road,30-39,Other injury,Bicyclists
T20200012764,6/30/2020,14:00:00,1,Collision with vehicle,3,Tuesday,148,VEHICLE OFF FOOTPATH STRIKES VEH ON CARRIAGEWAY,1,36828,2,0,0,1,1,2,2,2,T intersection,3,999,Arterial Other,26-29,Other injury,Bicyclists
T20200012845,7/3/2020,8:20:00,1,Collision with vehicle,6,Friday,111,RIGHT FAR (INTERSECTIONS ONLY),1,656821,2,0,0,1,0,1,1,4,Multiple intersection,3,60,Uknown,40-49,Other injury,Bicyclists
T20200012887,7/3/2020,15:22:00,1,Collision with vehicle,6,Friday,148,VEHICLE OFF FOOTPATH STRIKES VEH ON CARRIAGEWAY,1,656823,2,0,0,1,1,2,1,2,T intersection,3,50,Local Road,30-39,Other injury,Bicyclists
T20200012956,10/19/2019,11:00:00,1,Collision with vehicle,7,Saturday,163,VEHICLE STRIKES DOOR OF PARKED/STATIONARY VEHICLE,9,660599,2,0,0,1,1,2,2,5,Not at intersection,3,40,Arterial Other,40-49,Other injury,Bicyclists
T20200012976,7/4/2020,12:58:00,1,Collision with vehicle,7,Saturday,119,OTHER ADJACENT (INTERSECTIONS ONLY),1,247040,2,0,0,1,1,2,1,2,T intersection,3,60,Local Road,70+,Other injury,Bicyclists
T20200013002,7/5/2020,15:10:00,1,Collision with vehicle,1,Sunday,116,LEFT NEAR (INTERSECTIONS ONLY),1,252226,2,0,0,1,1,2,1,2,T intersection,3,60,Local Road,50-59,Other injury,Bicyclists
T20200013114,7/7/2020,13:05:00,1,Collision with vehicle,2,Tuesday,110,CROSS TRAFFIC(INTERSECTIONS ONLY),1,43047,2,0,1,0,1,2,1,1,Cross intersection,2,50,Local Road,70+,Serious injury,Bicyclists
T20200013165,7/8/2020,7:30:00,1,Collision with vehicle,3,Wednesday,163,VEHICLE STRIKES DOOR OF PARKED/STATIONARY VEHICLE,1,668875,2,0,0,1,1,2,2,5,Not at intersection,3,40,Local Road,18-21,Other injury,Bicyclists
T20200013172,7/8/2020,12:51:00,1,Collision with vehicle,4,Wednesday,149,OTHER MANOEUVRING NOT INCLUDED IN DCAs 140-148,1,657512,2,0,1,0,1,2,1,5,Not at intersection,2,60,Arterial Highway,26-29,Serious injury,Bicyclists
T20200013195,7/8/2020,8:30:00,1,Collision with vehicle,4,Wednesday,113,RIGHT NEAR (INTERSECTIONS ONLY),1,63109,2,0,0,1,1,2,1,2,T intersection,3,50,Local Road,30-39,Other injury,Bicyclists
T20200013203,7/5/2020,14:10:00,6,Vehicle overturned (no collision),1,Sunday,174,OUT OF CONTROL ON CARRIAGEWAY (ON STRAIGHT),1,665343,2,0,0,1,1,2,2,5,Not at intersection,3,40,Arterial Other,60-64,Other injury,Bicyclists
T20200013205,7/6/2020,10:00:00,1,Collision with vehicle,2,Monday,163,VEHICLE STRIKES DOOR OF PARKED/STATIONARY VEHICLE,1,657172,2,0,0,1,1,2,2,5,Not at intersection,3,40,Arterial Other,40-49,Other injury,Bicyclists
T20200013214,7/6/2020,19:15:00,1,Collision with vehicle,1,Monday,163,VEHICLE STRIKES DOOR OF PARKED/STATIONARY VEHICLE,6,664507,2,0,0,1,1,2,2,5,Not at intersection,3,40,Arterial Other,22-25,Other injury,Bicyclists
T20200013238,7/9/2020,4:12:00,1,Collision with vehicle,5,Thursday,130,REAR END(VEHICLES IN SAME LANE),2,665696,2,0,0,1,0,1,2,5,Not at intersection,3,60,Arterial Other,30-39,Other injury,Bicyclists
T20200013265,7/7/2020,16:00:00,1,Collision with vehicle,2,Tuesday,110,CROSS TRAFFIC(INTERSECTIONS ONLY),1,49140,2,0,0,1,1,2,2,1,Cross intersection,3,60,Arterial Other,22-25,Other injury,Bicyclists
T20200013284,7/8/2020,19:30:00,1,Collision with vehicle,3,Wednesday,121,RIGHT THROUGH,9,37720,2,0,0,1,1,2,9,2,T intersection,3,999,Arterial Other,18-21,Other injury,Bicyclists
T20200013293,7/3/2020,8:00:00,1,Collision with vehicle,5,Friday,113,RIGHT NEAR (INTERSECTIONS ONLY),1,47589,2,0,0,1,1,2,2,2,T intersection,3,60,Arterial Other,40-49,Other injury,Bicyclists
T20200013327,7/10/2020,13:24:00,1,Collision with vehicle,6,Friday,148,VEHICLE OFF FOOTPATH STRIKES VEH ON CARRIAGEWAY,1,657516,2,0,0,1,1,2,2,2,T intersection,3,40,Local Road,13-15,Other injury,Bicyclists
T20200013341,7/6/2020,7:15:00,6,Vehicle overturned (no collision),2,Monday,174,OUT OF CONTROL ON CARRIAGEWAY (ON STRAIGHT),1,773251,2,0,0,1,1,2,2,5,Not at intersection,3,999,Uknown,50-59,Other injury,Bicyclists
T20200013372,5/29/2020,20:30:00,1,Collision with vehicle,6,Friday,140,U TURN,9,657441,2,0,1,0,1,2,2,5,Not at intersection,2,999,Uknown,30-39,Serious injury,Bicyclists
T20200013453,7/8/2020,17:50:00,1,Collision with vehicle,4,Wednesday,147,VEHICLE STRIKES ANOTHER VEH WHILE EMERGING FROM DRIVEWAY,6,665645,2,0,0,1,1,2,2,5,Not at intersection,3,999,Arterial Other,16-17,Other injury,Bicyclists
T20200013472,7/13/2020,10:40:00,1,Collision with vehicle,1,Monday,147,VEHICLE STRIKES ANOTHER VEH WHILE EMERGING FROM DRIVEWAY,1,666098,2,0,0,1,1,2,1,5,Not at intersection,3,50,Local Road,22-25,Other injury,Bicyclists
T20200013476,6/12/2020,14:57:00,8,No collision and no object struck,6,Friday,174,OUT OF CONTROL ON CARRIAGEWAY (ON STRAIGHT),9,657677,1,0,0,1,0,1,2,5,Not at intersection,3,40,Arterial Other,40-49,Other injury,Bicyclists
T20200013487,7/11/2020,7:50:00,8,No collision and no object struck,6,Saturday,174,OUT OF CONTROL ON CARRIAGEWAY (ON STRAIGHT),9,658018,1,0,0,1,0,1,2,5,Not at intersection,3,999,Arterial Highway,40-49,Other injury,Bicyclists
T20200013499,7/13/2020,15:30:00,1,Collision with vehicle,1,Monday,120,HEAD ON (NOT OVERTAKING),1,657678,2,0,0,1,1,2,2,5,Not at intersection,3,100,Local Road,16-17,Other injury,Bicyclists
T20200013560,7/14/2020,17:00:00,6,Vehicle overturned (no collision),3,Tuesday,198,OTHER ACCIDENTS NOT CLASSIFIABLE ELSEWHERE,1,666158,1,0,0,1,0,1,1,5,Not at intersection,3,40,Local Road,18-21,Other injury,Bicyclists
T20200013585,7/13/2020,7:30:00,1,Collision with vehicle,1,Monday,110,CROSS TRAFFIC(INTERSECTIONS ONLY),2,51386,2,0,0,1,1,2,2,1,Cross intersection,3,50,Arterial Other,50-59,Other injury,Bicyclists
T20200013654,7/10/2020,15:30:00,1,Collision with vehicle,6,Friday,147,VEHICLE STRIKES ANOTHER VEH WHILE EMERGING FROM DRIVEWAY,1,665916,2,0,0,1,1,2,2,5,Not at intersection,3,999,Uknown,30-39,Other injury,Bicyclists
T20200013671,7/16/2020,15:15:00,1,Collision with vehicle,5,Thursday,113,RIGHT NEAR (INTERSECTIONS ONLY),1,37779,2,0,0,1,1,2,1,2,T intersection,3,40,Local Road,40-49,Other injury,Bicyclists
T20200013709,7/10/2020,18:17:00,1,Collision with vehicle,6,Friday,153,CUTTING IN (OVERTAKING),2,271,2,0,1,0,0,1,2,1,Cross intersection,2,50,Local Road,50-59,Serious injury,Bicyclists
T20200013720,5/17/2020,16:15:00,4,Collision with a fixed object,1,Sunday,171,LEFT OFF CARRIAGEWAY INTO OBJECT/PARKED VEHICLE,1,657952,2,0,0,1,0,1,2,5,Not at intersection,3,50,Uknown,65-69,Other injury,Bicyclists
T20200013741,7/17/2020,11:00:00,1,Collision with vehicle,5,Friday,147,VEHICLE STRIKES ANOTHER VEH WHILE EMERGING FROM DRIVEWAY,1,780775,2,0,0,1,1,2,2,5,Not at intersection,3,777,Local Road,26-29,Other injury,Bicyclists
T20200013791,7/16/2020,13:27:00,1,Collision with vehicle,5,Thursday,163,VEHICLE STRIKES DOOR OF PARKED/STATIONARY VEHICLE,1,660550,2,0,0,1,1,2,1,2,T intersection,3,50,Local Road,50-59,Other injury,Bicyclists
T20200013816,7/17/2020,8:00:00,1,Collision with vehicle,6,Friday,163,VEHICLE STRIKES DOOR OF PARKED/STATIONARY VEHICLE,1,658097,2,0,1,0,1,2,2,5,Not at intersection,2,60,Arterial Other,50-59,Serious injury,Bicyclists
T20200013820,7/19/2020,17:05:00,1,Collision with vehicle,1,Sunday,110,CROSS TRAFFIC(INTERSECTIONS ONLY),2,40113,2,0,0,1,1,2,1,1,Cross intersection,3,40,Local Road,26-29,Other injury,Bicyclists
T20200013846,7/14/2020,13:00:00,1,Collision with vehicle,2,Tuesday,140,U TURN,1,666104,2,0,0,1,1,2,2,5,Not at intersection,3,40,Local Road,30-39,Other injury,Bicyclists
T20200013880,7/20/2020,16:05:00,1,Collision with vehicle,2,Monday,148,VEHICLE OFF FOOTPATH STRIKES VEH ON CARRIAGEWAY,1,658024,2,0,0,1,1,2,1,2,T intersection,3,50,Local Road,18-21,Other injury,Bicyclists
T20200013889,7/10/2020,9:40:00,1,Collision with vehicle,5,Friday,163,VEHICLE STRIKES DOOR OF PARKED/STATIONARY VEHICLE,1,665741,2,0,0,1,1,2,2,5,Not at intersection,3,40,Local Road,30-39,Other injury,Bicyclists
T20200013890,7/20/2020,18:00:00,1,Collision with vehicle,2,Monday,121,RIGHT THROUGH,3,659245,2,0,1,1,0,2,1,1,Cross intersection,2,50,Uknown,16-17,Other injury,Bicyclists
T20200013910,7/21/2020,8:50:00,1,Collision with vehicle,3,Tuesday,110,CROSS TRAFFIC(INTERSECTIONS ONLY),1,759,2,0,1,0,1,2,1,1,Cross intersection,2,50,Local Road,30-39,Serious injury,Bicyclists
T20200013916,7/20/2020,18:00:00,1,Collision with vehicle,2,Monday,121,RIGHT THROUGH,3,67722,2,0,1,0,1,2,1,2,T intersection,2,50,Local Road,30-39,Serious injury,Bicyclists
T20200013936,7/21/2020,6:05:00,1,Collision with vehicle,3,Tuesday,110,CROSS TRAFFIC(INTERSECTIONS ONLY),2,52987,2,0,0,1,1,2,2,1,Cross intersection,3,60,Arterial Other,18-21,Other injury,Bicyclists
T20200013953,7/19/2020,10:40:00,1,Collision with vehicle,1,Sunday,116,LEFT NEAR (INTERSECTIONS ONLY),1,666601,2,0,1,0,1,2,1,2,T intersection,2,80,Arterial Other,50-59,Serious injury,Bicyclists
T20200013955,7/21/2020,14:22:00,1,Collision with vehicle,3,Tuesday,148,VEHICLE OFF FOOTPATH STRIKES VEH ON CARRIAGEWAY,1,658405,2,0,0,1,1,2,1,5,Not at intersection,3,50,Local Road,40-49,Other injury,Bicyclists
T20200013986,7/22/2020,7:20:00,1,Collision with vehicle,4,Wednesday,116,LEFT NEAR (INTERSECTIONS ONLY),1,56095,2,0,0,1,1,2,1,4,Multiple intersection,3,50,Local Road,70+,Other injury,Bicyclists
T20200013994,6/30/2020,13:22:00,1,Collision with vehicle,3,Tuesday,132,RIGHT REAR.,1,658408,2,0,0,1,1,2,1,2,T intersection,3,60,Arterial Other,30-39,Other injury,Bicyclists
T20200013995,7/22/2020,9:10:00,1,Collision with vehicle,4,Wednesday,137,LEFT TURN SIDESWIPE,1,658257,2,0,1,1,0,2,1,5,Not at intersection,2,60,Arterial Other,26-29,Serious injury,Bicyclists
T20200014005,7/20/2020,19:10:00,1,Collision with vehicle,1,Monday,113,RIGHT NEAR (INTERSECTIONS ONLY),3,45039,2,0,0,1,1,2,2,2,T intersection,3,50,Arterial Highway,30-39,Other injury,Bicyclists
T20200014009,7/22/2020,6:30:00,1,Collision with vehicle,3,Wednesday,116,LEFT NEAR (INTERSECTIONS ONLY),2,658331,2,0,0,1,1,2,2,2,T intersection,3,60,Local Road,40-49,Other injury,Bicyclists
T20200014047,6/25/2020,6:50:00,1,Collision with vehicle,5,Thursday,113,RIGHT NEAR (INTERSECTIONS ONLY),2,29998,2,0,0,1,1,2,1,2,T intersection,3,70,Arterial Other,30-39,Other injury,Bicyclists
T20200014056,7/23/2020,14:18:00,1,Collision with vehicle,5,Thursday,148,VEHICLE OFF FOOTPATH STRIKES VEH ON CARRIAGEWAY,1,280243,2,0,2,0,0,2,1,4,Multiple intersection,2,80,Freeway,50-59,Serious injury,Bicyclists
T20200014072,7/23/2020,18:39:00,1,Collision with vehicle,5,Thursday,110,CROSS TRAFFIC(INTERSECTIONS ONLY),6,42230,2,0,1,0,1,2,1,1,Cross intersection,2,999,Local Road,22-25,Serious injury,Bicyclists
T20200014091,4/27/2020,18:20:00,8,No collision and no object struck,1,Monday,174,OUT OF CONTROL ON CARRIAGEWAY (ON STRAIGHT),1,664813,2,0,0,1,0,1,2,5,Not at intersection,3,60,Uknown,26-29,Other injury,Bicyclists
T20200014108,7/24/2020,8:15:00,1,Collision with vehicle,6,Friday,147,VEHICLE STRIKES ANOTHER VEH WHILE EMERGING FROM DRIVEWAY,1,659160,3,0,1,0,2,3,2,5,Not at intersection,2,999,Local Road,45424,Serious injury,Bicyclists
T20200014111,7/24/2020,9:00:00,1,Collision with vehicle,6,Friday,116,LEFT NEAR (INTERSECTIONS ONLY),1,57546,2,0,1,0,1,2,1,3,Y intersection,2,80,Arterial Highway,50-59,Serious injury,Bicyclists
T20200014112,7/24/2020,11:00:00,1,Collision with vehicle,6,Friday,130,REAR END(VEHICLES IN SAME LANE),1,678401,2,0,0,1,1,2,1,1,Cross intersection,3,60,Arterial Other,30-39,Other injury,Bicyclists
T20200014154,7/25/2020,12:28:00,1,Collision with vehicle,7,Saturday,159,OTHER OVERTAKING MANOEUVRES NOT INCLUDED IN DCAs 150-154,1,658475,2,0,1,0,1,2,1,5,Not at intersection,2,40,Arterial Other,26-29,Serious injury,Bicyclists
T20200014200,7/26/2020,10:00:00,5,collision with some other object,1,Sunday,191,LOAD OR MISSILE STRUCK VEHICLE,1,666925,1,0,0,1,0,1,2,5,Not at intersection,3,70,Arterial Other,50-59,Other injury,Bicyclists
T20200014207,7/26/2020,12:50:00,4,Collision with a fixed object,1,Sunday,171,LEFT OFF CARRIAGEWAY INTO OBJECT/PARKED VEHICLE,1,46758,1,0,1,0,0,1,1,1,Cross intersection,2,50,Local Road,16-17,Serious injury,Bicyclists
T20200014215,7/17/2020,17:40:00,1,Collision with vehicle,6,Friday,110,CROSS TRAFFIC(INTERSECTIONS ONLY),2,667293,2,0,0,1,1,2,2,1,Cross intersection,3,50,Local Road,30-39,Other injury,Bicyclists
T20200014240,7/27/2020,5:50:00,3,Struck animal,2,Monday,167,STRUCK ANIMAL,5,658873,1,0,1,0,0,1,1,5,Not at intersection,2,60,Uknown,#N/A,#N/A,#N/A
T20200014298,7/27/2020,18:00:00,1,Collision with vehicle,2,Monday,133,LANE SIDE SWIPE (VEHICLES IN PARALLEL LANES),3,666928,2,0,0,1,1,2,2,5,Not at intersection,3,80,Arterial Highway,65-69,Other injury,Bicyclists
T20200014312,7/25/2020,9:00:00,1,Collision with vehicle,7,Saturday,163,VEHICLE STRIKES DOOR OF PARKED/STATIONARY VEHICLE,1,659415,2,0,0,1,1,2,2,5,Not at intersection,3,60,Arterial Other,50-59,Other injury,Bicyclists
T20200014386,7/29/2020,17:45:00,1,Collision with vehicle,4,Wednesday,116,LEFT NEAR (INTERSECTIONS ONLY),2,37516,2,0,1,0,1,2,1,2,T intersection,2,60,Local Road,22-25,Serious injury,Bicyclists
T20200014395,7/29/2020,17:00:00,1,Collision with vehicle,4,Wednesday,148,VEHICLE OFF FOOTPATH STRIKES VEH ON CARRIAGEWAY,1,658934,2,0,0,1,1,2,1,5,Not at intersection,3,50,Local Road,22-25,Other injury,Bicyclists
T20200014406,7/30/2020,6:45:00,1,Collision with vehicle,5,Thursday,137,LEFT TURN SIDESWIPE,3,658875,2,0,0,1,1,2,2,2,T intersection,3,60,Arterial Highway,50-59,Other injury,Bicyclists
T20200014410,7/18/2020,8:15:00,1,Collision with vehicle,6,Saturday,110,CROSS TRAFFIC(INTERSECTIONS ONLY),1,29554,2,0,0,1,1,2,2,1,Cross intersection,3,70,Arterial Other,40-49,Other injury,Bicyclists
T20200014422,7/30/2020,13:39:00,1,Collision with vehicle,4,Thursday,133,LANE SIDE SWIPE (VEHICLES IN PARALLEL LANES),1,658794,2,0,0,1,1,2,1,5,Not at intersection,3,50,Local Road,50-59,Other injury,Bicyclists
T20200014438,7/30/2020,16:50:00,1,Collision with vehicle,5,Thursday,121,RIGHT THROUGH,1,565,2,0,0,1,1,2,1,1,Cross intersection,3,60,Uknown,22-25,Other injury,Bicyclists
T20200014480,7/31/2020,12:25:00,1,Collision with vehicle,6,Friday,110,CROSS TRAFFIC(INTERSECTIONS ONLY),1,35626,2,0,1,0,1,2,1,4,Multiple intersection,2,60,Arterial Highway,50-59,Serious injury,Bicyclists
T20200014488,5/15/2020,5:30:00,1,Collision with vehicle,6,Friday,111,RIGHT FAR (INTERSECTIONS ONLY),2,37284,2,0,0,1,0,1,2,2,T intersection,3,999,Local Road,40-49,Other injury,Bicyclists