ACCIDENT_NO,ACCIDENT_DATE,ACCIDENT_TIME,ACCIDENT_TYPE,ACCIDENT_TYPE_DESC,DAY_OF_WEEK,DAY_WEEK_DESC,DCA_CODE,DCA_DESC,LIGHT_CONDITION,NODE_ID,NO_OF_VEHICLES,NO_PERSONS_KILLED,NO_PERSONS_INJ_2,NO_PERSONS_INJ_3,NO_PERSONS_NOT_INJ,NO_PERSONS,POLICE_ATTEND,ROAD_GEOMETRY,ROAD_GEOMETRY_DESC,SEVERITY,SPEED_ZONE,RMA,AGE_GROUP,INJ_LEVEL,ROAD_USER_TYPE_DESC
T20200014505,7/30/2020,7:35:00,2,Struck Pedestrian,5,Thursday,100,PED NEAR SIDE. PED HIT BY VEHICLE FROM THE RIGHT.,1,658936,1,0,1,1,0,2,1,5,Not at intersection,2,60,Local Road,50-59,Other injury,Bicyclists
T20200014510,7/31/2020,16:05:00,1,Collision with vehicle,6,Friday,147,VEHICLE STRIKES ANOTHER VEH WHILE EMERGING FROM DRIVEWAY,1,660173,2,0,1,0,1,2,1,5,Not at intersection,2,999,Arterial Other,13-15,Serious injury,Bicyclists
T20200014523,7/31/2020,14:28:00,1,Collision with vehicle,5,Friday,121,RIGHT THROUGH,1,35355,2,0,1,0,1,2,1,1,Cross intersection,2,40,Local Road,40-49,Serious injury,Bicyclists
T20200014538,8/1/2020,11:23:00,1,Collision with vehicle,6,Saturday,110,CROSS TRAFFIC(INTERSECTIONS ONLY),1,658937,2,0,0,1,1,2,1,1,Cross intersection,3,50,Local Road,45424,Other injury,Bicyclists
T20200014539,8/1/2020,11:10:00,1,Collision with vehicle,6,Saturday,132,RIGHT REAR.,1,43553,2,0,0,1,1,2,2,4,Multiple intersection,3,60,Arterial Other,40-49,Other injury,Bicyclists
T20200014551,8/1/2020,15:00:00,1,Collision with vehicle,6,Saturday,120,HEAD ON (NOT OVERTAKING),1,39829,2,0,0,1,1,2,1,2,T intersection,3,60,Local Road,40-49,Other injury,Bicyclists
T20200014566,8/1/2020,19:56:00,1,Collision with vehicle,7,Saturday,163,VEHICLE STRIKES DOOR OF PARKED/STATIONARY VEHICLE,3,665712,2,0,1,0,1,2,2,5,Not at intersection,2,60,Local Road,16-17,Serious injury,Bicyclists
T20200014590,8/2/2020,5:38:00,1,Collision with vehicle,1,Sunday,110,CROSS TRAFFIC(INTERSECTIONS ONLY),3,29540,3,0,1,1,1,3,1,1,Cross intersection,2,50,Arterial Other,40-49,Serious injury,Bicyclists
T20200014610,8/2/2020,12:00:00,1,Collision with vehicle,1,Sunday,113,RIGHT NEAR (INTERSECTIONS ONLY),1,33445,2,0,1,0,1,2,1,2,T intersection,2,80,Arterial Highway,40-49,Serious injury,Bicyclists
T20200014618,8/2/2020,9:50:00,9,Other accident,1,Sunday,179,OTHER ACCIDENTS-OFF STRAIGHT NOT INCLUDED IN DCAs 170-175,1,659166,2,0,1,0,0,1,1,5,Not at intersection,2,50,Local Road,40-49,Serious injury,Bicyclists
T20200014651,7/25/2020,20:30:00,1,Collision with vehicle,7,Saturday,133,LANE SIDE SWIPE (VEHICLES IN PARALLEL LANES),3,659858,2,0,0,1,0,1,2,5,Not at intersection,3,60,Arterial Other,16-17,Other injury,Bicyclists
T20200014657,7/31/2020,15:30:00,1,Collision with vehicle,5,Friday,148,VEHICLE OFF FOOTPATH STRIKES VEH ON CARRIAGEWAY,1,660138,2,0,1,0,1,2,2,5,Not at intersection,2,40,Local Road,45424,Serious injury,Bicyclists
T20200014669,8/3/2020,10:15:00,1,Collision with vehicle,2,Monday,130,REAR END(VEHICLES IN SAME LANE),1,659037,2,1,0,0,1,2,1,5,Not at intersection,1,100,Arterial Other,40-49,Fatality,Bicyclists
T20200014709,7/31/2020,22:15:00,1,Collision with vehicle,6,Friday,160,VEHICLE COLLIDES WITH VEHICLE PARKED ON LEFT OF ROAD,3,38956,2,0,0,1,1,2,2,2,T intersection,3,999,Arterial Other,18-21,Other injury,Bicyclists
T20200014735,7/23/2020,18:10:00,1,Collision with vehicle,5,Thursday,163,VEHICLE STRIKES DOOR OF PARKED/STATIONARY VEHICLE,2,40128,2,0,0,1,1,2,2,1,Cross intersection,3,40,Local Road,30-39,Other injury,Bicyclists
T20200014762,8/4/2020,20:28:00,1,Collision with vehicle,3,Tuesday,121,RIGHT THROUGH,3,29523,2,0,0,1,1,2,1,2,T intersection,3,60,Arterial Other,26-29,Other injury,Bicyclists
T20200014783,8/5/2020,9:00:00,1,Collision with vehicle,3,Wednesday,147,VEHICLE STRIKES ANOTHER VEH WHILE EMERGING FROM DRIVEWAY,1,780613,2,0,0,1,1,2,1,5,Not at intersection,3,999,Arterial Highway,50-59,Other injury,Bicyclists
T20200014797,8/5/2020,12:35:00,1,Collision with vehicle,4,Wednesday,113,RIGHT NEAR (INTERSECTIONS ONLY),1,308748,2,0,0,1,1,2,1,2,T intersection,3,50,Uknown,60-64,Other injury,Bicyclists
T20200014800,8/4/2020,12:30:00,1,Collision with vehicle,3,Tuesday,110,CROSS TRAFFIC(INTERSECTIONS ONLY),1,659254,2,0,0,1,1,2,2,1,Cross intersection,3,60,Local Road,70+,Other injury,Bicyclists
T20200014806,8/2/2020,16:30:00,1,Collision with vehicle,1,Sunday,160,VEHICLE COLLIDES WITH VEHICLE PARKED ON LEFT OF ROAD,1,41112,2,0,1,0,0,1,1,2,T intersection,2,60,Arterial Other,50-59,Serious injury,Bicyclists
T20200014839,8/6/2020,11:30:00,1,Collision with vehicle,5,Thursday,110,CROSS TRAFFIC(INTERSECTIONS ONLY),1,44480,2,0,1,0,1,2,1,1,Cross intersection,2,50,Local Road,65-69,Serious injury,Bicyclists
T20200014916,7/7/2020,19:00:00,1,Collision with vehicle,2,Tuesday,133,LANE SIDE SWIPE (VEHICLES IN PARALLEL LANES),3,659487,2,0,0,1,1,2,2,5,Not at intersection,3,80,Uknown,50-59,Other injury,Bicyclists
T20200014918,8/7/2020,14:08:00,1,Collision with vehicle,5,Friday,163,VEHICLE STRIKES DOOR OF PARKED/STATIONARY VEHICLE,1,37706,2,0,0,1,1,2,2,2,T intersection,3,40,Local Road,26-29,Other injury,Bicyclists
T20200014934,8/8/2020,16:36:00,1,Collision with vehicle,7,Saturday,148,VEHICLE OFF FOOTPATH STRIKES VEH ON CARRIAGEWAY,1,670959,2,0,1,0,0,1,1,2,T intersection,2,50,Local Road,13-15,Serious injury,Bicyclists
T20200014955,8/9/2020,11:35:00,1,Collision with vehicle,0,Sunday,160,VEHICLE COLLIDES WITH VEHICLE PARKED ON LEFT OF ROAD,1,660555,2,0,0,1,0,1,2,5,Not at intersection,3,50,Uknown,30-39,Other injury,Bicyclists
T20200014974,7/29/2020,15:45:00,1,Collision with vehicle,4,Wednesday,160,VEHICLE COLLIDES WITH VEHICLE PARKED ON LEFT OF ROAD,1,660139,2,0,1,0,0,1,1,5,Not at intersection,2,60,Arterial Other,50-59,Serious injury,Bicyclists
T20200014977,8/10/2020,7:15:00,1,Collision with vehicle,2,Monday,163,VEHICLE STRIKES DOOR OF PARKED/STATIONARY VEHICLE,1,663962,2,0,0,1,1,2,1,5,Not at intersection,3,60,Local Road,30-39,Other injury,Bicyclists
T20200014978,8/10/2020,7:40:00,1,Collision with vehicle,2,Monday,110,CROSS TRAFFIC(INTERSECTIONS ONLY),1,47054,2,0,1,0,1,2,1,1,Cross intersection,2,60,Local Road,40-49,Serious injury,Bicyclists
T20200014985,8/10/2020,7:15:00,1,Collision with vehicle,2,Monday,121,RIGHT THROUGH,2,659629,2,0,0,1,1,2,1,2,T intersection,3,50,Local Road,40-49,Other injury,Bicyclists
T20200014992,8/10/2020,11:50:00,1,Collision with vehicle,2,Monday,116,LEFT NEAR (INTERSECTIONS ONLY),1,55972,2,0,0,1,1,2,1,2,T intersection,3,60,Local Road,60-64,Other injury,Bicyclists
T20200015002,7/9/2020,6:30:00,1,Collision with vehicle,5,Thursday,130,REAR END(VEHICLES IN SAME LANE),2,660063,2,0,1,0,0,1,2,1,Cross intersection,2,60,Arterial Highway,30-39,Serious injury,Bicyclists
T20200015026,8/1/2020,11:00:00,1,Collision with vehicle,7,Saturday,163,VEHICLE STRIKES DOOR OF PARKED/STATIONARY VEHICLE,1,660297,2,0,1,0,1,2,2,5,Not at intersection,2,50,Local Road,60-64,Serious injury,Bicyclists
T20200015073,8/11/2020,20:00:00,8,No collision and no object struck,3,Tuesday,174,OUT OF CONTROL ON CARRIAGEWAY (ON STRAIGHT),3,659941,2,0,1,0,1,2,1,5,Not at intersection,2,60,Arterial Other,50-59,Serious injury,Bicyclists
T20200015090,8/10/2020,16:00:00,1,Collision with vehicle,1,Monday,163,VEHICLE STRIKES DOOR OF PARKED/STATIONARY VEHICLE,1,659863,2,0,0,1,1,2,2,5,Not at intersection,3,999,Local Road,30-39,Other injury,Bicyclists
T20200015108,3/27/2020,16:45:00,1,Collision with vehicle,6,Friday,135,LANE CHANGE LEFT (NOT OVERTAKING),2,659864,2,0,0,1,1,2,2,5,Not at intersection,3,40,Arterial Highway,30-39,Other injury,Bicyclists
T20200015123,8/12/2020,17:28:00,1,Collision with vehicle,3,Wednesday,147,VEHICLE STRIKES ANOTHER VEH WHILE EMERGING FROM DRIVEWAY,1,666101,2,0,0,1,1,2,1,5,Not at intersection,3,50,Local Road,26-29,Other injury,Bicyclists
T20200015128,8/13/2020,6:30:00,1,Collision with vehicle,4,Thursday,122,LEFT THROUGH,2,35449,2,0,0,1,4,5,1,1,Cross intersection,3,40,Uknown,26-29,Other injury,Bicyclists
T20200015129,8/13/2020,9:00:00,8,No collision and no object struck,5,Thursday,174,OUT OF CONTROL ON CARRIAGEWAY (ON STRAIGHT),1,659944,1,0,0,1,0,1,1,5,Not at intersection,3,40,Arterial Other,50-59,Other injury,Bicyclists
T20200015150,8/13/2020,13:32:00,1,Collision with vehicle,4,Thursday,113,RIGHT NEAR (INTERSECTIONS ONLY),1,729364,2,0,0,1,1,2,1,1,Cross intersection,3,50,Local Road,13-15,Other injury,Bicyclists
T20200015187,8/13/2020,16:00:00,8,No collision and no object struck,5,Thursday,174,OUT OF CONTROL ON CARRIAGEWAY (ON STRAIGHT),1,36618,2,0,0,1,0,1,2,2,T intersection,3,50,Local Road,70+,Other injury,Bicyclists
T20200015202,8/14/2020,15:30:00,1,Collision with vehicle,5,Friday,116,LEFT NEAR (INTERSECTIONS ONLY),1,40132,2,0,0,1,0,1,2,2,T intersection,3,999,Local Road,50-59,Other injury,Bicyclists
T20200015251,8/15/2020,17:15:00,1,Collision with vehicle,7,Saturday,130,REAR END(VEHICLES IN SAME LANE),1,660460,2,0,1,0,0,1,1,2,T intersection,2,50,Local Road,40-49,Serious injury,Bicyclists
T20200015290,8/17/2020,14:00:00,1,Collision with vehicle,1,Monday,137,LEFT TURN SIDESWIPE,1,63579,2,0,0,1,1,2,2,2,T intersection,3,40,Local Road,50-59,Other injury,Bicyclists
T20200015304,8/13/2020,16:00:00,1,Collision with vehicle,4,Thursday,163,VEHICLE STRIKES DOOR OF PARKED/STATIONARY VEHICLE,9,660224,2,0,1,0,1,2,2,5,Not at intersection,2,999,Local Road,70+,Serious injury,Bicyclists
T20200015313,8/16/2020,16:00:00,1,Collision with vehicle,0,Sunday,160,VEHICLE COLLIDES WITH VEHICLE PARKED ON LEFT OF ROAD,1,660812,2,0,0,1,0,1,2,5,Not at intersection,3,50,Local Road,16-17,Other injury,Bicyclists
T20200015318,8/18/2020,9:10:00,1,Collision with vehicle,3,Tuesday,145,REVERSING IN STREAM OF TRAFFIC,1,661409,2,0,0,1,0,1,2,5,Not at intersection,3,40,Arterial Other,40-49,Other injury,Bicyclists
T20200015325,8/16/2020,16:00:00,1,Collision with vehicle,0,Sunday,113,RIGHT NEAR (INTERSECTIONS ONLY),1,660250,2,0,0,1,0,1,2,2,T intersection,3,50,Local Road,22-25,Other injury,Bicyclists
T20200015429,7/19/2020,12:00:00,1,Collision with vehicle,1,Sunday,148,VEHICLE OFF FOOTPATH STRIKES VEH ON CARRIAGEWAY,1,66021,2,0,0,1,1,2,2,2,T intersection,3,60,Arterial Other,26-29,Other injury,Bicyclists
T20200015450,8/12/2020,17:50:00,1,Collision with vehicle,3,Wednesday,133,LANE SIDE SWIPE (VEHICLES IN PARALLEL LANES),2,666593,2,0,0,1,0,1,1,2,T intersection,3,50,Arterial Highway,30-39,Other injury,Bicyclists
T20200015459,8/21/2020,8:30:00,1,Collision with vehicle,6,Friday,147,VEHICLE STRIKES ANOTHER VEH WHILE EMERGING FROM DRIVEWAY,1,665541,2,0,0,1,1,2,1,5,Not at intersection,3,60,Arterial Highway,13-15,Other injury,Bicyclists
T20200015462,8/20/2020,12:00:00,1,Collision with vehicle,5,Thursday,142,LEAVING PARKING,1,660559,2,0,0,1,1,2,2,5,Not at intersection,3,999,Local Road,30-39,Other injury,Bicyclists
T20200015470,8/21/2020,13:00:00,1,Collision with vehicle,6,Friday,148,VEHICLE OFF FOOTPATH STRIKES VEH ON CARRIAGEWAY,1,663927,2,0,1,0,1,2,1,5,Not at intersection,2,60,Uknown,13-15,Serious injury,Bicyclists
T20200015486,8/21/2020,19:54:00,1,Collision with vehicle,6,Friday,113,RIGHT NEAR (INTERSECTIONS ONLY),3,665540,2,0,0,1,1,2,1,2,T intersection,3,60,Arterial Highway,26-29,Other injury,Bicyclists
T20200015539,8/22/2020,9:25:00,8,No collision and no object struck,7,Saturday,199,UNKNOWN-NO DETAILS ON MANOEUVRES OF ROAD-USERS IN ACCIDENT,1,660566,1,0,1,0,0,1,2,5,Not at intersection,2,60,Arterial Other,60-64,Serious injury,Bicyclists
T20200015553,8/23/2020,16:25:00,1,Collision with vehicle,0,Sunday,160,VEHICLE COLLIDES WITH VEHICLE PARKED ON LEFT OF ROAD,1,660473,2,0,0,1,0,1,1,5,Not at intersection,3,60,Arterial Other,50-59,Other injury,Bicyclists
T20200015579,8/15/2020,15:00:00,9,Other accident,7,Saturday,179,OTHER ACCIDENTS-OFF STRAIGHT NOT INCLUDED IN DCAs 170-175,1,660951,2,0,0,1,1,2,2,5,Not at intersection,3,60,Arterial Other,26-29,Other injury,Bicyclists
T20200015670,8/26/2020,7:25:00,1,Collision with vehicle,3,Wednesday,135,LANE CHANGE LEFT (NOT OVERTAKING),1,665882,2,0,0,1,1,2,1,5,Not at intersection,3,60,Arterial Highway,30-39,Other injury,Bicyclists
T20200015684,8/26/2020,12:20:00,1,Collision with vehicle,4,Wednesday,116,LEFT NEAR (INTERSECTIONS ONLY),1,661890,2,0,1,0,1,2,1,2,T intersection,2,50,Local Road,70+,Serious injury,Bicyclists
T20200015701,8/26/2020,15:32:00,1,Collision with vehicle,4,Wednesday,130,REAR END(VEHICLES IN SAME LANE),1,36082,2,0,0,1,1,2,1,2,T intersection,3,60,Local Road,30-39,Other injury,Bicyclists
T20200015716,8/26/2020,15:56:00,1,Collision with vehicle,4,Wednesday,133,LANE SIDE SWIPE (VEHICLES IN PARALLEL LANES),1,660816,2,0,1,0,1,2,1,5,Not at intersection,2,60,Arterial Other,50-59,Serious injury,Bicyclists
T20200015719,8/27/2020,10:30:00,8,No collision and no object struck,5,Thursday,174,OUT OF CONTROL ON CARRIAGEWAY (ON STRAIGHT),1,15303,2,0,0,1,1,2,2,2,T intersection,3,60,Local Road,40-49,Other injury,Bicyclists
T20200015740,8/25/2020,10:00:00,1,Collision with vehicle,3,Tuesday,111,RIGHT FAR (INTERSECTIONS ONLY),1,292051,2,0,0,1,1,2,2,2,T intersection,3,100,Arterial Other,40-49,Other injury,Bicyclists
T20200015748,8/27/2020,16:40:00,1,Collision with vehicle,5,Thursday,110,CROSS TRAFFIC(INTERSECTIONS ONLY),1,238262,2,0,1,0,1,2,1,1,Cross intersection,2,50,Local Road,50-59,Serious injury,Bicyclists
T20200015759,8/13/2020,9:55:00,1,Collision with vehicle,4,Thursday,133,LANE SIDE SWIPE (VEHICLES IN PARALLEL LANES),1,675897,2,0,0,1,1,2,2,5,Not at intersection,3,999,Arterial Other,50-59,Other injury,Bicyclists
T20200015788,8/28/2020,14:40:00,1,Collision with vehicle,6,Friday,147,VEHICLE STRIKES ANOTHER VEH WHILE EMERGING FROM DRIVEWAY,1,661041,2,0,1,0,1,2,1,5,Not at intersection,2,60,Local Road,30-39,Serious injury,Bicyclists
T20200015790,8/28/2020,11:35:00,1,Collision with vehicle,6,Friday,148,VEHICLE OFF FOOTPATH STRIKES VEH ON CARRIAGEWAY,1,661086,2,0,1,0,1,2,1,5,Not at intersection,2,60,Local Road,65-69,Serious injury,Bicyclists
T20200015799,8/28/2020,14:40:00,1,Collision with vehicle,5,Friday,163,VEHICLE STRIKES DOOR OF PARKED/STATIONARY VEHICLE,1,665746,2,0,0,1,1,2,1,5,Not at intersection,3,40,Arterial Other,30-39,Other injury,Bicyclists
T20200015822,8/28/2020,8:15:00,9,Other accident,6,Friday,174,OUT OF CONTROL ON CARRIAGEWAY (ON STRAIGHT),1,661015,1,0,0,1,0,1,2,5,Not at intersection,3,50,Local Road,30-39,Other injury,Bicyclists
T20200015824,7/31/2020,17:30:00,1,Collision with vehicle,5,Friday,112,LEFT FAR (INTERSECTIONS ONLY),2,37627,2,0,0,1,1,2,2,2,T intersection,3,50,Arterial Highway,30-39,Other injury,Bicyclists
T20200015838,8/29/2020,9:55:00,1,Collision with vehicle,7,Saturday,130,REAR END(VEHICLES IN SAME LANE),1,660922,2,1,0,0,1,2,1,5,Not at intersection,1,100,Arterial Highway,50-59,Fatality,Bicyclists
T20200015848,8/29/2020,17:30:00,1,Collision with vehicle,7,Saturday,121,RIGHT THROUGH,1,69003,2,0,1,0,4,5,1,2,T intersection,2,50,Local Road,40-49,Serious injury,Bicyclists
T20200015865,8/27/2020,15:15:00,1,Collision with vehicle,5,Thursday,163,VEHICLE STRIKES DOOR OF PARKED/STATIONARY VEHICLE,1,665744,3,0,1,0,2,3,2,5,Not at intersection,2,50,Local Road,26-29,Serious injury,Bicyclists
T20200015871,8/29/2020,20:50:00,1,Collision with vehicle,6,Saturday,160,VEHICLE COLLIDES WITH VEHICLE PARKED ON LEFT OF ROAD,3,661042,2,0,1,0,0,1,1,5,Not at intersection,2,50,Local Road,40-49,Serious injury,Bicyclists
T20200015888,8/14/2020,17:05:00,1,Collision with vehicle,6,Friday,148,VEHICLE OFF FOOTPATH STRIKES VEH ON CARRIAGEWAY,1,35348,2,0,0,1,1,2,2,1,Cross intersection,3,40,Arterial Other,50-59,Other injury,Bicyclists
T20200015932,8/31/2020,18:10:00,1,Collision with vehicle,2,Monday,134,LANE CHANGE RIGHT (NOT OVERTAKING),3,70797,2,0,1,0,1,2,1,2,T intersection,2,80,Arterial Highway,30-39,Serious injury,Bicyclists
T20200015940,8/31/2020,15:26:00,8,No collision and no object struck,2,Monday,174,OUT OF CONTROL ON CARRIAGEWAY (ON STRAIGHT),1,661325,1,0,1,0,0,1,2,5,Not at intersection,2,60,Local Road,22-25,Serious injury,Bicyclists
T20200015947,8/16/2020,17:00:00,1,Collision with vehicle,1,Sunday,121,RIGHT THROUGH,1,41249,2,0,1,0,1,2,2,1,Cross intersection,2,60,Arterial Other,30-39,Serious injury,Bicyclists
T20200015949,9/1/2020,7:50:00,1,Collision with vehicle,3,Tuesday,133,LANE SIDE SWIPE (VEHICLES IN PARALLEL LANES),1,663681,2,0,0,1,1,2,2,5,Not at intersection,3,60,Arterial Other,Unknown,Other injury,Bicyclists
T20200015960,9/1/2020,8:15:00,1,Collision with vehicle,2,Tuesday,113,RIGHT NEAR (INTERSECTIONS ONLY),1,73343,2,0,0,1,1,2,2,2,T intersection,3,60,Local Road,26-29,Other injury,Bicyclists
T20200015963,9/1/2020,13:18:00,1,Collision with vehicle,3,Tuesday,121,RIGHT THROUGH,1,41064,2,0,1,0,1,2,1,2,T intersection,2,60,Arterial Other,22-25,Serious injury,Bicyclists
T20200015977,9/1/2020,17:00:00,8,No collision and no object struck,3,Tuesday,182,OFF CARRIAGEWAY ON LEFT BEND,2,661174,1,0,0,1,0,1,1,5,Not at intersection,3,40,Local Road,18-21,Other injury,Bicyclists
T20200015983,9/1/2020,16:30:00,1,Collision with vehicle,3,Tuesday,163,VEHICLE STRIKES DOOR OF PARKED/STATIONARY VEHICLE,1,661745,2,0,0,1,1,2,1,5,Not at intersection,3,40,Local Road,50-59,Other injury,Bicyclists
T20200015997,9/1/2020,22:50:00,8,No collision and no object struck,3,Tuesday,172,OFF CARRIAGEWAY TO RIGHT,5,661326,2,0,0,1,1,2,1,5,Not at intersection,3,60,Local Road,16-17,Other injury,Bicyclists
T20200016004,9/2/2020,7:40:00,1,Collision with vehicle,4,Wednesday,163,VEHICLE STRIKES DOOR OF PARKED/STATIONARY VEHICLE,1,661327,2,0,0,1,1,2,2,5,Not at intersection,3,50,Local Road,40-49,Other injury,Bicyclists
T20200016007,8/28/2020,16:15:00,1,Collision with vehicle,6,Friday,148,VEHICLE OFF FOOTPATH STRIKES VEH ON CARRIAGEWAY,1,666700,2,0,1,0,0,1,2,5,Not at intersection,2,50,Local Road,16-17,Serious injury,Bicyclists
T20200016019,9/2/2020,14:25:00,1,Collision with vehicle,4,Wednesday,132,RIGHT REAR.,1,729384,2,0,1,0,1,2,1,5,Not at intersection,2,40,Local Road,60-64,Serious injury,Bicyclists
T20200016050,8/10/2020,16:30:00,1,Collision with vehicle,2,Monday,116,LEFT NEAR (INTERSECTIONS ONLY),9,255677,2,0,0,1,1,2,2,2,T intersection,3,60,Arterial Highway,30-39,Other injury,Bicyclists
T20200016073,9/3/2020,13:45:00,1,Collision with vehicle,5,Thursday,137,LEFT TURN SIDESWIPE,1,667388,2,0,0,1,1,2,1,5,Not at intersection,3,50,Local Road,40-49,Other injury,Bicyclists
T20200016118,9/3/2020,20:00:00,1,Collision with vehicle,4,Thursday,111,RIGHT FAR (INTERSECTIONS ONLY),3,773387,2,0,0,1,1,2,1,2,T intersection,3,60,Local Road,18-21,Other injury,Bicyclists
T20200016119,9/4/2020,9:41:00,1,Collision with vehicle,6,Friday,148,VEHICLE OFF FOOTPATH STRIKES VEH ON CARRIAGEWAY,1,306534,2,0,1,0,1,2,1,2,T intersection,2,60,Uknown,50-59,Serious injury,Bicyclists
T20200016125,9/4/2020,10:25:00,1,Collision with vehicle,6,Friday,160,VEHICLE COLLIDES WITH VEHICLE PARKED ON LEFT OF ROAD,1,662503,2,0,1,0,0,1,1,5,Not at intersection,2,60,Arterial Other,60-64,Serious injury,Bicyclists
T20200016185,9/5/2020,9:50:00,8,No collision and no object struck,7,Saturday,174,OUT OF CONTROL ON CARRIAGEWAY (ON STRAIGHT),1,667522,2,0,1,0,1,2,1,5,Not at intersection,2,999,Local Road,50-59,Serious injury,Bicyclists
T20200016189,9/5/2020,14:00:00,1,Collision with vehicle,7,Saturday,148,VEHICLE OFF FOOTPATH STRIKES VEH ON CARRIAGEWAY,1,661747,2,0,0,1,1,2,2,2,T intersection,3,40,Local Road,45424,Other injury,Bicyclists
T20200016228,9/6/2020,10:19:00,1,Collision with vehicle,1,Sunday,113,RIGHT NEAR (INTERSECTIONS ONLY),1,229012,2,0,1,0,1,2,1,2,T intersection,2,50,Local Road,70+,Serious injury,Bicyclists
T20200016240,9/6/2020,11:25:00,1,Collision with vehicle,0,Sunday,148,VEHICLE OFF FOOTPATH STRIKES VEH ON CARRIAGEWAY,1,225939,2,0,0,1,1,2,1,1,Cross intersection,3,60,Arterial Highway,18-21,Other injury,Bicyclists
T20200016243,9/6/2020,17:20:00,1,Collision with vehicle,1,Sunday,148,VEHICLE OFF FOOTPATH STRIKES VEH ON CARRIAGEWAY,1,667626,2,0,0,1,1,2,2,2,T intersection,3,40,Local Road,16-17,Other injury,Bicyclists
T20200016280,9/7/2020,14:59:00,1,Collision with vehicle,2,Monday,137,LEFT TURN SIDESWIPE,1,51556,2,0,1,0,1,2,1,2,T intersection,2,60,Arterial Other,70+,Serious injury,Bicyclists
T20200016285,9/7/2020,16:13:00,1,Collision with vehicle,1,Monday,163,VEHICLE STRIKES DOOR OF PARKED/STATIONARY VEHICLE,1,661678,2,0,0,1,2,3,1,5,Not at intersection,3,60,Arterial Other,30-39,Other injury,Bicyclists
T20200016311,8/26/2020,9:00:00,1,Collision with vehicle,3,Wednesday,163,VEHICLE STRIKES DOOR OF PARKED/STATIONARY VEHICLE,1,676513,2,0,0,1,1,2,2,5,Not at intersection,3,60,Arterial Other,26-29,Other injury,Bicyclists
T20200016382,9/9/2020,11:35:00,1,Collision with vehicle,4,Wednesday,153,CUTTING IN (OVERTAKING),1,663339,2,0,1,0,0,1,1,5,Not at intersection,2,50,Uknown,40-49,Serious injury,Bicyclists
T20200016387,4/16/2020,16:30:00,1,Collision with vehicle,5,Thursday,129,OTHER OPPOSING MANOEUVRES NOT INCLUDED IN DCAs 120-125.,1,662080,2,0,0,1,0,1,2,5,Not at intersection,3,50,Local Road,30-39,Other injury,Bicyclists
T20200016425,9/10/2020,9:15:00,1,Collision with vehicle,5,Thursday,147,VEHICLE STRIKES ANOTHER VEH WHILE EMERGING FROM DRIVEWAY,1,667725,2,0,0,1,1,2,1,5,Not at intersection,3,60,Arterial Other,60-64,Other injury,Bicyclists
T20200016456,11/10/2019,13:30:00,8,No collision and no object struck,1,Sunday,174,OUT OF CONTROL ON CARRIAGEWAY (ON STRAIGHT),1,115384,2,0,0,1,0,1,2,5,Not at intersection,3,40,Arterial Other,26-29,Other injury,Bicyclists
T20200016467,9/10/2020,13:58:00,1,Collision with vehicle,4,Thursday,148,VEHICLE OFF FOOTPATH STRIKES VEH ON CARRIAGEWAY,1,661899,2,0,0,1,1,2,1,2,T intersection,3,40,Local Road,45424,Other injury,Bicyclists
T20200016471,9/10/2020,9:00:00,1,Collision with vehicle,5,Thursday,137,LEFT TURN SIDESWIPE,1,359958,2,0,0,1,1,2,2,2,T intersection,3,40,Local Road,65-69,Other injury,Bicyclists
T20200016475,9/10/2020,16:20:00,1,Collision with vehicle,5,Thursday,121,RIGHT THROUGH,1,39876,2,0,0,1,1,2,1,1,Cross intersection,3,60,Uknown,50-59,Other injury,Bicyclists
T20200016486,9/11/2020,9:30:00,1,Collision with vehicle,6,Friday,147,VEHICLE STRIKES ANOTHER VEH WHILE EMERGING FROM DRIVEWAY,1,667773,2,0,0,1,1,2,2,5,Not at intersection,3,999,Uknown,13-15,Other injury,Bicyclists
T20200016511,9/11/2020,9:35:00,1,Collision with vehicle,6,Friday,121,RIGHT THROUGH,1,37219,2,0,1,0,1,2,1,1,Cross intersection,2,60,Arterial Other,30-39,Serious injury,Bicyclists
T20200016570,9/13/2020,18:00:00,1,Collision with vehicle,1,Sunday,143,ENTERING PARKING,3,668009,2,0,0,1,1,2,1,5,Not at intersection,3,40,Local Road,18-21,Other injury,Bicyclists
T20200016578,9/13/2020,17:30:00,1,Collision with vehicle,1,Sunday,110,CROSS TRAFFIC(INTERSECTIONS ONLY),1,73078,2,0,0,1,1,2,2,1,Cross intersection,3,60,Local Road,Unknown,Other injury,Bicyclists
T20200016603,9/14/2020,12:20:00,1,Collision with vehicle,1,Monday,133,LANE SIDE SWIPE (VEHICLES IN PARALLEL LANES),1,696224,2,0,0,1,2,3,1,5,Not at intersection,3,50,Local Road,30-39,Other injury,Bicyclists
T20200016608,9/13/2020,17:30:00,1,Collision with vehicle,1,Sunday,139,OTHER SAME DIRECTION-MANOUEVRES NOT INCLUDED IN DCAs 130-137,2,662417,2,0,0,1,1,2,2,2,T intersection,3,60,Local Road,45424,Other injury,Bicyclists
T20200016609,9/14/2020,13:30:00,1,Collision with vehicle,1,Monday,143,ENTERING PARKING,1,662361,2,0,1,0,1,2,1,5,Not at intersection,2,40,Arterial Other,30-39,Serious injury,Bicyclists
T20200016612,9/14/2020,8:30:00,1,Collision with vehicle,2,Monday,148,VEHICLE OFF FOOTPATH STRIKES VEH ON CARRIAGEWAY,1,45658,2,0,0,1,1,2,2,2,T intersection,3,999,Arterial Other,40-49,Other injury,Bicyclists