ACCIDENT_NO,ACCIDENT_DATE,ACCIDENT_TIME,ACCIDENT_TYPE,ACCIDENT_TYPE_DESC,DAY_OF_WEEK,DAY_WEEK_DESC,DCA_CODE,DCA_DESC,LIGHT_CONDITION,NODE_ID,NO_OF_VEHICLES,NO_PERSONS_KILLED,NO_PERSONS_INJ_2,NO_PERSONS_INJ_3,NO_PERSONS_NOT_INJ,NO_PERSONS,POLICE_ATTEND,ROAD_GEOMETRY,ROAD_GEOMETRY_DESC,SEVERITY,SPEED_ZONE,RMA,AGE_GROUP,INJ_LEVEL,ROAD_USER_TYPE_DESC
T20200016620,9/14/2020,11:30:00,1,Collision with vehicle,2,Monday,116,LEFT NEAR (INTERSECTIONS ONLY),1,35607,2,0,0,1,1,2,2,1,Cross intersection,3,60,Arterial Other,30-39,Other injury,Bicyclists
T20200016621,9/14/2020,16:23:00,1,Collision with vehicle,1,Monday,148,VEHICLE OFF FOOTPATH STRIKES VEH ON CARRIAGEWAY,1,667322,2,0,1,0,1,2,1,1,Cross intersection,2,50,Arterial Other,13-15,Serious injury,Bicyclists
T20200016632,9/15/2020,6:50:00,1,Collision with vehicle,3,Tuesday,136,RIGHT TURN SIDESWIPE,1,668555,2,0,0,1,1,2,1,5,Not at intersection,3,60,Local Road,50-59,Other injury,Bicyclists
T20200016642,9/6/2020,17:00:00,1,Collision with vehicle,1,Sunday,132,RIGHT REAR.,1,263870,2,0,0,1,1,2,1,1,Cross intersection,3,40,Arterial Other,30-39,Other injury,Bicyclists
T20200016662,9/15/2020,17:50:00,1,Collision with vehicle,3,Tuesday,116,LEFT NEAR (INTERSECTIONS ONLY),2,357532,2,0,1,0,1,2,1,4,Multiple intersection,2,50,Uknown,22-25,Serious injury,Bicyclists
T20200016668,9/15/2020,16:30:00,6,Vehicle overturned (no collision),2,Tuesday,174,OUT OF CONTROL ON CARRIAGEWAY (ON STRAIGHT),1,662222,2,0,0,1,1,2,1,5,Not at intersection,3,60,Arterial Other,18-21,Other injury,Bicyclists
T20200016675,9/16/2020,5:15:00,1,Collision with vehicle,4,Wednesday,113,RIGHT NEAR (INTERSECTIONS ONLY),6,53187,2,0,0,1,0,1,2,2,T intersection,3,999,Local Road,60-64,Other injury,Bicyclists
T20200016696,9/16/2020,13:35:00,1,Collision with vehicle,4,Wednesday,110,CROSS TRAFFIC(INTERSECTIONS ONLY),1,50592,2,0,1,0,1,2,1,1,Cross intersection,2,50,Arterial Other,60-64,Serious injury,Bicyclists
T20200016737,8/14/2020,15:45:00,1,Collision with vehicle,5,Friday,113,RIGHT NEAR (INTERSECTIONS ONLY),9,36529,2,0,0,1,1,2,2,2,T intersection,3,70,Uknown,70+,Other injury,Bicyclists
T20200016750,9/4/2020,8:00:00,1,Collision with vehicle,5,Friday,163,VEHICLE STRIKES DOOR OF PARKED/STATIONARY VEHICLE,1,662362,2,0,0,1,1,2,2,5,Not at intersection,3,50,Local Road,65-69,Other injury,Bicyclists
T20200016758,9/17/2020,8:15:00,1,Collision with vehicle,4,Thursday,116,LEFT NEAR (INTERSECTIONS ONLY),1,51672,2,0,0,1,1,2,2,1,Cross intersection,3,50,Arterial Other,40-49,Other injury,Bicyclists
T20200016786,9/18/2020,10:10:00,1,Collision with vehicle,6,Friday,135,LANE CHANGE LEFT (NOT OVERTAKING),1,662625,2,0,0,1,1,2,2,5,Not at intersection,3,60,Arterial Other,40-49,Other injury,Bicyclists
T20200016800,9/10/2020,16:25:00,1,Collision with vehicle,4,Thursday,137,LEFT TURN SIDESWIPE,1,57059,2,0,0,1,1,2,2,1,Cross intersection,3,60,Uknown,30-39,Other injury,Bicyclists
T20200016836,9/18/2020,18:30:00,1,Collision with vehicle,6,Friday,113,RIGHT NEAR (INTERSECTIONS ONLY),3,69708,2,0,1,0,1,2,1,2,T intersection,2,60,Local Road,50-59,Serious injury,Bicyclists
T20200016847,9/19/2020,13:43:00,1,Collision with vehicle,7,Saturday,149,OTHER MANOEUVRING NOT INCLUDED IN DCAs 140-148,1,662801,2,0,1,0,1,2,1,5,Not at intersection,2,60,Arterial Other,60-64,Serious injury,Bicyclists
T20200016848,9/19/2020,13:10:00,1,Collision with vehicle,6,Saturday,163,VEHICLE STRIKES DOOR OF PARKED/STATIONARY VEHICLE,1,37267,2,0,0,1,2,3,1,2,T intersection,3,50,Local Road,60-64,Other injury,Bicyclists
T20200016861,9/19/2020,13:51:00,1,Collision with vehicle,7,Saturday,147,VEHICLE STRIKES ANOTHER VEH WHILE EMERGING FROM DRIVEWAY,1,682646,2,0,0,1,1,2,1,5,Not at intersection,3,50,Local Road,45424,Other injury,Bicyclists
T20200016868,9/19/2020,16:55:00,1,Collision with vehicle,6,Saturday,110,CROSS TRAFFIC(INTERSECTIONS ONLY),1,51011,2,0,0,1,1,2,1,1,Cross intersection,3,60,Arterial Other,50-59,Other injury,Bicyclists
T20200016879,8/23/2020,16:10:00,1,Collision with vehicle,1,Sunday,113,RIGHT NEAR (INTERSECTIONS ONLY),1,68997,2,0,0,1,1,2,1,3,Y intersection,3,50,Local Road,30-39,Other injury,Bicyclists
T20200016886,9/20/2020,9:30:00,1,Collision with vehicle,1,Sunday,110,CROSS TRAFFIC(INTERSECTIONS ONLY),1,63638,2,0,1,0,3,4,1,1,Cross intersection,2,40,Local Road,50-59,Serious injury,Bicyclists
T20200016887,9/19/2020,11:30:00,1,Collision with vehicle,7,Saturday,147,VEHICLE STRIKES ANOTHER VEH WHILE EMERGING FROM DRIVEWAY,1,669917,2,0,1,0,1,2,2,5,Not at intersection,2,60,Arterial Highway,26-29,Serious injury,Bicyclists
T20200016894,9/20/2020,12:45:00,1,Collision with vehicle,1,Sunday,160,VEHICLE COLLIDES WITH VEHICLE PARKED ON LEFT OF ROAD,1,662542,2,0,1,0,0,1,1,5,Not at intersection,2,60,Arterial Other,18-21,Serious injury,Bicyclists
T20200016935,9/16/2020,16:15:00,1,Collision with vehicle,3,Wednesday,130,REAR END(VEHICLES IN SAME LANE),1,662711,2,0,0,1,0,1,2,5,Not at intersection,3,50,Uknown,60-64,Other injury,Bicyclists
T20200016939,7/11/2020,15:20:00,1,Collision with vehicle,7,Saturday,160,VEHICLE COLLIDES WITH VEHICLE PARKED ON LEFT OF ROAD,1,128295,2,0,0,1,1,2,2,5,Not at intersection,3,999,Local Road,50-59,Other injury,Bicyclists
T20200016941,9/21/2020,8:38:00,1,Collision with vehicle,2,Monday,137,LEFT TURN SIDESWIPE,1,662628,2,0,0,1,1,2,1,2,T intersection,3,40,Local Road,30-39,Other injury,Bicyclists
T20200016942,9/21/2020,13:40:00,1,Collision with vehicle,2,Monday,135,LANE CHANGE LEFT (NOT OVERTAKING),1,662547,2,0,1,0,1,2,1,5,Not at intersection,2,60,Arterial Other,60-64,Serious injury,Bicyclists
T20200016969,9/22/2020,5:45:00,1,Collision with vehicle,2,Tuesday,113,RIGHT NEAR (INTERSECTIONS ONLY),2,662804,2,0,1,0,1,2,1,2,T intersection,2,60,Uknown,30-39,Serious injury,Bicyclists
T20200016980,8/16/2020,10:00:00,1,Collision with vehicle,0,Sunday,160,VEHICLE COLLIDES WITH VEHICLE PARKED ON LEFT OF ROAD,9,665737,2,0,0,1,0,1,2,5,Not at intersection,3,50,Local Road,65-69,Other injury,Bicyclists
T20200017047,9/23/2020,13:00:00,1,Collision with vehicle,3,Wednesday,110,CROSS TRAFFIC(INTERSECTIONS ONLY),1,44420,2,0,0,1,1,2,2,1,Cross intersection,3,50,Local Road,16-17,Other injury,Bicyclists
T20200017048,9/5/2020,16:00:00,1,Collision with vehicle,7,Saturday,147,VEHICLE STRIKES ANOTHER VEH WHILE EMERGING FROM DRIVEWAY,1,664773,2,0,1,0,1,2,1,5,Not at intersection,2,60,Local Road,65-69,Serious injury,Bicyclists
T20200017083,9/17/2020,11:20:00,8,No collision and no object struck,5,Thursday,174,OUT OF CONTROL ON CARRIAGEWAY (ON STRAIGHT),1,662812,1,0,0,1,0,1,2,5,Not at intersection,3,50,Arterial Other,40-49,Other injury,Bicyclists
T20200017094,9/24/2020,13:50:00,1,Collision with vehicle,5,Thursday,116,LEFT NEAR (INTERSECTIONS ONLY),1,689838,2,0,1,0,1,2,1,2,T intersection,2,50,Local Road,40-49,Serious injury,Bicyclists
T20200017097,9/24/2020,14:40:00,1,Collision with vehicle,4,Thursday,137,LEFT TURN SIDESWIPE,1,231563,2,0,1,0,1,2,1,1,Cross intersection,2,40,Arterial Other,30-39,Serious injury,Bicyclists
T20200017098,9/25/2020,15:13:00,1,Collision with vehicle,6,Friday,163,VEHICLE STRIKES DOOR OF PARKED/STATIONARY VEHICLE,1,669199,3,0,1,1,1,3,1,5,Not at intersection,2,40,Local Road,40-49,Serious injury,Bicyclists
T20200017102,9/23/2020,13:00:00,1,Collision with vehicle,3,Wednesday,113,RIGHT NEAR (INTERSECTIONS ONLY),1,37154,2,0,0,1,2,3,2,2,T intersection,3,40,Arterial Other,30-39,Other injury,Bicyclists
T20200017104,9/24/2020,17:38:00,1,Collision with vehicle,4,Thursday,148,VEHICLE OFF FOOTPATH STRIKES VEH ON CARRIAGEWAY,1,56532,2,0,1,0,1,2,1,1,Cross intersection,2,80,Arterial Highway,70+,Serious injury,Bicyclists
T20200017158,9/25/2020,19:25:00,1,Collision with vehicle,5,Friday,110,CROSS TRAFFIC(INTERSECTIONS ONLY),3,15481,2,0,0,1,1,2,1,1,Cross intersection,3,60,Local Road,16-17,Other injury,Bicyclists
T20200017187,9/19/2020,10:00:00,1,Collision with vehicle,7,Saturday,147,VEHICLE STRIKES ANOTHER VEH WHILE EMERGING FROM DRIVEWAY,1,668999,2,0,1,0,1,2,2,5,Not at intersection,2,999,Arterial Other,30-39,Serious injury,Bicyclists
T20200017196,9/26/2020,17:25:00,1,Collision with vehicle,7,Saturday,111,RIGHT FAR (INTERSECTIONS ONLY),1,1208,2,0,0,1,1,2,1,1,Cross intersection,3,50,Local Road,26-29,Other injury,Bicyclists
T20200017229,9/18/2020,15:30:00,6,Vehicle overturned (no collision),6,Friday,174,OUT OF CONTROL ON CARRIAGEWAY (ON STRAIGHT),1,668874,2,0,1,0,0,1,2,5,Not at intersection,2,50,Local Road,26-29,Serious injury,Bicyclists
T20200017253,1/20/2020,13:40:00,2,Struck Pedestrian,2,Monday,106,VEH STRIKES PED ON FOOTPATH/MEDIAN/TRAFFIC ISLAND.,1,663515,1,0,1,0,1,2,1,5,Not at intersection,2,999,Arterial Other,65-69,Not injured,Bicyclists
T20200017308,9/29/2020,8:10:00,1,Collision with vehicle,3,Tuesday,111,RIGHT FAR (INTERSECTIONS ONLY),1,531,2,0,1,0,1,2,1,3,Y intersection,2,60,Arterial Other,70+,Serious injury,Bicyclists
T20200017327,9/29/2020,13:57:00,1,Collision with vehicle,2,Tuesday,139,OTHER SAME DIRECTION-MANOUEVRES NOT INCLUDED IN DCAs 130-137,1,668480,2,0,0,1,1,2,1,1,Cross intersection,3,40,Local Road,40-49,Other injury,Bicyclists
T20200017328,9/29/2020,13:25:00,1,Collision with vehicle,3,Tuesday,129,OTHER OPPOSING MANOEUVRES NOT INCLUDED IN DCAs 120-125.,1,663354,3,0,1,0,2,3,1,5,Not at intersection,2,50,Arterial Other,13-15,Serious injury,Bicyclists
T20200017338,9/28/2020,9:30:00,1,Collision with vehicle,2,Monday,111,RIGHT FAR (INTERSECTIONS ONLY),1,664515,2,0,1,0,1,2,2,1,Cross intersection,2,80,Arterial Highway,70+,Serious injury,Bicyclists
T20200017340,9/29/2020,14:45:00,1,Collision with vehicle,3,Tuesday,119,OTHER ADJACENT (INTERSECTIONS ONLY),1,664174,2,0,1,0,1,2,1,2,T intersection,2,60,Local Road,45424,Serious injury,Bicyclists
T20200017352,9/29/2020,21:15:00,1,Collision with vehicle,3,Tuesday,147,VEHICLE STRIKES ANOTHER VEH WHILE EMERGING FROM DRIVEWAY,3,667144,2,0,0,1,0,1,2,5,Not at intersection,3,50,Local Road,30-39,Other injury,Bicyclists
T20200017355,9/29/2020,16:30:00,1,Collision with vehicle,3,Tuesday,148,VEHICLE OFF FOOTPATH STRIKES VEH ON CARRIAGEWAY,1,663435,2,0,0,1,1,2,1,5,Not at intersection,3,50,Local Road,45424,Other injury,Bicyclists
T20200017392,9/30/2020,15:35:00,1,Collision with vehicle,4,Wednesday,130,REAR END(VEHICLES IN SAME LANE),1,73514,2,0,0,1,1,2,1,1,Cross intersection,3,50,Arterial Other,30-39,Other injury,Bicyclists
T20200017425,10/1/2020,7:10:00,1,Collision with vehicle,5,Thursday,121,RIGHT THROUGH,2,38105,2,0,0,1,1,2,1,2,T intersection,3,40,Arterial Other,30-39,Other injury,Bicyclists
T20200017446,10/1/2020,12:00:00,1,Collision with vehicle,5,Thursday,121,RIGHT THROUGH,1,39092,2,0,0,1,0,1,1,2,T intersection,3,60,Arterial Other,40-49,Other injury,Bicyclists
T20200017450,10/1/2020,11:15:00,1,Collision with vehicle,5,Thursday,133,LANE SIDE SWIPE (VEHICLES IN PARALLEL LANES),1,68997,2,0,0,1,0,1,2,3,Y intersection,3,40,Local Road,18-21,Other injury,Bicyclists
T20200017457,9/29/2020,17:00:00,7,Fall from or in moving vehicle,3,Tuesday,190,FELL IN/FROM VEHICLE,9,663356,1,1,0,0,1,2,2,5,Not at intersection,1,60,Arterial Other,18-21,Not injured,Bicyclists
T20200017458,10/1/2020,14:50:00,1,Collision with vehicle,4,Thursday,110,CROSS TRAFFIC(INTERSECTIONS ONLY),1,37563,2,0,0,1,1,2,1,1,Cross intersection,3,50,Arterial Other,26-29,Other injury,Bicyclists
T20200017460,10/1/2020,16:10:00,1,Collision with vehicle,5,Thursday,110,CROSS TRAFFIC(INTERSECTIONS ONLY),1,664175,2,0,1,0,1,2,1,1,Cross intersection,2,100,Arterial Highway,13-15,Serious injury,Bicyclists
T20200017463,10/1/2020,18:00:00,1,Collision with vehicle,5,Thursday,121,RIGHT THROUGH,1,35408,2,0,1,0,1,2,1,1,Cross intersection,2,60,Arterial Other,50-59,Serious injury,Bicyclists
T20200017548,8/21/2020,8:30:00,1,Collision with vehicle,5,Friday,130,REAR END(VEHICLES IN SAME LANE),1,664588,2,0,0,1,1,2,2,5,Not at intersection,3,60,Arterial Other,50-59,Other injury,Bicyclists
T20200017550,10/2/2020,16:00:00,1,Collision with vehicle,5,Friday,110,CROSS TRAFFIC(INTERSECTIONS ONLY),1,37503,2,0,0,1,1,2,2,1,Cross intersection,3,50,Local Road,50-59,Other injury,Bicyclists
T20200017555,10/3/2020,10:40:00,1,Collision with vehicle,6,Saturday,121,RIGHT THROUGH,1,35297,2,0,0,1,1,2,1,1,Cross intersection,3,40,Arterial Other,22-25,Other injury,Bicyclists
T20200017557,10/3/2020,11:00:00,4,Collision with a fixed object,7,Saturday,171,LEFT OFF CARRIAGEWAY INTO OBJECT/PARKED VEHICLE,1,666253,1,0,1,0,0,1,1,5,Not at intersection,2,60,Local Road,40-49,Serious injury,Bicyclists
T20200017577,10/2/2020,17:00:00,1,Collision with vehicle,5,Friday,163,VEHICLE STRIKES DOOR OF PARKED/STATIONARY VEHICLE,1,667659,2,0,0,1,0,1,2,5,Not at intersection,3,40,Local Road,30-39,Other injury,Bicyclists
T20200017603,10/4/2020,11:16:00,1,Collision with vehicle,1,Sunday,148,VEHICLE OFF FOOTPATH STRIKES VEH ON CARRIAGEWAY,1,65638,2,0,1,0,1,2,1,2,T intersection,2,80,Arterial Other,50-59,Serious injury,Bicyclists
T20200017605,10/4/2020,13:47:00,1,Collision with vehicle,0,Sunday,148,VEHICLE OFF FOOTPATH STRIKES VEH ON CARRIAGEWAY,1,37276,2,0,0,1,1,2,1,2,T intersection,3,50,Local Road,70+,Other injury,Bicyclists
T20200017609,10/4/2020,10:00:00,8,No collision and no object struck,1,Sunday,170,OFF CARRIAGEWAY TO LEFT,1,667763,2,0,0,1,0,1,2,5,Not at intersection,3,80,Arterial Other,50-59,Other injury,Bicyclists
T20200017613,10/4/2020,17:00:00,1,Collision with vehicle,1,Sunday,110,CROSS TRAFFIC(INTERSECTIONS ONLY),1,43460,2,0,1,0,1,2,1,1,Cross intersection,2,60,Local Road,26-29,Serious injury,Bicyclists
T20200017628,10/1/2020,17:20:00,1,Collision with vehicle,4,Thursday,149,OTHER MANOEUVRING NOT INCLUDED IN DCAs 140-148,1,729949,2,0,0,1,1,2,1,5,Not at intersection,3,60,Arterial Highway,22-25,Other injury,Bicyclists
T20200017647,10/5/2020,12:10:00,1,Collision with vehicle,2,Monday,110,CROSS TRAFFIC(INTERSECTIONS ONLY),1,35968,2,0,1,0,1,2,1,1,Cross intersection,2,50,Local Road,60-64,Serious injury,Bicyclists
T20200017679,10/6/2020,6:30:00,8,No collision and no object struck,3,Tuesday,174,OUT OF CONTROL ON CARRIAGEWAY (ON STRAIGHT),2,666629,1,0,1,0,0,1,1,5,Not at intersection,2,60,Arterial Other,60-64,Serious injury,Bicyclists
T20200017705,10/1/2020,16:50:00,6,Vehicle overturned (no collision),5,Thursday,179,OTHER ACCIDENTS-OFF STRAIGHT NOT INCLUDED IN DCAs 170-175,1,301467,2,0,0,1,1,2,2,2,T intersection,3,60,Local Road,18-21,Other injury,Bicyclists
T20200017742,10/3/2020,13:45:00,1,Collision with vehicle,6,Saturday,163,VEHICLE STRIKES DOOR OF PARKED/STATIONARY VEHICLE,1,666353,2,0,1,0,1,2,2,5,Not at intersection,2,50,Arterial Other,26-29,Serious injury,Bicyclists
T20200017762,9/29/2020,20:05:00,1,Collision with vehicle,3,Tuesday,130,REAR END(VEHICLES IN SAME LANE),9,663784,2,0,0,1,0,1,2,5,Not at intersection,3,60,Arterial Highway,18-21,Other injury,Bicyclists
T20200017900,10/9/2020,20:30:00,1,Collision with vehicle,5,Friday,114,TWO RIGHT TURNING (INTERSECTIONS ONLY),3,36885,2,0,0,1,1,2,1,2,T intersection,3,999,Local Road,26-29,Other injury,Bicyclists
T20200017913,7/16/2020,17:15:00,1,Collision with vehicle,4,Thursday,133,LANE SIDE SWIPE (VEHICLES IN PARALLEL LANES),1,618491,2,0,0,1,0,1,2,2,T intersection,3,50,Local Road,50-59,Other injury,Bicyclists
T20200017919,10/10/2020,6:30:00,1,Collision with vehicle,7,Saturday,116,LEFT NEAR (INTERSECTIONS ONLY),2,51211,2,0,0,1,1,2,1,2,T intersection,3,999,Arterial Other,30-39,Other injury,Bicyclists
T20200018017,10/12/2020,14:20:00,6,Vehicle overturned (no collision),2,Monday,174,OUT OF CONTROL ON CARRIAGEWAY (ON STRAIGHT),1,682654,1,0,1,0,0,1,1,5,Not at intersection,2,100,Arterial Other,18-21,Serious injury,Bicyclists
T20200018071,10/10/2020,18:45:00,1,Collision with vehicle,6,Saturday,113,RIGHT NEAR (INTERSECTIONS ONLY),9,667237,2,0,0,1,1,2,2,2,T intersection,3,999,Arterial Other,40-49,Other injury,Bicyclists
T20200018111,10/9/2020,10:30:00,1,Collision with vehicle,6,Friday,163,VEHICLE STRIKES DOOR OF PARKED/STATIONARY VEHICLE,1,664763,2,0,1,0,1,2,2,5,Not at intersection,2,60,Arterial Other,Unknown,Serious injury,Bicyclists
T20200018112,10/14/2020,11:31:00,1,Collision with vehicle,4,Wednesday,147,VEHICLE STRIKES ANOTHER VEH WHILE EMERGING FROM DRIVEWAY,1,669633,2,0,1,0,1,2,1,5,Not at intersection,2,999,Uknown,60-64,Serious injury,Bicyclists
T20200018117,10/14/2020,7:49:00,1,Collision with vehicle,4,Wednesday,116,LEFT NEAR (INTERSECTIONS ONLY),1,664591,2,0,1,0,1,2,1,2,T intersection,2,80,Arterial Other,50-59,Serious injury,Bicyclists
T20200018127,10/5/2020,18:45:00,1,Collision with vehicle,1,Monday,110,CROSS TRAFFIC(INTERSECTIONS ONLY),2,50822,2,0,0,1,1,2,2,1,Cross intersection,3,50,Local Road,16-17,Other injury,Bicyclists
T20200018137,10/14/2020,18:30:00,1,Collision with vehicle,4,Wednesday,148,VEHICLE OFF FOOTPATH STRIKES VEH ON CARRIAGEWAY,1,664435,2,0,1,0,1,2,1,2,T intersection,2,50,Local Road,45424,Serious injury,Bicyclists
T20200018138,10/14/2020,18:14:00,1,Collision with vehicle,4,Wednesday,110,CROSS TRAFFIC(INTERSECTIONS ONLY),1,287450,2,0,1,0,1,2,1,1,Cross intersection,2,40,Local Road,65-69,Serious injury,Bicyclists
T20200018148,10/14/2020,8:50:00,1,Collision with vehicle,4,Wednesday,110,CROSS TRAFFIC(INTERSECTIONS ONLY),1,664437,2,0,0,1,1,2,2,1,Cross intersection,3,50,Local Road,30-39,Other injury,Bicyclists
T20200018169,10/10/2020,14:30:00,8,No collision and no object struck,7,Saturday,179,OTHER ACCIDENTS-OFF STRAIGHT NOT INCLUDED IN DCAs 170-175,1,664441,2,0,0,1,0,1,2,5,Not at intersection,3,40,Local Road,30-39,Other injury,Bicyclists
T20200018189,10/15/2020,14:42:00,1,Collision with vehicle,5,Thursday,111,RIGHT FAR (INTERSECTIONS ONLY),1,40020,2,0,1,0,1,2,1,2,T intersection,2,50,Local Road,18-21,Serious injury,Bicyclists
T20200018226,10/16/2020,7:40:00,1,Collision with vehicle,6,Friday,160,VEHICLE COLLIDES WITH VEHICLE PARKED ON LEFT OF ROAD,1,664662,2,0,1,0,0,1,1,5,Not at intersection,2,40,Local Road,60-64,Serious injury,Bicyclists
T20200018230,10/16/2020,9:44:00,1,Collision with vehicle,6,Friday,135,LANE CHANGE LEFT (NOT OVERTAKING),1,668571,2,0,0,1,1,2,1,5,Not at intersection,3,70,Arterial Other,40-49,Other injury,Bicyclists
T20200018231,10/16/2020,8:44:00,1,Collision with vehicle,5,Friday,148,VEHICLE OFF FOOTPATH STRIKES VEH ON CARRIAGEWAY,1,664521,2,0,0,1,0,1,1,5,Not at intersection,3,50,Local Road,45424,Other injury,Bicyclists
T20200018238,10/15/2020,11:45:00,1,Collision with vehicle,5,Thursday,159,OTHER OVERTAKING MANOEUVRES NOT INCLUDED IN DCAs 150-154,1,773522,3,0,0,1,1,2,2,5,Not at intersection,3,60,Uknown,40-49,Other injury,Bicyclists
T20200018247,10/14/2020,11:30:00,8,No collision and no object struck,4,Wednesday,174,OUT OF CONTROL ON CARRIAGEWAY (ON STRAIGHT),1,667487,2,0,1,0,1,2,2,5,Not at intersection,2,60,Local Road,50-59,Serious injury,Bicyclists
T20200018268,9/29/2020,17:20:00,1,Collision with vehicle,2,Tuesday,163,VEHICLE STRIKES DOOR OF PARKED/STATIONARY VEHICLE,1,674590,2,0,0,1,1,2,2,5,Not at intersection,3,60,Arterial Other,22-25,Other injury,Bicyclists
T20200018305,10/17/2020,12:30:00,1,Collision with vehicle,7,Saturday,160,VEHICLE COLLIDES WITH VEHICLE PARKED ON LEFT OF ROAD,1,666138,2,0,1,0,1,2,1,5,Not at intersection,2,50,Local Road,40-49,Serious injury,Bicyclists
T20200018326,10/17/2020,18:35:00,1,Collision with vehicle,7,Saturday,147,VEHICLE STRIKES ANOTHER VEH WHILE EMERGING FROM DRIVEWAY,1,665116,2,0,0,1,3,4,1,5,Not at intersection,3,50,Local Road,18-21,Other injury,Bicyclists
T20200018348,10/15/2020,11:30:00,1,Collision with vehicle,4,Thursday,160,VEHICLE COLLIDES WITH VEHICLE PARKED ON LEFT OF ROAD,1,668564,2,0,0,1,0,1,2,5,Not at intersection,3,60,Local Road,50-59,Other injury,Bicyclists
T20200018360,10/18/2020,13:20:00,1,Collision with vehicle,1,Sunday,110,CROSS TRAFFIC(INTERSECTIONS ONLY),1,44078,2,0,0,1,1,2,2,1,Cross intersection,3,50,Local Road,70+,Other injury,Bicyclists
T20200018363,10/17/2020,10:00:00,1,Collision with vehicle,6,Saturday,160,VEHICLE COLLIDES WITH VEHICLE PARKED ON LEFT OF ROAD,1,670111,2,0,1,0,1,2,2,5,Not at intersection,2,999,Uknown,18-21,Serious injury,Bicyclists
T20200018385,10/14/2020,16:30:00,8,No collision and no object struck,4,Wednesday,174,OUT OF CONTROL ON CARRIAGEWAY (ON STRAIGHT),1,664954,1,0,0,1,0,1,1,5,Not at intersection,3,60,Arterial Other,30-39,Other injury,Bicyclists
T20200018393,10/19/2020,13:10:00,1,Collision with vehicle,2,Monday,147,VEHICLE STRIKES ANOTHER VEH WHILE EMERGING FROM DRIVEWAY,1,669566,2,0,1,0,1,2,1,5,Not at intersection,2,50,Local Road,30-39,Serious injury,Bicyclists
T20200018420,10/19/2020,17:30:00,1,Collision with vehicle,2,Monday,148,VEHICLE OFF FOOTPATH STRIKES VEH ON CARRIAGEWAY,1,667437,2,0,0,1,1,2,1,5,Not at intersection,3,60,Local Road,45424,Other injury,Bicyclists
T20200018421,10/19/2020,17:00:00,1,Collision with vehicle,2,Monday,133,LANE SIDE SWIPE (VEHICLES IN PARALLEL LANES),1,42287,2,0,0,1,1,2,2,2,T intersection,3,60,Arterial Other,18-21,Other injury,Bicyclists
T20200018443,10/20/2020,8:14:00,1,Collision with vehicle,3,Tuesday,116,LEFT NEAR (INTERSECTIONS ONLY),1,664902,2,0,1,0,1,2,1,4,Multiple intersection,2,50,Arterial Other,40-49,Serious injury,Bicyclists
T20200018482,10/20/2020,17:30:00,1,Collision with vehicle,2,Tuesday,133,LANE SIDE SWIPE (VEHICLES IN PARALLEL LANES),1,665205,2,0,0,1,1,2,1,5,Not at intersection,3,60,Arterial Other,30-39,Other injury,Bicyclists
T20200018493,10/19/2020,16:15:00,1,Collision with vehicle,2,Monday,148,VEHICLE OFF FOOTPATH STRIKES VEH ON CARRIAGEWAY,1,131393,2,0,0,1,4,5,1,5,Not at intersection,3,60,Local Road,45424,Other injury,Bicyclists
T20200018504,10/21/2020,8:48:00,1,Collision with vehicle,4,Wednesday,121,RIGHT THROUGH,1,37959,2,0,0,1,1,2,1,2,T intersection,3,60,Arterial Other,26-29,Other injury,Bicyclists
T20200018519,10/21/2020,13:00:00,1,Collision with vehicle,4,Wednesday,137,LEFT TURN SIDESWIPE,1,405,2,0,0,1,1,2,1,2,T intersection,3,40,Local Road,40-49,Other injury,Bicyclists
T20200018520,10/3/2020,7:30:00,8,No collision and no object struck,7,Saturday,179,OTHER ACCIDENTS-OFF STRAIGHT NOT INCLUDED IN DCAs 170-175,2,36221,1,0,0,1,0,1,2,1,Cross intersection,3,60,Arterial Other,65-69,Other injury,Bicyclists
T20200018522,10/21/2020,12:57:00,1,Collision with vehicle,4,Wednesday,119,OTHER ADJACENT (INTERSECTIONS ONLY),1,36640,2,0,1,0,1,2,1,2,T intersection,2,60,Arterial Other,18-21,Serious injury,Bicyclists
T20200018528,10/20/2020,16:30:00,1,Collision with vehicle,2,Tuesday,135,LANE CHANGE LEFT (NOT OVERTAKING),1,290,2,0,0,1,1,2,2,1,Cross intersection,3,40,Arterial Other,50-59,Other injury,Bicyclists
T20200018547,10/2/2020,15:30:00,1,Collision with vehicle,6,Friday,147,VEHICLE STRIKES ANOTHER VEH WHILE EMERGING FROM DRIVEWAY,1,664961,2,0,1,0,1,2,2,5,Not at intersection,2,80,Arterial Highway,30-39,Serious injury,Bicyclists
T20200018573,10/22/2020,7:15:00,1,Collision with vehicle,4,Thursday,121,RIGHT THROUGH,1,37117,2,0,0,1,1,2,1,2,T intersection,3,60,Arterial Other,30-39,Other injury,Bicyclists
T20200018576,10/22/2020,9:00:00,1,Collision with vehicle,5,Thursday,130,REAR END(VEHICLES IN SAME LANE),1,669845,2,0,1,0,1,2,1,5,Not at intersection,2,40,Arterial Other,22-25,Serious injury,Bicyclists
T20200018581,10/5/2020,15:00:00,1,Collision with vehicle,2,Monday,163,VEHICLE STRIKES DOOR OF PARKED/STATIONARY VEHICLE,1,667766,2,0,0,1,1,2,2,5,Not at intersection,3,50,Local Road,40-49,Other injury,Bicyclists