ACCIDENT_NO,ACCIDENT_DATE,ACCIDENT_TIME,ACCIDENT_TYPE,ACCIDENT_TYPE_DESC,DAY_OF_WEEK,DAY_WEEK_DESC,DCA_CODE,DCA_DESC,LIGHT_CONDITION,NODE_ID,NO_OF_VEHICLES,NO_PERSONS_KILLED,NO_PERSONS_INJ_2,NO_PERSONS_INJ_3,NO_PERSONS_NOT_INJ,NO_PERSONS,POLICE_ATTEND,ROAD_GEOMETRY,ROAD_GEOMETRY_DESC,SEVERITY,SPEED_ZONE,RMA,AGE_GROUP,INJ_LEVEL,ROAD_USER_TYPE_DESC
T20200018583,10/21/2020,15:42:00,2,Struck Pedestrian,3,Wednesday,106,VEH STRIKES PED ON FOOTPATH/MEDIAN/TRAFFIC ISLAND.,1,670213,1,0,1,1,0,2,1,5,Not at intersection,2,50,Local Road,13-15,Other injury,Bicyclists
T20200018586,10/22/2020,6:45:00,8,No collision and no object struck,5,Thursday,174,OUT OF CONTROL ON CARRIAGEWAY (ON STRAIGHT),2,668899,1,0,1,0,0,1,1,5,Not at intersection,2,100,Uknown,65-69,Serious injury,Bicyclists
T20200018587,10/22/2020,11:20:00,1,Collision with vehicle,4,Thursday,163,VEHICLE STRIKES DOOR OF PARKED/STATIONARY VEHICLE,1,80847,2,0,0,1,1,2,1,5,Not at intersection,3,40,Arterial Other,18-21,Other injury,Bicyclists
T20200018596,10/22/2020,13:40:00,1,Collision with vehicle,5,Thursday,133,LANE SIDE SWIPE (VEHICLES IN PARALLEL LANES),1,665124,2,0,1,0,1,2,1,5,Not at intersection,2,50,Local Road,Unknown,Serious injury,Bicyclists
T20200018600,10/22/2020,7:30:00,1,Collision with vehicle,5,Thursday,160,VEHICLE COLLIDES WITH VEHICLE PARKED ON LEFT OF ROAD,1,669849,2,0,1,0,0,1,1,5,Not at intersection,2,70,Arterial Other,50-59,Serious injury,Bicyclists
T20200018606,10/22/2020,15:15:00,1,Collision with vehicle,5,Thursday,148,VEHICLE OFF FOOTPATH STRIKES VEH ON CARRIAGEWAY,1,665583,3,0,1,0,2,3,1,4,Multiple intersection,2,60,Local Road,45424,Serious injury,Bicyclists
T20200018654,10/18/2020,15:00:00,8,No collision and no object struck,1,Sunday,174,OUT OF CONTROL ON CARRIAGEWAY (ON STRAIGHT),1,301553,2,0,0,1,1,2,2,1,Cross intersection,3,50,Local Road,30-39,Other injury,Bicyclists
T20200018664,10/23/2020,11:24:00,1,Collision with vehicle,5,Friday,110,CROSS TRAFFIC(INTERSECTIONS ONLY),1,53011,2,0,0,1,1,2,1,1,Cross intersection,3,60,Arterial Highway,70+,Other injury,Bicyclists
T20200018682,10/22/2020,16:37:00,1,Collision with vehicle,5,Thursday,147,VEHICLE STRIKES ANOTHER VEH WHILE EMERGING FROM DRIVEWAY,1,667351,2,0,1,0,1,2,1,5,Not at intersection,2,999,Arterial Other,45424,Serious injury,Bicyclists
T20200018733,10/20/2020,12:35:00,1,Collision with vehicle,3,Tuesday,163,VEHICLE STRIKES DOOR OF PARKED/STATIONARY VEHICLE,1,665813,2,0,1,0,1,2,2,5,Not at intersection,2,40,Arterial Other,18-21,Serious injury,Bicyclists
T20200018744,10/22/2020,6:30:00,1,Collision with vehicle,5,Thursday,114,TWO RIGHT TURNING (INTERSECTIONS ONLY),2,43909,2,0,0,1,1,2,2,1,Cross intersection,3,999,Uknown,30-39,Other injury,Bicyclists
T20200018751,9/22/2020,13:30:00,1,Collision with vehicle,3,Tuesday,140,U TURN,9,29380,2,0,0,1,1,2,2,2,T intersection,3,50,Local Road,26-29,Other injury,Bicyclists
T20200018755,10/24/2020,20:05:00,1,Collision with vehicle,7,Saturday,148,VEHICLE OFF FOOTPATH STRIKES VEH ON CARRIAGEWAY,2,46757,2,0,1,0,1,2,1,1,Cross intersection,2,50,Arterial Other,30-39,Serious injury,Bicyclists
T20200018778,10/25/2020,10:10:00,1,Collision with vehicle,1,Sunday,147,VEHICLE STRIKES ANOTHER VEH WHILE EMERGING FROM DRIVEWAY,1,667722,2,0,1,0,2,3,1,5,Not at intersection,2,999,Arterial Other,0-4,Serious injury,Bicyclists
T20200018812,10/26/2020,8:00:00,1,Collision with vehicle,2,Monday,148,VEHICLE OFF FOOTPATH STRIKES VEH ON CARRIAGEWAY,1,51952,2,0,0,1,1,2,1,1,Cross intersection,3,60,Local Road,13-15,Other injury,Bicyclists
T20200018878,10/27/2020,5:30:00,1,Collision with vehicle,2,Tuesday,110,CROSS TRAFFIC(INTERSECTIONS ONLY),3,43415,2,0,0,1,1,2,2,1,Cross intersection,3,50,Uknown,40-49,Other injury,Bicyclists
T20200018905,10/7/2020,17:10:00,1,Collision with vehicle,3,Wednesday,110,CROSS TRAFFIC(INTERSECTIONS ONLY),1,29756,2,0,0,1,1,2,2,1,Cross intersection,3,50,Uknown,40-49,Other injury,Bicyclists
T20200018915,10/27/2020,16:05:00,1,Collision with vehicle,2,Tuesday,147,VEHICLE STRIKES ANOTHER VEH WHILE EMERGING FROM DRIVEWAY,1,747374,2,0,1,0,1,2,1,5,Not at intersection,2,40,Arterial Other,18-21,Serious injury,Bicyclists
T20200018934,9/6/2020,10:00:00,8,No collision and no object struck,1,Sunday,174,OUT OF CONTROL ON CARRIAGEWAY (ON STRAIGHT),1,665596,2,0,1,0,0,1,2,5,Not at intersection,2,50,Arterial Other,30-39,Serious injury,Bicyclists
T20200018945,10/27/2020,15:40:00,1,Collision with vehicle,2,Tuesday,110,CROSS TRAFFIC(INTERSECTIONS ONLY),1,57302,2,0,0,1,0,1,2,1,Cross intersection,3,50,Local Road,16-17,Other injury,Bicyclists
T20200018952,10/21/2020,16:27:00,6,Vehicle overturned (no collision),4,Wednesday,174,OUT OF CONTROL ON CARRIAGEWAY (ON STRAIGHT),1,665691,1,0,0,1,0,1,2,5,Not at intersection,3,999,Local Road,22-25,Other injury,Bicyclists
T20200018962,10/28/2020,15:16:00,1,Collision with vehicle,4,Wednesday,121,RIGHT THROUGH,1,40238,2,0,1,0,1,2,1,2,T intersection,2,60,Arterial Other,26-29,Serious injury,Bicyclists
T20200018973,10/25/2020,11:35:00,1,Collision with vehicle,1,Sunday,142,LEAVING PARKING,9,36458,2,0,0,1,0,1,2,5,Not at intersection,3,50,Arterial Other,40-49,Other injury,Bicyclists
T20200018978,10/28/2020,15:00:00,1,Collision with vehicle,4,Wednesday,148,VEHICLE OFF FOOTPATH STRIKES VEH ON CARRIAGEWAY,1,669138,2,0,0,1,0,1,1,5,Not at intersection,3,60,Uknown,45424,Other injury,Bicyclists
T20200018980,10/28/2020,17:45:00,1,Collision with vehicle,4,Wednesday,163,VEHICLE STRIKES DOOR OF PARKED/STATIONARY VEHICLE,1,665693,2,0,1,0,2,3,2,5,Not at intersection,2,50,Local Road,70+,Serious injury,Bicyclists
T20200019024,10/10/2020,14:30:00,8,No collision and no object struck,7,Saturday,174,OUT OF CONTROL ON CARRIAGEWAY (ON STRAIGHT),1,665824,1,0,0,1,0,1,2,2,T intersection,3,60,Local Road,50-59,Other injury,Bicyclists
T20200019040,10/27/2020,21:00:00,1,Collision with vehicle,3,Tuesday,139,OTHER SAME DIRECTION-MANOUEVRES NOT INCLUDED IN DCAs 130-137,3,340753,2,0,0,1,1,2,2,4,Multiple intersection,3,40,Local Road,30-39,Other injury,Bicyclists
T20200019044,10/29/2020,16:03:00,1,Collision with vehicle,5,Thursday,148,VEHICLE OFF FOOTPATH STRIKES VEH ON CARRIAGEWAY,1,668859,2,0,0,1,1,2,1,5,Not at intersection,3,50,Local Road,45424,Other injury,Bicyclists
T20200019049,10/27/2020,17:30:00,1,Collision with vehicle,3,Tuesday,137,LEFT TURN SIDESWIPE,9,36467,2,0,1,1,0,2,2,2,T intersection,2,60,Local Road,30-39,Serious injury,Bicyclists
T20200019085,10/30/2020,8:00:00,1,Collision with vehicle,6,Friday,199,UNKNOWN-NO DETAILS ON MANOEUVRES OF ROAD-USERS IN ACCIDENT,1,670900,2,0,1,0,0,1,2,2,T intersection,2,80,Uknown,30-39,Serious injury,Bicyclists
T20200019118,10/30/2020,17:10:00,1,Collision with vehicle,6,Friday,119,OTHER ADJACENT (INTERSECTIONS ONLY),1,48440,2,0,0,1,1,2,1,2,T intersection,3,40,Local Road,45424,Other injury,Bicyclists
T20200019134,10/30/2020,23:05:00,1,Collision with vehicle,5,Friday,116,LEFT NEAR (INTERSECTIONS ONLY),3,669885,2,0,1,0,3,4,1,2,T intersection,2,70,Arterial Highway,30-39,Serious injury,Bicyclists
T20200019146,9/27/2020,15:00:00,1,Collision with vehicle,1,Sunday,160,VEHICLE COLLIDES WITH VEHICLE PARKED ON LEFT OF ROAD,1,666362,2,0,0,1,0,1,2,5,Not at intersection,3,50,Local Road,40-49,Other injury,Bicyclists
T20200019155,10/31/2020,10:04:00,1,Collision with vehicle,7,Saturday,116,LEFT NEAR (INTERSECTIONS ONLY),1,669748,2,0,1,0,1,2,1,2,T intersection,2,80,Arterial Highway,40-49,Serious injury,Bicyclists
T20200019191,10/31/2020,19:55:00,1,Collision with vehicle,7,Saturday,113,RIGHT NEAR (INTERSECTIONS ONLY),2,43341,2,0,1,0,1,2,1,1,Cross intersection,2,40,Local Road,30-39,Serious injury,Bicyclists
T20200019204,10/17/2020,17:20:00,1,Collision with vehicle,7,Saturday,139,OTHER SAME DIRECTION-MANOUEVRES NOT INCLUDED IN DCAs 130-137,1,44621,2,0,0,1,1,2,1,1,Cross intersection,3,60,Arterial Other,40-49,Other injury,Bicyclists
T20200019223,10/31/2020,17:45:00,1,Collision with vehicle,7,Saturday,130,REAR END(VEHICLES IN SAME LANE),1,666363,2,0,0,1,1,2,2,4,Multiple intersection,3,80,Arterial Highway,26-29,Other injury,Bicyclists
T20200019239,11/1/2020,12:11:00,1,Collision with vehicle,1,Sunday,142,LEAVING PARKING,1,665835,2,0,0,1,3,4,1,5,Not at intersection,3,50,Local Road,26-29,Other injury,Bicyclists
T20200019284,11/2/2020,9:45:00,1,Collision with vehicle,2,Monday,142,LEAVING PARKING,1,666856,2,0,0,1,1,2,1,5,Not at intersection,3,50,Local Road,70+,Other injury,Bicyclists
T20200019292,10/23/2020,6:50:00,8,No collision and no object struck,6,Friday,184,OUT OF CONTROL ON CARRIAGEWAY (ON BEND),1,672182,1,0,1,0,0,1,2,5,Not at intersection,2,999,Local Road,22-25,Serious injury,Bicyclists
T20200019307,11/2/2020,12:00:00,1,Collision with vehicle,2,Monday,122,LEFT THROUGH,1,29588,2,0,0,1,2,3,2,1,Cross intersection,3,40,Arterial Other,16-17,Other injury,Bicyclists
T20200019319,11/2/2020,18:47:00,1,Collision with vehicle,2,Monday,119,OTHER ADJACENT (INTERSECTIONS ONLY),1,669728,2,0,0,1,0,1,1,1,Cross intersection,3,50,Local Road,22-25,Other injury,Bicyclists
T20200019332,11/2/2020,14:30:00,1,Collision with vehicle,2,Monday,121,RIGHT THROUGH,1,663,2,0,1,0,2,3,1,2,T intersection,2,60,Arterial Other,22-25,Serious injury,Bicyclists
T20200019338,11/2/2020,14:56:00,1,Collision with vehicle,2,Monday,148,VEHICLE OFF FOOTPATH STRIKES VEH ON CARRIAGEWAY,1,669297,2,0,0,2,0,2,2,5,Not at intersection,3,888,Local Road,13-15,Other injury,Bicyclists
T20200019353,10/11/2020,15:05:00,1,Collision with vehicle,1,Sunday,119,OTHER ADJACENT (INTERSECTIONS ONLY),1,668191,2,0,0,1,0,1,2,2,T intersection,3,50,Local Road,40-49,Other injury,Bicyclists
T20200019360,11/3/2020,9:40:00,6,Vehicle overturned (no collision),3,Tuesday,174,OUT OF CONTROL ON CARRIAGEWAY (ON STRAIGHT),1,67752,2,0,1,1,0,2,1,2,T intersection,2,60,Arterial Other,50-59,Serious injury,Bicyclists
T20200019361,11/3/2020,9:57:00,1,Collision with vehicle,2,Tuesday,111,RIGHT FAR (INTERSECTIONS ONLY),1,223391,2,0,0,1,1,2,1,1,Cross intersection,3,50,Local Road,40-49,Other injury,Bicyclists
T20200019369,11/2/2020,10:00:00,1,Collision with vehicle,2,Monday,121,RIGHT THROUGH,1,41200,2,0,0,1,1,2,2,1,Cross intersection,3,40,Local Road,65-69,Other injury,Bicyclists
T20200019377,11/3/2020,12:35:00,1,Collision with vehicle,3,Tuesday,110,CROSS TRAFFIC(INTERSECTIONS ONLY),1,670673,2,0,1,0,2,3,1,1,Cross intersection,2,60,Local Road,30-39,Serious injury,Bicyclists
T20200019383,11/3/2020,10:15:00,1,Collision with vehicle,3,Tuesday,137,LEFT TURN SIDESWIPE,1,36757,2,0,0,1,1,2,2,2,T intersection,3,40,Arterial Other,50-59,Other injury,Bicyclists
T20200019387,11/3/2020,14:26:00,1,Collision with vehicle,3,Tuesday,148,VEHICLE OFF FOOTPATH STRIKES VEH ON CARRIAGEWAY,1,671365,2,0,0,1,0,1,1,2,T intersection,3,50,Local Road,65-69,Other injury,Bicyclists
T20200019397,10/23/2020,17:40:00,1,Collision with vehicle,6,Friday,148,VEHICLE OFF FOOTPATH STRIKES VEH ON CARRIAGEWAY,1,253557,2,0,0,1,0,1,2,1,Cross intersection,3,60,Local Road,30-39,Other injury,Bicyclists
T20200019399,11/2/2020,14:20:00,1,Collision with vehicle,2,Monday,163,VEHICLE STRIKES DOOR OF PARKED/STATIONARY VEHICLE,1,666365,2,0,1,0,1,2,2,5,Not at intersection,2,40,Local Road,30-39,Serious injury,Bicyclists
T20200019436,11/2/2020,12:30:00,8,No collision and no object struck,1,Monday,170,OFF CARRIAGEWAY TO LEFT,9,666154,2,0,0,1,1,2,2,2,T intersection,3,999,Local Road,40-49,Other injury,Bicyclists
T20200019468,11/4/2020,15:14:00,1,Collision with vehicle,4,Wednesday,148,VEHICLE OFF FOOTPATH STRIKES VEH ON CARRIAGEWAY,1,38598,2,0,0,1,1,2,1,2,T intersection,3,60,Arterial Other,50-59,Other injury,Bicyclists
T20200019490,11/4/2020,16:25:00,1,Collision with vehicle,3,Wednesday,147,VEHICLE STRIKES ANOTHER VEH WHILE EMERGING FROM DRIVEWAY,1,671994,2,0,1,0,1,2,1,5,Not at intersection,2,50,Uknown,45424,Serious injury,Bicyclists
T20200019497,11/5/2020,8:57:00,1,Collision with vehicle,5,Thursday,113,RIGHT NEAR (INTERSECTIONS ONLY),1,289107,2,0,0,1,1,2,2,2,T intersection,3,60,Freeway,18-21,Other injury,Bicyclists
T20200019505,10/3/2020,20:30:00,1,Collision with vehicle,7,Saturday,110,CROSS TRAFFIC(INTERSECTIONS ONLY),3,63143,3,0,0,1,3,4,1,1,Cross intersection,3,60,Local Road,40-49,Other injury,Bicyclists
T20200019517,11/5/2020,13:24:00,1,Collision with vehicle,5,Thursday,133,LANE SIDE SWIPE (VEHICLES IN PARALLEL LANES),1,675908,2,0,1,0,1,2,1,5,Not at intersection,2,50,Local Road,70+,Serious injury,Bicyclists
T20200019518,10/18/2020,17:30:00,6,Vehicle overturned (no collision),1,Sunday,170,OFF CARRIAGEWAY TO LEFT,2,667160,2,0,0,1,0,1,2,5,Not at intersection,3,50,Local Road,50-59,Other injury,Bicyclists
T20200019557,7/31/2020,15:00:00,1,Collision with vehicle,6,Friday,113,RIGHT NEAR (INTERSECTIONS ONLY),1,47362,2,0,0,1,1,2,1,3,Y intersection,3,60,Local Road,70+,Other injury,Bicyclists
T20200019562,11/6/2020,9:55:00,1,Collision with vehicle,6,Friday,137,LEFT TURN SIDESWIPE,1,70165,2,0,1,0,1,2,1,1,Cross intersection,2,50,Arterial Highway,70+,Serious injury,Bicyclists
T20200019643,10/27/2020,15:38:00,1,Collision with vehicle,3,Tuesday,148,VEHICLE OFF FOOTPATH STRIKES VEH ON CARRIAGEWAY,1,669102,2,0,1,0,1,2,1,5,Not at intersection,2,40,Local Road,45424,Serious injury,Bicyclists
T20200019666,11/7/2020,16:50:00,1,Collision with vehicle,7,Saturday,140,U TURN,1,666544,2,0,0,1,1,2,1,5,Not at intersection,3,50,Arterial Other,26-29,Other injury,Bicyclists
T20200019671,11/7/2020,14:00:00,1,Collision with vehicle,6,Saturday,121,RIGHT THROUGH,1,37208,2,0,0,1,0,1,2,2,T intersection,3,999,Arterial Other,18-21,Other injury,Bicyclists
T20200019672,11/7/2020,19:40:00,1,Collision with vehicle,6,Saturday,163,VEHICLE STRIKES DOOR OF PARKED/STATIONARY VEHICLE,3,675082,2,0,0,1,1,2,2,5,Not at intersection,3,40,Arterial Other,26-29,Other injury,Bicyclists
T20200019692,11/8/2020,10:10:00,1,Collision with vehicle,1,Sunday,121,RIGHT THROUGH,1,666590,2,0,0,1,1,2,1,2,T intersection,3,60,Arterial Other,30-39,Other injury,Bicyclists
T20200019696,11/8/2020,11:10:00,1,Collision with vehicle,1,Sunday,136,RIGHT TURN SIDESWIPE,1,41082,2,0,1,0,1,2,1,1,Cross intersection,2,60,Arterial Other,40-49,Serious injury,Bicyclists
T20200019697,11/8/2020,10:23:00,1,Collision with vehicle,1,Sunday,143,ENTERING PARKING,1,78083,2,0,0,1,5,6,1,5,Not at intersection,3,40,Local Road,40-49,Other injury,Bicyclists
T20200019713,11/8/2020,15:15:00,2,Struck Pedestrian,1,Sunday,102,FAR SIDE. PED HIT BY VEHICLE FROM THE LEFT,1,666648,1,0,0,2,0,2,1,5,Not at intersection,3,60,Arterial Other,30-39,Other injury,Bicyclists
T20200019714,11/8/2020,20:00:00,1,Collision with vehicle,1,Sunday,148,VEHICLE OFF FOOTPATH STRIKES VEH ON CARRIAGEWAY,2,666692,2,0,1,0,1,2,1,5,Not at intersection,2,60,Uknown,45424,Serious injury,Bicyclists
T20200019740,11/9/2020,7:20:00,1,Collision with vehicle,2,Monday,121,RIGHT THROUGH,9,39909,2,0,0,1,1,2,2,1,Cross intersection,3,999,Local Road,50-59,Other injury,Bicyclists
T20200019743,11/9/2020,8:40:00,1,Collision with vehicle,2,Monday,113,RIGHT NEAR (INTERSECTIONS ONLY),1,35729,2,0,1,0,1,2,1,2,T intersection,2,60,Freeway,40-49,Serious injury,Bicyclists
T20200019750,11/9/2020,9:00:00,1,Collision with vehicle,2,Monday,148,VEHICLE OFF FOOTPATH STRIKES VEH ON CARRIAGEWAY,1,42815,2,0,0,1,1,2,1,1,Cross intersection,3,80,Arterial Highway,45424,Other injury,Bicyclists
T20200019758,8/28/2020,9:00:00,8,No collision and no object struck,6,Friday,174,OUT OF CONTROL ON CARRIAGEWAY (ON STRAIGHT),1,666653,2,0,0,1,0,1,2,5,Not at intersection,3,50,Uknown,70+,Other injury,Bicyclists
T20200019768,11/9/2020,15:29:00,1,Collision with vehicle,2,Monday,111,RIGHT FAR (INTERSECTIONS ONLY),1,38699,2,0,1,0,1,2,1,1,Cross intersection,2,60,Arterial Other,50-59,Serious injury,Bicyclists
T20200019776,11/9/2020,17:14:00,1,Collision with vehicle,2,Monday,121,RIGHT THROUGH,1,667705,2,0,0,1,1,2,1,5,Not at intersection,3,40,Local Road,60-64,Other injury,Bicyclists
T20200019781,11/4/2020,14:40:00,2,Struck Pedestrian,4,Wednesday,103,PED PLAYING/LYING/WORKING/STANDING ON CARRIAGEWAY.,1,666757,1,0,1,0,1,2,1,5,Not at intersection,2,40,Local Road,65-69,Serious injury,Bicyclists
T20200019803,11/6/2020,10:30:00,1,Collision with vehicle,6,Friday,163,VEHICLE STRIKES DOOR OF PARKED/STATIONARY VEHICLE,1,36039,2,0,1,0,1,2,2,2,T intersection,2,50,Local Road,40-49,Serious injury,Bicyclists
T20200019807,11/10/2020,8:05:00,1,Collision with vehicle,3,Tuesday,148,VEHICLE OFF FOOTPATH STRIKES VEH ON CARRIAGEWAY,1,667077,2,0,0,1,1,2,1,5,Not at intersection,3,60,Freeway,16-17,Other injury,Bicyclists
T20200019814,11/10/2020,9:50:00,1,Collision with vehicle,3,Tuesday,113,RIGHT NEAR (INTERSECTIONS ONLY),1,668791,2,0,0,1,1,2,1,2,T intersection,3,100,Uknown,60-64,Other injury,Bicyclists
T20200019851,11/10/2020,15:34:00,1,Collision with vehicle,3,Tuesday,148,VEHICLE OFF FOOTPATH STRIKES VEH ON CARRIAGEWAY,1,682035,2,0,0,1,1,2,2,5,Not at intersection,3,40,Arterial Other,45424,Other injury,Bicyclists
T20200019861,11/10/2020,19:00:00,1,Collision with vehicle,3,Tuesday,147,VEHICLE STRIKES ANOTHER VEH WHILE EMERGING FROM DRIVEWAY,1,666758,2,0,0,1,0,1,2,2,T intersection,3,50,Local Road,18-21,Other injury,Bicyclists
T20200019883,9/20/2020,18:05:00,1,Collision with vehicle,0,Sunday,110,CROSS TRAFFIC(INTERSECTIONS ONLY),2,41152,2,0,0,1,2,3,1,1,Cross intersection,3,50,Local Road,50-59,Other injury,Bicyclists
T20200019893,11/4/2020,15:00:00,1,Collision with vehicle,3,Wednesday,148,VEHICLE OFF FOOTPATH STRIKES VEH ON CARRIAGEWAY,1,681106,2,0,0,1,0,1,2,5,Not at intersection,3,60,Arterial Other,30-39,Other injury,Bicyclists
T20200019908,10/14/2020,17:00:00,1,Collision with vehicle,4,Wednesday,110,CROSS TRAFFIC(INTERSECTIONS ONLY),1,29361,2,0,0,1,1,2,2,1,Cross intersection,3,40,Local Road,30-39,Other injury,Bicyclists
T20200019915,10/22/2020,7:20:00,1,Collision with vehicle,5,Thursday,133,LANE SIDE SWIPE (VEHICLES IN PARALLEL LANES),9,671921,2,0,0,1,0,1,2,5,Not at intersection,3,60,Arterial Other,22-25,Other injury,Bicyclists
T20200019919,11/10/2020,15:20:00,1,Collision with vehicle,3,Tuesday,148,VEHICLE OFF FOOTPATH STRIKES VEH ON CARRIAGEWAY,1,808,2,0,0,1,1,2,2,2,T intersection,3,40,Local Road,45424,Other injury,Bicyclists
T20200019921,11/11/2020,12:51:00,1,Collision with vehicle,4,Wednesday,110,CROSS TRAFFIC(INTERSECTIONS ONLY),1,36278,2,0,1,0,2,3,1,1,Cross intersection,2,60,Local Road,65-69,Serious injury,Bicyclists
T20200019940,11/11/2020,15:25:00,8,No collision and no object struck,4,Wednesday,172,OFF CARRIAGEWAY TO RIGHT,1,66429,2,0,1,0,1,2,1,2,T intersection,2,50,Local Road,50-59,Serious injury,Bicyclists
T20200019950,11/11/2020,17:30:00,8,No collision and no object struck,3,Wednesday,174,OUT OF CONTROL ON CARRIAGEWAY (ON STRAIGHT),1,670576,1,0,0,1,0,1,1,5,Not at intersection,3,80,Local Road,30-39,Other injury,Bicyclists
T20200019951,11/10/2020,19:30:00,1,Collision with vehicle,2,Tuesday,163,VEHICLE STRIKES DOOR OF PARKED/STATIONARY VEHICLE,1,667577,2,0,0,1,1,2,2,2,T intersection,3,40,Local Road,26-29,Other injury,Bicyclists
T20200019970,11/12/2020,5:37:00,1,Collision with vehicle,4,Thursday,110,CROSS TRAFFIC(INTERSECTIONS ONLY),3,72356,2,0,0,1,1,2,2,4,Multiple intersection,3,60,Arterial Other,30-39,Other injury,Bicyclists
T20200019976,11/12/2020,11:09:00,2,Struck Pedestrian,4,Thursday,102,FAR SIDE. PED HIT BY VEHICLE FROM THE LEFT,1,666989,1,0,0,1,0,1,1,5,Not at intersection,3,999,Uknown,60-64,Other injury,Pedestrians
T20200020008,10/27/2020,15:30:00,6,Vehicle overturned (no collision),3,Tuesday,179,OTHER ACCIDENTS-OFF STRAIGHT NOT INCLUDED IN DCAs 170-175,1,265007,2,0,0,1,0,1,2,5,Not at intersection,3,40,Local Road,30-39,Other injury,Bicyclists
T20200020017,11/12/2020,8:05:00,1,Collision with vehicle,5,Thursday,130,REAR END(VEHICLES IN SAME LANE),1,672268,2,1,0,0,1,2,1,5,Not at intersection,1,100,Uknown,40-49,Fatality,Bicyclists
T20200020043,11/13/2020,10:30:00,1,Collision with vehicle,5,Friday,116,LEFT NEAR (INTERSECTIONS ONLY),1,40290,2,0,1,0,1,2,2,2,T intersection,2,50,Arterial Other,30-39,Serious injury,Bicyclists
T20200020055,11/13/2020,9:48:00,1,Collision with vehicle,6,Friday,136,RIGHT TURN SIDESWIPE,1,37404,2,0,1,0,0,1,1,2,T intersection,2,60,Arterial Other,30-39,Serious injury,Bicyclists
T20200020088,11/9/2020,11:03:00,1,Collision with vehicle,2,Monday,163,VEHICLE STRIKES DOOR OF PARKED/STATIONARY VEHICLE,1,667167,2,0,1,0,2,3,2,5,Not at intersection,2,50,Local Road,60-64,Serious injury,Bicyclists
T20200020107,11/5/2020,16:00:00,1,Collision with vehicle,4,Thursday,122,LEFT THROUGH,1,355230,2,0,0,1,1,2,2,1,Cross intersection,3,70,Arterial Highway,16-17,Other injury,Bicyclists
T20200020125,11/14/2020,8:25:00,5,collision with some other object,6,Saturday,166,STRUCK OBJECT ON CARRIAGEWAY,1,672581,2,0,0,1,1,2,2,5,Not at intersection,3,50,Arterial Other,40-49,Other injury,Bicyclists
T20200020135,11/14/2020,11:45:00,1,Collision with vehicle,7,Saturday,148,VEHICLE OFF FOOTPATH STRIKES VEH ON CARRIAGEWAY,1,668910,2,0,0,1,2,3,1,1,Cross intersection,3,60,Local Road,45424,Other injury,Bicyclists
T20200020144,11/14/2020,15:40:00,1,Collision with vehicle,7,Saturday,147,VEHICLE STRIKES ANOTHER VEH WHILE EMERGING FROM DRIVEWAY,1,672186,2,0,0,1,1,2,1,5,Not at intersection,3,50,Local Road,45424,Other injury,Bicyclists
T20200020151,11/14/2020,16:55:00,1,Collision with vehicle,6,Saturday,142,LEAVING PARKING,1,667259,2,0,0,1,1,2,1,5,Not at intersection,3,60,Arterial Other,50-59,Other injury,Bicyclists
T20200020152,11/10/2020,13:00:00,1,Collision with vehicle,3,Tuesday,137,LEFT TURN SIDESWIPE,1,683155,2,0,0,1,0,1,2,5,Not at intersection,3,888,Uknown,30-39,Other injury,Bicyclists
T20200020154,11/12/2020,16:45:00,1,Collision with vehicle,5,Thursday,121,RIGHT THROUGH,1,40053,2,0,0,1,1,2,2,2,T intersection,3,60,Arterial Other,50-59,Other injury,Bicyclists
T20200020193,11/14/2020,8:00:00,1,Collision with vehicle,7,Saturday,110,CROSS TRAFFIC(INTERSECTIONS ONLY),1,50691,2,0,1,0,1,2,2,1,Cross intersection,2,50,Local Road,60-64,Serious injury,Bicyclists
T20200020205,11/15/2020,5:30:00,5,collision with some other object,1,Sunday,183,OFF LEFT BEND INTO OBJECT/PARKED VEHICLE,5,669578,1,0,1,0,0,1,1,5,Not at intersection,2,60,Local Road,50-59,Serious injury,Bicyclists
T20200020210,11/15/2020,11:37:00,1,Collision with vehicle,1,Sunday,148,VEHICLE OFF FOOTPATH STRIKES VEH ON CARRIAGEWAY,1,667583,2,0,0,1,1,2,1,5,Not at intersection,3,50,Local Road,45424,Other injury,Bicyclists
T20200020226,11/15/2020,19:35:00,1,Collision with vehicle,0,Sunday,110,CROSS TRAFFIC(INTERSECTIONS ONLY),1,65374,2,0,0,1,1,2,1,1,Cross intersection,3,40,Local Road,30-39,Other injury,Bicyclists
T20200020236,10/13/2020,18:26:00,1,Collision with vehicle,3,Tuesday,130,REAR END(VEHICLES IN SAME LANE),1,651087,2,0,1,0,1,2,1,2,T intersection,2,50,Local Road,40-49,Serious injury,Bicyclists
T20200020258,8/13/2020,9:00:00,1,Collision with vehicle,4,Thursday,113,RIGHT NEAR (INTERSECTIONS ONLY),1,41152,2,0,0,1,1,2,2,1,Cross intersection,3,60,Local Road,50-59,Other injury,Bicyclists
T20200020259,11/5/2020,10:00:00,1,Collision with vehicle,5,Thursday,137,LEFT TURN SIDESWIPE,1,37684,2,0,0,1,1,2,2,2,T intersection,3,40,Local Road,30-39,Other injury,Bicyclists