ACCIDENT_NO,ACCIDENT_DATE,ACCIDENT_TIME,ACCIDENT_TYPE,ACCIDENT_TYPE_DESC,DAY_OF_WEEK,DAY_WEEK_DESC,DCA_CODE,DCA_DESC,LIGHT_CONDITION,NODE_ID,NO_OF_VEHICLES,NO_PERSONS_KILLED,NO_PERSONS_INJ_2,NO_PERSONS_INJ_3,NO_PERSONS_NOT_INJ,NO_PERSONS,POLICE_ATTEND,ROAD_GEOMETRY,ROAD_GEOMETRY_DESC,SEVERITY,SPEED_ZONE,RMA,AGE_GROUP,INJ_LEVEL,ROAD_USER_TYPE_DESC
T20200020294,11/16/2020,16:40:00,1,Collision with vehicle,2,Monday,133,LANE SIDE SWIPE (VEHICLES IN PARALLEL LANES),1,670817,2,0,1,0,1,2,2,5,Not at intersection,2,60,Arterial Other,30-39,Serious injury,Bicyclists
T20200020327,11/17/2020,7:40:00,1,Collision with vehicle,3,Tuesday,113,RIGHT NEAR (INTERSECTIONS ONLY),1,43588,2,0,1,0,2,3,1,2,T intersection,2,50,Local Road,22-25,Serious injury,Bicyclists
T20200020346,11/10/2020,6:50:00,1,Collision with vehicle,2,Tuesday,137,LEFT TURN SIDESWIPE,1,773274,2,0,0,1,1,2,2,5,Not at intersection,3,999,Arterial Other,50-59,Other injury,Bicyclists
T20200020349,11/3/2020,9:30:00,1,Collision with vehicle,3,Tuesday,136,RIGHT TURN SIDESWIPE,1,34171,2,0,0,1,0,1,2,1,Cross intersection,3,60,Arterial Highway,40-49,Other injury,Bicyclists
T20200020370,11/17/2020,10:23:00,8,No collision and no object struck,2,Tuesday,174,OUT OF CONTROL ON CARRIAGEWAY (ON STRAIGHT),1,776859,1,0,0,1,0,1,1,5,Not at intersection,3,60,Local Road,18-21,Other injury,Bicyclists
T20200020395,11/17/2020,18:53:00,1,Collision with vehicle,3,Tuesday,147,VEHICLE STRIKES ANOTHER VEH WHILE EMERGING FROM DRIVEWAY,1,672241,2,0,0,1,1,2,1,5,Not at intersection,3,50,Local Road,45424,Other injury,Bicyclists
T20200020422,11/18/2020,8:30:00,1,Collision with vehicle,3,Wednesday,110,CROSS TRAFFIC(INTERSECTIONS ONLY),1,239570,2,0,0,1,0,1,1,1,Cross intersection,3,40,Local Road,18-21,Other injury,Bicyclists
T20200020444,11/17/2020,18:12:00,9,Other accident,3,Tuesday,139,OTHER SAME DIRECTION-MANOUEVRES NOT INCLUDED IN DCAs 130-137,1,667917,2,0,0,1,1,2,2,5,Not at intersection,3,60,Arterial Other,40-49,Other injury,Bicyclists
T20200020446,11/16/2020,8:30:00,1,Collision with vehicle,1,Monday,153,CUTTING IN (OVERTAKING),1,682888,2,0,0,1,0,1,2,4,Multiple intersection,3,60,Arterial Other,30-39,Other injury,Bicyclists
T20200020449,11/18/2020,8:25:00,1,Collision with vehicle,4,Wednesday,160,VEHICLE COLLIDES WITH VEHICLE PARKED ON LEFT OF ROAD,1,667918,2,0,1,0,0,1,1,5,Not at intersection,2,50,Local Road,50-59,Serious injury,Bicyclists
T20200020501,11/19/2020,8:25:00,1,Collision with vehicle,5,Thursday,110,CROSS TRAFFIC(INTERSECTIONS ONLY),1,52176,2,0,0,1,1,2,1,1,Cross intersection,3,40,Local Road,13-15,Other injury,Bicyclists
T20200020505,11/19/2020,7:20:00,1,Collision with vehicle,4,Thursday,121,RIGHT THROUGH,2,277108,2,0,1,0,1,2,1,2,T intersection,2,60,Arterial Other,40-49,Serious injury,Bicyclists
T20200020508,11/18/2020,8:45:00,1,Collision with vehicle,4,Wednesday,147,VEHICLE STRIKES ANOTHER VEH WHILE EMERGING FROM DRIVEWAY,1,673373,2,0,0,1,1,2,2,5,Not at intersection,3,40,Arterial Other,45424,Other injury,Bicyclists
T20200020529,11/1/2020,18:30:00,1,Collision with vehicle,1,Sunday,160,VEHICLE COLLIDES WITH VEHICLE PARKED ON LEFT OF ROAD,9,674338,3,0,0,1,2,3,2,5,Not at intersection,3,40,Arterial Other,26-29,Other injury,Bicyclists
T20200020586,11/20/2020,6:40:00,1,Collision with vehicle,6,Friday,147,VEHICLE STRIKES ANOTHER VEH WHILE EMERGING FROM DRIVEWAY,1,187793,2,0,0,1,1,2,2,5,Not at intersection,3,70,Arterial Other,40-49,Other injury,Bicyclists
T20200020590,11/20/2020,6:35:00,1,Collision with vehicle,5,Friday,160,VEHICLE COLLIDES WITH VEHICLE PARKED ON LEFT OF ROAD,1,667833,2,0,0,1,0,1,1,5,Not at intersection,3,50,Local Road,40-49,Other injury,Bicyclists
T20200020595,11/20/2020,8:13:00,1,Collision with vehicle,6,Friday,111,RIGHT FAR (INTERSECTIONS ONLY),1,56842,2,0,1,0,1,2,1,1,Cross intersection,2,50,Arterial Other,13-15,Serious injury,Bicyclists
T20200020602,11/20/2020,8:27:00,1,Collision with vehicle,6,Friday,148,VEHICLE OFF FOOTPATH STRIKES VEH ON CARRIAGEWAY,1,667921,2,0,0,1,4,5,1,1,Cross intersection,3,80,Local Road,40-49,Other injury,Bicyclists
T20200020603,11/7/2020,7:45:00,8,No collision and no object struck,7,Saturday,184,OUT OF CONTROL ON CARRIAGEWAY (ON BEND),9,668120,1,0,1,0,0,1,2,5,Not at intersection,2,60,Uknown,40-49,Serious injury,Bicyclists
T20200020612,11/18/2020,15:50:00,8,No collision and no object struck,4,Wednesday,174,OUT OF CONTROL ON CARRIAGEWAY (ON STRAIGHT),1,670192,2,0,0,1,0,1,2,5,Not at intersection,3,50,Uknown,45424,Other injury,Bicyclists
T20200020618,11/18/2020,7:15:00,1,Collision with vehicle,3,Wednesday,116,LEFT NEAR (INTERSECTIONS ONLY),2,669581,2,0,0,1,1,2,2,2,T intersection,3,80,Arterial Other,40-49,Other injury,Bicyclists
T20200020627,11/20/2020,12:15:00,1,Collision with vehicle,6,Friday,113,RIGHT NEAR (INTERSECTIONS ONLY),1,57599,2,0,1,0,1,2,1,2,T intersection,2,50,Arterial Other,70+,Serious injury,Bicyclists
T20200020642,9/13/2020,21:00:00,6,Vehicle overturned (no collision),1,Sunday,174,OUT OF CONTROL ON CARRIAGEWAY (ON STRAIGHT),5,667835,1,0,0,1,0,1,2,5,Not at intersection,3,100,Arterial Highway,30-39,Other injury,Bicyclists
T20200020656,11/20/2020,18:15:00,1,Collision with vehicle,6,Friday,148,VEHICLE OFF FOOTPATH STRIKES VEH ON CARRIAGEWAY,1,51040,2,0,0,1,1,2,1,1,Cross intersection,3,50,Arterial Highway,60-64,Other injury,Bicyclists
T20200020661,11/20/2020,15:31:00,1,Collision with vehicle,5,Friday,121,RIGHT THROUGH,1,41767,2,0,1,0,1,2,1,2,T intersection,2,70,Arterial Other,50-59,Serious injury,Bicyclists
T20200020671,11/20/2020,16:08:00,1,Collision with vehicle,6,Friday,148,VEHICLE OFF FOOTPATH STRIKES VEH ON CARRIAGEWAY,1,672779,2,0,0,1,2,3,1,2,T intersection,3,999,Local Road,45424,Other injury,Bicyclists
T20200020685,11/18/2020,23:00:00,4,Collision with a fixed object,4,Wednesday,183,OFF LEFT BEND INTO OBJECT/PARKED VEHICLE,5,672242,1,0,1,0,0,1,1,5,Not at intersection,2,999,Arterial Other,30-39,Serious injury,Bicyclists
T20200020695,11/21/2020,9:11:00,1,Collision with vehicle,6,Saturday,133,LANE SIDE SWIPE (VEHICLES IN PARALLEL LANES),1,669049,2,0,1,0,1,2,1,5,Not at intersection,2,80,Arterial Other,50-59,Serious injury,Bicyclists
T20200020706,11/21/2020,7:10:00,1,Collision with vehicle,7,Saturday,130,REAR END(VEHICLES IN SAME LANE),1,667927,2,0,1,0,1,2,1,5,Not at intersection,2,80,Arterial Highway,60-64,Serious injury,Bicyclists
T20200020710,11/21/2020,11:30:00,4,Collision with a fixed object,7,Saturday,181,OFF RIGHT BEND INTO OBJECT/PARKED VEHICLE,1,669246,1,0,1,0,0,1,1,5,Not at intersection,2,80,Uknown,30-39,Serious injury,Bicyclists
T20200020736,11/21/2020,11:00:00,1,Collision with vehicle,6,Saturday,163,VEHICLE STRIKES DOOR OF PARKED/STATIONARY VEHICLE,1,668914,2,0,0,1,1,2,2,5,Not at intersection,3,60,Arterial Other,30-39,Other injury,Bicyclists
T20200020747,11/21/2020,20:50:00,1,Collision with vehicle,7,Saturday,110,CROSS TRAFFIC(INTERSECTIONS ONLY),3,668702,2,0,1,0,1,2,1,1,Cross intersection,2,70,Local Road,40-49,Serious injury,Bicyclists
T20200020762,11/21/2020,15:14:00,1,Collision with vehicle,6,Saturday,133,LANE SIDE SWIPE (VEHICLES IN PARALLEL LANES),1,670333,2,0,0,1,1,2,1,5,Not at intersection,3,70,Arterial Highway,40-49,Other injury,Bicyclists
T20200020764,11/22/2020,10:10:00,1,Collision with vehicle,1,Sunday,110,CROSS TRAFFIC(INTERSECTIONS ONLY),1,52750,2,0,0,1,1,2,2,1,Cross intersection,3,60,Uknown,40-49,Other injury,Bicyclists
T20200020776,11/22/2020,14:18:00,1,Collision with vehicle,1,Sunday,110,CROSS TRAFFIC(INTERSECTIONS ONLY),1,668126,2,0,1,0,1,2,1,1,Cross intersection,2,60,Local Road,40-49,Serious injury,Bicyclists
T20200020787,11/22/2020,14:05:00,1,Collision with vehicle,1,Sunday,142,LEAVING PARKING,1,670578,2,0,0,1,1,2,1,5,Not at intersection,3,40,Local Road,26-29,Other injury,Bicyclists
T20200020838,11/14/2020,14:50:00,1,Collision with vehicle,6,Saturday,133,LANE SIDE SWIPE (VEHICLES IN PARALLEL LANES),1,41103,2,0,0,1,3,4,2,2,T intersection,3,60,Arterial Other,40-49,Other injury,Bicyclists
T20200020940,11/16/2020,8:40:00,1,Collision with vehicle,1,Monday,147,VEHICLE STRIKES ANOTHER VEH WHILE EMERGING FROM DRIVEWAY,1,672502,2,0,0,1,0,1,2,5,Not at intersection,3,888,Uknown,45424,Other injury,Bicyclists
T20200020955,11/24/2020,16:05:00,1,Collision with vehicle,2,Tuesday,119,OTHER ADJACENT (INTERSECTIONS ONLY),1,66062,2,0,0,1,1,2,1,2,T intersection,3,40,Arterial Other,45424,Other injury,Bicyclists
T20200020958,11/22/2020,9:00:00,1,Collision with vehicle,0,Sunday,129,OTHER OPPOSING MANOEUVRES NOT INCLUDED IN DCAs 120-125.,1,39832,2,0,0,1,0,1,2,1,Cross intersection,3,70,Arterial Other,16-17,Other injury,Bicyclists
T20200020982,11/24/2020,18:04:00,1,Collision with vehicle,3,Tuesday,110,CROSS TRAFFIC(INTERSECTIONS ONLY),1,29588,2,0,1,0,1,2,1,1,Cross intersection,2,60,Arterial Other,50-59,Serious injury,Bicyclists
T20200021045,11/22/2020,18:00:00,1,Collision with vehicle,1,Sunday,140,U TURN,2,668620,2,0,0,1,1,2,2,5,Not at intersection,3,50,Arterial Other,30-39,Other injury,Bicyclists
T20200021063,11/25/2020,15:45:00,1,Collision with vehicle,3,Wednesday,137,LEFT TURN SIDESWIPE,1,36390,2,0,1,0,1,2,1,2,T intersection,2,40,Local Road,22-25,Serious injury,Bicyclists
T20200021124,11/26/2020,16:45:00,1,Collision with vehicle,5,Thursday,147,VEHICLE STRIKES ANOTHER VEH WHILE EMERGING FROM DRIVEWAY,1,669638,2,0,0,1,1,2,1,5,Not at intersection,3,999,Arterial Other,13-15,Other injury,Bicyclists
T20200021140,11/26/2020,18:05:00,1,Collision with vehicle,5,Thursday,148,VEHICLE OFF FOOTPATH STRIKES VEH ON CARRIAGEWAY,1,669146,2,0,0,1,1,2,1,5,Not at intersection,3,40,Local Road,40-49,Other injury,Bicyclists
T20200021154,11/27/2020,6:50:00,5,collision with some other object,6,Friday,166,STRUCK OBJECT ON CARRIAGEWAY,2,671370,3,0,1,1,1,3,1,5,Not at intersection,2,80,Arterial Other,40-49,Serious injury,Bicyclists
T20200021157,11/20/2020,10:55:00,1,Collision with vehicle,6,Friday,147,VEHICLE STRIKES ANOTHER VEH WHILE EMERGING FROM DRIVEWAY,1,672780,2,0,1,0,1,2,2,5,Not at intersection,2,60,Arterial Other,50-59,Serious injury,Bicyclists
T20200021168,11/27/2020,8:18:00,1,Collision with vehicle,6,Friday,113,RIGHT NEAR (INTERSECTIONS ONLY),1,39894,2,0,1,0,1,2,1,1,Cross intersection,2,60,Arterial Other,60-64,Serious injury,Bicyclists
T20200021192,11/27/2020,15:00:00,1,Collision with vehicle,5,Friday,120,HEAD ON (NOT OVERTAKING),1,780709,2,0,0,1,1,2,1,5,Not at intersection,3,50,Local Road,13-15,Other injury,Bicyclists
T20200021193,11/16/2020,12:45:00,1,Collision with vehicle,2,Monday,137,LEFT TURN SIDESWIPE,1,44442,2,0,1,0,1,2,2,5,Not at intersection,2,50,Local Road,40-49,Serious injury,Bicyclists
T20200021231,11/27/2020,16:30:00,1,Collision with vehicle,6,Friday,147,VEHICLE STRIKES ANOTHER VEH WHILE EMERGING FROM DRIVEWAY,1,668712,2,0,0,1,0,1,1,5,Not at intersection,3,50,Local Road,18-21,Other injury,Bicyclists
T20200021260,11/24/2020,8:30:00,2,Struck Pedestrian,2,Tuesday,106,VEH STRIKES PED ON FOOTPATH/MEDIAN/TRAFFIC ISLAND.,1,671587,1,0,1,0,1,2,2,1,Cross intersection,2,888,Local Road,Unknown,Not injured,Bicyclists
T20200021263,11/27/2020,16:30:00,1,Collision with vehicle,5,Friday,147,VEHICLE STRIKES ANOTHER VEH WHILE EMERGING FROM DRIVEWAY,1,42072,2,0,0,1,0,1,2,2,T intersection,3,60,Arterial Other,26-29,Other injury,Bicyclists
T20200021267,11/28/2020,6:25:00,1,Collision with vehicle,6,Saturday,110,CROSS TRAFFIC(INTERSECTIONS ONLY),2,38799,2,0,0,1,1,2,2,1,Cross intersection,3,50,Local Road,30-39,Other injury,Bicyclists
T20200021299,11/28/2020,17:05:00,1,Collision with vehicle,7,Saturday,148,VEHICLE OFF FOOTPATH STRIKES VEH ON CARRIAGEWAY,1,669255,2,0,1,0,1,2,1,5,Not at intersection,2,50,Local Road,13-15,Not injured,Bicyclists
T20200021316,11/24/2020,18:38:00,1,Collision with vehicle,3,Tuesday,163,VEHICLE STRIKES DOOR OF PARKED/STATIONARY VEHICLE,9,343773,2,0,0,1,1,2,2,5,Not at intersection,3,50,Local Road,65-69,Other injury,Bicyclists
T20200021318,11/28/2020,15:00:00,1,Collision with vehicle,7,Saturday,163,VEHICLE STRIKES DOOR OF PARKED/STATIONARY VEHICLE,1,669585,2,0,0,1,1,2,1,5,Not at intersection,3,40,Local Road,26-29,Other injury,Bicyclists
T20200021320,11/28/2020,17:50:00,1,Collision with vehicle,7,Saturday,110,CROSS TRAFFIC(INTERSECTIONS ONLY),1,43618,2,0,1,0,1,2,1,1,Cross intersection,2,50,Local Road,50-59,Serious injury,Bicyclists
T20200021402,11/19/2020,6:20:00,1,Collision with vehicle,4,Thursday,113,RIGHT NEAR (INTERSECTIONS ONLY),2,54399,2,0,0,2,0,2,2,2,T intersection,3,60,Arterial Other,40-49,Other injury,Bicyclists
T20200021406,11/4/2020,9:40:00,1,Collision with vehicle,4,Wednesday,163,VEHICLE STRIKES DOOR OF PARKED/STATIONARY VEHICLE,1,668930,2,0,0,1,0,1,2,1,Cross intersection,3,60,Local Road,40-49,Other injury,Bicyclists
T20200021417,10/28/2020,7:45:00,1,Collision with vehicle,3,Wednesday,135,LANE CHANGE LEFT (NOT OVERTAKING),1,670092,2,0,0,1,1,2,2,1,Cross intersection,3,40,Arterial Other,30-39,Other injury,Bicyclists
T20200021437,11/29/2020,18:30:00,1,Collision with vehicle,1,Sunday,111,RIGHT FAR (INTERSECTIONS ONLY),1,317692,2,0,0,1,1,2,2,2,T intersection,3,999,Arterial Other,30-39,Other injury,Bicyclists
T20200021476,11/30/2020,18:47:00,1,Collision with vehicle,1,Monday,133,LANE SIDE SWIPE (VEHICLES IN PARALLEL LANES),1,29419,2,0,0,1,0,1,1,1,Cross intersection,3,40,Local Road,40-49,Other injury,Bicyclists
T20200021477,11/30/2020,18:00:00,1,Collision with vehicle,2,Monday,110,CROSS TRAFFIC(INTERSECTIONS ONLY),1,52463,2,0,1,0,1,2,1,1,Cross intersection,2,50,Local Road,50-59,Serious injury,Bicyclists
T20200021478,11/30/2020,21:06:00,1,Collision with vehicle,2,Monday,121,RIGHT THROUGH,3,71697,2,0,1,0,1,2,1,2,T intersection,2,60,Local Road,40-49,Serious injury,Bicyclists
T20200021479,11/30/2020,17:30:00,1,Collision with vehicle,2,Monday,130,REAR END(VEHICLES IN SAME LANE),1,669296,2,0,0,1,1,2,2,5,Not at intersection,3,60,Arterial Other,26-29,Other injury,Bicyclists
T20200021525,11/27/2020,13:30:00,1,Collision with vehicle,6,Friday,145,REVERSING IN STREAM OF TRAFFIC,9,669634,2,0,0,1,1,2,2,5,Not at intersection,3,50,Local Road,16-17,Other injury,Bicyclists
T20200021534,12/1/2020,8:55:00,1,Collision with vehicle,3,Tuesday,147,VEHICLE STRIKES ANOTHER VEH WHILE EMERGING FROM DRIVEWAY,1,670195,2,0,0,1,1,2,1,5,Not at intersection,3,60,Local Road,65-69,Other injury,Bicyclists
T20200021550,12/1/2020,21:30:00,1,Collision with vehicle,3,Tuesday,142,LEAVING PARKING,3,670612,2,0,1,0,1,2,1,5,Not at intersection,2,40,Local Road,50-59,Serious injury,Bicyclists
T20200021570,12/2/2020,7:48:00,1,Collision with vehicle,4,Wednesday,121,RIGHT THROUGH,1,35318,2,0,0,1,1,2,1,1,Cross intersection,3,40,Local Road,26-29,Other injury,Bicyclists
T20200021572,12/2/2020,7:05:00,1,Collision with vehicle,4,Wednesday,121,RIGHT THROUGH,1,669155,2,0,1,0,2,3,1,1,Cross intersection,2,60,Local Road,40-49,Serious injury,Bicyclists
T20200021586,12/2/2020,8:20:00,1,Collision with vehicle,4,Wednesday,148,VEHICLE OFF FOOTPATH STRIKES VEH ON CARRIAGEWAY,1,669421,2,0,1,0,1,2,1,5,Not at intersection,2,40,Uknown,40-49,Serious injury,Bicyclists
T20200021595,12/2/2020,8:21:00,1,Collision with vehicle,4,Wednesday,148,VEHICLE OFF FOOTPATH STRIKES VEH ON CARRIAGEWAY,1,673129,2,0,1,0,1,2,1,5,Not at intersection,2,70,Local Road,30-39,Serious injury,Bicyclists
T20200021629,12/2/2020,17:00:00,1,Collision with vehicle,3,Wednesday,147,VEHICLE STRIKES ANOTHER VEH WHILE EMERGING FROM DRIVEWAY,1,672681,2,0,0,1,1,2,1,5,Not at intersection,3,999,Arterial Other,13-15,Other injury,Bicyclists
T20200021642,12/2/2020,13:30:00,1,Collision with vehicle,3,Wednesday,163,VEHICLE STRIKES DOOR OF PARKED/STATIONARY VEHICLE,1,669342,2,0,0,1,1,2,1,5,Not at intersection,3,40,Local Road,26-29,Other injury,Bicyclists
T20200021756,12/2/2020,14:30:00,8,No collision and no object struck,4,Wednesday,174,OUT OF CONTROL ON CARRIAGEWAY (ON STRAIGHT),1,39184,3,0,0,1,2,3,2,2,T intersection,3,60,Arterial Other,60-64,Other injury,Bicyclists
T20200021800,12/4/2020,21:20:00,1,Collision with vehicle,6,Friday,148,VEHICLE OFF FOOTPATH STRIKES VEH ON CARRIAGEWAY,3,671373,2,0,0,2,0,2,1,1,Cross intersection,3,60,Local Road,60-64,Other injury,Bicyclists
T20200021822,12/5/2020,9:06:00,5,collision with some other object,7,Saturday,166,STRUCK OBJECT ON CARRIAGEWAY,1,675638,2,0,1,0,0,1,1,5,Not at intersection,2,80,Uknown,50-59,Serious injury,Bicyclists
T20200021823,12/5/2020,7:07:00,1,Collision with vehicle,7,Saturday,113,RIGHT NEAR (INTERSECTIONS ONLY),1,59838,2,0,1,0,1,2,1,2,T intersection,2,60,Local Road,40-49,Serious injury,Bicyclists
T20200021828,12/5/2020,10:42:00,1,Collision with vehicle,7,Saturday,121,RIGHT THROUGH,1,669792,2,0,0,1,1,2,1,2,T intersection,3,70,Arterial Other,40-49,Other injury,Bicyclists
T20200021870,12/5/2020,19:09:00,1,Collision with vehicle,7,Saturday,148,VEHICLE OFF FOOTPATH STRIKES VEH ON CARRIAGEWAY,2,672713,2,0,0,1,0,1,2,5,Not at intersection,3,999,Local Road,13-15,Other injury,Bicyclists
T20200021892,11/15/2020,7:10:00,1,Collision with vehicle,1,Sunday,163,VEHICLE STRIKES DOOR OF PARKED/STATIONARY VEHICLE,1,669503,2,0,0,1,1,2,2,5,Not at intersection,3,60,Local Road,40-49,Other injury,Bicyclists
T20200021902,12/4/2020,19:45:00,1,Collision with vehicle,5,Friday,163,VEHICLE STRIKES DOOR OF PARKED/STATIONARY VEHICLE,2,676542,2,0,0,1,2,3,2,5,Not at intersection,3,40,Local Road,40-49,Other injury,Bicyclists
T20200021904,12/6/2020,12:35:00,1,Collision with vehicle,0,Sunday,137,LEFT TURN SIDESWIPE,1,675089,2,0,0,1,1,2,1,5,Not at intersection,3,40,Arterial Other,26-29,Other injury,Bicyclists
T20200021921,12/6/2020,15:10:00,1,Collision with vehicle,1,Sunday,136,RIGHT TURN SIDESWIPE,1,669597,2,0,1,0,1,2,1,5,Not at intersection,2,50,Local Road,13-15,Serious injury,Bicyclists
T20200021938,12/4/2020,16:20:00,1,Collision with vehicle,6,Friday,137,LEFT TURN SIDESWIPE,1,47916,2,0,0,1,0,1,2,2,T intersection,3,60,Arterial Other,40-49,Other injury,Bicyclists
T20200021961,12/7/2020,8:20:00,1,Collision with vehicle,1,Monday,147,VEHICLE STRIKES ANOTHER VEH WHILE EMERGING FROM DRIVEWAY,1,682308,2,0,1,0,1,2,1,5,Not at intersection,2,999,Arterial Other,30-39,Serious injury,Bicyclists
T20200021980,11/25/2020,16:45:00,1,Collision with vehicle,4,Wednesday,136,RIGHT TURN SIDESWIPE,1,670742,2,0,0,1,0,1,2,2,T intersection,3,999,Local Road,65-69,Other injury,Bicyclists
T20200021988,12/7/2020,9:00:00,1,Collision with vehicle,1,Monday,110,CROSS TRAFFIC(INTERSECTIONS ONLY),1,225697,2,0,0,1,1,2,1,1,Cross intersection,3,60,Local Road,22-25,Other injury,Bicyclists
T20200022000,11/30/2020,15:00:00,1,Collision with vehicle,2,Monday,121,RIGHT THROUGH,1,38064,2,0,0,1,1,2,2,1,Cross intersection,3,60,Arterial Other,50-59,Other injury,Bicyclists
T20200022002,12/7/2020,14:45:00,1,Collision with vehicle,2,Monday,116,LEFT NEAR (INTERSECTIONS ONLY),1,678068,2,0,0,1,1,2,1,1,Cross intersection,3,40,Arterial Other,40-49,Other injury,Bicyclists
T20200022008,12/7/2020,7:40:00,1,Collision with vehicle,2,Monday,139,OTHER SAME DIRECTION-MANOUEVRES NOT INCLUDED IN DCAs 130-137,1,681210,2,0,1,0,1,2,1,5,Not at intersection,2,50,Arterial Other,70+,Serious injury,Bicyclists
T20200022048,12/8/2020,9:15:00,1,Collision with vehicle,3,Tuesday,113,RIGHT NEAR (INTERSECTIONS ONLY),1,50235,2,0,1,0,2,3,1,4,Multiple intersection,2,60,Uknown,50-59,Serious injury,Bicyclists
T20200022063,12/8/2020,13:44:00,1,Collision with vehicle,3,Tuesday,147,VEHICLE STRIKES ANOTHER VEH WHILE EMERGING FROM DRIVEWAY,1,669796,2,0,0,1,1,2,1,2,T intersection,3,60,Local Road,18-21,Other injury,Bicyclists
T20200022074,12/8/2019,17:00:00,1,Collision with vehicle,1,Sunday,163,VEHICLE STRIKES DOOR OF PARKED/STATIONARY VEHICLE,9,242837,2,0,0,1,0,1,2,5,Not at intersection,3,40,Local Road,30-39,Other injury,Bicyclists
T20200022076,12/7/2020,11:29:00,1,Collision with vehicle,2,Monday,152,PULLING OUT (OVERTAKING),1,17819,2,0,0,1,1,2,2,2,T intersection,3,100,Uknown,18-21,Other injury,Bicyclists
T20200022115,12/9/2020,7:30:00,8,No collision and no object struck,4,Wednesday,174,OUT OF CONTROL ON CARRIAGEWAY (ON STRAIGHT),1,671374,1,0,0,1,0,1,1,5,Not at intersection,3,100,Arterial Highway,60-64,Other injury,Bicyclists
T20200022121,12/9/2020,6:40:00,1,Collision with vehicle,4,Wednesday,152,PULLING OUT (OVERTAKING),1,49376,2,0,1,0,1,2,1,1,Cross intersection,2,80,Arterial Other,50-59,Serious injury,Bicyclists
T20200022155,12/9/2020,17:22:00,1,Collision with vehicle,4,Wednesday,129,OTHER OPPOSING MANOEUVRES NOT INCLUDED IN DCAs 120-125.,1,675240,2,0,0,1,1,2,1,5,Not at intersection,3,60,Arterial Other,30-39,Other injury,Bicyclists
T20200022171,12/7/2020,17:30:00,1,Collision with vehicle,1,Monday,163,VEHICLE STRIKES DOOR OF PARKED/STATIONARY VEHICLE,1,773326,2,0,0,1,1,2,2,5,Not at intersection,3,40,Local Road,50-59,Other injury,Bicyclists
T20200022202,12/10/2020,8:57:00,1,Collision with vehicle,4,Thursday,148,VEHICLE OFF FOOTPATH STRIKES VEH ON CARRIAGEWAY,1,44862,2,0,0,1,1,2,1,1,Cross intersection,3,50,Uknown,40-49,Other injury,Bicyclists
T20200022237,12/10/2020,12:13:00,1,Collision with vehicle,5,Thursday,130,REAR END(VEHICLES IN SAME LANE),1,675400,4,0,2,1,2,5,1,5,Not at intersection,2,50,Local Road,13-15,Serious injury,Bicyclists
T20200022253,12/10/2020,18:00:00,1,Collision with vehicle,5,Thursday,110,CROSS TRAFFIC(INTERSECTIONS ONLY),1,63329,2,0,0,1,1,2,1,1,Cross intersection,3,50,Local Road,30-39,Other injury,Bicyclists
T20200022255,12/10/2020,18:24:00,1,Collision with vehicle,5,Thursday,149,OTHER MANOEUVRING NOT INCLUDED IN DCAs 140-148,1,679215,2,0,1,0,1,2,1,5,Not at intersection,2,40,Local Road,60-64,Serious injury,Bicyclists
T20200022266,12/10/2020,18:39:00,1,Collision with vehicle,5,Thursday,110,CROSS TRAFFIC(INTERSECTIONS ONLY),1,59464,2,0,0,1,2,3,1,1,Cross intersection,3,40,Local Road,70+,Other injury,Bicyclists
T20200022278,12/11/2020,6:05:00,1,Collision with vehicle,6,Friday,121,RIGHT THROUGH,2,40679,2,0,0,1,1,2,1,2,T intersection,3,60,Arterial Other,40-49,Other injury,Bicyclists
T20200022306,12/11/2020,12:16:00,1,Collision with vehicle,5,Friday,134,LANE CHANGE RIGHT (NOT OVERTAKING),1,670073,2,0,0,1,1,2,1,5,Not at intersection,3,40,Arterial Other,18-21,Other injury,Bicyclists
T20200022321,12/11/2020,17:06:00,1,Collision with vehicle,6,Friday,163,VEHICLE STRIKES DOOR OF PARKED/STATIONARY VEHICLE,1,670154,2,0,0,1,2,3,1,2,T intersection,3,40,Arterial Other,30-39,Other injury,Bicyclists
T20200022374,12/12/2020,7:02:00,1,Collision with vehicle,7,Saturday,121,RIGHT THROUGH,1,671424,2,0,1,0,2,3,1,5,Not at intersection,2,50,Arterial Highway,70+,Serious injury,Bicyclists
T20200022376,12/12/2020,7:20:00,1,Collision with vehicle,7,Saturday,160,VEHICLE COLLIDES WITH VEHICLE PARKED ON LEFT OF ROAD,1,670344,2,0,1,0,0,1,1,5,Not at intersection,2,60,Arterial Highway,40-49,Serious injury,Bicyclists
T20200022377,12/12/2020,11:05:00,8,No collision and no object struck,7,Saturday,184,OUT OF CONTROL ON CARRIAGEWAY (ON BEND),1,673487,1,0,1,0,0,1,1,5,Not at intersection,2,50,Arterial Other,30-39,Serious injury,Bicyclists
T20200022401,12/12/2020,6:45:00,1,Collision with vehicle,6,Saturday,133,LANE SIDE SWIPE (VEHICLES IN PARALLEL LANES),2,673489,2,0,0,1,0,1,2,5,Not at intersection,3,60,Arterial Other,50-59,Other injury,Bicyclists
T20200022409,12/5/2020,6:00:00,8,No collision and no object struck,7,Saturday,199,UNKNOWN-NO DETAILS ON MANOEUVRES OF ROAD-USERS IN ACCIDENT,1,682310,1,0,0,1,0,1,2,5,Not at intersection,3,50,Local Road,26-29,Other injury,Bicyclists