ACCIDENT_NO,ACCIDENT_DATE,ACCIDENT_TIME,ACCIDENT_TYPE,ACCIDENT_TYPE_DESC,DAY_OF_WEEK,DAY_WEEK_DESC,DCA_CODE,DCA_DESC,LIGHT_CONDITION,NODE_ID,NO_OF_VEHICLES,NO_PERSONS_KILLED,NO_PERSONS_INJ_2,NO_PERSONS_INJ_3,NO_PERSONS_NOT_INJ,NO_PERSONS,POLICE_ATTEND,ROAD_GEOMETRY,ROAD_GEOMETRY_DESC,SEVERITY,SPEED_ZONE,RMA,AGE_GROUP,INJ_LEVEL,ROAD_USER_TYPE_DESC
T20200022431,12/12/2020,21:05:00,1,Collision with vehicle,6,Saturday,136,RIGHT TURN SIDESWIPE,3,670521,2,0,0,1,0,1,1,1,Cross intersection,3,60,Arterial Highway,30-39,Other injury,Bicyclists
T20200022480,12/13/2020,11:41:00,1,Collision with vehicle,1,Sunday,120,HEAD ON (NOT OVERTAKING),1,41076,2,0,1,0,2,3,1,2,T intersection,2,60,Arterial Other,30-39,Serious injury,Bicyclists
T20200022501,12/13/2020,19:15:00,1,Collision with vehicle,1,Sunday,148,VEHICLE OFF FOOTPATH STRIKES VEH ON CARRIAGEWAY,1,281239,2,0,0,1,1,2,1,5,Not at intersection,3,999,Uknown,30-39,Other injury,Bicyclists
T20200022509,12/9/2020,14:27:00,1,Collision with vehicle,3,Wednesday,113,RIGHT NEAR (INTERSECTIONS ONLY),1,729900,2,0,0,1,1,2,1,2,T intersection,3,80,Arterial Other,50-59,Other injury,Bicyclists
T20200022533,9/2/2020,10:00:00,1,Collision with vehicle,3,Wednesday,131,LEFT REAR,1,66215,2,0,0,1,1,2,2,2,T intersection,3,50,Local Road,22-25,Other injury,Bicyclists
T20200022549,12/14/2020,10:20:00,1,Collision with vehicle,2,Monday,120,HEAD ON (NOT OVERTAKING),1,702521,2,0,1,1,2,4,1,5,Not at intersection,2,100,Uknown,50-59,Serious injury,Bicyclists
T20200022676,12/15/2020,14:28:00,8,No collision and no object struck,3,Tuesday,174,OUT OF CONTROL ON CARRIAGEWAY (ON STRAIGHT),1,262832,2,0,0,1,1,2,1,5,Not at intersection,3,40,Local Road,40-49,Other injury,Bicyclists
T20200022677,12/15/2020,15:50:00,1,Collision with vehicle,2,Tuesday,116,LEFT NEAR (INTERSECTIONS ONLY),1,69363,2,0,0,1,2,3,1,2,T intersection,3,50,Local Road,50-59,Other injury,Bicyclists
T20200022706,12/9/2020,20:00:00,8,No collision and no object struck,4,Wednesday,174,OUT OF CONTROL ON CARRIAGEWAY (ON STRAIGHT),1,670531,1,0,1,0,0,1,1,5,Not at intersection,2,999,Local Road,40-49,Serious injury,Bicyclists
T20200022716,12/14/2020,16:00:00,1,Collision with vehicle,2,Monday,148,VEHICLE OFF FOOTPATH STRIKES VEH ON CARRIAGEWAY,1,670444,2,0,0,1,1,2,1,5,Not at intersection,3,50,Local Road,45424,Other injury,Bicyclists
T20200022724,12/16/2020,10:30:00,1,Collision with vehicle,4,Wednesday,114,TWO RIGHT TURNING (INTERSECTIONS ONLY),1,52882,2,0,1,0,1,2,1,1,Cross intersection,2,50,Local Road,60-64,Serious injury,Bicyclists
T20200022746,12/11/2020,14:30:00,1,Collision with vehicle,5,Friday,163,VEHICLE STRIKES DOOR OF PARKED/STATIONARY VEHICLE,1,677461,2,0,0,2,0,2,2,5,Not at intersection,3,40,Arterial Other,40-49,Other injury,Bicyclists
T20200022758,12/16/2020,16:39:00,1,Collision with vehicle,4,Wednesday,148,VEHICLE OFF FOOTPATH STRIKES VEH ON CARRIAGEWAY,1,671002,2,0,0,1,1,2,1,2,T intersection,3,999,Local Road,13-15,Other injury,Bicyclists
T20200022769,12/16/2020,16:50:00,1,Collision with vehicle,4,Wednesday,130,REAR END(VEHICLES IN SAME LANE),1,41433,2,0,1,0,1,2,1,1,Cross intersection,2,40,Arterial Other,40-49,Serious injury,Bicyclists
T20200022789,12/11/2020,16:00:00,1,Collision with vehicle,6,Friday,121,RIGHT THROUGH,1,240956,2,0,0,1,0,1,2,2,T intersection,3,60,Local Road,22-25,Other injury,Bicyclists
T20200022800,12/15/2020,20:00:00,4,Collision with a fixed object,3,Tuesday,173,RIGHT OFF CARRIAGEWAY INTO OBJECT/PARKED VEHICLE,2,670619,1,0,0,1,0,1,1,1,Cross intersection,3,60,Local Road,40-49,Other injury,Bicyclists
T20200022805,12/17/2020,8:14:00,1,Collision with vehicle,5,Thursday,147,VEHICLE STRIKES ANOTHER VEH WHILE EMERGING FROM DRIVEWAY,1,671050,2,0,0,1,2,3,1,5,Not at intersection,3,50,Local Road,45424,Other injury,Bicyclists
T20200022819,12/17/2020,11:45:00,1,Collision with vehicle,5,Thursday,148,VEHICLE OFF FOOTPATH STRIKES VEH ON CARRIAGEWAY,1,670536,2,0,0,1,1,2,1,2,T intersection,3,60,Local Road,13-15,Other injury,Bicyclists
T20200022826,11/19/2020,4:30:00,1,Collision with vehicle,5,Thursday,139,OTHER SAME DIRECTION-MANOUEVRES NOT INCLUDED IN DCAs 130-137,3,671544,2,0,1,0,1,2,2,5,Not at intersection,2,50,Local Road,50-59,Serious injury,Bicyclists
T20200022853,12/14/2020,17:30:00,1,Collision with vehicle,2,Monday,147,VEHICLE STRIKES ANOTHER VEH WHILE EMERGING FROM DRIVEWAY,9,673497,2,0,0,1,1,2,2,5,Not at intersection,3,50,Local Road,30-39,Other injury,Bicyclists
T20200022857,12/15/2020,17:00:00,1,Collision with vehicle,2,Tuesday,121,RIGHT THROUGH,1,43725,2,0,0,1,1,2,2,1,Cross intersection,3,60,Uknown,30-39,Other injury,Bicyclists
T20200022894,12/14/2020,11:55:00,1,Collision with vehicle,2,Monday,133,LANE SIDE SWIPE (VEHICLES IN PARALLEL LANES),1,676885,2,0,0,1,0,1,2,5,Not at intersection,3,40,Local Road,40-49,Other injury,Bicyclists
T20200022897,12/9/2020,18:00:00,1,Collision with vehicle,4,Wednesday,148,VEHICLE OFF FOOTPATH STRIKES VEH ON CARRIAGEWAY,1,41230,2,0,0,1,1,2,2,1,Cross intersection,3,40,Local Road,45424,Other injury,Bicyclists
T20200022910,12/13/2020,9:00:00,1,Collision with vehicle,0,Sunday,110,CROSS TRAFFIC(INTERSECTIONS ONLY),1,50729,2,0,0,1,1,2,2,1,Cross intersection,3,50,Local Road,70+,Other injury,Bicyclists
T20200022933,10/29/2020,9:10:00,1,Collision with vehicle,4,Thursday,143,ENTERING PARKING,1,780624,2,0,0,1,1,2,2,5,Not at intersection,3,50,Local Road,50-59,Other injury,Bicyclists
T20200022978,12/18/2020,21:28:00,1,Collision with vehicle,6,Friday,130,REAR END(VEHICLES IN SAME LANE),5,670581,2,1,0,0,2,3,1,5,Not at intersection,1,100,Uknown,50-59,Fatality,Bicyclists
T20200022988,12/19/2020,9:07:00,1,Collision with vehicle,7,Saturday,148,VEHICLE OFF FOOTPATH STRIKES VEH ON CARRIAGEWAY,1,47996,2,0,0,1,1,2,1,2,T intersection,3,60,Arterial Other,22-25,Other injury,Bicyclists
T20200022998,12/12/2020,11:36:00,1,Collision with vehicle,6,Saturday,147,VEHICLE STRIKES ANOTHER VEH WHILE EMERGING FROM DRIVEWAY,1,670819,2,0,1,0,1,2,2,5,Not at intersection,2,999,Arterial Other,40-49,Serious injury,Bicyclists
T20200023005,12/19/2020,8:15:00,6,Vehicle overturned (no collision),7,Saturday,174,OUT OF CONTROL ON CARRIAGEWAY (ON STRAIGHT),1,42695,2,0,1,0,1,2,1,2,T intersection,2,60,Arterial Other,50-59,Serious injury,Bicyclists
T20200023029,12/19/2020,17:38:00,1,Collision with vehicle,7,Saturday,147,VEHICLE STRIKES ANOTHER VEH WHILE EMERGING FROM DRIVEWAY,1,671045,2,0,0,1,1,2,1,5,Not at intersection,3,60,Local Road,13-15,Other injury,Bicyclists
T20200023073,12/20/2020,7:40:00,1,Collision with vehicle,1,Sunday,121,RIGHT THROUGH,1,40564,2,0,1,0,1,2,1,2,T intersection,2,50,Arterial Other,30-39,Serious injury,Bicyclists
T20200023081,12/20/2020,9:25:00,1,Collision with vehicle,1,Sunday,116,LEFT NEAR (INTERSECTIONS ONLY),1,42328,2,0,0,1,1,2,2,1,Cross intersection,3,50,Local Road,30-39,Other injury,Bicyclists
T20200023091,12/19/2020,10:36:00,1,Collision with vehicle,7,Saturday,121,RIGHT THROUGH,1,69477,2,0,1,0,1,2,2,2,T intersection,2,50,Local Road,30-39,Serious injury,Bicyclists
T20200023097,12/20/2020,11:14:00,1,Collision with vehicle,1,Sunday,147,VEHICLE STRIKES ANOTHER VEH WHILE EMERGING FROM DRIVEWAY,1,674089,2,0,0,1,1,2,1,5,Not at intersection,3,999,Local Road,13-15,Other injury,Bicyclists
T20200023126,12/8/2020,6:50:00,1,Collision with vehicle,3,Tuesday,131,LEFT REAR,9,675207,2,0,0,1,0,1,2,9,Unknown,3,999,Local Road,26-29,Other injury,Bicyclists
T20200023141,12/21/2020,8:39:00,1,Collision with vehicle,2,Monday,137,LEFT TURN SIDESWIPE,1,674533,2,0,1,0,1,2,1,5,Not at intersection,2,40,Arterial Highway,65-69,Serious injury,Bicyclists
T20200023171,12/21/2020,14:00:00,1,Collision with vehicle,1,Monday,163,VEHICLE STRIKES DOOR OF PARKED/STATIONARY VEHICLE,1,673044,2,0,0,1,1,2,2,5,Not at intersection,3,40,Local Road,22-25,Other injury,Bicyclists
T20200023174,12/21/2020,11:00:00,1,Collision with vehicle,2,Monday,133,LANE SIDE SWIPE (VEHICLES IN PARALLEL LANES),1,675135,2,0,0,1,1,2,2,5,Not at intersection,3,50,Arterial Highway,22-25,Other injury,Bicyclists
T20200023180,12/13/2020,10:00:00,1,Collision with vehicle,0,Sunday,110,CROSS TRAFFIC(INTERSECTIONS ONLY),1,42328,2,0,0,1,1,2,2,1,Cross intersection,3,50,Local Road,40-49,Other injury,Bicyclists
T20200023207,12/21/2020,7:35:00,1,Collision with vehicle,2,Monday,110,CROSS TRAFFIC(INTERSECTIONS ONLY),1,42352,2,0,1,0,1,2,1,1,Cross intersection,2,60,Arterial Other,70+,Serious injury,Bicyclists
T20200023310,12/23/2020,9:30:00,1,Collision with vehicle,4,Wednesday,116,LEFT NEAR (INTERSECTIONS ONLY),1,37014,2,0,0,1,1,2,1,2,T intersection,3,50,Local Road,40-49,Other injury,Bicyclists
T20200023325,12/13/2020,20:00:00,1,Collision with vehicle,0,Sunday,169,OTHER ON PATH,2,671236,2,0,0,1,0,1,2,5,Not at intersection,3,50,Local Road,40-49,Other injury,Bicyclists
T20200023347,12/23/2020,7:50:00,1,Collision with vehicle,4,Wednesday,163,VEHICLE STRIKES DOOR OF PARKED/STATIONARY VEHICLE,1,672815,2,0,0,1,1,2,2,5,Not at intersection,3,40,Arterial Other,22-25,Other injury,Bicyclists
T20200023395,12/21/2020,15:00:00,1,Collision with vehicle,2,Monday,148,VEHICLE OFF FOOTPATH STRIKES VEH ON CARRIAGEWAY,1,674769,2,0,1,0,1,2,2,1,Cross intersection,2,60,Arterial Other,30-39,Serious injury,Bicyclists
T20200023430,12/24/2020,9:05:00,1,Collision with vehicle,5,Thursday,114,TWO RIGHT TURNING (INTERSECTIONS ONLY),1,73266,2,0,1,0,1,2,1,2,T intersection,2,80,Local Road,30-39,Serious injury,Bicyclists
T20200023448,12/23/2020,13:15:00,1,Collision with vehicle,4,Wednesday,148,VEHICLE OFF FOOTPATH STRIKES VEH ON CARRIAGEWAY,1,29540,2,0,1,0,1,2,1,1,Cross intersection,2,60,Arterial Other,70+,Serious injury,Bicyclists
T20200023488,12/18/2020,12:40:00,1,Collision with vehicle,6,Friday,121,RIGHT THROUGH,1,36378,2,0,0,1,1,2,2,2,T intersection,3,60,Local Road,40-49,Other injury,Bicyclists
T20200023511,12/24/2020,20:50:00,1,Collision with vehicle,5,Thursday,110,CROSS TRAFFIC(INTERSECTIONS ONLY),2,52709,2,0,0,1,1,2,1,1,Cross intersection,3,50,Arterial Other,60-64,Other injury,Bicyclists
T20200023527,12/25/2020,17:00:00,8,No collision and no object struck,5,Friday,174,OUT OF CONTROL ON CARRIAGEWAY (ON STRAIGHT),1,678875,1,0,1,0,0,1,1,2,T intersection,2,999,Local Road,30-39,Serious injury,Bicyclists
T20200023534,12/25/2020,22:13:00,1,Collision with vehicle,5,Friday,142,LEAVING PARKING,3,192088,2,0,0,1,1,2,1,5,Not at intersection,3,40,Local Road,26-29,Other injury,Bicyclists
T20200023552,12/26/2020,10:35:00,1,Collision with vehicle,7,Saturday,110,CROSS TRAFFIC(INTERSECTIONS ONLY),1,49252,2,0,1,0,1,2,1,1,Cross intersection,2,60,Local Road,70+,Serious injury,Bicyclists
T20200023557,12/26/2020,9:00:00,1,Collision with vehicle,6,Saturday,153,CUTTING IN (OVERTAKING),1,676544,2,0,0,1,1,2,2,5,Not at intersection,3,40,Arterial Other,30-39,Other injury,Bicyclists
T20200023564,12/26/2020,9:20:00,1,Collision with vehicle,7,Saturday,142,LEAVING PARKING,1,678011,2,0,0,1,1,2,1,5,Not at intersection,3,50,Local Road,30-39,Other injury,Bicyclists
T20200023576,12/26/2020,18:23:00,1,Collision with vehicle,7,Saturday,121,RIGHT THROUGH,1,73188,2,0,1,0,1,2,1,1,Cross intersection,2,50,Uknown,40-49,Serious injury,Bicyclists
T20200023619,12/27/2020,13:50:00,1,Collision with vehicle,1,Sunday,147,VEHICLE STRIKES ANOTHER VEH WHILE EMERGING FROM DRIVEWAY,1,673724,2,0,1,0,1,2,1,5,Not at intersection,2,60,Arterial Other,Unknown,Serious injury,Bicyclists
T20200023622,12/27/2020,12:54:00,1,Collision with vehicle,1,Sunday,148,VEHICLE OFF FOOTPATH STRIKES VEH ON CARRIAGEWAY,1,729510,2,0,1,0,1,2,1,2,T intersection,2,50,Local Road,22-25,Serious injury,Bicyclists
T20200023626,12/27/2020,15:57:00,1,Collision with vehicle,1,Sunday,163,VEHICLE STRIKES DOOR OF PARKED/STATIONARY VEHICLE,1,258696,2,0,1,0,1,2,1,5,Not at intersection,2,40,Arterial Other,26-29,Serious injury,Bicyclists
T20200023659,12/28/2020,8:20:00,8,No collision and no object struck,2,Monday,174,OUT OF CONTROL ON CARRIAGEWAY (ON STRAIGHT),1,671552,2,0,1,0,1,2,2,5,Not at intersection,2,60,Arterial Other,60-64,Serious injury,Bicyclists
T20200023690,12/19/2020,13:25:00,1,Collision with vehicle,7,Saturday,121,RIGHT THROUGH,1,37282,2,0,0,1,1,2,2,2,T intersection,3,999,Arterial Other,30-39,Other injury,Bicyclists
T20200023784,12/30/2020,7:35:00,1,Collision with vehicle,3,Wednesday,110,CROSS TRAFFIC(INTERSECTIONS ONLY),1,29581,2,0,0,1,1,2,1,1,Cross intersection,3,60,Arterial Other,70+,Other injury,Bicyclists
T20200023810,12/27/2020,10:25:00,1,Collision with vehicle,0,Sunday,110,CROSS TRAFFIC(INTERSECTIONS ONLY),1,40477,2,0,0,1,2,3,2,1,Cross intersection,3,50,Local Road,50-59,Other injury,Bicyclists
T20200023824,12/29/2020,16:00:00,1,Collision with vehicle,3,Tuesday,121,RIGHT THROUGH,9,43194,2,0,1,0,2,3,2,2,T intersection,2,60,Arterial Highway,40-49,Serious injury,Bicyclists
T20200023825,12/30/2020,18:50:00,1,Collision with vehicle,3,Wednesday,163,VEHICLE STRIKES DOOR OF PARKED/STATIONARY VEHICLE,1,779835,2,0,0,1,1,2,1,5,Not at intersection,3,40,Arterial Other,22-25,Other injury,Bicyclists
T20200023826,12/30/2020,17:30:00,1,Collision with vehicle,4,Wednesday,136,RIGHT TURN SIDESWIPE,1,671705,2,0,0,1,3,4,2,2,T intersection,3,999,Local Road,18-21,Other injury,Bicyclists
T20200023870,12/31/2020,4:07:00,1,Collision with vehicle,5,Thursday,148,VEHICLE OFF FOOTPATH STRIKES VEH ON CARRIAGEWAY,9,672230,2,0,0,1,1,2,1,5,Not at intersection,3,50,Local Road,40-49,Other injury,Bicyclists
T20200023887,12/31/2020,17:00:00,1,Collision with vehicle,5,Thursday,147,VEHICLE STRIKES ANOTHER VEH WHILE EMERGING FROM DRIVEWAY,1,671782,2,0,1,0,2,3,1,5,Not at intersection,2,80,Arterial Other,30-39,Serious injury,Bicyclists
T20200023892,12/31/2020,14:05:00,1,Collision with vehicle,5,Thursday,148,VEHICLE OFF FOOTPATH STRIKES VEH ON CARRIAGEWAY,1,671707,2,0,1,0,1,2,1,5,Not at intersection,2,777,Local Road,70+,Serious injury,Bicyclists
T20210000046,12/31/2020,13:30:00,1,Collision with vehicle,5,Thursday,116,LEFT NEAR (INTERSECTIONS ONLY),1,1124,2,0,0,1,0,1,2,2,T intersection,3,60,Arterial Highway,40-49,Other injury,Bicyclists
T20210000084,1/2/2021,8:00:00,5,collision with some other object,7,Saturday,166,STRUCK OBJECT ON CARRIAGEWAY,1,671855,3,0,0,2,0,2,1,5,Not at intersection,3,80,Arterial Highway,26-29,Other injury,Bicyclists
T20210000085,1/2/2021,8:50:00,1,Collision with vehicle,6,Saturday,130,REAR END(VEHICLES IN SAME LANE),1,691934,3,0,0,1,2,3,1,5,Not at intersection,3,80,Local Road,65-69,Other injury,Bicyclists
T20210000099,1/2/2021,9:44:00,1,Collision with vehicle,7,Saturday,110,CROSS TRAFFIC(INTERSECTIONS ONLY),1,675138,2,0,1,0,1,2,1,1,Cross intersection,2,50,Local Road,30-39,Serious injury,Bicyclists
T20210000102,1/2/2021,15:03:00,1,Collision with vehicle,6,Saturday,110,CROSS TRAFFIC(INTERSECTIONS ONLY),1,324391,2,0,1,0,1,2,1,1,Cross intersection,2,70,Arterial Other,30-39,Serious injury,Bicyclists
T20210000159,1/3/2021,9:38:00,1,Collision with vehicle,1,Sunday,160,VEHICLE COLLIDES WITH VEHICLE PARKED ON LEFT OF ROAD,1,2704,2,0,1,0,1,2,1,5,Not at intersection,2,60,Arterial Other,50-59,Serious injury,Bicyclists
T20210000178,1/3/2021,19:57:00,8,No collision and no object struck,1,Sunday,184,OUT OF CONTROL ON CARRIAGEWAY (ON BEND),1,672622,1,0,1,0,0,1,1,5,Not at intersection,2,50,Local Road,18-21,Serious injury,Bicyclists
T20210000182,1/3/2021,21:00:00,1,Collision with vehicle,1,Sunday,110,CROSS TRAFFIC(INTERSECTIONS ONLY),3,51776,2,0,1,0,1,2,1,1,Cross intersection,2,50,Local Road,50-59,Serious injury,Bicyclists
T20210000184,1/3/2021,22:30:00,1,Collision with vehicle,0,Sunday,124,RIGHT/RIGHT BOTH VEHs FROM OPPOSITE DIRECTIONS TURNING RIGHT,6,41722,2,0,0,1,1,2,2,2,T intersection,3,60,Local Road,18-21,Other injury,Bicyclists
T20210000227,12/11/2020,9:30:00,1,Collision with vehicle,5,Friday,160,VEHICLE COLLIDES WITH VEHICLE PARKED ON LEFT OF ROAD,1,773403,2,0,0,1,0,1,2,5,Not at intersection,3,40,Local Road,16-17,Other injury,Bicyclists
T20210000233,1/4/2021,13:10:00,8,No collision and no object struck,2,Monday,170,OFF CARRIAGEWAY TO LEFT,1,690964,1,0,1,0,0,1,1,5,Not at intersection,2,100,Uknown,65-69,Serious injury,Bicyclists
T20210000239,1/2/2021,11:55:00,1,Collision with vehicle,7,Saturday,148,VEHICLE OFF FOOTPATH STRIKES VEH ON CARRIAGEWAY,9,682619,2,0,0,1,0,1,2,5,Not at intersection,3,888,Arterial Highway,16-17,Other injury,Bicyclists
T20210000271,9/15/2020,17:30:00,1,Collision with vehicle,2,Tuesday,121,RIGHT THROUGH,1,343864,2,0,0,1,1,2,2,2,T intersection,3,60,Local Road,40-49,Other injury,Bicyclists
T20210000279,1/5/2021,10:15:00,1,Collision with vehicle,3,Tuesday,139,OTHER SAME DIRECTION-MANOUEVRES NOT INCLUDED IN DCAs 130-137,1,672462,2,0,1,0,0,1,1,5,Not at intersection,2,999,Uknown,40-49,Serious injury,Bicyclists
T20210000301,11/18/2020,14:15:00,1,Collision with vehicle,4,Wednesday,147,VEHICLE STRIKES ANOTHER VEH WHILE EMERGING FROM DRIVEWAY,1,681838,2,0,0,1,1,2,2,5,Not at intersection,3,999,Arterial Other,30-39,Other injury,Bicyclists
T20210000302,1/1/2021,17:10:00,1,Collision with vehicle,6,Friday,147,VEHICLE STRIKES ANOTHER VEH WHILE EMERGING FROM DRIVEWAY,9,675405,2,0,0,1,1,2,2,5,Not at intersection,3,999,Arterial Highway,22-25,Other injury,Bicyclists
T20210000303,12/21/2020,13:20:00,1,Collision with vehicle,2,Monday,160,VEHICLE COLLIDES WITH VEHICLE PARKED ON LEFT OF ROAD,1,674128,3,0,2,0,0,2,2,5,Not at intersection,2,999,Arterial Other,26-29,Serious injury,Bicyclists
T20210000355,1/6/2021,17:45:00,1,Collision with vehicle,4,Wednesday,110,CROSS TRAFFIC(INTERSECTIONS ONLY),1,36298,2,0,1,0,1,2,1,1,Cross intersection,2,50,Local Road,18-21,Serious injury,Bicyclists
T20210000360,12/11/2020,16:15:00,1,Collision with vehicle,5,Friday,110,CROSS TRAFFIC(INTERSECTIONS ONLY),9,35948,2,0,0,1,1,2,2,1,Cross intersection,3,999,Local Road,30-39,Other injury,Bicyclists
T20210000397,1/7/2021,8:49:00,1,Collision with vehicle,4,Thursday,130,REAR END(VEHICLES IN SAME LANE),1,43658,2,0,0,1,0,1,2,1,Cross intersection,3,50,Arterial Other,16-17,Other injury,Bicyclists
T20210000408,9/19/2020,14:30:00,1,Collision with vehicle,7,Saturday,148,VEHICLE OFF FOOTPATH STRIKES VEH ON CARRIAGEWAY,1,673138,2,0,0,1,1,2,2,2,T intersection,3,50,Uknown,30-39,Other injury,Bicyclists
T20210000450,1/8/2021,5:20:00,1,Collision with vehicle,6,Friday,113,RIGHT NEAR (INTERSECTIONS ONLY),2,43239,2,0,1,0,1,2,1,2,T intersection,2,40,Uknown,40-49,Serious injury,Bicyclists
T20210000459,12/21/2020,5:45:00,1,Collision with vehicle,1,Monday,110,CROSS TRAFFIC(INTERSECTIONS ONLY),2,39144,2,0,0,1,1,2,2,1,Cross intersection,3,40,Local Road,50-59,Other injury,Bicyclists
T20210000481,12/2/2020,18:51:00,6,Vehicle overturned (no collision),3,Wednesday,184,OUT OF CONTROL ON CARRIAGEWAY (ON BEND),1,675022,1,0,1,0,0,1,2,5,Not at intersection,2,999,Local Road,40-49,Serious injury,Bicyclists
T20210000500,1/8/2021,17:20:00,1,Collision with vehicle,6,Friday,121,RIGHT THROUGH,1,69099,2,0,1,0,1,2,1,2,T intersection,2,50,Local Road,22-25,Serious injury,Bicyclists
T20210000501,1/8/2021,15:45:00,1,Collision with vehicle,5,Friday,121,RIGHT THROUGH,1,676729,2,0,0,1,1,2,2,2,T intersection,3,60,Local Road,22-25,Other injury,Bicyclists
T20210000522,1/9/2021,7:15:00,8,No collision and no object struck,7,Saturday,174,OUT OF CONTROL ON CARRIAGEWAY (ON STRAIGHT),1,43213,1,0,1,0,0,1,1,2,T intersection,2,40,Arterial Highway,40-49,Serious injury,Bicyclists
T20210000533,1/9/2021,10:00:00,1,Collision with vehicle,7,Saturday,147,VEHICLE STRIKES ANOTHER VEH WHILE EMERGING FROM DRIVEWAY,1,68645,2,0,0,1,1,2,1,2,T intersection,3,60,Arterial Other,16-17,Other injury,Bicyclists
T20210000534,1/9/2021,12:10:00,1,Collision with vehicle,7,Saturday,148,VEHICLE OFF FOOTPATH STRIKES VEH ON CARRIAGEWAY,1,673934,2,0,0,1,2,3,1,5,Not at intersection,3,50,Local Road,13-15,Other injury,Bicyclists
T20210000541,1/9/2021,14:10:00,1,Collision with vehicle,7,Saturday,110,CROSS TRAFFIC(INTERSECTIONS ONLY),1,676966,2,0,1,0,1,2,1,1,Cross intersection,2,50,Local Road,60-64,Serious injury,Bicyclists
T20210000545,1/9/2021,15:00:00,1,Collision with vehicle,7,Saturday,113,RIGHT NEAR (INTERSECTIONS ONLY),1,729841,2,0,1,0,1,2,1,2,T intersection,2,60,Local Road,40-49,Serious injury,Bicyclists
T20210000597,1/10/2021,11:30:00,1,Collision with vehicle,1,Sunday,147,VEHICLE STRIKES ANOTHER VEH WHILE EMERGING FROM DRIVEWAY,1,674741,2,0,0,1,3,4,1,5,Not at intersection,3,50,Local Road,70+,Other injury,Bicyclists
T20210000603,1/9/2021,9:30:00,1,Collision with vehicle,7,Saturday,148,VEHICLE OFF FOOTPATH STRIKES VEH ON CARRIAGEWAY,1,672902,2,0,1,0,1,2,2,1,Cross intersection,2,80,Local Road,50-59,Serious injury,Bicyclists
T20210000657,1/11/2021,8:19:00,1,Collision with vehicle,2,Monday,121,RIGHT THROUGH,1,54738,2,0,1,0,1,2,1,4,Multiple intersection,2,80,Freeway,30-39,Serious injury,Bicyclists
T20210000670,1/11/2021,12:00:00,1,Collision with vehicle,2,Monday,148,VEHICLE OFF FOOTPATH STRIKES VEH ON CARRIAGEWAY,1,672819,2,0,1,0,1,2,1,5,Not at intersection,2,60,Arterial Other,16-17,Serious injury,Bicyclists
T20210000706,1/11/2021,9:15:00,1,Collision with vehicle,2,Monday,147,VEHICLE STRIKES ANOTHER VEH WHILE EMERGING FROM DRIVEWAY,1,675102,2,0,0,1,1,2,2,5,Not at intersection,3,70,Uknown,16-17,Other injury,Bicyclists
T20210000732,1/12/2021,9:05:00,1,Collision with vehicle,2,Tuesday,113,RIGHT NEAR (INTERSECTIONS ONLY),1,29477,2,0,0,1,1,2,1,2,T intersection,3,50,Arterial Other,50-59,Other injury,Bicyclists
T20210000734,1/12/2021,9:56:00,1,Collision with vehicle,3,Tuesday,160,VEHICLE COLLIDES WITH VEHICLE PARKED ON LEFT OF ROAD,1,676453,2,0,1,0,1,2,1,5,Not at intersection,2,60,Arterial Other,40-49,Serious injury,Bicyclists
T20210000745,1/11/2021,17:30:00,1,Collision with vehicle,1,Monday,110,CROSS TRAFFIC(INTERSECTIONS ONLY),1,50594,2,0,0,1,1,2,2,1,Cross intersection,3,50,Local Road,22-25,Other injury,Bicyclists
T20210000752,12/12/2020,14:00:00,1,Collision with vehicle,7,Saturday,163,VEHICLE STRIKES DOOR OF PARKED/STATIONARY VEHICLE,1,672734,2,0,0,1,1,2,2,5,Not at intersection,3,40,Local Road,60-64,Other injury,Bicyclists
T20210000756,1/12/2021,13:34:00,1,Collision with vehicle,3,Tuesday,113,RIGHT NEAR (INTERSECTIONS ONLY),1,647627,2,0,1,0,1,2,1,2,T intersection,2,80,Arterial Other,40-49,Serious injury,Bicyclists
T20210000781,1/12/2021,17:15:00,1,Collision with vehicle,3,Tuesday,148,VEHICLE OFF FOOTPATH STRIKES VEH ON CARRIAGEWAY,1,729749,2,0,1,0,1,2,2,5,Not at intersection,2,999,Local Road,18-21,Serious injury,Bicyclists
T20210000795,1/12/2021,21:13:00,1,Collision with vehicle,2,Tuesday,163,VEHICLE STRIKES DOOR OF PARKED/STATIONARY VEHICLE,3,672978,2,0,0,1,1,2,1,5,Not at intersection,3,40,Local Road,16-17,Other injury,Bicyclists
T20210000809,1/13/2021,7:27:00,1,Collision with vehicle,4,Wednesday,121,RIGHT THROUGH,1,42003,2,0,1,0,1,2,1,2,T intersection,2,60,Arterial Other,40-49,Serious injury,Bicyclists
T20210000826,1/13/2021,11:54:00,1,Collision with vehicle,4,Wednesday,147,VEHICLE STRIKES ANOTHER VEH WHILE EMERGING FROM DRIVEWAY,1,672904,2,0,1,0,1,2,1,5,Not at intersection,2,60,Local Road,70+,Serious injury,Bicyclists
T20210000828,12/21/2020,18:00:00,1,Collision with vehicle,2,Monday,160,VEHICLE COLLIDES WITH VEHICLE PARKED ON LEFT OF ROAD,2,674037,2,0,0,1,0,1,2,5,Not at intersection,3,50,Local Road,45424,Other injury,Bicyclists