ACCIDENT_NO,ACCIDENT_DATE,ACCIDENT_TIME,ACCIDENT_TYPE,ACCIDENT_TYPE_DESC,DAY_OF_WEEK,DAY_WEEK_DESC,DCA_CODE,DCA_DESC,LIGHT_CONDITION,NODE_ID,NO_OF_VEHICLES,NO_PERSONS_KILLED,NO_PERSONS_INJ_2,NO_PERSONS_INJ_3,NO_PERSONS_NOT_INJ,NO_PERSONS,POLICE_ATTEND,ROAD_GEOMETRY,ROAD_GEOMETRY_DESC,SEVERITY,SPEED_ZONE,RMA,AGE_GROUP,INJ_LEVEL,ROAD_USER_TYPE_DESC
T20210000830,1/9/2021,7:10:00,8,No collision and no object struck,7,Saturday,182,OFF CARRIAGEWAY ON LEFT BEND,1,672738,2,0,1,0,0,1,2,5,Not at intersection,2,50,Uknown,50-59,Serious injury,Motorcyclists
T20210000873,12/11/2020,15:00:00,1,Collision with vehicle,6,Friday,160,VEHICLE COLLIDES WITH VEHICLE PARKED ON LEFT OF ROAD,1,672741,2,0,0,1,0,1,2,1,Cross intersection,3,50,Arterial Other,50-59,Other injury,Bicyclists
T20210000892,1/13/2021,17:10:00,1,Collision with vehicle,4,Wednesday,148,VEHICLE OFF FOOTPATH STRIKES VEH ON CARRIAGEWAY,1,35449,2,0,1,0,1,2,1,1,Cross intersection,2,80,Uknown,40-49,Serious injury,Bicyclists
T20210000907,1/14/2021,7:56:00,1,Collision with vehicle,5,Thursday,110,CROSS TRAFFIC(INTERSECTIONS ONLY),1,672909,2,0,1,0,2,3,1,1,Cross intersection,2,50,Local Road,30-39,Serious injury,Bicyclists
T20210000924,12/28/2020,11:47:00,1,Collision with vehicle,1,Monday,163,VEHICLE STRIKES DOOR OF PARKED/STATIONARY VEHICLE,1,676293,2,0,0,1,0,1,2,2,T intersection,3,40,Local Road,40-49,Other injury,Bicyclists
T20210000927,1/14/2021,6:40:00,1,Collision with vehicle,5,Thursday,121,RIGHT THROUGH,1,42026,2,0,1,0,1,2,1,1,Cross intersection,2,60,Arterial Other,50-59,Serious injury,Bicyclists
T20210000928,1/14/2021,13:40:00,1,Collision with vehicle,5,Thursday,137,LEFT TURN SIDESWIPE,1,678548,2,0,1,0,1,2,1,5,Not at intersection,2,70,Arterial Other,30-39,Serious injury,Bicyclists
T20210000985,1/13/2021,23:50:00,1,Collision with vehicle,4,Wednesday,153,CUTTING IN (OVERTAKING),3,673330,2,0,0,1,1,2,2,1,Cross intersection,3,60,Arterial Other,22-25,Other injury,Bicyclists
T20210001045,1/10/2021,18:30:00,8,No collision and no object struck,1,Sunday,174,OUT OF CONTROL ON CARRIAGEWAY (ON STRAIGHT),1,673235,2,0,0,1,0,1,2,5,Not at intersection,3,50,Local Road,26-29,Other injury,Bicyclists
T20210001051,1/15/2021,18:00:00,1,Collision with vehicle,5,Friday,137,LEFT TURN SIDESWIPE,1,700052,2,0,1,0,1,2,2,1,Cross intersection,2,60,Local Road,18-21,Serious injury,Bicyclists
T20210001094,1/16/2021,12:25:00,1,Collision with vehicle,7,Saturday,137,LEFT TURN SIDESWIPE,1,38051,2,0,0,1,1,2,1,1,Cross intersection,3,60,Arterial Other,30-39,Other injury,Bicyclists
T20210001100,1/16/2021,8:00:00,1,Collision with vehicle,6,Saturday,116,LEFT NEAR (INTERSECTIONS ONLY),1,44506,2,0,0,1,1,2,2,2,T intersection,3,50,Local Road,70+,Other injury,Bicyclists
T20210001125,1/16/2021,18:45:00,1,Collision with vehicle,7,Saturday,148,VEHICLE OFF FOOTPATH STRIKES VEH ON CARRIAGEWAY,1,43044,2,0,0,1,0,1,2,2,T intersection,3,999,Arterial Highway,18-21,Other injury,Bicyclists
T20210001157,1/17/2021,9:35:00,1,Collision with vehicle,0,Sunday,110,CROSS TRAFFIC(INTERSECTIONS ONLY),1,29984,2,0,0,1,1,2,1,1,Cross intersection,3,60,Local Road,50-59,Other injury,Bicyclists
T20210001174,1/17/2021,13:10:00,1,Collision with vehicle,1,Sunday,147,VEHICLE STRIKES ANOTHER VEH WHILE EMERGING FROM DRIVEWAY,1,673147,2,0,1,0,1,2,1,5,Not at intersection,2,50,Local Road,13-15,Serious injury,Bicyclists
T20210001180,1/17/2021,15:10:00,1,Collision with vehicle,1,Sunday,110,CROSS TRAFFIC(INTERSECTIONS ONLY),1,42230,2,0,0,1,1,2,1,1,Cross intersection,3,50,Local Road,30-39,Other injury,Bicyclists
T20210001195,1/17/2021,12:00:00,1,Collision with vehicle,1,Sunday,147,VEHICLE STRIKES ANOTHER VEH WHILE EMERGING FROM DRIVEWAY,1,675764,2,0,0,1,1,2,2,5,Not at intersection,3,888,Local Road,30-39,Other injury,Bicyclists
T20210001267,1/18/2021,18:30:00,1,Collision with vehicle,2,Monday,137,LEFT TURN SIDESWIPE,9,673240,2,0,0,1,1,2,2,2,T intersection,3,60,Local Road,30-39,Other injury,Bicyclists
T20210001299,1/19/2021,7:30:00,1,Collision with vehicle,3,Tuesday,133,LANE SIDE SWIPE (VEHICLES IN PARALLEL LANES),1,674481,2,0,0,1,1,2,2,5,Not at intersection,3,60,Arterial Other,16-17,Other injury,Bicyclists
T20210001300,1/14/2021,7:30:00,1,Collision with vehicle,5,Thursday,121,RIGHT THROUGH,1,29881,2,0,1,0,1,2,2,4,Multiple intersection,2,40,Local Road,40-49,Serious injury,Bicyclists
T20210001305,1/19/2021,8:30:00,1,Collision with vehicle,3,Tuesday,110,CROSS TRAFFIC(INTERSECTIONS ONLY),1,63608,2,0,0,1,1,2,2,1,Cross intersection,3,50,Local Road,26-29,Other injury,Bicyclists
T20210001360,1/20/2021,7:00:00,1,Collision with vehicle,4,Wednesday,121,RIGHT THROUGH,1,674984,2,0,1,0,1,2,1,5,Not at intersection,2,60,Arterial Other,50-59,Serious injury,Bicyclists
T20210001374,9/11/2020,19:30:00,1,Collision with vehicle,6,Friday,121,RIGHT THROUGH,3,37705,2,0,1,0,1,2,1,1,Cross intersection,2,40,Arterial Other,18-21,Serious injury,Bicyclists
T20210001383,1/20/2021,7:32:00,1,Collision with vehicle,4,Wednesday,121,RIGHT THROUGH,1,674039,2,0,1,0,1,2,1,2,T intersection,2,60,Arterial Other,40-49,Serious injury,Bicyclists
T20210001394,1/20/2021,11:30:00,1,Collision with vehicle,4,Wednesday,130,REAR END(VEHICLES IN SAME LANE),1,673530,2,0,0,1,1,2,1,5,Not at intersection,3,80,Local Road,16-17,Other injury,Bicyclists
T20210001397,1/17/2021,9:00:00,1,Collision with vehicle,1,Sunday,121,RIGHT THROUGH,1,37460,2,0,0,1,1,2,2,1,Cross intersection,3,60,Arterial Other,40-49,Other injury,Bicyclists
T20210001411,1/20/2021,16:15:00,1,Collision with vehicle,3,Wednesday,121,RIGHT THROUGH,1,39718,2,0,1,0,1,2,1,2,T intersection,2,70,Arterial Other,22-25,Serious injury,Bicyclists
T20210001428,1/20/2021,18:15:00,1,Collision with vehicle,4,Wednesday,148,VEHICLE OFF FOOTPATH STRIKES VEH ON CARRIAGEWAY,1,674280,2,0,0,1,1,2,1,1,Cross intersection,3,50,Local Road,26-29,Other injury,Bicyclists
T20210001439,1/20/2021,13:55:00,1,Collision with vehicle,4,Wednesday,137,LEFT TURN SIDESWIPE,1,673440,2,0,0,1,1,2,1,2,T intersection,3,50,Local Road,40-49,Other injury,Bicyclists
T20210001440,1/19/2021,21:40:00,1,Collision with vehicle,3,Tuesday,140,U TURN,3,685056,2,0,0,1,0,1,2,2,T intersection,3,40,Local Road,26-29,Other injury,Bicyclists
T20210001456,1/21/2021,6:50:00,1,Collision with vehicle,5,Thursday,142,LEAVING PARKING,1,673442,2,0,1,0,1,2,1,5,Not at intersection,2,40,Local Road,18-21,Serious injury,Bicyclists
T20210001478,1/21/2021,11:15:00,1,Collision with vehicle,5,Thursday,160,VEHICLE COLLIDES WITH VEHICLE PARKED ON LEFT OF ROAD,1,673938,2,0,1,0,0,1,1,5,Not at intersection,2,60,Arterial Other,65-69,Serious injury,Bicyclists
T20210001504,1/12/2021,7:00:00,8,No collision and no object struck,3,Tuesday,174,OUT OF CONTROL ON CARRIAGEWAY (ON STRAIGHT),1,701697,2,0,0,1,1,2,2,5,Not at intersection,3,60,Local Road,26-29,Other injury,Bicyclists
T20210001511,12/17/2020,9:00:00,6,Vehicle overturned (no collision),5,Thursday,174,OUT OF CONTROL ON CARRIAGEWAY (ON STRAIGHT),9,673446,1,0,0,1,0,1,2,1,Cross intersection,3,999,Local Road,30-39,Other injury,Bicyclists
T20210001516,1/21/2021,17:25:00,1,Collision with vehicle,5,Thursday,133,LANE SIDE SWIPE (VEHICLES IN PARALLEL LANES),1,686414,2,0,1,0,1,2,1,5,Not at intersection,2,40,Local Road,50-59,Serious injury,Bicyclists
T20210001569,11/17/2020,15:45:00,1,Collision with vehicle,3,Tuesday,130,REAR END(VEHICLES IN SAME LANE),1,673538,2,0,0,1,0,1,2,5,Not at intersection,3,50,Arterial Highway,70+,Other injury,Bicyclists
T20210001613,1/22/2021,18:00:00,1,Collision with vehicle,6,Friday,143,ENTERING PARKING,1,676398,2,0,1,0,1,2,1,5,Not at intersection,2,50,Arterial Other,30-39,Serious injury,Bicyclists
T20210001620,12/31/2020,16:00:00,9,Other accident,5,Thursday,198,OTHER ACCIDENTS NOT CLASSIFIABLE ELSEWHERE,1,680077,1,0,1,0,0,1,2,5,Not at intersection,2,60,Arterial Other,50-59,Serious injury,Bicyclists
T20210001637,1/23/2021,8:34:00,1,Collision with vehicle,7,Saturday,110,CROSS TRAFFIC(INTERSECTIONS ONLY),1,37268,2,0,1,0,1,2,2,1,Cross intersection,2,40,Local Road,30-39,Serious injury,Bicyclists
T20210001643,1/23/2021,10:15:00,1,Collision with vehicle,7,Saturday,148,VEHICLE OFF FOOTPATH STRIKES VEH ON CARRIAGEWAY,1,673684,2,0,1,0,1,2,1,5,Not at intersection,2,50,Local Road,13-15,Serious injury,Bicyclists
T20210001663,1/23/2021,12:31:00,1,Collision with vehicle,7,Saturday,135,LANE CHANGE LEFT (NOT OVERTAKING),1,673687,2,0,1,0,1,2,1,5,Not at intersection,2,40,Arterial Other,22-25,Serious injury,Bicyclists
T20210001695,1/23/2021,19:00:00,1,Collision with vehicle,7,Saturday,110,CROSS TRAFFIC(INTERSECTIONS ONLY),1,50701,2,0,0,1,1,2,1,1,Cross intersection,3,50,Local Road,50-59,Other injury,Bicyclists
T20210001697,1/23/2021,18:00:00,1,Collision with vehicle,7,Saturday,148,VEHICLE OFF FOOTPATH STRIKES VEH ON CARRIAGEWAY,1,673852,2,0,0,1,1,2,1,5,Not at intersection,3,60,Arterial Other,16-17,Other injury,Bicyclists
T20210001720,1/15/2021,16:30:00,8,No collision and no object struck,6,Friday,174,OUT OF CONTROL ON CARRIAGEWAY (ON STRAIGHT),1,673688,1,0,1,0,0,1,2,5,Not at intersection,2,50,Uknown,22-25,Serious injury,Bicyclists
T20210001731,1/24/2021,11:15:00,1,Collision with vehicle,1,Sunday,137,LEFT TURN SIDESWIPE,1,676404,2,0,0,1,1,2,2,3,Y intersection,3,80,Uknown,30-39,Other injury,Bicyclists
T20210001752,1/23/2021,13:45:00,1,Collision with vehicle,7,Saturday,143,ENTERING PARKING,1,70103,2,0,0,1,1,2,1,2,T intersection,3,60,Arterial Other,30-39,Other injury,Bicyclists
T20210001776,1/25/2021,9:15:00,8,No collision and no object struck,2,Monday,170,OFF CARRIAGEWAY TO LEFT,1,673769,1,0,0,1,0,1,1,5,Not at intersection,3,60,Arterial Other,22-25,Other injury,Bicyclists
T20210001778,1/24/2021,9:30:00,1,Collision with vehicle,0,Sunday,130,REAR END(VEHICLES IN SAME LANE),1,675808,2,0,0,1,1,2,2,5,Not at intersection,3,80,Arterial Other,40-49,Other injury,Bicyclists
T20210001800,1/20/2021,18:10:00,1,Collision with vehicle,4,Wednesday,130,REAR END(VEHICLES IN SAME LANE),2,673855,2,0,1,1,0,2,2,5,Not at intersection,2,60,Local Road,40-49,Serious injury,Bicyclists
T20210001868,1/24/2021,18:30:00,8,No collision and no object struck,0,Sunday,174,OUT OF CONTROL ON CARRIAGEWAY (ON STRAIGHT),1,673944,1,0,0,1,0,1,2,5,Not at intersection,3,999,Local Road,30-39,Other injury,Bicyclists
T20210001892,1/27/2021,9:21:00,1,Collision with vehicle,4,Wednesday,148,VEHICLE OFF FOOTPATH STRIKES VEH ON CARRIAGEWAY,1,677139,2,0,0,1,0,1,2,5,Not at intersection,3,40,Arterial Other,18-21,Other injury,Bicyclists
T20210001899,1/23/2021,8:05:00,1,Collision with vehicle,6,Saturday,121,RIGHT THROUGH,1,674775,2,0,0,1,1,2,2,5,Not at intersection,3,50,Local Road,26-29,Other injury,Bicyclists
T20210001912,12/24/2020,15:00:00,1,Collision with vehicle,4,Thursday,163,VEHICLE STRIKES DOOR OF PARKED/STATIONARY VEHICLE,1,36564,2,0,0,1,0,1,2,2,T intersection,3,40,Local Road,30-39,Other injury,Bicyclists
T20210001916,1/27/2021,17:33:00,1,Collision with vehicle,4,Wednesday,135,LANE CHANGE LEFT (NOT OVERTAKING),1,45646,2,0,0,1,1,2,1,2,T intersection,3,40,Arterial Other,40-49,Other injury,Bicyclists
T20210001928,1/25/2021,16:30:00,1,Collision with vehicle,2,Monday,137,LEFT TURN SIDESWIPE,1,673947,2,0,0,1,1,2,2,5,Not at intersection,3,30,Arterial Highway,65-69,Other injury,Bicyclists
T20210001965,12/27/2020,13:50:00,1,Collision with vehicle,0,Sunday,163,VEHICLE STRIKES DOOR OF PARKED/STATIONARY VEHICLE,9,729558,2,0,0,1,1,2,2,5,Not at intersection,3,60,Local Road,30-39,Other injury,Bicyclists
T20210002003,1/28/2021,16:30:00,1,Collision with vehicle,5,Thursday,147,VEHICLE STRIKES ANOTHER VEH WHILE EMERGING FROM DRIVEWAY,1,674734,2,0,0,1,1,2,2,5,Not at intersection,3,50,Local Road,30-39,Other injury,Bicyclists
T20210002060,11/18/2020,11:00:00,6,Vehicle overturned (no collision),4,Wednesday,174,OUT OF CONTROL ON CARRIAGEWAY (ON STRAIGHT),1,263785,2,0,0,1,0,1,2,5,Not at intersection,3,60,Arterial Other,65-69,Other injury,Bicyclists
T20210002079,1/28/2021,8:00:00,1,Collision with vehicle,5,Thursday,147,VEHICLE STRIKES ANOTHER VEH WHILE EMERGING FROM DRIVEWAY,1,674210,2,0,0,1,1,2,2,5,Not at intersection,3,40,Local Road,60-64,Other injury,Bicyclists
T20210002082,1/27/2021,7:15:00,1,Collision with vehicle,4,Wednesday,112,LEFT FAR (INTERSECTIONS ONLY),1,265863,2,0,1,0,1,2,2,2,T intersection,2,60,Arterial Other,50-59,Serious injury,Bicyclists
T20210002139,1/30/2021,8:30:00,1,Collision with vehicle,6,Saturday,130,REAR END(VEHICLES IN SAME LANE),1,42809,3,0,0,2,0,2,1,2,T intersection,3,60,Arterial Other,50-59,Other injury,Bicyclists
T20210002141,1/30/2021,11:10:00,1,Collision with vehicle,7,Saturday,110,CROSS TRAFFIC(INTERSECTIONS ONLY),1,51105,2,0,0,1,1,2,1,1,Cross intersection,3,50,Local Road,30-39,Other injury,Bicyclists
T20210002143,1/30/2021,7:45:00,1,Collision with vehicle,7,Saturday,113,RIGHT NEAR (INTERSECTIONS ONLY),1,38286,2,0,1,0,1,2,1,2,T intersection,2,60,Arterial Other,40-49,Serious injury,Bicyclists
T20210002149,1/30/2021,9:00:00,1,Collision with vehicle,6,Saturday,130,REAR END(VEHICLES IN SAME LANE),1,36545,2,0,0,1,1,2,2,1,Cross intersection,3,60,Local Road,50-59,Other injury,Bicyclists
T20210002164,1/30/2021,18:05:00,1,Collision with vehicle,7,Saturday,147,VEHICLE STRIKES ANOTHER VEH WHILE EMERGING FROM DRIVEWAY,1,674985,2,0,1,0,1,2,1,5,Not at intersection,2,999,Arterial Other,13-15,Serious injury,Bicyclists
T20210002169,1/30/2021,21:38:00,1,Collision with vehicle,7,Saturday,148,VEHICLE OFF FOOTPATH STRIKES VEH ON CARRIAGEWAY,3,37938,2,0,0,1,1,2,1,2,T intersection,3,40,Local Road,26-29,Other injury,Bicyclists
T20210002190,1/31/2021,10:00:00,1,Collision with vehicle,1,Sunday,147,VEHICLE STRIKES ANOTHER VEH WHILE EMERGING FROM DRIVEWAY,1,676443,2,0,0,1,1,2,1,5,Not at intersection,3,50,Local Road,45424,Other injury,Bicyclists
T20210002210,1/31/2021,15:05:00,1,Collision with vehicle,1,Sunday,143,ENTERING PARKING,1,674296,2,0,0,1,1,2,1,5,Not at intersection,3,40,Local Road,16-17,Other injury,Bicyclists
T20210002211,1/31/2021,13:47:00,1,Collision with vehicle,1,Sunday,137,LEFT TURN SIDESWIPE,1,674392,2,0,1,0,1,2,2,1,Cross intersection,2,999,Local Road,40-49,Serious injury,Bicyclists
T20210002255,2/1/2021,7:15:00,1,Collision with vehicle,1,Monday,136,RIGHT TURN SIDESWIPE,1,674490,2,0,0,1,1,2,2,2,T intersection,3,80,Local Road,30-39,Other injury,Bicyclists
T20210002257,11/25/2020,11:30:00,1,Collision with vehicle,3,Wednesday,142,LEAVING PARKING,1,676186,2,0,0,1,1,2,2,5,Not at intersection,3,60,Arterial Other,30-39,Other injury,Bicyclists
T20210002268,1/31/2021,20:35:00,1,Collision with vehicle,0,Sunday,163,VEHICLE STRIKES DOOR OF PARKED/STATIONARY VEHICLE,9,677408,2,0,0,1,2,3,2,1,Cross intersection,3,50,Arterial Other,22-25,Other injury,Bicyclists
T20210002289,1/28/2021,18:00:00,1,Collision with vehicle,5,Thursday,110,CROSS TRAFFIC(INTERSECTIONS ONLY),9,36205,2,0,0,1,1,2,2,1,Cross intersection,3,50,Local Road,40-49,Other injury,Bicyclists
T20210002314,2/1/2021,20:15:00,1,Collision with vehicle,2,Monday,137,LEFT TURN SIDESWIPE,9,675720,2,0,0,1,1,2,2,2,T intersection,3,40,Local Road,22-25,Other injury,Bicyclists
T20210002332,2/2/2021,6:30:00,1,Collision with vehicle,3,Tuesday,160,VEHICLE COLLIDES WITH VEHICLE PARKED ON LEFT OF ROAD,2,291656,2,0,1,0,0,1,1,5,Not at intersection,2,60,Arterial Other,50-59,Serious injury,Bicyclists
T20210002336,2/2/2021,8:09:00,1,Collision with vehicle,3,Tuesday,135,LANE CHANGE LEFT (NOT OVERTAKING),1,674944,2,0,1,0,1,2,1,5,Not at intersection,2,40,Arterial Other,40-49,Serious injury,Bicyclists
T20210002360,1/7/2021,19:30:00,1,Collision with vehicle,5,Thursday,148,VEHICLE OFF FOOTPATH STRIKES VEH ON CARRIAGEWAY,1,674781,2,0,1,0,1,2,2,4,Multiple intersection,2,80,Freeway,65-69,Serious injury,Bicyclists
T20210002392,2/2/2021,16:20:00,1,Collision with vehicle,3,Tuesday,169,OTHER ON PATH,1,674866,2,0,1,0,0,1,1,5,Not at intersection,2,50,Local Road,16-17,Serious injury,Bicyclists
T20210002393,2/2/2021,10:00:00,1,Collision with vehicle,3,Tuesday,160,VEHICLE COLLIDES WITH VEHICLE PARKED ON LEFT OF ROAD,9,243533,2,0,1,0,0,1,1,2,T intersection,2,60,Arterial Other,26-29,Serious injury,Bicyclists
T20210002397,2/2/2021,17:00:00,1,Collision with vehicle,3,Tuesday,121,RIGHT THROUGH,1,29813,2,0,1,0,1,2,1,1,Cross intersection,2,70,Arterial Other,40-49,Serious injury,Bicyclists
T20210002448,11/3/2020,16:30:00,1,Collision with vehicle,3,Tuesday,137,LEFT TURN SIDESWIPE,1,675037,2,0,0,1,1,2,2,5,Not at intersection,3,40,Local Road,65-69,Other injury,Bicyclists
T20210002454,2/2/2021,9:00:00,1,Collision with vehicle,2,Tuesday,110,CROSS TRAFFIC(INTERSECTIONS ONLY),1,359552,2,0,0,1,1,2,2,1,Cross intersection,3,50,Local Road,40-49,Other injury,Bicyclists
T20210002470,2/3/2021,17:33:00,1,Collision with vehicle,4,Wednesday,137,LEFT TURN SIDESWIPE,1,237656,2,0,0,1,2,3,1,4,Multiple intersection,3,40,Arterial Other,18-21,Other injury,Bicyclists
T20210002504,2/4/2021,8:45:00,1,Collision with vehicle,5,Thursday,147,VEHICLE STRIKES ANOTHER VEH WHILE EMERGING FROM DRIVEWAY,1,675088,2,0,1,0,1,2,1,5,Not at intersection,2,40,Arterial Highway,65-69,Serious injury,Bicyclists
T20210002516,2/4/2021,9:00:00,1,Collision with vehicle,5,Thursday,121,RIGHT THROUGH,1,63338,2,0,0,1,1,2,1,2,T intersection,3,999,Local Road,40-49,Other injury,Bicyclists
T20210002519,2/4/2021,10:25:00,1,Collision with vehicle,4,Thursday,110,CROSS TRAFFIC(INTERSECTIONS ONLY),1,43447,2,0,0,1,1,2,1,1,Cross intersection,3,50,Local Road,60-64,Other injury,Bicyclists
T20210002532,12/20/2020,12:30:00,1,Collision with vehicle,1,Sunday,112,LEFT FAR (INTERSECTIONS ONLY),1,68545,2,0,0,1,1,2,2,2,T intersection,3,80,Arterial Highway,60-64,Other injury,Bicyclists
T20210002556,2/4/2021,19:45:00,1,Collision with vehicle,5,Thursday,148,VEHICLE OFF FOOTPATH STRIKES VEH ON CARRIAGEWAY,2,674785,2,0,1,0,2,3,1,2,T intersection,2,50,Local Road,45424,Serious injury,Bicyclists
T20210002604,11/14/2020,16:00:00,1,Collision with vehicle,7,Saturday,148,VEHICLE OFF FOOTPATH STRIKES VEH ON CARRIAGEWAY,1,35619,2,0,0,1,1,2,1,4,Multiple intersection,3,40,Arterial Highway,60-64,Other injury,Bicyclists
T20210002623,2/5/2021,13:00:00,8,No collision and no object struck,6,Friday,182,OFF CARRIAGEWAY ON LEFT BEND,1,678544,2,0,0,1,0,1,1,5,Not at intersection,3,100,Arterial Other,50-59,Other injury,Bicyclists
T20210002653,2/2/2021,17:30:00,1,Collision with vehicle,2,Tuesday,135,LANE CHANGE LEFT (NOT OVERTAKING),1,688276,2,0,0,1,1,2,2,5,Not at intersection,3,70,Uknown,50-59,Other injury,Bicyclists
T20210002658,2/5/2021,18:50:00,1,Collision with vehicle,5,Friday,133,LANE SIDE SWIPE (VEHICLES IN PARALLEL LANES),9,677030,2,0,0,1,0,1,2,5,Not at intersection,3,40,Arterial Other,30-39,Other injury,Bicyclists
T20210002702,2/6/2021,10:30:00,1,Collision with vehicle,7,Saturday,110,CROSS TRAFFIC(INTERSECTIONS ONLY),1,50032,2,0,1,0,1,2,1,4,Multiple intersection,2,60,Local Road,40-49,Serious injury,Bicyclists
T20210002709,2/6/2021,13:40:00,1,Collision with vehicle,7,Saturday,121,RIGHT THROUGH,1,359958,2,0,0,1,2,3,1,2,T intersection,3,50,Local Road,40-49,Other injury,Bicyclists
T20210002710,2/3/2021,6:10:00,1,Collision with vehicle,4,Wednesday,113,RIGHT NEAR (INTERSECTIONS ONLY),2,229117,2,0,0,1,0,1,2,4,Multiple intersection,3,50,Arterial Other,26-29,Other injury,Bicyclists
T20210002768,2/6/2021,12:30:00,1,Collision with vehicle,7,Saturday,147,VEHICLE STRIKES ANOTHER VEH WHILE EMERGING FROM DRIVEWAY,1,680635,2,0,0,1,1,2,1,5,Not at intersection,3,999,Local Road,13-15,Other injury,Bicyclists
T20210002780,2/7/2021,14:22:00,1,Collision with vehicle,1,Sunday,148,VEHICLE OFF FOOTPATH STRIKES VEH ON CARRIAGEWAY,1,675043,5,0,0,1,11,12,1,2,T intersection,3,80,Local Road,16-17,Other injury,Bicyclists
T20210002789,2/7/2021,16:47:00,1,Collision with vehicle,1,Sunday,110,CROSS TRAFFIC(INTERSECTIONS ONLY),1,16821,2,0,1,0,2,3,1,1,Cross intersection,2,60,Local Road,60-64,Serious injury,Bicyclists
T20210002799,2/5/2021,16:44:00,1,Collision with vehicle,6,Friday,121,RIGHT THROUGH,1,683994,2,0,0,1,1,2,2,5,Not at intersection,3,60,Arterial Highway,22-25,Other injury,Bicyclists
T20210002815,2/7/2021,15:30:00,1,Collision with vehicle,1,Sunday,120,HEAD ON (NOT OVERTAKING),1,677409,3,1,0,2,0,3,1,5,Not at intersection,1,80,Uknown,50-59,Fatality,Bicyclists
T20210002828,2/8/2021,6:32:00,1,Collision with vehicle,2,Monday,110,CROSS TRAFFIC(INTERSECTIONS ONLY),2,13900,2,0,1,0,1,2,1,1,Cross intersection,2,60,Local Road,50-59,Serious injury,Bicyclists
T20210002829,2/8/2021,5:50:00,1,Collision with vehicle,2,Monday,148,VEHICLE OFF FOOTPATH STRIKES VEH ON CARRIAGEWAY,3,675943,2,0,1,0,2,3,1,2,T intersection,2,70,Arterial Other,18-21,Serious injury,Bicyclists
T20210002838,2/8/2021,8:20:00,1,Collision with vehicle,2,Monday,148,VEHICLE OFF FOOTPATH STRIKES VEH ON CARRIAGEWAY,1,675666,2,0,1,0,2,3,1,1,Cross intersection,2,50,Local Road,13-15,Serious injury,Bicyclists
T20210002863,2/8/2021,12:37:00,1,Collision with vehicle,2,Monday,116,LEFT NEAR (INTERSECTIONS ONLY),1,36192,2,0,0,1,1,2,1,1,Cross intersection,3,40,Local Road,50-59,Other injury,Bicyclists
T20210002871,2/6/2021,10:30:00,1,Collision with vehicle,6,Saturday,130,REAR END(VEHICLES IN SAME LANE),1,232994,2,0,0,1,0,1,2,2,T intersection,3,60,Arterial Other,30-39,Other injury,Bicyclists
T20210002894,1/16/2021,13:15:00,1,Collision with vehicle,7,Saturday,163,VEHICLE STRIKES DOOR OF PARKED/STATIONARY VEHICLE,1,739776,2,0,1,0,1,2,2,5,Not at intersection,2,60,Arterial Other,30-39,Serious injury,Bicyclists
T20210002926,2/8/2021,15:20:00,1,Collision with vehicle,2,Monday,142,LEAVING PARKING,1,36742,2,0,0,1,1,2,2,2,T intersection,3,40,Local Road,45424,Other injury,Bicyclists
T20210002934,2/9/2021,8:20:00,1,Collision with vehicle,3,Tuesday,121,RIGHT THROUGH,1,36382,2,0,1,0,1,2,1,1,Cross intersection,2,40,Local Road,40-49,Serious injury,Bicyclists
T20210002938,2/9/2021,11:25:00,1,Collision with vehicle,3,Tuesday,163,VEHICLE STRIKES DOOR OF PARKED/STATIONARY VEHICLE,1,675169,2,0,1,0,1,2,1,5,Not at intersection,2,50,Uknown,40-49,Serious injury,Bicyclists
T20210002950,1/13/2021,18:30:00,8,No collision and no object struck,4,Wednesday,174,OUT OF CONTROL ON CARRIAGEWAY (ON STRAIGHT),1,675171,1,0,0,1,0,1,2,5,Not at intersection,3,60,Local Road,30-39,Other injury,Bicyclists
T20210002953,2/9/2021,12:15:00,1,Collision with vehicle,2,Tuesday,110,CROSS TRAFFIC(INTERSECTIONS ONLY),1,41332,2,0,0,1,1,2,1,1,Cross intersection,3,50,Local Road,22-25,Other injury,Bicyclists
T20210002973,2/9/2021,15:21:00,1,Collision with vehicle,2,Tuesday,111,RIGHT FAR (INTERSECTIONS ONLY),1,675261,2,0,0,1,2,3,1,1,Cross intersection,3,40,Local Road,60-64,Not injured,Drivers
T20210002993,2/9/2021,18:00:00,1,Collision with vehicle,3,Tuesday,130,REAR END(VEHICLES IN SAME LANE),1,675360,2,0,0,1,2,3,1,5,Not at intersection,3,60,Arterial Other,50-59,Other injury,Bicyclists
T20210003003,2/9/2021,20:40:00,1,Collision with vehicle,3,Tuesday,110,CROSS TRAFFIC(INTERSECTIONS ONLY),3,36108,2,0,0,1,1,2,1,4,Multiple intersection,3,40,Uknown,22-25,Other injury,Bicyclists
T20210003029,2/10/2021,6:00:00,1,Collision with vehicle,4,Wednesday,110,CROSS TRAFFIC(INTERSECTIONS ONLY),6,52897,2,0,0,1,1,2,1,1,Cross intersection,3,60,Arterial Other,26-29,Other injury,Bicyclists
T20210003034,2/10/2021,7:50:00,1,Collision with vehicle,4,Wednesday,110,CROSS TRAFFIC(INTERSECTIONS ONLY),2,49287,2,0,1,0,1,2,1,1,Cross intersection,2,50,Local Road,50-59,Serious injury,Bicyclists