ACCIDENT_NO,ACCIDENT_DATE,ACCIDENT_TIME,ACCIDENT_TYPE,ACCIDENT_TYPE_DESC,DAY_OF_WEEK,DAY_WEEK_DESC,DCA_CODE,DCA_DESC,LIGHT_CONDITION,NODE_ID,NO_OF_VEHICLES,NO_PERSONS_KILLED,NO_PERSONS_INJ_2,NO_PERSONS_INJ_3,NO_PERSONS_NOT_INJ,NO_PERSONS,POLICE_ATTEND,ROAD_GEOMETRY,ROAD_GEOMETRY_DESC,SEVERITY,SPEED_ZONE,RMA,AGE_GROUP,INJ_LEVEL,ROAD_USER_TYPE_DESC
T20210003037,2/10/2021,8:30:00,1,Collision with vehicle,4,Wednesday,130,REAR END(VEHICLES IN SAME LANE),1,675264,2,0,1,0,1,2,1,5,Not at intersection,2,40,Local Road,30-39,Serious injury,Bicyclists
T20210003054,2/10/2021,8:00:00,1,Collision with vehicle,3,Wednesday,110,CROSS TRAFFIC(INTERSECTIONS ONLY),1,54963,2,0,0,1,1,2,2,1,Cross intersection,3,50,Local Road,60-64,Other injury,Bicyclists
T20210003090,2/10/2021,16:40:00,1,Collision with vehicle,4,Wednesday,116,LEFT NEAR (INTERSECTIONS ONLY),1,50318,2,0,1,0,1,2,1,1,Cross intersection,2,80,Uknown,40-49,Serious injury,Bicyclists
T20210003121,1/24/2021,11:00:00,4,Collision with a fixed object,0,Sunday,189,OTHER ACCIDENTS ON CURVE NOT INCLUDED IN DCAs 180-184,1,729586,2,0,0,1,1,2,2,5,Not at intersection,3,80,Arterial Other,50-59,Other injury,Bicyclists
T20210003139,2/11/2021,9:30:00,1,Collision with vehicle,5,Thursday,137,LEFT TURN SIDESWIPE,1,675817,2,0,1,0,1,2,1,1,Cross intersection,2,60,Local Road,65-69,Serious injury,Bicyclists
T20210003156,2/9/2021,14:30:00,1,Collision with vehicle,3,Tuesday,154,PULLING OUT -REAR END,1,676340,2,0,0,1,1,2,2,5,Not at intersection,3,999,Local Road,22-25,Other injury,Bicyclists
T20210003162,2/6/2021,18:30:00,1,Collision with vehicle,6,Saturday,163,VEHICLE STRIKES DOOR OF PARKED/STATIONARY VEHICLE,2,779891,2,0,0,1,1,2,2,5,Not at intersection,3,50,Local Road,40-49,Other injury,Bicyclists
T20210003181,2/11/2021,17:00:00,1,Collision with vehicle,4,Thursday,130,REAR END(VEHICLES IN SAME LANE),1,675948,2,0,0,1,0,1,2,5,Not at intersection,3,40,Uknown,16-17,Other injury,Bicyclists
T20210003202,2/11/2021,21:51:00,1,Collision with vehicle,5,Thursday,121,RIGHT THROUGH,3,133812,2,1,1,1,0,3,1,1,Cross intersection,1,80,Arterial Highway,40-49,Fatality,Bicyclists
T20210003224,2/12/2021,8:30:00,1,Collision with vehicle,6,Friday,121,RIGHT THROUGH,1,41226,2,0,0,1,0,1,2,2,T intersection,3,40,Arterial Other,16-17,Other injury,Bicyclists
T20210003258,2/21/2021,13:30:00,1,Collision with vehicle,0,Sunday,130,REAR END(VEHICLES IN SAME LANE),1,773302,4,0,0,1,3,4,1,5,Not at intersection,3,60,Local Road,30-39,Other injury,Bicyclists
T20210003271,2/12/2021,16:35:00,1,Collision with vehicle,6,Friday,147,VEHICLE STRIKES ANOTHER VEH WHILE EMERGING FROM DRIVEWAY,1,780802,2,0,0,1,1,2,1,5,Not at intersection,3,50,Local Road,30-39,Other injury,Bicyclists
T20210003277,2/11/2021,13:57:00,1,Collision with vehicle,5,Thursday,147,VEHICLE STRIKES ANOTHER VEH WHILE EMERGING FROM DRIVEWAY,1,680075,2,0,0,1,1,2,1,5,Not at intersection,3,50,Arterial Other,50-59,Other injury,Bicyclists
T20210003293,2/12/2021,19:46:00,1,Collision with vehicle,6,Friday,148,VEHICLE OFF FOOTPATH STRIKES VEH ON CARRIAGEWAY,1,675626,2,0,1,0,1,2,1,5,Not at intersection,2,70,Arterial Other,30-39,Serious injury,Bicyclists
T20210003299,2/12/2021,17:12:00,1,Collision with vehicle,5,Friday,140,U TURN,1,65926,2,0,0,1,1,2,1,2,T intersection,3,50,Local Road,40-49,Other injury,Bicyclists
T20210003326,2/9/2021,11:00:00,1,Collision with vehicle,3,Tuesday,110,CROSS TRAFFIC(INTERSECTIONS ONLY),1,678879,2,0,1,0,1,2,2,1,Cross intersection,2,40,Local Road,60-64,Serious injury,Bicyclists
T20210003343,2/13/2021,14:25:00,1,Collision with vehicle,7,Saturday,110,CROSS TRAFFIC(INTERSECTIONS ONLY),1,38020,2,0,1,0,1,2,1,1,Cross intersection,2,50,Local Road,50-59,Serious injury,Bicyclists
T20210003351,2/13/2021,15:05:00,1,Collision with vehicle,7,Saturday,121,RIGHT THROUGH,1,265011,2,0,1,0,1,2,1,2,T intersection,2,50,Local Road,60-64,Serious injury,Bicyclists
T20210003356,2/11/2021,16:00:00,1,Collision with vehicle,5,Thursday,137,LEFT TURN SIDESWIPE,1,678409,2,0,0,1,1,2,2,5,Not at intersection,3,60,Arterial Other,26-29,Other injury,Bicyclists
T20210003380,2/14/2021,12:05:00,1,Collision with vehicle,1,Sunday,147,VEHICLE STRIKES ANOTHER VEH WHILE EMERGING FROM DRIVEWAY,1,773303,2,0,1,0,1,2,1,5,Not at intersection,2,999,Uknown,18-21,Serious injury,Bicyclists
T20210003386,11/2/2020,13:15:00,8,No collision and no object struck,2,Monday,174,OUT OF CONTROL ON CARRIAGEWAY (ON STRAIGHT),1,675952,1,0,1,0,0,1,2,5,Not at intersection,2,50,Local Road,40-49,Serious injury,Bicyclists
T20210003411,2/3/2021,15:30:00,1,Collision with vehicle,4,Wednesday,137,LEFT TURN SIDESWIPE,1,676556,2,0,1,0,1,2,2,5,Not at intersection,2,60,Local Road,30-39,Serious injury,Bicyclists
T20210003427,2/15/2021,12:14:00,1,Collision with vehicle,2,Monday,130,REAR END(VEHICLES IN SAME LANE),1,679220,2,0,0,1,0,1,1,5,Not at intersection,3,50,Local Road,40-49,Other injury,Bicyclists
T20210003437,2/15/2021,15:58:00,1,Collision with vehicle,2,Monday,148,VEHICLE OFF FOOTPATH STRIKES VEH ON CARRIAGEWAY,1,675822,2,0,0,1,1,2,1,5,Not at intersection,3,40,Local Road,30-39,Other injury,Bicyclists
T20210003443,2/15/2021,16:15:00,1,Collision with vehicle,2,Monday,148,VEHICLE OFF FOOTPATH STRIKES VEH ON CARRIAGEWAY,1,676342,2,0,0,1,1,2,2,2,T intersection,3,50,Local Road,13-15,Other injury,Bicyclists
T20210003448,2/15/2021,20:38:00,1,Collision with vehicle,2,Monday,134,LANE CHANGE RIGHT (NOT OVERTAKING),9,682649,2,0,1,1,0,2,1,5,Not at intersection,2,60,Arterial Other,30-39,Serious injury,Bicyclists
T20210003450,2/15/2021,21:11:00,1,Collision with vehicle,1,Monday,136,RIGHT TURN SIDESWIPE,3,278819,2,0,1,0,1,2,1,2,T intersection,2,60,Local Road,30-39,Serious injury,Bicyclists
T20210003454,3/28/2020,8:20:00,1,Collision with vehicle,6,Saturday,130,REAR END(VEHICLES IN SAME LANE),1,729600,2,0,0,1,1,2,2,5,Not at intersection,3,50,Uknown,50-59,Other injury,Bicyclists
T20210003473,2/16/2021,8:00:00,1,Collision with vehicle,3,Tuesday,111,RIGHT FAR (INTERSECTIONS ONLY),1,38525,2,0,0,1,1,2,1,4,Multiple intersection,3,50,Uknown,30-39,Other injury,Bicyclists
T20210003477,2/12/2021,16:30:00,1,Collision with vehicle,6,Friday,110,CROSS TRAFFIC(INTERSECTIONS ONLY),1,29737,2,0,1,0,0,1,2,1,Cross intersection,2,50,Local Road,40-49,Serious injury,Bicyclists
T20210003494,2/16/2021,18:50:00,1,Collision with vehicle,3,Tuesday,121,RIGHT THROUGH,1,42146,2,0,0,1,1,2,1,2,T intersection,3,60,Arterial Other,60-64,Other injury,Bicyclists
T20210003510,2/17/2021,7:20:00,1,Collision with vehicle,4,Wednesday,121,RIGHT THROUGH,1,57542,2,0,1,0,1,2,1,1,Cross intersection,2,50,Arterial Highway,30-39,Serious injury,Bicyclists
T20210003512,2/17/2021,7:34:00,1,Collision with vehicle,4,Wednesday,130,REAR END(VEHICLES IN SAME LANE),1,676235,3,0,0,2,1,3,1,5,Not at intersection,3,80,Local Road,30-39,Other injury,Bicyclists
T20210003521,2/17/2021,11:10:00,1,Collision with vehicle,3,Wednesday,134,LANE CHANGE RIGHT (NOT OVERTAKING),1,45531,2,0,1,1,0,2,2,3,Y intersection,2,60,Arterial Other,60-64,Serious injury,Bicyclists
T20210003529,2/17/2021,11:50:00,6,Vehicle overturned (no collision),4,Wednesday,174,OUT OF CONTROL ON CARRIAGEWAY (ON STRAIGHT),1,675960,1,0,1,0,0,1,1,2,T intersection,2,50,Local Road,60-64,Serious injury,Bicyclists
T20210003533,2/17/2021,8:25:00,1,Collision with vehicle,4,Wednesday,110,CROSS TRAFFIC(INTERSECTIONS ONLY),1,44641,2,0,0,1,1,2,2,1,Cross intersection,3,40,Local Road,26-29,Other injury,Bicyclists
T20210003544,2/17/2021,14:30:00,1,Collision with vehicle,4,Wednesday,148,VEHICLE OFF FOOTPATH STRIKES VEH ON CARRIAGEWAY,1,677993,2,0,1,0,1,2,1,5,Not at intersection,2,60,Local Road,45424,Serious injury,Bicyclists
T20210003555,2/11/2021,8:00:00,1,Collision with vehicle,4,Thursday,116,LEFT NEAR (INTERSECTIONS ONLY),1,218,2,0,0,1,1,2,1,1,Cross intersection,3,80,Arterial Other,50-59,Other injury,Bicyclists
T20210003566,2/16/2021,8:00:00,1,Collision with vehicle,2,Tuesday,121,RIGHT THROUGH,1,682617,2,0,0,1,1,2,2,5,Not at intersection,3,60,Arterial Other,40-49,Other injury,Bicyclists
T20210003567,2/18/2021,8:20:00,1,Collision with vehicle,5,Thursday,121,RIGHT THROUGH,1,44857,2,0,0,1,1,2,1,2,T intersection,3,60,Arterial Other,30-39,Other injury,Bicyclists
T20210003582,2/16/2021,5:40:00,8,No collision and no object struck,3,Tuesday,174,OUT OF CONTROL ON CARRIAGEWAY (ON STRAIGHT),2,676975,2,0,0,1,0,1,2,5,Not at intersection,3,60,Arterial Other,30-39,Other injury,Bicyclists
T20210003600,2/12/2021,10:50:00,1,Collision with vehicle,6,Friday,137,LEFT TURN SIDESWIPE,1,677502,2,0,1,0,1,2,2,5,Not at intersection,2,60,Local Road,40-49,Serious injury,Bicyclists
T20210003603,2/17/2021,10:45:00,1,Collision with vehicle,4,Wednesday,116,LEFT NEAR (INTERSECTIONS ONLY),1,676131,2,0,0,1,1,2,2,1,Cross intersection,3,50,Local Road,50-59,Other injury,Bicyclists
T20210003615,2/18/2021,17:46:00,1,Collision with vehicle,4,Thursday,142,LEAVING PARKING,1,679499,2,0,0,1,1,2,1,5,Not at intersection,3,50,Local Road,40-49,Other injury,Bicyclists
T20210003621,2/18/2021,17:45:00,2,Struck Pedestrian,4,Thursday,106,VEH STRIKES PED ON FOOTPATH/MEDIAN/TRAFFIC ISLAND.,1,170773,1,0,0,1,0,1,2,5,Not at intersection,3,999,Local Road,45424,Other injury,Pedestrians
T20210003658,2/19/2021,8:40:00,1,Collision with vehicle,6,Friday,137,LEFT TURN SIDESWIPE,1,29430,2,0,0,1,1,2,2,1,Cross intersection,3,50,Local Road,26-29,Other injury,Bicyclists
T20210003661,2/19/2021,9:15:00,1,Collision with vehicle,6,Friday,163,VEHICLE STRIKES DOOR OF PARKED/STATIONARY VEHICLE,1,676619,2,0,0,1,1,2,2,5,Not at intersection,3,40,Local Road,40-49,Other injury,Bicyclists
T20210003666,2/18/2021,15:00:00,1,Collision with vehicle,5,Thursday,163,VEHICLE STRIKES DOOR OF PARKED/STATIONARY VEHICLE,1,676845,2,0,0,1,1,2,2,5,Not at intersection,3,60,Arterial Other,22-25,Other injury,Bicyclists
T20210003670,2/19/2021,8:30:00,1,Collision with vehicle,6,Friday,163,VEHICLE STRIKES DOOR OF PARKED/STATIONARY VEHICLE,1,679402,2,0,0,1,1,2,2,5,Not at intersection,3,50,Uknown,40-49,Other injury,Bicyclists
T20210003673,2/19/2021,11:15:00,1,Collision with vehicle,6,Friday,148,VEHICLE OFF FOOTPATH STRIKES VEH ON CARRIAGEWAY,1,41958,2,0,1,0,1,2,1,2,T intersection,2,50,Local Road,40-49,Serious injury,Bicyclists
T20210003681,2/19/2021,13:30:00,1,Collision with vehicle,6,Friday,110,CROSS TRAFFIC(INTERSECTIONS ONLY),1,35138,2,0,1,0,1,2,1,1,Cross intersection,2,60,Local Road,40-49,Serious injury,Bicyclists
T20210003687,11/3/2020,11:15:00,1,Collision with vehicle,3,Tuesday,135,LANE CHANGE LEFT (NOT OVERTAKING),1,676176,2,0,0,2,0,2,2,5,Not at intersection,3,60,Arterial Other,60-64,Other injury,Bicyclists
T20210003689,2/17/2021,18:00:00,1,Collision with vehicle,3,Wednesday,110,CROSS TRAFFIC(INTERSECTIONS ONLY),1,51730,2,0,0,1,1,2,2,1,Cross intersection,3,60,Local Road,50-59,Other injury,Bicyclists
T20210003726,2/19/2021,19:55:00,1,Collision with vehicle,5,Friday,134,LANE CHANGE RIGHT (NOT OVERTAKING),2,729894,2,0,0,1,1,2,1,5,Not at intersection,3,40,Local Road,50-59,Other injury,Bicyclists
T20210003741,2/19/2021,16:29:00,1,Collision with vehicle,6,Friday,148,VEHICLE OFF FOOTPATH STRIKES VEH ON CARRIAGEWAY,1,676614,2,0,0,1,1,2,1,5,Not at intersection,3,999,Arterial Other,30-39,Other injury,Bicyclists
T20210003821,2/18/2021,8:05:00,1,Collision with vehicle,4,Thursday,115,RIGHT/LEFT FAR (INTERSECTIONS ONLY),1,72819,2,0,0,1,1,2,2,2,T intersection,3,60,Local Road,16-17,Other injury,Bicyclists
T20210003829,2/21/2021,10:30:00,1,Collision with vehicle,0,Sunday,116,LEFT NEAR (INTERSECTIONS ONLY),1,301467,2,0,1,0,1,2,1,2,T intersection,2,50,Local Road,50-59,Serious injury,Bicyclists
T20210003864,2/21/2021,17:05:00,1,Collision with vehicle,1,Sunday,148,VEHICLE OFF FOOTPATH STRIKES VEH ON CARRIAGEWAY,1,681482,2,0,0,1,1,2,1,5,Not at intersection,3,40,Local Road,13-15,Other injury,Bicyclists
T20210003923,2/22/2021,7:05:00,1,Collision with vehicle,2,Monday,110,CROSS TRAFFIC(INTERSECTIONS ONLY),1,41152,2,0,1,0,2,3,2,1,Cross intersection,2,60,Local Road,30-39,Serious injury,Bicyclists
T20210003954,1/25/2021,18:20:00,1,Collision with vehicle,2,Monday,163,VEHICLE STRIKES DOOR OF PARKED/STATIONARY VEHICLE,1,37818,2,0,0,1,1,2,2,1,Cross intersection,3,40,Arterial Other,26-29,Other injury,Bicyclists
T20210003973,2/23/2021,8:00:00,8,No collision and no object struck,3,Tuesday,174,OUT OF CONTROL ON CARRIAGEWAY (ON STRAIGHT),1,38767,1,0,0,1,0,1,1,4,Multiple intersection,3,50,Local Road,30-39,Other injury,Bicyclists
T20210003991,2/22/2021,8:00:00,1,Collision with vehicle,1,Monday,113,RIGHT NEAR (INTERSECTIONS ONLY),1,681180,2,0,0,1,1,2,2,2,T intersection,3,50,Local Road,30-39,Other injury,Bicyclists
T20210004002,2/23/2021,11:30:00,1,Collision with vehicle,3,Tuesday,132,RIGHT REAR.,1,699151,4,0,1,2,1,4,1,2,T intersection,2,60,Arterial Other,40-49,Serious injury,Bicyclists
T20210004010,2/23/2021,12:00:00,8,No collision and no object struck,3,Tuesday,174,OUT OF CONTROL ON CARRIAGEWAY (ON STRAIGHT),1,29621,1,0,1,0,0,1,1,1,Cross intersection,2,50,Arterial Other,65-69,Serious injury,Bicyclists
T20210004025,2/23/2021,17:21:00,1,Collision with vehicle,2,Tuesday,114,TWO RIGHT TURNING (INTERSECTIONS ONLY),1,67930,2,0,0,1,1,2,1,2,T intersection,3,60,Arterial Other,13-15,Other injury,Bicyclists
T20210004039,2/23/2021,19:40:00,1,Collision with vehicle,2,Tuesday,130,REAR END(VEHICLES IN SAME LANE),2,224806,2,0,0,1,1,2,1,1,Cross intersection,3,60,Arterial Highway,22-25,Other injury,Bicyclists
T20210004044,2/23/2021,18:00:00,1,Collision with vehicle,2,Tuesday,121,RIGHT THROUGH,1,29424,2,0,0,1,1,2,1,1,Cross intersection,3,60,Local Road,22-25,Other injury,Bicyclists
T20210004078,2/20/2021,15:30:00,1,Collision with vehicle,7,Saturday,148,VEHICLE OFF FOOTPATH STRIKES VEH ON CARRIAGEWAY,1,676938,2,0,0,1,4,5,2,5,Not at intersection,3,50,Local Road,13-15,Other injury,Bicyclists
T20210004087,2/24/2021,9:49:00,1,Collision with vehicle,4,Wednesday,110,CROSS TRAFFIC(INTERSECTIONS ONLY),1,42032,2,0,1,0,1,2,1,1,Cross intersection,2,50,Arterial Other,30-39,Serious injury,Bicyclists
T20210004103,2/24/2021,16:35:00,1,Collision with vehicle,3,Wednesday,147,VEHICLE STRIKES ANOTHER VEH WHILE EMERGING FROM DRIVEWAY,1,678215,2,0,0,1,1,2,1,5,Not at intersection,3,888,Arterial Other,13-15,Other injury,Bicyclists
T20210004146,2/25/2021,7:55:00,1,Collision with vehicle,4,Thursday,110,CROSS TRAFFIC(INTERSECTIONS ONLY),1,47296,2,0,0,1,1,2,1,1,Cross intersection,3,60,Local Road,50-59,Other injury,Bicyclists
T20210004152,2/25/2021,11:20:00,1,Collision with vehicle,5,Thursday,130,REAR END(VEHICLES IN SAME LANE),1,676571,2,0,1,0,1,2,1,5,Not at intersection,2,50,Uknown,50-59,Not injured,Bicyclists
T20210004163,2/25/2021,11:35:00,8,No collision and no object struck,5,Thursday,174,OUT OF CONTROL ON CARRIAGEWAY (ON STRAIGHT),1,677636,1,0,0,1,0,1,1,5,Not at intersection,3,80,Arterial Other,40-49,Other injury,Bicyclists
T20210004205,1/30/2021,19:28:00,1,Collision with vehicle,7,Saturday,163,VEHICLE STRIKES DOOR OF PARKED/STATIONARY VEHICLE,1,679689,2,0,1,0,0,1,9,5,Not at intersection,2,50,Local Road,26-29,Serious injury,Bicyclists
T20210004239,12/18/2020,20:30:00,1,Collision with vehicle,6,Friday,199,UNKNOWN-NO DETAILS ON MANOEUVRES OF ROAD-USERS IN ACCIDENT,2,676678,2,0,0,1,0,1,2,2,T intersection,3,50,Local Road,40-49,Other injury,Bicyclists
T20210004280,12/3/2020,15:15:00,1,Collision with vehicle,5,Thursday,147,VEHICLE STRIKES ANOTHER VEH WHILE EMERGING FROM DRIVEWAY,1,780782,2,0,0,1,1,2,2,5,Not at intersection,3,40,Local Road,65-69,Other injury,Bicyclists
T20210004293,2/26/2021,17:27:00,1,Collision with vehicle,6,Friday,148,VEHICLE OFF FOOTPATH STRIKES VEH ON CARRIAGEWAY,1,677837,2,0,1,0,1,2,1,2,T intersection,2,60,Arterial Other,16-17,Serious injury,Bicyclists
T20210004325,2/27/2021,7:35:00,1,Collision with vehicle,7,Saturday,133,LANE SIDE SWIPE (VEHICLES IN PARALLEL LANES),1,676813,2,0,1,0,0,1,1,5,Not at intersection,2,60,Uknown,50-59,Serious injury,Bicyclists
T20210004333,2/11/2021,14:50:00,2,Struck Pedestrian,5,Thursday,101,PED EMERGES FROM IN FRONT OF PARKED OR STATIONARY VEHICLE,1,676751,1,0,1,0,1,2,2,5,Not at intersection,2,999,Arterial Other,22-25,Not injured,Bicyclists
T20210004344,2/27/2021,12:34:00,1,Collision with vehicle,7,Saturday,137,LEFT TURN SIDESWIPE,1,676815,2,0,1,0,1,2,1,5,Not at intersection,2,60,Arterial Highway,40-49,Serious injury,Bicyclists
T20210004349,2/24/2021,16:30:00,1,Collision with vehicle,3,Wednesday,147,VEHICLE STRIKES ANOTHER VEH WHILE EMERGING FROM DRIVEWAY,1,676752,2,0,0,1,1,2,2,5,Not at intersection,3,50,Local Road,26-29,Other injury,Bicyclists
T20210004353,2/27/2021,10:25:00,1,Collision with vehicle,7,Saturday,130,REAR END(VEHICLES IN SAME LANE),1,677162,2,0,1,0,1,2,1,5,Not at intersection,2,60,Arterial Other,30-39,Serious injury,Bicyclists
T20210004390,2/28/2021,4:40:00,1,Collision with vehicle,1,Sunday,110,CROSS TRAFFIC(INTERSECTIONS ONLY),3,62634,2,0,0,1,0,1,1,1,Cross intersection,3,999,Local Road,30-39,Other injury,Bicyclists
T20210004429,2/28/2021,11:58:00,1,Collision with vehicle,1,Sunday,120,HEAD ON (NOT OVERTAKING),1,678256,2,0,2,0,0,2,1,5,Not at intersection,2,80,Arterial Other,30-39,Serious injury,Bicyclists
T20210004467,2/28/2021,13:45:00,1,Collision with vehicle,1,Sunday,148,VEHICLE OFF FOOTPATH STRIKES VEH ON CARRIAGEWAY,1,679612,2,0,0,1,1,2,1,1,Cross intersection,3,80,Arterial Highway,40-49,Other injury,Bicyclists
T20210004481,3/1/2021,8:40:00,1,Collision with vehicle,2,Monday,136,RIGHT TURN SIDESWIPE,1,45617,2,0,0,1,1,2,1,2,T intersection,3,40,Arterial Other,13-15,Other injury,Bicyclists
T20210004482,2/17/2021,8:15:00,1,Collision with vehicle,3,Wednesday,110,CROSS TRAFFIC(INTERSECTIONS ONLY),1,69312,2,0,0,1,1,2,2,1,Cross intersection,3,50,Local Road,40-49,Other injury,Bicyclists
T20210004496,3/1/2021,10:50:00,1,Collision with vehicle,2,Monday,148,VEHICLE OFF FOOTPATH STRIKES VEH ON CARRIAGEWAY,1,675822,2,0,1,0,1,2,1,5,Not at intersection,2,40,Local Road,26-29,Serious injury,Bicyclists
T20210004582,2/7/2021,6:40:00,1,Collision with vehicle,1,Sunday,139,OTHER SAME DIRECTION-MANOUEVRES NOT INCLUDED IN DCAs 130-137,1,29427,2,0,0,1,1,2,1,1,Cross intersection,3,40,Local Road,26-29,Other injury,Bicyclists
T20210004588,3/2/2021,9:15:00,1,Collision with vehicle,3,Tuesday,116,LEFT NEAR (INTERSECTIONS ONLY),1,677759,2,0,0,1,1,2,1,2,T intersection,3,40,Local Road,70+,Other injury,Bicyclists
T20210004596,12/16/2020,19:45:00,1,Collision with vehicle,3,Wednesday,110,CROSS TRAFFIC(INTERSECTIONS ONLY),1,225697,2,0,0,1,1,2,1,1,Cross intersection,3,60,Local Road,30-39,Other injury,Bicyclists
T20210004612,3/2/2021,13:34:00,1,Collision with vehicle,3,Tuesday,113,RIGHT NEAR (INTERSECTIONS ONLY),1,45511,2,0,1,0,1,2,1,2,T intersection,2,60,Local Road,40-49,Serious injury,Bicyclists
T20210004614,3/2/2021,15:56:00,1,Collision with vehicle,3,Tuesday,163,VEHICLE STRIKES DOOR OF PARKED/STATIONARY VEHICLE,1,678489,2,0,0,1,1,2,1,5,Not at intersection,3,40,Local Road,30-39,Other injury,Bicyclists
T20210004623,2/25/2021,7:45:00,1,Collision with vehicle,5,Thursday,110,CROSS TRAFFIC(INTERSECTIONS ONLY),1,29926,2,0,0,1,1,2,2,1,Cross intersection,3,60,Arterial Other,26-29,Other injury,Bicyclists
T20210004633,2/27/2021,11:15:00,1,Collision with vehicle,7,Saturday,142,LEAVING PARKING,1,677105,2,0,1,0,1,2,1,5,Not at intersection,2,40,Local Road,60-64,Serious injury,Bicyclists
T20210004642,2/10/2021,20:00:00,1,Collision with vehicle,3,Wednesday,110,CROSS TRAFFIC(INTERSECTIONS ONLY),2,39884,2,0,0,1,1,2,9,1,Cross intersection,3,60,Uknown,60-64,Other injury,Bicyclists
T20210004659,3/3/2021,8:00:00,1,Collision with vehicle,3,Wednesday,121,RIGHT THROUGH,1,39115,3,0,0,2,1,3,1,2,T intersection,3,60,Local Road,40-49,Other injury,Bicyclists
T20210004668,3/3/2021,11:05:00,1,Collision with vehicle,4,Wednesday,136,RIGHT TURN SIDESWIPE,1,677289,2,0,1,0,1,2,1,5,Not at intersection,2,50,Local Road,18-21,Serious injury,Bicyclists
T20210004703,3/3/2021,12:15:00,2,Struck Pedestrian,4,Wednesday,104,PED WALKING WITH TRAFFIC,1,678846,1,0,0,1,0,1,2,5,Not at intersection,3,999,Local Road,65-69,Other injury,Pedestrians
T20210004723,3/3/2021,18:45:00,1,Collision with vehicle,4,Wednesday,110,CROSS TRAFFIC(INTERSECTIONS ONLY),1,37986,2,0,1,0,1,2,1,1,Cross intersection,2,50,Local Road,30-39,Serious injury,Bicyclists
T20210004746,3/4/2021,9:05:00,1,Collision with vehicle,5,Thursday,133,LANE SIDE SWIPE (VEHICLES IN PARALLEL LANES),1,677155,2,0,1,0,1,2,1,5,Not at intersection,2,60,Arterial Other,70+,Serious injury,Bicyclists
T20210004756,3/3/2021,16:50:00,1,Collision with vehicle,4,Wednesday,139,OTHER SAME DIRECTION-MANOUEVRES NOT INCLUDED IN DCAs 130-137,1,683077,2,0,0,1,0,1,2,2,T intersection,3,60,Arterial Other,30-39,Other injury,Bicyclists
T20210004795,3/4/2021,17:28:00,1,Collision with vehicle,5,Thursday,147,VEHICLE STRIKES ANOTHER VEH WHILE EMERGING FROM DRIVEWAY,1,677159,2,0,0,1,1,2,1,5,Not at intersection,3,50,Local Road,45424,Other injury,Bicyclists
T20210004798,3/4/2021,14:57:00,1,Collision with vehicle,4,Thursday,130,REAR END(VEHICLES IN SAME LANE),1,682438,2,0,0,1,1,2,2,5,Not at intersection,3,60,Arterial Other,22-25,Other injury,Bicyclists
T20210004807,3/4/2021,19:20:00,6,Vehicle overturned (no collision),5,Thursday,172,OFF CARRIAGEWAY TO RIGHT,1,44602,1,0,0,1,0,1,1,1,Cross intersection,3,50,Local Road,40-49,Other injury,Bicyclists
T20210004880,3/4/2021,15:29:00,1,Collision with vehicle,5,Thursday,147,VEHICLE STRIKES ANOTHER VEH WHILE EMERGING FROM DRIVEWAY,1,677352,2,0,0,1,1,2,1,5,Not at intersection,3,777,Local Road,13-15,Other injury,Bicyclists
T20210004891,3/5/2021,15:30:00,1,Collision with vehicle,6,Friday,160,VEHICLE COLLIDES WITH VEHICLE PARKED ON LEFT OF ROAD,1,677293,2,0,0,1,0,1,1,5,Not at intersection,3,60,Local Road,16-17,Other injury,Bicyclists
T20210004920,3/6/2021,9:00:00,1,Collision with vehicle,6,Saturday,148,VEHICLE OFF FOOTPATH STRIKES VEH ON CARRIAGEWAY,1,29588,3,0,0,1,2,3,2,1,Cross intersection,3,40,Arterial Other,30-39,Other injury,Bicyclists
T20210004932,3/6/2021,9:29:00,1,Collision with vehicle,7,Saturday,113,RIGHT NEAR (INTERSECTIONS ONLY),1,359708,2,0,2,0,3,5,1,1,Cross intersection,2,100,Arterial Other,60-64,Serious injury,Bicyclists
T20210004991,3/6/2021,9:30:00,1,Collision with vehicle,7,Saturday,115,RIGHT/LEFT FAR (INTERSECTIONS ONLY),1,678491,2,0,1,0,1,2,2,2,T intersection,2,100,Uknown,40-49,Serious injury,Bicyclists
T20210004994,3/7/2021,6:45:00,1,Collision with vehicle,1,Sunday,148,VEHICLE OFF FOOTPATH STRIKES VEH ON CARRIAGEWAY,1,214,2,0,1,0,1,2,1,2,T intersection,2,30,Local Road,22-25,Serious injury,Bicyclists
T20210005003,3/7/2021,12:09:00,1,Collision with vehicle,1,Sunday,148,VEHICLE OFF FOOTPATH STRIKES VEH ON CARRIAGEWAY,1,239172,2,0,1,0,1,2,1,2,T intersection,2,60,Arterial Highway,50-59,Serious injury,Bicyclists
T20210005031,3/7/2021,12:30:00,1,Collision with vehicle,1,Sunday,137,LEFT TURN SIDESWIPE,1,65003,2,0,0,1,1,2,2,1,Cross intersection,3,40,Arterial Highway,30-39,Other injury,Bicyclists
T20210005044,3/7/2021,19:05:00,1,Collision with vehicle,1,Sunday,139,OTHER SAME DIRECTION-MANOUEVRES NOT INCLUDED IN DCAs 130-137,1,678778,2,0,1,0,0,1,1,5,Not at intersection,2,50,Local Road,40-49,Serious injury,Bicyclists
T20210005144,1/31/2021,11:40:00,1,Collision with vehicle,0,Sunday,121,RIGHT THROUGH,1,31004,2,0,0,1,1,2,1,2,T intersection,3,50,Local Road,70+,Other injury,Bicyclists