ACCIDENT_NO,ACCIDENT_DATE,ACCIDENT_TIME,ACCIDENT_TYPE,ACCIDENT_TYPE_DESC,DAY_OF_WEEK,DAY_WEEK_DESC,DCA_CODE,DCA_DESC,LIGHT_CONDITION,NODE_ID,NO_OF_VEHICLES,NO_PERSONS_KILLED,NO_PERSONS_INJ_2,NO_PERSONS_INJ_3,NO_PERSONS_NOT_INJ,NO_PERSONS,POLICE_ATTEND,ROAD_GEOMETRY,ROAD_GEOMETRY_DESC,SEVERITY,SPEED_ZONE,RMA,AGE_GROUP,INJ_LEVEL,ROAD_USER_TYPE_DESC
T20210005155,3/9/2021,7:00:00,1,Collision with vehicle,3,Tuesday,110,CROSS TRAFFIC(INTERSECTIONS ONLY),2,45274,2,0,1,0,1,2,2,1,Cross intersection,2,50,Local Road,40-49,Serious injury,Bicyclists
T20210005180,3/8/2021,18:00:00,1,Collision with vehicle,1,Monday,137,LEFT TURN SIDESWIPE,2,389,2,0,0,1,1,2,2,1,Cross intersection,3,999,Uknown,22-25,Other injury,Bicyclists
T20210005181,3/9/2021,6:41:00,1,Collision with vehicle,2,Tuesday,111,RIGHT FAR (INTERSECTIONS ONLY),3,780861,2,0,0,1,1,2,1,1,Cross intersection,3,60,Arterial Highway,50-59,Other injury,Bicyclists
T20210005239,3/9/2021,10:25:00,1,Collision with vehicle,3,Tuesday,137,LEFT TURN SIDESWIPE,1,42779,2,0,1,0,1,2,2,2,T intersection,2,60,Arterial Other,40-49,Serious injury,Bicyclists
T20210005255,3/10/2021,8:14:00,1,Collision with vehicle,3,Wednesday,148,VEHICLE OFF FOOTPATH STRIKES VEH ON CARRIAGEWAY,1,783152,2,0,0,1,1,2,1,1,Cross intersection,3,70,Local Road,13-15,Other injury,Bicyclists
T20210005299,3/9/2021,6:45:00,3,Struck animal,3,Tuesday,167,STRUCK ANIMAL,5,680082,1,0,0,1,0,1,2,5,Not at intersection,3,80,Uknown,40-49,Other injury,Bicyclists
T20210005324,3/10/2021,18:00:00,1,Collision with vehicle,3,Wednesday,130,REAR END(VEHICLES IN SAME LANE),2,677602,2,0,0,1,1,2,1,5,Not at intersection,3,60,Uknown,26-29,Other injury,Bicyclists
T20210005362,3/11/2021,8:45:00,1,Collision with vehicle,5,Thursday,163,VEHICLE STRIKES DOOR OF PARKED/STATIONARY VEHICLE,1,82726,2,0,1,0,1,2,1,5,Not at intersection,2,40,Arterial Other,65-69,Serious injury,Bicyclists
T20210005376,3/11/2021,11:40:00,1,Collision with vehicle,5,Thursday,133,LANE SIDE SWIPE (VEHICLES IN PARALLEL LANES),1,35392,2,0,1,0,0,1,1,4,Multiple intersection,2,60,Freeway,65-69,Serious injury,Bicyclists
T20210005382,2/15/2021,5:54:00,1,Collision with vehicle,1,Monday,133,LANE SIDE SWIPE (VEHICLES IN PARALLEL LANES),2,677768,2,0,0,1,0,1,2,5,Not at intersection,3,50,Arterial Other,26-29,Other injury,Bicyclists
T20210005387,3/10/2021,16:10:00,1,Collision with vehicle,3,Wednesday,148,VEHICLE OFF FOOTPATH STRIKES VEH ON CARRIAGEWAY,1,681081,2,0,0,1,1,2,1,5,Not at intersection,3,60,Arterial Other,45424,Other injury,Bicyclists
T20210005390,3/11/2021,13:10:00,1,Collision with vehicle,5,Thursday,110,CROSS TRAFFIC(INTERSECTIONS ONLY),1,49417,2,0,1,0,1,2,1,4,Multiple intersection,2,50,Arterial Highway,30-39,Serious injury,Bicyclists
T20210005396,3/7/2021,11:15:00,5,collision with some other object,1,Sunday,166,STRUCK OBJECT ON CARRIAGEWAY,1,678305,1,0,1,0,0,1,2,5,Not at intersection,2,80,Uknown,40-49,Serious injury,Bicyclists
T20210005398,3/11/2021,15:10:00,1,Collision with vehicle,4,Thursday,148,VEHICLE OFF FOOTPATH STRIKES VEH ON CARRIAGEWAY,1,776786,2,0,0,1,1,2,1,5,Not at intersection,3,40,Local Road,45424,Other injury,Bicyclists
T20210005427,3/11/2021,16:17:00,1,Collision with vehicle,5,Thursday,110,CROSS TRAFFIC(INTERSECTIONS ONLY),1,36192,2,0,1,0,1,2,1,1,Cross intersection,2,40,Local Road,30-39,Serious injury,Bicyclists
T20210005448,3/12/2021,8:12:00,1,Collision with vehicle,6,Friday,148,VEHICLE OFF FOOTPATH STRIKES VEH ON CARRIAGEWAY,1,680182,2,0,1,0,1,2,1,2,T intersection,2,999,Local Road,45424,Serious injury,Bicyclists
T20210005465,3/12/2021,7:45:00,1,Collision with vehicle,6,Friday,148,VEHICLE OFF FOOTPATH STRIKES VEH ON CARRIAGEWAY,1,60834,2,0,0,1,1,2,2,4,Multiple intersection,3,40,Arterial Other,13-15,Other injury,Bicyclists
T20210005469,3/4/2021,9:05:00,1,Collision with vehicle,5,Thursday,148,VEHICLE OFF FOOTPATH STRIKES VEH ON CARRIAGEWAY,1,677774,2,0,0,1,1,2,1,2,T intersection,3,60,Local Road,45424,Other injury,Bicyclists
T20210005470,3/12/2021,11:30:00,1,Collision with vehicle,6,Friday,133,LANE SIDE SWIPE (VEHICLES IN PARALLEL LANES),1,677775,2,0,0,1,1,2,1,5,Not at intersection,3,60,Arterial Highway,70+,Other injury,Bicyclists
T20210005484,3/12/2021,11:55:00,1,Collision with vehicle,6,Friday,121,RIGHT THROUGH,1,680184,2,0,1,0,1,2,1,5,Not at intersection,2,80,Local Road,65-69,Serious injury,Bicyclists
T20210005485,3/11/2021,17:45:00,1,Collision with vehicle,5,Thursday,148,VEHICLE OFF FOOTPATH STRIKES VEH ON CARRIAGEWAY,1,250423,2,0,0,1,2,3,1,2,T intersection,3,50,Local Road,13-15,Other injury,Bicyclists
T20210005487,2/15/2021,17:45:00,8,No collision and no object struck,2,Monday,170,OFF CARRIAGEWAY TO LEFT,1,58026,2,0,0,1,1,2,2,1,Cross intersection,3,999,Uknown,22-25,Other injury,Bicyclists
T20210005498,3/11/2021,9:00:00,1,Collision with vehicle,5,Thursday,110,CROSS TRAFFIC(INTERSECTIONS ONLY),9,57056,2,0,0,1,1,2,2,1,Cross intersection,3,40,Local Road,40-49,Other injury,Bicyclists
T20210005518,3/5/2021,16:46:00,1,Collision with vehicle,6,Friday,121,RIGHT THROUGH,1,50075,2,0,0,1,1,2,1,2,T intersection,3,60,Arterial Other,50-59,Other injury,Bicyclists
T20210005536,3/12/2021,20:45:00,1,Collision with vehicle,6,Friday,121,RIGHT THROUGH,5,589463,2,0,0,1,1,2,1,2,T intersection,3,60,Local Road,30-39,Other injury,Bicyclists
T20210005558,3/13/2021,9:50:00,1,Collision with vehicle,7,Saturday,137,LEFT TURN SIDESWIPE,1,677853,2,0,0,1,0,1,2,2,T intersection,3,60,Local Road,30-39,Other injury,Bicyclists
T20210005564,3/13/2021,6:50:00,1,Collision with vehicle,6,Saturday,160,VEHICLE COLLIDES WITH VEHICLE PARKED ON LEFT OF ROAD,2,679228,2,0,0,1,0,1,2,5,Not at intersection,3,999,Arterial Other,40-49,Other injury,Bicyclists
T20210005595,3/13/2021,11:04:00,1,Collision with vehicle,7,Saturday,137,LEFT TURN SIDESWIPE,1,688744,2,0,0,1,1,2,2,5,Not at intersection,3,80,Arterial Highway,30-39,Other injury,Bicyclists
T20210005636,3/12/2021,13:00:00,8,No collision and no object struck,6,Friday,174,OUT OF CONTROL ON CARRIAGEWAY (ON STRAIGHT),1,37685,1,0,1,0,0,1,2,1,Cross intersection,2,50,Local Road,30-39,Serious injury,Bicyclists
T20210005640,3/14/2021,11:40:00,1,Collision with vehicle,1,Sunday,121,RIGHT THROUGH,1,37621,2,0,1,0,1,2,1,1,Cross intersection,2,60,Arterial Highway,26-29,Serious injury,Bicyclists
T20210005647,3/14/2021,12:55:00,1,Collision with vehicle,1,Sunday,147,VEHICLE STRIKES ANOTHER VEH WHILE EMERGING FROM DRIVEWAY,1,679512,2,0,0,1,1,2,1,2,T intersection,3,50,Arterial Other,16-17,Other injury,Bicyclists
T20210005652,3/14/2021,14:05:00,1,Collision with vehicle,1,Sunday,148,VEHICLE OFF FOOTPATH STRIKES VEH ON CARRIAGEWAY,1,680632,2,0,0,1,1,2,1,5,Not at intersection,3,50,Local Road,45424,Other injury,Bicyclists
T20210005658,3/14/2021,13:05:00,1,Collision with vehicle,1,Sunday,140,U TURN,1,678782,3,0,1,1,2,4,1,5,Not at intersection,2,80,Arterial Other,70+,Serious injury,Bicyclists
T20210005666,3/14/2021,15:00:00,1,Collision with vehicle,1,Sunday,130,REAR END(VEHICLES IN SAME LANE),1,679511,2,0,0,2,0,2,1,5,Not at intersection,3,60,Arterial Other,30-39,Other injury,Bicyclists
T20210005686,3/14/2021,18:30:00,1,Collision with vehicle,1,Sunday,116,LEFT NEAR (INTERSECTIONS ONLY),1,773524,2,0,1,0,2,3,1,2,T intersection,2,70,Arterial Highway,65-69,Serious injury,Bicyclists
T20210005723,3/11/2021,17:39:00,1,Collision with vehicle,5,Thursday,163,VEHICLE STRIKES DOOR OF PARKED/STATIONARY VEHICLE,1,678495,2,0,1,0,0,1,2,5,Not at intersection,2,999,Arterial Other,30-39,Serious injury,Bicyclists
T20210005754,3/14/2021,19:30:00,8,No collision and no object struck,0,Sunday,174,OUT OF CONTROL ON CARRIAGEWAY (ON STRAIGHT),1,679844,1,0,0,1,0,1,2,5,Not at intersection,3,60,Arterial Other,30-39,Other injury,Bicyclists
T20210005789,3/8/2021,13:00:00,1,Collision with vehicle,2,Monday,163,VEHICLE STRIKES DOOR OF PARKED/STATIONARY VEHICLE,1,679616,2,0,0,1,1,2,2,5,Not at intersection,3,50,Local Road,16-17,Other injury,Bicyclists
T20210005792,3/16/2021,6:46:00,1,Collision with vehicle,3,Tuesday,113,RIGHT NEAR (INTERSECTIONS ONLY),2,48260,2,0,1,0,1,2,1,2,T intersection,2,60,Arterial Other,50-59,Serious injury,Bicyclists
T20210005800,1/21/2021,8:00:00,1,Collision with vehicle,4,Thursday,133,LANE SIDE SWIPE (VEHICLES IN PARALLEL LANES),9,680023,2,0,0,1,0,1,2,5,Not at intersection,3,999,Local Road,26-29,Other injury,Bicyclists
T20210005821,3/15/2021,15:15:00,1,Collision with vehicle,2,Monday,169,OTHER ON PATH,1,678590,2,0,0,1,1,2,2,5,Not at intersection,3,40,Arterial Other,30-39,Other injury,Bicyclists
T20210005822,3/13/2021,12:10:00,1,Collision with vehicle,7,Saturday,116,LEFT NEAR (INTERSECTIONS ONLY),1,29643,2,0,1,0,1,2,2,1,Cross intersection,2,60,Arterial Other,50-59,Serious injury,Bicyclists
T20210005846,3/15/2021,8:20:00,1,Collision with vehicle,2,Monday,131,LEFT REAR,1,37735,2,0,1,0,1,2,2,2,T intersection,2,40,Arterial Other,26-29,Serious injury,Bicyclists
T20210005878,3/9/2021,17:50:00,1,Collision with vehicle,3,Tuesday,143,ENTERING PARKING,1,685174,2,0,1,0,1,2,2,5,Not at intersection,2,999,Local Road,30-39,Serious injury,Bicyclists
T20210005898,2/3/2021,11:15:00,1,Collision with vehicle,4,Wednesday,130,REAR END(VEHICLES IN SAME LANE),1,246507,2,0,0,2,1,3,2,5,Not at intersection,3,40,Local Road,30-39,Other injury,Bicyclists
T20210005937,3/17/2021,17:15:00,1,Collision with vehicle,3,Wednesday,110,CROSS TRAFFIC(INTERSECTIONS ONLY),1,678274,2,0,0,1,1,2,1,1,Cross intersection,3,50,Local Road,16-17,Other injury,Bicyclists
T20210005946,3/17/2021,18:40:00,1,Collision with vehicle,4,Wednesday,129,OTHER OPPOSING MANOEUVRES NOT INCLUDED IN DCAs 120-125.,1,683309,4,0,2,1,1,4,1,2,T intersection,2,50,Local Road,50-59,Serious injury,Bicyclists
T20210005962,3/17/2021,23:50:00,1,Collision with vehicle,4,Wednesday,110,CROSS TRAFFIC(INTERSECTIONS ONLY),3,29594,2,0,1,0,1,2,1,1,Cross intersection,2,50,Local Road,22-25,Serious injury,Bicyclists
T20210005981,3/17/2021,17:30:00,1,Collision with vehicle,3,Wednesday,137,LEFT TURN SIDESWIPE,1,29528,2,0,0,1,1,2,2,2,T intersection,3,60,Arterial Highway,18-21,Other injury,Bicyclists
T20210005994,3/14/2021,16:50:00,1,Collision with vehicle,1,Sunday,137,LEFT TURN SIDESWIPE,1,38778,2,0,0,1,1,2,2,1,Cross intersection,3,60,Local Road,50-59,Other injury,Bicyclists
T20210006002,2/24/2021,17:20:00,8,No collision and no object struck,4,Wednesday,179,OTHER ACCIDENTS-OFF STRAIGHT NOT INCLUDED IN DCAs 170-175,9,679231,1,0,1,0,0,1,2,5,Not at intersection,2,999,Local Road,26-29,Serious injury,Bicyclists
T20210006025,3/18/2021,16:42:00,1,Collision with vehicle,5,Thursday,121,RIGHT THROUGH,1,44003,2,0,1,0,1,2,1,2,T intersection,2,60,Arterial Other,16-17,Serious injury,Bicyclists
T20210006031,3/18/2021,16:50:00,1,Collision with vehicle,5,Thursday,148,VEHICLE OFF FOOTPATH STRIKES VEH ON CARRIAGEWAY,1,730028,2,0,1,0,1,2,1,2,T intersection,2,50,Local Road,40-49,Serious injury,Bicyclists
T20210006043,2/28/2021,13:40:00,1,Collision with vehicle,1,Sunday,148,VEHICLE OFF FOOTPATH STRIKES VEH ON CARRIAGEWAY,1,315892,2,0,0,1,1,2,2,2,T intersection,3,999,Arterial Other,30-39,Other injury,Bicyclists
T20210006044,3/18/2021,16:00:00,1,Collision with vehicle,5,Thursday,148,VEHICLE OFF FOOTPATH STRIKES VEH ON CARRIAGEWAY,1,29653,3,0,0,1,2,3,2,1,Cross intersection,3,50,Arterial Highway,40-49,Other injury,Bicyclists
T20210006045,3/18/2021,16:10:00,1,Collision with vehicle,5,Thursday,121,RIGHT THROUGH,1,680573,2,0,0,1,1,2,2,5,Not at intersection,3,50,Arterial Highway,50-59,Other injury,Bicyclists
T20210006055,3/18/2021,18:35:00,1,Collision with vehicle,5,Thursday,137,LEFT TURN SIDESWIPE,1,679506,2,0,0,1,2,3,1,5,Not at intersection,3,50,Local Road,30-39,Other injury,Bicyclists
T20210006072,3/19/2021,8:15:00,1,Collision with vehicle,6,Friday,110,CROSS TRAFFIC(INTERSECTIONS ONLY),1,37262,2,0,0,1,1,2,1,1,Cross intersection,3,50,Local Road,60-64,Other injury,Bicyclists
T20210006089,3/3/2021,22:00:00,1,Collision with vehicle,4,Wednesday,160,VEHICLE COLLIDES WITH VEHICLE PARKED ON LEFT OF ROAD,3,37698,3,0,0,1,0,1,2,1,Cross intersection,3,40,Local Road,30-39,Other injury,Bicyclists
T20210006094,3/18/2021,15:40:00,1,Collision with vehicle,5,Thursday,110,CROSS TRAFFIC(INTERSECTIONS ONLY),1,253557,2,0,0,1,1,2,1,1,Cross intersection,3,60,Local Road,70+,Other injury,Bicyclists
T20210006099,3/19/2021,12:36:00,1,Collision with vehicle,6,Friday,163,VEHICLE STRIKES DOOR OF PARKED/STATIONARY VEHICLE,1,679342,2,0,0,1,1,2,1,5,Not at intersection,3,40,Local Road,30-39,Other injury,Bicyclists
T20210006108,3/13/2021,9:45:00,8,No collision and no object struck,7,Saturday,174,OUT OF CONTROL ON CARRIAGEWAY (ON STRAIGHT),1,79142,1,0,0,1,0,1,2,5,Not at intersection,3,999,Arterial Other,60-64,Other injury,Bicyclists
T20210006118,3/19/2021,14:50:00,1,Collision with vehicle,6,Friday,120,HEAD ON (NOT OVERTAKING),1,678599,2,0,0,1,1,2,1,5,Not at intersection,3,60,Uknown,22-25,Other injury,Bicyclists
T20210006138,3/19/2021,19:20:00,1,Collision with vehicle,6,Friday,148,VEHICLE OFF FOOTPATH STRIKES VEH ON CARRIAGEWAY,3,56036,2,0,1,0,1,2,1,2,T intersection,2,60,Arterial Other,45424,Serious injury,Bicyclists
T20210006148,3/19/2021,18:57:00,1,Collision with vehicle,6,Friday,130,REAR END(VEHICLES IN SAME LANE),1,684289,2,0,1,0,3,4,1,5,Not at intersection,2,80,Arterial Other,22-25,Serious injury,Bicyclists
T20210006154,3/19/2021,17:13:00,2,Struck Pedestrian,5,Friday,100,PED NEAR SIDE. PED HIT BY VEHICLE FROM THE RIGHT.,1,678424,1,0,0,1,1,2,1,2,T intersection,3,40,Local Road,22-25,Not injured,Bicyclists
T20210006181,3/20/2021,8:50:00,1,Collision with vehicle,6,Saturday,163,VEHICLE STRIKES DOOR OF PARKED/STATIONARY VEHICLE,1,678504,2,0,0,1,1,2,1,5,Not at intersection,3,50,Local Road,50-59,Other injury,Bicyclists
T20210006198,3/20/2021,13:29:00,1,Collision with vehicle,7,Saturday,148,VEHICLE OFF FOOTPATH STRIKES VEH ON CARRIAGEWAY,1,678789,2,0,1,0,1,2,1,5,Not at intersection,2,50,Local Road,40-49,Serious injury,Bicyclists
T20210006202,3/20/2021,13:00:00,1,Collision with vehicle,7,Saturday,139,OTHER SAME DIRECTION-MANOUEVRES NOT INCLUDED IN DCAs 130-137,1,678426,2,0,2,0,0,2,1,5,Not at intersection,2,100,Arterial Other,70+,Serious injury,Bicyclists
T20210006293,3/19/2021,18:00:00,1,Collision with vehicle,6,Friday,119,OTHER ADJACENT (INTERSECTIONS ONLY),1,299035,2,0,1,0,1,2,1,2,T intersection,2,50,Local Road,13-15,Serious injury,Bicyclists
T20210006312,3/21/2021,20:24:00,1,Collision with vehicle,0,Sunday,121,RIGHT THROUGH,3,36402,2,0,0,1,1,2,1,2,T intersection,3,60,Arterial Other,26-29,Other injury,Bicyclists
T20210006370,3/22/2021,8:40:00,1,Collision with vehicle,2,Monday,148,VEHICLE OFF FOOTPATH STRIKES VEH ON CARRIAGEWAY,1,685216,2,0,0,1,0,1,2,1,Cross intersection,3,60,Uknown,13-15,Other injury,Bicyclists
T20210006409,3/22/2021,20:56:00,6,Vehicle overturned (no collision),1,Monday,174,OUT OF CONTROL ON CARRIAGEWAY (ON STRAIGHT),3,678705,1,0,1,0,0,1,1,5,Not at intersection,2,60,Arterial Other,40-49,Serious injury,Bicyclists
T20210006431,3/17/2021,15:17:00,1,Collision with vehicle,4,Wednesday,148,VEHICLE OFF FOOTPATH STRIKES VEH ON CARRIAGEWAY,1,679769,2,0,0,1,0,1,2,5,Not at intersection,3,50,Uknown,13-15,Other injury,Bicyclists
T20210006462,3/23/2021,15:10:00,1,Collision with vehicle,3,Tuesday,133,LANE SIDE SWIPE (VEHICLES IN PARALLEL LANES),1,292174,2,0,0,1,0,1,1,1,Cross intersection,3,60,Arterial Highway,40-49,Other injury,Bicyclists
T20210006467,2/12/2021,11:07:00,1,Collision with vehicle,5,Friday,148,VEHICLE OFF FOOTPATH STRIKES VEH ON CARRIAGEWAY,1,680722,2,0,0,1,1,2,2,5,Not at intersection,3,888,Arterial Other,70+,Other injury,Bicyclists
T20210006477,3/19/2021,17:40:00,1,Collision with vehicle,5,Friday,120,HEAD ON (NOT OVERTAKING),1,692388,2,0,0,1,1,2,2,5,Not at intersection,3,888,Local Road,40-49,Other injury,Bicyclists
T20210006484,3/23/2021,18:55:00,1,Collision with vehicle,3,Tuesday,148,VEHICLE OFF FOOTPATH STRIKES VEH ON CARRIAGEWAY,2,681870,2,0,0,1,2,3,1,2,T intersection,3,50,Local Road,45424,Other injury,Bicyclists
T20210006522,3/24/2021,8:29:00,1,Collision with vehicle,4,Wednesday,148,VEHICLE OFF FOOTPATH STRIKES VEH ON CARRIAGEWAY,1,684350,2,0,0,1,1,2,1,1,Cross intersection,3,50,Local Road,30-39,Other injury,Bicyclists
T20210006533,3/23/2021,18:30:00,1,Collision with vehicle,2,Tuesday,163,VEHICLE STRIKES DOOR OF PARKED/STATIONARY VEHICLE,2,679181,2,0,0,1,1,2,2,5,Not at intersection,3,40,Local Road,40-49,Other injury,Bicyclists
T20210006611,3/25/2021,6:03:00,1,Collision with vehicle,4,Thursday,113,RIGHT NEAR (INTERSECTIONS ONLY),5,63375,2,0,0,1,1,2,1,2,T intersection,3,50,Local Road,Unknown,Other injury,Bicyclists
T20210006619,3/25/2021,8:20:00,1,Collision with vehicle,4,Thursday,147,VEHICLE STRIKES ANOTHER VEH WHILE EMERGING FROM DRIVEWAY,1,680521,2,0,0,1,1,2,2,5,Not at intersection,3,50,Local Road,50-59,Other injury,Bicyclists
T20210006636,3/25/2021,8:49:00,1,Collision with vehicle,5,Thursday,148,VEHICLE OFF FOOTPATH STRIKES VEH ON CARRIAGEWAY,1,300017,2,0,0,1,1,2,1,1,Cross intersection,3,60,Arterial Other,45424,Other injury,Bicyclists
T20210006639,3/19/2021,6:45:00,1,Collision with vehicle,6,Friday,140,U TURN,3,683709,2,0,0,1,1,2,2,2,T intersection,3,40,Local Road,30-39,Other injury,Bicyclists
T20210006642,3/25/2021,7:25:00,5,collision with some other object,5,Thursday,166,STRUCK OBJECT ON CARRIAGEWAY,1,679352,2,0,0,2,0,2,1,2,T intersection,3,60,Local Road,26-29,Other injury,Bicyclists
T20210006650,9/16/2020,17:00:00,4,Collision with a fixed object,4,Wednesday,171,LEFT OFF CARRIAGEWAY INTO OBJECT/PARKED VEHICLE,1,699966,2,0,1,0,0,1,2,5,Not at intersection,2,80,Arterial Highway,40-49,Serious injury,Bicyclists
T20210006671,3/25/2021,8:15:00,1,Collision with vehicle,5,Thursday,147,VEHICLE STRIKES ANOTHER VEH WHILE EMERGING FROM DRIVEWAY,1,689681,2,0,1,0,1,2,1,5,Not at intersection,2,999,Arterial Highway,40-49,Serious injury,Bicyclists
T20210006688,3/25/2021,19:09:00,1,Collision with vehicle,5,Thursday,137,LEFT TURN SIDESWIPE,1,48068,2,0,1,0,1,2,1,2,T intersection,2,60,Arterial Highway,50-59,Serious injury,Bicyclists
T20210006716,3/25/2021,5:40:00,1,Collision with vehicle,4,Thursday,142,LEAVING PARKING,3,684036,2,0,0,1,0,1,2,5,Not at intersection,3,40,Local Road,26-29,Other injury,Bicyclists
T20210006747,3/25/2021,19:13:00,1,Collision with vehicle,4,Thursday,110,CROSS TRAFFIC(INTERSECTIONS ONLY),2,41577,2,0,1,0,1,2,1,1,Cross intersection,2,999,Local Road,22-25,Serious injury,Bicyclists
T20210006773,3/26/2021,19:15:00,1,Collision with vehicle,6,Friday,134,LANE CHANGE RIGHT (NOT OVERTAKING),2,682252,2,0,0,1,1,2,2,5,Not at intersection,3,70,Arterial Highway,30-39,Other injury,Bicyclists
T20210006792,3/26/2021,15:39:00,1,Collision with vehicle,6,Friday,137,LEFT TURN SIDESWIPE,1,36889,2,0,0,1,1,2,1,1,Cross intersection,3,999,Local Road,60-64,Other injury,Bicyclists
T20210006824,1/30/2021,20:00:00,1,Collision with vehicle,7,Saturday,163,VEHICLE STRIKES DOOR OF PARKED/STATIONARY VEHICLE,1,683482,2,0,0,1,0,1,2,5,Not at intersection,3,40,Arterial Other,26-29,Other injury,Bicyclists
T20210006841,3/27/2021,14:30:00,1,Collision with vehicle,7,Saturday,137,LEFT TURN SIDESWIPE,1,29597,2,0,0,2,0,2,2,2,T intersection,3,40,Arterial Other,50-59,Other injury,Bicyclists
T20210006866,3/27/2021,17:12:00,1,Collision with vehicle,7,Saturday,148,VEHICLE OFF FOOTPATH STRIKES VEH ON CARRIAGEWAY,1,679248,2,0,0,1,2,3,1,5,Not at intersection,3,40,Local Road,45424,Other injury,Bicyclists
T20210006947,2/16/2021,21:00:00,1,Collision with vehicle,3,Tuesday,169,OTHER ON PATH,3,81485,2,0,0,1,0,1,9,5,Not at intersection,3,999,Local Road,40-49,Other injury,Bicyclists
T20210006995,3/21/2021,22:30:00,1,Collision with vehicle,1,Sunday,130,REAR END(VEHICLES IN SAME LANE),3,684528,2,0,0,1,0,1,2,5,Not at intersection,3,60,Arterial Other,40-49,Other injury,Bicyclists
T20210006997,3/27/2021,23:50:00,1,Collision with vehicle,7,Saturday,163,VEHICLE STRIKES DOOR OF PARKED/STATIONARY VEHICLE,3,679897,2,0,0,1,1,2,2,5,Not at intersection,3,60,Local Road,30-39,Other injury,Bicyclists
T20210006998,3/29/2021,8:30:00,1,Collision with vehicle,2,Monday,130,REAR END(VEHICLES IN SAME LANE),1,684571,2,0,1,0,1,2,1,5,Not at intersection,2,40,Arterial Other,30-39,Serious injury,Bicyclists
T20210007020,3/29/2021,14:40:00,1,Collision with vehicle,2,Monday,147,VEHICLE STRIKES ANOTHER VEH WHILE EMERGING FROM DRIVEWAY,1,680089,2,0,0,1,1,2,1,5,Not at intersection,3,70,Arterial Other,22-25,Other injury,Bicyclists
T20210007021,3/28/2021,17:40:00,1,Collision with vehicle,1,Sunday,133,LANE SIDE SWIPE (VEHICLES IN PARALLEL LANES),1,48924,2,0,0,1,0,1,1,1,Cross intersection,3,60,Uknown,40-49,Other injury,Bicyclists
T20210007037,3/28/2021,8:30:00,1,Collision with vehicle,1,Sunday,111,RIGHT FAR (INTERSECTIONS ONLY),1,38327,2,0,1,0,1,2,2,2,T intersection,2,60,Arterial Other,50-59,Serious injury,Bicyclists
T20210007041,3/29/2021,18:14:00,1,Collision with vehicle,2,Monday,120,HEAD ON (NOT OVERTAKING),2,679553,2,0,1,0,1,2,1,2,T intersection,2,60,Local Road,45424,Serious injury,Bicyclists
T20210007075,3/30/2021,6:55:00,1,Collision with vehicle,3,Tuesday,113,RIGHT NEAR (INTERSECTIONS ONLY),2,343724,2,0,1,0,1,2,1,2,T intersection,2,60,Uknown,30-39,Serious injury,Bicyclists
T20210007078,3/30/2021,8:25:00,1,Collision with vehicle,3,Tuesday,147,VEHICLE STRIKES ANOTHER VEH WHILE EMERGING FROM DRIVEWAY,1,679369,2,0,0,1,1,2,1,5,Not at intersection,3,888,Local Road,45424,Other injury,Bicyclists
T20210007097,3/22/2021,6:25:00,1,Collision with vehicle,1,Monday,116,LEFT NEAR (INTERSECTIONS ONLY),1,38357,2,0,0,1,1,2,2,2,T intersection,3,60,Arterial Other,50-59,Other injury,Bicyclists
T20210007141,3/30/2021,15:45:00,1,Collision with vehicle,3,Tuesday,110,CROSS TRAFFIC(INTERSECTIONS ONLY),1,48645,2,0,1,0,1,2,1,1,Cross intersection,2,60,Local Road,50-59,Serious injury,Bicyclists
T20210007149,3/30/2021,18:45:00,1,Collision with vehicle,3,Tuesday,121,RIGHT THROUGH,1,36603,2,0,1,0,1,2,2,1,Cross intersection,2,60,Local Road,26-29,Serious injury,Bicyclists
T20210007150,3/30/2021,18:42:00,1,Collision with vehicle,3,Tuesday,121,RIGHT THROUGH,1,37026,2,0,1,0,1,2,1,1,Cross intersection,2,50,Local Road,60-64,Serious injury,Bicyclists
T20210007167,3/31/2021,8:41:00,1,Collision with vehicle,4,Wednesday,163,VEHICLE STRIKES DOOR OF PARKED/STATIONARY VEHICLE,1,681344,2,0,1,0,1,2,1,5,Not at intersection,2,60,Local Road,30-39,Serious injury,Bicyclists
T20210007180,3/25/2021,16:30:00,1,Collision with vehicle,4,Thursday,143,ENTERING PARKING,1,208684,2,0,0,1,1,2,2,5,Not at intersection,3,999,Arterial Other,40-49,Other injury,Bicyclists
T20210007189,3/17/2021,18:30:00,6,Vehicle overturned (no collision),4,Wednesday,174,OUT OF CONTROL ON CARRIAGEWAY (ON STRAIGHT),9,680433,1,0,0,1,0,1,2,5,Not at intersection,3,999,Uknown,30-39,Other injury,Bicyclists
T20210007198,3/31/2021,13:03:00,1,Collision with vehicle,4,Wednesday,140,U TURN,1,679627,2,0,0,1,1,2,1,5,Not at intersection,3,40,Arterial Other,30-39,Other injury,Bicyclists
T20210007225,3/31/2021,18:06:00,1,Collision with vehicle,4,Wednesday,148,VEHICLE OFF FOOTPATH STRIKES VEH ON CARRIAGEWAY,1,680865,2,0,1,0,1,2,1,1,Cross intersection,2,50,Local Road,40-49,Serious injury,Bicyclists