ACCIDENT_NO,ACCIDENT_DATE,ACCIDENT_TIME,ACCIDENT_TYPE,ACCIDENT_TYPE_DESC,DAY_OF_WEEK,DAY_WEEK_DESC,DCA_CODE,DCA_DESC,LIGHT_CONDITION,NODE_ID,NO_OF_VEHICLES,NO_PERSONS_KILLED,NO_PERSONS_INJ_2,NO_PERSONS_INJ_3,NO_PERSONS_NOT_INJ,NO_PERSONS,POLICE_ATTEND,ROAD_GEOMETRY,ROAD_GEOMETRY_DESC,SEVERITY,SPEED_ZONE,RMA,AGE_GROUP,INJ_LEVEL,ROAD_USER_TYPE_DESC
T20210007259,4/1/2021,9:15:00,1,Collision with vehicle,4,Thursday,137,LEFT TURN SIDESWIPE,1,44454,2,0,0,1,1,2,1,1,Cross intersection,3,40,Local Road,30-39,Other injury,Bicyclists
T20210007262,3/27/2021,16:00:00,1,Collision with vehicle,7,Saturday,133,LANE SIDE SWIPE (VEHICLES IN PARALLEL LANES),1,681487,2,0,1,0,0,1,2,5,Not at intersection,2,60,Arterial Other,60-64,Serious injury,Bicyclists
T20210007272,3/10/2021,22:38:00,1,Collision with vehicle,4,Wednesday,148,VEHICLE OFF FOOTPATH STRIKES VEH ON CARRIAGEWAY,3,57544,2,0,0,1,1,2,2,1,Cross intersection,3,999,Arterial Highway,16-17,Other injury,Bicyclists
T20210007304,4/1/2021,10:51:00,1,Collision with vehicle,4,Thursday,160,VEHICLE COLLIDES WITH VEHICLE PARKED ON LEFT OF ROAD,1,680132,2,0,1,0,1,2,1,5,Not at intersection,2,60,Arterial Other,50-59,Serious injury,Bicyclists
T20210007333,4/1/2021,15:45:00,1,Collision with vehicle,5,Thursday,147,VEHICLE STRIKES ANOTHER VEH WHILE EMERGING FROM DRIVEWAY,1,158346,2,0,1,0,1,2,1,5,Not at intersection,2,80,Uknown,40-49,Serious injury,Bicyclists
T20210007356,4/2/2021,0:20:00,1,Collision with vehicle,6,Friday,121,RIGHT THROUGH,3,681488,2,0,1,0,3,4,1,1,Cross intersection,2,50,Local Road,26-29,Serious injury,Bicyclists
T20210007376,3/31/2021,16:55:00,1,Collision with vehicle,4,Wednesday,137,LEFT TURN SIDESWIPE,9,37480,2,0,0,1,1,2,2,2,T intersection,3,999,Arterial Other,30-39,Other injury,Bicyclists
T20210007390,2/3/2021,15:30:00,1,Collision with vehicle,4,Wednesday,148,VEHICLE OFF FOOTPATH STRIKES VEH ON CARRIAGEWAY,1,681964,2,0,0,1,1,2,2,2,T intersection,3,60,Arterial Other,22-25,Other injury,Bicyclists
T20210007433,4/3/2021,9:54:00,8,No collision and no object struck,7,Saturday,174,OUT OF CONTROL ON CARRIAGEWAY (ON STRAIGHT),1,681075,2,0,0,1,1,2,1,5,Not at intersection,3,50,Local Road,30-39,Other injury,Bicyclists
T20210007452,4/2/2021,13:10:00,1,Collision with vehicle,5,Friday,163,VEHICLE STRIKES DOOR OF PARKED/STATIONARY VEHICLE,1,681119,3,0,0,2,1,3,2,5,Not at intersection,3,60,Uknown,40-49,Other injury,Bicyclists
T20210007454,4/3/2021,12:00:00,1,Collision with vehicle,7,Saturday,159,OTHER OVERTAKING MANOEUVRES NOT INCLUDED IN DCAs 150-154,1,679955,2,0,1,0,1,2,1,5,Not at intersection,2,60,Arterial Other,18-21,Serious injury,Bicyclists
T20210007488,4/1/2021,20:13:00,1,Collision with vehicle,4,Thursday,114,TWO RIGHT TURNING (INTERSECTIONS ONLY),2,685726,2,0,0,1,1,2,2,1,Cross intersection,3,50,Local Road,50-59,Other injury,Bicyclists
T20210007551,4/4/2021,17:30:00,1,Collision with vehicle,1,Sunday,113,RIGHT NEAR (INTERSECTIONS ONLY),2,681789,2,0,1,0,1,2,1,2,T intersection,2,50,Local Road,50-59,Serious injury,Bicyclists
T20210007568,3/18/2021,13:40:00,1,Collision with vehicle,5,Thursday,121,RIGHT THROUGH,1,29356,2,0,1,0,1,2,2,2,T intersection,2,60,Arterial Other,30-39,Serious injury,Bicyclists
T20210007602,4/5/2021,16:00:00,1,Collision with vehicle,2,Monday,137,LEFT TURN SIDESWIPE,1,38051,2,0,0,1,1,2,2,1,Cross intersection,3,60,Arterial Other,40-49,Other injury,Bicyclists
T20210007655,4/6/2021,14:00:00,1,Collision with vehicle,3,Tuesday,110,CROSS TRAFFIC(INTERSECTIONS ONLY),1,681873,2,0,0,1,1,2,1,1,Cross intersection,3,50,Arterial Other,13-15,Other injury,Bicyclists
T20210007673,4/6/2021,13:58:00,1,Collision with vehicle,3,Tuesday,136,RIGHT TURN SIDESWIPE,1,48246,2,0,1,0,1,2,1,2,T intersection,2,60,Uknown,70+,Serious injury,Bicyclists
T20210007699,4/6/2021,5:00:00,1,Collision with vehicle,2,Tuesday,112,LEFT FAR (INTERSECTIONS ONLY),2,781121,2,0,0,1,1,2,2,2,T intersection,3,50,Uknown,30-39,Other injury,Bicyclists
T20210007704,1/24/2021,22:30:00,8,No collision and no object struck,1,Sunday,184,OUT OF CONTROL ON CARRIAGEWAY (ON BEND),6,680582,1,0,1,0,0,1,2,5,Not at intersection,2,40,Local Road,18-21,Serious injury,Bicyclists
T20210007714,4/7/2021,9:16:00,1,Collision with vehicle,4,Wednesday,163,VEHICLE STRIKES DOOR OF PARKED/STATIONARY VEHICLE,1,680766,2,0,0,1,1,2,1,2,T intersection,3,40,Local Road,26-29,Other injury,Bicyclists
T20210007715,3/31/2021,10:50:00,1,Collision with vehicle,4,Wednesday,163,VEHICLE STRIKES DOOR OF PARKED/STATIONARY VEHICLE,1,680138,2,0,0,1,1,2,2,5,Not at intersection,3,777,Arterial Other,40-49,Other injury,Bicyclists
T20210007781,4/7/2021,16:46:00,1,Collision with vehicle,3,Wednesday,148,VEHICLE OFF FOOTPATH STRIKES VEH ON CARRIAGEWAY,1,680142,2,0,1,0,1,2,1,5,Not at intersection,2,50,Local Road,45424,Serious injury,Bicyclists
T20210007795,4/7/2021,17:46:00,1,Collision with vehicle,4,Wednesday,133,LANE SIDE SWIPE (VEHICLES IN PARALLEL LANES),2,681445,2,0,1,0,1,2,1,5,Not at intersection,2,100,Uknown,65-69,Serious injury,Bicyclists
T20210007797,4/7/2021,18:00:00,1,Collision with vehicle,4,Wednesday,124,RIGHT/RIGHT BOTH VEHs FROM OPPOSITE DIRECTIONS TURNING RIGHT,9,45604,2,0,0,1,1,2,2,1,Cross intersection,3,50,Local Road,22-25,Other injury,Bicyclists
T20210007799,4/7/2021,8:00:00,1,Collision with vehicle,4,Wednesday,148,VEHICLE OFF FOOTPATH STRIKES VEH ON CARRIAGEWAY,1,690074,2,0,0,1,1,2,2,1,Cross intersection,3,999,Local Road,40-49,Other injury,Bicyclists
T20210007835,4/4/2021,7:50:00,1,Collision with vehicle,0,Sunday,121,RIGHT THROUGH,2,52716,2,0,0,1,0,1,1,1,Cross intersection,3,50,Arterial Other,40-49,Other injury,Bicyclists
T20210007841,4/8/2021,10:20:00,6,Vehicle overturned (no collision),5,Thursday,174,OUT OF CONTROL ON CARRIAGEWAY (ON STRAIGHT),1,680144,1,0,1,0,0,1,1,5,Not at intersection,2,60,Arterial Other,70+,Serious injury,Bicyclists
T20210007870,4/4/2021,10:06:00,1,Collision with vehicle,0,Sunday,160,VEHICLE COLLIDES WITH VEHICLE PARKED ON LEFT OF ROAD,1,681272,2,0,0,1,0,1,1,5,Not at intersection,3,60,Arterial Other,65-69,Other injury,Bicyclists
T20210007874,2/5/2021,15:10:00,1,Collision with vehicle,5,Friday,147,VEHICLE STRIKES ANOTHER VEH WHILE EMERGING FROM DRIVEWAY,9,680439,2,0,0,1,1,2,2,5,Not at intersection,3,60,Arterial Other,13-15,Other injury,Bicyclists
T20210007878,4/8/2021,18:48:00,1,Collision with vehicle,5,Thursday,121,RIGHT THROUGH,3,37480,2,0,0,1,1,2,1,2,T intersection,3,60,Arterial Other,50-59,Other injury,Bicyclists
T20210007926,4/8/2021,18:30:00,8,No collision and no object struck,5,Thursday,174,OUT OF CONTROL ON CARRIAGEWAY (ON STRAIGHT),2,681307,1,0,1,0,0,1,2,5,Not at intersection,2,50,Local Road,30-39,Serious injury,Bicyclists
T20210007943,4/9/2021,9:40:00,1,Collision with vehicle,6,Friday,130,REAR END(VEHICLES IN SAME LANE),1,681066,2,0,0,1,1,2,1,5,Not at intersection,3,40,Local Road,40-49,Other injury,Bicyclists
T20210007945,4/9/2021,13:50:00,1,Collision with vehicle,5,Friday,147,VEHICLE STRIKES ANOTHER VEH WHILE EMERGING FROM DRIVEWAY,1,680304,2,0,0,1,1,2,1,5,Not at intersection,3,50,Local Road,26-29,Other injury,Bicyclists
T20210007949,4/9/2021,10:15:00,1,Collision with vehicle,6,Friday,110,CROSS TRAFFIC(INTERSECTIONS ONLY),1,38016,2,0,0,1,1,2,1,1,Cross intersection,3,60,Local Road,30-39,Other injury,Bicyclists
T20210007954,4/9/2021,15:34:00,1,Collision with vehicle,6,Friday,148,VEHICLE OFF FOOTPATH STRIKES VEH ON CARRIAGEWAY,1,681744,2,0,0,1,2,3,1,5,Not at intersection,3,40,Arterial Other,16-17,Other injury,Bicyclists
T20210007965,4/9/2021,14:15:00,1,Collision with vehicle,6,Friday,120,HEAD ON (NOT OVERTAKING),1,680305,2,0,0,1,1,2,2,5,Not at intersection,3,777,Local Road,13-15,Other injury,Bicyclists
T20210007975,4/9/2021,18:32:00,1,Collision with vehicle,6,Friday,113,RIGHT NEAR (INTERSECTIONS ONLY),3,683060,2,0,0,1,1,2,1,1,Cross intersection,3,60,Local Road,16-17,Other injury,Bicyclists
T20210008073,4/10/2021,12:10:00,1,Collision with vehicle,7,Saturday,110,CROSS TRAFFIC(INTERSECTIONS ONLY),1,37041,2,0,0,1,1,2,1,1,Cross intersection,3,60,Local Road,30-39,Other injury,Bicyclists
T20210008081,4/10/2021,15:45:00,1,Collision with vehicle,7,Saturday,143,ENTERING PARKING,9,680829,2,0,1,0,1,2,2,2,T intersection,2,40,Arterial Other,22-25,Serious injury,Bicyclists
T20210008099,4/11/2021,13:45:00,1,Collision with vehicle,0,Sunday,110,CROSS TRAFFIC(INTERSECTIONS ONLY),1,63672,2,0,0,1,3,4,1,1,Cross intersection,3,50,Local Road,40-49,Other injury,Bicyclists
T20210008175,4/11/2021,8:30:00,1,Collision with vehicle,1,Sunday,110,CROSS TRAFFIC(INTERSECTIONS ONLY),1,680484,2,0,0,1,1,2,2,1,Cross intersection,3,999,Local Road,18-21,Other injury,Bicyclists
T20210008191,4/10/2021,15:00:00,1,Collision with vehicle,6,Saturday,160,VEHICLE COLLIDES WITH VEHICLE PARKED ON LEFT OF ROAD,1,680591,2,0,1,0,0,1,2,5,Not at intersection,2,50,Local Road,18-21,Serious injury,Bicyclists
T20210008236,4/13/2021,9:04:00,1,Collision with vehicle,3,Tuesday,137,LEFT TURN SIDESWIPE,1,35365,2,0,1,0,1,2,1,1,Cross intersection,2,40,Local Road,40-49,Serious injury,Bicyclists
T20210008282,4/12/2021,18:35:00,1,Collision with vehicle,2,Monday,148,VEHICLE OFF FOOTPATH STRIKES VEH ON CARRIAGEWAY,3,694282,2,0,1,0,0,1,2,4,Multiple intersection,2,60,Uknown,16-17,Serious injury,Bicyclists
T20210008310,4/12/2021,23:56:00,1,Collision with vehicle,1,Monday,110,CROSS TRAFFIC(INTERSECTIONS ONLY),3,680683,2,0,0,1,1,2,1,1,Cross intersection,3,50,Local Road,40-49,Other injury,Bicyclists
T20210008316,4/13/2021,11:30:00,1,Collision with vehicle,3,Tuesday,121,RIGHT THROUGH,1,36629,2,0,1,0,1,2,1,1,Cross intersection,2,40,Local Road,30-39,Serious injury,Bicyclists
T20210008328,4/14/2021,7:35:00,1,Collision with vehicle,3,Wednesday,137,LEFT TURN SIDESWIPE,1,29389,2,0,0,1,1,2,1,1,Cross intersection,3,40,Local Road,40-49,Other injury,Bicyclists
T20210008337,4/14/2021,7:11:00,1,Collision with vehicle,3,Wednesday,113,RIGHT NEAR (INTERSECTIONS ONLY),1,776869,2,0,1,0,1,2,1,2,T intersection,2,50,Arterial Highway,40-49,Serious injury,Bicyclists
T20210008348,4/14/2021,11:45:00,1,Collision with vehicle,3,Wednesday,142,LEAVING PARKING,1,682254,2,0,0,1,1,2,2,5,Not at intersection,3,60,Local Road,50-59,Other injury,Bicyclists
T20210008367,4/14/2021,18:10:00,8,No collision and no object struck,4,Wednesday,180,OFF CARRIAGEWAY ON RIGHT BEND,3,681966,1,0,1,0,0,1,1,5,Not at intersection,2,70,Arterial Other,Unknown,Serious injury,Bicyclists
T20210008375,4/14/2021,20:35:00,1,Collision with vehicle,3,Wednesday,116,LEFT NEAR (INTERSECTIONS ONLY),3,44372,2,0,0,1,1,2,1,2,T intersection,3,60,Arterial Other,60-64,Other injury,Bicyclists
T20210008386,4/14/2021,9:00:00,1,Collision with vehicle,4,Wednesday,135,LANE CHANGE LEFT (NOT OVERTAKING),1,683921,2,0,0,1,1,2,2,5,Not at intersection,3,70,Arterial Other,30-39,Other injury,Bicyclists
T20210008405,4/15/2021,8:50:00,8,No collision and no object struck,5,Thursday,174,OUT OF CONTROL ON CARRIAGEWAY (ON STRAIGHT),1,36658,2,0,0,1,1,2,1,1,Cross intersection,3,60,Local Road,50-59,Other injury,Bicyclists
T20210008418,4/15/2021,7:10:00,1,Collision with vehicle,5,Thursday,163,VEHICLE STRIKES DOOR OF PARKED/STATIONARY VEHICLE,1,681925,2,0,0,2,0,2,1,2,T intersection,3,40,Local Road,50-59,Other injury,Bicyclists
T20210008421,11/7/2020,7:20:00,6,Vehicle overturned (no collision),7,Saturday,184,OUT OF CONTROL ON CARRIAGEWAY (ON BEND),2,681792,2,0,1,0,0,1,2,5,Not at intersection,2,80,Uknown,30-39,Serious injury,Bicyclists
T20210008436,4/13/2021,16:15:00,1,Collision with vehicle,3,Tuesday,111,RIGHT FAR (INTERSECTIONS ONLY),1,40133,2,0,0,1,1,2,2,3,Y intersection,3,40,Local Road,22-25,Other injury,Bicyclists
T20210008483,4/16/2021,9:02:00,1,Collision with vehicle,5,Friday,110,CROSS TRAFFIC(INTERSECTIONS ONLY),1,173,2,0,1,0,1,2,1,1,Cross intersection,2,70,Freeway,30-39,Serious injury,Bicyclists
T20210008532,2/23/2021,18:00:00,1,Collision with vehicle,3,Tuesday,147,VEHICLE STRIKES ANOTHER VEH WHILE EMERGING FROM DRIVEWAY,1,681186,2,0,0,1,1,2,1,5,Not at intersection,3,60,Local Road,26-29,Other injury,Bicyclists
T20210008544,4/16/2021,16:02:00,1,Collision with vehicle,6,Friday,147,VEHICLE STRIKES ANOTHER VEH WHILE EMERGING FROM DRIVEWAY,1,707044,2,0,1,0,1,2,1,5,Not at intersection,2,888,Local Road,16-17,Serious injury,Bicyclists
T20210008569,4/6/2021,18:05:00,1,Collision with vehicle,3,Tuesday,110,CROSS TRAFFIC(INTERSECTIONS ONLY),2,42350,2,0,0,1,1,2,2,1,Cross intersection,3,60,Uknown,40-49,Other injury,Bicyclists
T20210008579,4/17/2021,14:15:00,1,Collision with vehicle,6,Saturday,110,CROSS TRAFFIC(INTERSECTIONS ONLY),1,71205,2,0,0,1,2,3,1,1,Cross intersection,3,50,Local Road,40-49,Other injury,Bicyclists
T20210008633,4/18/2021,12:25:00,1,Collision with vehicle,0,Sunday,137,LEFT TURN SIDESWIPE,1,36628,2,0,0,1,1,2,1,2,T intersection,3,40,Local Road,22-25,Other injury,Bicyclists
T20210008642,4/18/2021,13:30:00,1,Collision with vehicle,1,Sunday,116,LEFT NEAR (INTERSECTIONS ONLY),1,57599,2,0,0,1,1,2,1,4,Multiple intersection,3,60,Arterial Other,50-59,Other injury,Bicyclists
T20210008721,4/19/2021,16:09:00,1,Collision with vehicle,2,Monday,112,LEFT FAR (INTERSECTIONS ONLY),1,65595,2,0,0,1,1,2,1,2,T intersection,3,60,Local Road,13-15,Other injury,Bicyclists
T20210008735,4/16/2021,18:40:00,1,Collision with vehicle,6,Friday,137,LEFT TURN SIDESWIPE,9,40360,2,0,1,0,1,2,2,2,T intersection,2,60,Local Road,40-49,Serious injury,Bicyclists
T20210008753,3/18/2021,8:45:00,1,Collision with vehicle,5,Thursday,147,VEHICLE STRIKES ANOTHER VEH WHILE EMERGING FROM DRIVEWAY,1,681435,2,0,0,1,1,2,1,5,Not at intersection,3,50,Local Road,16-17,Other injury,Bicyclists
T20210008774,2/28/2021,8:30:00,5,collision with some other object,1,Sunday,166,STRUCK OBJECT ON CARRIAGEWAY,1,681235,1,0,0,1,0,1,2,5,Not at intersection,3,999,Uknown,65-69,Other injury,Bicyclists
T20210008777,4/14/2021,16:40:00,1,Collision with vehicle,3,Wednesday,130,REAR END(VEHICLES IN SAME LANE),1,65831,2,0,0,2,0,2,2,1,Cross intersection,3,999,Arterial Other,40-49,Other injury,Bicyclists
T20210008790,4/20/2021,11:00:00,2,Struck Pedestrian,3,Tuesday,103,PED PLAYING/LYING/WORKING/STANDING ON CARRIAGEWAY.,1,684993,1,0,1,0,1,2,2,1,Cross intersection,2,40,Local Road,30-39,Not injured,Bicyclists
T20210008835,4/20/2021,18:44:00,1,Collision with vehicle,2,Tuesday,134,LANE CHANGE RIGHT (NOT OVERTAKING),3,780864,2,0,0,1,1,2,1,5,Not at intersection,3,60,Arterial Other,30-39,Other injury,Bicyclists
T20210008837,4/20/2021,17:10:00,1,Collision with vehicle,3,Tuesday,110,CROSS TRAFFIC(INTERSECTIONS ONLY),9,257335,2,0,0,1,1,2,1,1,Cross intersection,3,50,Local Road,18-21,Other injury,Bicyclists
T20210008838,4/20/2021,19:00:00,1,Collision with vehicle,3,Tuesday,148,VEHICLE OFF FOOTPATH STRIKES VEH ON CARRIAGEWAY,3,682303,2,0,0,1,1,2,1,5,Not at intersection,3,50,Local Road,26-29,Other injury,Bicyclists
T20210008853,4/21/2021,8:00:00,1,Collision with vehicle,3,Wednesday,116,LEFT NEAR (INTERSECTIONS ONLY),1,681313,2,0,0,1,1,2,1,2,T intersection,3,50,Local Road,50-59,Other injury,Bicyclists
T20210008864,4/21/2021,6:30:00,1,Collision with vehicle,3,Wednesday,121,RIGHT THROUGH,5,687777,2,0,0,1,1,2,1,5,Not at intersection,3,60,Local Road,26-29,Other injury,Bicyclists
T20210008877,4/12/2021,15:00:00,2,Struck Pedestrian,2,Monday,106,VEH STRIKES PED ON FOOTPATH/MEDIAN/TRAFFIC ISLAND.,1,683061,1,0,0,1,0,1,2,5,Not at intersection,3,999,Uknown,65-69,Other injury,Pedestrians
T20210008880,4/21/2021,12:15:00,1,Collision with vehicle,3,Wednesday,116,LEFT NEAR (INTERSECTIONS ONLY),1,40203,2,0,0,1,1,2,1,1,Cross intersection,3,50,Local Road,50-59,Other injury,Bicyclists
T20210008894,4/21/2021,14:20:00,1,Collision with vehicle,4,Wednesday,163,VEHICLE STRIKES DOOR OF PARKED/STATIONARY VEHICLE,1,138353,4,0,0,2,2,4,1,5,Not at intersection,3,40,Local Road,65-69,Other injury,Bicyclists
T20210008917,4/21/2021,18:40:00,1,Collision with vehicle,3,Wednesday,121,RIGHT THROUGH,3,65003,2,0,1,0,1,2,1,1,Cross intersection,2,60,Arterial Highway,30-39,Serious injury,Bicyclists
T20210008946,4/22/2021,8:12:00,1,Collision with vehicle,5,Thursday,133,LANE SIDE SWIPE (VEHICLES IN PARALLEL LANES),1,682555,2,0,1,0,1,2,1,5,Not at intersection,2,50,Local Road,50-59,Serious injury,Bicyclists
T20210008972,4/22/2021,12:55:00,8,No collision and no object struck,5,Thursday,174,OUT OF CONTROL ON CARRIAGEWAY (ON STRAIGHT),1,686080,1,0,1,0,0,1,1,5,Not at intersection,2,50,Local Road,22-25,Serious injury,Bicyclists
T20210009052,4/8/2021,10:30:00,1,Collision with vehicle,5,Thursday,130,REAR END(VEHICLES IN SAME LANE),1,684589,2,0,0,1,1,2,2,5,Not at intersection,3,100,Uknown,50-59,Other injury,Bicyclists
T20210009054,3/29/2021,8:30:00,1,Collision with vehicle,2,Monday,147,VEHICLE STRIKES ANOTHER VEH WHILE EMERGING FROM DRIVEWAY,1,681663,3,0,0,1,2,3,2,5,Not at intersection,3,888,Local Road,45424,Other injury,Bicyclists
T20210009057,4/23/2021,10:30:00,4,Collision with a fixed object,5,Friday,173,RIGHT OFF CARRIAGEWAY INTO OBJECT/PARKED VEHICLE,1,49075,1,0,1,0,0,1,1,2,T intersection,2,50,Local Road,70+,Serious injury,Bicyclists
T20210009124,4/24/2021,6:21:00,1,Collision with vehicle,6,Saturday,148,VEHICLE OFF FOOTPATH STRIKES VEH ON CARRIAGEWAY,1,37951,2,0,0,1,1,2,1,2,T intersection,3,50,Local Road,40-49,Other injury,Bicyclists
T20210009128,4/24/2021,9:00:00,1,Collision with vehicle,7,Saturday,148,VEHICLE OFF FOOTPATH STRIKES VEH ON CARRIAGEWAY,1,681969,2,0,0,1,2,3,1,5,Not at intersection,3,70,Arterial Other,16-17,Other injury,Bicyclists
T20210009260,4/26/2021,8:45:00,1,Collision with vehicle,1,Monday,110,CROSS TRAFFIC(INTERSECTIONS ONLY),1,730154,2,0,0,1,3,4,1,1,Cross intersection,3,50,Local Road,26-29,Other injury,Bicyclists
T20210009292,4/21/2021,8:10:00,8,No collision and no object struck,4,Wednesday,174,OUT OF CONTROL ON CARRIAGEWAY (ON STRAIGHT),1,688716,1,0,0,1,0,1,2,5,Not at intersection,3,40,Local Road,30-39,Other injury,Bicyclists
T20210009324,4/26/2021,17:20:00,1,Collision with vehicle,2,Monday,137,LEFT TURN SIDESWIPE,2,682710,2,0,1,0,1,2,1,2,T intersection,2,40,Local Road,50-59,Serious injury,Bicyclists
T20210009337,4/27/2021,8:36:00,1,Collision with vehicle,2,Tuesday,121,RIGHT THROUGH,1,685871,2,0,0,1,1,2,1,2,T intersection,3,40,Local Road,50-59,Other injury,Bicyclists
T20210009341,4/27/2021,8:50:00,1,Collision with vehicle,3,Tuesday,143,ENTERING PARKING,1,682014,2,0,1,0,1,2,1,5,Not at intersection,2,50,Local Road,70+,Serious injury,Bicyclists
T20210009457,4/27/2021,18:05:00,1,Collision with vehicle,3,Tuesday,148,VEHICLE OFF FOOTPATH STRIKES VEH ON CARRIAGEWAY,1,675822,2,0,0,1,1,2,2,5,Not at intersection,3,999,Local Road,26-29,Other injury,Bicyclists
T20210009468,4/7/2021,18:15:00,1,Collision with vehicle,3,Wednesday,121,RIGHT THROUGH,2,40373,2,0,0,1,1,2,2,2,T intersection,3,60,Arterial Other,40-49,Other injury,Bicyclists
T20210009474,4/28/2021,17:15:00,1,Collision with vehicle,3,Wednesday,121,RIGHT THROUGH,1,37684,2,0,0,1,1,2,2,2,T intersection,3,999,Local Road,30-39,Other injury,Bicyclists
T20210009475,4/28/2021,17:35:00,1,Collision with vehicle,4,Wednesday,147,VEHICLE STRIKES ANOTHER VEH WHILE EMERGING FROM DRIVEWAY,2,683441,2,0,1,0,1,2,1,5,Not at intersection,2,50,Local Road,13-15,Serious injury,Bicyclists
T20210009488,4/28/2021,20:15:00,8,No collision and no object struck,4,Wednesday,174,OUT OF CONTROL ON CARRIAGEWAY (ON STRAIGHT),3,681890,2,0,0,1,0,1,1,5,Not at intersection,3,40,Local Road,30-39,Other injury,Bicyclists
T20210009512,3/6/2021,6:45:00,8,No collision and no object struck,7,Saturday,174,OUT OF CONTROL ON CARRIAGEWAY (ON STRAIGHT),2,682057,1,0,0,1,0,1,2,5,Not at intersection,3,60,Local Road,50-59,Other injury,Bicyclists
T20210009538,4/29/2021,8:00:00,1,Collision with vehicle,4,Thursday,137,LEFT TURN SIDESWIPE,1,29833,2,0,0,1,1,2,1,1,Cross intersection,3,60,Arterial Other,30-39,Other injury,Bicyclists
T20210009541,3/22/2021,6:45:00,1,Collision with vehicle,1,Monday,121,RIGHT THROUGH,1,35360,2,0,0,1,1,2,2,1,Cross intersection,3,40,Local Road,18-21,Other injury,Bicyclists
T20210009548,4/27/2021,8:10:00,1,Collision with vehicle,2,Tuesday,121,RIGHT THROUGH,1,684766,2,0,1,0,1,2,2,5,Not at intersection,2,40,Local Road,30-39,Serious injury,Bicyclists
T20210009559,4/29/2021,16:00:00,1,Collision with vehicle,5,Thursday,121,RIGHT THROUGH,1,50170,2,0,1,0,2,3,1,2,T intersection,2,50,Local Road,45424,Serious injury,Bicyclists
T20210009573,4/28/2021,16:15:00,1,Collision with vehicle,4,Wednesday,147,VEHICLE STRIKES ANOTHER VEH WHILE EMERGING FROM DRIVEWAY,1,682772,2,0,0,1,1,2,2,5,Not at intersection,3,999,Uknown,45424,Other injury,Bicyclists
T20210009587,4/29/2021,19:13:00,1,Collision with vehicle,5,Thursday,121,RIGHT THROUGH,3,620,2,0,1,0,1,2,1,1,Cross intersection,2,60,Arterial Other,60-64,Serious injury,Bicyclists
T20210009589,4/29/2021,17:35:00,4,Collision with a fixed object,5,Thursday,189,OTHER ACCIDENTS ON CURVE NOT INCLUDED IN DCAs 180-184,1,682059,1,0,1,0,0,1,1,5,Not at intersection,2,50,Local Road,30-39,Serious injury,Bicyclists
T20210009612,4/30/2021,8:04:00,1,Collision with vehicle,6,Friday,110,CROSS TRAFFIC(INTERSECTIONS ONLY),1,682367,2,0,1,0,1,2,1,1,Cross intersection,2,40,Local Road,40-49,Serious injury,Bicyclists
T20210009614,4/30/2021,7:50:00,1,Collision with vehicle,6,Friday,114,TWO RIGHT TURNING (INTERSECTIONS ONLY),1,682061,2,0,0,1,1,2,1,2,T intersection,3,50,Local Road,40-49,Other injury,Bicyclists
T20210009620,4/23/2021,16:00:00,1,Collision with vehicle,5,Friday,137,LEFT TURN SIDESWIPE,9,38051,2,0,0,1,1,2,2,1,Cross intersection,3,60,Arterial Other,30-39,Other injury,Bicyclists
T20210009635,4/30/2021,11:30:00,1,Collision with vehicle,5,Friday,121,RIGHT THROUGH,1,29721,2,0,0,1,1,2,1,2,T intersection,3,60,Arterial Other,18-21,Other injury,Bicyclists
T20210009636,4/29/2021,6:40:00,1,Collision with vehicle,5,Thursday,116,LEFT NEAR (INTERSECTIONS ONLY),2,682458,2,0,0,1,1,2,1,2,T intersection,3,60,Uknown,65-69,Other injury,Bicyclists
T20210009659,4/30/2021,8:05:00,1,Collision with vehicle,5,Friday,121,RIGHT THROUGH,1,686112,2,0,0,1,1,2,2,5,Not at intersection,3,50,Arterial Other,40-49,Other injury,Bicyclists
T20210009671,4/30/2021,15:30:00,1,Collision with vehicle,6,Friday,148,VEHICLE OFF FOOTPATH STRIKES VEH ON CARRIAGEWAY,1,227113,2,0,0,1,1,2,1,2,T intersection,3,80,Arterial Highway,13-15,Other injury,Bicyclists
T20210009687,4/30/2021,14:30:00,1,Collision with vehicle,6,Friday,159,OTHER OVERTAKING MANOEUVRES NOT INCLUDED IN DCAs 150-154,1,31040,2,0,0,1,1,2,1,2,T intersection,3,60,Arterial Other,18-21,Other injury,Bicyclists
T20210009689,4/30/2021,7:10:00,1,Collision with vehicle,6,Friday,145,REVERSING IN STREAM OF TRAFFIC,3,317418,2,0,0,1,1,2,1,5,Not at intersection,3,30,Local Road,40-49,Other injury,Bicyclists
T20210009753,5/1/2021,13:00:00,1,Collision with vehicle,7,Saturday,163,VEHICLE STRIKES DOOR OF PARKED/STATIONARY VEHICLE,1,116289,2,0,1,0,1,2,1,5,Not at intersection,2,40,Arterial Other,22-25,Serious injury,Bicyclists
T20210009757,5/1/2021,13:05:00,1,Collision with vehicle,7,Saturday,130,REAR END(VEHICLES IN SAME LANE),1,683444,3,0,0,1,1,2,1,5,Not at intersection,3,40,Local Road,18-21,Other injury,Bicyclists
T20210009762,5/1/2021,14:20:00,1,Collision with vehicle,7,Saturday,121,RIGHT THROUGH,1,684109,2,0,1,0,1,2,1,2,T intersection,2,50,Local Road,65-69,Serious injury,Bicyclists
T20210009769,4/17/2021,11:00:00,1,Collision with vehicle,6,Saturday,121,RIGHT THROUGH,1,780856,2,0,0,1,1,2,2,5,Not at intersection,3,999,Arterial Other,40-49,Other injury,Bicyclists