ACCIDENT_NO,ACCIDENT_DATE,ACCIDENT_TIME,ACCIDENT_TYPE,ACCIDENT_TYPE_DESC,DAY_OF_WEEK,DAY_WEEK_DESC,DCA_CODE,DCA_DESC,LIGHT_CONDITION,NODE_ID,NO_OF_VEHICLES,NO_PERSONS_KILLED,NO_PERSONS_INJ_2,NO_PERSONS_INJ_3,NO_PERSONS_NOT_INJ,NO_PERSONS,POLICE_ATTEND,ROAD_GEOMETRY,ROAD_GEOMETRY_DESC,SEVERITY,SPEED_ZONE,RMA,AGE_GROUP,INJ_LEVEL,ROAD_USER_TYPE_DESC
T20210009860,3/3/2021,8:20:00,1,Collision with vehicle,4,Wednesday,137,LEFT TURN SIDESWIPE,1,693985,2,0,0,1,1,2,2,5,Not at intersection,3,40,Arterial Other,30-39,Other injury,Bicyclists
T20210009874,4/29/2021,17:50:00,1,Collision with vehicle,5,Thursday,163,VEHICLE STRIKES DOOR OF PARKED/STATIONARY VEHICLE,2,682712,2,0,0,1,1,2,2,5,Not at intersection,3,40,Local Road,30-39,Other injury,Bicyclists
T20210009880,5/3/2021,8:10:00,1,Collision with vehicle,2,Monday,137,LEFT TURN SIDESWIPE,1,37855,2,0,0,1,1,2,2,1,Cross intersection,3,60,Arterial Highway,26-29,Other injury,Bicyclists
T20210009886,5/1/2021,8:37:00,1,Collision with vehicle,7,Saturday,163,VEHICLE STRIKES DOOR OF PARKED/STATIONARY VEHICLE,1,682638,2,0,1,0,1,2,2,5,Not at intersection,2,50,Local Road,60-64,Serious injury,Bicyclists
T20210009954,4/27/2021,6:50:00,2,Struck Pedestrian,2,Tuesday,106,VEH STRIKES PED ON FOOTPATH/MEDIAN/TRAFFIC ISLAND.,9,133770,1,0,0,1,1,2,2,5,Not at intersection,3,888,Uknown,Unknown,Not injured,Bicyclists
T20210009972,5/4/2021,8:30:00,1,Collision with vehicle,2,Tuesday,121,RIGHT THROUGH,1,691709,2,0,1,0,1,2,1,2,T intersection,2,60,Arterial Other,22-25,Serious injury,Bicyclists
T20210009975,4/30/2021,15:10:00,1,Collision with vehicle,6,Friday,116,LEFT NEAR (INTERSECTIONS ONLY),1,69347,2,0,0,1,1,2,1,2,T intersection,3,80,Arterial Highway,50-59,Other injury,Bicyclists
T20210010050,4/9/2021,14:30:00,1,Collision with vehicle,5,Friday,163,VEHICLE STRIKES DOOR OF PARKED/STATIONARY VEHICLE,1,685164,2,0,0,1,0,1,2,5,Not at intersection,3,999,Local Road,30-39,Other injury,Bicyclists
T20210010081,5/5/2021,10:30:00,1,Collision with vehicle,3,Wednesday,147,VEHICLE STRIKES ANOTHER VEH WHILE EMERGING FROM DRIVEWAY,1,730184,2,0,1,0,1,2,1,5,Not at intersection,2,60,Arterial Other,50-59,Serious injury,Bicyclists
T20210010089,5/5/2021,16:26:00,1,Collision with vehicle,4,Wednesday,120,HEAD ON (NOT OVERTAKING),1,682561,2,0,0,1,1,2,1,5,Not at intersection,3,50,Local Road,13-15,Other injury,Bicyclists
T20210010092,5/5/2021,18:00:00,1,Collision with vehicle,3,Wednesday,110,CROSS TRAFFIC(INTERSECTIONS ONLY),3,35974,2,0,1,0,1,2,1,1,Cross intersection,2,50,Local Road,40-49,Serious injury,Bicyclists
T20210010102,5/5/2021,20:23:00,1,Collision with vehicle,4,Wednesday,148,VEHICLE OFF FOOTPATH STRIKES VEH ON CARRIAGEWAY,3,35714,2,0,1,0,1,2,1,1,Cross intersection,2,60,Arterial Other,22-25,Serious injury,Bicyclists
T20210010133,5/5/2021,7:34:00,1,Collision with vehicle,4,Wednesday,113,RIGHT NEAR (INTERSECTIONS ONLY),2,682565,2,0,0,1,1,2,1,2,T intersection,3,50,Local Road,40-49,Other injury,Bicyclists
T20210010154,5/6/2021,9:00:00,1,Collision with vehicle,5,Thursday,135,LANE CHANGE LEFT (NOT OVERTAKING),1,45640,2,0,0,1,1,2,9,1,Cross intersection,3,40,Arterial Other,50-59,Other injury,Bicyclists
T20210010155,5/6/2021,9:50:00,1,Collision with vehicle,5,Thursday,147,VEHICLE STRIKES ANOTHER VEH WHILE EMERGING FROM DRIVEWAY,1,687396,2,0,0,1,1,2,1,5,Not at intersection,3,60,Uknown,70+,Other injury,Bicyclists
T20210010159,5/5/2021,16:15:00,1,Collision with vehicle,3,Wednesday,163,VEHICLE STRIKES DOOR OF PARKED/STATIONARY VEHICLE,1,690157,3,0,0,1,1,2,2,5,Not at intersection,3,60,Arterial Other,22-25,Other injury,Bicyclists
T20210010182,5/6/2021,16:35:00,1,Collision with vehicle,5,Thursday,148,VEHICLE OFF FOOTPATH STRIKES VEH ON CARRIAGEWAY,1,60014,2,0,0,1,1,2,1,2,T intersection,3,50,Arterial Other,13-15,Other injury,Bicyclists
T20210010195,4/30/2021,13:00:00,1,Collision with vehicle,6,Friday,147,VEHICLE STRIKES ANOTHER VEH WHILE EMERGING FROM DRIVEWAY,1,698498,2,0,0,1,1,2,2,5,Not at intersection,3,60,Arterial Highway,22-25,Other injury,Bicyclists
T20210010207,5/6/2021,18:58:00,1,Collision with vehicle,5,Thursday,148,VEHICLE OFF FOOTPATH STRIKES VEH ON CARRIAGEWAY,3,682569,2,1,0,2,0,3,1,2,T intersection,1,40,Local Road,22-25,Fatality,Bicyclists
T20210010229,4/24/2021,7:10:00,1,Collision with vehicle,7,Saturday,110,CROSS TRAFFIC(INTERSECTIONS ONLY),6,50330,2,0,0,1,1,2,2,1,Cross intersection,3,60,Local Road,60-64,Other injury,Bicyclists
T20210010232,5/4/2021,17:50:00,1,Collision with vehicle,3,Tuesday,163,VEHICLE STRIKES DOOR OF PARKED/STATIONARY VEHICLE,6,682664,2,0,1,0,1,2,2,5,Not at intersection,2,999,Local Road,30-39,Serious injury,Bicyclists
T20210010233,4/10/2021,9:40:00,1,Collision with vehicle,7,Saturday,137,LEFT TURN SIDESWIPE,1,59814,2,0,0,1,4,5,2,2,T intersection,3,40,Local Road,50-59,Other injury,Bicyclists
T20210010237,5/6/2021,17:30:00,1,Collision with vehicle,5,Thursday,139,OTHER SAME DIRECTION-MANOUEVRES NOT INCLUDED IN DCAs 130-137,2,686508,2,0,0,1,0,1,2,5,Not at intersection,3,40,Local Road,30-39,Other injury,Bicyclists
T20210010264,5/6/2021,7:10:00,1,Collision with vehicle,5,Thursday,133,LANE SIDE SWIPE (VEHICLES IN PARALLEL LANES),9,47248,2,0,0,1,1,2,2,4,Multiple intersection,3,60,Arterial Other,40-49,Other injury,Bicyclists
T20210010275,5/7/2021,15:30:00,8,No collision and no object struck,6,Friday,174,OUT OF CONTROL ON CARRIAGEWAY (ON STRAIGHT),1,683783,1,0,0,1,0,1,2,1,Cross intersection,3,60,Local Road,60-64,Other injury,Bicyclists
T20210010286,5/7/2021,18:36:00,1,Collision with vehicle,6,Friday,134,LANE CHANGE RIGHT (NOT OVERTAKING),3,685203,2,0,0,1,1,2,2,5,Not at intersection,3,60,Arterial Other,30-39,Other injury,Bicyclists
T20210010290,5/7/2021,16:16:00,1,Collision with vehicle,6,Friday,148,VEHICLE OFF FOOTPATH STRIKES VEH ON CARRIAGEWAY,1,682844,2,0,0,1,1,2,1,5,Not at intersection,3,50,Local Road,26-29,Other injury,Bicyclists
T20210010305,5/7/2021,17:40:00,1,Collision with vehicle,6,Friday,137,LEFT TURN SIDESWIPE,2,36847,2,0,0,1,0,1,2,2,T intersection,3,40,Local Road,30-39,Other injury,Bicyclists
T20210010311,5/7/2021,19:36:00,1,Collision with vehicle,6,Friday,163,VEHICLE STRIKES DOOR OF PARKED/STATIONARY VEHICLE,3,730192,2,0,0,1,1,2,1,5,Not at intersection,3,40,Local Road,30-39,Other injury,Bicyclists
T20210010347,5/8/2021,10:05:00,1,Collision with vehicle,7,Saturday,111,RIGHT FAR (INTERSECTIONS ONLY),1,42013,2,0,0,1,1,2,2,1,Cross intersection,3,50,Arterial Other,50-59,Other injury,Bicyclists
T20210010352,5/8/2021,9:50:00,1,Collision with vehicle,7,Saturday,110,CROSS TRAFFIC(INTERSECTIONS ONLY),1,37366,2,0,1,0,1,2,1,1,Cross intersection,2,50,Local Road,40-49,Serious injury,Bicyclists
T20210010359,5/8/2021,13:56:00,1,Collision with vehicle,7,Saturday,110,CROSS TRAFFIC(INTERSECTIONS ONLY),1,47296,2,0,0,1,1,2,1,1,Cross intersection,3,60,Local Road,50-59,Other injury,Bicyclists
T20210010369,5/8/2021,16:50:00,1,Collision with vehicle,7,Saturday,149,OTHER MANOEUVRING NOT INCLUDED IN DCAs 140-148,1,690820,2,0,0,1,0,1,1,5,Not at intersection,3,999,Arterial Highway,40-49,Other injury,Bicyclists
T20210010380,5/7/2021,0:45:00,8,No collision and no object struck,6,Friday,174,OUT OF CONTROL ON CARRIAGEWAY (ON STRAIGHT),5,36031,1,0,1,0,0,1,1,2,T intersection,2,40,Local Road,30-39,Serious injury,Bicyclists
T20210010430,5/9/2021,8:34:00,1,Collision with vehicle,1,Sunday,110,CROSS TRAFFIC(INTERSECTIONS ONLY),1,39901,2,0,0,1,1,2,1,1,Cross intersection,3,60,Arterial Other,70+,Other injury,Bicyclists
T20210010437,5/9/2021,15:25:00,1,Collision with vehicle,0,Sunday,116,LEFT NEAR (INTERSECTIONS ONLY),1,780996,2,0,0,1,1,2,2,1,Cross intersection,3,60,Uknown,40-49,Other injury,Bicyclists
T20210010444,5/9/2021,13:53:00,1,Collision with vehicle,1,Sunday,137,LEFT TURN SIDESWIPE,1,683154,2,0,1,0,2,3,1,9,Unknown,2,60,Arterial Other,22-25,Serious injury,Bicyclists
T20210010445,5/6/2021,8:20:00,1,Collision with vehicle,5,Thursday,121,RIGHT THROUGH,1,36258,2,0,0,1,0,1,2,1,Cross intersection,3,40,Local Road,22-25,Other injury,Bicyclists
T20210010461,5/10/2021,5:50:00,1,Collision with vehicle,2,Monday,113,RIGHT NEAR (INTERSECTIONS ONLY),3,37097,2,0,1,0,4,5,1,1,Cross intersection,2,50,Local Road,40-49,Serious injury,Bicyclists
T20210010492,8/14/2020,17:30:00,1,Collision with vehicle,5,Friday,149,OTHER MANOEUVRING NOT INCLUDED IN DCAs 140-148,2,70686,2,0,0,1,1,2,2,1,Cross intersection,3,80,Arterial Highway,50-59,Other injury,Bicyclists
T20210010514,5/10/2021,18:02:00,1,Collision with vehicle,1,Monday,121,RIGHT THROUGH,3,292723,2,0,0,1,1,2,1,2,T intersection,3,60,Local Road,22-25,Other injury,Bicyclists
T20210010536,5/10/2021,8:20:00,1,Collision with vehicle,1,Monday,130,REAR END(VEHICLES IN SAME LANE),1,683553,2,0,0,1,0,1,2,5,Not at intersection,3,60,Local Road,45424,Other injury,Bicyclists
T20210010557,5/7/2021,16:45:00,1,Collision with vehicle,5,Friday,137,LEFT TURN SIDESWIPE,1,687211,2,0,0,2,0,2,2,5,Not at intersection,3,999,Arterial Other,30-39,Other injury,Bicyclists
T20210010570,5/10/2021,22:54:00,1,Collision with vehicle,2,Monday,148,VEHICLE OFF FOOTPATH STRIKES VEH ON CARRIAGEWAY,3,683321,2,0,0,1,1,2,1,1,Cross intersection,3,40,Local Road,40-49,Other injury,Bicyclists
T20210010571,1/25/2021,23:47:00,8,No collision and no object struck,2,Monday,174,OUT OF CONTROL ON CARRIAGEWAY (ON STRAIGHT),3,683356,1,0,0,1,0,1,1,5,Not at intersection,3,60,Arterial Other,26-29,Other injury,Bicyclists
T20210010587,5/11/2021,16:15:00,1,Collision with vehicle,2,Tuesday,147,VEHICLE STRIKES ANOTHER VEH WHILE EMERGING FROM DRIVEWAY,1,687182,2,0,0,1,0,1,2,2,T intersection,3,999,Arterial Other,50-59,Other injury,Bicyclists
T20210010616,5/11/2021,14:40:00,1,Collision with vehicle,3,Tuesday,154,PULLING OUT -REAR END,1,684264,3,0,0,1,2,3,1,2,T intersection,3,40,Arterial Other,26-29,Other injury,Bicyclists
T20210010658,5/12/2021,11:00:00,1,Collision with vehicle,3,Wednesday,116,LEFT NEAR (INTERSECTIONS ONLY),1,683322,2,0,0,1,1,2,1,4,Multiple intersection,3,60,Local Road,30-39,Other injury,Bicyclists
T20210010672,5/12/2021,8:30:00,1,Collision with vehicle,4,Wednesday,148,VEHICLE OFF FOOTPATH STRIKES VEH ON CARRIAGEWAY,1,683653,2,0,1,0,1,2,1,5,Not at intersection,2,50,Local Road,13-15,Serious injury,Bicyclists
T20210010711,5/5/2021,15:28:00,1,Collision with vehicle,4,Wednesday,143,ENTERING PARKING,1,687863,2,0,1,0,1,2,2,5,Not at intersection,2,40,Local Road,40-49,Serious injury,Bicyclists
T20210010748,5/13/2021,7:30:00,1,Collision with vehicle,4,Thursday,148,VEHICLE OFF FOOTPATH STRIKES VEH ON CARRIAGEWAY,1,730205,2,0,0,1,1,2,1,2,T intersection,3,50,Local Road,22-25,Other injury,Bicyclists
T20210010789,5/13/2021,15:50:00,1,Collision with vehicle,4,Thursday,147,VEHICLE STRIKES ANOTHER VEH WHILE EMERGING FROM DRIVEWAY,1,683442,2,0,1,0,2,3,1,5,Not at intersection,2,50,Local Road,45424,Serious injury,Bicyclists
T20210010790,5/13/2021,15:45:00,1,Collision with vehicle,5,Thursday,135,LANE CHANGE LEFT (NOT OVERTAKING),1,685649,2,0,0,1,1,2,1,5,Not at intersection,3,80,Uknown,30-39,Other injury,Bicyclists
T20210010841,5/14/2021,6:25:00,1,Collision with vehicle,6,Friday,119,OTHER ADJACENT (INTERSECTIONS ONLY),5,359958,2,0,1,0,1,2,1,2,T intersection,2,50,Local Road,40-49,Serious injury,Bicyclists
T20210010875,5/10/2021,13:15:00,1,Collision with vehicle,1,Monday,160,VEHICLE COLLIDES WITH VEHICLE PARKED ON LEFT OF ROAD,1,683409,2,0,1,0,0,1,2,5,Not at intersection,2,40,Local Road,16-17,Serious injury,Bicyclists
T20210010904,5/14/2021,17:20:00,1,Collision with vehicle,6,Friday,137,LEFT TURN SIDESWIPE,3,683360,2,0,1,0,1,2,1,5,Not at intersection,2,40,Local Road,40-49,Serious injury,Bicyclists
T20210010908,5/14/2021,15:16:00,1,Collision with vehicle,6,Friday,110,CROSS TRAFFIC(INTERSECTIONS ONLY),1,45835,2,0,1,0,1,2,1,1,Cross intersection,2,50,Arterial Other,26-29,Serious injury,Bicyclists
T20210010993,5/15/2021,17:10:00,1,Collision with vehicle,7,Saturday,140,U TURN,1,683330,2,0,0,1,1,2,1,1,Cross intersection,3,60,Local Road,30-39,Other injury,Bicyclists
T20210011027,5/16/2021,10:20:00,1,Collision with vehicle,0,Sunday,121,RIGHT THROUGH,1,725733,2,0,0,1,1,2,1,2,T intersection,3,60,Arterial Other,40-49,Other injury,Bicyclists
T20210011062,5/17/2021,6:35:00,1,Collision with vehicle,2,Monday,116,LEFT NEAR (INTERSECTIONS ONLY),2,39504,2,0,1,0,1,2,1,2,T intersection,2,50,Arterial Highway,40-49,Serious injury,Bicyclists
T20210011065,5/9/2021,11:00:00,1,Collision with vehicle,1,Sunday,120,HEAD ON (NOT OVERTAKING),1,686509,2,0,0,1,1,2,9,5,Not at intersection,3,999,Local Road,30-39,Other injury,Bicyclists
T20210011081,5/17/2021,8:10:00,1,Collision with vehicle,2,Monday,160,VEHICLE COLLIDES WITH VEHICLE PARKED ON LEFT OF ROAD,1,684817,2,0,1,0,1,2,1,5,Not at intersection,2,60,Arterial Other,30-39,Serious injury,Bicyclists
T20210011110,5/17/2021,15:40:00,1,Collision with vehicle,2,Monday,148,VEHICLE OFF FOOTPATH STRIKES VEH ON CARRIAGEWAY,1,42741,2,0,0,1,1,2,1,1,Cross intersection,3,40,Arterial Other,45424,Other injury,Bicyclists
T20210011132,5/6/2021,16:20:00,1,Collision with vehicle,5,Thursday,130,REAR END(VEHICLES IN SAME LANE),1,38796,2,0,1,0,0,1,2,1,Cross intersection,2,50,Arterial Other,30-39,Serious injury,Bicyclists
T20210011139,5/18/2021,8:14:00,1,Collision with vehicle,3,Tuesday,121,RIGHT THROUGH,1,29781,2,0,1,0,1,2,1,1,Cross intersection,2,50,Local Road,30-39,Serious injury,Bicyclists
T20210011142,4/25/2021,7:20:00,1,Collision with vehicle,1,Sunday,110,CROSS TRAFFIC(INTERSECTIONS ONLY),1,56252,2,0,0,1,1,2,2,1,Cross intersection,3,30,Local Road,50-59,Other injury,Bicyclists
T20210011159,5/18/2021,13:19:00,2,Struck Pedestrian,2,Tuesday,100,PED NEAR SIDE. PED HIT BY VEHICLE FROM THE RIGHT.,1,684559,1,0,0,1,1,2,1,2,T intersection,3,50,Local Road,60-64,Not injured,Bicyclists
T20210011173,5/18/2021,16:03:00,1,Collision with vehicle,3,Tuesday,152,PULLING OUT (OVERTAKING),1,40538,2,0,0,1,1,2,1,2,T intersection,3,50,Local Road,70+,Other injury,Bicyclists
T20210011197,5/7/2021,17:00:00,6,Vehicle overturned (no collision),6,Friday,174,OUT OF CONTROL ON CARRIAGEWAY (ON STRAIGHT),2,37702,1,0,0,1,0,1,2,2,T intersection,3,40,Local Road,40-49,Other injury,Bicyclists
T20210011216,5/5/2021,15:20:00,1,Collision with vehicle,3,Wednesday,147,VEHICLE STRIKES ANOTHER VEH WHILE EMERGING FROM DRIVEWAY,1,684965,2,0,0,1,1,2,2,5,Not at intersection,3,999,Local Road,13-15,Other injury,Bicyclists
T20210011223,5/19/2021,7:10:00,1,Collision with vehicle,4,Wednesday,121,RIGHT THROUGH,2,232994,2,0,1,0,2,3,1,2,T intersection,2,60,Arterial Other,50-59,Serious injury,Bicyclists
T20210011243,5/18/2021,17:00:00,8,No collision and no object struck,3,Tuesday,184,OUT OF CONTROL ON CARRIAGEWAY (ON BEND),1,684401,2,0,0,1,0,1,2,5,Not at intersection,3,40,Local Road,26-29,Other injury,Bicyclists
T20210011259,5/19/2021,17:00:00,1,Collision with vehicle,4,Wednesday,147,VEHICLE STRIKES ANOTHER VEH WHILE EMERGING FROM DRIVEWAY,2,683584,2,0,1,0,1,2,1,5,Not at intersection,2,50,Arterial Other,50-59,Serious injury,Bicyclists
T20210011308,5/20/2021,6:45:00,1,Collision with vehicle,5,Thursday,148,VEHICLE OFF FOOTPATH STRIKES VEH ON CARRIAGEWAY,3,683640,2,0,0,1,1,2,1,5,Not at intersection,3,60,Arterial Other,40-49,Other injury,Bicyclists
T20210011321,5/19/2021,8:40:00,1,Collision with vehicle,4,Wednesday,148,VEHICLE OFF FOOTPATH STRIKES VEH ON CARRIAGEWAY,1,683724,2,0,0,1,0,1,2,5,Not at intersection,3,50,Local Road,45424,Other injury,Bicyclists
T20210011325,5/19/2021,11:15:00,1,Collision with vehicle,4,Wednesday,130,REAR END(VEHICLES IN SAME LANE),1,683726,2,0,0,1,1,2,2,5,Not at intersection,3,40,Local Road,40-49,Other injury,Bicyclists
T20210011365,5/20/2021,18:11:00,1,Collision with vehicle,5,Thursday,110,CROSS TRAFFIC(INTERSECTIONS ONLY),3,55983,2,0,0,1,1,2,1,1,Cross intersection,3,40,Local Road,26-29,Other injury,Bicyclists
T20210011373,5/18/2021,7:30:00,1,Collision with vehicle,3,Tuesday,148,VEHICLE OFF FOOTPATH STRIKES VEH ON CARRIAGEWAY,1,28872,2,0,1,0,0,1,2,1,Cross intersection,2,999,Arterial Highway,40-49,Serious injury,Bicyclists
T20210011404,5/21/2021,8:50:00,1,Collision with vehicle,6,Friday,116,LEFT NEAR (INTERSECTIONS ONLY),1,46309,2,0,0,1,1,2,1,2,T intersection,3,50,Arterial Highway,40-49,Other injury,Bicyclists
T20210011411,5/21/2021,8:50:00,1,Collision with vehicle,6,Friday,148,VEHICLE OFF FOOTPATH STRIKES VEH ON CARRIAGEWAY,1,684491,2,0,0,1,1,2,1,2,T intersection,3,999,Uknown,50-59,Other injury,Bicyclists
T20210011414,5/21/2021,10:38:00,1,Collision with vehicle,6,Friday,148,VEHICLE OFF FOOTPATH STRIKES VEH ON CARRIAGEWAY,1,684830,2,0,0,1,1,2,1,5,Not at intersection,3,50,Local Road,30-39,Other injury,Bicyclists
T20210011433,5/12/2021,14:20:00,1,Collision with vehicle,3,Wednesday,163,VEHICLE STRIKES DOOR OF PARKED/STATIONARY VEHICLE,1,730226,2,0,0,1,1,2,2,5,Not at intersection,3,40,Arterial Other,26-29,Other injury,Bicyclists
T20210011437,5/21/2021,6:10:00,1,Collision with vehicle,5,Friday,110,CROSS TRAFFIC(INTERSECTIONS ONLY),2,41625,2,0,1,0,1,2,2,4,Multiple intersection,2,999,Uknown,30-39,Serious injury,Bicyclists
T20210011445,5/19/2021,20:45:00,1,Collision with vehicle,4,Wednesday,163,VEHICLE STRIKES DOOR OF PARKED/STATIONARY VEHICLE,3,688309,2,0,0,1,2,3,2,5,Not at intersection,3,40,Local Road,26-29,Other injury,Bicyclists
T20210011479,5/8/2021,7:50:00,1,Collision with vehicle,7,Saturday,147,VEHICLE STRIKES ANOTHER VEH WHILE EMERGING FROM DRIVEWAY,1,684971,2,0,0,1,1,2,1,5,Not at intersection,3,60,Local Road,70+,Other injury,Bicyclists
T20210011496,5/22/2021,9:11:00,1,Collision with vehicle,7,Saturday,147,VEHICLE STRIKES ANOTHER VEH WHILE EMERGING FROM DRIVEWAY,1,214322,2,0,1,0,1,2,1,5,Not at intersection,2,60,Arterial Other,50-59,Serious injury,Bicyclists
T20210011501,5/22/2021,10:40:00,1,Collision with vehicle,6,Saturday,163,VEHICLE STRIKES DOOR OF PARKED/STATIONARY VEHICLE,1,684193,2,0,0,1,2,3,1,5,Not at intersection,3,40,Arterial Other,30-39,Other injury,Bicyclists
T20210011502,5/22/2021,10:10:00,1,Collision with vehicle,6,Saturday,121,RIGHT THROUGH,1,686213,2,0,1,0,1,2,1,2,T intersection,2,60,Arterial Highway,50-59,Serious injury,Bicyclists
T20210011518,5/22/2021,10:10:00,1,Collision with vehicle,7,Saturday,110,CROSS TRAFFIC(INTERSECTIONS ONLY),1,39973,2,0,0,1,0,1,2,1,Cross intersection,3,60,Local Road,16-17,Other injury,Bicyclists
T20210011589,5/23/2021,8:45:00,1,Collision with vehicle,1,Sunday,116,LEFT NEAR (INTERSECTIONS ONLY),1,47926,2,0,1,0,1,2,1,2,T intersection,2,60,Arterial Other,40-49,Serious injury,Bicyclists
T20210011592,5/23/2021,9:50:00,1,Collision with vehicle,1,Sunday,110,CROSS TRAFFIC(INTERSECTIONS ONLY),1,52992,2,0,1,0,1,2,1,1,Cross intersection,2,60,Local Road,40-49,Serious injury,Bicyclists
T20210011612,5/23/2021,15:00:00,1,Collision with vehicle,1,Sunday,110,CROSS TRAFFIC(INTERSECTIONS ONLY),1,52524,2,0,0,1,1,2,1,1,Cross intersection,3,60,Uknown,40-49,Other injury,Bicyclists
T20210011613,5/23/2021,14:55:00,1,Collision with vehicle,1,Sunday,121,RIGHT THROUGH,1,29471,2,0,0,1,1,2,1,1,Cross intersection,3,40,Arterial Other,22-25,Other injury,Bicyclists
T20210011619,5/23/2021,17:05:00,1,Collision with vehicle,1,Sunday,110,CROSS TRAFFIC(INTERSECTIONS ONLY),2,306769,2,0,1,0,1,2,1,1,Cross intersection,2,50,Local Road,16-17,Serious injury,Bicyclists
T20210011649,5/24/2021,7:50:00,1,Collision with vehicle,2,Monday,112,LEFT FAR (INTERSECTIONS ONLY),1,685201,2,0,0,1,1,2,1,2,T intersection,3,50,Arterial Other,40-49,Other injury,Bicyclists
T20210011654,4/28/2021,21:30:00,1,Collision with vehicle,4,Wednesday,163,VEHICLE STRIKES DOOR OF PARKED/STATIONARY VEHICLE,3,684026,2,0,1,0,1,2,1,5,Not at intersection,2,40,Local Road,22-25,Serious injury,Bicyclists
T20210011676,5/23/2021,15:50:00,1,Collision with vehicle,0,Sunday,137,LEFT TURN SIDESWIPE,1,39978,2,0,0,1,1,2,2,1,Cross intersection,3,50,Local Road,50-59,Other injury,Bicyclists
T20210011696,5/24/2021,12:40:00,1,Collision with vehicle,2,Monday,119,OTHER ADJACENT (INTERSECTIONS ONLY),1,57599,2,0,0,1,2,3,2,2,T intersection,3,999,Arterial Other,40-49,Other injury,Bicyclists
T20210011737,5/23/2021,19:20:00,1,Collision with vehicle,1,Sunday,163,VEHICLE STRIKES DOOR OF PARKED/STATIONARY VEHICLE,3,684421,2,0,0,1,1,2,2,5,Not at intersection,3,40,Arterial Other,26-29,Other injury,Bicyclists
T20210011739,5/17/2021,7:00:00,8,No collision and no object struck,2,Monday,151,OUT OF CONTROL (OVERTAKING),2,687095,2,0,0,1,0,1,2,5,Not at intersection,3,999,Local Road,40-49,Other injury,Bicyclists
T20210011745,5/25/2021,10:00:00,1,Collision with vehicle,2,Tuesday,130,REAR END(VEHICLES IN SAME LANE),1,125606,2,0,0,1,1,2,2,5,Not at intersection,3,40,Local Road,30-39,Other injury,Bicyclists
T20210011759,5/23/2021,13:55:00,1,Collision with vehicle,1,Sunday,148,VEHICLE OFF FOOTPATH STRIKES VEH ON CARRIAGEWAY,1,686195,2,0,1,0,1,2,1,2,T intersection,2,50,Uknown,40-49,Serious injury,Bicyclists
T20210011768,5/6/2021,16:10:00,1,Collision with vehicle,5,Thursday,148,VEHICLE OFF FOOTPATH STRIKES VEH ON CARRIAGEWAY,1,40092,2,0,0,1,1,2,2,2,T intersection,3,60,Arterial Highway,30-39,Other injury,Bicyclists
T20210011776,5/24/2021,18:05:00,1,Collision with vehicle,2,Monday,143,ENTERING PARKING,9,685636,2,0,0,1,1,2,2,5,Not at intersection,3,999,Arterial Other,30-39,Other injury,Bicyclists
T20210011779,5/21/2021,8:59:00,1,Collision with vehicle,6,Friday,110,CROSS TRAFFIC(INTERSECTIONS ONLY),1,256574,2,0,0,1,1,2,1,1,Cross intersection,3,50,Local Road,30-39,Other injury,Bicyclists
T20210011790,5/24/2021,19:55:00,1,Collision with vehicle,2,Monday,135,LANE CHANGE LEFT (NOT OVERTAKING),3,684495,2,0,0,2,0,2,2,5,Not at intersection,3,40,Arterial Other,26-29,Other injury,Bicyclists
T20210011795,5/25/2021,17:15:00,1,Collision with vehicle,3,Tuesday,163,VEHICLE STRIKES DOOR OF PARKED/STATIONARY VEHICLE,1,37693,2,0,0,1,1,2,2,2,T intersection,3,40,Local Road,30-39,Other injury,Bicyclists
T20210011800,5/25/2021,18:30:00,1,Collision with vehicle,2,Tuesday,130,REAR END(VEHICLES IN SAME LANE),5,691566,2,0,1,0,1,2,1,5,Not at intersection,2,100,Uknown,22-25,Not injured,Drivers
T20210011842,5/25/2021,13:52:00,8,No collision and no object struck,3,Tuesday,174,OUT OF CONTROL ON CARRIAGEWAY (ON STRAIGHT),1,37686,1,0,0,1,0,1,1,2,T intersection,3,40,Local Road,50-59,Other injury,Bicyclists
T20210011843,5/24/2021,9:00:00,1,Collision with vehicle,2,Monday,147,VEHICLE STRIKES ANOTHER VEH WHILE EMERGING FROM DRIVEWAY,9,331282,2,0,0,1,1,2,2,5,Not at intersection,3,50,Local Road,60-64,Other injury,Bicyclists
T20210011847,5/26/2020,13:00:00,1,Collision with vehicle,3,Tuesday,121,RIGHT THROUGH,1,258507,2,0,0,1,0,1,2,2,T intersection,3,50,Local Road,40-49,Other injury,Bicyclists
T20210011855,5/22/2021,13:00:00,1,Collision with vehicle,7,Saturday,143,ENTERING PARKING,1,685134,2,0,0,1,0,1,2,5,Not at intersection,3,999,Arterial Other,50-59,Other injury,Bicyclists
T20210011874,5/8/2021,3:05:00,5,collision with some other object,6,Saturday,166,STRUCK OBJECT ON CARRIAGEWAY,6,285598,1,0,0,1,0,1,2,2,T intersection,3,50,Local Road,30-39,Other injury,Not Known
T20210011900,5/26/2021,8:35:00,1,Collision with vehicle,3,Wednesday,121,RIGHT THROUGH,1,37460,2,0,0,1,1,2,2,1,Cross intersection,3,50,Arterial Other,26-29,Other injury,Bicyclists