ACCIDENT_NO,ACCIDENT_DATE,ACCIDENT_TIME,ACCIDENT_TYPE,ACCIDENT_TYPE_DESC,DAY_OF_WEEK,DAY_WEEK_DESC,DCA_CODE,DCA_DESC,LIGHT_CONDITION,NODE_ID,NO_OF_VEHICLES,NO_PERSONS_KILLED,NO_PERSONS_INJ_2,NO_PERSONS_INJ_3,NO_PERSONS_NOT_INJ,NO_PERSONS,POLICE_ATTEND,ROAD_GEOMETRY,ROAD_GEOMETRY_DESC,SEVERITY,SPEED_ZONE,RMA,AGE_GROUP,INJ_LEVEL,ROAD_USER_TYPE_DESC
T20210011907,5/26/2021,17:45:00,1,Collision with vehicle,4,Wednesday,163,VEHICLE STRIKES DOOR OF PARKED/STATIONARY VEHICLE,3,684423,2,0,0,1,1,2,2,5,Not at intersection,3,40,Local Road,40-49,Other injury,Bicyclists
T20210011915,5/26/2021,22:04:00,1,Collision with vehicle,4,Wednesday,148,VEHICLE OFF FOOTPATH STRIKES VEH ON CARRIAGEWAY,3,686216,2,0,1,0,1,2,1,5,Not at intersection,2,60,Arterial Other,70+,Serious injury,Bicyclists
T20210011928,5/14/2021,19:00:00,1,Collision with vehicle,6,Friday,116,LEFT NEAR (INTERSECTIONS ONLY),3,45570,2,0,1,0,1,2,2,2,T intersection,2,60,Arterial Other,30-39,Serious injury,Bicyclists
T20210011931,5/27/2021,7:00:00,1,Collision with vehicle,5,Thursday,121,RIGHT THROUGH,1,38779,2,0,1,0,1,2,1,2,T intersection,2,60,Arterial Highway,30-39,Serious injury,Bicyclists
T20210011949,5/27/2021,8:00:00,1,Collision with vehicle,5,Thursday,147,VEHICLE STRIKES ANOTHER VEH WHILE EMERGING FROM DRIVEWAY,1,684743,2,0,0,1,1,2,1,5,Not at intersection,3,40,Uknown,13-15,Other injury,Bicyclists
T20210011950,5/27/2021,11:30:00,1,Collision with vehicle,5,Thursday,116,LEFT NEAR (INTERSECTIONS ONLY),1,52924,2,0,1,0,2,3,1,1,Cross intersection,2,60,Uknown,65-69,Serious injury,Bicyclists
T20210011995,5/27/2021,9:20:00,8,No collision and no object struck,5,Thursday,174,OUT OF CONTROL ON CARRIAGEWAY (ON STRAIGHT),1,694638,2,0,0,1,1,2,2,5,Not at intersection,3,999,Local Road,60-64,Other injury,Bicyclists
T20210012095,5/28/2021,0:30:00,1,Collision with vehicle,6,Friday,148,VEHICLE OFF FOOTPATH STRIKES VEH ON CARRIAGEWAY,3,684350,2,0,0,1,1,2,1,5,Not at intersection,3,50,Local Road,30-39,Other injury,Bicyclists
T20210012107,5/29/2021,9:20:00,5,collision with some other object,7,Saturday,166,STRUCK OBJECT ON CARRIAGEWAY,1,684461,1,0,1,0,0,1,2,5,Not at intersection,2,70,Arterial Highway,40-49,Serious injury,Bicyclists
T20210012117,5/28/2021,13:25:00,9,Other accident,6,Friday,139,OTHER SAME DIRECTION-MANOUEVRES NOT INCLUDED IN DCAs 130-137,1,684427,2,0,0,1,1,2,2,5,Not at intersection,3,50,Arterial Other,60-64,Other injury,Bicyclists
T20210012122,5/29/2021,15:50:00,4,Collision with a fixed object,7,Saturday,171,LEFT OFF CARRIAGEWAY INTO OBJECT/PARKED VEHICLE,1,773124,2,0,1,0,0,1,1,5,Not at intersection,2,50,Uknown,30-39,Serious injury,Bicyclists
T20210012225,5/31/2021,15:50:00,1,Collision with vehicle,2,Monday,148,VEHICLE OFF FOOTPATH STRIKES VEH ON CARRIAGEWAY,1,684501,2,0,0,1,1,2,1,2,T intersection,3,888,Local Road,13-15,Other injury,Bicyclists
T20210012231,5/25/2021,18:30:00,1,Collision with vehicle,3,Tuesday,119,OTHER ADJACENT (INTERSECTIONS ONLY),6,684503,2,0,0,1,1,2,2,2,T intersection,3,60,Local Road,50-59,Other injury,Bicyclists
T20210012273,6/1/2021,8:07:00,1,Collision with vehicle,3,Tuesday,152,PULLING OUT (OVERTAKING),1,68747,2,0,1,0,1,2,1,2,T intersection,2,60,Uknown,50-59,Serious injury,Bicyclists
T20210012306,5/16/2021,16:43:00,1,Collision with vehicle,1,Sunday,110,CROSS TRAFFIC(INTERSECTIONS ONLY),1,37564,2,0,1,0,1,2,2,1,Cross intersection,2,999,Arterial Other,30-39,Serious injury,Bicyclists
T20210012315,5/27/2021,7:20:00,1,Collision with vehicle,4,Thursday,122,LEFT THROUGH,1,684932,2,0,0,1,1,2,1,5,Not at intersection,3,60,Arterial Highway,30-39,Other injury,Bicyclists
T20210012384,6/3/2021,10:50:00,1,Collision with vehicle,4,Thursday,110,CROSS TRAFFIC(INTERSECTIONS ONLY),1,776856,2,0,1,0,1,2,1,1,Cross intersection,2,50,Local Road,50-59,Serious injury,Bicyclists
T20210012387,6/3/2021,8:25:00,1,Collision with vehicle,5,Thursday,110,CROSS TRAFFIC(INTERSECTIONS ONLY),1,684772,2,0,0,1,1,2,1,1,Cross intersection,3,60,Arterial Other,18-21,Other injury,Bicyclists
T20210012392,6/3/2021,8:09:00,1,Collision with vehicle,5,Thursday,148,VEHICLE OFF FOOTPATH STRIKES VEH ON CARRIAGEWAY,1,684853,2,0,1,0,1,2,1,4,Multiple intersection,2,60,Freeway,22-25,Serious injury,Bicyclists
T20210012402,3/30/2021,18:30:00,1,Collision with vehicle,2,Tuesday,163,VEHICLE STRIKES DOOR OF PARKED/STATIONARY VEHICLE,2,332339,2,0,0,1,0,1,2,1,Cross intersection,3,40,Local Road,40-49,Other injury,Bicyclists
T20210012422,5/20/2021,19:00:00,1,Collision with vehicle,5,Thursday,121,RIGHT THROUGH,6,42070,2,0,1,0,1,2,2,1,Cross intersection,2,50,Local Road,18-21,Serious injury,Bicyclists
T20210012469,6/4/2021,13:06:00,1,Collision with vehicle,5,Friday,121,RIGHT THROUGH,1,691263,2,0,0,1,1,2,1,5,Not at intersection,3,60,Arterial Highway,45424,Other injury,Bicyclists
T20210012482,5/26/2021,17:30:00,1,Collision with vehicle,4,Wednesday,147,VEHICLE STRIKES ANOTHER VEH WHILE EMERGING FROM DRIVEWAY,9,685281,2,0,0,1,1,2,2,5,Not at intersection,3,999,Arterial Highway,30-39,Not injured,Bicyclists
T20210012506,6/5/2021,8:26:00,1,Collision with vehicle,7,Saturday,116,LEFT NEAR (INTERSECTIONS ONLY),1,686488,2,0,1,0,1,2,1,1,Cross intersection,2,60,Arterial Other,70+,Serious injury,Bicyclists
T20210012517,5/3/2021,13:36:00,1,Collision with vehicle,2,Monday,133,LANE SIDE SWIPE (VEHICLES IN PARALLEL LANES),1,689587,2,0,1,0,0,1,2,5,Not at intersection,2,80,Local Road,50-59,Serious injury,Bicyclists
T20210012577,6/6/2021,14:30:00,8,No collision and no object struck,1,Sunday,174,OUT OF CONTROL ON CARRIAGEWAY (ON STRAIGHT),1,685047,1,0,0,1,0,1,1,5,Not at intersection,3,60,Arterial Other,40-49,Other injury,Bicyclists
T20210012578,6/5/2021,16:45:00,1,Collision with vehicle,7,Saturday,130,REAR END(VEHICLES IN SAME LANE),9,689276,2,0,0,1,0,1,2,5,Not at intersection,3,999,Local Road,26-29,Other injury,Bicyclists
T20210012586,6/6/2021,15:30:00,1,Collision with vehicle,1,Sunday,121,RIGHT THROUGH,1,50095,2,0,0,1,1,2,1,2,T intersection,3,60,Arterial Other,50-59,Other injury,Bicyclists
T20210012604,6/7/2021,8:45:00,1,Collision with vehicle,1,Monday,163,VEHICLE STRIKES DOOR OF PARKED/STATIONARY VEHICLE,1,685253,2,0,1,0,1,2,1,5,Not at intersection,2,40,Local Road,22-25,Serious injury,Bicyclists
T20210012621,6/3/2021,16:30:00,1,Collision with vehicle,5,Thursday,160,VEHICLE COLLIDES WITH VEHICLE PARKED ON LEFT OF ROAD,1,688919,3,0,1,0,0,1,2,5,Not at intersection,2,50,Arterial Other,40-49,Serious injury,Bicyclists
T20210012652,6/7/2021,6:50:00,1,Collision with vehicle,1,Monday,121,RIGHT THROUGH,2,51570,2,0,0,1,1,2,1,1,Cross intersection,3,60,Arterial Highway,50-59,Other injury,Bicyclists
T20210012747,6/8/2021,19:20:00,1,Collision with vehicle,2,Tuesday,148,VEHICLE OFF FOOTPATH STRIKES VEH ON CARRIAGEWAY,3,38659,2,0,1,0,1,2,1,2,T intersection,2,60,Local Road,30-39,Serious injury,Bicyclists
T20210012757,2/12/2021,16:30:00,1,Collision with vehicle,6,Friday,137,LEFT TURN SIDESWIPE,9,29832,2,0,0,1,1,2,2,2,T intersection,3,60,Arterial Other,60-64,Other injury,Bicyclists
T20210012766,5/30/2021,18:40:00,1,Collision with vehicle,0,Sunday,147,VEHICLE STRIKES ANOTHER VEH WHILE EMERGING FROM DRIVEWAY,9,11605,2,0,0,1,0,1,2,2,T intersection,3,999,Arterial Other,16-17,Other injury,Bicyclists
T20210012798,6/9/2021,19:00:00,1,Collision with vehicle,4,Wednesday,110,CROSS TRAFFIC(INTERSECTIONS ONLY),3,49941,2,0,1,0,1,2,1,1,Cross intersection,2,50,Local Road,30-39,Serious injury,Bicyclists
T20210012822,5/21/2021,18:00:00,1,Collision with vehicle,5,Friday,113,RIGHT NEAR (INTERSECTIONS ONLY),9,50987,2,0,0,1,0,1,2,1,Cross intersection,3,60,Uknown,40-49,Other injury,Bicyclists
T20210012829,6/10/2021,12:30:00,8,No collision and no object struck,5,Thursday,170,OFF CARRIAGEWAY TO LEFT,1,685348,1,0,1,0,0,1,2,5,Not at intersection,2,50,Local Road,70+,Serious injury,Bicyclists
T20210012830,6/10/2021,14:12:00,1,Collision with vehicle,4,Thursday,160,VEHICLE COLLIDES WITH VEHICLE PARKED ON LEFT OF ROAD,1,685349,2,0,0,1,1,2,1,5,Not at intersection,3,50,Local Road,40-49,Other injury,Bicyclists
T20210012833,6/10/2021,15:10:00,1,Collision with vehicle,5,Thursday,120,HEAD ON (NOT OVERTAKING),1,685629,2,0,0,1,1,2,1,5,Not at intersection,3,50,Local Road,13-15,Other injury,Bicyclists
T20210012852,6/10/2021,18:18:00,1,Collision with vehicle,4,Thursday,121,RIGHT THROUGH,3,39324,2,0,0,1,1,2,1,2,T intersection,3,60,Arterial Other,30-39,Other injury,Bicyclists
T20210012865,5/26/2021,5:45:00,5,collision with some other object,4,Wednesday,166,STRUCK OBJECT ON CARRIAGEWAY,6,685467,2,0,0,1,0,1,2,5,Not at intersection,3,60,Arterial Other,26-29,Other injury,Bicyclists
T20210012869,6/11/2021,8:56:00,1,Collision with vehicle,6,Friday,110,CROSS TRAFFIC(INTERSECTIONS ONLY),1,53182,2,0,1,0,1,2,1,1,Cross intersection,2,50,Local Road,70+,Serious injury,Bicyclists
T20210012895,6/11/2021,8:35:00,1,Collision with vehicle,5,Friday,132,RIGHT REAR.,1,686749,2,0,0,1,1,2,1,4,Multiple intersection,3,50,Uknown,30-39,Other injury,Bicyclists
T20210012903,6/11/2021,12:17:00,1,Collision with vehicle,6,Friday,136,RIGHT TURN SIDESWIPE,1,686198,2,0,1,0,2,3,1,2,T intersection,2,60,Arterial Highway,70+,Serious injury,Bicyclists
T20210012909,6/9/2021,8:55:00,1,Collision with vehicle,4,Wednesday,120,HEAD ON (NOT OVERTAKING),1,687020,2,0,1,0,0,1,2,5,Not at intersection,2,50,Local Road,13-15,Serious injury,Bicyclists
T20210012933,6/11/2021,17:50:00,1,Collision with vehicle,6,Friday,132,RIGHT REAR.,3,270849,2,0,1,0,1,2,1,2,T intersection,2,60,Local Road,13-15,Serious injury,Bicyclists
T20210012970,6/12/2021,15:15:00,1,Collision with vehicle,7,Saturday,110,CROSS TRAFFIC(INTERSECTIONS ONLY),1,57265,2,0,0,1,1,2,1,1,Cross intersection,3,50,Local Road,26-29,Other injury,Bicyclists
T20210012972,6/12/2021,14:12:00,1,Collision with vehicle,6,Saturday,148,VEHICLE OFF FOOTPATH STRIKES VEH ON CARRIAGEWAY,1,687668,2,0,0,1,2,3,1,2,T intersection,3,60,Arterial Highway,13-15,Other injury,Bicyclists
T20210012989,6/12/2021,14:55:00,1,Collision with vehicle,7,Saturday,121,RIGHT THROUGH,1,29397,2,0,1,0,1,2,1,1,Cross intersection,2,60,Arterial Other,18-21,Serious injury,Bicyclists
T20210012996,6/13/2021,0:05:00,1,Collision with vehicle,1,Sunday,171,LEFT OFF CARRIAGEWAY INTO OBJECT/PARKED VEHICLE,3,691101,2,0,0,1,0,1,1,5,Not at intersection,3,60,Arterial Other,30-39,Other injury,Bicyclists
T20210013010,6/13/2021,10:50:00,8,No collision and no object struck,1,Sunday,174,OUT OF CONTROL ON CARRIAGEWAY (ON STRAIGHT),1,719879,2,0,1,0,1,2,1,5,Not at intersection,2,60,Arterial Highway,50-59,Serious injury,Bicyclists
T20210013033,6/13/2021,12:00:00,1,Collision with vehicle,1,Sunday,148,VEHICLE OFF FOOTPATH STRIKES VEH ON CARRIAGEWAY,1,689631,2,0,0,1,1,2,2,2,T intersection,3,60,Arterial Other,40-49,Other injury,Bicyclists
T20210013045,6/13/2021,20:45:00,1,Collision with vehicle,1,Sunday,148,VEHICLE OFF FOOTPATH STRIKES VEH ON CARRIAGEWAY,3,360176,2,0,1,0,1,2,1,1,Cross intersection,2,80,Arterial Highway,16-17,Serious injury,Bicyclists
T20210013067,6/14/2021,9:11:00,1,Collision with vehicle,2,Monday,120,HEAD ON (NOT OVERTAKING),1,687963,3,0,4,1,1,6,1,5,Not at intersection,2,80,Arterial Other,50-59,Not injured,Bicyclists
T20210013093,6/14/2021,18:55:00,1,Collision with vehicle,2,Monday,148,VEHICLE OFF FOOTPATH STRIKES VEH ON CARRIAGEWAY,3,345453,2,0,0,1,1,2,1,1,Cross intersection,3,70,Arterial Other,22-25,Other injury,Bicyclists
T20210013149,6/13/2021,17:00:00,1,Collision with vehicle,1,Sunday,112,LEFT FAR (INTERSECTIONS ONLY),3,36690,2,0,1,0,1,2,2,2,T intersection,2,60,Arterial Other,30-39,Serious injury,Bicyclists
T20210013158,6/11/2021,7:00:00,1,Collision with vehicle,6,Friday,160,VEHICLE COLLIDES WITH VEHICLE PARKED ON LEFT OF ROAD,2,691098,2,0,1,0,0,1,2,5,Not at intersection,2,60,Arterial Other,50-59,Serious injury,Bicyclists
T20210013186,6/15/2021,14:00:00,1,Collision with vehicle,3,Tuesday,110,CROSS TRAFFIC(INTERSECTIONS ONLY),1,50703,2,0,1,0,1,2,1,1,Cross intersection,2,50,Local Road,26-29,Serious injury,Bicyclists
T20210013195,6/16/2021,10:30:00,1,Collision with vehicle,3,Wednesday,163,VEHICLE STRIKES DOOR OF PARKED/STATIONARY VEHICLE,1,688391,2,0,0,1,1,2,2,5,Not at intersection,3,60,Arterial Other,22-25,Other injury,Bicyclists
T20210013215,2/8/2021,8:30:00,1,Collision with vehicle,1,Monday,116,LEFT NEAR (INTERSECTIONS ONLY),1,65035,2,0,0,1,1,2,1,1,Cross intersection,3,40,Local Road,26-29,Other injury,Bicyclists
T20210013219,5/31/2021,13:00:00,1,Collision with vehicle,2,Monday,132,RIGHT REAR.,1,36395,2,0,1,0,1,2,2,1,Cross intersection,2,60,Local Road,26-29,Serious injury,Bicyclists
T20210013254,6/17/2021,7:20:00,1,Collision with vehicle,5,Thursday,110,CROSS TRAFFIC(INTERSECTIONS ONLY),2,46964,2,0,1,0,1,2,1,1,Cross intersection,2,40,Local Road,30-39,Serious injury,Bicyclists
T20210013273,6/3/2021,16:35:00,1,Collision with vehicle,5,Thursday,143,ENTERING PARKING,9,689211,2,0,0,1,1,2,1,5,Not at intersection,3,999,Local Road,22-25,Other injury,Bicyclists
T20210013293,6/14/2021,10:34:00,1,Collision with vehicle,1,Monday,163,VEHICLE STRIKES DOOR OF PARKED/STATIONARY VEHICLE,1,730297,2,0,0,1,1,2,1,5,Not at intersection,3,80,Local Road,50-59,Other injury,Bicyclists
T20210013323,6/2/2021,22:00:00,2,Struck Pedestrian,4,Wednesday,105,PED WALKING AGAINST TRAFFIC.,3,220,1,0,0,1,1,2,2,5,Not at intersection,3,777,Local Road,Unknown,Not injured,Bicyclists
T20210013387,6/18/2021,18:15:00,1,Collision with vehicle,6,Friday,160,VEHICLE COLLIDES WITH VEHICLE PARKED ON LEFT OF ROAD,3,686869,2,0,0,1,0,1,1,5,Not at intersection,3,60,Arterial Other,Unknown,Other injury,Bicyclists
T20210013394,6/18/2021,20:24:00,1,Collision with vehicle,6,Friday,148,VEHICLE OFF FOOTPATH STRIKES VEH ON CARRIAGEWAY,3,226,2,0,0,1,1,2,1,2,T intersection,3,60,Arterial Highway,16-17,Other injury,Bicyclists
T20210013398,6/15/2021,8:10:00,1,Collision with vehicle,3,Tuesday,116,LEFT NEAR (INTERSECTIONS ONLY),1,689995,2,0,1,0,1,2,2,2,T intersection,2,999,Local Road,30-39,Serious injury,Bicyclists
T20210013505,6/20/2021,11:15:00,1,Collision with vehicle,1,Sunday,116,LEFT NEAR (INTERSECTIONS ONLY),1,686091,2,0,0,1,1,2,1,2,T intersection,3,70,Arterial Other,50-59,Other injury,Bicyclists
T20210013545,6/19/2021,21:00:00,1,Collision with vehicle,6,Saturday,133,LANE SIDE SWIPE (VEHICLES IN PARALLEL LANES),6,686093,2,0,0,1,0,1,2,5,Not at intersection,3,50,Local Road,40-49,Other injury,Bicyclists
T20210013547,6/21/2021,6:55:00,1,Collision with vehicle,1,Monday,160,VEHICLE COLLIDES WITH VEHICLE PARKED ON LEFT OF ROAD,3,686276,2,0,1,0,0,1,1,5,Not at intersection,2,60,Arterial Other,18-21,Serious injury,Bicyclists
T20210013562,6/21/2021,8:35:00,1,Collision with vehicle,2,Monday,148,VEHICLE OFF FOOTPATH STRIKES VEH ON CARRIAGEWAY,1,68187,2,0,0,1,1,2,2,2,T intersection,3,40,Uknown,45424,Other injury,Bicyclists
T20210013600,6/21/2021,15:35:00,1,Collision with vehicle,2,Monday,148,VEHICLE OFF FOOTPATH STRIKES VEH ON CARRIAGEWAY,1,690455,2,0,0,1,1,2,2,5,Not at intersection,3,50,Local Road,45424,Other injury,Bicyclists
T20210013636,6/20/2021,13:00:00,1,Collision with vehicle,0,Sunday,160,VEHICLE COLLIDES WITH VEHICLE PARKED ON LEFT OF ROAD,1,686152,2,0,0,1,0,1,2,1,Cross intersection,3,50,Local Road,18-21,Other injury,Bicyclists
T20210013638,4/3/2021,13:30:00,6,Vehicle overturned (no collision),7,Saturday,170,OFF CARRIAGEWAY TO LEFT,9,687795,1,0,0,1,0,1,2,1,Cross intersection,3,40,Arterial Other,50-59,Other injury,Bicyclists
T20210013640,6/22/2021,8:32:00,1,Collision with vehicle,3,Tuesday,140,U TURN,1,686153,2,0,1,0,1,2,1,5,Not at intersection,2,50,Local Road,50-59,Serious injury,Bicyclists
T20210013655,6/22/2021,8:55:00,1,Collision with vehicle,2,Tuesday,110,CROSS TRAFFIC(INTERSECTIONS ONLY),1,67765,2,0,0,1,1,2,1,1,Cross intersection,3,50,Local Road,40-49,Other injury,Bicyclists
T20210013689,6/21/2021,6:35:00,1,Collision with vehicle,2,Monday,116,LEFT NEAR (INTERSECTIONS ONLY),2,62142,2,0,0,2,0,2,2,2,T intersection,3,60,Local Road,40-49,Other injury,Bicyclists
T20210013691,6/18/2021,6:55:00,1,Collision with vehicle,6,Friday,121,RIGHT THROUGH,2,230257,2,0,0,1,1,2,2,2,T intersection,3,50,Local Road,40-49,Other injury,Bicyclists
T20210013695,6/18/2021,7:30:00,1,Collision with vehicle,5,Friday,121,RIGHT THROUGH,6,687372,2,0,0,1,1,2,2,2,T intersection,3,60,Arterial Other,30-39,Other injury,Bicyclists
T20210013703,6/22/2021,17:30:00,1,Collision with vehicle,3,Tuesday,110,CROSS TRAFFIC(INTERSECTIONS ONLY),3,38017,2,0,0,1,1,2,1,1,Cross intersection,3,50,Local Road,22-25,Other injury,Bicyclists
T20210013707,6/10/2021,18:45:00,1,Collision with vehicle,5,Thursday,136,RIGHT TURN SIDESWIPE,9,36720,2,0,0,1,1,2,2,2,T intersection,3,999,Local Road,22-25,Other injury,Bicyclists
T20210013747,6/22/2021,9:30:00,1,Collision with vehicle,3,Tuesday,140,U TURN,1,687772,2,0,0,1,1,2,2,5,Not at intersection,3,50,Local Road,30-39,Other injury,Bicyclists
T20210013759,6/20/2021,14:25:00,1,Collision with vehicle,1,Sunday,113,RIGHT NEAR (INTERSECTIONS ONLY),1,44260,2,0,0,1,1,2,2,1,Cross intersection,3,999,Arterial Other,40-49,Other injury,Bicyclists
T20210013763,6/23/2021,17:45:00,1,Collision with vehicle,3,Wednesday,147,VEHICLE STRIKES ANOTHER VEH WHILE EMERGING FROM DRIVEWAY,3,784521,2,0,1,0,1,2,1,5,Not at intersection,2,50,Local Road,50-59,Serious injury,Bicyclists
T20210013781,6/23/2021,21:00:00,2,Struck Pedestrian,4,Wednesday,101,PED EMERGES FROM IN FRONT OF PARKED OR STATIONARY VEHICLE,3,91775,1,0,0,2,0,2,1,5,Not at intersection,3,999,Arterial Other,40-49,Other injury,Bicyclists
T20210013801,6/24/2021,7:10:00,1,Collision with vehicle,5,Thursday,116,LEFT NEAR (INTERSECTIONS ONLY),2,40873,2,0,0,1,1,2,1,2,T intersection,3,60,Arterial Other,30-39,Other injury,Bicyclists
T20210013811,6/24/2021,10:30:00,1,Collision with vehicle,5,Thursday,116,LEFT NEAR (INTERSECTIONS ONLY),1,840,2,0,0,1,1,2,1,2,T intersection,3,60,Arterial Other,30-39,Other injury,Bicyclists
T20210013835,6/17/2021,14:00:00,1,Collision with vehicle,4,Thursday,135,LANE CHANGE LEFT (NOT OVERTAKING),1,687049,2,0,0,1,0,1,2,5,Not at intersection,3,60,Arterial Other,40-49,Other injury,Bicyclists
T20210013842,6/22/2021,18:30:00,1,Collision with vehicle,3,Tuesday,110,CROSS TRAFFIC(INTERSECTIONS ONLY),3,61057,2,0,0,1,1,2,1,1,Cross intersection,3,999,Local Road,50-59,Other injury,Bicyclists
T20210013870,6/24/2021,17:00:00,1,Collision with vehicle,5,Thursday,147,VEHICLE STRIKES ANOTHER VEH WHILE EMERGING FROM DRIVEWAY,2,686589,2,0,1,0,1,2,1,5,Not at intersection,2,888,Local Road,50-59,Serious injury,Bicyclists
T20210013889,5/28/2021,9:15:00,1,Collision with vehicle,6,Friday,119,OTHER ADJACENT (INTERSECTIONS ONLY),1,234110,2,0,0,1,0,1,2,2,T intersection,3,50,Local Road,40-49,Other injury,Bicyclists
T20210014048,6/24/2021,15:30:00,1,Collision with vehicle,4,Thursday,113,RIGHT NEAR (INTERSECTIONS ONLY),1,781183,2,0,0,1,1,2,2,2,T intersection,3,50,Uknown,16-17,Other injury,Bicyclists
T20210014049,6/26/2021,16:00:00,1,Collision with vehicle,6,Saturday,113,RIGHT NEAR (INTERSECTIONS ONLY),2,45623,2,0,0,2,0,2,1,2,T intersection,3,50,Local Road,30-39,Other injury,Bicyclists
T20210014052,6/26/2021,18:46:00,1,Collision with vehicle,7,Saturday,113,RIGHT NEAR (INTERSECTIONS ONLY),3,57487,2,0,0,1,1,2,1,1,Cross intersection,3,50,Local Road,13-15,Other injury,Bicyclists
T20210014088,6/27/2021,12:44:00,1,Collision with vehicle,0,Sunday,137,LEFT TURN SIDESWIPE,1,38051,2,0,0,1,1,2,2,1,Cross intersection,3,60,Arterial Other,40-49,Other injury,Bicyclists
T20210014137,6/25/2021,10:00:00,1,Collision with vehicle,6,Friday,116,LEFT NEAR (INTERSECTIONS ONLY),1,35989,2,0,0,1,1,2,2,1,Cross intersection,3,40,Local Road,40-49,Other injury,Bicyclists
T20210014148,6/28/2021,12:24:00,1,Collision with vehicle,2,Monday,110,CROSS TRAFFIC(INTERSECTIONS ONLY),1,63247,2,0,1,0,1,2,1,1,Cross intersection,2,50,Local Road,40-49,Serious injury,Bicyclists
T20210014153,6/28/2021,9:40:00,1,Collision with vehicle,2,Monday,148,VEHICLE OFF FOOTPATH STRIKES VEH ON CARRIAGEWAY,1,686704,2,0,0,1,1,2,1,5,Not at intersection,3,999,Local Road,65-69,Other injury,Bicyclists
T20210014157,6/27/2021,10:25:00,1,Collision with vehicle,1,Sunday,137,LEFT TURN SIDESWIPE,1,690528,2,0,0,1,1,2,2,5,Not at intersection,3,60,Local Road,50-59,Other injury,Bicyclists
T20210014208,6/29/2021,7:00:00,1,Collision with vehicle,3,Tuesday,140,U TURN,1,687245,2,0,1,0,1,2,1,5,Not at intersection,2,60,Arterial Other,30-39,Serious injury,Bicyclists
T20210014228,6/29/2021,10:20:00,1,Collision with vehicle,3,Tuesday,116,LEFT NEAR (INTERSECTIONS ONLY),1,686808,2,0,0,1,1,2,1,2,T intersection,3,50,Local Road,60-64,Other injury,Bicyclists
T20210014267,6/29/2021,17:10:00,1,Collision with vehicle,3,Tuesday,111,RIGHT FAR (INTERSECTIONS ONLY),2,686809,2,0,0,1,1,2,1,2,T intersection,3,60,Uknown,16-17,Other injury,Bicyclists
T20210014286,6/16/2021,18:30:00,1,Collision with vehicle,4,Wednesday,163,VEHICLE STRIKES DOOR OF PARKED/STATIONARY VEHICLE,9,687663,2,0,0,1,1,2,2,5,Not at intersection,3,40,Local Road,30-39,Other injury,Bicyclists
T20210014324,6/30/2021,8:15:00,1,Collision with vehicle,4,Wednesday,121,RIGHT THROUGH,1,64236,2,0,1,0,1,2,1,2,T intersection,2,60,Arterial Other,60-64,Serious injury,Bicyclists
T20210014337,6/30/2021,13:32:00,1,Collision with vehicle,4,Wednesday,116,LEFT NEAR (INTERSECTIONS ONLY),1,29533,4,0,1,0,3,4,1,2,T intersection,2,60,Arterial Other,26-29,Serious injury,Bicyclists
T20210014338,6/21/2021,12:00:00,6,Vehicle overturned (no collision),2,Monday,174,OUT OF CONTROL ON CARRIAGEWAY (ON STRAIGHT),1,687097,1,0,1,0,0,1,2,2,T intersection,2,50,Local Road,60-64,Serious injury,Bicyclists
T20210014347,6/30/2021,15:10:00,1,Collision with vehicle,4,Wednesday,148,VEHICLE OFF FOOTPATH STRIKES VEH ON CARRIAGEWAY,1,687417,2,0,1,0,1,2,1,5,Not at intersection,2,80,Arterial Highway,50-59,Serious injury,Bicyclists
T20210014355,6/30/2021,15:37:00,1,Collision with vehicle,4,Wednesday,160,VEHICLE COLLIDES WITH VEHICLE PARKED ON LEFT OF ROAD,1,688181,2,1,0,0,0,1,1,5,Not at intersection,1,60,Arterial Other,70+,Fatality,Bicyclists
T20210014361,6/30/2021,17:10:00,1,Collision with vehicle,4,Wednesday,148,VEHICLE OFF FOOTPATH STRIKES VEH ON CARRIAGEWAY,3,355335,2,0,0,1,1,2,1,5,Not at intersection,3,60,Local Road,70+,Other injury,Bicyclists
T20210014382,6/30/2021,6:00:00,1,Collision with vehicle,4,Wednesday,133,LANE SIDE SWIPE (VEHICLES IN PARALLEL LANES),3,688304,3,0,1,0,0,1,1,5,Not at intersection,2,60,Arterial Other,60-64,Serious injury,Bicyclists
T20210014415,6/16/2021,10:30:00,6,Vehicle overturned (no collision),3,Wednesday,174,OUT OF CONTROL ON CARRIAGEWAY (ON STRAIGHT),1,689927,2,0,1,0,0,1,2,5,Not at intersection,2,50,Local Road,70+,Serious injury,Bicyclists
T20210014444,6/29/2021,18:30:00,1,Collision with vehicle,2,Tuesday,133,LANE SIDE SWIPE (VEHICLES IN PARALLEL LANES),3,687141,2,0,0,1,0,1,2,5,Not at intersection,3,60,Arterial Other,26-29,Other injury,Bicyclists
T20210014491,6/22/2021,6:20:00,1,Collision with vehicle,3,Tuesday,148,VEHICLE OFF FOOTPATH STRIKES VEH ON CARRIAGEWAY,3,686906,2,0,0,1,0,1,2,2,T intersection,3,60,Arterial Other,30-39,Other injury,Bicyclists
T20210014492,7/1/2021,5:53:00,1,Collision with vehicle,4,Thursday,134,LANE CHANGE RIGHT (NOT OVERTAKING),3,687943,2,0,0,1,1,2,2,5,Not at intersection,3,60,Uknown,40-49,Other injury,Bicyclists