ACCIDENT_NO,ACCIDENT_DATE,ACCIDENT_TIME,ACCIDENT_TYPE,ACCIDENT_TYPE_DESC,DAY_OF_WEEK,DAY_WEEK_DESC,DCA_CODE,DCA_DESC,LIGHT_CONDITION,NODE_ID,NO_OF_VEHICLES,NO_PERSONS_KILLED,NO_PERSONS_INJ_2,NO_PERSONS_INJ_3,NO_PERSONS_NOT_INJ,NO_PERSONS,POLICE_ATTEND,ROAD_GEOMETRY,ROAD_GEOMETRY_DESC,SEVERITY,SPEED_ZONE,RMA,AGE_GROUP,INJ_LEVEL,ROAD_USER_TYPE_DESC
T20210014509,6/18/2021,8:50:00,1,Collision with vehicle,6,Friday,110,CROSS TRAFFIC(INTERSECTIONS ONLY),1,36659,2,0,0,1,1,2,2,1,Cross intersection,3,50,Local Road,22-25,Other injury,Bicyclists
T20210014514,7/2/2021,11:20:00,1,Collision with vehicle,6,Friday,148,VEHICLE OFF FOOTPATH STRIKES VEH ON CARRIAGEWAY,1,60352,2,0,0,1,1,2,1,2,T intersection,3,60,Arterial Highway,40-49,Other injury,Bicyclists
T20210014530,6/26/2021,5:30:00,8,No collision and no object struck,7,Saturday,174,OUT OF CONTROL ON CARRIAGEWAY (ON STRAIGHT),3,687145,1,0,0,1,0,1,2,5,Not at intersection,3,999,Arterial Other,40-49,Other injury,Bicyclists
T20210014540,7/2/2021,16:54:00,1,Collision with vehicle,5,Friday,130,REAR END(VEHICLES IN SAME LANE),2,687699,2,0,1,0,1,2,1,5,Not at intersection,2,50,Uknown,26-29,Serious injury,Bicyclists
T20210014558,7/2/2021,15:50:00,1,Collision with vehicle,6,Friday,148,VEHICLE OFF FOOTPATH STRIKES VEH ON CARRIAGEWAY,1,45763,2,0,0,1,1,2,1,2,T intersection,3,60,Arterial Other,30-39,Other injury,Bicyclists
T20210014582,7/3/2021,7:40:00,8,No collision and no object struck,6,Saturday,174,OUT OF CONTROL ON CARRIAGEWAY (ON STRAIGHT),1,41100,2,0,1,0,1,2,1,5,Not at intersection,2,60,Arterial Other,40-49,Serious injury,Bicyclists
T20210014645,7/4/2021,7:00:00,1,Collision with vehicle,1,Sunday,142,LEAVING PARKING,3,689272,2,0,1,0,1,2,1,2,T intersection,2,40,Arterial Other,18-21,Serious injury,Bicyclists
T20210014658,7/4/2021,13:15:00,1,Collision with vehicle,0,Sunday,113,RIGHT NEAR (INTERSECTIONS ONLY),1,776856,2,0,0,1,1,2,1,1,Cross intersection,3,50,Local Road,26-29,Other injury,Bicyclists
T20210014665,7/3/2021,18:45:00,1,Collision with vehicle,7,Saturday,171,LEFT OFF CARRIAGEWAY INTO OBJECT/PARKED VEHICLE,3,687670,2,0,1,0,0,1,1,5,Not at intersection,2,50,Local Road,30-39,Serious injury,Bicyclists
T20210014672,7/4/2021,14:00:00,1,Collision with vehicle,1,Sunday,113,RIGHT NEAR (INTERSECTIONS ONLY),1,687797,2,0,0,1,2,3,1,2,T intersection,3,50,Local Road,13-15,Other injury,Bicyclists
T20210014686,7/4/2021,11:00:00,1,Collision with vehicle,1,Sunday,116,LEFT NEAR (INTERSECTIONS ONLY),1,687062,2,0,0,1,2,3,2,2,T intersection,3,50,Local Road,26-29,Other injury,Bicyclists
T20210014706,6/16/2021,13:55:00,1,Collision with vehicle,4,Wednesday,110,CROSS TRAFFIC(INTERSECTIONS ONLY),1,43171,2,0,0,1,1,2,2,1,Cross intersection,3,60,Local Road,60-64,Other injury,Bicyclists
T20210014744,7/1/2021,10:25:00,1,Collision with vehicle,4,Thursday,147,VEHICLE STRIKES ANOTHER VEH WHILE EMERGING FROM DRIVEWAY,1,687318,2,0,0,1,1,2,2,5,Not at intersection,3,999,Local Road,40-49,Other injury,Bicyclists
T20210014748,6/22/2021,10:40:00,1,Collision with vehicle,3,Tuesday,148,VEHICLE OFF FOOTPATH STRIKES VEH ON CARRIAGEWAY,1,700945,2,0,0,1,1,2,1,5,Not at intersection,3,40,Local Road,50-59,Other injury,Bicyclists
T20210014851,5/23/2021,16:00:00,1,Collision with vehicle,1,Sunday,163,VEHICLE STRIKES DOOR OF PARKED/STATIONARY VEHICLE,1,282351,2,0,0,1,1,2,2,5,Not at intersection,3,40,Arterial Other,50-59,Other injury,Bicyclists
T20210014864,7/6/2021,16:30:00,1,Collision with vehicle,3,Tuesday,110,CROSS TRAFFIC(INTERSECTIONS ONLY),1,50711,2,0,1,0,1,2,1,1,Cross intersection,2,50,Local Road,50-59,Serious injury,Bicyclists
T20210014901,7/7/2021,9:10:00,1,Collision with vehicle,3,Wednesday,110,CROSS TRAFFIC(INTERSECTIONS ONLY),1,41817,2,0,0,1,1,2,2,1,Cross intersection,3,60,Local Road,40-49,Other injury,Bicyclists
T20210014913,7/7/2021,10:05:00,4,Collision with a fixed object,4,Wednesday,171,LEFT OFF CARRIAGEWAY INTO OBJECT/PARKED VEHICLE,1,690559,2,0,0,1,1,2,2,5,Not at intersection,3,50,Local Road,26-29,Other injury,Bicyclists
T20210014916,7/5/2021,9:00:00,1,Collision with vehicle,2,Monday,163,VEHICLE STRIKES DOOR OF PARKED/STATIONARY VEHICLE,1,693562,2,0,0,1,1,2,2,5,Not at intersection,3,40,Local Road,40-49,Other injury,Bicyclists
T20210014933,7/7/2021,12:00:00,1,Collision with vehicle,4,Wednesday,110,CROSS TRAFFIC(INTERSECTIONS ONLY),1,60036,2,0,1,0,3,4,1,1,Cross intersection,2,50,Arterial Highway,65-69,Serious injury,Bicyclists
T20210014957,7/7/2021,16:55:00,1,Collision with vehicle,3,Wednesday,116,LEFT NEAR (INTERSECTIONS ONLY),2,51903,2,0,0,1,1,2,1,1,Cross intersection,3,80,Arterial Highway,40-49,Other injury,Bicyclists
T20210015011,7/8/2021,10:52:00,1,Collision with vehicle,5,Thursday,160,VEHICLE COLLIDES WITH VEHICLE PARKED ON LEFT OF ROAD,1,688465,2,0,0,1,1,2,1,5,Not at intersection,3,70,Arterial Highway,26-29,Other injury,Bicyclists
T20210015014,7/7/2021,10:00:00,1,Collision with vehicle,3,Wednesday,130,REAR END(VEHICLES IN SAME LANE),1,689708,2,0,0,1,1,2,2,5,Not at intersection,3,50,Local Road,70+,Other injury,Bicyclists
T20210015062,7/8/2021,18:50:00,1,Collision with vehicle,5,Thursday,160,VEHICLE COLLIDES WITH VEHICLE PARKED ON LEFT OF ROAD,3,687706,2,0,1,0,0,1,1,5,Not at intersection,2,60,Arterial Other,30-39,Serious injury,Bicyclists
T20210015080,7/5/2021,12:30:00,1,Collision with vehicle,2,Monday,111,RIGHT FAR (INTERSECTIONS ONLY),1,689102,2,0,0,1,1,2,2,2,T intersection,3,60,Arterial Other,50-59,Other injury,Bicyclists
T20210015099,7/9/2021,11:30:00,1,Collision with vehicle,6,Friday,113,RIGHT NEAR (INTERSECTIONS ONLY),1,298824,3,0,1,1,1,3,1,2,T intersection,2,80,Uknown,40-49,Other injury,Bicyclists
T20210015101,7/9/2021,12:05:00,1,Collision with vehicle,5,Friday,110,CROSS TRAFFIC(INTERSECTIONS ONLY),1,37825,2,0,0,1,1,2,1,1,Cross intersection,3,40,Local Road,40-49,Other injury,Bicyclists
T20210015102,7/8/2021,16:00:00,1,Collision with vehicle,4,Thursday,121,RIGHT THROUGH,1,730759,2,0,0,1,1,2,2,2,T intersection,3,999,Local Road,50-59,Other injury,Bicyclists
T20210015110,4/5/2021,15:05:00,1,Collision with vehicle,2,Monday,121,RIGHT THROUGH,1,65851,2,0,1,0,1,2,1,1,Cross intersection,2,40,Arterial Other,50-59,Serious injury,Bicyclists
T20210015125,7/7/2021,6:40:00,1,Collision with vehicle,4,Wednesday,132,RIGHT REAR.,2,688024,2,0,0,1,1,2,2,5,Not at intersection,3,60,Arterial Highway,22-25,Other injury,Bicyclists
T20210015127,7/9/2021,16:57:00,8,No collision and no object struck,5,Friday,149,OTHER MANOEUVRING NOT INCLUDED IN DCAs 140-148,1,730760,2,0,0,1,1,2,1,2,T intersection,3,50,Local Road,30-39,Other injury,Bicyclists
T20210015144,7/9/2021,17:12:00,1,Collision with vehicle,6,Friday,148,VEHICLE OFF FOOTPATH STRIKES VEH ON CARRIAGEWAY,2,890,2,0,1,0,1,2,1,1,Cross intersection,2,80,Arterial Highway,40-49,Serious injury,Bicyclists
T20210015145,7/9/2021,18:10:00,1,Collision with vehicle,6,Friday,113,RIGHT NEAR (INTERSECTIONS ONLY),3,687594,2,0,1,0,1,2,1,2,T intersection,2,70,Arterial Other,40-49,Serious injury,Bicyclists
T20210015185,7/10/2021,11:00:00,1,Collision with vehicle,6,Saturday,160,VEHICLE COLLIDES WITH VEHICLE PARKED ON LEFT OF ROAD,1,688988,2,0,0,1,0,1,1,5,Not at intersection,3,50,Local Road,60-64,Other injury,Bicyclists
T20210015203,7/10/2021,11:45:00,1,Collision with vehicle,7,Saturday,139,OTHER SAME DIRECTION-MANOUEVRES NOT INCLUDED IN DCAs 130-137,1,693365,2,0,0,1,1,2,2,5,Not at intersection,3,40,Arterial Highway,60-64,Other injury,Bicyclists
T20210015208,7/10/2021,16:10:00,1,Collision with vehicle,7,Saturday,116,LEFT NEAR (INTERSECTIONS ONLY),2,63338,2,0,1,0,1,2,1,2,T intersection,2,50,Local Road,16-17,Serious injury,Bicyclists
T20210015226,7/10/2021,21:50:00,1,Collision with vehicle,6,Saturday,130,REAR END(VEHICLES IN SAME LANE),3,29401,2,0,1,0,1,2,1,1,Cross intersection,2,40,Arterial Other,22-25,Serious injury,Bicyclists
T20210015267,7/10/2021,14:43:00,1,Collision with vehicle,7,Saturday,110,CROSS TRAFFIC(INTERSECTIONS ONLY),1,36395,2,0,1,0,1,2,1,1,Cross intersection,2,50,Local Road,30-39,Serious injury,Bicyclists
T20210015339,7/12/2021,15:00:00,1,Collision with vehicle,1,Monday,148,VEHICLE OFF FOOTPATH STRIKES VEH ON CARRIAGEWAY,1,36355,2,0,0,1,1,2,1,1,Cross intersection,3,60,Local Road,70+,Other injury,Bicyclists
T20210015404,7/13/2021,9:00:00,1,Collision with vehicle,3,Tuesday,148,VEHICLE OFF FOOTPATH STRIKES VEH ON CARRIAGEWAY,1,53680,2,0,0,1,2,3,1,2,T intersection,3,60,Arterial Other,65-69,Other injury,Bicyclists
T20210015407,7/13/2021,8:50:00,1,Collision with vehicle,3,Tuesday,121,RIGHT THROUGH,1,37678,2,0,0,1,1,2,1,2,T intersection,3,40,Local Road,30-39,Other injury,Bicyclists
T20210015449,7/13/2021,12:00:00,1,Collision with vehicle,3,Tuesday,130,REAR END(VEHICLES IN SAME LANE),1,687832,2,1,0,0,1,2,1,5,Not at intersection,1,100,Arterial Other,70+,Fatality,Bicyclists
T20210015453,7/10/2021,12:45:00,1,Collision with vehicle,7,Saturday,137,LEFT TURN SIDESWIPE,1,241,2,0,0,1,1,2,2,1,Cross intersection,3,60,Local Road,30-39,Other injury,Bicyclists
T20210015470,7/13/2021,18:28:00,1,Collision with vehicle,3,Tuesday,116,LEFT NEAR (INTERSECTIONS ONLY),3,687891,3,0,0,3,2,5,1,2,T intersection,3,40,Local Road,40-49,Other injury,Bicyclists
T20210015599,7/15/2021,8:34:00,1,Collision with vehicle,5,Thursday,139,OTHER SAME DIRECTION-MANOUEVRES NOT INCLUDED IN DCAs 130-137,1,51677,2,0,0,1,1,2,1,1,Cross intersection,3,60,Arterial Highway,60-64,Other injury,Bicyclists
T20210015605,7/15/2021,13:45:00,1,Collision with vehicle,5,Thursday,137,LEFT TURN SIDESWIPE,1,29380,2,0,0,1,1,2,1,1,Cross intersection,3,50,Local Road,26-29,Other injury,Bicyclists
T20210015608,7/5/2021,14:10:00,8,No collision and no object struck,2,Monday,179,OTHER ACCIDENTS-OFF STRAIGHT NOT INCLUDED IN DCAs 170-175,1,691946,2,0,0,1,1,2,2,5,Not at intersection,3,50,Local Road,40-49,Other injury,Bicyclists
T20210015617,7/7/2021,18:15:00,1,Collision with vehicle,3,Wednesday,121,RIGHT THROUGH,3,35321,2,0,0,1,1,2,2,1,Cross intersection,3,60,Local Road,40-49,Other injury,Bicyclists
T20210015682,7/12/2021,18:20:00,1,Collision with vehicle,2,Monday,116,LEFT NEAR (INTERSECTIONS ONLY),9,39816,2,0,0,1,1,2,2,2,T intersection,3,999,Local Road,50-59,Other injury,Bicyclists
T20210015710,6/10/2021,8:32:00,1,Collision with vehicle,5,Thursday,113,RIGHT NEAR (INTERSECTIONS ONLY),1,29793,2,0,0,1,1,2,1,2,T intersection,3,50,Arterial Other,50-59,Other injury,Bicyclists
T20210015719,7/6/2021,17:36:00,1,Collision with vehicle,3,Tuesday,121,RIGHT THROUGH,6,66359,2,0,0,1,1,2,2,1,Cross intersection,3,50,Local Road,30-39,Other injury,Bicyclists
T20210015721,7/16/2021,13:50:00,1,Collision with vehicle,5,Friday,147,VEHICLE STRIKES ANOTHER VEH WHILE EMERGING FROM DRIVEWAY,1,256449,2,0,0,1,2,3,2,5,Not at intersection,3,60,Local Road,45424,Other injury,Bicyclists
T20210015751,7/17/2021,8:30:00,1,Collision with vehicle,6,Saturday,121,RIGHT THROUGH,1,45633,2,0,0,1,1,2,2,2,T intersection,3,40,Arterial Other,40-49,Other injury,Bicyclists
T20210015758,7/15/2021,22:20:00,8,No collision and no object struck,5,Thursday,174,OUT OF CONTROL ON CARRIAGEWAY (ON STRAIGHT),3,688140,2,0,0,1,1,2,1,5,Not at intersection,3,60,Arterial Other,50-59,Other injury,Bicyclists
T20210015761,7/16/2021,15:30:00,1,Collision with vehicle,6,Friday,120,HEAD ON (NOT OVERTAKING),1,688606,2,0,0,1,1,2,2,2,T intersection,3,50,Local Road,13-15,Other injury,Bicyclists
T20210015767,7/17/2021,14:20:00,1,Collision with vehicle,7,Saturday,116,LEFT NEAR (INTERSECTIONS ONLY),1,266862,2,0,1,0,1,2,1,2,T intersection,2,60,Local Road,70+,Serious injury,Bicyclists
T20210015802,7/15/2021,22:15:00,8,No collision and no object struck,5,Thursday,174,OUT OF CONTROL ON CARRIAGEWAY (ON STRAIGHT),3,690993,2,0,0,1,1,2,2,1,Cross intersection,3,40,Local Road,26-29,Other injury,Bicyclists
T20210015807,7/18/2021,9:45:00,4,Collision with a fixed object,1,Sunday,179,OTHER ACCIDENTS-OFF STRAIGHT NOT INCLUDED IN DCAs 170-175,1,692072,2,0,0,1,2,3,1,5,Not at intersection,3,50,Local Road,50-59,Other injury,Bicyclists
T20210015836,7/19/2021,9:20:00,1,Collision with vehicle,1,Monday,163,VEHICLE STRIKES DOOR OF PARKED/STATIONARY VEHICLE,1,688274,2,0,0,1,1,2,1,5,Not at intersection,3,40,Local Road,40-49,Other injury,Bicyclists
T20210015880,7/15/2021,7:15:00,1,Collision with vehicle,5,Thursday,139,OTHER SAME DIRECTION-MANOUEVRES NOT INCLUDED IN DCAs 130-137,1,242056,2,0,1,0,1,2,2,5,Not at intersection,2,40,Local Road,60-64,Serious injury,Bicyclists
T20210015931,7/19/2021,15:15:00,6,Vehicle overturned (no collision),2,Monday,174,OUT OF CONTROL ON CARRIAGEWAY (ON STRAIGHT),1,66549,2,0,0,1,1,2,2,1,Cross intersection,3,40,Local Road,30-39,Other injury,Bicyclists
T20210015938,7/19/2021,15:30:00,1,Collision with vehicle,2,Monday,148,VEHICLE OFF FOOTPATH STRIKES VEH ON CARRIAGEWAY,1,50242,2,0,0,1,1,2,2,1,Cross intersection,3,50,Arterial Other,13-15,Other injury,Bicyclists
T20210015965,7/21/2021,11:21:00,1,Collision with vehicle,4,Wednesday,113,RIGHT NEAR (INTERSECTIONS ONLY),1,689984,2,0,1,0,1,2,1,2,T intersection,2,50,Local Road,70+,Serious injury,Bicyclists
T20210015981,7/21/2021,10:00:00,1,Collision with vehicle,4,Wednesday,121,RIGHT THROUGH,1,278622,2,0,1,0,1,2,1,2,T intersection,2,60,Uknown,70+,Serious injury,Bicyclists
T20210015985,7/9/2021,19:25:00,1,Collision with vehicle,5,Friday,133,LANE SIDE SWIPE (VEHICLES IN PARALLEL LANES),3,688491,2,0,0,1,1,2,2,5,Not at intersection,3,50,Local Road,40-49,Other injury,Bicyclists
T20210015989,7/21/2021,15:50:00,1,Collision with vehicle,4,Wednesday,173,RIGHT OFF CARRIAGEWAY INTO OBJECT/PARKED VEHICLE,1,41332,2,0,0,1,1,2,1,1,Cross intersection,3,60,Local Road,50-59,Other injury,Bicyclists
T20210016004,7/21/2021,14:00:00,1,Collision with vehicle,4,Wednesday,137,LEFT TURN SIDESWIPE,1,65831,2,0,0,1,1,2,2,1,Cross intersection,3,40,Arterial Other,26-29,Other injury,Bicyclists
T20210016018,7/22/2021,7:02:00,1,Collision with vehicle,5,Thursday,121,RIGHT THROUGH,1,39923,2,0,1,0,1,2,1,2,T intersection,2,50,Local Road,50-59,Serious injury,Bicyclists
T20210016033,4/21/2021,18:00:00,6,Vehicle overturned (no collision),4,Wednesday,174,OUT OF CONTROL ON CARRIAGEWAY (ON STRAIGHT),2,43231,1,0,0,1,0,1,2,2,T intersection,3,60,Arterial Highway,40-49,Other injury,Bicyclists
T20210016047,7/22/2021,13:54:00,1,Collision with vehicle,5,Thursday,147,VEHICLE STRIKES ANOTHER VEH WHILE EMERGING FROM DRIVEWAY,1,688613,2,0,1,0,1,2,1,5,Not at intersection,2,50,Local Road,45424,Serious injury,Bicyclists
T20210016070,7/22/2021,18:57:00,1,Collision with vehicle,5,Thursday,147,VEHICLE STRIKES ANOTHER VEH WHILE EMERGING FROM DRIVEWAY,3,689082,2,0,1,0,2,3,1,5,Not at intersection,2,50,Uknown,16-17,Serious injury,Bicyclists
T20210016115,7/23/2021,16:06:00,1,Collision with vehicle,6,Friday,130,REAR END(VEHICLES IN SAME LANE),1,689406,2,0,1,0,1,2,1,5,Not at intersection,2,60,Uknown,40-49,Serious injury,Bicyclists
T20210016184,7/25/2021,11:45:00,1,Collision with vehicle,1,Sunday,111,RIGHT FAR (INTERSECTIONS ONLY),1,38334,2,0,0,1,1,2,1,2,T intersection,3,60,Local Road,18-21,Other injury,Bicyclists
T20210016185,7/25/2021,11:05:00,1,Collision with vehicle,1,Sunday,143,ENTERING PARKING,1,695470,2,0,1,0,2,3,1,5,Not at intersection,2,40,Local Road,40-49,Serious injury,Bicyclists
T20210016186,7/25/2021,11:55:00,1,Collision with vehicle,0,Sunday,147,VEHICLE STRIKES ANOTHER VEH WHILE EMERGING FROM DRIVEWAY,1,739998,2,0,1,0,1,2,1,5,Not at intersection,2,999,Arterial Other,40-49,Serious injury,Bicyclists
T20210016187,7/25/2021,14:50:00,1,Collision with vehicle,1,Sunday,160,VEHICLE COLLIDES WITH VEHICLE PARKED ON LEFT OF ROAD,1,688663,2,0,0,1,1,2,1,5,Not at intersection,3,60,Arterial Other,60-64,Other injury,Bicyclists
T20210016280,7/27/2021,8:11:00,1,Collision with vehicle,3,Tuesday,148,VEHICLE OFF FOOTPATH STRIKES VEH ON CARRIAGEWAY,1,67450,2,0,1,0,1,2,1,2,T intersection,2,40,Local Road,30-39,Serious injury,Bicyclists
T20210016283,7/27/2021,8:40:00,1,Collision with vehicle,3,Tuesday,116,LEFT NEAR (INTERSECTIONS ONLY),1,40378,2,0,0,1,1,2,1,1,Cross intersection,3,60,Arterial Other,50-59,Other injury,Bicyclists
T20210016370,7/12/2021,8:40:00,1,Collision with vehicle,1,Monday,137,LEFT TURN SIDESWIPE,9,694285,2,0,0,1,1,2,2,5,Not at intersection,3,40,Arterial Other,22-25,Other injury,Bicyclists
T20210016393,7/28/2021,23:00:00,1,Collision with vehicle,3,Wednesday,148,VEHICLE OFF FOOTPATH STRIKES VEH ON CARRIAGEWAY,4,37052,2,0,0,1,1,2,1,1,Cross intersection,3,60,Arterial Highway,26-29,Other injury,Bicyclists
T20210016430,7/29/2021,9:22:00,1,Collision with vehicle,5,Thursday,147,VEHICLE STRIKES ANOTHER VEH WHILE EMERGING FROM DRIVEWAY,1,695056,2,0,0,1,1,2,1,5,Not at intersection,3,80,Uknown,70+,Other injury,Bicyclists
T20210016433,7/26/2021,17:36:00,8,No collision and no object struck,2,Monday,179,OTHER ACCIDENTS-OFF STRAIGHT NOT INCLUDED IN DCAs 170-175,2,35581,2,0,0,1,1,2,2,2,T intersection,3,999,Arterial Highway,30-39,Other injury,Bicyclists
T20210016454,7/29/2021,11:45:00,1,Collision with vehicle,5,Thursday,137,LEFT TURN SIDESWIPE,1,690342,2,0,0,1,1,2,2,4,Multiple intersection,3,60,Arterial Other,30-39,Other injury,Bicyclists
T20210016458,7/29/2021,15:34:00,1,Collision with vehicle,5,Thursday,148,VEHICLE OFF FOOTPATH STRIKES VEH ON CARRIAGEWAY,1,56873,2,0,0,1,1,2,1,2,T intersection,3,50,Arterial Highway,13-15,Other injury,Bicyclists
T20210016466,5/10/2021,16:00:00,8,No collision and no object struck,1,Monday,174,OUT OF CONTROL ON CARRIAGEWAY (ON STRAIGHT),1,689323,2,0,0,1,0,1,2,5,Not at intersection,3,50,Uknown,40-49,Other injury,Bicyclists
T20210016488,7/30/2021,5:30:00,1,Collision with vehicle,6,Friday,130,REAR END(VEHICLES IN SAME LANE),9,691679,2,0,1,0,1,2,1,1,Cross intersection,2,999,Arterial Other,50-59,Serious injury,Bicyclists
T20210016489,6/25/2021,13:10:00,1,Collision with vehicle,6,Friday,116,LEFT NEAR (INTERSECTIONS ONLY),1,689320,2,0,0,1,1,2,1,2,T intersection,3,60,Arterial Other,22-25,Other injury,Bicyclists
T20210016493,7/30/2021,8:00:00,8,No collision and no object struck,6,Friday,174,OUT OF CONTROL ON CARRIAGEWAY (ON STRAIGHT),1,689188,1,0,1,0,0,1,1,2,T intersection,2,40,Arterial Other,60-64,Serious injury,Bicyclists
T20210016525,7/30/2021,9:30:00,1,Collision with vehicle,5,Friday,121,RIGHT THROUGH,1,36366,2,0,0,1,1,2,1,1,Cross intersection,3,40,Arterial Other,40-49,Other injury,Bicyclists
T20210016546,7/30/2021,17:20:00,2,Struck Pedestrian,6,Friday,105,PED WALKING AGAINST TRAFFIC.,9,40649,1,0,0,2,0,2,1,2,T intersection,3,60,Local Road,60-64,Other injury,Bicyclists
T20210016572,7/30/2021,21:40:00,1,Collision with vehicle,6,Friday,148,VEHICLE OFF FOOTPATH STRIKES VEH ON CARRIAGEWAY,3,689370,2,0,0,1,1,2,2,5,Not at intersection,3,60,Arterial Other,18-21,Other injury,Bicyclists
T20210016606,7/31/2021,11:30:00,1,Collision with vehicle,6,Saturday,133,LANE SIDE SWIPE (VEHICLES IN PARALLEL LANES),1,300136,2,0,0,1,1,2,2,5,Not at intersection,3,40,Arterial Other,26-29,Other injury,Bicyclists
T20210016607,7/29/2021,16:43:00,1,Collision with vehicle,5,Thursday,111,RIGHT FAR (INTERSECTIONS ONLY),1,691028,2,0,1,0,1,2,1,2,T intersection,2,60,Uknown,50-59,Serious injury,Bicyclists
T20210016673,5/8/2021,18:00:00,8,No collision and no object struck,6,Saturday,174,OUT OF CONTROL ON CARRIAGEWAY (ON STRAIGHT),6,689373,1,0,0,1,0,1,2,5,Not at intersection,3,999,Local Road,30-39,Other injury,Bicyclists
T20210016678,7/29/2021,9:30:00,1,Collision with vehicle,5,Thursday,135,LANE CHANGE LEFT (NOT OVERTAKING),1,691874,2,0,0,1,1,2,2,5,Not at intersection,3,999,Arterial Other,22-25,Other injury,Bicyclists
T20210016683,7/31/2021,14:35:00,2,Struck Pedestrian,7,Saturday,106,VEH STRIKES PED ON FOOTPATH/MEDIAN/TRAFFIC ISLAND.,1,690070,1,0,0,1,1,2,1,5,Not at intersection,3,777,Local Road,26-29,Not injured,Bicyclists
T20210016684,8/1/2021,14:55:00,1,Collision with vehicle,1,Sunday,147,VEHICLE STRIKES ANOTHER VEH WHILE EMERGING FROM DRIVEWAY,1,689679,2,0,1,0,2,3,1,2,T intersection,2,50,Local Road,45424,Serious injury,Bicyclists
T20210016689,8/1/2021,16:48:00,1,Collision with vehicle,1,Sunday,148,VEHICLE OFF FOOTPATH STRIKES VEH ON CARRIAGEWAY,1,689712,2,0,0,1,2,3,1,5,Not at intersection,3,50,Local Road,45424,Other injury,Bicyclists
T20210016691,8/1/2021,14:43:00,1,Collision with vehicle,1,Sunday,137,LEFT TURN SIDESWIPE,1,57887,2,0,0,1,1,2,1,2,T intersection,3,60,Local Road,30-39,Other injury,Bicyclists
T20210016727,2/7/2019,10:30:00,5,collision with some other object,5,Thursday,191,LOAD OR MISSILE STRUCK VEHICLE,1,689375,1,0,1,0,0,1,2,5,Not at intersection,2,100,Freeway,40-49,Serious injury,Bicyclists
T20210016736,8/2/2021,11:25:00,1,Collision with vehicle,2,Monday,110,CROSS TRAFFIC(INTERSECTIONS ONLY),1,49887,2,0,1,0,3,4,1,1,Cross intersection,2,60,Local Road,40-49,Serious injury,Bicyclists
T20210016748,8/2/2021,7:00:00,1,Collision with vehicle,2,Monday,119,OTHER ADJACENT (INTERSECTIONS ONLY),2,246772,2,0,0,1,1,2,1,2,T intersection,3,50,Local Road,26-29,Other injury,Bicyclists
T20210016788,8/2/2021,17:10:00,1,Collision with vehicle,2,Monday,148,VEHICLE OFF FOOTPATH STRIKES VEH ON CARRIAGEWAY,1,690620,2,0,1,0,1,2,1,5,Not at intersection,2,50,Local Road,40-49,Serious injury,Bicyclists
T20210016835,7/27/2021,15:10:00,1,Collision with vehicle,3,Tuesday,163,VEHICLE STRIKES DOOR OF PARKED/STATIONARY VEHICLE,1,692676,2,0,1,0,1,2,2,5,Not at intersection,2,60,Arterial Other,40-49,Serious injury,Bicyclists
T20210016861,8/3/2021,15:25:00,1,Collision with vehicle,2,Tuesday,116,LEFT NEAR (INTERSECTIONS ONLY),1,51978,2,0,0,1,1,2,1,1,Cross intersection,3,60,Arterial Highway,40-49,Other injury,Bicyclists
T20210016911,8/4/2021,7:45:00,1,Collision with vehicle,4,Wednesday,110,CROSS TRAFFIC(INTERSECTIONS ONLY),1,51776,2,0,0,1,1,2,1,1,Cross intersection,3,50,Local Road,30-39,Other injury,Bicyclists
T20210016945,7/27/2021,16:15:00,1,Collision with vehicle,3,Tuesday,135,LANE CHANGE LEFT (NOT OVERTAKING),2,689522,2,0,0,1,1,2,2,5,Not at intersection,3,40,Arterial Other,40-49,Other injury,Bicyclists
T20210016953,8/4/2021,15:35:00,1,Collision with vehicle,4,Wednesday,147,VEHICLE STRIKES ANOTHER VEH WHILE EMERGING FROM DRIVEWAY,1,77792,2,0,0,1,1,2,1,5,Not at intersection,3,50,Local Road,45424,Other injury,Bicyclists
T20210017029,8/5/2021,18:25:00,1,Collision with vehicle,5,Thursday,121,RIGHT THROUGH,2,65831,2,0,0,1,1,2,1,1,Cross intersection,3,50,Arterial Other,40-49,Other injury,Bicyclists
T20210017056,8/5/2021,18:50:00,1,Collision with vehicle,4,Thursday,148,VEHICLE OFF FOOTPATH STRIKES VEH ON CARRIAGEWAY,3,129,2,0,0,1,1,2,2,2,T intersection,3,50,Arterial Other,26-29,Other injury,Bicyclists
T20210017074,8/3/2021,6:40:00,1,Collision with vehicle,2,Tuesday,116,LEFT NEAR (INTERSECTIONS ONLY),6,39964,2,0,0,1,1,2,2,2,T intersection,3,60,Arterial Other,40-49,Other injury,Bicyclists
T20210017081,8/6/2021,14:00:00,1,Collision with vehicle,6,Friday,147,VEHICLE STRIKES ANOTHER VEH WHILE EMERGING FROM DRIVEWAY,1,690238,2,0,1,0,2,3,1,5,Not at intersection,2,60,Arterial Other,40-49,Serious injury,Bicyclists
T20210017106,7/25/2021,8:25:00,1,Collision with vehicle,1,Sunday,113,RIGHT NEAR (INTERSECTIONS ONLY),1,16815,2,0,0,1,1,2,2,1,Cross intersection,3,40,Local Road,65-69,Other injury,Bicyclists
T20210017239,8/9/2021,17:26:00,1,Collision with vehicle,2,Monday,148,VEHICLE OFF FOOTPATH STRIKES VEH ON CARRIAGEWAY,1,44242,2,0,0,1,1,2,1,1,Cross intersection,3,60,Arterial Other,13-15,Other injury,Bicyclists