ACCIDENT_NO,ACCIDENT_DATE,ACCIDENT_TIME,ACCIDENT_TYPE,ACCIDENT_TYPE_DESC,DAY_OF_WEEK,DAY_WEEK_DESC,DCA_CODE,DCA_DESC,LIGHT_CONDITION,NODE_ID,NO_OF_VEHICLES,NO_PERSONS_KILLED,NO_PERSONS_INJ_2,NO_PERSONS_INJ_3,NO_PERSONS_NOT_INJ,NO_PERSONS,POLICE_ATTEND,ROAD_GEOMETRY,ROAD_GEOMETRY_DESC,SEVERITY,SPEED_ZONE,RMA,AGE_GROUP,INJ_LEVEL,ROAD_USER_TYPE_DESC
T20210017241,8/9/2021,17:55:00,1,Collision with vehicle,2,Monday,148,VEHICLE OFF FOOTPATH STRIKES VEH ON CARRIAGEWAY,1,692168,2,0,1,0,1,2,1,5,Not at intersection,2,70,Local Road,13-15,Serious injury,Bicyclists
T20210017281,8/10/2021,14:26:00,4,Collision with a fixed object,3,Tuesday,171,LEFT OFF CARRIAGEWAY INTO OBJECT/PARKED VEHICLE,1,690025,1,0,1,0,0,1,1,2,T intersection,2,50,Arterial Highway,70+,Serious injury,Bicyclists
T20210017298,8/10/2021,16:20:00,1,Collision with vehicle,2,Tuesday,148,VEHICLE OFF FOOTPATH STRIKES VEH ON CARRIAGEWAY,1,43403,2,0,0,1,1,2,1,2,T intersection,3,60,Arterial Highway,18-21,Other injury,Bicyclists
T20210017306,8/10/2021,18:10:00,1,Collision with vehicle,3,Tuesday,121,RIGHT THROUGH,3,711905,2,0,0,1,1,2,1,2,T intersection,3,60,Local Road,50-59,Other injury,Bicyclists
T20210017337,8/6/2021,13:45:00,1,Collision with vehicle,5,Friday,160,VEHICLE COLLIDES WITH VEHICLE PARKED ON LEFT OF ROAD,1,690287,2,0,1,0,0,1,2,5,Not at intersection,2,40,Local Road,40-49,Serious injury,Bicyclists
T20210017354,8/11/2021,16:04:00,1,Collision with vehicle,4,Wednesday,163,VEHICLE STRIKES DOOR OF PARKED/STATIONARY VEHICLE,2,690626,2,0,0,1,1,2,1,5,Not at intersection,3,40,Arterial Other,30-39,Other injury,Bicyclists
T20210017369,8/12/2021,4:50:00,1,Collision with vehicle,5,Thursday,116,LEFT NEAR (INTERSECTIONS ONLY),3,690288,2,0,0,1,1,2,1,2,T intersection,3,60,Local Road,40-49,Other injury,Bicyclists
T20210017382,8/12/2021,7:00:00,1,Collision with vehicle,5,Thursday,121,RIGHT THROUGH,1,48329,2,0,1,0,2,3,1,2,T intersection,2,60,Arterial Other,26-29,Serious injury,Bicyclists
T20210017384,8/5/2021,19:45:00,1,Collision with vehicle,4,Thursday,160,VEHICLE COLLIDES WITH VEHICLE PARKED ON LEFT OF ROAD,3,781186,2,0,0,1,0,1,2,5,Not at intersection,3,50,Local Road,40-49,Other injury,Bicyclists
T20210017398,7/26/2021,15:18:00,8,No collision and no object struck,2,Monday,199,UNKNOWN-NO DETAILS ON MANOEUVRES OF ROAD-USERS IN ACCIDENT,1,692754,1,0,1,0,0,1,2,5,Not at intersection,2,60,Arterial Other,65-69,Serious injury,Bicyclists
T20210017408,8/12/2021,14:30:00,1,Collision with vehicle,5,Thursday,119,OTHER ADJACENT (INTERSECTIONS ONLY),1,37014,2,0,0,1,1,2,1,2,T intersection,3,50,Local Road,50-59,Other injury,Bicyclists
T20210017414,8/12/2021,13:30:00,1,Collision with vehicle,5,Thursday,116,LEFT NEAR (INTERSECTIONS ONLY),1,650995,2,0,0,1,1,2,1,2,T intersection,3,80,Uknown,40-49,Other injury,Bicyclists
T20210017417,8/12/2021,17:20:00,1,Collision with vehicle,5,Thursday,121,RIGHT THROUGH,2,38311,2,0,0,1,1,2,1,1,Cross intersection,3,60,Local Road,30-39,Other injury,Bicyclists
T20210017423,8/12/2021,16:15:00,1,Collision with vehicle,5,Thursday,110,CROSS TRAFFIC(INTERSECTIONS ONLY),1,45317,2,0,1,0,1,2,1,1,Cross intersection,2,60,Arterial Other,30-39,Serious injury,Bicyclists
T20210017437,7/15/2021,9:00:00,1,Collision with vehicle,5,Thursday,116,LEFT NEAR (INTERSECTIONS ONLY),9,37556,2,0,0,1,1,2,2,1,Cross intersection,3,50,Local Road,30-39,Other injury,Bicyclists
T20210017456,8/13/2021,8:10:00,1,Collision with vehicle,5,Friday,110,CROSS TRAFFIC(INTERSECTIONS ONLY),1,37972,2,0,0,1,1,2,1,1,Cross intersection,3,60,Local Road,26-29,Other injury,Bicyclists
T20210017489,8/10/2021,15:30:00,1,Collision with vehicle,3,Tuesday,148,VEHICLE OFF FOOTPATH STRIKES VEH ON CARRIAGEWAY,1,35571,2,0,0,1,1,2,2,4,Multiple intersection,3,60,Arterial Other,13-15,Other injury,Bicyclists
T20210017498,8/2/2021,17:45:00,1,Collision with vehicle,2,Monday,160,VEHICLE COLLIDES WITH VEHICLE PARKED ON LEFT OF ROAD,2,64140,2,0,0,1,1,2,2,2,T intersection,3,999,Arterial Other,30-39,Other injury,Bicyclists
T20210017499,8/13/2021,15:13:00,1,Collision with vehicle,5,Friday,119,OTHER ADJACENT (INTERSECTIONS ONLY),1,35985,2,0,0,1,1,2,1,2,T intersection,3,50,Local Road,50-59,Other injury,Bicyclists
T20210017506,1/30/2021,11:30:00,1,Collision with vehicle,6,Saturday,137,LEFT TURN SIDESWIPE,1,690332,2,0,0,1,0,1,2,5,Not at intersection,3,50,Local Road,40-49,Other injury,Bicyclists
T20210017509,8/13/2021,20:55:00,1,Collision with vehicle,6,Friday,147,VEHICLE STRIKES ANOTHER VEH WHILE EMERGING FROM DRIVEWAY,3,690711,2,0,1,0,1,2,1,5,Not at intersection,2,999,Arterial Other,50-59,Serious injury,Bicyclists
T20210017514,8/12/2021,15:40:00,1,Collision with vehicle,4,Thursday,163,VEHICLE STRIKES DOOR OF PARKED/STATIONARY VEHICLE,9,781233,2,0,0,1,1,2,2,5,Not at intersection,3,999,Arterial Other,26-29,Other injury,Bicyclists
T20210017532,8/7/2021,9:35:00,1,Collision with vehicle,7,Saturday,137,LEFT TURN SIDESWIPE,1,241,2,0,0,1,1,2,2,1,Cross intersection,3,999,Local Road,30-39,Other injury,Bicyclists
T20210017534,8/14/2021,11:00:00,1,Collision with vehicle,7,Saturday,130,REAR END(VEHICLES IN SAME LANE),1,1190,2,0,1,0,1,2,1,1,Cross intersection,2,60,Local Road,65-69,Serious injury,Bicyclists
T20210017535,8/13/2021,14:45:00,1,Collision with vehicle,6,Friday,160,VEHICLE COLLIDES WITH VEHICLE PARKED ON LEFT OF ROAD,1,783584,2,0,2,0,0,2,1,5,Not at intersection,2,80,Freeway,50-59,Serious injury,Bicyclists
T20210017539,8/14/2021,8:15:00,1,Collision with vehicle,7,Saturday,116,LEFT NEAR (INTERSECTIONS ONLY),1,690474,2,0,1,0,1,2,1,2,T intersection,2,50,Arterial Other,65-69,Serious injury,Bicyclists
T20210017595,8/15/2021,10:00:00,1,Collision with vehicle,1,Sunday,110,CROSS TRAFFIC(INTERSECTIONS ONLY),1,37563,2,0,1,0,1,2,2,1,Cross intersection,2,40,Arterial Other,26-29,Serious injury,Bicyclists
T20210017621,8/15/2021,14:44:00,1,Collision with vehicle,1,Sunday,121,RIGHT THROUGH,1,29543,2,0,0,1,1,2,1,1,Cross intersection,3,60,Arterial Other,30-39,Other injury,Bicyclists
T20210017663,8/15/2021,15:40:00,1,Collision with vehicle,0,Sunday,130,REAR END(VEHICLES IN SAME LANE),1,730842,2,0,0,1,1,2,2,5,Not at intersection,3,60,Local Road,40-49,Other injury,Bicyclists
T20210017687,8/8/2021,12:00:00,1,Collision with vehicle,0,Sunday,113,RIGHT NEAR (INTERSECTIONS ONLY),1,698216,2,0,0,1,1,2,2,2,T intersection,3,999,Arterial Other,40-49,Other injury,Bicyclists
T20210017708,8/16/2021,11:30:00,1,Collision with vehicle,1,Monday,147,VEHICLE STRIKES ANOTHER VEH WHILE EMERGING FROM DRIVEWAY,9,781163,2,0,0,1,1,2,2,5,Not at intersection,3,999,Local Road,45424,Other injury,Bicyclists
T20210017774,8/18/2021,9:00:00,1,Collision with vehicle,3,Wednesday,149,OTHER MANOEUVRING NOT INCLUDED IN DCAs 140-148,1,691005,2,0,0,1,1,2,2,5,Not at intersection,3,50,Arterial Highway,45424,Other injury,Bicyclists
T20210017775,8/18/2021,11:50:00,8,No collision and no object struck,4,Wednesday,174,OUT OF CONTROL ON CARRIAGEWAY (ON STRAIGHT),1,690927,1,0,1,0,0,1,1,2,T intersection,2,50,Local Road,50-59,Serious injury,Bicyclists
T20210017889,8/17/2021,16:00:00,1,Collision with vehicle,3,Tuesday,148,VEHICLE OFF FOOTPATH STRIKES VEH ON CARRIAGEWAY,1,693798,2,0,0,1,1,2,2,5,Not at intersection,3,40,Arterial Other,13-15,Other injury,Bicyclists
T20210017917,8/20/2021,19:50:00,1,Collision with vehicle,6,Friday,110,CROSS TRAFFIC(INTERSECTIONS ONLY),3,694304,3,0,0,2,1,3,1,1,Cross intersection,3,40,Local Road,26-29,Other injury,Bicyclists
T20210017933,8/21/2021,9:00:00,1,Collision with vehicle,7,Saturday,142,LEAVING PARKING,1,707550,2,0,0,1,1,2,1,5,Not at intersection,3,60,Arterial Other,30-39,Other injury,Bicyclists
T20210017939,8/21/2021,9:45:00,1,Collision with vehicle,6,Saturday,133,LANE SIDE SWIPE (VEHICLES IN PARALLEL LANES),1,691843,2,0,0,1,2,3,2,5,Not at intersection,3,60,Arterial Other,50-59,Other injury,Bicyclists
T20210017943,8/21/2021,9:30:00,1,Collision with vehicle,6,Saturday,110,CROSS TRAFFIC(INTERSECTIONS ONLY),1,71059,2,0,1,0,1,2,1,1,Cross intersection,2,60,Arterial Other,40-49,Serious injury,Bicyclists
T20210017952,8/21/2021,7:00:00,1,Collision with vehicle,7,Saturday,131,LEFT REAR,1,691206,2,0,0,1,2,3,2,2,T intersection,3,60,Local Road,30-39,Other injury,Bicyclists
T20210017953,8/21/2021,16:15:00,1,Collision with vehicle,7,Saturday,148,VEHICLE OFF FOOTPATH STRIKES VEH ON CARRIAGEWAY,1,693803,2,0,0,1,1,2,1,2,T intersection,3,60,Local Road,30-39,Other injury,Bicyclists
T20210017964,7/2/2021,17:45:00,1,Collision with vehicle,6,Friday,110,CROSS TRAFFIC(INTERSECTIONS ONLY),3,29359,2,0,0,1,1,2,2,1,Cross intersection,3,40,Local Road,30-39,Other injury,Bicyclists
T20210017966,8/21/2021,14:00:00,1,Collision with vehicle,7,Saturday,119,OTHER ADJACENT (INTERSECTIONS ONLY),1,692350,2,0,0,1,1,2,1,1,Cross intersection,3,60,Local Road,13-15,Other injury,Bicyclists
T20210017972,8/15/2021,12:20:00,1,Collision with vehicle,1,Sunday,163,VEHICLE STRIKES DOOR OF PARKED/STATIONARY VEHICLE,1,692848,2,0,1,0,1,2,1,5,Not at intersection,2,60,Arterial Other,60-64,Serious injury,Bicyclists
T20210017996,8/22/2021,16:20:00,1,Collision with vehicle,1,Sunday,110,CROSS TRAFFIC(INTERSECTIONS ONLY),1,36422,2,0,1,0,1,2,1,1,Cross intersection,2,70,Arterial Other,50-59,Serious injury,Bicyclists
T20210018000,8/22/2021,15:50:00,8,No collision and no object struck,1,Sunday,174,OUT OF CONTROL ON CARRIAGEWAY (ON STRAIGHT),1,690946,1,0,0,1,0,1,1,5,Not at intersection,3,50,Uknown,22-25,Other injury,Bicyclists
T20210018027,8/23/2021,13:15:00,1,Collision with vehicle,2,Monday,148,VEHICLE OFF FOOTPATH STRIKES VEH ON CARRIAGEWAY,1,691357,2,0,0,1,1,2,1,2,T intersection,3,50,Local Road,40-49,Other injury,Bicyclists
T20210018034,8/23/2021,14:00:00,1,Collision with vehicle,1,Monday,163,VEHICLE STRIKES DOOR OF PARKED/STATIONARY VEHICLE,1,715392,2,0,0,1,1,2,2,5,Not at intersection,3,999,Local Road,40-49,Other injury,Bicyclists
T20210018124,7/8/2021,9:50:00,1,Collision with vehicle,5,Thursday,121,RIGHT THROUGH,1,29709,2,0,0,1,1,2,1,1,Cross intersection,3,50,Local Road,60-64,Other injury,Bicyclists
T20210018131,8/25/2021,10:36:00,6,Vehicle overturned (no collision),4,Wednesday,174,OUT OF CONTROL ON CARRIAGEWAY (ON STRAIGHT),1,691344,2,0,0,1,1,2,2,5,Not at intersection,3,40,Arterial Other,22-25,Other injury,Bicyclists
T20210018192,8/26/2021,14:45:00,8,No collision and no object struck,5,Thursday,175,OFF END OF ROAD/T-INTERSECTION.,1,596597,2,0,0,1,1,2,1,2,T intersection,3,50,Local Road,13-15,Other injury,Bicyclists
T20210018211,8/26/2021,10:52:00,1,Collision with vehicle,4,Thursday,110,CROSS TRAFFIC(INTERSECTIONS ONLY),1,35971,2,0,0,1,1,2,1,1,Cross intersection,3,50,Local Road,50-59,Other injury,Bicyclists
T20210018212,8/26/2021,20:15:00,1,Collision with vehicle,5,Thursday,110,CROSS TRAFFIC(INTERSECTIONS ONLY),3,29628,2,0,0,1,1,2,1,1,Cross intersection,3,50,Arterial Other,30-39,Other injury,Bicyclists
T20210018222,8/27/2021,6:00:00,1,Collision with vehicle,6,Friday,116,LEFT NEAR (INTERSECTIONS ONLY),3,38051,2,0,0,1,1,2,2,1,Cross intersection,3,60,Arterial Other,30-39,Other injury,Bicyclists
T20210018262,8/27/2021,19:00:00,1,Collision with vehicle,6,Friday,148,VEHICLE OFF FOOTPATH STRIKES VEH ON CARRIAGEWAY,5,697779,2,0,0,1,1,2,1,5,Not at intersection,3,60,Local Road,18-21,Other injury,Bicyclists
T20210018280,8/17/2021,17:30:00,1,Collision with vehicle,3,Tuesday,147,VEHICLE STRIKES ANOTHER VEH WHILE EMERGING FROM DRIVEWAY,1,691571,2,0,0,1,1,2,2,5,Not at intersection,3,888,Arterial Other,40-49,Other injury,Bicyclists
T20210018286,8/28/2021,11:00:00,8,No collision and no object struck,7,Saturday,179,OTHER ACCIDENTS-OFF STRAIGHT NOT INCLUDED IN DCAs 170-175,1,695124,1,0,1,0,0,1,1,5,Not at intersection,2,60,Arterial Other,40-49,Serious injury,Bicyclists
T20210018291,8/28/2021,14:55:00,1,Collision with vehicle,7,Saturday,133,LANE SIDE SWIPE (VEHICLES IN PARALLEL LANES),1,695672,2,0,0,1,1,2,2,5,Not at intersection,3,50,Local Road,40-49,Other injury,Bicyclists
T20210018297,8/28/2021,15:55:00,1,Collision with vehicle,7,Saturday,148,VEHICLE OFF FOOTPATH STRIKES VEH ON CARRIAGEWAY,1,697891,2,0,1,0,2,3,1,5,Not at intersection,2,60,Arterial Other,45424,Serious injury,Bicyclists
T20210018303,8/28/2021,16:53:00,1,Collision with vehicle,7,Saturday,148,VEHICLE OFF FOOTPATH STRIKES VEH ON CARRIAGEWAY,1,695126,2,0,1,0,1,2,1,2,T intersection,2,40,Local Road,26-29,Serious injury,Bicyclists
T20210018318,4/19/2021,16:30:00,1,Collision with vehicle,2,Monday,136,RIGHT TURN SIDESWIPE,9,669950,2,0,0,1,0,1,2,1,Cross intersection,3,60,Arterial Other,40-49,Other injury,Bicyclists
T20210018346,8/29/2021,16:25:00,1,Collision with vehicle,1,Sunday,110,CROSS TRAFFIC(INTERSECTIONS ONLY),1,44698,2,0,1,0,1,2,1,1,Cross intersection,2,60,Local Road,30-39,Serious injury,Bicyclists
T20210018350,8/29/2021,17:08:00,1,Collision with vehicle,1,Sunday,121,RIGHT THROUGH,1,465,2,0,1,0,5,6,1,1,Cross intersection,2,50,Local Road,30-39,Serious injury,Bicyclists
T20210018358,8/29/2021,15:03:00,1,Collision with vehicle,0,Sunday,110,CROSS TRAFFIC(INTERSECTIONS ONLY),1,44349,2,0,0,1,1,2,1,1,Cross intersection,3,60,Uknown,40-49,Other injury,Bicyclists
T20210018383,8/30/2021,12:00:00,1,Collision with vehicle,2,Monday,148,VEHICLE OFF FOOTPATH STRIKES VEH ON CARRIAGEWAY,1,691880,2,0,0,1,1,2,2,2,T intersection,3,999,Local Road,40-49,Other injury,Bicyclists
T20210018467,8/30/2021,22:55:00,1,Collision with vehicle,1,Monday,148,VEHICLE OFF FOOTPATH STRIKES VEH ON CARRIAGEWAY,3,694592,2,0,0,1,1,2,1,5,Not at intersection,3,60,Arterial Other,Unknown,Other injury,Bicyclists
T20210018475,8/25/2021,19:30:00,8,No collision and no object struck,3,Wednesday,174,OUT OF CONTROL ON CARRIAGEWAY (ON STRAIGHT),3,691844,2,0,0,1,1,2,2,5,Not at intersection,3,60,Arterial Highway,30-39,Other injury,Bicyclists
T20210018482,9/1/2021,7:30:00,1,Collision with vehicle,3,Wednesday,110,CROSS TRAFFIC(INTERSECTIONS ONLY),1,49369,2,0,0,1,2,3,1,1,Cross intersection,3,50,Local Road,50-59,Other injury,Bicyclists
T20210018512,9/1/2021,13:30:00,1,Collision with vehicle,3,Wednesday,110,CROSS TRAFFIC(INTERSECTIONS ONLY),1,39144,2,0,0,1,1,2,2,1,Cross intersection,3,50,Local Road,30-39,Other injury,Bicyclists
T20210018514,9/1/2021,15:56:00,1,Collision with vehicle,3,Wednesday,121,RIGHT THROUGH,1,40637,2,0,0,1,1,2,1,2,T intersection,3,60,Arterial Other,18-21,Other injury,Bicyclists
T20210018530,8/19/2021,14:40:00,1,Collision with vehicle,5,Thursday,148,VEHICLE OFF FOOTPATH STRIKES VEH ON CARRIAGEWAY,1,692028,2,0,1,0,1,2,2,5,Not at intersection,2,50,Local Road,30-39,Serious injury,Bicyclists
T20210018533,9/2/2021,7:43:00,2,Struck Pedestrian,5,Thursday,100,PED NEAR SIDE. PED HIT BY VEHICLE FROM THE RIGHT.,1,694664,2,0,1,0,1,2,1,5,Not at intersection,2,50,Arterial Other,50-59,Serious injury,Bicyclists
T20210018534,8/28/2021,15:40:00,1,Collision with vehicle,7,Saturday,148,VEHICLE OFF FOOTPATH STRIKES VEH ON CARRIAGEWAY,1,691845,2,0,0,1,1,2,2,5,Not at intersection,3,60,Arterial Other,60-64,Other injury,Bicyclists
T20210018544,8/28/2021,8:45:00,4,Collision with a fixed object,7,Saturday,179,OTHER ACCIDENTS-OFF STRAIGHT NOT INCLUDED IN DCAs 170-175,1,43948,1,0,1,0,0,1,2,2,T intersection,2,999,Arterial Other,50-59,Serious injury,Bicyclists
T20210018554,9/2/2021,12:50:00,8,No collision and no object struck,5,Thursday,174,OUT OF CONTROL ON CARRIAGEWAY (ON STRAIGHT),1,691957,1,0,1,0,0,1,1,5,Not at intersection,2,40,Arterial Other,70+,Serious injury,Bicyclists
T20210018560,9/1/2021,16:32:00,1,Collision with vehicle,3,Wednesday,110,CROSS TRAFFIC(INTERSECTIONS ONLY),1,40531,2,0,0,1,1,2,1,1,Cross intersection,3,50,Local Road,22-25,Other injury,Bicyclists
T20210018562,8/27/2021,12:15:00,8,No collision and no object struck,6,Friday,174,OUT OF CONTROL ON CARRIAGEWAY (ON STRAIGHT),1,704243,2,0,1,0,1,2,2,5,Not at intersection,2,40,Uknown,60-64,Serious injury,Bicyclists
T20210018563,9/1/2021,13:30:00,1,Collision with vehicle,4,Wednesday,163,VEHICLE STRIKES DOOR OF PARKED/STATIONARY VEHICLE,1,692077,2,0,0,1,2,3,2,5,Not at intersection,3,60,Local Road,40-49,Other injury,Bicyclists
T20210018565,9/1/2021,17:50:00,1,Collision with vehicle,4,Wednesday,111,RIGHT FAR (INTERSECTIONS ONLY),2,39978,2,0,0,1,1,2,2,1,Cross intersection,3,60,Local Road,22-25,Other injury,Bicyclists
T20210018570,9/2/2021,18:30:00,8,No collision and no object struck,5,Thursday,174,OUT OF CONTROL ON CARRIAGEWAY (ON STRAIGHT),5,691832,1,0,0,1,0,1,1,5,Not at intersection,3,999,Uknown,50-59,Other injury,Bicyclists
T20210018591,9/2/2021,16:00:00,1,Collision with vehicle,5,Thursday,142,LEAVING PARKING,9,694521,2,0,0,1,1,2,2,5,Not at intersection,3,999,Local Road,30-39,Other injury,Bicyclists
T20210018702,9/4/2021,11:56:00,1,Collision with vehicle,6,Saturday,163,VEHICLE STRIKES DOOR OF PARKED/STATIONARY VEHICLE,1,694480,2,0,0,1,1,2,1,5,Not at intersection,3,50,Local Road,40-49,Other injury,Bicyclists
T20210018734,9/6/2021,8:11:00,1,Collision with vehicle,2,Monday,147,VEHICLE STRIKES ANOTHER VEH WHILE EMERGING FROM DRIVEWAY,1,45055,2,0,1,0,1,2,1,2,T intersection,2,60,Arterial Other,30-39,Serious injury,Bicyclists
T20210018759,8/31/2021,14:40:00,1,Collision with vehicle,3,Tuesday,153,CUTTING IN (OVERTAKING),1,696166,2,0,1,0,1,2,2,5,Not at intersection,2,50,Local Road,70+,Serious injury,Bicyclists
T20210018768,9/2/2021,18:45:00,1,Collision with vehicle,4,Thursday,116,LEFT NEAR (INTERSECTIONS ONLY),2,695204,2,0,0,1,1,2,2,1,Cross intersection,3,999,Local Road,65-69,Other injury,Bicyclists
T20210018796,8/17/2021,20:30:00,8,No collision and no object struck,3,Tuesday,174,OUT OF CONTROL ON CARRIAGEWAY (ON STRAIGHT),6,692242,1,0,0,1,1,2,2,1,Cross intersection,3,60,Uknown,40-49,Other injury,Bicyclists
T20210018803,9/7/2021,8:00:00,1,Collision with vehicle,3,Tuesday,160,VEHICLE COLLIDES WITH VEHICLE PARKED ON LEFT OF ROAD,2,692384,2,0,0,1,0,1,1,5,Not at intersection,3,50,Local Road,50-59,Other injury,Bicyclists
T20210018844,9/7/2021,17:00:00,1,Collision with vehicle,2,Tuesday,139,OTHER SAME DIRECTION-MANOUEVRES NOT INCLUDED IN DCAs 130-137,1,692354,2,0,0,1,1,2,1,5,Not at intersection,3,50,Local Road,40-49,Other injury,Bicyclists
T20210018857,9/8/2021,7:45:00,1,Collision with vehicle,4,Wednesday,121,RIGHT THROUGH,1,51604,2,0,2,0,0,2,1,2,T intersection,2,50,Arterial Highway,50-59,Serious injury,Bicyclists
T20210018878,9/6/2021,15:55:00,1,Collision with vehicle,2,Monday,163,VEHICLE STRIKES DOOR OF PARKED/STATIONARY VEHICLE,1,704253,2,0,0,1,1,2,2,5,Not at intersection,3,60,Arterial Other,26-29,Other injury,Bicyclists
T20210018880,9/8/2021,17:15:00,1,Collision with vehicle,3,Wednesday,120,HEAD ON (NOT OVERTAKING),1,693057,2,0,0,2,0,2,1,5,Not at intersection,3,50,Arterial Other,45424,Other injury,Bicyclists
T20210018883,9/1/2021,14:00:00,8,No collision and no object struck,4,Wednesday,179,OTHER ACCIDENTS-OFF STRAIGHT NOT INCLUDED IN DCAs 170-175,1,694161,2,0,0,1,1,2,2,5,Not at intersection,3,999,Local Road,16-17,Other injury,Bicyclists
T20210018897,9/9/2021,5:20:00,1,Collision with vehicle,4,Thursday,147,VEHICLE STRIKES ANOTHER VEH WHILE EMERGING FROM DRIVEWAY,3,781191,2,0,0,1,1,2,1,5,Not at intersection,3,60,Arterial Highway,50-59,Other injury,Bicyclists
T20210018903,9/8/2021,16:20:00,1,Collision with vehicle,4,Wednesday,139,OTHER SAME DIRECTION-MANOUEVRES NOT INCLUDED IN DCAs 130-137,2,693602,2,0,1,0,1,2,1,5,Not at intersection,2,100,Local Road,60-64,Serious injury,Bicyclists
T20210018910,5/24/2021,10:00:00,6,Vehicle overturned (no collision),2,Monday,174,OUT OF CONTROL ON CARRIAGEWAY (ON STRAIGHT),1,692395,1,0,0,1,0,1,2,5,Not at intersection,3,40,Local Road,22-25,Other injury,Bicyclists
T20210018932,9/9/2021,14:56:00,4,Collision with a fixed object,5,Thursday,181,OFF RIGHT BEND INTO OBJECT/PARKED VEHICLE,1,694159,1,0,0,1,0,1,1,5,Not at intersection,3,50,Local Road,18-21,Other injury,Not Known
T20210018934,9/7/2021,19:10:00,1,Collision with vehicle,2,Tuesday,137,LEFT TURN SIDESWIPE,3,38006,2,0,1,0,1,2,2,2,T intersection,2,60,Arterial Other,30-39,Serious injury,Bicyclists
T20210018939,8/9/2021,17:20:00,1,Collision with vehicle,2,Monday,147,VEHICLE STRIKES ANOTHER VEH WHILE EMERGING FROM DRIVEWAY,1,692586,2,0,0,1,1,2,2,5,Not at intersection,3,888,Local Road,40-49,Other injury,Bicyclists
T20210018963,9/9/2021,20:30:00,1,Collision with vehicle,5,Thursday,169,OTHER ON PATH,9,692591,2,0,0,1,0,1,2,5,Not at intersection,3,60,Arterial Highway,Unknown,Other injury,Bicyclists
T20210018981,9/9/2021,17:52:00,1,Collision with vehicle,5,Thursday,129,OTHER OPPOSING MANOEUVRES NOT INCLUDED IN DCAs 120-125.,2,46002,2,0,0,1,2,3,2,4,Multiple intersection,3,999,Local Road,50-59,Other injury,Bicyclists
T20210019028,9/11/2021,13:58:00,1,Collision with vehicle,7,Saturday,148,VEHICLE OFF FOOTPATH STRIKES VEH ON CARRIAGEWAY,1,693581,3,0,0,1,1,2,1,5,Not at intersection,3,50,Local Road,45424,Other injury,Bicyclists
T20210019058,9/12/2021,9:46:00,1,Collision with vehicle,0,Sunday,147,VEHICLE STRIKES ANOTHER VEH WHILE EMERGING FROM DRIVEWAY,1,435,2,0,0,1,1,2,1,5,Not at intersection,3,80,Arterial Highway,65-69,Other injury,Bicyclists
T20210019060,9/12/2021,10:50:00,1,Collision with vehicle,0,Sunday,113,RIGHT NEAR (INTERSECTIONS ONLY),1,1191,2,0,0,1,1,2,1,2,T intersection,3,60,Local Road,70+,Other injury,Bicyclists
T20210019062,9/12/2021,10:20:00,1,Collision with vehicle,1,Sunday,110,CROSS TRAFFIC(INTERSECTIONS ONLY),1,73126,2,0,1,0,2,3,1,1,Cross intersection,2,999,Local Road,70+,Serious injury,Bicyclists
T20210019081,9/8/2021,6:15:00,1,Collision with vehicle,3,Wednesday,136,RIGHT TURN SIDESWIPE,1,694594,2,0,0,1,1,2,2,4,Multiple intersection,3,60,Arterial Other,22-25,Other injury,Bicyclists
T20210019085,9/12/2021,14:20:00,4,Collision with a fixed object,1,Sunday,171,LEFT OFF CARRIAGEWAY INTO OBJECT/PARKED VEHICLE,1,692551,3,1,1,0,1,3,1,5,Not at intersection,1,60,Arterial Other,50-59,Fatality,Bicyclists
T20210019104,9/12/2021,10:45:00,8,No collision and no object struck,1,Sunday,180,OFF CARRIAGEWAY ON RIGHT BEND,1,692620,1,0,1,0,0,1,1,5,Not at intersection,2,50,Local Road,22-25,Serious injury,Bicyclists
T20210019106,8/31/2021,12:10:00,1,Collision with vehicle,3,Tuesday,148,VEHICLE OFF FOOTPATH STRIKES VEH ON CARRIAGEWAY,1,280798,2,0,0,1,1,2,2,2,T intersection,3,50,Local Road,70+,Other injury,Bicyclists
T20210019128,9/13/2021,18:00:00,1,Collision with vehicle,1,Monday,110,CROSS TRAFFIC(INTERSECTIONS ONLY),1,73355,2,0,0,1,1,2,2,1,Cross intersection,3,50,Local Road,13-15,Other injury,Bicyclists
T20210019133,9/13/2021,17:45:00,1,Collision with vehicle,2,Monday,147,VEHICLE STRIKES ANOTHER VEH WHILE EMERGING FROM DRIVEWAY,1,694476,2,0,0,2,0,2,1,5,Not at intersection,3,999,Local Road,13-15,Other injury,Bicyclists
T20210019172,9/14/2021,11:10:00,1,Collision with vehicle,3,Tuesday,148,VEHICLE OFF FOOTPATH STRIKES VEH ON CARRIAGEWAY,1,692993,2,0,0,1,2,3,1,5,Not at intersection,3,50,Local Road,13-15,Other injury,Bicyclists
T20210019188,9/8/2021,18:30:00,1,Collision with vehicle,4,Wednesday,133,LANE SIDE SWIPE (VEHICLES IN PARALLEL LANES),1,696789,2,0,0,1,1,2,2,5,Not at intersection,3,50,Local Road,40-49,Other injury,Bicyclists
T20210019190,9/14/2021,17:30:00,1,Collision with vehicle,3,Tuesday,142,LEAVING PARKING,2,693041,2,0,1,0,1,2,1,5,Not at intersection,2,60,Arterial Other,40-49,Serious injury,Bicyclists