ACCIDENT_NO,ACCIDENT_DATE,ACCIDENT_TIME,ACCIDENT_TYPE,ACCIDENT_TYPE_DESC,DAY_OF_WEEK,DAY_WEEK_DESC,DCA_CODE,DCA_DESC,LIGHT_CONDITION,NODE_ID,NO_OF_VEHICLES,NO_PERSONS_KILLED,NO_PERSONS_INJ_2,NO_PERSONS_INJ_3,NO_PERSONS_NOT_INJ,NO_PERSONS,POLICE_ATTEND,ROAD_GEOMETRY,ROAD_GEOMETRY_DESC,SEVERITY,SPEED_ZONE,RMA,AGE_GROUP,INJ_LEVEL,ROAD_USER_TYPE_DESC
T20210019195,9/14/2021,17:20:00,1,Collision with vehicle,3,Tuesday,121,RIGHT THROUGH,2,42023,2,0,1,0,1,2,1,2,T intersection,2,60,Local Road,18-21,Serious injury,Bicyclists
T20210019213,9/14/2021,16:55:00,1,Collision with vehicle,2,Tuesday,111,RIGHT FAR (INTERSECTIONS ONLY),1,692822,2,0,0,1,1,2,1,2,T intersection,3,40,Local Road,45424,Other injury,Bicyclists
T20210019215,9/15/2021,7:43:00,1,Collision with vehicle,4,Wednesday,110,CROSS TRAFFIC(INTERSECTIONS ONLY),1,69142,2,0,1,0,1,2,1,1,Cross intersection,2,50,Local Road,50-59,Serious injury,Bicyclists
T20210019219,9/15/2021,10:37:00,1,Collision with vehicle,4,Wednesday,116,LEFT NEAR (INTERSECTIONS ONLY),1,42742,2,0,0,1,1,2,1,2,T intersection,3,60,Arterial Other,65-69,Other injury,Bicyclists
T20210019236,9/10/2021,15:35:00,8,No collision and no object struck,6,Friday,174,OUT OF CONTROL ON CARRIAGEWAY (ON STRAIGHT),1,38901,2,0,1,0,2,3,2,4,Multiple intersection,2,60,Arterial Other,22-25,Serious injury,Bicyclists
T20210019253,9/15/2021,16:40:00,1,Collision with vehicle,4,Wednesday,147,VEHICLE STRIKES ANOTHER VEH WHILE EMERGING FROM DRIVEWAY,1,693110,2,0,1,0,2,3,1,5,Not at intersection,2,70,Arterial Other,16-17,Serious injury,Bicyclists
T20210019263,9/15/2021,15:43:00,1,Collision with vehicle,4,Wednesday,163,VEHICLE STRIKES DOOR OF PARKED/STATIONARY VEHICLE,1,692860,2,0,0,1,1,2,1,5,Not at intersection,3,40,Local Road,22-25,Other injury,Bicyclists
T20210019322,9/1/2021,19:45:00,1,Collision with vehicle,3,Wednesday,163,VEHICLE STRIKES DOOR OF PARKED/STATIONARY VEHICLE,9,692996,2,0,0,1,1,2,2,5,Not at intersection,3,60,Local Road,16-17,Other injury,Bicyclists
T20210019325,9/9/2021,16:26:00,1,Collision with vehicle,4,Thursday,163,VEHICLE STRIKES DOOR OF PARKED/STATIONARY VEHICLE,1,781192,2,0,0,1,1,2,1,5,Not at intersection,3,60,Local Road,30-39,Other injury,Bicyclists
T20210019344,9/16/2021,13:23:00,1,Collision with vehicle,5,Thursday,113,RIGHT NEAR (INTERSECTIONS ONLY),1,10844,2,0,1,0,1,2,1,4,Multiple intersection,2,50,Freeway,50-59,Serious injury,Bicyclists
T20210019346,9/17/2021,7:15:00,1,Collision with vehicle,6,Friday,110,CROSS TRAFFIC(INTERSECTIONS ONLY),1,693129,2,0,0,1,1,2,1,1,Cross intersection,3,50,Arterial Other,40-49,Other injury,Bicyclists
T20210019361,9/16/2021,13:20:00,1,Collision with vehicle,4,Thursday,163,VEHICLE STRIKES DOOR OF PARKED/STATIONARY VEHICLE,1,694785,2,0,0,1,1,2,2,5,Not at intersection,3,50,Local Road,50-59,Other injury,Bicyclists
T20210019380,9/17/2021,15:10:00,8,No collision and no object struck,6,Friday,174,OUT OF CONTROL ON CARRIAGEWAY (ON STRAIGHT),1,694081,3,1,0,0,2,3,1,5,Not at intersection,1,50,Local Road,70+,Fatality,Bicyclists
T20210019389,7/14/2021,20:36:00,8,No collision and no object struck,4,Wednesday,174,OUT OF CONTROL ON CARRIAGEWAY (ON STRAIGHT),6,693477,1,0,0,1,0,1,2,5,Not at intersection,3,40,Arterial Highway,18-21,Other injury,Bicyclists
T20210019428,9/17/2021,17:00:00,1,Collision with vehicle,5,Friday,160,VEHICLE COLLIDES WITH VEHICLE PARKED ON LEFT OF ROAD,1,693112,2,0,0,1,0,1,2,5,Not at intersection,3,999,Local Road,26-29,Other injury,Bicyclists
T20210019459,9/14/2021,15:20:00,6,Vehicle overturned (no collision),3,Tuesday,174,OUT OF CONTROL ON CARRIAGEWAY (ON STRAIGHT),1,39042,1,0,1,0,0,1,2,2,T intersection,2,60,Arterial Other,40-49,Serious injury,Bicyclists
T20210019504,9/20/2021,7:30:00,1,Collision with vehicle,2,Monday,116,LEFT NEAR (INTERSECTIONS ONLY),1,37539,2,0,1,0,1,2,1,1,Cross intersection,2,60,Arterial Other,40-49,Serious injury,Bicyclists
T20210019507,9/20/2021,8:10:00,1,Collision with vehicle,2,Monday,110,CROSS TRAFFIC(INTERSECTIONS ONLY),1,695090,2,0,1,0,1,2,1,1,Cross intersection,2,50,Local Road,30-39,Serious injury,Bicyclists
T20210019511,9/18/2021,12:00:00,1,Collision with vehicle,7,Saturday,163,VEHICLE STRIKES DOOR OF PARKED/STATIONARY VEHICLE,1,700653,2,0,0,1,1,2,2,5,Not at intersection,3,999,Local Road,70+,Other injury,Bicyclists
T20210019517,9/16/2021,12:00:00,1,Collision with vehicle,5,Thursday,163,VEHICLE STRIKES DOOR OF PARKED/STATIONARY VEHICLE,1,693111,2,0,0,1,1,2,2,5,Not at intersection,3,60,Arterial Other,40-49,Other injury,Bicyclists
T20210019531,9/20/2021,12:25:00,1,Collision with vehicle,2,Monday,148,VEHICLE OFF FOOTPATH STRIKES VEH ON CARRIAGEWAY,1,693183,2,0,0,1,2,3,1,5,Not at intersection,3,60,Arterial Other,45424,Other injury,Bicyclists
T20210019545,9/15/2021,7:48:00,1,Collision with vehicle,4,Wednesday,116,LEFT NEAR (INTERSECTIONS ONLY),3,-1,2,0,0,1,1,2,2,2,T intersection,3,50,Uknown,40-49,Other injury,Bicyclists
T20210019585,9/20/2021,13:15:00,1,Collision with vehicle,2,Monday,148,VEHICLE OFF FOOTPATH STRIKES VEH ON CARRIAGEWAY,1,693150,2,0,0,1,1,2,1,5,Not at intersection,3,60,Local Road,30-39,Other injury,Bicyclists
T20210019600,9/18/2021,10:00:00,1,Collision with vehicle,7,Saturday,160,VEHICLE COLLIDES WITH VEHICLE PARKED ON LEFT OF ROAD,1,693200,2,0,0,1,0,1,2,5,Not at intersection,3,50,Uknown,70+,Other injury,Bicyclists
T20210019606,9/20/2021,17:30:00,1,Collision with vehicle,1,Monday,110,CROSS TRAFFIC(INTERSECTIONS ONLY),9,35974,2,0,0,1,1,2,2,1,Cross intersection,3,50,Local Road,26-29,Other injury,Bicyclists
T20210019641,9/22/2021,7:10:00,8,No collision and no object struck,4,Wednesday,179,OTHER ACCIDENTS-OFF STRAIGHT NOT INCLUDED IN DCAs 170-175,1,693637,1,0,0,1,0,1,2,5,Not at intersection,3,60,Local Road,30-39,Other injury,Bicyclists
T20210019665,9/22/2021,18:20:00,1,Collision with vehicle,3,Wednesday,148,VEHICLE OFF FOOTPATH STRIKES VEH ON CARRIAGEWAY,1,29761,2,0,1,0,1,2,1,1,Cross intersection,2,80,Arterial Other,50-59,Serious injury,Bicyclists
T20210019691,9/16/2021,16:50:00,1,Collision with vehicle,4,Thursday,110,CROSS TRAFFIC(INTERSECTIONS ONLY),1,38563,2,0,0,1,1,2,2,1,Cross intersection,3,50,Local Road,30-39,Other injury,Bicyclists
T20210019695,9/9/2021,16:45:00,8,No collision and no object struck,5,Thursday,179,OTHER ACCIDENTS-OFF STRAIGHT NOT INCLUDED IN DCAs 170-175,1,693492,1,0,0,1,0,1,2,5,Not at intersection,3,888,Local Road,50-59,Other injury,Bicyclists
T20210019706,9/23/2021,15:10:00,1,Collision with vehicle,5,Thursday,148,VEHICLE OFF FOOTPATH STRIKES VEH ON CARRIAGEWAY,1,693485,2,0,0,1,1,2,2,5,Not at intersection,3,50,Uknown,13-15,Other injury,Bicyclists
T20210019711,9/23/2021,17:00:00,1,Collision with vehicle,5,Thursday,147,VEHICLE STRIKES ANOTHER VEH WHILE EMERGING FROM DRIVEWAY,1,693484,2,0,0,1,1,2,1,5,Not at intersection,3,999,Arterial Other,13-15,Other injury,Bicyclists
T20210019715,9/22/2021,20:40:00,1,Collision with vehicle,4,Wednesday,133,LANE SIDE SWIPE (VEHICLES IN PARALLEL LANES),5,700505,2,0,1,0,1,2,1,5,Not at intersection,2,80,Arterial Other,30-39,Serious injury,Bicyclists
T20210019745,9/24/2021,8:50:00,1,Collision with vehicle,6,Friday,121,RIGHT THROUGH,1,696045,2,0,1,0,1,2,2,1,Cross intersection,2,50,Arterial Other,40-49,Serious injury,Bicyclists
T20210019759,9/23/2021,17:45:00,1,Collision with vehicle,4,Thursday,121,RIGHT THROUGH,9,699841,2,0,0,1,1,2,2,5,Not at intersection,3,50,Local Road,30-39,Other injury,Bicyclists
T20210019795,9/25/2021,10:40:00,1,Collision with vehicle,7,Saturday,116,LEFT NEAR (INTERSECTIONS ONLY),1,36162,2,0,0,1,1,2,2,2,T intersection,3,80,Arterial Other,40-49,Other injury,Bicyclists
T20210019844,9/26/2021,10:00:00,1,Collision with vehicle,1,Sunday,121,RIGHT THROUGH,1,148867,2,0,1,0,1,2,1,5,Not at intersection,2,40,Local Road,60-64,Serious injury,Bicyclists
T20210019846,9/25/2021,14:50:00,8,No collision and no object struck,7,Saturday,174,OUT OF CONTROL ON CARRIAGEWAY (ON STRAIGHT),1,710059,2,0,0,1,1,2,2,5,Not at intersection,3,60,Arterial Other,26-29,Other injury,Bicyclists
T20210019851,9/26/2021,15:00:00,1,Collision with vehicle,1,Sunday,136,RIGHT TURN SIDESWIPE,1,760947,2,0,1,0,1,2,1,2,T intersection,2,60,Arterial Other,70+,Serious injury,Bicyclists
T20210019855,9/26/2021,14:18:00,1,Collision with vehicle,1,Sunday,163,VEHICLE STRIKES DOOR OF PARKED/STATIONARY VEHICLE,1,113658,2,0,1,0,1,2,1,5,Not at intersection,2,60,Arterial Other,65-69,Serious injury,Bicyclists
T20210019884,9/27/2021,10:15:00,1,Collision with vehicle,1,Monday,147,VEHICLE STRIKES ANOTHER VEH WHILE EMERGING FROM DRIVEWAY,1,694636,2,0,0,1,1,2,1,5,Not at intersection,3,30,Arterial Other,18-21,Other injury,Bicyclists
T20210019899,9/27/2021,14:22:00,1,Collision with vehicle,1,Monday,133,LANE SIDE SWIPE (VEHICLES IN PARALLEL LANES),1,695732,2,0,0,1,1,2,1,5,Not at intersection,3,60,Local Road,16-17,Other injury,Bicyclists
T20210019916,9/27/2021,18:56:00,1,Collision with vehicle,2,Monday,111,RIGHT FAR (INTERSECTIONS ONLY),2,52491,2,0,0,1,1,2,1,1,Cross intersection,3,50,Local Road,40-49,Other injury,Bicyclists
T20210019920,9/27/2021,17:20:00,1,Collision with vehicle,2,Monday,148,VEHICLE OFF FOOTPATH STRIKES VEH ON CARRIAGEWAY,2,40681,2,0,1,0,1,2,1,2,T intersection,2,60,Arterial Other,30-39,Serious injury,Bicyclists
T20210019922,9/27/2021,20:20:00,1,Collision with vehicle,1,Monday,133,LANE SIDE SWIPE (VEHICLES IN PARALLEL LANES),3,75464,2,0,1,0,1,2,1,5,Not at intersection,2,40,Local Road,50-59,Serious injury,Bicyclists
T20210019951,9/28/2021,11:15:00,1,Collision with vehicle,3,Tuesday,133,LANE SIDE SWIPE (VEHICLES IN PARALLEL LANES),1,696113,2,0,0,1,1,2,2,5,Not at intersection,3,40,Arterial Highway,40-49,Other injury,Bicyclists
T20210019957,9/22/2021,15:15:00,1,Collision with vehicle,4,Wednesday,121,RIGHT THROUGH,9,326348,2,0,0,1,1,2,2,5,Not at intersection,3,999,Local Road,65-69,Other injury,Bicyclists
T20210019958,9/28/2021,14:45:00,1,Collision with vehicle,3,Tuesday,116,LEFT NEAR (INTERSECTIONS ONLY),1,697585,2,1,0,0,1,2,1,2,T intersection,1,60,Uknown,60-64,Fatality,Bicyclists
T20210019973,9/28/2021,16:25:00,1,Collision with vehicle,3,Tuesday,113,RIGHT NEAR (INTERSECTIONS ONLY),1,42506,2,0,1,0,1,2,1,2,T intersection,2,50,Local Road,60-64,Serious injury,Bicyclists
T20210020011,9/29/2021,11:04:00,1,Collision with vehicle,4,Wednesday,137,LEFT TURN SIDESWIPE,1,42075,3,0,0,1,2,3,2,2,T intersection,3,60,Arterial Other,30-39,Other injury,Bicyclists
T20210020018,9/29/2021,14:50:00,1,Collision with vehicle,4,Wednesday,147,VEHICLE STRIKES ANOTHER VEH WHILE EMERGING FROM DRIVEWAY,1,697287,2,0,0,1,1,2,1,5,Not at intersection,3,30,Arterial Other,13-15,Other injury,Bicyclists
T20210020050,9/30/2021,12:43:00,1,Collision with vehicle,5,Thursday,110,CROSS TRAFFIC(INTERSECTIONS ONLY),1,15178,2,0,1,0,1,2,1,1,Cross intersection,2,50,Local Road,65-69,Serious injury,Bicyclists
T20210020102,10/1/2021,11:53:00,1,Collision with vehicle,5,Friday,148,VEHICLE OFF FOOTPATH STRIKES VEH ON CARRIAGEWAY,1,695641,2,0,0,1,1,2,1,5,Not at intersection,3,999,Arterial Other,45424,Other injury,Bicyclists
T20210020153,9/30/2021,19:25:00,1,Collision with vehicle,4,Thursday,163,VEHICLE STRIKES DOOR OF PARKED/STATIONARY VEHICLE,3,694534,2,0,1,0,1,2,2,5,Not at intersection,2,40,Local Road,26-29,Serious injury,Bicyclists
T20210020161,10/2/2021,10:05:00,1,Collision with vehicle,7,Saturday,113,RIGHT NEAR (INTERSECTIONS ONLY),1,58987,3,0,1,1,1,3,1,2,T intersection,2,60,Arterial Other,30-39,Other injury,Bicyclists
T20210020169,10/2/2021,14:00:00,8,No collision and no object struck,7,Saturday,184,OUT OF CONTROL ON CARRIAGEWAY (ON BEND),1,693978,2,0,1,0,1,2,2,5,Not at intersection,2,50,Local Road,40-49,Serious injury,Bicyclists
T20210020181,10/2/2021,15:58:00,2,Struck Pedestrian,7,Saturday,101,PED EMERGES FROM IN FRONT OF PARKED OR STATIONARY VEHICLE,1,698693,2,0,2,0,0,2,1,5,Not at intersection,2,60,Arterial Other,30-39,Serious injury,Bicyclists
T20210020191,10/1/2021,17:00:00,8,No collision and no object struck,5,Friday,149,OTHER MANOEUVRING NOT INCLUDED IN DCAs 140-148,1,56604,2,0,0,1,1,2,2,2,T intersection,3,60,Local Road,40-49,Other injury,Bicyclists
T20210020221,9/20/2021,16:25:00,1,Collision with vehicle,1,Monday,137,LEFT TURN SIDESWIPE,1,695639,2,0,0,1,1,2,2,5,Not at intersection,3,50,Local Road,30-39,Other injury,Bicyclists
T20210020233,9/4/2021,20:30:00,8,No collision and no object struck,7,Saturday,170,OFF CARRIAGEWAY TO LEFT,6,694145,1,0,0,1,0,1,2,5,Not at intersection,3,60,Local Road,26-29,Other injury,Bicyclists
T20210020278,10/4/2021,12:00:00,1,Collision with vehicle,2,Monday,121,RIGHT THROUGH,1,47032,2,0,1,0,1,2,1,2,T intersection,2,60,Local Road,50-59,Serious injury,Bicyclists
T20210020288,5/3/2021,16:30:00,1,Collision with vehicle,1,Monday,160,VEHICLE COLLIDES WITH VEHICLE PARKED ON LEFT OF ROAD,9,695366,2,0,0,1,0,1,2,2,T intersection,3,50,Local Road,65-69,Other injury,Bicyclists
T20210020302,9/27/2021,12:00:00,8,No collision and no object struck,2,Monday,174,OUT OF CONTROL ON CARRIAGEWAY (ON STRAIGHT),1,38901,1,0,0,1,0,1,2,4,Multiple intersection,3,999,Arterial Other,50-59,Other injury,Bicyclists
T20210020324,10/5/2021,19:10:00,1,Collision with vehicle,3,Tuesday,163,VEHICLE STRIKES DOOR OF PARKED/STATIONARY VEHICLE,1,696869,2,0,1,1,0,2,1,5,Not at intersection,2,60,Local Road,30-39,Serious injury,Bicyclists
T20210020354,10/5/2021,15:30:00,1,Collision with vehicle,2,Tuesday,113,RIGHT NEAR (INTERSECTIONS ONLY),1,699506,2,0,0,1,1,2,2,2,T intersection,3,40,Local Road,50-59,Other injury,Bicyclists
T20210020392,10/7/2021,6:20:00,1,Collision with vehicle,4,Thursday,133,LANE SIDE SWIPE (VEHICLES IN PARALLEL LANES),2,694759,2,0,0,1,1,2,1,5,Not at intersection,3,60,Uknown,30-39,Other injury,Bicyclists
T20210020402,10/7/2021,10:45:00,1,Collision with vehicle,4,Thursday,110,CROSS TRAFFIC(INTERSECTIONS ONLY),1,53182,2,0,0,1,1,2,2,1,Cross intersection,3,50,Local Road,40-49,Other injury,Bicyclists
T20210020417,10/6/2021,15:30:00,1,Collision with vehicle,4,Wednesday,148,VEHICLE OFF FOOTPATH STRIKES VEH ON CARRIAGEWAY,1,694254,2,0,1,0,1,2,2,2,T intersection,2,70,Local Road,40-49,Serious injury,Bicyclists
T20210020420,10/7/2021,17:08:00,1,Collision with vehicle,5,Thursday,130,REAR END(VEHICLES IN SAME LANE),1,704552,2,0,1,0,1,2,1,5,Not at intersection,2,60,Arterial Other,30-39,Serious injury,Bicyclists
T20210020426,10/7/2021,17:40:00,1,Collision with vehicle,5,Thursday,116,LEFT NEAR (INTERSECTIONS ONLY),1,40531,2,0,1,0,1,2,1,1,Cross intersection,2,40,Local Road,40-49,Serious injury,Bicyclists
T20210020456,9/17/2021,11:30:00,1,Collision with vehicle,5,Friday,160,VEHICLE COLLIDES WITH VEHICLE PARKED ON LEFT OF ROAD,1,755603,2,0,1,0,0,1,2,5,Not at intersection,2,40,Uknown,40-49,Serious injury,Bicyclists
T20210020458,10/6/2021,13:00:00,1,Collision with vehicle,4,Wednesday,150,HEAD ON(OVERTAKING),1,695011,2,0,0,1,1,2,2,5,Not at intersection,3,50,Local Road,13-15,Other injury,Bicyclists
T20210020471,10/8/2021,19:00:00,1,Collision with vehicle,6,Friday,133,LANE SIDE SWIPE (VEHICLES IN PARALLEL LANES),2,694371,2,0,0,1,1,2,1,5,Not at intersection,3,60,Arterial Other,50-59,Other injury,Bicyclists
T20210020512,9/12/2021,13:00:00,8,No collision and no object struck,1,Sunday,174,OUT OF CONTROL ON CARRIAGEWAY (ON STRAIGHT),1,694374,1,0,0,1,0,1,2,5,Not at intersection,3,999,Arterial Other,30-39,Other injury,Bicyclists
T20210020516,10/9/2021,16:47:00,1,Collision with vehicle,6,Saturday,163,VEHICLE STRIKES DOOR OF PARKED/STATIONARY VEHICLE,1,694599,2,0,0,1,1,2,1,5,Not at intersection,3,40,Arterial Other,30-39,Other injury,Bicyclists
T20210020579,10/10/2021,15:10:00,1,Collision with vehicle,0,Sunday,110,CROSS TRAFFIC(INTERSECTIONS ONLY),1,686152,2,0,1,0,1,2,1,1,Cross intersection,2,60,Local Road,13-15,Serious injury,Bicyclists
T20210020607,10/11/2021,9:58:00,1,Collision with vehicle,2,Monday,116,LEFT NEAR (INTERSECTIONS ONLY),1,694603,2,0,1,0,1,2,1,2,T intersection,2,50,Local Road,70+,Serious injury,Bicyclists
T20210020613,10/9/2021,19:30:00,8,No collision and no object struck,6,Saturday,179,OTHER ACCIDENTS-OFF STRAIGHT NOT INCLUDED IN DCAs 170-175,6,781369,1,0,0,1,0,1,2,5,Not at intersection,3,888,Local Road,30-39,Other injury,Bicyclists
T20210020621,10/9/2021,10:40:00,5,collision with some other object,7,Saturday,166,STRUCK OBJECT ON CARRIAGEWAY,1,697869,1,0,1,0,0,1,1,5,Not at intersection,2,60,Arterial Other,40-49,Serious injury,Bicyclists
T20210020629,10/11/2021,17:00:00,8,No collision and no object struck,2,Monday,199,UNKNOWN-NO DETAILS ON MANOEUVRES OF ROAD-USERS IN ACCIDENT,1,695012,1,0,0,1,0,1,1,5,Not at intersection,3,50,Local Road,40-49,Other injury,Bicyclists
T20210020650,10/11/2021,13:08:00,1,Collision with vehicle,1,Monday,137,LEFT TURN SIDESWIPE,1,694855,2,0,0,1,1,2,1,5,Not at intersection,3,999,Local Road,30-39,Other injury,Bicyclists
T20210020673,10/11/2021,17:35:00,1,Collision with vehicle,2,Monday,110,CROSS TRAFFIC(INTERSECTIONS ONLY),1,694605,2,0,1,0,1,2,1,1,Cross intersection,2,50,Local Road,45424,Serious injury,Bicyclists
T20210020699,10/12/2021,18:03:00,1,Collision with vehicle,2,Tuesday,148,VEHICLE OFF FOOTPATH STRIKES VEH ON CARRIAGEWAY,1,760821,2,0,1,0,1,2,1,2,T intersection,2,50,Local Road,13-15,Serious injury,Bicyclists
T20210020723,10/13/2021,8:15:00,1,Collision with vehicle,3,Wednesday,110,CROSS TRAFFIC(INTERSECTIONS ONLY),1,50451,2,0,0,1,1,2,2,1,Cross intersection,3,50,Arterial Other,26-29,Other injury,Bicyclists
T20210020724,8/12/2021,19:45:00,6,Vehicle overturned (no collision),5,Thursday,170,OFF CARRIAGEWAY TO LEFT,5,694960,1,0,1,0,0,1,2,5,Not at intersection,2,80,Arterial Other,40-49,Serious injury,Bicyclists
T20210020738,10/13/2021,9:15:00,1,Collision with vehicle,4,Wednesday,163,VEHICLE STRIKES DOOR OF PARKED/STATIONARY VEHICLE,1,697170,2,0,0,1,1,2,2,5,Not at intersection,3,999,Local Road,50-59,Other injury,Bicyclists
T20210020772,10/13/2021,15:29:00,1,Collision with vehicle,4,Wednesday,110,CROSS TRAFFIC(INTERSECTIONS ONLY),1,229668,2,0,1,0,1,2,1,1,Cross intersection,2,40,Local Road,70+,Serious injury,Bicyclists
T20210020775,10/13/2021,19:15:00,1,Collision with vehicle,4,Wednesday,147,VEHICLE STRIKES ANOTHER VEH WHILE EMERGING FROM DRIVEWAY,1,696821,2,0,0,1,1,2,2,5,Not at intersection,3,70,Arterial Highway,30-39,Other injury,Bicyclists
T20210020812,10/14/2021,12:50:00,6,Vehicle overturned (no collision),4,Thursday,174,OUT OF CONTROL ON CARRIAGEWAY (ON STRAIGHT),1,760767,1,0,1,0,0,1,1,5,Not at intersection,2,40,Uknown,Unknown,Serious injury,Bicyclists
T20210020832,10/14/2021,17:41:00,1,Collision with vehicle,5,Thursday,163,VEHICLE STRIKES DOOR OF PARKED/STATIONARY VEHICLE,1,694800,3,0,1,0,3,4,1,5,Not at intersection,2,60,Arterial Highway,30-39,Serious injury,Bicyclists
T20210020835,10/14/2021,18:59:00,1,Collision with vehicle,5,Thursday,148,VEHICLE OFF FOOTPATH STRIKES VEH ON CARRIAGEWAY,2,694966,2,0,0,1,2,3,1,5,Not at intersection,3,50,Uknown,13-15,Other injury,Bicyclists
T20210020836,8/6/2021,8:45:00,8,No collision and no object struck,5,Friday,149,OTHER MANOEUVRING NOT INCLUDED IN DCAs 140-148,1,696990,2,0,0,1,1,2,2,5,Not at intersection,3,50,Local Road,60-64,Other injury,Bicyclists
T20210020864,10/14/2021,17:45:00,1,Collision with vehicle,4,Thursday,121,RIGHT THROUGH,1,38051,2,0,0,1,1,2,2,1,Cross intersection,3,999,Arterial Other,50-59,Other injury,Bicyclists
T20210020872,10/13/2021,20:15:00,1,Collision with vehicle,4,Wednesday,113,RIGHT NEAR (INTERSECTIONS ONLY),3,258466,2,0,0,1,1,2,1,2,T intersection,3,50,Local Road,40-49,Other injury,Bicyclists
T20210020883,10/15/2021,9:30:00,2,Struck Pedestrian,5,Friday,106,VEH STRIKES PED ON FOOTPATH/MEDIAN/TRAFFIC ISLAND.,1,696684,1,0,0,1,1,2,2,5,Not at intersection,3,888,Arterial Other,Unknown,Not injured,Bicyclists
T20210020895,10/15/2021,7:50:00,1,Collision with vehicle,6,Friday,133,LANE SIDE SWIPE (VEHICLES IN PARALLEL LANES),9,696048,2,0,0,1,1,2,2,5,Not at intersection,3,60,Local Road,26-29,Other injury,Bicyclists
T20210020901,10/15/2021,14:27:00,1,Collision with vehicle,6,Friday,137,LEFT TURN SIDESWIPE,1,67563,2,0,1,0,1,2,1,2,T intersection,2,40,Local Road,50-59,Serious injury,Bicyclists
T20210020910,10/9/2021,12:25:00,1,Collision with vehicle,7,Saturday,147,VEHICLE STRIKES ANOTHER VEH WHILE EMERGING FROM DRIVEWAY,1,694968,2,0,0,1,1,2,2,5,Not at intersection,3,888,Arterial Other,45424,Other injury,Bicyclists
T20210020921,9/28/2021,17:30:00,6,Vehicle overturned (no collision),3,Tuesday,174,OUT OF CONTROL ON CARRIAGEWAY (ON STRAIGHT),1,238437,1,0,0,1,0,1,2,2,T intersection,3,50,Local Road,45424,Other injury,Bicyclists
T20210020969,10/17/2021,10:00:00,5,collision with some other object,1,Sunday,165,TEMPORARY ROADWORKS,1,694935,1,0,1,0,0,1,1,5,Not at intersection,2,60,Arterial Other,70+,Serious injury,Bicyclists
T20210020972,10/17/2021,10:30:00,1,Collision with vehicle,1,Sunday,130,REAR END(VEHICLES IN SAME LANE),1,694936,2,0,1,0,1,2,1,5,Not at intersection,2,50,Local Road,50-59,Serious injury,Bicyclists
T20210020978,10/17/2021,10:40:00,1,Collision with vehicle,1,Sunday,148,VEHICLE OFF FOOTPATH STRIKES VEH ON CARRIAGEWAY,1,37424,2,0,1,1,0,2,1,2,T intersection,2,60,Arterial Other,30-39,Other injury,Bicyclists
T20210021042,10/18/2021,12:30:00,1,Collision with vehicle,1,Monday,148,VEHICLE OFF FOOTPATH STRIKES VEH ON CARRIAGEWAY,1,695774,2,0,1,0,1,2,1,5,Not at intersection,2,50,Local Road,16-17,Serious injury,Bicyclists
T20210021065,10/18/2021,17:30:00,1,Collision with vehicle,2,Monday,119,OTHER ADJACENT (INTERSECTIONS ONLY),1,696050,2,0,1,0,2,3,1,2,T intersection,2,50,Local Road,45424,Serious injury,Bicyclists
T20210021110,10/19/2021,8:25:00,2,Struck Pedestrian,2,Tuesday,100,PED NEAR SIDE. PED HIT BY VEHICLE FROM THE RIGHT.,1,698298,1,0,1,0,1,2,1,5,Not at intersection,2,30,Local Road,30-39,Not injured,Bicyclists
T20210021158,10/20/2021,8:46:00,1,Collision with vehicle,4,Wednesday,110,CROSS TRAFFIC(INTERSECTIONS ONLY),1,42064,2,0,1,0,1,2,1,1,Cross intersection,2,50,Local Road,65-69,Serious injury,Bicyclists
T20210021159,10/20/2021,8:30:00,1,Collision with vehicle,4,Wednesday,116,LEFT NEAR (INTERSECTIONS ONLY),1,57599,2,0,1,0,1,2,1,2,T intersection,2,999,Arterial Other,40-49,Serious injury,Bicyclists
T20210021162,10/20/2021,6:50:00,1,Collision with vehicle,4,Wednesday,112,LEFT FAR (INTERSECTIONS ONLY),1,35492,2,0,0,1,1,2,1,2,T intersection,3,999,Local Road,30-39,Other injury,Bicyclists
T20210021172,10/20/2021,10:20:00,1,Collision with vehicle,3,Wednesday,121,RIGHT THROUGH,1,38020,2,0,0,1,1,2,2,1,Cross intersection,3,50,Local Road,50-59,Other injury,Bicyclists
T20210021174,10/19/2021,15:10:00,1,Collision with vehicle,3,Tuesday,147,VEHICLE STRIKES ANOTHER VEH WHILE EMERGING FROM DRIVEWAY,1,695201,2,0,0,1,1,2,1,5,Not at intersection,3,999,Arterial Other,13-15,Other injury,Bicyclists
T20210021187,10/20/2021,14:45:00,1,Collision with vehicle,4,Wednesday,142,LEAVING PARKING,1,695249,2,0,0,1,1,2,1,5,Not at intersection,3,50,Local Road,18-21,Other injury,Bicyclists
T20210021190,10/16/2021,22:30:00,8,No collision and no object struck,7,Saturday,174,OUT OF CONTROL ON CARRIAGEWAY (ON STRAIGHT),3,698939,2,0,1,0,1,2,2,5,Not at intersection,2,50,Local Road,30-39,Serious injury,Bicyclists
T20210021192,10/20/2021,13:30:00,1,Collision with vehicle,3,Wednesday,130,REAR END(VEHICLES IN SAME LANE),1,698126,2,0,0,1,1,2,2,5,Not at intersection,3,60,Arterial Other,30-39,Other injury,Bicyclists