ACCIDENT_NO,ACCIDENT_DATE,ACCIDENT_TIME,ACCIDENT_TYPE,ACCIDENT_TYPE_DESC,DAY_OF_WEEK,DAY_WEEK_DESC,DCA_CODE,DCA_DESC,LIGHT_CONDITION,NODE_ID,NO_OF_VEHICLES,NO_PERSONS_KILLED,NO_PERSONS_INJ_2,NO_PERSONS_INJ_3,NO_PERSONS_NOT_INJ,NO_PERSONS,POLICE_ATTEND,ROAD_GEOMETRY,ROAD_GEOMETRY_DESC,SEVERITY,SPEED_ZONE,RMA,AGE_GROUP,INJ_LEVEL,ROAD_USER_TYPE_DESC
T20210021196,8/27/2021,9:00:00,8,No collision and no object struck,6,Friday,174,OUT OF CONTROL ON CARRIAGEWAY (ON STRAIGHT),1,695250,2,0,0,1,1,2,2,5,Not at intersection,3,40,Local Road,40-49,Other injury,Bicyclists
T20210021234,9/27/2021,10:15:00,1,Collision with vehicle,2,Monday,160,VEHICLE COLLIDES WITH VEHICLE PARKED ON LEFT OF ROAD,1,695370,2,0,1,0,0,1,2,5,Not at intersection,2,60,Arterial Other,65-69,Serious injury,Bicyclists
T20210021246,10/20/2021,15:10:00,1,Collision with vehicle,4,Wednesday,137,LEFT TURN SIDESWIPE,1,695302,2,0,1,0,1,2,2,1,Cross intersection,2,999,Arterial Other,50-59,Serious injury,Bicyclists
T20210021253,10/21/2021,5:40:00,1,Collision with vehicle,5,Thursday,120,HEAD ON (NOT OVERTAKING),5,703445,2,1,0,0,1,2,1,2,T intersection,1,60,Uknown,60-64,Fatality,Bicyclists
T20210021269,10/14/2021,11:30:00,1,Collision with vehicle,5,Thursday,148,VEHICLE OFF FOOTPATH STRIKES VEH ON CARRIAGEWAY,1,695910,2,0,1,0,1,2,2,5,Not at intersection,2,60,Local Road,65-69,Serious injury,Bicyclists
T20210021275,10/20/2021,17:36:00,1,Collision with vehicle,4,Wednesday,148,VEHICLE OFF FOOTPATH STRIKES VEH ON CARRIAGEWAY,1,697747,2,0,0,1,1,2,2,5,Not at intersection,3,50,Local Road,13-15,Other injury,Bicyclists
T20210021322,10/22/2021,10:50:00,1,Collision with vehicle,5,Friday,160,VEHICLE COLLIDES WITH VEHICLE PARKED ON LEFT OF ROAD,1,695507,4,0,1,0,2,3,1,2,T intersection,2,40,Local Road,65-69,Serious injury,Bicyclists
T20210021338,10/20/2021,17:10:00,1,Collision with vehicle,4,Wednesday,113,RIGHT NEAR (INTERSECTIONS ONLY),1,38243,2,0,1,0,1,2,1,2,T intersection,2,50,Local Road,30-39,Serious injury,Bicyclists
T20210021341,10/22/2021,11:40:00,1,Collision with vehicle,6,Friday,121,RIGHT THROUGH,1,50064,2,0,0,1,1,2,1,1,Cross intersection,3,50,Local Road,65-69,Other injury,Bicyclists
T20210021356,10/22/2021,18:00:00,1,Collision with vehicle,6,Friday,110,CROSS TRAFFIC(INTERSECTIONS ONLY),1,695373,2,0,1,0,1,2,1,1,Cross intersection,2,50,Uknown,70+,Serious injury,Bicyclists
T20210021371,10/21/2021,15:30:00,1,Collision with vehicle,5,Thursday,147,VEHICLE STRIKES ANOTHER VEH WHILE EMERGING FROM DRIVEWAY,1,695620,2,0,2,0,0,2,2,5,Not at intersection,2,40,Local Road,40-49,Serious injury,Bicyclists
T20210021376,10/22/2021,21:53:00,1,Collision with vehicle,6,Friday,116,LEFT NEAR (INTERSECTIONS ONLY),3,36858,2,0,1,0,1,2,1,1,Cross intersection,2,60,Arterial Other,22-25,Serious injury,Bicyclists
T20210021394,10/21/2021,14:20:00,1,Collision with vehicle,4,Thursday,110,CROSS TRAFFIC(INTERSECTIONS ONLY),1,-1,2,0,0,1,1,2,2,1,Cross intersection,3,50,Uknown,70+,Other injury,Bicyclists
T20210021455,10/22/2021,17:30:00,1,Collision with vehicle,6,Friday,110,CROSS TRAFFIC(INTERSECTIONS ONLY),1,39973,2,0,1,0,1,2,1,1,Cross intersection,2,60,Local Road,30-39,Serious injury,Bicyclists
T20210021490,10/21/2021,6:00:00,1,Collision with vehicle,5,Thursday,130,REAR END(VEHICLES IN SAME LANE),2,695509,2,0,1,0,2,3,2,5,Not at intersection,2,50,Uknown,65-69,Serious injury,Bicyclists
T20210021493,10/22/2021,14:30:00,6,Vehicle overturned (no collision),6,Friday,174,OUT OF CONTROL ON CARRIAGEWAY (ON STRAIGHT),1,695623,1,0,1,0,0,1,1,5,Not at intersection,2,60,Arterial Other,30-39,Serious injury,Bicyclists
T20210021528,10/25/2021,16:50:00,8,No collision and no object struck,2,Monday,179,OTHER ACCIDENTS-OFF STRAIGHT NOT INCLUDED IN DCAs 170-175,1,695632,1,0,0,1,0,1,1,5,Not at intersection,3,999,Uknown,45424,Other injury,Bicyclists
T20210021539,10/25/2021,17:30:00,1,Collision with vehicle,2,Monday,148,VEHICLE OFF FOOTPATH STRIKES VEH ON CARRIAGEWAY,1,128,2,0,0,1,1,2,1,1,Cross intersection,3,60,Arterial Other,16-17,Other injury,Bicyclists
T20210021541,10/25/2021,19:07:00,1,Collision with vehicle,2,Monday,119,OTHER ADJACENT (INTERSECTIONS ONLY),1,36460,2,0,1,0,1,2,1,2,T intersection,2,50,Local Road,16-17,Serious injury,Bicyclists
T20210021551,10/9/2021,17:45:00,1,Collision with vehicle,7,Saturday,160,VEHICLE COLLIDES WITH VEHICLE PARKED ON LEFT OF ROAD,1,695536,2,0,0,1,2,3,2,5,Not at intersection,3,40,Uknown,50-59,Other injury,Bicyclists
T20210021565,10/26/2021,7:30:00,1,Collision with vehicle,2,Tuesday,116,LEFT NEAR (INTERSECTIONS ONLY),1,46757,3,0,0,2,1,3,2,2,T intersection,3,80,Arterial Other,Unknown,Other injury,Bicyclists
T20210021596,10/18/2021,12:00:00,1,Collision with vehicle,2,Monday,110,CROSS TRAFFIC(INTERSECTIONS ONLY),1,67459,2,0,0,2,0,2,1,1,Cross intersection,3,60,Local Road,70+,Other injury,Bicyclists
T20210021599,10/26/2021,15:45:00,1,Collision with vehicle,3,Tuesday,132,RIGHT REAR.,1,46823,2,0,1,0,1,2,1,2,T intersection,2,50,Local Road,70+,Serious injury,Bicyclists
T20210021632,10/27/2021,8:45:00,1,Collision with vehicle,4,Wednesday,133,LANE SIDE SWIPE (VEHICLES IN PARALLEL LANES),1,696179,2,0,0,1,1,2,1,2,T intersection,3,40,Uknown,60-64,Other injury,Bicyclists
T20210021650,10/27/2021,10:50:00,1,Collision with vehicle,4,Wednesday,148,VEHICLE OFF FOOTPATH STRIKES VEH ON CARRIAGEWAY,1,695828,2,0,0,1,2,3,1,5,Not at intersection,3,50,Local Road,40-49,Other injury,Bicyclists
T20210021657,10/26/2021,17:15:00,1,Collision with vehicle,2,Tuesday,142,LEAVING PARKING,1,697247,2,0,0,1,1,2,2,5,Not at intersection,3,999,Local Road,26-29,Other injury,Bicyclists
T20210021659,10/27/2021,13:45:00,1,Collision with vehicle,3,Wednesday,142,LEAVING PARKING,1,55171,2,0,0,1,1,2,2,2,T intersection,3,60,Arterial Other,30-39,Other injury,Bicyclists
T20210021676,10/24/2021,16:30:00,1,Collision with vehicle,0,Sunday,148,VEHICLE OFF FOOTPATH STRIKES VEH ON CARRIAGEWAY,1,291551,2,0,0,1,1,2,2,5,Not at intersection,3,999,Local Road,22-25,Other injury,Bicyclists
T20210021693,10/24/2021,11:30:00,2,Struck Pedestrian,1,Sunday,108,PED STRUCK WALKING TO/FROM OR BOARDING/ALIGHTING VEHICLE.,9,695786,1,0,1,0,1,2,2,5,Not at intersection,2,999,Arterial Other,Unknown,Not injured,Bicyclists
T20210021697,10/17/2021,14:30:00,1,Collision with vehicle,0,Sunday,137,LEFT TURN SIDESWIPE,1,781489,2,0,0,1,1,2,1,5,Not at intersection,3,60,Arterial Other,26-29,Other injury,Bicyclists
T20210021830,10/30/2021,8:35:00,1,Collision with vehicle,7,Saturday,110,CROSS TRAFFIC(INTERSECTIONS ONLY),1,41121,2,0,1,0,1,2,1,1,Cross intersection,2,60,Arterial Other,60-64,Serious injury,Bicyclists
T20210021855,10/28/2021,19:00:00,4,Collision with a fixed object,5,Thursday,171,LEFT OFF CARRIAGEWAY INTO OBJECT/PARKED VEHICLE,1,695895,1,0,0,1,0,1,2,5,Not at intersection,3,999,Local Road,30-39,Other injury,Bicyclists
T20210021959,10/31/2021,8:25:00,1,Collision with vehicle,1,Sunday,130,REAR END(VEHICLES IN SAME LANE),1,46002,2,0,1,0,1,2,2,1,Cross intersection,2,30,Local Road,60-64,Serious injury,Bicyclists
T20210022054,10/31/2021,22:00:00,1,Collision with vehicle,0,Sunday,121,RIGHT THROUGH,6,36027,2,0,0,1,1,2,2,1,Cross intersection,3,40,Local Road,30-39,Other injury,Bicyclists
T20210022104,4/27/2021,16:30:00,4,Collision with a fixed object,2,Tuesday,171,LEFT OFF CARRIAGEWAY INTO OBJECT/PARKED VEHICLE,9,696305,2,0,1,0,1,2,2,5,Not at intersection,2,999,Local Road,60-64,Serious injury,Bicyclists
T20210022114,11/3/2021,10:00:00,3,Struck animal,3,Wednesday,167,STRUCK ANIMAL,1,697697,1,0,1,0,0,1,1,5,Not at intersection,2,100,Local Road,70+,Serious injury,Bicyclists
T20210022120,11/2/2021,22:54:00,1,Collision with vehicle,2,Tuesday,113,RIGHT NEAR (INTERSECTIONS ONLY),3,43804,2,0,0,1,1,2,2,2,T intersection,3,50,Arterial Other,40-49,Other injury,Bicyclists
T20210022169,11/2/2021,21:00:00,1,Collision with vehicle,2,Tuesday,121,RIGHT THROUGH,9,39314,2,0,0,1,1,2,2,1,Cross intersection,3,999,Arterial Other,26-29,Other injury,Bicyclists
T20210022199,11/4/2021,8:28:00,1,Collision with vehicle,5,Thursday,110,CROSS TRAFFIC(INTERSECTIONS ONLY),1,696378,2,0,1,0,1,2,1,1,Cross intersection,2,50,Local Road,40-49,Serious injury,Bicyclists
T20210022254,11/1/2021,17:00:00,1,Collision with vehicle,1,Monday,110,CROSS TRAFFIC(INTERSECTIONS ONLY),1,52933,2,0,0,1,1,2,2,1,Cross intersection,3,60,Uknown,40-49,Other injury,Bicyclists
T20210022273,10/28/2021,8:10:00,1,Collision with vehicle,5,Thursday,148,VEHICLE OFF FOOTPATH STRIKES VEH ON CARRIAGEWAY,1,696448,2,0,0,1,1,2,2,2,T intersection,3,50,Local Road,16-17,Other injury,Bicyclists
T20210022304,11/5/2021,7:06:00,1,Collision with vehicle,6,Friday,110,CROSS TRAFFIC(INTERSECTIONS ONLY),1,42084,2,0,1,0,1,2,1,1,Cross intersection,2,50,Local Road,50-59,Serious injury,Bicyclists
T20210022316,11/1/2021,11:50:00,1,Collision with vehicle,1,Monday,137,LEFT TURN SIDESWIPE,1,50293,2,0,0,1,1,2,1,1,Cross intersection,3,50,Local Road,70+,Other injury,Bicyclists
T20210022352,11/5/2021,19:00:00,1,Collision with vehicle,6,Friday,147,VEHICLE STRIKES ANOTHER VEH WHILE EMERGING FROM DRIVEWAY,1,696450,2,0,0,1,1,2,1,1,Cross intersection,3,60,Local Road,30-39,Other injury,Bicyclists
T20210022359,11/5/2021,20:05:00,1,Collision with vehicle,6,Friday,110,CROSS TRAFFIC(INTERSECTIONS ONLY),2,56172,2,0,1,0,1,2,1,1,Cross intersection,2,50,Uknown,50-59,Serious injury,Bicyclists
T20210022369,11/5/2021,20:51:00,6,Vehicle overturned (no collision),5,Friday,174,OUT OF CONTROL ON CARRIAGEWAY (ON STRAIGHT),3,36806,1,0,1,0,0,1,1,1,Cross intersection,2,40,Local Road,26-29,Serious injury,Bicyclists
T20210022389,11/5/2021,15:50:00,1,Collision with vehicle,6,Friday,148,VEHICLE OFF FOOTPATH STRIKES VEH ON CARRIAGEWAY,1,696648,2,0,0,1,1,2,1,5,Not at intersection,3,40,Local Road,13-15,Other injury,Bicyclists
T20210022392,10/28/2021,7:00:00,1,Collision with vehicle,4,Thursday,110,CROSS TRAFFIC(INTERSECTIONS ONLY),2,47054,2,0,1,0,1,2,2,1,Cross intersection,2,50,Local Road,50-59,Serious injury,Bicyclists
T20210022414,11/6/2021,9:25:00,1,Collision with vehicle,6,Saturday,121,RIGHT THROUGH,1,39511,2,0,1,0,1,2,1,2,T intersection,2,80,Local Road,50-59,Serious injury,Bicyclists
T20210022425,9/27/2021,21:30:00,8,No collision and no object struck,1,Monday,174,OUT OF CONTROL ON CARRIAGEWAY (ON STRAIGHT),6,696496,1,1,0,0,0,1,1,5,Not at intersection,1,50,Local Road,50-59,Fatality,Bicyclists
T20210022428,11/6/2021,10:30:00,1,Collision with vehicle,7,Saturday,147,VEHICLE STRIKES ANOTHER VEH WHILE EMERGING FROM DRIVEWAY,1,697343,2,0,0,1,1,2,1,5,Not at intersection,3,60,Local Road,26-29,Other injury,Bicyclists
T20210022439,11/6/2021,16:15:00,1,Collision with vehicle,7,Saturday,147,VEHICLE STRIKES ANOTHER VEH WHILE EMERGING FROM DRIVEWAY,1,696612,2,0,0,1,1,2,1,5,Not at intersection,3,50,Local Road,45424,Other injury,Bicyclists
T20210022478,11/6/2021,13:15:00,1,Collision with vehicle,6,Saturday,110,CROSS TRAFFIC(INTERSECTIONS ONLY),1,73819,2,0,0,1,1,2,2,1,Cross intersection,3,60,Local Road,13-15,Other injury,Bicyclists
T20210022482,11/7/2021,11:55:00,8,No collision and no object struck,1,Sunday,174,OUT OF CONTROL ON CARRIAGEWAY (ON STRAIGHT),1,696536,2,0,1,0,1,2,1,1,Cross intersection,2,60,Arterial Other,40-49,Serious injury,Bicyclists
T20210022538,11/6/2021,8:00:00,1,Collision with vehicle,7,Saturday,113,RIGHT NEAR (INTERSECTIONS ONLY),1,40916,2,0,1,0,1,2,2,2,T intersection,2,60,Arterial Other,30-39,Serious injury,Bicyclists
T20210022585,11/7/2021,17:30:00,2,Struck Pedestrian,1,Sunday,102,FAR SIDE. PED HIT BY VEHICLE FROM THE LEFT,1,696820,1,0,0,1,1,2,2,5,Not at intersection,3,888,Local Road,Unknown,Not injured,Bicyclists
T20210022591,11/8/2021,18:30:00,1,Collision with vehicle,2,Monday,148,VEHICLE OFF FOOTPATH STRIKES VEH ON CARRIAGEWAY,1,42672,2,0,1,0,1,2,1,2,T intersection,2,60,Arterial Highway,30-39,Serious injury,Bicyclists
T20210022613,11/2/2021,14:45:00,1,Collision with vehicle,3,Tuesday,148,VEHICLE OFF FOOTPATH STRIKES VEH ON CARRIAGEWAY,1,696707,2,0,0,1,1,2,1,2,T intersection,3,50,Local Road,40-49,Other injury,Bicyclists
T20210022643,11/6/2021,6:45:00,1,Collision with vehicle,7,Saturday,163,VEHICLE STRIKES DOOR OF PARKED/STATIONARY VEHICLE,2,696819,2,0,0,1,1,2,2,5,Not at intersection,3,50,Local Road,30-39,Other injury,Bicyclists
T20210022644,11/9/2021,8:30:00,1,Collision with vehicle,3,Tuesday,148,VEHICLE OFF FOOTPATH STRIKES VEH ON CARRIAGEWAY,1,686754,2,0,0,1,1,2,1,2,T intersection,3,70,Arterial Highway,13-15,Other injury,Bicyclists
T20210022676,11/9/2021,18:17:00,1,Collision with vehicle,2,Tuesday,110,CROSS TRAFFIC(INTERSECTIONS ONLY),1,696799,2,0,0,1,1,2,1,4,Multiple intersection,3,60,Arterial Other,50-59,Other injury,Bicyclists
T20210022746,11/10/2021,17:20:00,1,Collision with vehicle,4,Wednesday,121,RIGHT THROUGH,1,42734,2,0,0,2,0,2,1,1,Cross intersection,3,40,Local Road,26-29,Other injury,Bicyclists
T20210022775,11/11/2021,6:15:00,1,Collision with vehicle,5,Thursday,134,LANE CHANGE RIGHT (NOT OVERTAKING),1,697018,2,0,1,0,1,2,1,5,Not at intersection,2,80,Arterial Highway,50-59,Serious injury,Bicyclists
T20210022791,11/10/2021,8:10:00,1,Collision with vehicle,4,Wednesday,148,VEHICLE OFF FOOTPATH STRIKES VEH ON CARRIAGEWAY,1,835,2,0,0,1,1,2,2,2,T intersection,3,50,Local Road,40-49,Other injury,Bicyclists
T20210022802,11/11/2021,12:20:00,1,Collision with vehicle,4,Thursday,130,REAR END(VEHICLES IN SAME LANE),1,701414,2,0,1,0,1,2,1,5,Not at intersection,2,50,Local Road,60-64,Serious injury,Bicyclists
T20210022831,11/11/2021,12:30:00,1,Collision with vehicle,5,Thursday,147,VEHICLE STRIKES ANOTHER VEH WHILE EMERGING FROM DRIVEWAY,1,699059,2,0,1,0,1,2,2,2,T intersection,2,80,Arterial Highway,70+,Serious injury,Bicyclists
T20210022923,11/12/2021,7:30:00,1,Collision with vehicle,6,Friday,116,LEFT NEAR (INTERSECTIONS ONLY),1,47092,2,0,0,1,1,2,2,2,T intersection,3,50,Arterial Other,40-49,Other injury,Bicyclists
T20210022925,11/4/2021,15:45:00,1,Collision with vehicle,5,Thursday,149,OTHER MANOEUVRING NOT INCLUDED IN DCAs 140-148,1,707931,2,0,0,1,1,2,2,5,Not at intersection,3,999,Arterial Highway,45424,Other injury,Bicyclists
T20210022949,10/23/2021,22:00:00,2,Struck Pedestrian,7,Saturday,104,PED WALKING WITH TRAFFIC,6,701013,1,0,0,1,1,2,2,5,Not at intersection,3,50,Local Road,Unknown,Not injured,Bicyclists
T20210023050,3/21/2020,16:30:00,8,No collision and no object struck,6,Saturday,151,OUT OF CONTROL (OVERTAKING),9,697034,2,0,0,1,0,1,2,5,Not at intersection,3,40,Local Road,26-29,Other injury,Bicyclists
T20210023079,10/27/2021,12:20:00,1,Collision with vehicle,4,Wednesday,133,LANE SIDE SWIPE (VEHICLES IN PARALLEL LANES),1,697210,2,0,1,0,1,2,2,5,Not at intersection,2,50,Local Road,70+,Serious injury,Bicyclists
T20210023082,11/14/2021,22:30:00,1,Collision with vehicle,0,Sunday,130,REAR END(VEHICLES IN SAME LANE),3,730989,2,0,0,1,1,2,1,2,T intersection,3,50,Local Road,26-29,Other injury,Bicyclists
T20210023133,11/15/2021,18:00:00,1,Collision with vehicle,2,Monday,143,ENTERING PARKING,1,698998,2,0,1,0,1,2,1,5,Not at intersection,2,50,Uknown,30-39,Serious injury,Bicyclists
T20210023180,11/16/2021,15:25:00,1,Collision with vehicle,3,Tuesday,148,VEHICLE OFF FOOTPATH STRIKES VEH ON CARRIAGEWAY,1,52995,2,0,1,0,1,2,1,2,T intersection,2,40,Uknown,13-15,Serious injury,Bicyclists
T20210023195,11/16/2021,16:35:00,1,Collision with vehicle,2,Tuesday,110,CROSS TRAFFIC(INTERSECTIONS ONLY),1,868,2,0,0,1,1,2,1,1,Cross intersection,3,50,Arterial Highway,26-29,Other injury,Bicyclists
T20210023212,11/16/2021,9:13:00,1,Collision with vehicle,3,Tuesday,148,VEHICLE OFF FOOTPATH STRIKES VEH ON CARRIAGEWAY,1,230257,2,0,0,1,2,3,1,2,T intersection,3,40,Local Road,30-39,Other injury,Bicyclists
T20210023302,11/17/2021,16:05:00,1,Collision with vehicle,3,Wednesday,110,CROSS TRAFFIC(INTERSECTIONS ONLY),1,697418,2,0,0,1,1,2,1,1,Cross intersection,3,50,Local Road,70+,Other injury,Bicyclists
T20210023305,11/17/2021,19:15:00,1,Collision with vehicle,4,Wednesday,121,RIGHT THROUGH,2,36366,2,0,1,1,0,2,1,1,Cross intersection,2,40,Arterial Other,30-39,Serious injury,Bicyclists
T20210023313,11/4/2021,16:00:00,8,No collision and no object struck,4,Thursday,174,OUT OF CONTROL ON CARRIAGEWAY (ON STRAIGHT),9,52171,2,0,0,1,2,3,2,2,T intersection,3,60,Local Road,40-49,Other injury,Bicyclists
T20210023354,10/26/2021,10:56:00,8,No collision and no object struck,2,Tuesday,174,OUT OF CONTROL ON CARRIAGEWAY (ON STRAIGHT),1,697303,2,0,1,0,1,2,2,2,T intersection,2,50,Local Road,65-69,Serious injury,Bicyclists
T20210023394,11/18/2021,22:13:00,1,Collision with vehicle,4,Thursday,130,REAR END(VEHICLES IN SAME LANE),3,355365,3,0,1,0,5,6,1,5,Not at intersection,2,999,Arterial Other,Unknown,Not injured,Bicyclists
T20210023421,11/9/2021,10:35:00,5,collision with some other object,3,Tuesday,166,STRUCK OBJECT ON CARRIAGEWAY,1,697501,3,0,0,2,1,3,2,5,Not at intersection,3,60,Uknown,50-59,Other injury,Bicyclists
T20210023448,11/17/2021,11:45:00,8,No collision and no object struck,3,Wednesday,149,OTHER MANOEUVRING NOT INCLUDED IN DCAs 140-148,1,699931,2,0,1,0,1,2,2,5,Not at intersection,2,40,Local Road,40-49,Serious injury,Bicyclists
T20210023458,11/19/2021,17:50:00,1,Collision with vehicle,5,Friday,113,RIGHT NEAR (INTERSECTIONS ONLY),1,63524,2,0,0,1,1,2,1,2,T intersection,3,60,Arterial Other,40-49,Other injury,Bicyclists
T20210023479,11/20/2021,1:20:00,1,Collision with vehicle,6,Saturday,120,HEAD ON (NOT OVERTAKING),5,48781,2,0,0,1,1,2,1,1,Cross intersection,3,60,Local Road,16-17,Other injury,Bicyclists
T20210023579,11/21/2021,13:15:00,1,Collision with vehicle,1,Sunday,163,VEHICLE STRIKES DOOR OF PARKED/STATIONARY VEHICLE,1,732012,2,0,1,0,1,2,1,5,Not at intersection,2,40,Arterial Other,50-59,Serious injury,Bicyclists
T20210023583,10/9/2021,14:00:00,1,Collision with vehicle,6,Saturday,130,REAR END(VEHICLES IN SAME LANE),1,342385,3,0,0,1,2,3,2,5,Not at intersection,3,999,Arterial Other,30-39,Other injury,Bicyclists
T20210023599,11/10/2021,4:00:00,1,Collision with vehicle,4,Wednesday,160,VEHICLE COLLIDES WITH VEHICLE PARKED ON LEFT OF ROAD,6,697601,2,0,0,1,0,1,2,5,Not at intersection,3,40,Local Road,26-29,Other injury,Bicyclists
T20210023617,11/18/2021,15:42:00,1,Collision with vehicle,5,Thursday,147,VEHICLE STRIKES ANOTHER VEH WHILE EMERGING FROM DRIVEWAY,1,240665,2,0,0,1,1,2,1,5,Not at intersection,3,999,Local Road,45424,Other injury,Bicyclists
T20210023633,11/22/2021,7:00:00,1,Collision with vehicle,2,Monday,121,RIGHT THROUGH,1,36082,2,0,0,1,1,2,1,2,T intersection,3,60,Local Road,22-25,Other injury,Bicyclists
T20210023645,11/22/2021,11:54:00,1,Collision with vehicle,2,Monday,163,VEHICLE STRIKES DOOR OF PARKED/STATIONARY VEHICLE,1,697834,2,0,0,1,1,2,1,5,Not at intersection,3,50,Uknown,40-49,Other injury,Bicyclists
T20210023664,11/22/2021,12:16:00,1,Collision with vehicle,2,Monday,148,VEHICLE OFF FOOTPATH STRIKES VEH ON CARRIAGEWAY,1,50178,2,1,0,0,1,2,1,1,Cross intersection,1,40,Uknown,70+,Fatality,Bicyclists
T20210023681,11/22/2021,18:30:00,1,Collision with vehicle,1,Monday,160,VEHICLE COLLIDES WITH VEHICLE PARKED ON LEFT OF ROAD,1,702644,2,0,1,0,0,1,1,5,Not at intersection,2,60,Uknown,22-25,Serious injury,Bicyclists
T20210023703,11/9/2021,15:15:00,1,Collision with vehicle,2,Tuesday,137,LEFT TURN SIDESWIPE,1,29465,2,0,0,1,2,3,2,2,T intersection,3,60,Arterial Other,60-64,Other injury,Bicyclists
T20210023720,2/13/2021,15:28:00,4,Collision with a fixed object,6,Saturday,171,LEFT OFF CARRIAGEWAY INTO OBJECT/PARKED VEHICLE,1,702229,2,0,1,0,1,2,1,5,Not at intersection,2,60,Local Road,Unknown,Not injured,Bicyclists
T20210023726,11/4/2021,12:00:00,1,Collision with vehicle,5,Thursday,147,VEHICLE STRIKES ANOTHER VEH WHILE EMERGING FROM DRIVEWAY,1,707939,2,0,0,1,1,2,2,5,Not at intersection,3,50,Arterial Highway,50-59,Other injury,Bicyclists
T20210023730,11/6/2021,13:00:00,1,Collision with vehicle,7,Saturday,160,VEHICLE COLLIDES WITH VEHICLE PARKED ON LEFT OF ROAD,1,98754,2,0,1,0,1,2,2,5,Not at intersection,2,60,Arterial Other,50-59,Serious injury,Bicyclists
T20210023737,9/4/2021,12:20:00,5,collision with some other object,7,Saturday,166,STRUCK OBJECT ON CARRIAGEWAY,1,697796,1,0,1,0,0,1,2,2,T intersection,2,50,Uknown,50-59,Serious injury,Bicyclists
T20210023742,11/23/2021,13:15:00,8,No collision and no object struck,3,Tuesday,174,OUT OF CONTROL ON CARRIAGEWAY (ON STRAIGHT),1,697797,1,0,0,1,0,1,2,5,Not at intersection,3,40,Arterial Other,26-29,Other injury,Bicyclists
T20210023760,11/23/2021,14:50:00,1,Collision with vehicle,3,Tuesday,160,VEHICLE COLLIDES WITH VEHICLE PARKED ON LEFT OF ROAD,1,699653,3,0,1,0,1,2,2,5,Not at intersection,2,50,Local Road,13-15,Serious injury,Bicyclists
T20210023781,11/22/2021,12:30:00,1,Collision with vehicle,1,Monday,163,VEHICLE STRIKES DOOR OF PARKED/STATIONARY VEHICLE,1,779562,2,0,0,1,1,2,2,5,Not at intersection,3,60,Arterial Other,40-49,Other injury,Bicyclists
T20210023790,9/25/2021,9:10:00,1,Collision with vehicle,6,Saturday,130,REAR END(VEHICLES IN SAME LANE),1,697836,2,0,0,1,1,2,2,5,Not at intersection,3,50,Arterial Highway,40-49,Other injury,Bicyclists
T20210023791,11/23/2021,18:22:00,1,Collision with vehicle,3,Tuesday,147,VEHICLE STRIKES ANOTHER VEH WHILE EMERGING FROM DRIVEWAY,1,699001,2,0,0,1,1,2,1,5,Not at intersection,3,50,Local Road,45424,Other injury,Bicyclists
T20210023808,11/24/2021,8:32:00,1,Collision with vehicle,4,Wednesday,115,RIGHT/LEFT FAR (INTERSECTIONS ONLY),1,698946,2,0,1,0,1,2,1,2,T intersection,2,40,Local Road,60-64,Serious injury,Bicyclists
T20210023816,11/24/2021,8:15:00,1,Collision with vehicle,4,Wednesday,121,RIGHT THROUGH,1,62650,2,0,0,2,1,3,1,2,T intersection,3,50,Local Road,30-39,Other injury,Bicyclists
T20210023819,11/24/2021,8:30:00,1,Collision with vehicle,4,Wednesday,113,RIGHT NEAR (INTERSECTIONS ONLY),1,46519,2,0,0,1,2,3,2,2,T intersection,3,40,Arterial Other,30-39,Other injury,Bicyclists
T20210023821,11/23/2021,16:50:00,1,Collision with vehicle,2,Tuesday,137,LEFT TURN SIDESWIPE,1,781324,2,0,0,1,1,2,2,1,Cross intersection,3,60,Uknown,30-39,Other injury,Bicyclists
T20210023847,11/23/2021,19:45:00,1,Collision with vehicle,2,Tuesday,163,VEHICLE STRIKES DOOR OF PARKED/STATIONARY VEHICLE,1,697921,2,0,0,1,1,2,2,5,Not at intersection,3,999,Arterial Other,18-21,Other injury,Bicyclists
T20210023915,11/23/2021,19:15:00,1,Collision with vehicle,3,Tuesday,113,RIGHT NEAR (INTERSECTIONS ONLY),1,36566,2,0,1,0,1,2,2,2,T intersection,2,40,Local Road,26-29,Serious injury,Bicyclists
T20210023920,11/25/2021,7:10:00,8,No collision and no object struck,4,Thursday,170,OFF CARRIAGEWAY TO LEFT,1,781364,1,0,0,1,0,1,2,5,Not at intersection,3,60,Arterial Other,22-25,Other injury,Bicyclists
T20210023922,11/25/2021,9:00:00,8,No collision and no object struck,5,Thursday,174,OUT OF CONTROL ON CARRIAGEWAY (ON STRAIGHT),1,38022,2,0,0,1,1,2,1,1,Cross intersection,3,60,Arterial Other,50-59,Other injury,Bicyclists
T20210023953,11/25/2021,16:07:00,1,Collision with vehicle,5,Thursday,120,HEAD ON (NOT OVERTAKING),1,38708,2,0,1,0,1,2,1,2,T intersection,2,50,Arterial Other,30-39,Serious injury,Bicyclists
T20210023965,11/25/2021,18:06:00,2,Struck Pedestrian,4,Thursday,102,FAR SIDE. PED HIT BY VEHICLE FROM THE LEFT,2,700113,1,0,0,1,1,2,1,5,Not at intersection,3,50,Local Road,40-49,Other injury,Bicyclists