ACCIDENT_NO,ACCIDENT_DATE,ACCIDENT_TIME,ACCIDENT_TYPE,ACCIDENT_TYPE_DESC,DAY_OF_WEEK,DAY_WEEK_DESC,DCA_CODE,DCA_DESC,LIGHT_CONDITION,NODE_ID,NO_OF_VEHICLES,NO_PERSONS_KILLED,NO_PERSONS_INJ_2,NO_PERSONS_INJ_3,NO_PERSONS_NOT_INJ,NO_PERSONS,POLICE_ATTEND,ROAD_GEOMETRY,ROAD_GEOMETRY_DESC,SEVERITY,SPEED_ZONE,RMA,AGE_GROUP,INJ_LEVEL,ROAD_USER_TYPE_DESC
T20210024006,11/26/2021,8:50:00,1,Collision with vehicle,5,Friday,110,CROSS TRAFFIC(INTERSECTIONS ONLY),1,50701,2,0,0,1,1,2,1,1,Cross intersection,3,50,Local Road,50-59,Other injury,Bicyclists
T20210024020,11/23/2021,10:05:00,1,Collision with vehicle,2,Tuesday,147,VEHICLE STRIKES ANOTHER VEH WHILE EMERGING FROM DRIVEWAY,1,698455,2,0,0,1,1,2,2,5,Not at intersection,3,999,Local Road,65-69,Other injury,Bicyclists
T20210024079,11/27/2021,7:55:00,1,Collision with vehicle,7,Saturday,121,RIGHT THROUGH,1,36872,2,0,0,1,1,2,1,1,Cross intersection,3,60,Arterial Other,30-39,Other injury,Bicyclists
T20210024089,11/27/2021,8:00:00,1,Collision with vehicle,7,Saturday,110,CROSS TRAFFIC(INTERSECTIONS ONLY),1,39758,2,0,0,1,1,2,1,1,Cross intersection,3,60,Arterial Other,40-49,Other injury,Bicyclists
T20210024115,11/26/2021,17:29:00,1,Collision with vehicle,5,Friday,130,REAR END(VEHICLES IN SAME LANE),1,703172,2,0,0,1,1,2,2,1,Cross intersection,3,40,Local Road,18-21,Other injury,Bicyclists
T20210024167,11/28/2021,11:12:00,1,Collision with vehicle,0,Sunday,137,LEFT TURN SIDESWIPE,1,205,2,0,1,0,1,2,1,1,Cross intersection,2,40,Local Road,22-25,Serious injury,Bicyclists
T20210024176,11/28/2021,9:40:00,1,Collision with vehicle,1,Sunday,137,LEFT TURN SIDESWIPE,1,699438,2,0,0,1,1,2,1,5,Not at intersection,3,50,Arterial Highway,30-39,Other injury,Bicyclists
T20210024193,11/28/2021,17:45:00,1,Collision with vehicle,0,Sunday,148,VEHICLE OFF FOOTPATH STRIKES VEH ON CARRIAGEWAY,1,731027,2,0,1,0,1,2,1,5,Not at intersection,2,60,Arterial Other,45424,Serious injury,Bicyclists
T20210024199,11/28/2021,19:45:00,1,Collision with vehicle,1,Sunday,133,LANE SIDE SWIPE (VEHICLES IN PARALLEL LANES),1,699443,2,0,0,1,1,2,1,5,Not at intersection,3,50,Local Road,45424,Other injury,Bicyclists
T20210024231,11/29/2021,8:30:00,1,Collision with vehicle,1,Monday,120,HEAD ON (NOT OVERTAKING),1,781461,2,0,0,1,1,2,1,5,Not at intersection,3,60,Local Road,13-15,Other injury,Bicyclists
T20210024263,11/25/2021,15:30:00,1,Collision with vehicle,4,Thursday,121,RIGHT THROUGH,9,37243,2,0,0,1,1,2,2,2,T intersection,3,60,Arterial Other,26-29,Other injury,Bicyclists
T20210024274,11/29/2021,15:00:00,1,Collision with vehicle,2,Monday,110,CROSS TRAFFIC(INTERSECTIONS ONLY),1,49384,2,0,0,1,1,2,1,1,Cross intersection,3,60,Arterial Highway,40-49,Other injury,Bicyclists
T20210024342,11/30/2021,11:10:00,1,Collision with vehicle,3,Tuesday,133,LANE SIDE SWIPE (VEHICLES IN PARALLEL LANES),1,699451,2,0,0,1,1,2,1,5,Not at intersection,3,60,Local Road,18-21,Other injury,Bicyclists
T20210024347,11/24/2021,14:00:00,1,Collision with vehicle,4,Wednesday,137,LEFT TURN SIDESWIPE,1,699362,2,0,0,1,1,2,2,5,Not at intersection,3,60,Uknown,30-39,Other injury,Bicyclists
T20210024349,11/27/2021,14:35:00,1,Collision with vehicle,7,Saturday,137,LEFT TURN SIDESWIPE,1,37685,2,0,0,1,1,2,2,1,Cross intersection,3,40,Local Road,30-39,Other injury,Bicyclists
T20210024390,11/30/2021,18:35:00,1,Collision with vehicle,3,Tuesday,113,RIGHT NEAR (INTERSECTIONS ONLY),9,699445,2,0,0,1,1,2,1,2,T intersection,3,50,Local Road,16-17,Other injury,Bicyclists
T20210024433,12/1/2021,9:00:00,1,Collision with vehicle,4,Wednesday,143,ENTERING PARKING,1,703173,2,0,1,0,1,2,1,5,Not at intersection,2,40,Local Road,70+,Serious injury,Bicyclists
T20210024461,11/27/2021,18:45:00,1,Collision with vehicle,7,Saturday,163,VEHICLE STRIKES DOOR OF PARKED/STATIONARY VEHICLE,2,37634,2,0,0,1,1,2,2,2,T intersection,3,50,Arterial Other,30-39,Other injury,Bicyclists
T20210024480,12/1/2021,18:32:00,1,Collision with vehicle,4,Wednesday,121,RIGHT THROUGH,1,39317,2,0,1,0,1,2,1,2,T intersection,2,60,Arterial Other,50-59,Serious injury,Bicyclists
T20210024488,12/1/2021,19:55:00,8,No collision and no object struck,4,Wednesday,174,OUT OF CONTROL ON CARRIAGEWAY (ON STRAIGHT),1,68693,1,0,0,1,0,1,1,2,T intersection,3,50,Local Road,40-49,Other injury,Bicyclists
T20210024510,12/2/2021,6:50:00,1,Collision with vehicle,5,Thursday,121,RIGHT THROUGH,2,39398,3,0,2,0,1,3,1,2,T intersection,2,70,Arterial Other,40-49,Serious injury,Bicyclists
T20210024514,12/2/2021,8:30:00,1,Collision with vehicle,5,Thursday,147,VEHICLE STRIKES ANOTHER VEH WHILE EMERGING FROM DRIVEWAY,1,81044,2,0,1,0,1,2,1,5,Not at intersection,2,40,Uknown,40-49,Serious injury,Bicyclists
T20210024531,12/1/2021,17:10:00,1,Collision with vehicle,4,Wednesday,137,LEFT TURN SIDESWIPE,1,36618,2,0,0,1,1,2,2,2,T intersection,3,40,Local Road,26-29,Other injury,Bicyclists
T20210024551,12/2/2021,7:45:00,1,Collision with vehicle,4,Thursday,137,LEFT TURN SIDESWIPE,1,35991,2,0,0,1,1,2,2,1,Cross intersection,3,40,Local Road,40-49,Other injury,Bicyclists
T20210024621,12/2/2021,18:30:00,1,Collision with vehicle,5,Thursday,148,VEHICLE OFF FOOTPATH STRIKES VEH ON CARRIAGEWAY,2,700149,2,0,0,1,1,2,2,5,Not at intersection,3,999,Arterial Other,40-49,Other injury,Bicyclists
T20210024649,8/19/2021,17:45:00,1,Collision with vehicle,4,Thursday,133,LANE SIDE SWIPE (VEHICLES IN PARALLEL LANES),3,731232,2,0,0,1,1,2,2,5,Not at intersection,3,60,Local Road,18-21,Other injury,Bicyclists
T20210024651,12/3/2021,14:30:00,8,No collision and no object struck,6,Friday,184,OUT OF CONTROL ON CARRIAGEWAY (ON BEND),1,701880,1,0,1,0,0,1,1,5,Not at intersection,2,999,Uknown,60-64,Serious injury,Bicyclists
T20210024653,12/3/2021,12:30:00,1,Collision with vehicle,5,Friday,114,TWO RIGHT TURNING (INTERSECTIONS ONLY),1,38003,2,0,0,1,1,2,2,2,T intersection,3,40,Arterial Other,65-69,Other injury,Bicyclists
T20210024666,12/3/2021,16:00:00,1,Collision with vehicle,6,Friday,130,REAR END(VEHICLES IN SAME LANE),1,709274,2,0,0,1,1,2,1,5,Not at intersection,3,60,Local Road,40-49,Other injury,Bicyclists
T20210024683,12/3/2021,20:53:00,8,No collision and no object struck,5,Friday,174,OUT OF CONTROL ON CARRIAGEWAY (ON STRAIGHT),3,36399,2,0,1,0,1,2,1,1,Cross intersection,2,40,Local Road,50-59,Serious injury,Bicyclists
T20210024756,12/4/2021,14:45:00,2,Struck Pedestrian,7,Saturday,104,PED WALKING WITH TRAFFIC,1,703630,1,0,0,1,1,2,2,5,Not at intersection,3,40,Local Road,26-29,Other injury,Bicyclists
T20210024757,12/4/2021,16:00:00,1,Collision with vehicle,7,Saturday,119,OTHER ADJACENT (INTERSECTIONS ONLY),2,39848,2,0,0,1,1,2,2,2,T intersection,3,80,Arterial Other,45424,Other injury,Bicyclists
T20210024769,12/4/2021,14:15:00,1,Collision with vehicle,6,Saturday,163,VEHICLE STRIKES DOOR OF PARKED/STATIONARY VEHICLE,1,123077,2,0,0,1,2,3,2,5,Not at intersection,3,50,Arterial Other,26-29,Other injury,Bicyclists
T20210024797,12/5/2021,8:25:00,1,Collision with vehicle,1,Sunday,116,LEFT NEAR (INTERSECTIONS ONLY),1,61837,2,0,0,1,1,2,1,2,T intersection,3,60,Arterial Other,70+,Other injury,Bicyclists
T20210024817,12/5/2021,10:25:00,1,Collision with vehicle,1,Sunday,130,REAR END(VEHICLES IN SAME LANE),1,698688,2,0,0,1,1,2,1,5,Not at intersection,3,50,Local Road,30-39,Other injury,Bicyclists
T20210024888,11/25/2021,8:50:00,1,Collision with vehicle,5,Thursday,147,VEHICLE STRIKES ANOTHER VEH WHILE EMERGING FROM DRIVEWAY,9,703451,2,0,0,1,1,2,2,2,T intersection,3,999,Arterial Other,60-64,Other injury,Bicyclists
T20210024924,12/6/2021,13:00:00,1,Collision with vehicle,2,Monday,133,LANE SIDE SWIPE (VEHICLES IN PARALLEL LANES),1,705426,2,0,1,0,1,2,1,5,Not at intersection,2,100,Local Road,50-59,Serious injury,Bicyclists
T20210024944,12/6/2021,17:00:00,1,Collision with vehicle,1,Monday,116,LEFT NEAR (INTERSECTIONS ONLY),1,698784,3,0,0,1,2,3,1,1,Cross intersection,3,60,Local Road,30-39,Not injured,Bicyclists
T20210024979,11/27/2021,8:50:00,1,Collision with vehicle,6,Saturday,137,LEFT TURN SIDESWIPE,1,704493,2,0,0,1,1,2,2,4,Multiple intersection,3,50,Local Road,30-39,Other injury,Bicyclists
T20210024991,11/18/2021,8:00:00,1,Collision with vehicle,4,Thursday,113,RIGHT NEAR (INTERSECTIONS ONLY),1,703488,2,0,0,1,1,2,2,3,Y intersection,3,50,Uknown,30-39,Other injury,Bicyclists
T20210025005,12/7/2021,12:51:00,1,Collision with vehicle,3,Tuesday,110,CROSS TRAFFIC(INTERSECTIONS ONLY),1,62922,2,0,1,0,2,3,1,1,Cross intersection,2,40,Local Road,50-59,Serious injury,Bicyclists
T20210025041,12/7/2021,19:24:00,1,Collision with vehicle,2,Tuesday,110,CROSS TRAFFIC(INTERSECTIONS ONLY),1,698958,2,0,1,0,2,3,1,1,Cross intersection,2,60,Local Road,30-39,Serious injury,Bicyclists
T20210025065,12/8/2021,6:30:00,1,Collision with vehicle,3,Wednesday,110,CROSS TRAFFIC(INTERSECTIONS ONLY),1,38011,2,0,0,1,1,2,1,1,Cross intersection,3,60,Local Road,26-29,Other injury,Bicyclists
T20210025079,12/6/2021,15:50:00,1,Collision with vehicle,1,Monday,147,VEHICLE STRIKES ANOTHER VEH WHILE EMERGING FROM DRIVEWAY,1,701612,2,0,0,1,1,2,1,5,Not at intersection,3,70,Uknown,50-59,Other injury,Bicyclists
T20210025081,10/16/2021,16:30:00,1,Collision with vehicle,7,Saturday,160,VEHICLE COLLIDES WITH VEHICLE PARKED ON LEFT OF ROAD,1,695786,2,0,1,0,0,1,2,5,Not at intersection,2,60,Arterial Other,40-49,Serious injury,Bicyclists
T20210025091,12/8/2021,6:35:00,1,Collision with vehicle,4,Wednesday,121,RIGHT THROUGH,1,731250,2,0,1,0,1,2,1,1,Cross intersection,2,60,Local Road,26-29,Serious injury,Bicyclists
T20210025117,12/8/2021,15:38:00,1,Collision with vehicle,4,Wednesday,148,VEHICLE OFF FOOTPATH STRIKES VEH ON CARRIAGEWAY,1,-1,2,0,1,0,4,5,1,5,Not at intersection,2,50,Uknown,45424,Serious injury,Bicyclists
T20210025124,12/8/2021,17:45:00,1,Collision with vehicle,4,Wednesday,148,VEHICLE OFF FOOTPATH STRIKES VEH ON CARRIAGEWAY,1,704588,2,0,0,1,1,2,1,1,Cross intersection,3,50,Uknown,13-15,Other injury,Bicyclists
T20210025151,12/6/2021,8:30:00,1,Collision with vehicle,2,Monday,147,VEHICLE STRIKES ANOTHER VEH WHILE EMERGING FROM DRIVEWAY,1,703381,2,0,0,1,1,2,2,5,Not at intersection,3,999,Local Road,50-59,Other injury,Bicyclists
T20210025193,12/5/2021,19:50:00,1,Collision with vehicle,0,Sunday,130,REAR END(VEHICLES IN SAME LANE),2,704589,2,0,0,1,1,2,2,1,Cross intersection,3,50,Arterial Other,50-59,Other injury,Bicyclists
T20210025200,12/9/2021,16:00:00,1,Collision with vehicle,5,Thursday,148,VEHICLE OFF FOOTPATH STRIKES VEH ON CARRIAGEWAY,1,700068,2,0,0,1,1,2,1,5,Not at intersection,3,50,Local Road,13-15,Other injury,Bicyclists
T20210025202,12/9/2021,15:45:00,1,Collision with vehicle,5,Thursday,148,VEHICLE OFF FOOTPATH STRIKES VEH ON CARRIAGEWAY,1,76067,2,0,1,0,1,2,1,5,Not at intersection,2,60,Arterial Highway,65-69,Serious injury,Bicyclists
T20210025209,12/8/2021,19:00:00,1,Collision with vehicle,4,Wednesday,111,RIGHT FAR (INTERSECTIONS ONLY),3,44279,2,0,1,0,1,2,1,1,Cross intersection,2,50,Local Road,40-49,Serious injury,Bicyclists
T20210025300,12/10/2021,17:51:00,1,Collision with vehicle,6,Friday,148,VEHICLE OFF FOOTPATH STRIKES VEH ON CARRIAGEWAY,1,699361,2,0,1,0,1,2,1,5,Not at intersection,2,50,Local Road,45424,Serious injury,Bicyclists
T20210025347,12/9/2021,22:05:00,8,No collision and no object struck,4,Thursday,174,OUT OF CONTROL ON CARRIAGEWAY (ON STRAIGHT),4,66565,1,0,0,1,0,1,1,2,T intersection,3,40,Arterial Other,30-39,Other injury,Bicyclists
T20210025355,11/25/2021,16:00:00,1,Collision with vehicle,5,Thursday,116,LEFT NEAR (INTERSECTIONS ONLY),1,29730,2,0,0,1,1,2,2,1,Cross intersection,3,999,Uknown,26-29,Other injury,Bicyclists
T20210025368,12/11/2021,15:00:00,1,Collision with vehicle,7,Saturday,110,CROSS TRAFFIC(INTERSECTIONS ONLY),1,684350,2,0,1,0,1,2,1,1,Cross intersection,2,30,Local Road,30-39,Serious injury,Bicyclists
T20210025428,12/12/2021,8:00:00,1,Collision with vehicle,1,Sunday,116,LEFT NEAR (INTERSECTIONS ONLY),1,37423,2,0,1,0,1,2,1,1,Cross intersection,2,80,Local Road,30-39,Serious injury,Bicyclists
T20210025466,12/11/2021,22:50:00,1,Collision with vehicle,6,Saturday,133,LANE SIDE SWIPE (VEHICLES IN PARALLEL LANES),3,36312,2,0,0,1,2,3,1,1,Cross intersection,3,50,Local Road,26-29,Other injury,Bicyclists
T20210025496,12/13/2021,6:28:00,1,Collision with vehicle,2,Monday,121,RIGHT THROUGH,1,702226,2,0,0,1,1,2,1,2,T intersection,3,70,Arterial Highway,70+,Other injury,Bicyclists
T20210025499,12/8/2021,21:30:00,1,Collision with vehicle,4,Wednesday,130,REAR END(VEHICLES IN SAME LANE),6,731266,2,0,1,0,0,1,2,5,Not at intersection,2,60,Arterial Other,40-49,Serious injury,Bicyclists
T20210025504,12/13/2021,9:35:00,1,Collision with vehicle,2,Monday,116,LEFT NEAR (INTERSECTIONS ONLY),1,51387,2,0,0,1,1,2,1,2,T intersection,3,50,Local Road,40-49,Other injury,Bicyclists
T20210025551,11/25/2021,6:30:00,8,No collision and no object struck,5,Thursday,174,OUT OF CONTROL ON CARRIAGEWAY (ON STRAIGHT),9,64562,1,0,0,1,0,1,2,1,Cross intersection,3,50,Local Road,50-59,Other injury,Bicyclists
T20210025553,12/13/2021,17:00:00,1,Collision with vehicle,2,Monday,148,VEHICLE OFF FOOTPATH STRIKES VEH ON CARRIAGEWAY,1,71868,2,0,0,1,1,2,2,2,T intersection,3,50,Local Road,18-21,Other injury,Bicyclists
T20210025584,12/11/2021,8:00:00,1,Collision with vehicle,7,Saturday,116,LEFT NEAR (INTERSECTIONS ONLY),1,46942,2,0,1,0,1,2,1,2,T intersection,2,999,Uknown,70+,Serious injury,Bicyclists
T20210025590,12/14/2021,7:41:00,1,Collision with vehicle,3,Tuesday,113,RIGHT NEAR (INTERSECTIONS ONLY),1,39541,2,0,0,1,1,2,1,2,T intersection,3,60,Arterial Other,40-49,Other injury,Bicyclists
T20210025598,12/6/2021,17:10:00,1,Collision with vehicle,1,Monday,131,LEFT REAR,1,701647,2,0,0,1,1,2,2,5,Not at intersection,3,40,Local Road,40-49,Other injury,Bicyclists
T20210025632,7/18/2021,12:00:00,1,Collision with vehicle,0,Sunday,111,RIGHT FAR (INTERSECTIONS ONLY),1,699583,2,0,0,1,1,2,2,2,T intersection,3,999,Local Road,26-29,Other injury,Bicyclists
T20210025633,12/14/2021,16:34:00,1,Collision with vehicle,3,Tuesday,121,RIGHT THROUGH,1,29840,2,0,1,0,1,2,1,1,Cross intersection,2,40,Arterial Other,22-25,Serious injury,Bicyclists
T20210025683,12/15/2021,7:40:00,1,Collision with vehicle,4,Wednesday,134,LANE CHANGE RIGHT (NOT OVERTAKING),1,37621,2,0,1,0,1,2,1,1,Cross intersection,2,60,Arterial Highway,65-69,Serious injury,Bicyclists
T20210025723,12/14/2021,16:30:00,8,No collision and no object struck,2,Tuesday,137,LEFT TURN SIDESWIPE,9,65471,2,0,0,1,1,2,2,1,Cross intersection,3,999,Local Road,50-59,Other injury,Bicyclists
T20210025729,12/12/2021,18:51:00,1,Collision with vehicle,1,Sunday,148,VEHICLE OFF FOOTPATH STRIKES VEH ON CARRIAGEWAY,1,48841,2,0,1,0,1,2,1,1,Cross intersection,2,60,Uknown,40-49,Serious injury,Bicyclists
T20210025746,12/15/2021,16:00:00,1,Collision with vehicle,4,Wednesday,110,CROSS TRAFFIC(INTERSECTIONS ONLY),1,36004,2,0,0,1,1,2,2,1,Cross intersection,3,50,Local Road,26-29,Other injury,Bicyclists
T20210025748,12/15/2021,16:00:00,1,Collision with vehicle,4,Wednesday,163,VEHICLE STRIKES DOOR OF PARKED/STATIONARY VEHICLE,1,702317,2,0,0,1,1,2,2,5,Not at intersection,3,60,Arterial Other,50-59,Other injury,Bicyclists
T20210025761,12/16/2021,5:26:00,5,collision with some other object,5,Thursday,166,STRUCK OBJECT ON CARRIAGEWAY,2,699924,1,0,1,0,0,1,1,1,Cross intersection,2,60,Arterial Other,50-59,Serious injury,Bicyclists
T20210025793,12/16/2021,11:30:00,1,Collision with vehicle,4,Thursday,179,OTHER ACCIDENTS-OFF STRAIGHT NOT INCLUDED IN DCAs 170-175,1,781577,2,0,0,1,1,2,1,1,Cross intersection,3,60,Local Road,70+,Other injury,Bicyclists
T20210025813,12/16/2021,9:30:00,1,Collision with vehicle,5,Thursday,148,VEHICLE OFF FOOTPATH STRIKES VEH ON CARRIAGEWAY,1,700419,2,0,0,1,1,2,1,5,Not at intersection,3,50,Local Road,40-49,Other injury,Bicyclists
T20210025824,9/5/2021,20:00:00,1,Collision with vehicle,1,Sunday,139,OTHER SAME DIRECTION-MANOUEVRES NOT INCLUDED IN DCAs 130-137,2,699715,2,0,0,1,1,2,2,5,Not at intersection,3,999,Arterial Other,40-49,Other injury,Bicyclists
T20210025834,12/10/2021,15:00:00,1,Collision with vehicle,6,Friday,110,CROSS TRAFFIC(INTERSECTIONS ONLY),1,44431,2,0,0,1,1,2,2,1,Cross intersection,3,50,Local Road,40-49,Other injury,Bicyclists
T20210025854,12/14/2021,13:20:00,1,Collision with vehicle,3,Tuesday,148,VEHICLE OFF FOOTPATH STRIKES VEH ON CARRIAGEWAY,1,24024,2,0,0,1,2,3,2,1,Cross intersection,3,40,Local Road,26-29,Other injury,Bicyclists
T20210025863,11/30/2021,5:09:00,5,collision with some other object,3,Tuesday,166,STRUCK OBJECT ON CARRIAGEWAY,6,699716,1,0,1,0,0,1,2,5,Not at intersection,2,70,Arterial Other,30-39,Serious injury,Bicyclists
T20210025895,12/17/2021,14:57:00,1,Collision with vehicle,6,Friday,110,CROSS TRAFFIC(INTERSECTIONS ONLY),1,63167,2,0,0,1,1,2,1,1,Cross intersection,3,50,Local Road,13-15,Other injury,Bicyclists
T20210025898,12/17/2021,14:05:00,1,Collision with vehicle,6,Friday,148,VEHICLE OFF FOOTPATH STRIKES VEH ON CARRIAGEWAY,1,700584,2,0,1,0,1,2,1,5,Not at intersection,2,50,Local Road,40-49,Serious injury,Bicyclists
T20210025911,12/17/2021,16:10:00,1,Collision with vehicle,6,Friday,121,RIGHT THROUGH,1,41437,2,0,0,1,1,2,2,1,Cross intersection,3,60,Arterial Other,26-29,Other injury,Bicyclists
T20210025930,12/17/2021,16:43:00,1,Collision with vehicle,6,Friday,148,VEHICLE OFF FOOTPATH STRIKES VEH ON CARRIAGEWAY,1,38709,2,0,1,0,1,2,1,1,Cross intersection,2,60,Arterial Other,30-39,Serious injury,Bicyclists
T20210025961,12/17/2021,21:12:00,1,Collision with vehicle,5,Friday,110,CROSS TRAFFIC(INTERSECTIONS ONLY),3,51019,2,0,0,2,0,2,1,1,Cross intersection,3,60,Local Road,13-15,Other injury,Bicyclists
T20210025996,12/18/2021,8:35:00,1,Collision with vehicle,7,Saturday,121,RIGHT THROUGH,1,22524,2,0,1,0,1,2,1,1,Cross intersection,2,50,Local Road,65-69,Serious injury,Bicyclists
T20210026007,12/17/2021,19:30:00,1,Collision with vehicle,6,Friday,163,VEHICLE STRIKES DOOR OF PARKED/STATIONARY VEHICLE,1,702908,2,0,0,1,2,3,1,5,Not at intersection,3,40,Local Road,50-59,Other injury,Bicyclists
T20210026010,12/14/2021,12:00:00,1,Collision with vehicle,3,Tuesday,163,VEHICLE STRIKES DOOR OF PARKED/STATIONARY VEHICLE,1,706904,2,0,0,1,2,3,2,5,Not at intersection,3,40,Arterial Other,50-59,Other injury,Bicyclists
T20210026040,12/18/2021,19:50:00,1,Collision with vehicle,7,Saturday,110,CROSS TRAFFIC(INTERSECTIONS ONLY),1,19424,2,0,1,0,1,2,1,1,Cross intersection,2,60,Arterial Other,30-39,Serious injury,Bicyclists
T20210026091,12/18/2021,21:50:00,1,Collision with vehicle,6,Saturday,130,REAR END(VEHICLES IN SAME LANE),6,700002,2,0,1,0,1,2,2,5,Not at intersection,2,60,Arterial Other,30-39,Serious injury,Bicyclists
T20210026106,12/17/2021,11:15:00,1,Collision with vehicle,5,Friday,163,VEHICLE STRIKES DOOR OF PARKED/STATIONARY VEHICLE,1,702909,2,0,0,1,1,2,2,5,Not at intersection,3,50,Arterial Other,70+,Other injury,Bicyclists
T20210026123,12/20/2021,8:50:00,1,Collision with vehicle,2,Monday,130,REAR END(VEHICLES IN SAME LANE),1,67148,2,0,0,1,1,2,1,1,Cross intersection,3,50,Local Road,70+,Other injury,Bicyclists
T20210026235,11/6/2021,13:30:00,1,Collision with vehicle,6,Saturday,137,LEFT TURN SIDESWIPE,1,700224,2,0,0,1,1,2,2,2,T intersection,3,40,Local Road,50-59,Other injury,Bicyclists
T20210026268,12/21/2021,18:00:00,1,Collision with vehicle,3,Tuesday,147,VEHICLE STRIKES ANOTHER VEH WHILE EMERGING FROM DRIVEWAY,1,703635,2,0,1,0,1,2,1,5,Not at intersection,2,60,Arterial Other,26-29,Serious injury,Bicyclists
T20210026303,12/22/2021,8:05:00,1,Collision with vehicle,3,Wednesday,110,CROSS TRAFFIC(INTERSECTIONS ONLY),1,42158,2,0,0,1,1,2,2,1,Cross intersection,3,60,Local Road,30-39,Other injury,Bicyclists
T20210026321,12/8/2021,19:20:00,1,Collision with vehicle,4,Wednesday,137,LEFT TURN SIDESWIPE,1,36166,2,0,0,1,1,2,1,1,Cross intersection,3,40,Local Road,22-25,Other injury,Bicyclists
T20210026323,12/21/2021,9:16:00,1,Collision with vehicle,2,Tuesday,121,RIGHT THROUGH,1,51205,2,0,0,1,1,2,1,1,Cross intersection,3,60,Arterial Highway,18-21,Other injury,Bicyclists
T20210026349,12/22/2021,19:53:00,1,Collision with vehicle,4,Wednesday,159,OTHER OVERTAKING MANOEUVRES NOT INCLUDED IN DCAs 150-154,1,704567,2,0,1,0,1,2,1,5,Not at intersection,2,60,Uknown,65-69,Serious injury,Bicyclists
T20210026352,12/22/2021,11:00:00,1,Collision with vehicle,4,Wednesday,163,VEHICLE STRIKES DOOR OF PARKED/STATIONARY VEHICLE,1,703444,2,0,1,0,2,3,2,5,Not at intersection,2,40,Arterial Other,30-39,Serious injury,Bicyclists
T20210026369,12/23/2021,7:03:00,1,Collision with vehicle,5,Thursday,133,LANE SIDE SWIPE (VEHICLES IN PARALLEL LANES),1,701494,2,0,1,0,1,2,1,5,Not at intersection,2,60,Local Road,50-59,Serious injury,Bicyclists
T20210026383,12/23/2021,10:30:00,1,Collision with vehicle,5,Thursday,130,REAR END(VEHICLES IN SAME LANE),1,700544,5,0,1,2,2,5,1,5,Not at intersection,2,70,Arterial Highway,60-64,Other injury,Bicyclists
T20210026390,12/13/2021,16:30:00,1,Collision with vehicle,2,Monday,110,CROSS TRAFFIC(INTERSECTIONS ONLY),1,29556,2,0,1,0,2,3,1,1,Cross intersection,2,60,Local Road,30-39,Serious injury,Bicyclists
T20210026402,12/23/2021,8:16:00,1,Collision with vehicle,4,Thursday,110,CROSS TRAFFIC(INTERSECTIONS ONLY),1,63386,2,0,0,1,1,2,1,1,Cross intersection,3,50,Local Road,30-39,Other injury,Bicyclists
T20210026424,11/29/2021,18:30:00,1,Collision with vehicle,2,Monday,137,LEFT TURN SIDESWIPE,9,65003,2,0,0,1,1,2,2,1,Cross intersection,3,999,Arterial Highway,60-64,Other injury,Bicyclists
T20210026429,12/23/2021,16:20:00,1,Collision with vehicle,4,Thursday,147,VEHICLE STRIKES ANOTHER VEH WHILE EMERGING FROM DRIVEWAY,1,781653,2,0,0,1,1,2,2,5,Not at intersection,3,60,Local Road,13-15,Other injury,Bicyclists
T20210026438,12/19/2021,12:10:00,1,Collision with vehicle,1,Sunday,110,CROSS TRAFFIC(INTERSECTIONS ONLY),1,38355,2,0,1,0,1,2,1,1,Cross intersection,2,60,Local Road,30-39,Serious injury,Bicyclists
T20210026463,12/24/2021,7:00:00,1,Collision with vehicle,5,Friday,133,LANE SIDE SWIPE (VEHICLES IN PARALLEL LANES),1,751494,2,0,1,0,1,2,1,5,Not at intersection,2,80,Arterial Highway,40-49,Serious injury,Bicyclists
T20210026474,12/24/2021,9:40:00,1,Collision with vehicle,6,Friday,137,LEFT TURN SIDESWIPE,1,335690,2,0,1,0,1,2,1,5,Not at intersection,2,60,Arterial Other,40-49,Serious injury,Bicyclists
T20210026481,11/30/2021,7:30:00,1,Collision with vehicle,3,Tuesday,121,RIGHT THROUGH,1,41153,2,0,0,1,1,2,2,3,Y intersection,3,50,Local Road,30-39,Other injury,Bicyclists
T20210026482,12/24/2021,11:45:00,1,Collision with vehicle,6,Friday,113,RIGHT NEAR (INTERSECTIONS ONLY),1,42779,2,0,1,0,3,4,1,2,T intersection,2,60,Arterial Other,30-39,Serious injury,Bicyclists
T20210026486,12/24/2021,11:39:00,1,Collision with vehicle,6,Friday,116,LEFT NEAR (INTERSECTIONS ONLY),1,53107,2,0,1,0,4,5,1,1,Cross intersection,2,60,Local Road,50-59,Serious injury,Bicyclists
T20210026487,12/22/2021,18:20:00,1,Collision with vehicle,3,Wednesday,179,OTHER ACCIDENTS-OFF STRAIGHT NOT INCLUDED IN DCAs 170-175,1,781611,2,0,0,1,1,2,2,5,Not at intersection,3,50,Uknown,45424,Other injury,Bicyclists
T20210026551,12/25/2021,14:19:00,1,Collision with vehicle,7,Saturday,147,VEHICLE STRIKES ANOTHER VEH WHILE EMERGING FROM DRIVEWAY,1,700355,2,0,0,1,1,2,1,5,Not at intersection,3,50,Local Road,45424,Other injury,Bicyclists
T20210026559,12/25/2021,16:27:00,1,Collision with vehicle,7,Saturday,147,VEHICLE STRIKES ANOTHER VEH WHILE EMERGING FROM DRIVEWAY,1,39372,2,0,1,0,1,2,1,2,T intersection,2,999,Arterial Other,40-49,Serious injury,Bicyclists