ACCIDENT_NO,ACCIDENT_DATE,ACCIDENT_TIME,ACCIDENT_TYPE,ACCIDENT_TYPE_DESC,DAY_OF_WEEK,DAY_WEEK_DESC,DCA_CODE,DCA_DESC,LIGHT_CONDITION,NODE_ID,NO_OF_VEHICLES,NO_PERSONS_KILLED,NO_PERSONS_INJ_2,NO_PERSONS_INJ_3,NO_PERSONS_NOT_INJ,NO_PERSONS,POLICE_ATTEND,ROAD_GEOMETRY,ROAD_GEOMETRY_DESC,SEVERITY,SPEED_ZONE,RMA,AGE_GROUP,INJ_LEVEL,ROAD_USER_TYPE_DESC
T20210026570,12/25/2021,17:15:00,1,Collision with vehicle,6,Saturday,122,LEFT THROUGH,1,700954,2,0,0,1,1,2,1,5,Not at intersection,3,999,Local Road,13-15,Other injury,Bicyclists
T20210026595,12/26/2021,12:20:00,1,Collision with vehicle,0,Sunday,147,VEHICLE STRIKES ANOTHER VEH WHILE EMERGING FROM DRIVEWAY,1,703341,2,0,0,1,1,2,1,5,Not at intersection,3,777,Local Road,13-15,Other injury,Bicyclists
T20210026651,12/27/2021,11:20:00,1,Collision with vehicle,2,Monday,163,VEHICLE STRIKES DOOR OF PARKED/STATIONARY VEHICLE,1,29459,3,0,0,1,2,3,1,2,T intersection,3,60,Arterial Other,45424,Other injury,Bicyclists
T20210026660,12/27/2021,12:52:00,1,Collision with vehicle,2,Monday,116,LEFT NEAR (INTERSECTIONS ONLY),1,751493,2,0,1,0,1,2,1,2,T intersection,2,40,Local Road,26-29,Serious injury,Bicyclists
T20210026671,12/27/2021,15:48:00,1,Collision with vehicle,2,Monday,160,VEHICLE COLLIDES WITH VEHICLE PARKED ON LEFT OF ROAD,1,704720,2,0,0,1,1,2,1,5,Not at intersection,3,70,Uknown,40-49,Other injury,Bicyclists
T20210026690,10/20/2021,16:45:00,1,Collision with vehicle,3,Wednesday,147,VEHICLE STRIKES ANOTHER VEH WHILE EMERGING FROM DRIVEWAY,1,701441,2,0,0,1,1,2,2,5,Not at intersection,3,40,Local Road,45424,Other injury,Bicyclists
T20210026692,12/27/2021,17:12:00,1,Collision with vehicle,2,Monday,147,VEHICLE STRIKES ANOTHER VEH WHILE EMERGING FROM DRIVEWAY,1,702735,2,0,1,0,1,2,1,5,Not at intersection,2,999,Arterial Other,50-59,Serious injury,Bicyclists
T20210026702,12/27/2021,23:16:00,1,Collision with vehicle,2,Monday,148,VEHICLE OFF FOOTPATH STRIKES VEH ON CARRIAGEWAY,3,220,2,0,0,1,1,2,1,5,Not at intersection,3,40,Local Road,16-17,Other injury,Bicyclists
T20210026724,12/28/2021,11:37:00,1,Collision with vehicle,3,Tuesday,163,VEHICLE STRIKES DOOR OF PARKED/STATIONARY VEHICLE,1,700590,2,0,1,0,1,2,1,5,Not at intersection,2,60,Arterial Other,60-64,Serious injury,Bicyclists
T20210026740,12/28/2021,14:10:00,4,Collision with a fixed object,2,Tuesday,171,LEFT OFF CARRIAGEWAY INTO OBJECT/PARKED VEHICLE,1,781685,2,0,0,1,1,2,1,5,Not at intersection,3,40,Arterial Other,50-59,Other injury,Bicyclists
T20210026787,11/30/2021,17:20:00,1,Collision with vehicle,3,Tuesday,137,LEFT TURN SIDESWIPE,1,36399,2,0,0,1,1,2,2,1,Cross intersection,3,40,Local Road,40-49,Other injury,Bicyclists
T20210026790,12/29/2021,7:30:00,1,Collision with vehicle,4,Wednesday,121,RIGHT THROUGH,1,1038,3,0,0,1,2,3,1,2,T intersection,3,50,Arterial Highway,60-64,Other injury,Bicyclists
T20210026798,12/29/2021,11:35:00,1,Collision with vehicle,4,Wednesday,137,LEFT TURN SIDESWIPE,1,36399,2,0,0,1,1,2,1,1,Cross intersection,3,40,Local Road,70+,Other injury,Bicyclists
T20210026830,12/28/2021,16:00:00,1,Collision with vehicle,3,Tuesday,133,LANE SIDE SWIPE (VEHICLES IN PARALLEL LANES),1,704027,2,0,0,1,1,2,2,5,Not at intersection,3,60,Arterial Highway,30-39,Other injury,Bicyclists
T20210026849,12/29/2021,23:50:00,1,Collision with vehicle,3,Wednesday,163,VEHICLE STRIKES DOOR OF PARKED/STATIONARY VEHICLE,3,781689,2,0,0,1,2,3,1,2,T intersection,3,40,Arterial Other,18-21,Other injury,Bicyclists
T20210026885,12/16/2021,12:30:00,2,Struck Pedestrian,5,Thursday,100,PED NEAR SIDE. PED HIT BY VEHICLE FROM THE RIGHT.,1,702108,2,0,1,0,1,2,2,1,Cross intersection,2,50,Arterial Other,60-64,Not injured,Drivers
T20210026890,12/28/2021,9:30:00,1,Collision with vehicle,2,Tuesday,110,CROSS TRAFFIC(INTERSECTIONS ONLY),1,229668,2,0,0,1,1,2,2,1,Cross intersection,3,50,Local Road,50-59,Other injury,Bicyclists
T20210026927,12/31/2021,7:00:00,1,Collision with vehicle,6,Friday,139,OTHER SAME DIRECTION-MANOUEVRES NOT INCLUDED IN DCAs 130-137,1,702965,4,0,2,1,1,4,1,5,Not at intersection,2,60,Local Road,50-59,Serious injury,Bicyclists
T20210026937,12/31/2021,9:40:00,1,Collision with vehicle,6,Friday,143,ENTERING PARKING,1,700799,2,0,0,1,3,4,1,5,Not at intersection,3,999,Local Road,26-29,Other injury,Bicyclists
T20220000032,12/31/2021,22:43:00,1,Collision with vehicle,6,Friday,160,VEHICLE COLLIDES WITH VEHICLE PARKED ON LEFT OF ROAD,3,703655,2,0,0,1,0,1,1,5,Not at intersection,3,50,Local Road,50-59,Other injury,Bicyclists
T20220000047,12/28/2021,10:30:00,5,collision with some other object,3,Tuesday,166,STRUCK OBJECT ON CARRIAGEWAY,1,62870,1,0,0,1,0,1,2,2,T intersection,3,50,Local Road,26-29,Other injury,Bicyclists
T20220000066,12/21/2021,19:52:00,1,Collision with vehicle,3,Tuesday,137,LEFT TURN SIDESWIPE,1,38051,2,0,0,1,1,2,1,1,Cross intersection,3,60,Arterial Other,60-64,Other injury,Bicyclists
T20220000086,1/2/2022,9:30:00,1,Collision with vehicle,1,Sunday,152,PULLING OUT (OVERTAKING),1,44277,2,0,1,0,1,2,1,1,Cross intersection,2,80,Local Road,50-59,Serious injury,Bicyclists
T20220000089,1/2/2022,8:30:00,8,No collision and no object struck,0,Sunday,170,OFF CARRIAGEWAY TO LEFT,1,701924,2,0,0,1,1,2,1,2,T intersection,3,60,Local Road,50-59,Other injury,Bicyclists
T20220000098,1/2/2022,14:15:00,1,Collision with vehicle,0,Sunday,121,RIGHT THROUGH,9,45572,2,0,0,1,1,2,2,2,T intersection,3,999,Uknown,30-39,Other injury,Bicyclists
T20220000106,1/2/2022,16:15:00,1,Collision with vehicle,0,Sunday,134,LANE CHANGE RIGHT (NOT OVERTAKING),1,702897,2,0,0,1,1,2,1,5,Not at intersection,3,80,Arterial Highway,40-49,Other injury,Bicyclists
T20220000132,1/3/2022,8:31:00,1,Collision with vehicle,2,Monday,148,VEHICLE OFF FOOTPATH STRIKES VEH ON CARRIAGEWAY,1,701105,2,0,0,1,1,2,1,5,Not at intersection,3,50,Local Road,50-59,Other injury,Bicyclists
T20220000135,1/3/2022,7:11:00,8,No collision and no object struck,2,Monday,184,OUT OF CONTROL ON CARRIAGEWAY (ON BEND),1,701056,1,0,0,1,0,1,1,5,Not at intersection,3,60,Uknown,50-59,Other injury,Bicyclists
T20220000141,1/2/2022,10:00:00,1,Collision with vehicle,1,Sunday,160,VEHICLE COLLIDES WITH VEHICLE PARKED ON LEFT OF ROAD,1,249649,2,0,0,1,0,1,2,5,Not at intersection,3,60,Arterial Other,Unknown,Other injury,Bicyclists
T20220000164,1/3/2022,15:03:00,1,Collision with vehicle,2,Monday,148,VEHICLE OFF FOOTPATH STRIKES VEH ON CARRIAGEWAY,1,43129,2,0,1,0,1,2,1,1,Cross intersection,2,50,Local Road,13-15,Serious injury,Bicyclists
T20220000179,1/4/2022,8:29:00,3,Struck animal,3,Tuesday,167,STRUCK ANIMAL,1,702899,1,0,0,1,0,1,1,5,Not at intersection,3,80,Local Road,30-39,Other injury,Bicyclists
T20220000185,1/4/2022,9:45:00,1,Collision with vehicle,3,Tuesday,110,CROSS TRAFFIC(INTERSECTIONS ONLY),1,52416,2,0,0,1,1,2,1,1,Cross intersection,3,60,Local Road,70+,Other injury,Bicyclists
T20220000223,12/12/2021,21:00:00,1,Collision with vehicle,1,Sunday,171,LEFT OFF CARRIAGEWAY INTO OBJECT/PARKED VEHICLE,2,702319,3,0,0,1,1,2,2,5,Not at intersection,3,60,Local Road,30-39,Other injury,Bicyclists
T20220000242,1/4/2022,8:00:00,1,Collision with vehicle,3,Tuesday,137,LEFT TURN SIDESWIPE,1,72326,2,0,1,0,1,2,1,2,T intersection,2,60,Local Road,50-59,Serious injury,Bicyclists
T20220000249,1/4/2022,14:30:00,1,Collision with vehicle,3,Tuesday,147,VEHICLE STRIKES ANOTHER VEH WHILE EMERGING FROM DRIVEWAY,1,701155,2,0,1,0,1,2,2,5,Not at intersection,2,60,Local Road,45424,Serious injury,Bicyclists
T20220000251,1/3/2022,9:50:00,1,Collision with vehicle,2,Monday,142,LEAVING PARKING,1,701762,2,0,0,1,1,2,1,5,Not at intersection,3,60,Arterial Highway,18-21,Other injury,Bicyclists
T20220000258,1/4/2022,15:30:00,1,Collision with vehicle,3,Tuesday,121,RIGHT THROUGH,1,705401,2,0,0,1,1,2,2,5,Not at intersection,3,60,Arterial Other,50-59,Other injury,Bicyclists
T20220000276,1/5/2022,13:20:00,1,Collision with vehicle,4,Wednesday,134,LANE CHANGE RIGHT (NOT OVERTAKING),1,701275,2,0,1,0,1,2,1,2,T intersection,2,60,Arterial Other,70+,Serious injury,Bicyclists
T20220000283,1/5/2022,13:22:00,1,Collision with vehicle,4,Wednesday,113,RIGHT NEAR (INTERSECTIONS ONLY),1,40465,2,0,0,1,1,2,1,2,T intersection,3,60,Local Road,26-29,Other injury,Bicyclists
T20220000292,12/18/2021,19:00:00,1,Collision with vehicle,7,Saturday,113,RIGHT NEAR (INTERSECTIONS ONLY),9,45485,2,0,0,1,1,2,2,2,T intersection,3,60,Arterial Other,30-39,Other injury,Bicyclists
T20220000307,1/6/2022,4:00:00,1,Collision with vehicle,5,Thursday,110,CROSS TRAFFIC(INTERSECTIONS ONLY),3,335706,2,1,0,0,1,2,1,1,Cross intersection,1,80,Arterial Other,50-59,Fatality,Bicyclists
T20220000350,1/3/2022,19:30:00,1,Collision with vehicle,1,Monday,160,VEHICLE COLLIDES WITH VEHICLE PARKED ON LEFT OF ROAD,1,701280,2,0,0,1,0,1,2,5,Not at intersection,3,40,Arterial Other,50-59,Other injury,Bicyclists
T20220000352,1/2/2022,11:00:00,1,Collision with vehicle,1,Sunday,160,VEHICLE COLLIDES WITH VEHICLE PARKED ON LEFT OF ROAD,1,701359,2,0,0,1,0,1,1,5,Not at intersection,3,50,Local Road,40-49,Other injury,Bicyclists
T20220000363,1/8/2022,20:35:00,1,Collision with vehicle,7,Saturday,136,RIGHT TURN SIDESWIPE,3,57599,2,0,0,1,1,2,2,2,T intersection,3,999,Arterial Other,16-17,Other injury,Bicyclists
T20220000379,1/7/2022,4:30:00,1,Collision with vehicle,6,Friday,130,REAR END(VEHICLES IN SAME LANE),3,701360,2,0,0,1,1,2,1,1,Cross intersection,3,60,Arterial Highway,26-29,Other injury,Bicyclists
T20220000394,1/7/2022,12:13:00,8,No collision and no object struck,6,Friday,174,OUT OF CONTROL ON CARRIAGEWAY (ON STRAIGHT),1,172749,1,0,0,1,0,1,1,5,Not at intersection,3,50,Local Road,13-15,Other injury,Bicyclists
T20220000425,1/7/2022,20:14:00,1,Collision with vehicle,6,Friday,147,VEHICLE STRIKES ANOTHER VEH WHILE EMERGING FROM DRIVEWAY,1,702406,2,0,0,1,1,2,1,5,Not at intersection,3,60,Arterial Other,13-15,Other injury,Bicyclists
T20220000441,1/8/2022,8:40:00,1,Collision with vehicle,7,Saturday,110,CROSS TRAFFIC(INTERSECTIONS ONLY),1,73402,2,0,1,0,1,2,1,1,Cross intersection,2,60,Local Road,40-49,Serious injury,Bicyclists
T20220000467,1/8/2022,15:00:00,1,Collision with vehicle,7,Saturday,121,RIGHT THROUGH,1,44822,2,0,0,1,1,2,1,1,Cross intersection,3,60,Arterial Other,30-39,Other injury,Bicyclists
T20220000505,1/9/2022,15:00:00,1,Collision with vehicle,1,Sunday,137,LEFT TURN SIDESWIPE,1,29698,2,0,0,1,1,2,2,1,Cross intersection,3,999,Local Road,50-59,Other injury,Bicyclists
T20220000534,1/7/2022,22:30:00,1,Collision with vehicle,6,Friday,119,OTHER ADJACENT (INTERSECTIONS ONLY),3,57645,2,0,0,2,0,2,1,2,T intersection,3,50,Local Road,22-25,Other injury,Bicyclists
T20220000541,1/10/2022,9:20:00,1,Collision with vehicle,2,Monday,121,RIGHT THROUGH,1,701896,2,0,0,1,1,2,1,1,Cross intersection,3,50,Local Road,65-69,Other injury,Bicyclists
T20220000549,12/21/2021,11:50:00,1,Collision with vehicle,2,Tuesday,113,RIGHT NEAR (INTERSECTIONS ONLY),9,35852,2,0,0,1,1,2,1,2,T intersection,3,80,Arterial Highway,70+,Other injury,Bicyclists
T20220000606,1/11/2022,10:30:00,1,Collision with vehicle,2,Tuesday,121,RIGHT THROUGH,1,51693,2,0,0,1,1,2,2,2,T intersection,3,60,Local Road,30-39,Other injury,Bicyclists
T20220000614,1/11/2022,14:20:00,1,Collision with vehicle,3,Tuesday,116,LEFT NEAR (INTERSECTIONS ONLY),1,243933,2,0,0,1,1,2,1,2,T intersection,3,80,Arterial Highway,40-49,Other injury,Bicyclists
T20220000678,1/12/2022,10:43:00,1,Collision with vehicle,4,Wednesday,111,RIGHT FAR (INTERSECTIONS ONLY),1,53196,2,0,1,0,1,2,1,2,T intersection,2,60,Local Road,50-59,Serious injury,Bicyclists
T20220000682,1/7/2022,10:00:00,1,Collision with vehicle,6,Friday,114,TWO RIGHT TURNING (INTERSECTIONS ONLY),1,35626,2,0,0,1,1,2,1,1,Cross intersection,3,60,Arterial Highway,30-39,Other injury,Bicyclists
T20220000692,12/12/2021,16:30:00,1,Collision with vehicle,0,Sunday,137,LEFT TURN SIDESWIPE,9,45344,2,0,0,1,1,2,2,4,Multiple intersection,3,999,Arterial Other,50-59,Other injury,Bicyclists
T20220000717,1/12/2022,10:17:00,1,Collision with vehicle,4,Wednesday,137,LEFT TURN SIDESWIPE,1,43210,2,0,0,1,1,2,2,2,T intersection,3,60,Arterial Highway,50-59,Other injury,Bicyclists
T20220000719,1/13/2022,6:15:00,1,Collision with vehicle,4,Thursday,199,UNKNOWN-NO DETAILS ON MANOEUVRES OF ROAD-USERS IN ACCIDENT,6,703806,2,0,1,0,1,2,2,2,T intersection,2,50,Local Road,40-49,Serious injury,Bicyclists
T20220000775,12/20/2021,7:20:00,1,Collision with vehicle,2,Monday,121,RIGHT THROUGH,2,37705,2,0,0,1,1,2,2,1,Cross intersection,3,60,Arterial Other,40-49,Other injury,Bicyclists
T20220000790,1/14/2022,10:56:00,1,Collision with vehicle,6,Friday,147,VEHICLE STRIKES ANOTHER VEH WHILE EMERGING FROM DRIVEWAY,1,54013,2,0,1,0,1,2,1,5,Not at intersection,2,70,Arterial Other,50-59,Serious injury,Bicyclists
T20220000816,12/17/2021,16:30:00,5,collision with some other object,6,Friday,166,STRUCK OBJECT ON CARRIAGEWAY,1,705158,1,0,1,0,0,1,2,5,Not at intersection,2,60,Arterial Other,22-25,Serious injury,Bicyclists
T20220000896,1/15/2022,18:30:00,1,Collision with vehicle,6,Saturday,137,LEFT TURN SIDESWIPE,1,38937,2,0,0,1,1,2,1,2,T intersection,3,60,Arterial Other,50-59,Other injury,Bicyclists
T20220000920,1/16/2022,9:40:00,2,Struck Pedestrian,1,Sunday,106,VEH STRIKES PED ON FOOTPATH/MEDIAN/TRAFFIC ISLAND.,1,708353,1,0,0,1,1,2,2,5,Not at intersection,3,40,Arterial Other,70+,Other injury,Bicyclists
T20220000970,1/16/2022,15:17:00,1,Collision with vehicle,1,Sunday,113,RIGHT NEAR (INTERSECTIONS ONLY),1,43378,2,0,1,0,1,2,1,2,T intersection,2,999,Arterial Other,50-59,Serious injury,Bicyclists
T20220001064,1/2/2022,10:27:00,1,Collision with vehicle,0,Sunday,110,CROSS TRAFFIC(INTERSECTIONS ONLY),1,52673,2,0,0,1,1,2,1,1,Cross intersection,3,50,Arterial Other,30-39,Other injury,Bicyclists
T20220001078,1/18/2022,8:05:00,1,Collision with vehicle,3,Tuesday,110,CROSS TRAFFIC(INTERSECTIONS ONLY),1,55201,2,0,0,1,1,2,2,1,Cross intersection,3,50,Local Road,26-29,Other injury,Bicyclists
T20220001103,1/19/2022,5:43:00,1,Collision with vehicle,4,Wednesday,116,LEFT NEAR (INTERSECTIONS ONLY),2,702368,2,0,1,0,1,2,1,2,T intersection,2,80,Arterial Other,60-64,Serious injury,Bicyclists
T20220001109,1/19/2022,8:15:00,1,Collision with vehicle,4,Wednesday,160,VEHICLE COLLIDES WITH VEHICLE PARKED ON LEFT OF ROAD,1,42699,2,0,1,0,0,1,1,2,T intersection,2,60,Arterial Other,40-49,Serious injury,Bicyclists
T20220001117,1/19/2022,9:00:00,1,Collision with vehicle,4,Wednesday,121,RIGHT THROUGH,1,702411,2,0,0,1,1,2,1,5,Not at intersection,3,50,Local Road,60-64,Other injury,Bicyclists
T20220001133,1/19/2022,14:32:00,1,Collision with vehicle,4,Wednesday,112,LEFT FAR (INTERSECTIONS ONLY),1,50062,2,0,1,0,1,2,1,1,Cross intersection,2,60,Local Road,70+,Serious injury,Bicyclists
T20220001147,1/19/2022,14:25:00,1,Collision with vehicle,4,Wednesday,121,RIGHT THROUGH,1,39155,2,0,1,0,1,2,1,1,Cross intersection,2,60,Arterial Other,50-59,Serious injury,Bicyclists
T20220001150,1/4/2022,10:00:00,8,No collision and no object struck,3,Tuesday,174,OUT OF CONTROL ON CARRIAGEWAY (ON STRAIGHT),1,702404,2,0,0,1,1,2,2,5,Not at intersection,3,40,Local Road,30-39,Other injury,Bicyclists
T20220001202,1/10/2022,13:45:00,1,Collision with vehicle,1,Monday,110,CROSS TRAFFIC(INTERSECTIONS ONLY),1,51011,2,0,0,1,1,2,2,1,Cross intersection,3,60,Arterial Other,30-39,Other injury,Bicyclists
T20220001225,1/20/2022,17:28:00,1,Collision with vehicle,5,Thursday,147,VEHICLE STRIKES ANOTHER VEH WHILE EMERGING FROM DRIVEWAY,1,702726,2,0,0,1,1,2,1,5,Not at intersection,3,999,Local Road,16-17,Other injury,Bicyclists
T20220001260,1/21/2022,6:20:00,1,Collision with vehicle,6,Friday,147,VEHICLE STRIKES ANOTHER VEH WHILE EMERGING FROM DRIVEWAY,1,702731,2,0,0,1,1,2,2,5,Not at intersection,3,60,Uknown,50-59,Other injury,Bicyclists
T20220001306,1/20/2022,17:30:00,8,No collision and no object struck,5,Thursday,174,OUT OF CONTROL ON CARRIAGEWAY (ON STRAIGHT),1,703333,2,0,0,1,1,2,2,5,Not at intersection,3,40,Local Road,40-49,Other injury,Bicyclists
T20220001342,1/22/2022,8:47:00,1,Collision with vehicle,6,Saturday,110,CROSS TRAFFIC(INTERSECTIONS ONLY),1,246201,2,0,0,1,1,2,1,1,Cross intersection,3,60,Arterial Highway,30-39,Other injury,Bicyclists
T20220001347,1/22/2022,8:35:00,1,Collision with vehicle,6,Saturday,139,OTHER SAME DIRECTION-MANOUEVRES NOT INCLUDED IN DCAs 130-137,1,702516,2,0,0,2,0,2,1,5,Not at intersection,3,100,Local Road,65-69,Other injury,Bicyclists
T20220001349,1/22/2022,9:30:00,1,Collision with vehicle,7,Saturday,131,LEFT REAR,1,73315,2,0,0,1,1,2,1,2,T intersection,3,60,Arterial Other,30-39,Other injury,Bicyclists
T20220001354,1/22/2022,13:12:00,1,Collision with vehicle,6,Saturday,147,VEHICLE STRIKES ANOTHER VEH WHILE EMERGING FROM DRIVEWAY,1,702737,2,0,0,1,1,2,1,5,Not at intersection,3,50,Local Road,13-15,Other injury,Bicyclists
T20220001368,1/22/2022,17:15:00,1,Collision with vehicle,7,Saturday,148,VEHICLE OFF FOOTPATH STRIKES VEH ON CARRIAGEWAY,1,702997,2,0,1,0,1,2,1,5,Not at intersection,2,60,Uknown,60-64,Serious injury,Bicyclists
T20220001374,1/22/2022,16:38:00,1,Collision with vehicle,6,Saturday,147,VEHICLE STRIKES ANOTHER VEH WHILE EMERGING FROM DRIVEWAY,1,703095,2,0,0,1,1,2,1,5,Not at intersection,3,60,Local Road,40-49,Other injury,Bicyclists
T20220001394,1/22/2022,22:25:00,1,Collision with vehicle,7,Saturday,121,RIGHT THROUGH,3,871,2,0,1,0,2,3,1,5,Not at intersection,2,60,Arterial Highway,30-39,Serious injury,Bicyclists
T20220001410,1/23/2022,8:25:00,3,Struck animal,0,Sunday,167,STRUCK ANIMAL,1,42763,1,0,0,1,0,1,1,2,T intersection,3,60,Arterial Other,50-59,Other injury,Bicyclists
T20220001418,12/24/2021,3:00:00,1,Collision with vehicle,6,Friday,169,OTHER ON PATH,3,702734,2,0,1,0,0,1,2,5,Not at intersection,2,50,Local Road,22-25,Serious injury,Bicyclists
T20220001473,1/21/2022,14:10:00,1,Collision with vehicle,5,Friday,110,CROSS TRAFFIC(INTERSECTIONS ONLY),1,41413,2,0,0,1,1,2,2,1,Cross intersection,3,999,Local Road,30-39,Other injury,Bicyclists
T20220001475,1/15/2022,13:37:00,1,Collision with vehicle,7,Saturday,121,RIGHT THROUGH,1,37282,2,0,0,1,1,2,1,2,T intersection,3,40,Arterial Other,30-39,Other injury,Bicyclists
T20220001486,1/24/2022,7:10:00,1,Collision with vehicle,2,Monday,137,LEFT TURN SIDESWIPE,1,45344,2,0,0,1,1,2,1,4,Multiple intersection,3,60,Arterial Other,30-39,Other injury,Bicyclists
T20220001506,1/24/2022,12:45:00,1,Collision with vehicle,1,Monday,147,VEHICLE STRIKES ANOTHER VEH WHILE EMERGING FROM DRIVEWAY,1,702902,2,0,0,1,1,2,2,5,Not at intersection,3,999,Local Road,40-49,Other injury,Bicyclists
T20220001512,1/24/2022,16:16:00,1,Collision with vehicle,2,Monday,163,VEHICLE STRIKES DOOR OF PARKED/STATIONARY VEHICLE,1,702901,2,0,0,1,1,2,1,5,Not at intersection,3,40,Local Road,30-39,Other injury,Bicyclists
T20220001553,1/25/2022,8:10:00,1,Collision with vehicle,3,Tuesday,130,REAR END(VEHICLES IN SAME LANE),1,705162,2,0,1,0,1,2,1,5,Not at intersection,2,50,Arterial Other,40-49,Serious injury,Bicyclists
T20220001571,1/25/2022,13:15:00,1,Collision with vehicle,3,Tuesday,122,LEFT THROUGH,1,704505,2,0,1,0,1,2,1,1,Cross intersection,2,70,Arterial Other,13-15,Serious injury,Bicyclists
T20220001634,1/25/2022,9:15:00,1,Collision with vehicle,3,Tuesday,163,VEHICLE STRIKES DOOR OF PARKED/STATIONARY VEHICLE,1,703537,2,0,0,1,1,2,2,5,Not at intersection,3,60,Uknown,30-39,Other injury,Bicyclists
T20220001638,1/23/2022,15:00:00,1,Collision with vehicle,0,Sunday,147,VEHICLE STRIKES ANOTHER VEH WHILE EMERGING FROM DRIVEWAY,1,711852,2,0,0,1,1,2,2,5,Not at intersection,3,999,Local Road,13-15,Other injury,Bicyclists
T20220001639,1/25/2022,15:05:00,1,Collision with vehicle,3,Tuesday,113,RIGHT NEAR (INTERSECTIONS ONLY),1,65743,2,0,1,0,1,2,2,1,Cross intersection,2,40,Local Road,22-25,Serious injury,Bicyclists
T20220001645,1/26/2022,11:44:00,1,Collision with vehicle,4,Wednesday,110,CROSS TRAFFIC(INTERSECTIONS ONLY),1,42840,2,0,1,0,1,2,1,1,Cross intersection,2,60,Arterial Other,50-59,Serious injury,Bicyclists
T20220001667,1/22/2022,10:51:00,1,Collision with vehicle,7,Saturday,148,VEHICLE OFF FOOTPATH STRIKES VEH ON CARRIAGEWAY,1,52605,2,0,0,1,1,2,1,1,Cross intersection,3,50,Arterial Highway,30-39,Other injury,Bicyclists
T20220001738,1/24/2022,18:45:00,1,Collision with vehicle,2,Monday,133,LANE SIDE SWIPE (VEHICLES IN PARALLEL LANES),1,47581,2,0,0,1,1,2,1,2,T intersection,3,50,Local Road,40-49,Other injury,Bicyclists
T20220001746,1/25/2022,17:30:00,1,Collision with vehicle,3,Tuesday,147,VEHICLE STRIKES ANOTHER VEH WHILE EMERGING FROM DRIVEWAY,1,703243,2,0,1,0,1,2,2,5,Not at intersection,2,50,Local Road,50-59,Serious injury,Bicyclists
T20220001748,1/22/2022,11:50:00,1,Collision with vehicle,7,Saturday,120,HEAD ON (NOT OVERTAKING),1,733325,2,0,1,0,1,2,2,5,Not at intersection,2,100,Uknown,40-49,Serious injury,Bicyclists
T20220001760,1/27/2022,16:30:00,1,Collision with vehicle,5,Thursday,116,LEFT NEAR (INTERSECTIONS ONLY),1,706713,2,0,0,1,1,2,2,2,T intersection,3,50,Local Road,45424,Other injury,Bicyclists
T20220001772,1/27/2022,18:00:00,1,Collision with vehicle,5,Thursday,163,VEHICLE STRIKES DOOR OF PARKED/STATIONARY VEHICLE,1,707321,2,0,1,0,2,3,1,5,Not at intersection,2,60,Local Road,30-39,Serious injury,Bicyclists
T20220001832,1/28/2022,12:32:00,1,Collision with vehicle,5,Friday,147,VEHICLE STRIKES ANOTHER VEH WHILE EMERGING FROM DRIVEWAY,1,703234,2,0,0,1,1,2,1,5,Not at intersection,3,60,Local Road,13-15,Other injury,Bicyclists
T20220001852,1/28/2022,18:35:00,1,Collision with vehicle,6,Friday,143,ENTERING PARKING,1,703747,2,0,0,1,1,2,1,5,Not at intersection,3,60,Arterial Other,18-21,Other injury,Bicyclists
T20220001854,1/24/2022,10:10:00,1,Collision with vehicle,2,Monday,130,REAR END(VEHICLES IN SAME LANE),1,706498,2,0,0,1,1,2,2,1,Cross intersection,3,60,Local Road,50-59,Other injury,Bicyclists
T20220001855,1/24/2022,12:00:00,1,Collision with vehicle,1,Monday,135,LANE CHANGE LEFT (NOT OVERTAKING),1,703659,2,0,0,1,1,2,2,5,Not at intersection,3,60,Arterial Other,26-29,Other injury,Bicyclists
T20220001888,1/18/2022,9:00:00,1,Collision with vehicle,3,Tuesday,130,REAR END(VEHICLES IN SAME LANE),1,222041,2,0,0,1,1,2,2,4,Multiple intersection,3,50,Freeway,40-49,Other injury,Bicyclists
T20220001893,11/22/2021,9:00:00,1,Collision with vehicle,2,Monday,137,LEFT TURN SIDESWIPE,1,703340,2,0,0,1,1,2,2,1,Cross intersection,3,60,Uknown,18-21,Other injury,Bicyclists
T20220001939,1/22/2022,14:05:00,1,Collision with vehicle,7,Saturday,133,LANE SIDE SWIPE (VEHICLES IN PARALLEL LANES),1,246649,2,0,0,1,1,2,1,5,Not at intersection,3,50,Local Road,30-39,Other injury,Bicyclists
T20220001984,12/30/2021,6:50:00,1,Collision with vehicle,4,Thursday,137,LEFT TURN SIDESWIPE,9,44054,2,0,0,1,1,2,2,2,T intersection,3,999,Local Road,40-49,Other injury,Bicyclists
T20220001985,1/30/2022,12:45:00,1,Collision with vehicle,1,Sunday,121,RIGHT THROUGH,1,29724,2,0,0,1,1,2,2,2,T intersection,3,40,Arterial Highway,50-59,Other injury,Bicyclists
T20220002021,1/31/2022,7:45:00,1,Collision with vehicle,2,Monday,110,CROSS TRAFFIC(INTERSECTIONS ONLY),1,51075,2,0,1,0,1,2,1,1,Cross intersection,2,50,Local Road,70+,Serious injury,Bicyclists
T20220002023,1/31/2022,9:45:00,1,Collision with vehicle,2,Monday,160,VEHICLE COLLIDES WITH VEHICLE PARKED ON LEFT OF ROAD,1,244802,2,0,1,0,0,1,1,2,T intersection,2,60,Arterial Other,70+,Serious injury,Bicyclists