ACCIDENT_NO,ACCIDENT_DATE,ACCIDENT_TIME,ACCIDENT_TYPE,ACCIDENT_TYPE_DESC,DAY_OF_WEEK,DAY_WEEK_DESC,DCA_CODE,DCA_DESC,LIGHT_CONDITION,NODE_ID,NO_OF_VEHICLES,NO_PERSONS_KILLED,NO_PERSONS_INJ_2,NO_PERSONS_INJ_3,NO_PERSONS_NOT_INJ,NO_PERSONS,POLICE_ATTEND,ROAD_GEOMETRY,ROAD_GEOMETRY_DESC,SEVERITY,SPEED_ZONE,RMA,AGE_GROUP,INJ_LEVEL,ROAD_USER_TYPE_DESC
T20220002063,1/31/2022,15:26:00,1,Collision with vehicle,2,Monday,148,VEHICLE OFF FOOTPATH STRIKES VEH ON CARRIAGEWAY,1,674740,2,0,0,1,1,2,1,2,T intersection,3,50,Uknown,16-17,Other injury,Bicyclists
T20220002068,1/31/2022,14:53:00,1,Collision with vehicle,2,Monday,136,RIGHT TURN SIDESWIPE,1,709212,2,0,1,1,0,2,1,5,Not at intersection,2,80,Arterial Highway,13-15,Serious injury,Bicyclists
T20220002071,1/31/2022,17:10:00,1,Collision with vehicle,2,Monday,134,LANE CHANGE RIGHT (NOT OVERTAKING),1,332317,3,0,1,0,2,3,1,2,T intersection,2,70,Arterial Other,18-21,Serious injury,Bicyclists
T20220002100,11/30/2021,18:20:00,1,Collision with vehicle,2,Tuesday,133,LANE SIDE SWIPE (VEHICLES IN PARALLEL LANES),1,707520,2,0,0,1,1,2,1,5,Not at intersection,3,60,Arterial Other,30-39,Other injury,Bicyclists
T20220002123,1/31/2022,11:40:00,1,Collision with vehicle,1,Monday,133,LANE SIDE SWIPE (VEHICLES IN PARALLEL LANES),1,705034,2,0,0,1,1,2,2,5,Not at intersection,3,60,Arterial Other,40-49,Other injury,Bicyclists
T20220002180,1/19/2022,7:00:00,1,Collision with vehicle,4,Wednesday,121,RIGHT THROUGH,2,29595,2,0,0,1,1,2,2,1,Cross intersection,3,60,Local Road,30-39,Other injury,Bicyclists
T20220002187,2/2/2022,8:04:00,1,Collision with vehicle,3,Wednesday,110,CROSS TRAFFIC(INTERSECTIONS ONLY),1,630308,2,0,0,1,1,2,1,1,Cross intersection,3,70,Arterial Other,30-39,Other injury,Bicyclists
T20220002200,1/28/2022,17:15:00,1,Collision with vehicle,5,Friday,113,RIGHT NEAR (INTERSECTIONS ONLY),1,257387,2,0,0,1,1,2,2,2,T intersection,3,999,Local Road,26-29,Other injury,Bicyclists
T20220002232,2/2/2022,8:00:00,1,Collision with vehicle,4,Wednesday,110,CROSS TRAFFIC(INTERSECTIONS ONLY),1,42300,2,0,0,1,1,2,2,1,Cross intersection,3,50,Local Road,16-17,Other injury,Bicyclists
T20220002250,2/2/2022,16:38:00,1,Collision with vehicle,4,Wednesday,116,LEFT NEAR (INTERSECTIONS ONLY),1,266415,2,0,1,0,1,2,1,1,Cross intersection,2,60,Arterial Highway,70+,Serious injury,Bicyclists
T20220002263,2/3/2022,8:54:00,1,Collision with vehicle,5,Thursday,110,CROSS TRAFFIC(INTERSECTIONS ONLY),1,70138,2,0,1,0,1,2,1,1,Cross intersection,2,50,Local Road,40-49,Serious injury,Bicyclists
T20220002274,2/2/2022,15:30:00,1,Collision with vehicle,3,Wednesday,121,RIGHT THROUGH,1,36494,2,0,0,1,1,2,2,1,Cross intersection,3,40,Local Road,40-49,Other injury,Bicyclists
T20220002347,2/4/2022,10:36:00,1,Collision with vehicle,6,Friday,148,VEHICLE OFF FOOTPATH STRIKES VEH ON CARRIAGEWAY,1,704323,2,0,1,0,1,2,1,5,Not at intersection,2,60,Uknown,18-21,Serious injury,Bicyclists
T20220002365,1/27/2022,11:00:00,1,Collision with vehicle,4,Thursday,147,VEHICLE STRIKES ANOTHER VEH WHILE EMERGING FROM DRIVEWAY,9,707431,2,0,0,1,1,2,2,5,Not at intersection,3,888,Arterial Other,50-59,Other injury,Bicyclists
T20220002381,2/3/2022,8:35:00,1,Collision with vehicle,5,Thursday,147,VEHICLE STRIKES ANOTHER VEH WHILE EMERGING FROM DRIVEWAY,1,706798,2,0,0,1,1,2,2,5,Not at intersection,3,999,Local Road,13-15,Other injury,Bicyclists
T20220002387,2/4/2022,17:50:00,1,Collision with vehicle,6,Friday,163,VEHICLE STRIKES DOOR OF PARKED/STATIONARY VEHICLE,1,703667,2,0,0,1,1,2,2,5,Not at intersection,3,40,Local Road,30-39,Other injury,Bicyclists
T20220002434,2/5/2022,8:40:00,1,Collision with vehicle,7,Saturday,121,RIGHT THROUGH,1,704515,2,0,1,0,1,2,1,2,T intersection,2,60,Local Road,40-49,Serious injury,Bicyclists
T20220002444,2/4/2022,17:10:00,1,Collision with vehicle,6,Friday,130,REAR END(VEHICLES IN SAME LANE),1,123772,2,0,0,1,1,2,2,5,Not at intersection,3,50,Local Road,22-25,Other injury,Bicyclists
T20220002451,2/5/2022,8:34:00,1,Collision with vehicle,7,Saturday,130,REAR END(VEHICLES IN SAME LANE),1,707160,2,0,1,0,2,3,1,5,Not at intersection,2,70,Arterial Other,40-49,Serious injury,Bicyclists
T20220002484,2/5/2022,16:30:00,1,Collision with vehicle,6,Saturday,163,VEHICLE STRIKES DOOR OF PARKED/STATIONARY VEHICLE,1,707024,2,0,0,1,2,3,2,5,Not at intersection,3,60,Arterial Other,50-59,Other injury,Bicyclists
T20220002490,2/5/2022,17:10:00,1,Collision with vehicle,7,Saturday,110,CROSS TRAFFIC(INTERSECTIONS ONLY),1,44864,2,0,0,1,1,2,1,1,Cross intersection,3,60,Local Road,16-17,Other injury,Bicyclists
T20220002523,2/6/2022,9:02:00,3,Struck animal,0,Sunday,167,STRUCK ANIMAL,1,706838,1,0,0,1,0,1,1,5,Not at intersection,3,60,Local Road,50-59,Other injury,Bicyclists
T20220002565,2/3/2022,18:15:00,1,Collision with vehicle,4,Thursday,110,CROSS TRAFFIC(INTERSECTIONS ONLY),1,36733,2,0,0,1,1,2,9,1,Cross intersection,3,999,Local Road,22-25,Other injury,Bicyclists
T20220002606,12/25/2021,10:35:00,5,collision with some other object,6,Saturday,191,LOAD OR MISSILE STRUCK VEHICLE,1,704727,3,0,0,1,1,2,1,5,Not at intersection,3,110,Freeway,40-49,Not injured,Drivers
T20220002667,2/7/2022,9:05:00,1,Collision with vehicle,1,Monday,148,VEHICLE OFF FOOTPATH STRIKES VEH ON CARRIAGEWAY,1,720033,2,0,0,1,1,2,2,2,T intersection,3,999,Local Road,13-15,Other injury,Bicyclists
T20220002668,2/7/2022,18:18:00,6,Vehicle overturned (no collision),2,Monday,184,OUT OF CONTROL ON CARRIAGEWAY (ON BEND),1,704401,1,0,0,1,0,1,1,5,Not at intersection,3,60,Arterial Other,70+,Other injury,Bicyclists
T20220002689,2/8/2022,8:05:00,1,Collision with vehicle,3,Tuesday,121,RIGHT THROUGH,1,36772,3,0,1,0,2,3,1,2,T intersection,2,60,Arterial Other,65-69,Serious injury,Bicyclists
T20220002690,2/8/2022,7:30:00,1,Collision with vehicle,3,Tuesday,121,RIGHT THROUGH,1,65831,2,0,1,0,1,2,1,1,Cross intersection,2,40,Arterial Other,30-39,Serious injury,Bicyclists
T20220002692,2/8/2022,8:40:00,1,Collision with vehicle,3,Tuesday,147,VEHICLE STRIKES ANOTHER VEH WHILE EMERGING FROM DRIVEWAY,1,704443,2,0,0,1,1,2,1,5,Not at intersection,3,50,Local Road,45424,Other injury,Bicyclists
T20220002704,2/8/2022,8:30:00,1,Collision with vehicle,2,Tuesday,121,RIGHT THROUGH,1,708279,2,0,0,1,1,2,1,2,T intersection,3,60,Arterial Other,30-39,Other injury,Bicyclists
T20220002727,2/7/2022,18:25:00,8,No collision and no object struck,1,Monday,174,OUT OF CONTROL ON CARRIAGEWAY (ON STRAIGHT),1,36851,3,0,0,2,1,3,2,1,Cross intersection,3,40,Local Road,30-39,Other injury,Bicyclists
T20220002754,2/8/2022,14:30:00,1,Collision with vehicle,2,Tuesday,110,CROSS TRAFFIC(INTERSECTIONS ONLY),1,41345,2,0,0,1,1,2,2,1,Cross intersection,3,50,Local Road,40-49,Other injury,Bicyclists
T20220002755,2/4/2022,16:15:00,1,Collision with vehicle,5,Friday,163,VEHICLE STRIKES DOOR OF PARKED/STATIONARY VEHICLE,1,704453,2,0,0,1,2,3,2,5,Not at intersection,3,60,Arterial Other,50-59,Other injury,Bicyclists
T20220002768,2/8/2022,19:53:00,1,Collision with vehicle,3,Tuesday,148,VEHICLE OFF FOOTPATH STRIKES VEH ON CARRIAGEWAY,3,708285,2,0,1,0,1,2,1,5,Not at intersection,2,50,Uknown,13-15,Serious injury,Bicyclists
T20220002774,2/8/2022,18:30:00,1,Collision with vehicle,2,Tuesday,142,LEAVING PARKING,1,4434,2,0,1,0,1,2,1,5,Not at intersection,2,40,Arterial Other,50-59,Serious injury,Bicyclists
T20220002776,2/8/2022,18:20:00,1,Collision with vehicle,3,Tuesday,110,CROSS TRAFFIC(INTERSECTIONS ONLY),1,39884,2,0,0,1,1,2,1,1,Cross intersection,3,60,Uknown,40-49,Other injury,Bicyclists
T20220002809,2/9/2022,8:20:00,1,Collision with vehicle,3,Wednesday,137,LEFT TURN SIDESWIPE,1,29389,2,0,0,1,1,2,1,1,Cross intersection,3,40,Local Road,30-39,Other injury,Bicyclists
T20220002840,2/9/2022,16:35:00,1,Collision with vehicle,4,Wednesday,148,VEHICLE OFF FOOTPATH STRIKES VEH ON CARRIAGEWAY,1,704650,2,0,0,1,1,2,1,5,Not at intersection,3,50,Local Road,70+,Other injury,Bicyclists
T20220002856,2/9/2022,20:50:00,1,Collision with vehicle,3,Wednesday,147,VEHICLE STRIKES ANOTHER VEH WHILE EMERGING FROM DRIVEWAY,3,586470,2,0,0,1,1,2,1,5,Not at intersection,3,60,Arterial Highway,50-59,Other injury,Bicyclists
T20220002873,2/10/2022,9:00:00,1,Collision with vehicle,5,Thursday,121,RIGHT THROUGH,1,39962,2,0,1,0,1,2,1,2,T intersection,2,60,Uknown,26-29,Serious injury,Bicyclists
T20220002875,12/19/2021,16:30:00,1,Collision with vehicle,1,Sunday,160,VEHICLE COLLIDES WITH VEHICLE PARKED ON LEFT OF ROAD,1,706103,2,0,0,1,0,1,2,5,Not at intersection,3,50,Local Road,18-21,Other injury,Bicyclists
T20220002894,2/10/2022,12:00:00,1,Collision with vehicle,5,Thursday,139,OTHER SAME DIRECTION-MANOUEVRES NOT INCLUDED IN DCAs 130-137,1,707801,2,0,1,0,1,2,1,1,Cross intersection,2,40,Arterial Other,60-64,Serious injury,Bicyclists
T20220002934,2/9/2022,13:30:00,1,Collision with vehicle,3,Wednesday,147,VEHICLE STRIKES ANOTHER VEH WHILE EMERGING FROM DRIVEWAY,1,707484,2,0,0,1,1,2,2,5,Not at intersection,3,999,Local Road,30-39,Other injury,Bicyclists
T20220002963,2/8/2022,22:00:00,1,Collision with vehicle,3,Tuesday,120,HEAD ON (NOT OVERTAKING),6,706849,2,0,1,0,1,2,2,5,Not at intersection,2,999,Arterial Other,26-29,Serious injury,Bicyclists
T20220002979,2/9/2022,16:30:00,1,Collision with vehicle,3,Wednesday,121,RIGHT THROUGH,1,63853,2,0,0,1,1,2,2,1,Cross intersection,3,60,Local Road,26-29,Other injury,Bicyclists
T20220003002,2/9/2022,8:10:00,1,Collision with vehicle,4,Wednesday,137,LEFT TURN SIDESWIPE,1,351859,2,0,0,1,1,2,2,2,T intersection,3,50,Arterial Highway,40-49,Other injury,Bicyclists
T20220003018,2/9/2022,12:25:00,8,No collision and no object struck,3,Wednesday,174,OUT OF CONTROL ON CARRIAGEWAY (ON STRAIGHT),1,708325,2,0,0,1,1,2,2,5,Not at intersection,3,60,Local Road,40-49,Other injury,Bicyclists
T20220003066,2/12/2022,13:20:00,1,Collision with vehicle,7,Saturday,137,LEFT TURN SIDESWIPE,1,716173,2,0,1,0,1,2,1,5,Not at intersection,2,60,Local Road,50-59,Serious injury,Bicyclists
T20220003067,2/12/2022,13:35:00,1,Collision with vehicle,6,Saturday,132,RIGHT REAR.,1,600027,2,0,0,1,1,2,2,4,Multiple intersection,3,60,Arterial Other,40-49,Other injury,Bicyclists
T20220003105,2/12/2022,8:29:00,1,Collision with vehicle,7,Saturday,130,REAR END(VEHICLES IN SAME LANE),1,704135,2,1,0,0,1,2,1,5,Not at intersection,1,100,Arterial Highway,60-64,Fatality,Bicyclists
T20220003159,2/13/2022,8:40:00,4,Collision with a fixed object,1,Sunday,171,LEFT OFF CARRIAGEWAY INTO OBJECT/PARKED VEHICLE,1,704658,1,0,0,1,0,1,2,2,T intersection,3,60,Local Road,40-49,Other injury,Bicyclists
T20220003163,2/7/2022,6:00:00,1,Collision with vehicle,1,Monday,113,RIGHT NEAR (INTERSECTIONS ONLY),2,707062,2,0,0,1,1,2,2,2,T intersection,3,50,Local Road,60-64,Other injury,Bicyclists
T20220003202,2/12/2022,8:30:00,1,Collision with vehicle,6,Saturday,130,REAR END(VEHICLES IN SAME LANE),1,731377,2,0,0,1,1,2,1,5,Not at intersection,3,60,Arterial Other,30-39,Other injury,Bicyclists
T20220003214,2/14/2022,9:10:00,1,Collision with vehicle,2,Monday,121,RIGHT THROUGH,1,36557,2,0,1,0,1,2,1,1,Cross intersection,2,40,Arterial Other,40-49,Serious injury,Bicyclists
T20220003236,1/28/2022,16:00:00,8,No collision and no object struck,6,Friday,174,OUT OF CONTROL ON CARRIAGEWAY (ON STRAIGHT),1,37938,1,0,0,1,0,1,1,2,T intersection,3,40,Local Road,30-39,Other injury,Bicyclists
T20220003253,2/14/2022,15:30:00,1,Collision with vehicle,1,Monday,130,REAR END(VEHICLES IN SAME LANE),1,704666,2,0,0,1,1,2,2,5,Not at intersection,3,50,Local Road,16-17,Other injury,Bicyclists
T20220003268,8/14/2021,12:00:00,1,Collision with vehicle,7,Saturday,137,LEFT TURN SIDESWIPE,1,35951,2,0,0,1,1,2,2,2,T intersection,3,40,Arterial Other,30-39,Other injury,Bicyclists
T20220003331,2/14/2022,20:00:00,1,Collision with vehicle,2,Monday,113,RIGHT NEAR (INTERSECTIONS ONLY),9,37736,2,0,0,1,1,2,2,2,T intersection,3,40,Arterial Other,22-25,Other injury,Bicyclists
T20220003366,2/15/2022,19:05:00,1,Collision with vehicle,3,Tuesday,137,LEFT TURN SIDESWIPE,1,708096,2,0,0,1,1,2,2,5,Not at intersection,3,60,Uknown,18-21,Other injury,Bicyclists
T20220003379,2/10/2022,10:30:00,1,Collision with vehicle,4,Thursday,133,LANE SIDE SWIPE (VEHICLES IN PARALLEL LANES),1,705710,3,0,0,1,2,3,1,5,Not at intersection,3,40,Local Road,22-25,Other injury,Bicyclists
T20220003400,2/15/2022,17:30:00,1,Collision with vehicle,2,Tuesday,137,LEFT TURN SIDESWIPE,1,35383,2,0,0,1,1,2,2,1,Cross intersection,3,40,Arterial Other,50-59,Other injury,Bicyclists
T20220003411,1/7/2022,21:50:00,8,No collision and no object struck,6,Friday,184,OUT OF CONTROL ON CARRIAGEWAY (ON BEND),3,-1,1,0,0,1,0,1,2,1,Cross intersection,3,80,Uknown,60-64,Other injury,Bicyclists
T20220003412,12/11/2021,0:10:00,1,Collision with vehicle,7,Saturday,160,VEHICLE COLLIDES WITH VEHICLE PARKED ON LEFT OF ROAD,3,708184,2,0,0,1,1,2,1,5,Not at intersection,3,50,Local Road,30-39,Other injury,Bicyclists
T20220003440,2/14/2022,19:30:00,1,Collision with vehicle,2,Monday,160,VEHICLE COLLIDES WITH VEHICLE PARKED ON LEFT OF ROAD,1,704829,2,0,1,0,0,1,2,5,Not at intersection,2,60,Arterial Other,30-39,Serious injury,Bicyclists
T20220003468,1/1/2022,6:55:00,1,Collision with vehicle,6,Saturday,175,OFF END OF ROAD/T-INTERSECTION.,2,706058,2,0,0,1,0,1,2,2,T intersection,3,50,Local Road,30-39,Other injury,Bicyclists
T20220003526,2/16/2022,17:30:00,1,Collision with vehicle,4,Wednesday,121,RIGHT THROUGH,1,65501,2,0,1,0,1,2,2,2,T intersection,2,999,Local Road,30-39,Serious injury,Bicyclists
T20220003549,2/17/2022,15:01:00,1,Collision with vehicle,5,Thursday,148,VEHICLE OFF FOOTPATH STRIKES VEH ON CARRIAGEWAY,1,726289,2,0,1,0,1,2,1,5,Not at intersection,2,60,Local Road,45424,Serious injury,Bicyclists
T20220003580,2/16/2022,15:25:00,1,Collision with vehicle,3,Wednesday,110,CROSS TRAFFIC(INTERSECTIONS ONLY),1,731387,2,0,0,1,1,2,2,1,Cross intersection,3,50,Local Road,45424,Other injury,Bicyclists
T20220003592,2/18/2022,10:52:00,1,Collision with vehicle,5,Friday,116,LEFT NEAR (INTERSECTIONS ONLY),1,710682,2,0,0,1,1,2,1,4,Multiple intersection,3,50,Uknown,26-29,Other injury,Bicyclists
T20220003607,2/18/2022,8:45:00,1,Collision with vehicle,6,Friday,137,LEFT TURN SIDESWIPE,1,704783,2,0,0,1,1,2,2,1,Cross intersection,3,30,Local Road,26-29,Other injury,Bicyclists
T20220003608,2/13/2022,14:40:00,8,No collision and no object struck,1,Sunday,174,OUT OF CONTROL ON CARRIAGEWAY (ON STRAIGHT),1,704784,1,0,0,1,0,1,2,5,Not at intersection,3,40,Local Road,40-49,Other injury,Bicyclists
T20220003609,2/18/2022,17:00:00,1,Collision with vehicle,6,Friday,160,VEHICLE COLLIDES WITH VEHICLE PARKED ON LEFT OF ROAD,1,706352,2,0,0,1,0,1,1,5,Not at intersection,3,50,Uknown,18-21,Other injury,Bicyclists
T20220003619,2/18/2022,17:25:00,1,Collision with vehicle,6,Friday,140,U TURN,1,706580,2,0,1,0,1,2,1,5,Not at intersection,2,50,Arterial Other,40-49,Serious injury,Bicyclists
T20220003623,2/16/2022,11:40:00,1,Collision with vehicle,3,Wednesday,121,RIGHT THROUGH,1,36414,2,0,0,1,1,2,2,1,Cross intersection,3,999,Arterial Other,26-29,Other injury,Bicyclists
T20220003656,2/9/2022,17:00:00,1,Collision with vehicle,3,Wednesday,121,RIGHT THROUGH,1,708639,2,0,0,2,0,2,1,5,Not at intersection,3,50,Arterial Other,40-49,Other injury,Bicyclists
T20220003661,2/19/2022,9:14:00,8,No collision and no object struck,7,Saturday,174,OUT OF CONTROL ON CARRIAGEWAY (ON STRAIGHT),1,706447,1,0,0,1,1,2,2,5,Not at intersection,3,40,Local Road,22-25,Other injury,Bicyclists
T20220003666,1/19/2022,5:55:00,1,Collision with vehicle,3,Wednesday,134,LANE CHANGE RIGHT (NOT OVERTAKING),2,704834,2,0,0,1,1,2,2,5,Not at intersection,3,60,Arterial Other,60-64,Other injury,Bicyclists
T20220003678,2/18/2022,16:40:00,1,Collision with vehicle,6,Friday,163,VEHICLE STRIKES DOOR OF PARKED/STATIONARY VEHICLE,1,37590,2,0,0,1,1,2,2,1,Cross intersection,3,60,Arterial Other,60-64,Other injury,Bicyclists
T20220003684,2/19/2022,9:20:00,1,Collision with vehicle,7,Saturday,160,VEHICLE COLLIDES WITH VEHICLE PARKED ON LEFT OF ROAD,1,705117,2,0,1,0,0,1,1,5,Not at intersection,2,60,Arterial Other,50-59,Serious injury,Bicyclists
T20220003716,2/16/2022,8:15:00,8,No collision and no object struck,3,Wednesday,179,OTHER ACCIDENTS-OFF STRAIGHT NOT INCLUDED IN DCAs 170-175,1,35413,1,0,0,1,0,1,2,2,T intersection,3,40,Local Road,50-59,Other injury,Bicyclists
T20220003749,2/20/2022,11:43:00,1,Collision with vehicle,1,Sunday,143,ENTERING PARKING,1,704916,2,0,0,1,1,2,1,5,Not at intersection,3,40,Local Road,70+,Other injury,Bicyclists
T20220003754,2/19/2022,16:30:00,6,Vehicle overturned (no collision),7,Saturday,174,OUT OF CONTROL ON CARRIAGEWAY (ON STRAIGHT),1,70481,1,0,0,1,0,1,1,1,Cross intersection,3,60,Local Road,40-49,Other injury,Bicyclists
T20220003758,2/20/2022,12:12:00,1,Collision with vehicle,1,Sunday,145,REVERSING IN STREAM OF TRAFFIC,1,708844,2,0,0,1,1,2,1,5,Not at intersection,3,50,Local Road,40-49,Other injury,Bicyclists
T20220003759,2/20/2022,8:56:00,4,Collision with a fixed object,1,Sunday,183,OFF LEFT BEND INTO OBJECT/PARKED VEHICLE,1,705174,1,0,1,0,0,1,1,5,Not at intersection,2,80,Arterial Other,40-49,Serious injury,Bicyclists
T20220003795,2/20/2022,16:30:00,1,Collision with vehicle,1,Sunday,116,LEFT NEAR (INTERSECTIONS ONLY),1,43567,2,0,0,1,1,2,1,1,Cross intersection,3,80,Arterial Highway,50-59,Other injury,Bicyclists
T20220003812,2/20/2022,9:00:00,1,Collision with vehicle,0,Sunday,116,LEFT NEAR (INTERSECTIONS ONLY),1,52897,2,0,0,1,1,2,1,1,Cross intersection,3,50,Arterial Other,50-59,Other injury,Bicyclists
T20220003833,2/21/2022,9:40:00,1,Collision with vehicle,2,Monday,148,VEHICLE OFF FOOTPATH STRIKES VEH ON CARRIAGEWAY,1,713556,2,0,0,1,1,2,1,5,Not at intersection,3,40,Local Road,13-15,Other injury,Bicyclists
T20220003839,2/21/2022,8:00:00,1,Collision with vehicle,2,Monday,113,RIGHT NEAR (INTERSECTIONS ONLY),1,221899,2,0,0,1,1,2,1,4,Multiple intersection,3,80,Freeway,65-69,Other injury,Bicyclists
T20220003871,2/20/2022,11:00:00,8,No collision and no object struck,1,Sunday,184,OUT OF CONTROL ON CARRIAGEWAY (ON BEND),1,704993,2,0,0,1,1,2,2,5,Not at intersection,3,60,Uknown,40-49,Other injury,Bicyclists
T20220003921,2/16/2022,17:45:00,1,Collision with vehicle,3,Wednesday,163,VEHICLE STRIKES DOOR OF PARKED/STATIONARY VEHICLE,9,779955,2,0,0,1,1,2,2,5,Not at intersection,3,999,Arterial Other,40-49,Other injury,Bicyclists
T20220003945,2/22/2022,9:08:00,1,Collision with vehicle,3,Tuesday,148,VEHICLE OFF FOOTPATH STRIKES VEH ON CARRIAGEWAY,1,35320,2,0,1,0,2,3,1,1,Cross intersection,2,80,Arterial Highway,40-49,Serious injury,Bicyclists
T20220003954,2/22/2022,13:10:00,1,Collision with vehicle,3,Tuesday,110,CROSS TRAFFIC(INTERSECTIONS ONLY),1,73733,2,1,0,0,1,2,1,1,Cross intersection,1,80,Local Road,70+,Fatality,Bicyclists
T20220003956,2/22/2022,15:30:00,1,Collision with vehicle,3,Tuesday,147,VEHICLE STRIKES ANOTHER VEH WHILE EMERGING FROM DRIVEWAY,1,707483,2,0,0,1,1,2,1,5,Not at intersection,3,60,Uknown,45424,Other injury,Bicyclists
T20220003991,2/22/2022,22:10:00,1,Collision with vehicle,3,Tuesday,148,VEHICLE OFF FOOTPATH STRIKES VEH ON CARRIAGEWAY,3,705187,2,0,0,1,1,2,1,5,Not at intersection,3,999,Local Road,26-29,Other injury,Bicyclists
T20220004033,1/27/2022,15:00:00,8,No collision and no object struck,5,Thursday,174,OUT OF CONTROL ON CARRIAGEWAY (ON STRAIGHT),1,709095,1,0,0,1,0,1,2,5,Not at intersection,3,50,Arterial Other,40-49,Other injury,Bicyclists
T20220004045,2/23/2022,15:40:00,1,Collision with vehicle,3,Wednesday,163,VEHICLE STRIKES DOOR OF PARKED/STATIONARY VEHICLE,1,705260,2,0,0,1,2,3,1,5,Not at intersection,3,40,Local Road,18-21,Other injury,Bicyclists
T20220004049,2/23/2022,17:00:00,1,Collision with vehicle,4,Wednesday,113,RIGHT NEAR (INTERSECTIONS ONLY),1,57599,3,0,0,1,2,3,1,2,T intersection,3,60,Arterial Other,30-39,Other injury,Bicyclists
T20220004066,2/23/2022,18:19:00,1,Collision with vehicle,3,Wednesday,148,VEHICLE OFF FOOTPATH STRIKES VEH ON CARRIAGEWAY,1,708195,2,0,0,1,1,2,1,2,T intersection,3,50,Local Road,30-39,Other injury,Bicyclists
T20220004130,2/24/2022,8:15:00,1,Collision with vehicle,5,Thursday,137,LEFT TURN SIDESWIPE,1,38051,2,0,0,1,2,3,1,1,Cross intersection,3,60,Arterial Other,40-49,Other injury,Bicyclists
T20220004141,2/24/2022,18:20:00,1,Collision with vehicle,5,Thursday,147,VEHICLE STRIKES ANOTHER VEH WHILE EMERGING FROM DRIVEWAY,1,708936,2,0,1,0,2,3,1,5,Not at intersection,2,70,Arterial Other,22-25,Serious injury,Bicyclists
T20220004147,1/5/2022,16:00:00,2,Struck Pedestrian,4,Wednesday,101,PED EMERGES FROM IN FRONT OF PARKED OR STATIONARY VEHICLE,1,705264,1,0,1,0,1,2,1,2,T intersection,2,40,Local Road,40-49,Not injured,Bicyclists
T20220004160,2/24/2022,18:19:00,1,Collision with vehicle,4,Thursday,140,U TURN,1,716195,2,0,0,1,1,2,2,5,Not at intersection,3,40,Arterial Other,22-25,Other injury,Bicyclists
T20220004214,2/25/2022,13:00:00,1,Collision with vehicle,5,Friday,163,VEHICLE STRIKES DOOR OF PARKED/STATIONARY VEHICLE,1,781501,2,0,0,1,1,2,1,5,Not at intersection,3,60,Uknown,22-25,Other injury,Bicyclists
T20220004227,2/25/2022,15:20:00,1,Collision with vehicle,6,Friday,137,LEFT TURN SIDESWIPE,1,232235,2,0,1,0,1,2,1,2,T intersection,2,60,Arterial Other,70+,Serious injury,Bicyclists
T20220004246,2/5/2022,22:30:00,1,Collision with vehicle,7,Saturday,160,VEHICLE COLLIDES WITH VEHICLE PARKED ON LEFT OF ROAD,6,707476,2,0,0,1,0,1,2,5,Not at intersection,3,999,Uknown,22-25,Other injury,Bicyclists
T20220004262,2/15/2022,5:40:00,8,No collision and no object struck,3,Tuesday,174,OUT OF CONTROL ON CARRIAGEWAY (ON STRAIGHT),2,706143,1,0,0,1,0,1,2,5,Not at intersection,3,40,Local Road,40-49,Other injury,Bicyclists
T20220004272,2/23/2022,14:30:00,1,Collision with vehicle,3,Wednesday,116,LEFT NEAR (INTERSECTIONS ONLY),1,757091,2,0,1,0,1,2,1,2,T intersection,2,40,Arterial Other,30-39,Serious injury,Bicyclists
T20220004286,2/26/2022,10:20:00,8,No collision and no object struck,7,Saturday,174,OUT OF CONTROL ON CARRIAGEWAY (ON STRAIGHT),1,43800,2,0,0,1,1,2,1,2,T intersection,3,60,Arterial Other,50-59,Other injury,Bicyclists
T20220004320,2/26/2022,10:04:00,8,No collision and no object struck,7,Saturday,170,OFF CARRIAGEWAY TO LEFT,1,39126,2,0,0,1,1,2,2,1,Cross intersection,3,60,Arterial Other,50-59,Other injury,Bicyclists
T20220004328,2/26/2022,19:15:00,1,Collision with vehicle,6,Saturday,137,LEFT TURN SIDESWIPE,1,705492,2,0,0,1,1,2,2,2,T intersection,3,60,Local Road,50-59,Other injury,Bicyclists
T20220004370,2/26/2022,17:30:00,1,Collision with vehicle,7,Saturday,135,LANE CHANGE LEFT (NOT OVERTAKING),9,706443,2,0,0,1,1,2,2,5,Not at intersection,3,40,Uknown,40-49,Other injury,Bicyclists
T20220004375,2/17/2022,18:30:00,1,Collision with vehicle,5,Thursday,116,LEFT NEAR (INTERSECTIONS ONLY),1,55437,2,0,0,1,1,2,2,1,Cross intersection,3,40,Local Road,30-39,Other injury,Bicyclists
T20220004383,2/27/2022,11:35:00,1,Collision with vehicle,1,Sunday,163,VEHICLE STRIKES DOOR OF PARKED/STATIONARY VEHICLE,1,705812,2,0,0,1,1,2,1,5,Not at intersection,3,999,Arterial Other,40-49,Other injury,Bicyclists
T20220004386,2/26/2022,11:50:00,8,No collision and no object struck,7,Saturday,174,OUT OF CONTROL ON CARRIAGEWAY (ON STRAIGHT),1,65265,2,0,1,0,1,2,2,1,Cross intersection,2,50,Local Road,65-69,Serious injury,Bicyclists
T20220004392,2/27/2022,13:00:00,1,Collision with vehicle,1,Sunday,148,VEHICLE OFF FOOTPATH STRIKES VEH ON CARRIAGEWAY,1,705496,2,0,0,1,2,3,1,5,Not at intersection,3,50,Local Road,45424,Other injury,Bicyclists