ACCIDENT_NO,ACCIDENT_DATE,ACCIDENT_TIME,ACCIDENT_TYPE,ACCIDENT_TYPE_DESC,DAY_OF_WEEK,DAY_WEEK_DESC,DCA_CODE,DCA_DESC,LIGHT_CONDITION,NODE_ID,NO_OF_VEHICLES,NO_PERSONS_KILLED,NO_PERSONS_INJ_2,NO_PERSONS_INJ_3,NO_PERSONS_NOT_INJ,NO_PERSONS,POLICE_ATTEND,ROAD_GEOMETRY,ROAD_GEOMETRY_DESC,SEVERITY,SPEED_ZONE,RMA,AGE_GROUP,INJ_LEVEL,ROAD_USER_TYPE_DESC
T20220004435,2/25/2022,11:30:00,7,Fall from or in moving vehicle,5,Friday,179,OTHER ACCIDENTS-OFF STRAIGHT NOT INCLUDED IN DCAs 170-175,1,706719,1,0,0,1,0,1,2,5,Not at intersection,3,999,Local Road,30-39,Other injury,Bicyclists
T20220004437,2/28/2022,8:50:00,1,Collision with vehicle,2,Monday,148,VEHICLE OFF FOOTPATH STRIKES VEH ON CARRIAGEWAY,1,706305,2,0,0,1,1,2,1,5,Not at intersection,3,50,Local Road,45424,Other injury,Bicyclists
T20220004442,2/26/2022,11:30:00,4,Collision with a fixed object,6,Saturday,173,RIGHT OFF CARRIAGEWAY INTO OBJECT/PARKED VEHICLE,1,705502,1,0,0,1,0,1,2,5,Not at intersection,3,999,Local Road,40-49,Other injury,Bicyclists
T20220004452,2/25/2022,18:25:00,1,Collision with vehicle,6,Friday,137,LEFT TURN SIDESWIPE,1,37323,2,0,0,2,1,3,2,2,T intersection,3,40,Arterial Other,30-39,Other injury,Bicyclists
T20220004457,2/28/2022,13:10:00,1,Collision with vehicle,1,Monday,110,CROSS TRAFFIC(INTERSECTIONS ONLY),1,39951,2,0,1,0,1,2,1,1,Cross intersection,2,50,Uknown,70+,Serious injury,Bicyclists
T20220004503,3/1/2022,8:50:00,1,Collision with vehicle,3,Tuesday,147,VEHICLE STRIKES ANOTHER VEH WHILE EMERGING FROM DRIVEWAY,1,706065,2,0,0,1,1,2,1,5,Not at intersection,3,777,Arterial Other,45424,Other injury,Bicyclists
T20220004506,3/1/2022,8:35:00,1,Collision with vehicle,3,Tuesday,121,RIGHT THROUGH,1,588708,2,0,1,0,4,5,1,1,Cross intersection,2,60,Arterial Highway,30-39,Serious injury,Bicyclists
T20220004557,3/1/2022,16:20:00,1,Collision with vehicle,3,Tuesday,137,LEFT TURN SIDESWIPE,1,39084,2,0,0,1,1,2,1,1,Cross intersection,3,40,Arterial Other,50-59,Other injury,Bicyclists
T20220004567,3/1/2022,18:00:00,1,Collision with vehicle,3,Tuesday,116,LEFT NEAR (INTERSECTIONS ONLY),1,676131,2,0,0,1,1,2,1,1,Cross intersection,3,50,Local Road,22-25,Other injury,Bicyclists
T20220004568,3/1/2022,16:10:00,1,Collision with vehicle,3,Tuesday,139,OTHER SAME DIRECTION-MANOUEVRES NOT INCLUDED IN DCAs 130-137,1,705843,2,0,0,1,1,2,1,5,Not at intersection,3,40,Local Road,70+,Other injury,Bicyclists
T20220004569,12/1/2021,12:05:00,1,Collision with vehicle,4,Wednesday,160,VEHICLE COLLIDES WITH VEHICLE PARKED ON LEFT OF ROAD,1,705567,2,0,0,1,2,3,1,5,Not at intersection,3,60,Arterial Other,65-69,Other injury,Bicyclists
T20220004572,3/1/2022,17:10:00,1,Collision with vehicle,2,Tuesday,160,VEHICLE COLLIDES WITH VEHICLE PARKED ON LEFT OF ROAD,1,779978,2,0,0,1,0,1,1,5,Not at intersection,3,40,Local Road,22-25,Other injury,Bicyclists
T20220004580,3/1/2022,18:50:00,1,Collision with vehicle,3,Tuesday,121,RIGHT THROUGH,1,41189,2,0,0,1,1,2,1,2,T intersection,3,60,Arterial Other,26-29,Other injury,Bicyclists
T20220004610,3/2/2022,7:29:00,1,Collision with vehicle,4,Wednesday,148,VEHICLE OFF FOOTPATH STRIKES VEH ON CARRIAGEWAY,1,227113,2,0,0,1,1,2,1,1,Cross intersection,3,80,Arterial Highway,16-17,Other injury,Bicyclists
T20220004622,2/27/2022,9:30:00,8,No collision and no object struck,0,Sunday,142,LEAVING PARKING,1,781508,2,0,0,1,1,2,2,5,Not at intersection,3,50,Local Road,40-49,Other injury,Bicyclists
T20220004639,3/2/2022,9:25:00,1,Collision with vehicle,4,Wednesday,148,VEHICLE OFF FOOTPATH STRIKES VEH ON CARRIAGEWAY,1,708987,2,0,0,1,1,2,1,1,Cross intersection,3,60,Uknown,40-49,Other injury,Bicyclists
T20220004657,1/30/2022,14:45:00,1,Collision with vehicle,0,Sunday,133,LANE SIDE SWIPE (VEHICLES IN PARALLEL LANES),1,29398,2,0,0,1,1,2,2,1,Cross intersection,3,999,Local Road,30-39,Other injury,Bicyclists
T20220004666,3/2/2022,17:00:00,1,Collision with vehicle,4,Wednesday,110,CROSS TRAFFIC(INTERSECTIONS ONLY),1,36094,2,0,1,0,2,3,1,1,Cross intersection,2,50,Local Road,30-39,Serious injury,Bicyclists
T20220004668,3/2/2022,17:15:00,1,Collision with vehicle,4,Wednesday,134,LANE CHANGE RIGHT (NOT OVERTAKING),1,695507,2,0,1,0,2,3,1,5,Not at intersection,2,60,Local Road,16-17,Serious injury,Bicyclists
T20220004669,3/2/2022,13:30:00,1,Collision with vehicle,4,Wednesday,160,VEHICLE COLLIDES WITH VEHICLE PARKED ON LEFT OF ROAD,1,705845,2,0,1,0,1,2,1,5,Not at intersection,2,80,Arterial Other,40-49,Serious injury,Bicyclists
T20220004697,3/3/2022,8:59:00,1,Collision with vehicle,5,Thursday,121,RIGHT THROUGH,1,243891,2,0,1,0,1,2,1,5,Not at intersection,2,40,Local Road,30-39,Serious injury,Bicyclists
T20220004709,3/3/2022,11:35:00,8,No collision and no object struck,5,Thursday,180,OFF CARRIAGEWAY ON RIGHT BEND,1,705769,1,0,0,1,0,1,1,5,Not at intersection,3,60,Local Road,30-39,Other injury,Bicyclists
T20220004720,3/3/2022,6:45:00,1,Collision with vehicle,5,Thursday,116,LEFT NEAR (INTERSECTIONS ONLY),1,56250,2,0,0,1,1,2,2,1,Cross intersection,3,80,Arterial Highway,30-39,Other injury,Bicyclists
T20220004765,2/20/2022,12:50:00,1,Collision with vehicle,0,Sunday,110,CROSS TRAFFIC(INTERSECTIONS ONLY),1,38783,2,0,0,2,0,2,2,1,Cross intersection,3,50,Local Road,40-49,Other injury,Bicyclists
T20220004794,3/3/2022,7:27:00,1,Collision with vehicle,5,Thursday,160,VEHICLE COLLIDES WITH VEHICLE PARKED ON LEFT OF ROAD,1,708588,2,0,1,0,0,1,1,5,Not at intersection,2,60,Arterial Other,60-64,Serious injury,Bicyclists
T20220004798,3/4/2022,7:50:00,1,Collision with vehicle,6,Friday,148,VEHICLE OFF FOOTPATH STRIKES VEH ON CARRIAGEWAY,1,709678,2,0,0,1,1,2,1,1,Cross intersection,3,60,Uknown,13-15,Other injury,Bicyclists
T20220004813,3/4/2022,8:15:00,1,Collision with vehicle,5,Friday,110,CROSS TRAFFIC(INTERSECTIONS ONLY),1,781558,2,0,0,1,1,2,1,1,Cross intersection,3,999,Local Road,Unknown,Other injury,Bicyclists
T20220004831,3/4/2022,8:50:00,1,Collision with vehicle,6,Friday,121,RIGHT THROUGH,1,1063,2,0,0,1,1,2,1,2,T intersection,3,50,Arterial Highway,50-59,Other injury,Bicyclists
T20220004833,3/4/2022,7:43:00,1,Collision with vehicle,6,Friday,113,RIGHT NEAR (INTERSECTIONS ONLY),1,250995,2,0,1,0,1,2,1,2,T intersection,2,50,Local Road,50-59,Serious injury,Bicyclists
T20220004878,3/4/2022,20:00:00,1,Collision with vehicle,5,Friday,110,CROSS TRAFFIC(INTERSECTIONS ONLY),3,35774,2,0,0,1,1,2,1,1,Cross intersection,3,50,Arterial Other,40-49,Other injury,Bicyclists
T20220004879,3/4/2022,21:05:00,8,No collision and no object struck,6,Friday,174,OUT OF CONTROL ON CARRIAGEWAY (ON STRAIGHT),5,706783,1,0,1,0,0,1,1,5,Not at intersection,2,999,Local Road,26-29,Serious injury,Bicyclists
T20220004958,3/5/2022,15:40:00,1,Collision with vehicle,7,Saturday,140,U TURN,1,706777,2,0,0,1,1,2,1,5,Not at intersection,3,60,Arterial Highway,50-59,Other injury,Bicyclists
T20220004969,3/5/2022,16:00:00,1,Collision with vehicle,7,Saturday,160,VEHICLE COLLIDES WITH VEHICLE PARKED ON LEFT OF ROAD,1,713053,2,0,1,0,0,1,1,6,Dead end,2,50,Local Road,40-49,Serious injury,Bicyclists
T20220004971,3/2/2022,7:50:00,1,Collision with vehicle,4,Wednesday,110,CROSS TRAFFIC(INTERSECTIONS ONLY),1,49248,2,0,0,1,1,2,2,1,Cross intersection,3,60,Local Road,30-39,Other injury,Bicyclists
T20220004994,3/5/2022,22:26:00,1,Collision with vehicle,7,Saturday,147,VEHICLE STRIKES ANOTHER VEH WHILE EMERGING FROM DRIVEWAY,3,706256,2,0,0,1,1,2,1,5,Not at intersection,3,999,Arterial Other,40-49,Other injury,Bicyclists
T20220005011,2/14/2022,18:15:00,1,Collision with vehicle,1,Monday,111,RIGHT FAR (INTERSECTIONS ONLY),9,35414,2,0,0,1,1,2,2,1,Cross intersection,3,40,Arterial Other,40-49,Other injury,Bicyclists
T20220005025,3/6/2022,13:00:00,1,Collision with vehicle,1,Sunday,148,VEHICLE OFF FOOTPATH STRIKES VEH ON CARRIAGEWAY,1,708648,2,0,0,1,2,3,1,2,T intersection,3,60,Local Road,50-59,Other injury,Bicyclists
T20220005041,2/25/2022,6:10:00,1,Collision with vehicle,5,Friday,121,RIGHT THROUGH,2,51791,2,0,0,1,1,2,2,1,Cross intersection,3,60,Uknown,22-25,Other injury,Bicyclists
T20220005042,3/6/2022,15:20:00,1,Collision with vehicle,1,Sunday,148,VEHICLE OFF FOOTPATH STRIKES VEH ON CARRIAGEWAY,1,51916,2,0,0,1,1,2,1,1,Cross intersection,3,70,Arterial Highway,45424,Other injury,Bicyclists
T20220005059,2/25/2022,15:45:00,1,Collision with vehicle,6,Friday,137,LEFT TURN SIDESWIPE,1,710172,2,0,0,1,1,2,2,5,Not at intersection,3,60,Arterial Other,26-29,Other injury,Bicyclists
T20220005093,3/7/2022,8:13:00,1,Collision with vehicle,1,Monday,148,VEHICLE OFF FOOTPATH STRIKES VEH ON CARRIAGEWAY,1,323062,2,0,0,1,1,2,1,2,T intersection,3,60,Freeway,13-15,Other injury,Bicyclists
T20220005104,3/7/2022,8:00:00,1,Collision with vehicle,2,Monday,121,RIGHT THROUGH,1,29389,2,0,1,0,1,2,1,1,Cross intersection,2,40,Local Road,50-59,Serious injury,Bicyclists
T20220005112,3/7/2022,8:22:00,1,Collision with vehicle,2,Monday,149,OTHER MANOEUVRING NOT INCLUDED IN DCAs 140-148,1,706479,2,0,0,1,1,2,1,2,T intersection,3,40,Local Road,30-39,Other injury,Bicyclists
T20220005116,3/7/2022,8:30:00,1,Collision with vehicle,2,Monday,130,REAR END(VEHICLES IN SAME LANE),1,712423,2,0,1,0,1,2,1,5,Not at intersection,2,100,Uknown,65-69,Serious injury,Bicyclists
T20220005117,2/20/2022,8:15:00,5,collision with some other object,0,Sunday,166,STRUCK OBJECT ON CARRIAGEWAY,1,707021,1,0,0,1,0,1,2,5,Not at intersection,3,100,Uknown,65-69,Other injury,Bicyclists
T20220005146,3/7/2022,18:00:00,1,Collision with vehicle,2,Monday,112,LEFT FAR (INTERSECTIONS ONLY),1,38812,2,0,1,0,1,2,1,2,T intersection,2,40,Arterial Other,40-49,Serious injury,Bicyclists
T20220005150,2/18/2022,14:00:00,8,No collision and no object struck,6,Friday,174,OUT OF CONTROL ON CARRIAGEWAY (ON STRAIGHT),1,706652,2,0,0,1,1,2,2,5,Not at intersection,3,40,Local Road,40-49,Other injury,Bicyclists
T20220005169,3/7/2022,19:40:00,1,Collision with vehicle,1,Monday,147,VEHICLE STRIKES ANOTHER VEH WHILE EMERGING FROM DRIVEWAY,9,781573,2,0,0,1,1,2,2,5,Not at intersection,3,999,Local Road,45424,Other injury,Bicyclists
T20220005191,3/7/2022,13:12:00,1,Collision with vehicle,2,Monday,139,OTHER SAME DIRECTION-MANOUEVRES NOT INCLUDED IN DCAs 130-137,1,65367,2,0,0,1,1,2,1,2,T intersection,3,40,Local Road,60-64,Other injury,Bicyclists
T20220005212,3/5/2022,21:45:00,1,Collision with vehicle,7,Saturday,110,CROSS TRAFFIC(INTERSECTIONS ONLY),3,41375,2,0,0,1,1,2,2,4,Multiple intersection,3,60,Arterial Other,22-25,Other injury,Bicyclists
T20220005222,3/4/2022,5:50:00,1,Collision with vehicle,6,Friday,133,LANE SIDE SWIPE (VEHICLES IN PARALLEL LANES),3,708235,2,0,0,1,1,2,1,5,Not at intersection,3,40,Local Road,50-59,Other injury,Bicyclists
T20220005285,3/9/2022,9:00:00,1,Collision with vehicle,4,Wednesday,116,LEFT NEAR (INTERSECTIONS ONLY),1,45694,2,0,1,0,1,2,1,2,T intersection,2,100,Arterial Other,65-69,Serious injury,Bicyclists
T20220005287,3/9/2022,9:45:00,3,Struck animal,4,Wednesday,167,STRUCK ANIMAL,1,706395,1,0,0,1,0,1,1,5,Not at intersection,3,60,Uknown,70+,Other injury,Bicyclists
T20220005327,3/9/2022,8:35:00,1,Collision with vehicle,3,Wednesday,137,LEFT TURN SIDESWIPE,1,781593,2,0,0,1,1,2,2,1,Cross intersection,3,999,Arterial Other,16-17,Other injury,Bicyclists
T20220005330,3/9/2022,15:55:00,1,Collision with vehicle,4,Wednesday,148,VEHICLE OFF FOOTPATH STRIKES VEH ON CARRIAGEWAY,1,706315,2,0,0,1,1,2,1,5,Not at intersection,3,50,Local Road,45424,Other injury,Bicyclists
T20220005391,3/10/2022,9:45:00,1,Collision with vehicle,5,Thursday,113,RIGHT NEAR (INTERSECTIONS ONLY),1,22537,2,0,1,0,1,2,1,2,T intersection,2,40,Arterial Other,65-69,Serious injury,Bicyclists
T20220005400,3/10/2022,11:07:00,2,Struck Pedestrian,5,Thursday,108,PED STRUCK WALKING TO/FROM OR BOARDING/ALIGHTING VEHICLE.,1,706480,1,0,0,2,0,2,1,5,Not at intersection,3,40,Arterial Other,30-39,Other injury,Bicyclists
T20220005411,3/10/2022,10:50:00,1,Collision with vehicle,5,Thursday,110,CROSS TRAFFIC(INTERSECTIONS ONLY),1,42840,2,0,0,1,1,2,1,1,Cross intersection,3,60,Arterial Other,22-25,Other injury,Bicyclists
T20220005430,1/24/2022,17:00:00,1,Collision with vehicle,2,Monday,163,VEHICLE STRIKES DOOR OF PARKED/STATIONARY VEHICLE,9,706483,2,0,0,1,1,2,2,5,Not at intersection,3,50,Local Road,50-59,Other injury,Bicyclists
T20220005451,3/10/2022,16:33:00,1,Collision with vehicle,4,Thursday,113,RIGHT NEAR (INTERSECTIONS ONLY),1,48192,2,0,1,1,0,2,1,2,T intersection,2,60,Local Road,40-49,Serious injury,Bicyclists
T20220005452,3/2/2022,21:35:00,1,Collision with vehicle,3,Wednesday,130,REAR END(VEHICLES IN SAME LANE),6,668259,2,0,0,1,1,2,2,1,Cross intersection,3,60,Local Road,16-17,Other injury,Bicyclists
T20220005460,3/10/2022,17:00:00,1,Collision with vehicle,5,Thursday,137,LEFT TURN SIDESWIPE,1,708668,2,0,1,0,1,2,1,2,T intersection,2,50,Local Road,30-39,Serious injury,Bicyclists
T20220005462,3/10/2022,19:15:00,1,Collision with vehicle,5,Thursday,147,VEHICLE STRIKES ANOTHER VEH WHILE EMERGING FROM DRIVEWAY,1,706964,2,0,0,1,2,3,1,5,Not at intersection,3,999,Arterial Highway,50-59,Other injury,Bicyclists
T20220005480,3/11/2022,8:15:00,1,Collision with vehicle,5,Friday,120,HEAD ON (NOT OVERTAKING),1,706952,2,0,0,1,1,2,1,2,T intersection,3,50,Local Road,40-49,Other injury,Bicyclists
T20220005486,3/11/2022,7:58:00,1,Collision with vehicle,6,Friday,130,REAR END(VEHICLES IN SAME LANE),1,57572,2,0,1,0,1,2,1,2,T intersection,2,50,Local Road,40-49,Serious injury,Bicyclists
T20220005492,3/9/2022,19:50:00,1,Collision with vehicle,4,Wednesday,147,VEHICLE STRIKES ANOTHER VEH WHILE EMERGING FROM DRIVEWAY,2,709553,2,0,0,1,1,2,2,5,Not at intersection,3,50,Uknown,13-15,Other injury,Bicyclists
T20220005498,2/25/2022,11:15:00,1,Collision with vehicle,6,Friday,121,RIGHT THROUGH,1,40304,2,0,0,1,1,2,9,2,T intersection,3,40,Arterial Other,18-21,Other injury,Bicyclists
T20220005520,3/11/2022,16:51:00,1,Collision with vehicle,6,Friday,148,VEHICLE OFF FOOTPATH STRIKES VEH ON CARRIAGEWAY,1,38598,2,0,0,1,1,2,1,2,T intersection,3,60,Arterial Other,26-29,Other injury,Bicyclists
T20220005527,3/11/2022,15:50:00,1,Collision with vehicle,6,Friday,133,LANE SIDE SWIPE (VEHICLES IN PARALLEL LANES),1,708332,2,0,1,0,1,2,1,5,Not at intersection,2,50,Local Road,30-39,Serious injury,Bicyclists
T20220005545,3/11/2022,17:10:00,1,Collision with vehicle,6,Friday,147,VEHICLE STRIKES ANOTHER VEH WHILE EMERGING FROM DRIVEWAY,1,711254,2,0,1,0,1,2,1,5,Not at intersection,2,60,Arterial Highway,60-64,Serious injury,Bicyclists
T20220005563,3/8/2022,17:15:00,1,Collision with vehicle,2,Tuesday,130,REAR END(VEHICLES IN SAME LANE),3,706857,3,0,1,0,2,3,2,5,Not at intersection,2,50,Local Road,40-49,Not injured,Bicyclists
T20220005574,3/12/2022,10:15:00,4,Collision with a fixed object,7,Saturday,181,OFF RIGHT BEND INTO OBJECT/PARKED VEHICLE,1,30411,1,0,1,0,0,1,1,2,T intersection,2,60,Arterial Other,40-49,Serious injury,Bicyclists
T20220005594,3/11/2022,18:40:00,1,Collision with vehicle,6,Friday,110,CROSS TRAFFIC(INTERSECTIONS ONLY),1,57056,2,0,1,0,1,2,2,1,Cross intersection,2,50,Local Road,30-39,Serious injury,Bicyclists
T20220005596,3/12/2022,13:25:00,1,Collision with vehicle,7,Saturday,120,HEAD ON (NOT OVERTAKING),1,707949,2,0,1,0,1,2,1,5,Not at intersection,2,60,Uknown,40-49,Serious injury,Bicyclists
T20220005610,3/8/2022,21:15:00,2,Struck Pedestrian,2,Tuesday,105,PED WALKING AGAINST TRAFFIC.,3,706723,1,0,0,1,1,2,2,2,T intersection,3,888,Arterial Other,Unknown,Not injured,Bicyclists
T20220005673,3/13/2022,12:35:00,8,No collision and no object struck,1,Sunday,170,OFF CARRIAGEWAY TO LEFT,1,692409,1,0,1,0,0,1,1,5,Not at intersection,2,100,Arterial Highway,70+,Serious injury,Bicyclists
T20220005719,3/14/2022,11:20:00,1,Collision with vehicle,2,Monday,163,VEHICLE STRIKES DOOR OF PARKED/STATIONARY VEHICLE,1,706967,3,0,1,0,2,3,1,5,Not at intersection,2,60,Arterial Other,50-59,Serious injury,Bicyclists
T20220005727,3/2/2022,8:30:00,1,Collision with vehicle,3,Wednesday,130,REAR END(VEHICLES IN SAME LANE),1,711427,2,0,0,1,1,2,2,2,T intersection,3,50,Local Road,40-49,Other injury,Bicyclists
T20220005735,3/14/2022,13:30:00,1,Collision with vehicle,2,Monday,148,VEHICLE OFF FOOTPATH STRIKES VEH ON CARRIAGEWAY,1,706891,3,0,0,1,2,3,1,4,Multiple intersection,3,80,Freeway,45424,Other injury,Bicyclists
T20220005739,3/14/2022,12:45:00,1,Collision with vehicle,2,Monday,110,CROSS TRAFFIC(INTERSECTIONS ONLY),1,43372,2,0,0,1,1,2,1,1,Cross intersection,3,50,Local Road,40-49,Other injury,Bicyclists
T20220005742,3/14/2022,7:25:00,1,Collision with vehicle,2,Monday,147,VEHICLE STRIKES ANOTHER VEH WHILE EMERGING FROM DRIVEWAY,1,781585,2,0,0,1,1,2,1,5,Not at intersection,3,50,Local Road,60-64,Other injury,Bicyclists
T20220005801,1/7/2022,13:00:00,8,No collision and no object struck,6,Friday,174,OUT OF CONTROL ON CARRIAGEWAY (ON STRAIGHT),1,46519,2,0,0,1,1,2,2,2,T intersection,3,40,Arterial Other,40-49,Other injury,Bicyclists
T20220005806,3/3/2022,9:27:00,1,Collision with vehicle,4,Thursday,121,RIGHT THROUGH,1,52987,2,0,0,1,1,2,1,1,Cross intersection,3,60,Arterial Other,40-49,Other injury,Bicyclists
T20220005818,3/15/2022,13:00:00,1,Collision with vehicle,3,Tuesday,148,VEHICLE OFF FOOTPATH STRIKES VEH ON CARRIAGEWAY,1,37206,2,0,0,1,1,2,1,2,T intersection,3,40,Arterial Other,30-39,Other injury,Bicyclists
T20220005830,3/9/2022,20:00:00,1,Collision with vehicle,4,Wednesday,147,VEHICLE STRIKES ANOTHER VEH WHILE EMERGING FROM DRIVEWAY,2,706861,2,0,0,1,1,2,2,5,Not at intersection,3,50,Local Road,Unknown,Other injury,Bicyclists
T20220005844,3/14/2022,16:30:00,1,Collision with vehicle,2,Monday,130,REAR END(VEHICLES IN SAME LANE),1,707471,2,0,1,0,1,2,1,5,Not at intersection,2,777,Uknown,70+,Not injured,Bicyclists
T20220005859,3/15/2022,8:45:00,1,Collision with vehicle,3,Tuesday,115,RIGHT/LEFT FAR (INTERSECTIONS ONLY),1,40162,2,0,0,1,1,2,2,2,T intersection,3,50,Arterial Other,30-39,Other injury,Bicyclists
T20220005866,3/15/2022,17:37:00,1,Collision with vehicle,3,Tuesday,120,HEAD ON (NOT OVERTAKING),1,69592,2,0,0,1,1,2,1,2,T intersection,3,50,Arterial Highway,30-39,Other injury,Bicyclists
T20220005879,3/15/2022,8:50:00,1,Collision with vehicle,3,Tuesday,148,VEHICLE OFF FOOTPATH STRIKES VEH ON CARRIAGEWAY,1,39826,2,0,0,1,1,2,2,2,T intersection,3,60,Arterial Other,30-39,Other injury,Bicyclists
T20220005904,3/16/2022,8:20:00,1,Collision with vehicle,4,Wednesday,137,LEFT TURN SIDESWIPE,1,708743,3,0,1,0,4,5,1,5,Not at intersection,2,60,Uknown,30-39,Not injured,Bicyclists
T20220005986,3/12/2022,9:27:00,1,Collision with vehicle,7,Saturday,147,VEHICLE STRIKES ANOTHER VEH WHILE EMERGING FROM DRIVEWAY,1,711378,2,0,0,1,1,2,1,5,Not at intersection,3,50,Local Road,40-49,Other injury,Bicyclists
T20220005989,3/10/2022,21:30:00,1,Collision with vehicle,5,Thursday,121,RIGHT THROUGH,3,707717,2,0,0,1,1,2,2,5,Not at intersection,3,60,Arterial Other,26-29,Other injury,Bicyclists
T20220006012,3/16/2022,8:45:00,1,Collision with vehicle,3,Wednesday,137,LEFT TURN SIDESWIPE,1,713867,2,0,0,1,1,2,2,5,Not at intersection,3,50,Local Road,40-49,Other injury,Bicyclists
T20220006018,3/17/2022,15:05:00,1,Collision with vehicle,5,Thursday,110,CROSS TRAFFIC(INTERSECTIONS ONLY),1,73032,2,0,0,1,1,2,2,4,Multiple intersection,3,50,Local Road,40-49,Other injury,Bicyclists
T20220006021,3/17/2022,16:11:00,1,Collision with vehicle,5,Thursday,160,VEHICLE COLLIDES WITH VEHICLE PARKED ON LEFT OF ROAD,1,710450,2,0,1,0,0,1,1,5,Not at intersection,2,50,Local Road,13-15,Serious injury,Bicyclists
T20220006062,3/11/2022,18:00:00,2,Struck Pedestrian,5,Friday,106,VEH STRIKES PED ON FOOTPATH/MEDIAN/TRAFFIC ISLAND.,9,709038,1,0,0,1,2,3,2,5,Not at intersection,3,999,Arterial Other,Unknown,Not injured,Bicyclists
T20220006086,3/17/2022,18:00:00,1,Collision with vehicle,5,Thursday,121,RIGHT THROUGH,2,36136,2,0,1,0,1,2,1,2,T intersection,2,40,Local Road,22-25,Serious injury,Bicyclists
T20220006094,2/9/2022,18:35:00,1,Collision with vehicle,4,Wednesday,121,RIGHT THROUGH,9,39971,2,0,0,1,1,2,2,1,Cross intersection,3,999,Local Road,30-39,Other injury,Bicyclists
T20220006162,3/19/2022,8:25:00,3,Struck animal,6,Saturday,167,STRUCK ANIMAL,1,707534,1,0,1,0,0,1,1,5,Not at intersection,2,50,Local Road,40-49,Serious injury,Bicyclists
T20220006206,3/19/2022,18:00:00,1,Collision with vehicle,6,Saturday,147,VEHICLE STRIKES ANOTHER VEH WHILE EMERGING FROM DRIVEWAY,1,712929,2,0,0,1,1,2,1,5,Not at intersection,3,50,Local Road,70+,Other injury,Bicyclists
T20220006212,3/19/2022,19:00:00,1,Collision with vehicle,6,Saturday,153,CUTTING IN (OVERTAKING),1,708849,2,0,0,1,1,2,1,5,Not at intersection,3,60,Arterial Highway,26-29,Other injury,Bicyclists
T20220006228,3/19/2022,18:50:00,1,Collision with vehicle,6,Saturday,110,CROSS TRAFFIC(INTERSECTIONS ONLY),1,773146,2,0,0,1,1,2,1,1,Cross intersection,3,60,Local Road,45424,Other injury,Bicyclists
T20220006249,3/18/2022,9:00:00,1,Collision with vehicle,6,Friday,116,LEFT NEAR (INTERSECTIONS ONLY),1,49318,2,0,0,1,1,2,2,4,Multiple intersection,3,60,Arterial Highway,50-59,Other injury,Bicyclists
T20220006305,2/28/2022,13:30:00,1,Collision with vehicle,2,Monday,160,VEHICLE COLLIDES WITH VEHICLE PARKED ON LEFT OF ROAD,1,707425,2,0,0,1,2,3,2,5,Not at intersection,3,888,Local Road,40-49,Other injury,Bicyclists
T20220006326,3/21/2022,7:45:00,1,Collision with vehicle,2,Monday,121,RIGHT THROUGH,1,707544,2,0,0,1,1,2,1,2,T intersection,3,50,Local Road,60-64,Other injury,Bicyclists
T20220006380,3/22/2022,7:40:00,1,Collision with vehicle,3,Tuesday,121,RIGHT THROUGH,1,36629,2,0,0,1,1,2,1,1,Cross intersection,3,40,Local Road,40-49,Other injury,Bicyclists
T20220006382,3/22/2022,8:55:00,1,Collision with vehicle,2,Tuesday,163,VEHICLE STRIKES DOOR OF PARKED/STATIONARY VEHICLE,1,779669,2,0,0,1,1,2,1,5,Not at intersection,3,60,Local Road,50-59,Other injury,Bicyclists
T20220006387,3/22/2022,7:00:00,1,Collision with vehicle,2,Tuesday,121,RIGHT THROUGH,3,779553,2,0,0,1,1,2,1,5,Not at intersection,3,60,Uknown,50-59,Other injury,Bicyclists
T20220006401,3/16/2022,9:00:00,1,Collision with vehicle,4,Wednesday,148,VEHICLE OFF FOOTPATH STRIKES VEH ON CARRIAGEWAY,1,709945,2,0,0,1,1,2,2,5,Not at intersection,3,999,Uknown,30-39,Other injury,Bicyclists
T20220006468,3/8/2022,6:18:00,1,Collision with vehicle,3,Tuesday,116,LEFT NEAR (INTERSECTIONS ONLY),2,39651,2,0,0,1,1,2,2,2,T intersection,3,999,Uknown,50-59,Other injury,Bicyclists
T20220006474,3/23/2022,10:05:00,1,Collision with vehicle,4,Wednesday,137,LEFT TURN SIDESWIPE,1,50267,2,0,1,0,1,2,1,1,Cross intersection,2,60,Arterial Highway,65-69,Serious injury,Bicyclists
T20220006479,3/23/2022,11:00:00,1,Collision with vehicle,3,Wednesday,160,VEHICLE COLLIDES WITH VEHICLE PARKED ON LEFT OF ROAD,1,709049,2,0,0,1,0,1,1,5,Not at intersection,3,60,Arterial Highway,50-59,Other injury,Bicyclists
T20220006502,3/22/2022,15:30:00,1,Collision with vehicle,3,Tuesday,148,VEHICLE OFF FOOTPATH STRIKES VEH ON CARRIAGEWAY,1,675822,2,0,0,1,1,2,2,5,Not at intersection,3,999,Local Road,22-25,Other injury,Bicyclists
T20220006531,3/23/2022,16:41:00,1,Collision with vehicle,4,Wednesday,148,VEHICLE OFF FOOTPATH STRIKES VEH ON CARRIAGEWAY,1,38041,2,0,0,1,1,2,1,1,Cross intersection,3,60,Arterial Other,70+,Other injury,Bicyclists
T20220006580,3/24/2022,8:20:00,1,Collision with vehicle,5,Thursday,121,RIGHT THROUGH,1,45303,2,0,1,1,0,2,1,1,Cross intersection,2,60,Arterial Other,22-25,Serious injury,Bicyclists