ACCIDENT_NO,ACCIDENT_DATE,ACCIDENT_TIME,ACCIDENT_TYPE,ACCIDENT_TYPE_DESC,DAY_OF_WEEK,DAY_WEEK_DESC,DCA_CODE,DCA_DESC,LIGHT_CONDITION,NODE_ID,NO_OF_VEHICLES,NO_PERSONS_KILLED,NO_PERSONS_INJ_2,NO_PERSONS_INJ_3,NO_PERSONS_NOT_INJ,NO_PERSONS,POLICE_ATTEND,ROAD_GEOMETRY,ROAD_GEOMETRY_DESC,SEVERITY,SPEED_ZONE,RMA,AGE_GROUP,INJ_LEVEL,ROAD_USER_TYPE_DESC
T20220006587,3/17/2022,17:00:00,1,Collision with vehicle,5,Thursday,132,RIGHT REAR.,1,70851,2,0,0,1,1,2,2,2,T intersection,3,50,Local Road,70+,Other injury,Bicyclists
T20220006591,3/24/2022,6:25:00,1,Collision with vehicle,5,Thursday,130,REAR END(VEHICLES IN SAME LANE),3,707856,2,0,1,0,1,2,1,5,Not at intersection,2,60,Arterial Other,40-49,Serious injury,Bicyclists
T20220006611,3/24/2022,11:30:00,1,Collision with vehicle,5,Thursday,147,VEHICLE STRIKES ANOTHER VEH WHILE EMERGING FROM DRIVEWAY,1,710077,2,0,1,0,1,2,1,5,Not at intersection,2,100,Arterial Other,70+,Serious injury,Bicyclists
T20220006616,3/24/2022,16:50:00,1,Collision with vehicle,4,Thursday,133,LANE SIDE SWIPE (VEHICLES IN PARALLEL LANES),1,708412,2,0,0,1,1,2,1,5,Not at intersection,3,80,Arterial Other,18-21,Other injury,Bicyclists
T20220006623,3/18/2022,17:30:00,1,Collision with vehicle,5,Friday,137,LEFT TURN SIDESWIPE,1,232235,2,0,0,1,1,2,2,2,T intersection,3,60,Arterial Other,26-29,Other injury,Bicyclists
T20220006673,3/25/2022,9:00:00,1,Collision with vehicle,6,Friday,148,VEHICLE OFF FOOTPATH STRIKES VEH ON CARRIAGEWAY,1,708291,2,0,0,1,1,2,1,5,Not at intersection,3,60,Uknown,16-17,Other injury,Bicyclists
T20220006699,3/25/2022,13:10:00,1,Collision with vehicle,6,Friday,147,VEHICLE STRIKES ANOTHER VEH WHILE EMERGING FROM DRIVEWAY,1,708748,2,0,0,1,1,2,1,5,Not at intersection,3,60,Arterial Other,65-69,Other injury,Bicyclists
T20220006707,3/25/2022,15:30:00,1,Collision with vehicle,6,Friday,137,LEFT TURN SIDESWIPE,1,42743,2,0,1,0,1,2,1,2,T intersection,2,60,Arterial Other,70+,Serious injury,Bicyclists
T20220006719,3/25/2022,16:45:00,1,Collision with vehicle,6,Friday,148,VEHICLE OFF FOOTPATH STRIKES VEH ON CARRIAGEWAY,1,40777,2,0,0,1,1,2,1,2,T intersection,3,50,Arterial Other,45424,Other injury,Bicyclists
T20220006720,3/25/2022,20:02:00,1,Collision with vehicle,6,Friday,140,U TURN,6,710625,2,0,0,1,1,2,2,5,Not at intersection,3,50,Arterial Other,16-17,Other injury,Bicyclists
T20220006733,3/25/2022,8:02:00,1,Collision with vehicle,5,Friday,111,RIGHT FAR (INTERSECTIONS ONLY),1,52826,2,0,0,1,1,2,2,2,T intersection,3,60,Local Road,40-49,Other injury,Bicyclists
T20220006742,3/25/2022,14:45:00,1,Collision with vehicle,6,Friday,110,CROSS TRAFFIC(INTERSECTIONS ONLY),1,37972,2,0,0,1,1,2,2,1,Cross intersection,3,999,Local Road,30-39,Other injury,Bicyclists
T20220006751,3/16/2022,18:15:00,8,No collision and no object struck,4,Wednesday,174,OUT OF CONTROL ON CARRIAGEWAY (ON STRAIGHT),2,708701,2,0,0,1,2,3,2,5,Not at intersection,3,999,Local Road,40-49,Other injury,Bicyclists
T20220006768,3/26/2022,10:15:00,1,Collision with vehicle,7,Saturday,130,REAR END(VEHICLES IN SAME LANE),1,707911,2,1,0,0,1,2,1,5,Not at intersection,1,100,Arterial Other,40-49,Fatality,Bicyclists
T20220006860,3/26/2022,16:15:00,1,Collision with vehicle,6,Saturday,163,VEHICLE STRIKES DOOR OF PARKED/STATIONARY VEHICLE,1,36166,2,0,1,0,1,2,2,1,Cross intersection,2,50,Local Road,26-29,Serious injury,Bicyclists
T20220006872,3/25/2022,18:20:00,1,Collision with vehicle,6,Friday,121,RIGHT THROUGH,2,713761,2,0,0,1,1,2,2,2,T intersection,3,40,Local Road,40-49,Other injury,Bicyclists
T20220006882,3/27/2022,18:30:00,1,Collision with vehicle,1,Sunday,121,RIGHT THROUGH,1,708767,2,0,0,1,1,2,1,2,T intersection,3,40,Local Road,40-49,Other injury,Bicyclists
T20220006889,3/27/2022,17:18:00,1,Collision with vehicle,1,Sunday,142,LEAVING PARKING,1,708501,2,0,0,1,1,2,1,5,Not at intersection,3,40,Local Road,40-49,Other injury,Bicyclists
T20220006914,3/28/2022,7:50:00,1,Collision with vehicle,1,Monday,133,LANE SIDE SWIPE (VEHICLES IN PARALLEL LANES),2,708419,2,0,0,1,1,2,2,5,Not at intersection,3,100,Arterial Other,50-59,Other injury,Bicyclists
T20220006939,3/27/2022,17:30:00,1,Collision with vehicle,1,Sunday,148,VEHICLE OFF FOOTPATH STRIKES VEH ON CARRIAGEWAY,9,32340,2,0,0,1,1,2,2,1,Cross intersection,3,50,Arterial Highway,40-49,Other injury,Bicyclists
T20220006948,3/28/2022,13:28:00,1,Collision with vehicle,2,Monday,111,RIGHT FAR (INTERSECTIONS ONLY),1,62084,2,0,0,1,1,2,1,1,Cross intersection,3,60,Local Road,40-49,Other injury,Bicyclists
T20220006972,3/28/2022,17:36:00,1,Collision with vehicle,1,Monday,148,VEHICLE OFF FOOTPATH STRIKES VEH ON CARRIAGEWAY,1,708147,2,0,0,1,1,2,1,5,Not at intersection,3,60,Local Road,45424,Other injury,Bicyclists
T20220006977,3/28/2022,13:45:00,1,Collision with vehicle,2,Monday,148,VEHICLE OFF FOOTPATH STRIKES VEH ON CARRIAGEWAY,1,54724,2,0,0,1,1,2,2,2,T intersection,3,60,Local Road,16-17,Other injury,Bicyclists
T20220006987,3/24/2022,18:10:00,1,Collision with vehicle,4,Thursday,137,LEFT TURN SIDESWIPE,9,231563,2,0,0,1,1,2,2,1,Cross intersection,3,40,Arterial Other,26-29,Other injury,Bicyclists
T20220007031,2/15/2022,13:40:00,1,Collision with vehicle,3,Tuesday,116,LEFT NEAR (INTERSECTIONS ONLY),1,46391,2,0,0,1,1,2,2,2,T intersection,3,50,Local Road,30-39,Other injury,Bicyclists
T20220007046,3/28/2022,19:20:00,1,Collision with vehicle,2,Monday,110,CROSS TRAFFIC(INTERSECTIONS ONLY),2,58258,2,0,0,1,1,2,2,1,Cross intersection,3,40,Local Road,40-49,Other injury,Bicyclists
T20220007146,3/30/2022,15:32:00,1,Collision with vehicle,4,Wednesday,148,VEHICLE OFF FOOTPATH STRIKES VEH ON CARRIAGEWAY,1,52475,2,0,0,1,1,2,1,1,Cross intersection,3,40,Local Road,13-15,Other injury,Bicyclists
T20220007152,3/23/2022,18:15:00,1,Collision with vehicle,4,Wednesday,163,VEHICLE STRIKES DOOR OF PARKED/STATIONARY VEHICLE,2,335550,2,0,0,1,1,2,2,5,Not at intersection,3,40,Local Road,40-49,Other injury,Bicyclists
T20220007157,3/30/2022,23:30:00,1,Collision with vehicle,3,Wednesday,110,CROSS TRAFFIC(INTERSECTIONS ONLY),5,20839,2,0,0,1,1,2,1,1,Cross intersection,3,50,Arterial Other,13-15,Other injury,Bicyclists
T20220007220,3/26/2022,20:30:00,1,Collision with vehicle,7,Saturday,163,VEHICLE STRIKES DOOR OF PARKED/STATIONARY VEHICLE,9,37555,2,0,0,1,2,3,2,1,Cross intersection,3,40,Local Road,22-25,Other injury,Bicyclists
T20220007245,3/31/2022,8:45:00,1,Collision with vehicle,5,Thursday,113,RIGHT NEAR (INTERSECTIONS ONLY),1,38940,2,0,0,1,1,2,2,2,T intersection,3,40,Arterial Other,30-39,Other injury,Bicyclists
T20220007318,3/28/2022,12:00:00,1,Collision with vehicle,1,Monday,110,CROSS TRAFFIC(INTERSECTIONS ONLY),1,774233,2,0,1,0,1,2,1,1,Cross intersection,2,50,Local Road,40-49,Serious injury,Bicyclists
T20220007364,4/2/2022,11:03:00,8,No collision and no object struck,7,Saturday,149,OTHER MANOEUVRING NOT INCLUDED IN DCAs 140-148,1,708999,2,0,1,0,1,2,1,5,Not at intersection,2,70,Arterial Highway,40-49,Serious injury,Bicyclists
T20220007375,4/2/2022,12:30:00,1,Collision with vehicle,6,Saturday,135,LANE CHANGE LEFT (NOT OVERTAKING),1,711388,2,0,0,1,5,6,1,5,Not at intersection,3,60,Arterial Other,26-29,Other injury,Bicyclists
T20220007380,4/2/2022,12:18:00,1,Collision with vehicle,7,Saturday,113,RIGHT NEAR (INTERSECTIONS ONLY),1,37640,2,0,1,0,1,2,1,1,Cross intersection,2,40,Arterial Other,30-39,Serious injury,Bicyclists
T20220007435,4/3/2022,10:20:00,1,Collision with vehicle,0,Sunday,148,VEHICLE OFF FOOTPATH STRIKES VEH ON CARRIAGEWAY,1,60743,2,0,0,1,1,2,1,2,T intersection,3,40,Local Road,60-64,Other injury,Bicyclists
T20220007461,4/3/2022,16:57:00,1,Collision with vehicle,1,Sunday,136,RIGHT TURN SIDESWIPE,1,51808,2,0,1,0,1,2,1,2,T intersection,2,60,Arterial Highway,70+,Serious injury,Bicyclists
T20220007463,4/1/2022,8:30:00,1,Collision with vehicle,6,Friday,148,VEHICLE OFF FOOTPATH STRIKES VEH ON CARRIAGEWAY,1,712063,2,0,0,1,1,2,2,5,Not at intersection,3,60,Arterial Other,45424,Other injury,Bicyclists
T20220007465,4/3/2022,16:00:00,1,Collision with vehicle,0,Sunday,110,CROSS TRAFFIC(INTERSECTIONS ONLY),1,67459,2,0,0,1,1,2,2,1,Cross intersection,3,50,Local Road,30-39,Other injury,Bicyclists
T20220007526,4/4/2022,14:35:00,1,Collision with vehicle,1,Monday,148,VEHICLE OFF FOOTPATH STRIKES VEH ON CARRIAGEWAY,1,711600,2,0,0,1,1,2,1,1,Cross intersection,3,60,Uknown,22-25,Other injury,Bicyclists
T20220007528,4/4/2022,15:17:00,1,Collision with vehicle,2,Monday,140,U TURN,1,70890,2,0,1,0,1,2,1,2,T intersection,2,40,Local Road,70+,Serious injury,Bicyclists
T20220007537,4/4/2022,16:55:00,1,Collision with vehicle,2,Monday,121,RIGHT THROUGH,1,36430,2,0,1,0,1,2,1,4,Multiple intersection,2,40,Arterial Other,22-25,Serious injury,Bicyclists
T20220007538,4/4/2022,17:44:00,1,Collision with vehicle,2,Monday,148,VEHICLE OFF FOOTPATH STRIKES VEH ON CARRIAGEWAY,2,708873,2,0,0,1,2,3,1,1,Cross intersection,3,40,Uknown,40-49,Other injury,Bicyclists
T20220007540,4/4/2022,16:45:00,1,Collision with vehicle,1,Monday,110,CROSS TRAFFIC(INTERSECTIONS ONLY),1,60932,2,0,1,0,1,2,1,1,Cross intersection,2,50,Local Road,50-59,Serious injury,Bicyclists
T20220007598,12/10/2021,20:00:00,1,Collision with vehicle,5,Friday,133,LANE SIDE SWIPE (VEHICLES IN PARALLEL LANES),2,709363,2,0,0,1,1,2,2,5,Not at intersection,3,60,Arterial Other,50-59,Other injury,Bicyclists
T20220007599,4/5/2022,9:45:00,1,Collision with vehicle,3,Tuesday,163,VEHICLE STRIKES DOOR OF PARKED/STATIONARY VEHICLE,1,708876,2,0,0,1,1,2,1,5,Not at intersection,3,40,Local Road,40-49,Other injury,Bicyclists
T20220007603,4/5/2022,13:44:00,1,Collision with vehicle,2,Tuesday,110,CROSS TRAFFIC(INTERSECTIONS ONLY),1,62084,2,0,0,1,1,2,1,1,Cross intersection,3,60,Local Road,40-49,Other injury,Bicyclists
T20220007606,4/5/2022,13:19:00,1,Collision with vehicle,2,Tuesday,131,LEFT REAR,1,708877,2,0,1,0,2,3,1,5,Not at intersection,2,60,Arterial Other,18-21,Serious injury,Bicyclists
T20220007611,4/4/2022,15:30:00,1,Collision with vehicle,1,Monday,137,LEFT TURN SIDESWIPE,9,36066,2,0,0,1,1,2,2,1,Cross intersection,3,999,Arterial Highway,30-39,Other injury,Bicyclists
T20220007621,4/2/2022,15:30:00,1,Collision with vehicle,7,Saturday,121,RIGHT THROUGH,1,709890,2,0,1,0,1,2,2,1,Cross intersection,2,60,Local Road,30-39,Serious injury,Bicyclists
T20220007651,4/5/2022,17:32:00,1,Collision with vehicle,3,Tuesday,110,CROSS TRAFFIC(INTERSECTIONS ONLY),1,43942,2,0,1,0,1,2,1,1,Cross intersection,2,100,Arterial Highway,13-15,Serious injury,Bicyclists
T20220007681,4/1/2022,11:00:00,1,Collision with vehicle,5,Friday,163,VEHICLE STRIKES DOOR OF PARKED/STATIONARY VEHICLE,1,714823,2,0,0,1,1,2,2,5,Not at intersection,3,999,Arterial Other,60-64,Other injury,Bicyclists
T20220007688,2/19/2022,17:40:00,4,Collision with a fixed object,7,Saturday,171,LEFT OFF CARRIAGEWAY INTO OBJECT/PARKED VEHICLE,1,708879,1,0,1,0,0,1,1,5,Not at intersection,2,50,Local Road,40-49,Serious injury,Bicyclists
T20220007709,4/6/2022,14:00:00,1,Collision with vehicle,3,Wednesday,110,CROSS TRAFFIC(INTERSECTIONS ONLY),1,69142,2,0,0,1,1,2,1,1,Cross intersection,3,50,Local Road,40-49,Other injury,Bicyclists
T20220007715,4/6/2022,5:30:00,1,Collision with vehicle,3,Wednesday,113,RIGHT NEAR (INTERSECTIONS ONLY),3,70260,2,0,0,1,1,2,2,2,T intersection,3,60,Arterial Other,30-39,Other injury,Bicyclists
T20220007721,4/5/2022,11:00:00,1,Collision with vehicle,2,Tuesday,163,VEHICLE STRIKES DOOR OF PARKED/STATIONARY VEHICLE,1,796505,2,0,1,1,1,3,2,5,Not at intersection,2,50,Uknown,30-39,Serious injury,Bicyclists
T20220007733,4/6/2022,17:00:00,1,Collision with vehicle,3,Wednesday,121,RIGHT THROUGH,1,29401,2,0,0,1,1,2,1,1,Cross intersection,3,40,Arterial Other,26-29,Other injury,Bicyclists
T20220007750,4/1/2022,17:15:00,1,Collision with vehicle,5,Friday,163,VEHICLE STRIKES DOOR OF PARKED/STATIONARY VEHICLE,1,711387,2,0,0,1,1,2,2,5,Not at intersection,3,40,Local Road,26-29,Other injury,Bicyclists
T20220007783,4/7/2022,10:50:00,1,Collision with vehicle,5,Thursday,121,RIGHT THROUGH,1,710084,2,0,1,0,2,3,1,4,Multiple intersection,2,999,Arterial Other,60-64,Serious injury,Bicyclists
T20220007817,4/7/2022,15:00:00,1,Collision with vehicle,5,Thursday,148,VEHICLE OFF FOOTPATH STRIKES VEH ON CARRIAGEWAY,1,712064,2,0,0,1,1,2,1,2,T intersection,3,888,Local Road,13-15,Other injury,Bicyclists
T20220007843,4/5/2022,17:05:00,1,Collision with vehicle,3,Tuesday,163,VEHICLE STRIKES DOOR OF PARKED/STATIONARY VEHICLE,2,709154,2,0,0,1,1,2,2,5,Not at intersection,3,40,Arterial Other,26-29,Other injury,Bicyclists
T20220007863,4/7/2022,13:45:00,8,No collision and no object struck,5,Thursday,174,OUT OF CONTROL ON CARRIAGEWAY (ON STRAIGHT),1,710085,2,0,0,1,1,2,2,1,Cross intersection,3,50,Local Road,16-17,Other injury,Bicyclists
T20220007941,4/6/2022,8:30:00,1,Collision with vehicle,3,Wednesday,110,CROSS TRAFFIC(INTERSECTIONS ONLY),1,36627,2,0,0,1,1,2,2,1,Cross intersection,3,40,Local Road,40-49,Other injury,Bicyclists
T20220007942,4/9/2022,9:29:00,1,Collision with vehicle,7,Saturday,113,RIGHT NEAR (INTERSECTIONS ONLY),1,709302,2,0,1,0,1,2,1,2,T intersection,2,80,Arterial Highway,30-39,Serious injury,Bicyclists
T20220007951,4/9/2022,7:45:00,1,Collision with vehicle,7,Saturday,110,CROSS TRAFFIC(INTERSECTIONS ONLY),1,713742,2,0,1,0,1,2,1,1,Cross intersection,2,60,Arterial Other,50-59,Serious injury,Bicyclists
T20220007954,4/9/2022,10:55:00,1,Collision with vehicle,6,Saturday,121,RIGHT THROUGH,1,29634,2,0,0,1,1,2,1,2,T intersection,3,60,Arterial Other,60-64,Other injury,Bicyclists
T20220007972,4/9/2022,14:50:00,1,Collision with vehicle,7,Saturday,163,VEHICLE STRIKES DOOR OF PARKED/STATIONARY VEHICLE,1,712159,2,0,0,1,1,2,1,5,Not at intersection,3,40,Local Road,18-21,Other injury,Bicyclists
T20220008015,4/9/2022,10:00:00,1,Collision with vehicle,7,Saturday,163,VEHICLE STRIKES DOOR OF PARKED/STATIONARY VEHICLE,1,714418,2,0,0,1,1,2,2,5,Not at intersection,3,50,Local Road,26-29,Other injury,Bicyclists
T20220008021,4/10/2022,12:15:00,1,Collision with vehicle,1,Sunday,114,TWO RIGHT TURNING (INTERSECTIONS ONLY),1,37804,2,0,0,1,2,3,1,2,T intersection,3,999,Arterial Other,40-49,Other injury,Bicyclists
T20220008042,4/10/2022,18:08:00,1,Collision with vehicle,1,Sunday,140,U TURN,1,65713,2,0,0,1,1,2,2,2,T intersection,3,40,Local Road,50-59,Other injury,Bicyclists
T20220008074,4/11/2022,11:00:00,1,Collision with vehicle,2,Monday,137,LEFT TURN SIDESWIPE,1,42003,2,0,1,0,1,2,2,2,T intersection,2,60,Arterial Other,50-59,Serious injury,Bicyclists
T20220008095,3/28/2022,7:55:00,8,No collision and no object struck,2,Monday,174,OUT OF CONTROL ON CARRIAGEWAY (ON STRAIGHT),1,255776,1,0,1,0,0,1,2,5,Not at intersection,2,40,Local Road,40-49,Serious injury,Bicyclists
T20220008162,4/12/2022,11:00:00,1,Collision with vehicle,3,Tuesday,121,RIGHT THROUGH,1,49873,2,0,0,1,1,2,1,1,Cross intersection,3,50,Uknown,45424,Other injury,Bicyclists
T20220008197,4/12/2022,13:18:00,1,Collision with vehicle,3,Tuesday,113,RIGHT NEAR (INTERSECTIONS ONLY),1,42292,2,1,0,0,1,2,1,1,Cross intersection,1,60,Arterial Other,40-49,Fatality,Bicyclists
T20220008221,12/23/2021,12:00:00,1,Collision with vehicle,5,Thursday,163,VEHICLE STRIKES DOOR OF PARKED/STATIONARY VEHICLE,1,780050,2,0,0,1,1,2,2,5,Not at intersection,3,40,Uknown,22-25,Other injury,Bicyclists
T20220008260,4/8/2022,16:45:00,1,Collision with vehicle,6,Friday,147,VEHICLE STRIKES ANOTHER VEH WHILE EMERGING FROM DRIVEWAY,1,712153,2,0,0,1,1,2,2,5,Not at intersection,3,60,Arterial Other,16-17,Other injury,Bicyclists
T20220008276,4/13/2022,8:15:00,1,Collision with vehicle,3,Wednesday,160,VEHICLE COLLIDES WITH VEHICLE PARKED ON LEFT OF ROAD,1,724081,2,0,0,1,0,1,2,5,Not at intersection,3,999,Local Road,30-39,Other injury,Bicyclists
T20220008303,4/13/2022,11:20:00,1,Collision with vehicle,4,Wednesday,110,CROSS TRAFFIC(INTERSECTIONS ONLY),1,50295,2,0,1,0,1,2,1,1,Cross intersection,2,50,Local Road,70+,Serious injury,Bicyclists
T20220008306,4/5/2022,17:15:00,1,Collision with vehicle,3,Tuesday,121,RIGHT THROUGH,1,37115,2,0,0,1,1,2,2,1,Cross intersection,3,50,Local Road,22-25,Other injury,Bicyclists
T20220008307,4/13/2022,12:06:00,1,Collision with vehicle,4,Wednesday,119,OTHER ADJACENT (INTERSECTIONS ONLY),1,29372,2,0,0,1,1,2,1,4,Multiple intersection,3,60,Arterial Highway,22-25,Other injury,Bicyclists
T20220008367,4/10/2022,10:25:00,1,Collision with vehicle,0,Sunday,121,RIGHT THROUGH,1,40357,3,0,0,1,2,3,1,2,T intersection,3,60,Arterial Highway,30-39,Other injury,Bicyclists
T20220008372,4/13/2022,16:10:00,1,Collision with vehicle,4,Wednesday,113,RIGHT NEAR (INTERSECTIONS ONLY),1,36779,2,0,0,1,1,2,2,1,Cross intersection,3,60,Arterial Other,30-39,Other injury,Bicyclists
T20220008378,4/14/2022,10:20:00,1,Collision with vehicle,4,Thursday,134,LANE CHANGE RIGHT (NOT OVERTAKING),1,719293,2,0,0,1,3,4,1,5,Not at intersection,3,40,Uknown,30-39,Other injury,Bicyclists
T20220008380,4/14/2022,8:11:00,1,Collision with vehicle,5,Thursday,121,RIGHT THROUGH,1,713629,2,0,0,1,1,2,1,5,Not at intersection,3,40,Local Road,30-39,Other injury,Bicyclists
T20220008384,3/20/2022,12:00:00,1,Collision with vehicle,0,Sunday,163,VEHICLE STRIKES DOOR OF PARKED/STATIONARY VEHICLE,1,719294,2,0,0,1,1,2,2,5,Not at intersection,3,40,Local Road,60-64,Other injury,Bicyclists
T20220008391,4/14/2022,10:30:00,1,Collision with vehicle,4,Thursday,147,VEHICLE STRIKES ANOTHER VEH WHILE EMERGING FROM DRIVEWAY,1,718698,2,0,0,1,1,2,1,5,Not at intersection,3,888,Local Road,40-49,Other injury,Bicyclists
T20220008396,4/14/2022,13:20:00,1,Collision with vehicle,4,Thursday,130,REAR END(VEHICLES IN SAME LANE),1,709599,2,0,0,1,1,2,1,5,Not at intersection,3,60,Arterial Other,13-15,Other injury,Bicyclists
T20220008399,4/14/2022,10:00:00,1,Collision with vehicle,4,Thursday,130,REAR END(VEHICLES IN SAME LANE),1,39314,2,0,0,1,1,2,1,1,Cross intersection,3,50,Arterial Other,40-49,Other injury,Bicyclists
T20220008414,4/10/2022,14:30:00,1,Collision with vehicle,1,Sunday,137,LEFT TURN SIDESWIPE,1,36666,2,0,1,0,1,2,2,1,Cross intersection,2,40,Arterial Highway,50-59,Serious injury,Bicyclists
T20220008420,4/14/2022,16:51:00,1,Collision with vehicle,5,Thursday,147,VEHICLE STRIKES ANOTHER VEH WHILE EMERGING FROM DRIVEWAY,1,713630,2,0,1,0,1,2,1,5,Not at intersection,2,60,Local Road,26-29,Serious injury,Bicyclists
T20220008440,4/14/2022,20:05:00,1,Collision with vehicle,5,Thursday,121,RIGHT THROUGH,3,36278,2,0,0,1,1,2,1,1,Cross intersection,3,60,Local Road,26-29,Other injury,Bicyclists
T20220008444,4/4/2022,7:50:00,1,Collision with vehicle,1,Monday,137,LEFT TURN SIDESWIPE,1,29588,2,0,0,1,1,2,2,1,Cross intersection,3,40,Arterial Other,30-39,Other injury,Bicyclists
T20220008478,4/15/2022,12:50:00,1,Collision with vehicle,6,Friday,148,VEHICLE OFF FOOTPATH STRIKES VEH ON CARRIAGEWAY,1,709867,2,0,0,1,1,2,1,5,Not at intersection,3,60,Arterial Other,50-59,Other injury,Bicyclists
T20220008487,4/15/2022,14:20:00,1,Collision with vehicle,5,Friday,163,VEHICLE STRIKES DOOR OF PARKED/STATIONARY VEHICLE,1,239475,2,0,0,1,1,2,1,5,Not at intersection,3,50,Arterial Other,26-29,Other injury,Bicyclists
T20220008538,4/16/2022,10:09:00,1,Collision with vehicle,7,Saturday,121,RIGHT THROUGH,1,709870,2,0,1,0,1,2,1,5,Not at intersection,2,60,Arterial Other,50-59,Serious injury,Bicyclists
T20220008552,4/14/2022,17:05:00,1,Collision with vehicle,5,Thursday,148,VEHICLE OFF FOOTPATH STRIKES VEH ON CARRIAGEWAY,1,38092,2,0,0,1,1,2,2,1,Cross intersection,3,999,Uknown,30-39,Other injury,Bicyclists
T20220008607,4/17/2022,12:36:00,1,Collision with vehicle,1,Sunday,116,LEFT NEAR (INTERSECTIONS ONLY),1,56572,2,0,0,1,1,2,1,2,T intersection,3,50,Arterial Other,40-49,Other injury,Bicyclists
T20220008628,4/17/2022,15:55:00,1,Collision with vehicle,1,Sunday,148,VEHICLE OFF FOOTPATH STRIKES VEH ON CARRIAGEWAY,1,709897,2,0,1,0,3,4,1,5,Not at intersection,2,100,Local Road,40-49,Serious injury,Bicyclists
T20220008668,4/14/2022,17:30:00,6,Vehicle overturned (no collision),5,Thursday,170,OFF CARRIAGEWAY TO LEFT,1,710265,2,0,0,1,1,2,2,5,Not at intersection,3,50,Local Road,30-39,Other injury,Bicyclists
T20220008717,4/18/2022,18:50:00,1,Collision with vehicle,2,Monday,148,VEHICLE OFF FOOTPATH STRIKES VEH ON CARRIAGEWAY,3,713964,2,0,0,1,2,3,1,5,Not at intersection,3,60,Arterial Other,22-25,Other injury,Bicyclists
T20220008737,4/13/2022,9:22:00,1,Collision with vehicle,3,Wednesday,121,RIGHT THROUGH,1,41229,2,0,0,1,1,2,2,1,Cross intersection,3,60,Local Road,40-49,Other injury,Bicyclists
T20220008773,4/17/2022,14:15:00,1,Collision with vehicle,1,Sunday,147,VEHICLE STRIKES ANOTHER VEH WHILE EMERGING FROM DRIVEWAY,1,715163,2,0,0,1,1,2,2,5,Not at intersection,3,999,Arterial Other,13-15,Other injury,Bicyclists
T20220008775,4/10/2022,10:40:00,1,Collision with vehicle,0,Sunday,160,VEHICLE COLLIDES WITH VEHICLE PARKED ON LEFT OF ROAD,1,710104,2,0,0,1,0,1,2,5,Not at intersection,3,50,Local Road,30-39,Other injury,Bicyclists
T20220008787,4/14/2022,16:35:00,1,Collision with vehicle,5,Thursday,116,LEFT NEAR (INTERSECTIONS ONLY),1,45241,2,0,1,0,1,2,2,2,T intersection,2,60,Arterial Other,30-39,Serious injury,Bicyclists
T20220008815,3/24/2022,6:45:00,1,Collision with vehicle,4,Thursday,116,LEFT NEAR (INTERSECTIONS ONLY),9,47534,2,0,0,1,1,2,1,1,Cross intersection,3,60,Local Road,40-49,Other injury,Bicyclists
T20220008839,4/20/2022,8:30:00,1,Collision with vehicle,4,Wednesday,137,LEFT TURN SIDESWIPE,1,720718,2,0,1,0,1,2,2,5,Not at intersection,2,60,Arterial Other,40-49,Serious injury,Bicyclists
T20220008849,4/20/2022,7:00:00,1,Collision with vehicle,3,Wednesday,110,CROSS TRAFFIC(INTERSECTIONS ONLY),2,43300,2,0,0,1,2,3,1,1,Cross intersection,3,60,Local Road,50-59,Other injury,Bicyclists
T20220008855,4/20/2022,13:54:00,1,Collision with vehicle,4,Wednesday,148,VEHICLE OFF FOOTPATH STRIKES VEH ON CARRIAGEWAY,1,711972,2,0,0,1,3,4,1,5,Not at intersection,3,50,Local Road,30-39,Other injury,Bicyclists
T20220008865,4/20/2022,16:05:00,1,Collision with vehicle,3,Wednesday,110,CROSS TRAFFIC(INTERSECTIONS ONLY),1,710459,2,0,0,1,2,3,1,1,Cross intersection,3,50,Local Road,70+,Other injury,Bicyclists
T20220008866,4/20/2022,16:15:00,1,Collision with vehicle,3,Wednesday,147,VEHICLE STRIKES ANOTHER VEH WHILE EMERGING FROM DRIVEWAY,1,714378,2,0,0,1,1,2,1,5,Not at intersection,3,50,Local Road,18-21,Other injury,Bicyclists
T20220008872,4/20/2022,16:50:00,1,Collision with vehicle,4,Wednesday,148,VEHICLE OFF FOOTPATH STRIKES VEH ON CARRIAGEWAY,1,710148,2,0,0,1,1,2,1,5,Not at intersection,3,50,Arterial Highway,13-15,Other injury,Bicyclists
T20220008897,4/10/2022,12:12:00,1,Collision with vehicle,1,Sunday,130,REAR END(VEHICLES IN SAME LANE),1,57118,2,0,0,1,1,2,2,1,Cross intersection,3,888,Local Road,60-64,Other injury,Bicyclists
T20220008989,4/22/2022,10:25:00,1,Collision with vehicle,6,Friday,148,VEHICLE OFF FOOTPATH STRIKES VEH ON CARRIAGEWAY,1,710251,2,0,0,1,1,2,2,2,T intersection,3,50,Arterial Other,18-21,Other injury,Bicyclists
T20220009001,4/15/2022,16:20:00,1,Collision with vehicle,5,Friday,160,VEHICLE COLLIDES WITH VEHICLE PARKED ON LEFT OF ROAD,1,719300,2,0,1,0,0,1,2,5,Not at intersection,2,60,Local Road,50-59,Serious injury,Bicyclists
T20220009003,4/16/2022,20:15:00,1,Collision with vehicle,7,Saturday,113,RIGHT NEAR (INTERSECTIONS ONLY),3,71737,2,0,0,1,1,2,2,2,T intersection,3,60,Local Road,40-49,Other injury,Bicyclists