ACCIDENT_NO,ACCIDENT_DATE,ACCIDENT_TIME,ACCIDENT_TYPE,ACCIDENT_TYPE_DESC,DAY_OF_WEEK,DAY_WEEK_DESC,DCA_CODE,DCA_DESC,LIGHT_CONDITION,NODE_ID,NO_OF_VEHICLES,NO_PERSONS_KILLED,NO_PERSONS_INJ_2,NO_PERSONS_INJ_3,NO_PERSONS_NOT_INJ,NO_PERSONS,POLICE_ATTEND,ROAD_GEOMETRY,ROAD_GEOMETRY_DESC,SEVERITY,SPEED_ZONE,RMA,AGE_GROUP,INJ_LEVEL,ROAD_USER_TYPE_DESC
T20220009029,4/22/2022,19:00:00,1,Collision with vehicle,6,Friday,110,CROSS TRAFFIC(INTERSECTIONS ONLY),3,289043,2,0,0,1,1,2,1,1,Cross intersection,3,60,Arterial Other,18-21,Other injury,Bicyclists
T20220009030,4/22/2022,16:30:00,1,Collision with vehicle,5,Friday,147,VEHICLE STRIKES ANOTHER VEH WHILE EMERGING FROM DRIVEWAY,1,115977,2,0,1,0,1,2,1,5,Not at intersection,2,999,Local Road,13-15,Serious injury,Bicyclists
T20220009081,4/22/2022,14:50:00,1,Collision with vehicle,6,Friday,153,CUTTING IN (OVERTAKING),1,714681,2,0,0,1,2,3,2,5,Not at intersection,3,100,Arterial Other,30-39,Other injury,Bicyclists
T20220009094,4/23/2022,15:50:00,2,Struck Pedestrian,7,Saturday,103,PED PLAYING/LYING/WORKING/STANDING ON CARRIAGEWAY.,1,710523,1,0,1,0,1,2,1,5,Not at intersection,2,50,Local Road,50-59,Not injured,Bicyclists
T20220009196,4/25/2022,6:29:00,1,Collision with vehicle,2,Monday,110,CROSS TRAFFIC(INTERSECTIONS ONLY),3,35609,2,0,1,0,1,2,1,4,Multiple intersection,2,40,Uknown,50-59,Serious injury,Bicyclists
T20220009204,4/25/2022,10:10:00,1,Collision with vehicle,2,Monday,113,RIGHT NEAR (INTERSECTIONS ONLY),1,710658,2,0,1,0,1,2,1,2,T intersection,2,50,Local Road,50-59,Serious injury,Bicyclists
T20220009217,4/25/2022,14:28:00,1,Collision with vehicle,2,Monday,147,VEHICLE STRIKES ANOTHER VEH WHILE EMERGING FROM DRIVEWAY,1,716197,2,0,0,1,1,2,1,5,Not at intersection,3,30,Arterial Other,45424,Other injury,Bicyclists
T20220009258,4/26/2022,5:40:00,1,Collision with vehicle,2,Tuesday,121,RIGHT THROUGH,3,35515,2,0,0,1,1,2,1,4,Multiple intersection,3,60,Freeway,30-39,Other injury,Bicyclists
T20220009272,4/26/2022,8:00:00,1,Collision with vehicle,3,Tuesday,154,PULLING OUT -REAR END,1,725559,2,0,0,1,1,2,2,5,Not at intersection,3,40,Arterial Other,40-49,Other injury,Bicyclists
T20220009291,4/26/2022,13:45:00,1,Collision with vehicle,3,Tuesday,134,LANE CHANGE RIGHT (NOT OVERTAKING),1,715409,2,0,0,1,1,2,1,5,Not at intersection,3,60,Arterial Other,26-29,Other injury,Bicyclists
T20220009304,4/24/2022,10:00:00,1,Collision with vehicle,0,Sunday,121,RIGHT THROUGH,1,45286,2,0,0,1,1,2,2,2,T intersection,3,50,Arterial Other,18-21,Other injury,Bicyclists
T20220009311,4/6/2022,18:05:00,1,Collision with vehicle,3,Wednesday,130,REAR END(VEHICLES IN SAME LANE),2,715603,3,0,0,1,1,2,2,5,Not at intersection,3,60,Local Road,50-59,Other injury,Bicyclists
T20220009319,4/26/2022,18:24:00,1,Collision with vehicle,2,Tuesday,116,LEFT NEAR (INTERSECTIONS ONLY),3,35346,2,0,0,1,1,2,1,2,T intersection,3,60,Arterial Other,26-29,Other injury,Bicyclists
T20220009322,4/26/2022,17:10:00,1,Collision with vehicle,3,Tuesday,148,VEHICLE OFF FOOTPATH STRIKES VEH ON CARRIAGEWAY,1,711844,2,0,0,1,2,3,1,5,Not at intersection,3,60,Local Road,13-15,Other injury,Bicyclists
T20220009363,4/12/2022,7:30:00,1,Collision with vehicle,3,Tuesday,110,CROSS TRAFFIC(INTERSECTIONS ONLY),2,54854,2,0,0,1,1,2,2,1,Cross intersection,3,50,Local Road,40-49,Other injury,Bicyclists
T20220009367,4/1/2022,22:15:00,1,Collision with vehicle,6,Friday,169,OTHER ON PATH,5,710778,2,0,0,1,0,1,2,5,Not at intersection,3,999,Local Road,50-59,Other injury,Bicyclists
T20220009375,4/27/2022,12:50:00,1,Collision with vehicle,4,Wednesday,121,RIGHT THROUGH,1,45587,2,0,1,0,1,2,1,2,T intersection,2,60,Arterial Other,26-29,Serious injury,Bicyclists
T20220009378,4/27/2022,10:50:00,1,Collision with vehicle,4,Wednesday,163,VEHICLE STRIKES DOOR OF PARKED/STATIONARY VEHICLE,1,712249,2,0,0,1,1,2,1,5,Not at intersection,3,40,Arterial Other,40-49,Other injury,Bicyclists
T20220009391,4/27/2022,15:30:00,1,Collision with vehicle,3,Wednesday,110,CROSS TRAFFIC(INTERSECTIONS ONLY),1,59023,2,0,0,1,1,2,1,1,Cross intersection,3,50,Local Road,45424,Other injury,Bicyclists
T20220009401,4/23/2022,20:15:00,1,Collision with vehicle,6,Saturday,152,PULLING OUT (OVERTAKING),9,36949,2,0,0,1,1,2,2,1,Cross intersection,3,60,Local Road,26-29,Other injury,Bicyclists
T20220009402,4/10/2022,16:00:00,1,Collision with vehicle,1,Sunday,137,LEFT TURN SIDESWIPE,1,40161,2,0,0,1,1,2,2,1,Cross intersection,3,60,Arterial Other,40-49,Other injury,Bicyclists
T20220009413,4/12/2022,16:00:00,1,Collision with vehicle,3,Tuesday,110,CROSS TRAFFIC(INTERSECTIONS ONLY),1,50963,2,0,0,1,1,2,2,1,Cross intersection,3,50,Local Road,50-59,Other injury,Bicyclists
T20220009437,4/27/2022,7:58:00,1,Collision with vehicle,4,Wednesday,131,LEFT REAR,1,45628,2,0,1,0,1,2,1,1,Cross intersection,2,40,Arterial Other,50-59,Serious injury,Bicyclists
T20220009457,4/22/2022,18:00:00,1,Collision with vehicle,5,Friday,110,CROSS TRAFFIC(INTERSECTIONS ONLY),2,42404,2,0,0,1,1,2,2,1,Cross intersection,3,60,Arterial Other,30-39,Other injury,Bicyclists
T20220009458,4/28/2022,12:10:00,1,Collision with vehicle,4,Thursday,114,TWO RIGHT TURNING (INTERSECTIONS ONLY),1,51700,2,0,0,1,1,2,1,1,Cross intersection,3,60,Arterial Highway,70+,Other injury,Bicyclists
T20220009477,4/22/2022,19:00:00,8,No collision and no object struck,6,Friday,174,OUT OF CONTROL ON CARRIAGEWAY (ON STRAIGHT),3,710810,1,0,1,0,0,1,2,5,Not at intersection,2,50,Arterial Other,22-25,Serious injury,Bicyclists
T20220009490,4/15/2022,7:00:00,1,Collision with vehicle,5,Friday,160,VEHICLE COLLIDES WITH VEHICLE PARKED ON LEFT OF ROAD,9,711164,2,0,0,1,0,1,2,5,Not at intersection,3,999,Arterial Other,50-59,Other injury,Bicyclists
T20220009497,4/28/2022,18:44:00,1,Collision with vehicle,5,Thursday,132,RIGHT REAR.,3,713356,2,0,1,0,1,2,1,2,T intersection,2,50,Local Road,40-49,Serious injury,Bicyclists
T20220009542,4/29/2022,7:37:00,1,Collision with vehicle,6,Friday,110,CROSS TRAFFIC(INTERSECTIONS ONLY),1,40799,2,0,0,1,1,2,1,1,Cross intersection,3,60,Local Road,40-49,Other injury,Bicyclists
T20220009550,4/27/2022,8:10:00,1,Collision with vehicle,3,Wednesday,110,CROSS TRAFFIC(INTERSECTIONS ONLY),9,39094,2,0,0,1,2,3,2,1,Cross intersection,3,999,Arterial Other,30-39,Other injury,Bicyclists
T20220009573,4/29/2022,10:20:00,1,Collision with vehicle,6,Friday,133,LANE SIDE SWIPE (VEHICLES IN PARALLEL LANES),1,57850,2,0,1,0,1,2,1,1,Cross intersection,2,60,Uknown,40-49,Serious injury,Bicyclists
T20220009576,4/29/2022,12:11:00,1,Collision with vehicle,5,Friday,116,LEFT NEAR (INTERSECTIONS ONLY),1,238911,2,0,0,1,1,2,1,1,Cross intersection,3,60,Arterial Other,40-49,Other injury,Bicyclists
T20220009579,4/28/2022,7:30:00,1,Collision with vehicle,4,Thursday,133,LANE SIDE SWIPE (VEHICLES IN PARALLEL LANES),1,659816,2,0,0,1,1,2,2,5,Not at intersection,3,60,Arterial Other,40-49,Other injury,Bicyclists
T20220009630,4/30/2022,10:44:00,6,Vehicle overturned (no collision),6,Saturday,184,OUT OF CONTROL ON CARRIAGEWAY (ON BEND),1,781710,1,0,0,1,0,1,1,5,Not at intersection,3,50,Local Road,60-64,Other injury,Bicyclists
T20220009632,4/30/2022,10:10:00,1,Collision with vehicle,7,Saturday,121,RIGHT THROUGH,1,41106,2,0,1,0,1,2,1,1,Cross intersection,2,60,Arterial Other,40-49,Serious injury,Bicyclists
T20220009637,4/30/2022,11:11:00,1,Collision with vehicle,7,Saturday,163,VEHICLE STRIKES DOOR OF PARKED/STATIONARY VEHICLE,1,711051,2,0,1,0,1,2,1,5,Not at intersection,2,60,Local Road,40-49,Serious injury,Bicyclists
T20220009644,2/28/2021,17:00:00,1,Collision with vehicle,1,Sunday,113,RIGHT NEAR (INTERSECTIONS ONLY),1,65819,2,0,0,1,1,2,2,1,Cross intersection,3,50,Local Road,60-64,Other injury,Bicyclists
T20220009648,4/30/2022,14:26:00,1,Collision with vehicle,7,Saturday,147,VEHICLE STRIKES ANOTHER VEH WHILE EMERGING FROM DRIVEWAY,1,716264,2,0,0,1,1,2,1,1,Cross intersection,3,888,Local Road,30-39,Other injury,Bicyclists
T20220009678,4/30/2022,20:00:00,1,Collision with vehicle,7,Saturday,163,VEHICLE STRIKES DOOR OF PARKED/STATIONARY VEHICLE,3,716254,2,0,0,1,2,3,1,5,Not at intersection,3,50,Local Road,18-21,Other injury,Bicyclists
T20220009702,4/30/2022,17:15:00,1,Collision with vehicle,7,Saturday,120,HEAD ON (NOT OVERTAKING),2,780077,2,0,0,1,1,2,2,5,Not at intersection,3,40,Local Road,26-29,Other injury,Bicyclists
T20220009713,5/1/2022,11:15:00,1,Collision with vehicle,1,Sunday,134,LANE CHANGE RIGHT (NOT OVERTAKING),1,718701,2,0,0,1,1,2,2,5,Not at intersection,3,60,Arterial Other,70+,Other injury,Bicyclists
T20220009724,4/29/2022,15:25:00,1,Collision with vehicle,5,Friday,163,VEHICLE STRIKES DOOR OF PARKED/STATIONARY VEHICLE,1,711053,2,0,0,1,1,2,2,5,Not at intersection,3,999,Local Road,30-39,Other injury,Bicyclists
T20220009774,4/22/2022,7:01:00,1,Collision with vehicle,6,Friday,137,LEFT TURN SIDESWIPE,1,38051,3,0,0,1,2,3,2,1,Cross intersection,3,40,Arterial Other,50-59,Not injured,Bicyclists
T20220009779,5/2/2022,6:10:00,1,Collision with vehicle,2,Monday,134,LANE CHANGE RIGHT (NOT OVERTAKING),3,711305,2,0,0,1,1,2,2,5,Not at intersection,3,60,Arterial Other,50-59,Other injury,Bicyclists
T20220009786,5/2/2022,8:51:00,1,Collision with vehicle,2,Monday,121,RIGHT THROUGH,1,355748,4,0,1,1,2,4,1,2,T intersection,2,60,Arterial Other,30-39,Serious injury,Bicyclists
T20220009789,4/27/2022,6:50:00,8,No collision and no object struck,4,Wednesday,170,OFF CARRIAGEWAY TO LEFT,3,36828,1,0,0,1,0,1,2,2,T intersection,3,40,Arterial Other,30-39,Other injury,Bicyclists
T20220009796,5/2/2022,8:50:00,1,Collision with vehicle,2,Monday,148,VEHICLE OFF FOOTPATH STRIKES VEH ON CARRIAGEWAY,1,711308,2,0,0,1,1,2,1,5,Not at intersection,3,50,Local Road,45424,Other injury,Bicyclists
T20220009801,4/30/2022,14:56:00,1,Collision with vehicle,6,Saturday,130,REAR END(VEHICLES IN SAME LANE),1,716256,2,0,0,1,1,2,2,5,Not at intersection,3,40,Local Road,60-64,Other injury,Bicyclists
T20220009830,4/26/2022,11:45:00,1,Collision with vehicle,2,Tuesday,110,CROSS TRAFFIC(INTERSECTIONS ONLY),1,42230,2,0,0,1,1,2,2,1,Cross intersection,3,50,Local Road,30-39,Other injury,Bicyclists
T20220009842,5/2/2022,17:57:00,1,Collision with vehicle,2,Monday,137,LEFT TURN SIDESWIPE,3,38051,2,0,1,0,1,2,1,1,Cross intersection,2,60,Arterial Other,18-21,Serious injury,Bicyclists
T20220009843,5/2/2022,17:15:00,1,Collision with vehicle,2,Monday,110,CROSS TRAFFIC(INTERSECTIONS ONLY),2,50587,2,0,1,0,1,2,1,1,Cross intersection,2,60,Local Road,60-64,Serious injury,Bicyclists
T20220009885,5/3/2022,8:45:00,1,Collision with vehicle,3,Tuesday,160,VEHICLE COLLIDES WITH VEHICLE PARKED ON LEFT OF ROAD,1,711846,2,0,1,0,0,1,1,5,Not at intersection,2,50,Local Road,65-69,Serious injury,Bicyclists
T20220009914,4/29/2022,9:00:00,4,Collision with a fixed object,6,Friday,179,OTHER ACCIDENTS-OFF STRAIGHT NOT INCLUDED IN DCAs 170-175,1,711942,1,0,0,1,0,1,2,5,Not at intersection,3,999,Local Road,50-59,Other injury,Bicyclists
T20220009939,5/1/2022,19:00:00,1,Collision with vehicle,1,Sunday,163,VEHICLE STRIKES DOOR OF PARKED/STATIONARY VEHICLE,6,716307,2,0,0,1,1,2,2,5,Not at intersection,3,999,Arterial Other,26-29,Other injury,Bicyclists
T20220009953,5/3/2022,18:20:00,1,Collision with vehicle,3,Tuesday,121,RIGHT THROUGH,3,64880,2,0,1,0,1,2,1,2,T intersection,2,40,Local Road,30-39,Serious injury,Bicyclists
T20220010009,5/4/2022,14:30:00,1,Collision with vehicle,4,Wednesday,163,VEHICLE STRIKES DOOR OF PARKED/STATIONARY VEHICLE,1,711529,2,0,0,1,1,2,1,5,Not at intersection,3,50,Local Road,30-39,Other injury,Bicyclists
T20220010070,5/5/2022,9:11:00,1,Collision with vehicle,5,Thursday,110,CROSS TRAFFIC(INTERSECTIONS ONLY),1,45604,2,0,1,1,0,2,1,1,Cross intersection,2,50,Local Road,40-49,Serious injury,Bicyclists
T20220010072,5/3/2022,15:05:00,1,Collision with vehicle,3,Tuesday,148,VEHICLE OFF FOOTPATH STRIKES VEH ON CARRIAGEWAY,1,675822,2,0,0,1,1,2,2,5,Not at intersection,3,888,Local Road,22-25,Other injury,Bicyclists
T20220010080,5/5/2022,10:37:00,1,Collision with vehicle,5,Thursday,147,VEHICLE STRIKES ANOTHER VEH WHILE EMERGING FROM DRIVEWAY,1,190214,2,0,0,1,1,2,1,5,Not at intersection,3,70,Arterial Highway,22-25,Other injury,Bicyclists
T20220010125,5/4/2022,16:00:00,1,Collision with vehicle,4,Wednesday,112,LEFT FAR (INTERSECTIONS ONLY),1,40074,2,0,0,1,1,2,2,1,Cross intersection,3,60,Local Road,40-49,Other injury,Bicyclists
T20220010155,5/6/2022,8:30:00,1,Collision with vehicle,6,Friday,147,VEHICLE STRIKES ANOTHER VEH WHILE EMERGING FROM DRIVEWAY,1,717081,2,0,0,2,1,3,1,5,Not at intersection,3,999,Local Road,18-21,Other injury,Bicyclists
T20220010162,5/5/2022,7:45:00,1,Collision with vehicle,4,Thursday,131,LEFT REAR,1,38079,2,0,0,2,0,2,2,1,Cross intersection,3,999,Arterial Other,30-39,Other injury,Bicyclists
T20220010191,5/6/2022,16:11:00,1,Collision with vehicle,6,Friday,111,RIGHT FAR (INTERSECTIONS ONLY),1,711717,2,0,0,1,1,2,1,2,T intersection,3,50,Local Road,45424,Other injury,Bicyclists
T20220010195,5/6/2022,6:05:00,1,Collision with vehicle,5,Friday,163,VEHICLE STRIKES DOOR OF PARKED/STATIONARY VEHICLE,3,711718,2,0,0,1,1,2,2,5,Not at intersection,3,60,Arterial Other,30-39,Other injury,Bicyclists
T20220010309,5/7/2022,17:30:00,1,Collision with vehicle,6,Saturday,121,RIGHT THROUGH,2,37115,2,0,0,1,1,2,2,1,Cross intersection,3,40,Local Road,30-39,Other injury,Bicyclists
T20220010319,5/8/2022,9:45:00,1,Collision with vehicle,0,Sunday,110,CROSS TRAFFIC(INTERSECTIONS ONLY),1,50517,2,0,0,1,1,2,2,1,Cross intersection,3,50,Local Road,70+,Other injury,Bicyclists
T20220010359,5/8/2022,18:00:00,1,Collision with vehicle,0,Sunday,122,LEFT THROUGH,2,711906,2,0,0,1,1,2,2,1,Cross intersection,3,40,Local Road,45424,Other injury,Bicyclists
T20220010363,4/9/2022,16:40:00,5,collision with some other object,7,Saturday,166,STRUCK OBJECT ON CARRIAGEWAY,9,724085,1,0,1,0,0,1,2,5,Not at intersection,2,999,Local Road,40-49,Serious injury,Bicyclists
T20220010418,5/9/2022,6:30:00,1,Collision with vehicle,2,Monday,147,VEHICLE STRIKES ANOTHER VEH WHILE EMERGING FROM DRIVEWAY,6,714401,2,0,1,0,1,2,2,5,Not at intersection,2,999,Local Road,30-39,Serious injury,Bicyclists
T20220010429,5/5/2022,7:35:00,1,Collision with vehicle,5,Thursday,147,VEHICLE STRIKES ANOTHER VEH WHILE EMERGING FROM DRIVEWAY,1,68058,2,0,0,1,1,2,1,2,T intersection,3,60,Arterial Other,50-59,Other injury,Bicyclists
T20220010432,5/9/2022,12:30:00,1,Collision with vehicle,2,Monday,121,RIGHT THROUGH,1,352890,2,0,1,0,2,3,1,2,T intersection,2,50,Local Road,30-39,Serious injury,Bicyclists
T20220010444,5/9/2022,16:40:00,1,Collision with vehicle,2,Monday,121,RIGHT THROUGH,1,72708,2,0,1,0,1,2,1,2,T intersection,2,60,Arterial Other,22-25,Serious injury,Bicyclists
T20220010466,5/7/2022,13:55:00,1,Collision with vehicle,6,Saturday,163,VEHICLE STRIKES DOOR OF PARKED/STATIONARY VEHICLE,1,774631,2,0,0,1,2,3,1,5,Not at intersection,3,40,Arterial Other,30-39,Other injury,Bicyclists
T20220010478,5/10/2022,6:30:00,1,Collision with vehicle,3,Tuesday,113,RIGHT NEAR (INTERSECTIONS ONLY),3,23,2,0,0,1,1,2,1,2,T intersection,3,50,Arterial Other,40-49,Other injury,Bicyclists
T20220010483,5/10/2022,6:57:00,1,Collision with vehicle,3,Tuesday,148,VEHICLE OFF FOOTPATH STRIKES VEH ON CARRIAGEWAY,1,62884,2,0,1,0,1,2,1,2,T intersection,2,60,Arterial Other,40-49,Serious injury,Bicyclists
T20220010513,4/26/2022,15:30:00,1,Collision with vehicle,3,Tuesday,112,LEFT FAR (INTERSECTIONS ONLY),1,50070,2,0,0,1,1,2,2,1,Cross intersection,3,60,Arterial Other,50-59,Other injury,Bicyclists
T20220010521,4/16/2022,10:00:00,1,Collision with vehicle,6,Saturday,160,VEHICLE COLLIDES WITH VEHICLE PARKED ON LEFT OF ROAD,1,781711,2,0,0,1,0,1,2,5,Not at intersection,3,60,Local Road,40-49,Other injury,Bicyclists
T20220010614,5/6/2022,17:00:00,1,Collision with vehicle,6,Friday,143,ENTERING PARKING,1,718443,2,0,0,1,2,3,2,5,Not at intersection,3,999,Uknown,30-39,Other injury,Bicyclists
T20220010618,5/11/2022,10:20:00,1,Collision with vehicle,4,Wednesday,116,LEFT NEAR (INTERSECTIONS ONLY),1,73888,2,0,0,1,1,2,1,2,T intersection,3,50,Local Road,40-49,Other injury,Bicyclists
T20220010625,5/11/2022,12:20:00,1,Collision with vehicle,4,Wednesday,137,LEFT TURN SIDESWIPE,1,29636,2,0,0,1,1,2,1,1,Cross intersection,3,60,Arterial Other,50-59,Other injury,Bicyclists
T20220010641,5/11/2022,16:35:00,1,Collision with vehicle,4,Wednesday,116,LEFT NEAR (INTERSECTIONS ONLY),1,43601,2,0,0,1,1,2,1,1,Cross intersection,3,80,Local Road,22-25,Other injury,Bicyclists
T20220010647,5/11/2022,13:28:00,1,Collision with vehicle,4,Wednesday,153,CUTTING IN (OVERTAKING),1,715571,2,0,0,1,1,2,2,5,Not at intersection,3,40,Local Road,65-69,Other injury,Bicyclists
T20220010650,3/17/2022,15:57:00,1,Collision with vehicle,4,Thursday,130,REAR END(VEHICLES IN SAME LANE),1,712284,2,0,0,1,1,2,1,5,Not at intersection,3,50,Local Road,13-15,Other injury,Bicyclists
T20220010701,5/9/2022,17:00:00,1,Collision with vehicle,1,Monday,163,VEHICLE STRIKES DOOR OF PARKED/STATIONARY VEHICLE,9,717399,2,0,0,1,1,2,2,5,Not at intersection,3,50,Local Road,30-39,Other injury,Bicyclists
T20220010703,4/12/2022,12:00:00,8,No collision and no object struck,3,Tuesday,174,OUT OF CONTROL ON CARRIAGEWAY (ON STRAIGHT),1,712291,1,0,1,0,0,1,2,5,Not at intersection,2,100,Local Road,70+,Serious injury,Bicyclists
T20220010749,5/12/2022,18:20:00,2,Struck Pedestrian,5,Thursday,101,PED EMERGES FROM IN FRONT OF PARKED OR STATIONARY VEHICLE,3,714303,1,0,0,1,1,2,1,5,Not at intersection,3,40,Local Road,26-29,Not injured,Bicyclists
T20220010796,5/3/2022,10:00:00,2,Struck Pedestrian,3,Tuesday,106,VEH STRIKES PED ON FOOTPATH/MEDIAN/TRAFFIC ISLAND.,1,727212,1,0,0,1,1,2,2,5,Not at intersection,3,60,Arterial Other,Unknown,Not injured,Bicyclists
T20220010819,5/12/2022,17:00:00,1,Collision with vehicle,5,Thursday,137,LEFT TURN SIDESWIPE,2,713360,2,0,0,1,1,2,2,1,Cross intersection,3,50,Local Road,30-39,Other injury,Bicyclists
T20220010832,5/13/2022,19:53:00,1,Collision with vehicle,5,Friday,137,LEFT TURN SIDESWIPE,1,712313,2,0,0,1,1,2,1,5,Not at intersection,3,50,Local Road,18-21,Other injury,Bicyclists
T20220010862,4/25/2022,19:15:00,1,Collision with vehicle,2,Monday,148,VEHICLE OFF FOOTPATH STRIKES VEH ON CARRIAGEWAY,3,714908,2,0,0,1,1,2,1,1,Cross intersection,3,50,Arterial Other,26-29,Other injury,Bicyclists
T20220010890,5/13/2022,7:59:00,1,Collision with vehicle,5,Friday,148,VEHICLE OFF FOOTPATH STRIKES VEH ON CARRIAGEWAY,1,355335,2,0,0,1,1,2,2,5,Not at intersection,3,999,Local Road,18-21,Other injury,Bicyclists
T20220010896,5/14/2022,16:55:00,1,Collision with vehicle,7,Saturday,121,RIGHT THROUGH,1,717578,2,0,0,1,1,2,1,5,Not at intersection,3,60,Arterial Other,50-59,Other injury,Bicyclists
T20220010948,5/9/2022,17:31:00,8,No collision and no object struck,1,Monday,179,OTHER ACCIDENTS-OFF STRAIGHT NOT INCLUDED IN DCAs 170-175,2,652512,2,0,1,0,1,2,2,5,Not at intersection,2,999,Local Road,26-29,Serious injury,Bicyclists
T20220010954,5/15/2022,12:18:00,1,Collision with vehicle,0,Sunday,121,RIGHT THROUGH,1,68632,2,0,1,0,1,2,1,2,T intersection,2,60,Arterial Other,22-25,Serious injury,Bicyclists
T20220011026,5/16/2022,9:35:00,1,Collision with vehicle,2,Monday,160,VEHICLE COLLIDES WITH VEHICLE PARKED ON LEFT OF ROAD,1,712580,2,0,1,0,0,1,1,5,Not at intersection,2,70,Arterial Other,60-64,Serious injury,Bicyclists
T20220011095,5/16/2022,17:45:00,1,Collision with vehicle,2,Monday,139,OTHER SAME DIRECTION-MANOUEVRES NOT INCLUDED IN DCAs 130-137,5,712522,2,0,1,0,1,2,1,5,Not at intersection,2,100,Arterial Other,40-49,Serious injury,Bicyclists
T20220011118,3/2/2022,11:35:00,1,Collision with vehicle,4,Wednesday,153,CUTTING IN (OVERTAKING),1,712923,2,0,0,1,1,2,2,2,T intersection,3,50,Local Road,50-59,Other injury,Bicyclists
T20220011121,5/17/2022,8:55:00,1,Collision with vehicle,3,Tuesday,148,VEHICLE OFF FOOTPATH STRIKES VEH ON CARRIAGEWAY,1,682303,2,0,0,1,1,2,1,5,Not at intersection,3,60,Local Road,50-59,Other injury,Bicyclists
T20220011124,5/11/2022,17:55:00,9,Other accident,4,Wednesday,179,OTHER ACCIDENTS-OFF STRAIGHT NOT INCLUDED IN DCAs 170-175,3,712723,1,0,0,1,0,1,2,1,Cross intersection,3,60,Arterial Other,30-39,Other injury,Bicyclists
T20220011134,5/13/2022,7:35:00,1,Collision with vehicle,5,Friday,148,VEHICLE OFF FOOTPATH STRIKES VEH ON CARRIAGEWAY,2,712525,2,0,0,1,1,2,2,5,Not at intersection,3,60,Arterial Other,50-59,Other injury,Bicyclists
T20220011179,5/17/2022,18:14:00,1,Collision with vehicle,3,Tuesday,137,LEFT TURN SIDESWIPE,5,720794,2,0,1,0,1,2,1,5,Not at intersection,2,40,Local Road,50-59,Serious injury,Bicyclists
T20220011189,5/17/2022,17:12:00,1,Collision with vehicle,3,Tuesday,139,OTHER SAME DIRECTION-MANOUEVRES NOT INCLUDED IN DCAs 130-137,1,712215,2,1,0,0,1,2,1,2,T intersection,1,40,Arterial Other,40-49,Fatality,Bicyclists
T20220011208,4/12/2022,11:00:00,1,Collision with vehicle,3,Tuesday,159,OTHER OVERTAKING MANOEUVRES NOT INCLUDED IN DCAs 150-154,1,714002,2,0,0,2,0,2,2,5,Not at intersection,3,100,Local Road,50-59,Other injury,Bicyclists
T20220011218,5/18/2022,12:15:00,1,Collision with vehicle,4,Wednesday,147,VEHICLE STRIKES ANOTHER VEH WHILE EMERGING FROM DRIVEWAY,1,717676,2,0,0,2,0,2,1,5,Not at intersection,3,50,Local Road,70+,Other injury,Bicyclists
T20220011243,5/18/2022,15:20:00,1,Collision with vehicle,4,Wednesday,147,VEHICLE STRIKES ANOTHER VEH WHILE EMERGING FROM DRIVEWAY,1,717677,2,0,0,1,1,2,2,5,Not at intersection,3,888,Local Road,13-15,Other injury,Bicyclists
T20220011282,5/19/2022,7:50:00,1,Collision with vehicle,5,Thursday,121,RIGHT THROUGH,2,41625,2,0,0,1,1,2,1,4,Multiple intersection,3,50,Uknown,30-39,Other injury,Bicyclists
T20220011306,12/4/2021,8:00:00,4,Collision with a fixed object,6,Saturday,173,RIGHT OFF CARRIAGEWAY INTO OBJECT/PARKED VEHICLE,1,712826,1,0,0,1,0,1,2,5,Not at intersection,3,50,Local Road,60-64,Other injury,Bicyclists
T20220011327,5/19/2022,12:45:00,1,Collision with vehicle,5,Thursday,113,RIGHT NEAR (INTERSECTIONS ONLY),1,712630,2,0,0,1,1,2,1,2,T intersection,3,60,Local Road,50-59,Other injury,Bicyclists
T20220011330,5/16/2022,18:00:00,1,Collision with vehicle,1,Monday,163,VEHICLE STRIKES DOOR OF PARKED/STATIONARY VEHICLE,1,720719,2,0,1,0,1,2,2,5,Not at intersection,2,40,Local Road,30-39,Serious injury,Bicyclists
T20220011335,5/19/2022,16:10:00,1,Collision with vehicle,5,Thursday,148,VEHICLE OFF FOOTPATH STRIKES VEH ON CARRIAGEWAY,1,278920,2,0,0,1,1,2,1,1,Cross intersection,3,60,Local Road,50-59,Other injury,Bicyclists
T20220011362,5/18/2022,16:30:00,1,Collision with vehicle,4,Wednesday,148,VEHICLE OFF FOOTPATH STRIKES VEH ON CARRIAGEWAY,1,38198,2,0,0,1,2,3,2,1,Cross intersection,3,60,Arterial Other,18-21,Other injury,Bicyclists
T20220011382,5/20/2022,9:15:00,1,Collision with vehicle,6,Friday,112,LEFT FAR (INTERSECTIONS ONLY),1,50062,2,0,1,0,1,2,1,1,Cross intersection,2,60,Local Road,40-49,Serious injury,Bicyclists
T20220011399,5/7/2022,15:00:00,1,Collision with vehicle,7,Saturday,111,RIGHT FAR (INTERSECTIONS ONLY),1,37685,2,0,0,1,1,2,2,1,Cross intersection,3,40,Local Road,30-39,Other injury,Bicyclists
T20220011492,5/20/2022,18:20:00,1,Collision with vehicle,6,Friday,148,VEHICLE OFF FOOTPATH STRIKES VEH ON CARRIAGEWAY,3,37878,2,0,1,0,1,2,1,2,T intersection,2,60,Arterial Highway,26-29,Serious injury,Bicyclists
T20220011520,5/21/2022,15:45:00,1,Collision with vehicle,7,Saturday,121,RIGHT THROUGH,1,42790,2,0,1,0,1,2,1,1,Cross intersection,2,50,Arterial Highway,50-59,Serious injury,Bicyclists