ACCIDENT_NO,ACCIDENT_DATE,ACCIDENT_TIME,ACCIDENT_TYPE,ACCIDENT_TYPE_DESC,DAY_OF_WEEK,DAY_WEEK_DESC,DCA_CODE,DCA_DESC,LIGHT_CONDITION,NODE_ID,NO_OF_VEHICLES,NO_PERSONS_KILLED,NO_PERSONS_INJ_2,NO_PERSONS_INJ_3,NO_PERSONS_NOT_INJ,NO_PERSONS,POLICE_ATTEND,ROAD_GEOMETRY,ROAD_GEOMETRY_DESC,SEVERITY,SPEED_ZONE,RMA,AGE_GROUP,INJ_LEVEL,ROAD_USER_TYPE_DESC
T20220011541,4/22/2022,23:20:00,1,Collision with vehicle,6,Friday,163,VEHICLE STRIKES DOOR OF PARKED/STATIONARY VEHICLE,3,296820,2,0,1,0,1,2,2,5,Not at intersection,2,40,Local Road,30-39,Serious injury,Bicyclists
T20220011549,5/22/2022,8:34:00,8,No collision and no object struck,1,Sunday,189,OTHER ACCIDENTS ON CURVE NOT INCLUDED IN DCAs 180-184,1,712784,1,0,0,1,0,1,1,5,Not at intersection,3,40,Local Road,Unknown,Other injury,Bicyclists
T20220011552,4/25/2022,11:00:00,1,Collision with vehicle,2,Monday,111,RIGHT FAR (INTERSECTIONS ONLY),1,69511,2,0,0,1,1,2,2,2,T intersection,3,50,Local Road,30-39,Other injury,Bicyclists
T20220011579,5/22/2022,18:10:00,1,Collision with vehicle,0,Sunday,113,RIGHT NEAR (INTERSECTIONS ONLY),5,62217,2,0,0,1,1,2,1,2,T intersection,3,50,Local Road,16-17,Other injury,Bicyclists
T20220011602,5/23/2022,8:30:00,1,Collision with vehicle,1,Monday,110,CROSS TRAFFIC(INTERSECTIONS ONLY),1,713500,2,0,1,0,1,2,1,1,Cross intersection,2,80,Arterial Other,45424,Serious injury,Bicyclists
T20220011622,5/23/2022,11:10:00,1,Collision with vehicle,2,Monday,163,VEHICLE STRIKES DOOR OF PARKED/STATIONARY VEHICLE,1,713228,2,0,1,0,1,2,1,5,Not at intersection,2,60,Arterial Other,40-49,Serious injury,Bicyclists
T20220011626,5/23/2022,8:50:00,1,Collision with vehicle,1,Monday,113,RIGHT NEAR (INTERSECTIONS ONLY),1,836,2,0,0,2,0,2,2,2,T intersection,3,40,Local Road,45424,Other injury,Bicyclists
T20220011632,5/22/2022,16:15:00,1,Collision with vehicle,0,Sunday,137,LEFT TURN SIDESWIPE,1,718452,2,0,0,1,1,2,2,2,T intersection,3,40,Local Road,22-25,Other injury,Bicyclists
T20220011640,5/20/2022,15:10:00,1,Collision with vehicle,6,Friday,133,LANE SIDE SWIPE (VEHICLES IN PARALLEL LANES),1,45590,2,0,0,2,0,2,2,1,Cross intersection,3,50,Local Road,40-49,Other injury,Bicyclists
T20220011649,5/22/2022,11:45:00,1,Collision with vehicle,1,Sunday,147,VEHICLE STRIKES ANOTHER VEH WHILE EMERGING FROM DRIVEWAY,1,717989,2,0,0,2,2,4,2,5,Not at intersection,3,40,Local Road,16-17,Other injury,Bicyclists
T20220011684,5/23/2022,15:41:00,1,Collision with vehicle,2,Monday,116,LEFT NEAR (INTERSECTIONS ONLY),1,49716,2,0,1,0,2,3,1,1,Cross intersection,2,50,Local Road,70+,Serious injury,Bicyclists
T20220011701,5/10/2022,9:30:00,1,Collision with vehicle,3,Tuesday,137,LEFT TURN SIDESWIPE,1,36622,2,0,1,0,1,2,1,1,Cross intersection,2,30,Local Road,26-29,Serious injury,Bicyclists
T20220011704,5/24/2022,7:40:00,1,Collision with vehicle,3,Tuesday,130,REAR END(VEHICLES IN SAME LANE),1,719112,3,0,0,1,2,3,1,5,Not at intersection,3,999,Arterial Other,50-59,Other injury,Bicyclists
T20220011707,5/20/2022,15:40:00,1,Collision with vehicle,6,Friday,148,VEHICLE OFF FOOTPATH STRIKES VEH ON CARRIAGEWAY,1,48841,2,0,0,1,1,2,2,1,Cross intersection,3,60,Uknown,13-15,Other injury,Bicyclists
T20220011750,5/23/2022,15:30:00,1,Collision with vehicle,2,Monday,148,VEHICLE OFF FOOTPATH STRIKES VEH ON CARRIAGEWAY,1,52058,2,0,0,1,1,2,2,1,Cross intersection,3,50,Local Road,16-17,Other injury,Bicyclists
T20220011763,5/24/2022,15:00:00,1,Collision with vehicle,3,Tuesday,163,VEHICLE STRIKES DOOR OF PARKED/STATIONARY VEHICLE,1,721971,2,0,0,1,1,2,2,5,Not at intersection,3,60,Arterial Other,40-49,Other injury,Bicyclists
T20220011773,5/12/2022,18:00:00,1,Collision with vehicle,5,Thursday,137,LEFT TURN SIDESWIPE,9,743917,2,0,0,1,1,2,2,1,Cross intersection,3,999,Local Road,30-39,Other injury,Bicyclists
T20220011777,5/24/2022,18:00:00,1,Collision with vehicle,2,Tuesday,116,LEFT NEAR (INTERSECTIONS ONLY),2,29372,2,0,1,0,1,2,1,1,Cross intersection,2,60,Arterial Highway,22-25,Serious injury,Bicyclists
T20220011789,5/24/2022,9:30:00,1,Collision with vehicle,2,Tuesday,132,RIGHT REAR.,9,36101,2,0,0,1,1,2,2,1,Cross intersection,3,50,Arterial Other,30-39,Other injury,Bicyclists
T20220011791,5/24/2022,19:22:00,1,Collision with vehicle,3,Tuesday,116,LEFT NEAR (INTERSECTIONS ONLY),3,44648,2,0,1,0,1,2,1,1,Cross intersection,2,50,Local Road,40-49,Serious injury,Bicyclists
T20220011796,5/24/2022,13:33:00,1,Collision with vehicle,3,Tuesday,147,VEHICLE STRIKES ANOTHER VEH WHILE EMERGING FROM DRIVEWAY,1,713502,2,0,1,0,1,2,2,5,Not at intersection,2,888,Local Road,13-15,Serious injury,Bicyclists
T20220011814,5/21/2022,19:30:00,8,No collision and no object struck,6,Saturday,148,VEHICLE OFF FOOTPATH STRIKES VEH ON CARRIAGEWAY,3,717996,2,0,0,1,1,2,1,5,Not at intersection,3,999,Local Road,Unknown,Other injury,Bicyclists
T20220011826,6/25/2021,9:30:00,1,Collision with vehicle,5,Friday,137,LEFT TURN SIDESWIPE,9,58002,2,0,0,1,1,2,2,2,T intersection,3,50,Local Road,65-69,Other injury,Bicyclists
T20220011865,5/19/2022,9:05:00,8,No collision and no object struck,5,Thursday,174,OUT OF CONTROL ON CARRIAGEWAY (ON STRAIGHT),1,265474,2,0,1,0,1,2,2,2,T intersection,2,999,Local Road,50-59,Serious injury,Bicyclists
T20220011891,5/19/2022,7:15:00,1,Collision with vehicle,5,Thursday,113,RIGHT NEAR (INTERSECTIONS ONLY),1,721095,2,0,1,0,1,2,2,2,T intersection,2,999,Local Road,30-39,Serious injury,Bicyclists
T20220011929,5/26/2022,17:45:00,1,Collision with vehicle,5,Thursday,163,VEHICLE STRIKES DOOR OF PARKED/STATIONARY VEHICLE,3,113795,2,0,1,0,1,2,1,5,Not at intersection,2,60,Arterial Other,30-39,Serious injury,Bicyclists
T20220011971,5/26/2022,16:30:00,2,Struck Pedestrian,4,Thursday,104,PED WALKING WITH TRAFFIC,1,713284,1,0,0,1,1,2,1,1,Cross intersection,3,40,Local Road,45424,Not injured,Bicyclists
T20220011985,5/24/2022,8:02:00,1,Collision with vehicle,3,Tuesday,121,RIGHT THROUGH,1,713905,2,0,1,0,1,2,1,2,T intersection,2,80,Arterial Highway,30-39,Serious injury,Bicyclists
T20220011995,5/27/2022,10:25:00,1,Collision with vehicle,5,Friday,110,CROSS TRAFFIC(INTERSECTIONS ONLY),1,40941,2,0,0,1,1,2,1,1,Cross intersection,3,50,Local Road,40-49,Other injury,Bicyclists
T20220012009,5/24/2022,14:20:00,1,Collision with vehicle,3,Tuesday,163,VEHICLE STRIKES DOOR OF PARKED/STATIONARY VEHICLE,1,38060,2,0,0,1,1,2,2,1,Cross intersection,3,999,Arterial Other,30-39,Other injury,Bicyclists
T20220012011,5/26/2022,8:30:00,6,Vehicle overturned (no collision),5,Thursday,174,OUT OF CONTROL ON CARRIAGEWAY (ON STRAIGHT),1,713287,1,0,1,0,0,1,2,1,Cross intersection,2,999,Uknown,13-15,Serious injury,Bicyclists
T20220012036,5/27/2022,16:02:00,1,Collision with vehicle,6,Friday,121,RIGHT THROUGH,1,42958,2,0,1,0,1,2,1,1,Cross intersection,2,50,Arterial Other,45424,Serious injury,Bicyclists
T20220012067,5/28/2022,6:00:00,1,Collision with vehicle,7,Saturday,133,LANE SIDE SWIPE (VEHICLES IN PARALLEL LANES),3,718168,2,0,1,0,1,2,1,5,Not at intersection,2,60,Arterial Other,65-69,Serious injury,Bicyclists
T20220012070,5/28/2022,8:24:00,1,Collision with vehicle,7,Saturday,121,RIGHT THROUGH,1,714253,2,0,0,1,1,2,1,2,T intersection,3,60,Uknown,50-59,Other injury,Bicyclists
T20220012076,5/28/2022,8:37:00,1,Collision with vehicle,7,Saturday,153,CUTTING IN (OVERTAKING),1,714430,2,0,1,0,1,2,1,5,Not at intersection,2,999,Uknown,40-49,Serious injury,Bicyclists
T20220012111,5/28/2022,6:30:00,1,Collision with vehicle,7,Saturday,110,CROSS TRAFFIC(INTERSECTIONS ONLY),3,36382,2,0,1,0,1,2,2,1,Cross intersection,2,60,Local Road,40-49,Serious injury,Bicyclists
T20220012192,5/29/2022,15:32:00,1,Collision with vehicle,1,Sunday,133,LANE SIDE SWIPE (VEHICLES IN PARALLEL LANES),1,713806,2,0,0,1,1,2,1,5,Not at intersection,3,50,Local Road,30-39,Other injury,Bicyclists
T20220012200,1/26/2022,0:00:00,8,No collision and no object struck,4,Wednesday,174,OUT OF CONTROL ON CARRIAGEWAY (ON STRAIGHT),9,713848,1,0,0,1,0,1,2,5,Not at intersection,3,999,Local Road,26-29,Other injury,Bicyclists
T20220012218,5/30/2022,11:35:00,1,Collision with vehicle,1,Monday,163,VEHICLE STRIKES DOOR OF PARKED/STATIONARY VEHICLE,1,713696,2,0,0,1,1,2,1,5,Not at intersection,3,40,Arterial Other,26-29,Other injury,Bicyclists
T20220012222,5/29/2022,17:00:00,1,Collision with vehicle,1,Sunday,110,CROSS TRAFFIC(INTERSECTIONS ONLY),2,45317,2,0,0,1,2,3,2,1,Cross intersection,3,60,Arterial Other,13-15,Other injury,Bicyclists
T20220012258,5/30/2022,20:00:00,1,Collision with vehicle,2,Monday,110,CROSS TRAFFIC(INTERSECTIONS ONLY),3,29887,2,0,0,1,1,2,1,4,Multiple intersection,3,60,Arterial Highway,50-59,Other injury,Bicyclists
T20220012382,5/31/2022,7:50:00,1,Collision with vehicle,2,Tuesday,116,LEFT NEAR (INTERSECTIONS ONLY),1,52915,2,0,0,1,1,2,2,1,Cross intersection,3,60,Arterial Other,50-59,Other injury,Bicyclists
T20220012447,5/31/2022,9:20:00,1,Collision with vehicle,3,Tuesday,136,RIGHT TURN SIDESWIPE,9,36622,2,0,0,1,1,2,2,1,Cross intersection,3,50,Local Road,50-59,Other injury,Bicyclists
T20220012465,6/2/2022,9:17:00,1,Collision with vehicle,5,Thursday,110,CROSS TRAFFIC(INTERSECTIONS ONLY),1,45628,2,0,1,0,1,2,1,1,Cross intersection,2,40,Arterial Other,30-39,Serious injury,Bicyclists
T20220012487,5/28/2022,0:10:00,1,Collision with vehicle,6,Saturday,110,CROSS TRAFFIC(INTERSECTIONS ONLY),3,785312,2,0,1,0,1,2,2,1,Cross intersection,2,60,Arterial Other,40-49,Serious injury,Bicyclists
T20220012501,6/2/2022,15:25:00,1,Collision with vehicle,4,Thursday,135,LANE CHANGE LEFT (NOT OVERTAKING),1,781959,2,0,0,1,1,2,1,5,Not at intersection,3,40,Local Road,40-49,Other injury,Bicyclists
T20220012511,6/2/2022,17:55:00,1,Collision with vehicle,5,Thursday,147,VEHICLE STRIKES ANOTHER VEH WHILE EMERGING FROM DRIVEWAY,3,721690,3,0,1,0,2,3,1,5,Not at intersection,2,60,Uknown,30-39,Serious injury,Bicyclists
T20220012518,5/25/2022,21:00:00,1,Collision with vehicle,3,Wednesday,163,VEHICLE STRIKES DOOR OF PARKED/STATIONARY VEHICLE,3,726217,2,0,0,1,1,2,2,5,Not at intersection,3,40,Arterial Other,30-39,Other injury,Bicyclists
T20220012523,6/2/2022,11:15:00,1,Collision with vehicle,4,Thursday,133,LANE SIDE SWIPE (VEHICLES IN PARALLEL LANES),1,345441,2,0,1,0,1,2,2,2,T intersection,2,60,Arterial Highway,50-59,Serious injury,Bicyclists
T20220012554,5/30/2022,10:15:00,1,Collision with vehicle,2,Monday,147,VEHICLE STRIKES ANOTHER VEH WHILE EMERGING FROM DRIVEWAY,1,723417,2,0,0,1,1,2,2,5,Not at intersection,3,70,Arterial Other,40-49,Other injury,Bicyclists
T20220012559,6/3/2022,10:54:00,1,Collision with vehicle,6,Friday,140,U TURN,1,725240,2,0,0,1,1,2,1,5,Not at intersection,3,40,Local Road,30-39,Other injury,Bicyclists
T20220012584,6/3/2022,14:35:00,1,Collision with vehicle,6,Friday,110,CROSS TRAFFIC(INTERSECTIONS ONLY),1,719389,3,0,1,0,2,3,1,1,Cross intersection,2,60,Arterial Highway,40-49,Serious injury,Bicyclists
T20220012594,5/29/2022,18:18:00,1,Collision with vehicle,0,Sunday,121,RIGHT THROUGH,3,14250,2,0,1,0,1,2,1,2,T intersection,2,40,Local Road,40-49,Serious injury,Bicyclists
T20220012622,5/30/2022,5:50:00,1,Collision with vehicle,2,Monday,137,LEFT TURN SIDESWIPE,3,112211,2,0,0,1,1,2,1,1,Cross intersection,3,60,Arterial Other,40-49,Other injury,Bicyclists
T20220012631,6/4/2022,11:30:00,1,Collision with vehicle,7,Saturday,137,LEFT TURN SIDESWIPE,1,697067,2,0,1,1,0,2,1,1,Cross intersection,2,60,Arterial Other,18-21,Serious injury,Bicyclists
T20220012670,6/2/2022,8:30:00,1,Collision with vehicle,4,Thursday,116,LEFT NEAR (INTERSECTIONS ONLY),1,69512,2,0,0,1,1,2,2,2,T intersection,3,50,Local Road,13-15,Other injury,Bicyclists
T20220012812,5/30/2022,18:00:00,1,Collision with vehicle,2,Monday,163,VEHICLE STRIKES DOOR OF PARKED/STATIONARY VEHICLE,3,37136,2,0,0,1,1,2,2,2,T intersection,3,40,Arterial Other,22-25,Other injury,Bicyclists
T20220012827,6/6/2022,19:20:00,1,Collision with vehicle,2,Monday,110,CROSS TRAFFIC(INTERSECTIONS ONLY),3,36808,2,0,1,0,1,2,1,1,Cross intersection,2,60,Arterial Other,18-21,Serious injury,Bicyclists
T20220012836,6/6/2022,14:25:00,1,Collision with vehicle,2,Monday,110,CROSS TRAFFIC(INTERSECTIONS ONLY),1,58110,2,0,0,1,2,3,1,1,Cross intersection,3,50,Local Road,18-21,Not injured,Bicyclists
T20220012865,6/7/2022,7:45:00,1,Collision with vehicle,3,Tuesday,137,LEFT TURN SIDESWIPE,2,48012,2,0,0,1,1,2,2,2,T intersection,3,60,Local Road,22-25,Other injury,Bicyclists
T20220012871,6/3/2022,16:57:00,1,Collision with vehicle,6,Friday,142,LEAVING PARKING,1,725259,2,0,0,1,1,2,2,5,Not at intersection,3,999,Local Road,30-39,Other injury,Bicyclists
T20220012962,6/5/2022,7:20:00,1,Collision with vehicle,1,Sunday,148,VEHICLE OFF FOOTPATH STRIKES VEH ON CARRIAGEWAY,1,715335,2,0,0,1,1,2,2,1,Cross intersection,3,50,Local Road,26-29,Other injury,Bicyclists
T20220012970,4/9/2022,17:00:00,1,Collision with vehicle,7,Saturday,163,VEHICLE STRIKES DOOR OF PARKED/STATIONARY VEHICLE,2,779655,2,0,0,1,1,2,2,2,T intersection,3,40,Arterial Other,40-49,Other injury,Bicyclists
T20220012975,5/14/2022,22:00:00,1,Collision with vehicle,7,Saturday,147,VEHICLE STRIKES ANOTHER VEH WHILE EMERGING FROM DRIVEWAY,6,718660,2,0,1,0,1,2,2,5,Not at intersection,2,999,Arterial Highway,50-59,Serious injury,Bicyclists
T20220012987,6/8/2022,14:00:00,1,Collision with vehicle,3,Wednesday,160,VEHICLE COLLIDES WITH VEHICLE PARKED ON LEFT OF ROAD,1,714629,2,0,0,1,0,1,1,5,Not at intersection,3,40,Local Road,50-59,Other injury,Bicyclists
T20220013032,12/8/2021,16:20:00,1,Collision with vehicle,3,Wednesday,113,RIGHT NEAR (INTERSECTIONS ONLY),1,715002,2,0,0,1,1,2,2,2,T intersection,3,50,Local Road,Unknown,Other injury,Bicyclists
T20220013092,6/10/2022,6:40:00,1,Collision with vehicle,5,Friday,113,RIGHT NEAR (INTERSECTIONS ONLY),3,714737,2,0,1,0,1,2,1,2,T intersection,2,50,Arterial Other,30-39,Serious injury,Bicyclists
T20220013107,6/10/2022,11:20:00,1,Collision with vehicle,5,Friday,110,CROSS TRAFFIC(INTERSECTIONS ONLY),1,39225,2,0,0,1,1,2,1,1,Cross intersection,3,60,Arterial Other,60-64,Other injury,Bicyclists
T20220013113,6/10/2022,12:40:00,1,Collision with vehicle,6,Friday,148,VEHICLE OFF FOOTPATH STRIKES VEH ON CARRIAGEWAY,1,714834,2,0,1,0,1,2,1,2,T intersection,2,50,Arterial Other,70+,Serious injury,Bicyclists
T20220013117,6/10/2022,9:30:00,2,Struck Pedestrian,5,Friday,108,PED STRUCK WALKING TO/FROM OR BOARDING/ALIGHTING VEHICLE.,1,782031,1,0,0,1,1,2,1,5,Not at intersection,3,40,Local Road,40-49,Not injured,Bicyclists
T20220013158,6/10/2022,18:00:00,1,Collision with vehicle,6,Friday,163,VEHICLE STRIKES DOOR OF PARKED/STATIONARY VEHICLE,3,728826,2,0,0,1,1,2,1,5,Not at intersection,3,999,Arterial Other,40-49,Other injury,Bicyclists
T20220013161,5/22/2022,11:10:00,1,Collision with vehicle,0,Sunday,148,VEHICLE OFF FOOTPATH STRIKES VEH ON CARRIAGEWAY,1,714835,2,0,0,1,1,2,1,5,Not at intersection,3,888,Local Road,50-59,Other injury,Bicyclists
T20220013181,6/9/2022,8:55:00,1,Collision with vehicle,4,Thursday,135,LANE CHANGE LEFT (NOT OVERTAKING),1,782023,2,0,0,1,1,2,2,5,Not at intersection,3,50,Arterial Other,50-59,Other injury,Bicyclists
T20220013208,6/11/2022,15:30:00,1,Collision with vehicle,6,Saturday,116,LEFT NEAR (INTERSECTIONS ONLY),1,44036,2,0,0,1,1,2,1,4,Multiple intersection,3,90,Arterial Highway,30-39,Other injury,Bicyclists
T20220013248,6/7/2022,14:30:00,1,Collision with vehicle,3,Tuesday,130,REAR END(VEHICLES IN SAME LANE),1,715234,2,0,0,1,1,2,2,1,Cross intersection,3,70,Arterial Highway,50-59,Other injury,Bicyclists
T20220013272,6/12/2022,13:25:00,1,Collision with vehicle,1,Sunday,113,RIGHT NEAR (INTERSECTIONS ONLY),1,56324,2,0,0,1,1,2,2,2,T intersection,3,50,Local Road,50-59,Other injury,Bicyclists
T20220013276,6/12/2022,16:00:00,1,Collision with vehicle,0,Sunday,112,LEFT FAR (INTERSECTIONS ONLY),1,250611,2,0,0,1,1,2,1,2,T intersection,3,50,Local Road,13-15,Other injury,Bicyclists
T20220013317,6/13/2022,7:20:00,1,Collision with vehicle,2,Monday,116,LEFT NEAR (INTERSECTIONS ONLY),1,42608,3,0,1,0,2,3,1,2,T intersection,2,80,Arterial Highway,60-64,Not injured,Bicyclists
T20220013323,6/13/2022,8:40:00,1,Collision with vehicle,2,Monday,142,LEAVING PARKING,1,715285,2,0,0,1,3,4,1,5,Not at intersection,3,40,Local Road,40-49,Other injury,Bicyclists
T20220013332,6/13/2022,10:57:00,1,Collision with vehicle,2,Monday,148,VEHICLE OFF FOOTPATH STRIKES VEH ON CARRIAGEWAY,1,715614,2,0,1,0,2,3,1,5,Not at intersection,2,60,Freeway,45424,Serious injury,Bicyclists
T20220013343,6/7/2022,7:00:00,1,Collision with vehicle,2,Tuesday,113,RIGHT NEAR (INTERSECTIONS ONLY),1,29477,2,0,0,1,1,2,2,2,T intersection,3,60,Arterial Other,40-49,Other injury,Bicyclists
T20220013375,6/2/2022,10:47:00,1,Collision with vehicle,4,Thursday,110,CROSS TRAFFIC(INTERSECTIONS ONLY),1,71575,2,0,0,1,1,2,1,1,Cross intersection,3,60,Local Road,30-39,Other injury,Bicyclists
T20220013400,6/14/2022,9:15:00,8,No collision and no object struck,3,Tuesday,184,OUT OF CONTROL ON CARRIAGEWAY (ON BEND),1,728029,1,0,0,1,0,1,1,3,Y intersection,3,50,Local Road,65-69,Other injury,Bicyclists
T20220013405,6/14/2022,8:10:00,1,Collision with vehicle,3,Tuesday,160,VEHICLE COLLIDES WITH VEHICLE PARKED ON LEFT OF ROAD,1,688919,2,0,0,1,1,2,2,5,Not at intersection,3,50,Arterial Other,60-64,Other injury,Bicyclists
T20220013495,6/10/2022,22:55:00,2,Struck Pedestrian,6,Friday,100,PED NEAR SIDE. PED HIT BY VEHICLE FROM THE RIGHT.,3,715705,1,1,0,0,1,2,1,5,Not at intersection,1,40,Local Road,26-29,Not injured,Bicyclists
T20220013503,6/8/2022,18:55:00,1,Collision with vehicle,3,Wednesday,137,LEFT TURN SIDESWIPE,3,783952,2,0,0,1,1,2,2,1,Cross intersection,3,999,Local Road,40-49,Other injury,Bicyclists
T20220013584,6/15/2022,9:10:00,1,Collision with vehicle,3,Wednesday,115,RIGHT/LEFT FAR (INTERSECTIONS ONLY),1,295552,2,0,0,1,1,2,2,1,Cross intersection,3,50,Local Road,30-39,Other injury,Bicyclists
T20220013630,6/16/2022,15:06:00,1,Collision with vehicle,4,Thursday,110,CROSS TRAFFIC(INTERSECTIONS ONLY),1,727872,2,0,0,1,1,2,1,1,Cross intersection,3,40,Local Road,18-21,Other injury,Bicyclists
T20220013704,6/17/2022,16:40:00,5,collision with some other object,5,Friday,166,STRUCK OBJECT ON CARRIAGEWAY,1,782223,2,0,0,1,1,2,2,5,Not at intersection,3,777,Local Road,30-39,Other injury,Bicyclists
T20220013742,6/18/2022,10:15:00,1,Collision with vehicle,7,Saturday,121,RIGHT THROUGH,1,42840,2,0,0,1,1,2,1,1,Cross intersection,3,60,Arterial Other,60-64,Other injury,Bicyclists
T20220013743,6/18/2022,10:00:00,1,Collision with vehicle,7,Saturday,111,RIGHT FAR (INTERSECTIONS ONLY),1,52490,2,0,1,0,1,2,1,1,Cross intersection,2,60,Local Road,40-49,Serious injury,Bicyclists
T20220013766,6/18/2022,14:36:00,1,Collision with vehicle,6,Saturday,110,CROSS TRAFFIC(INTERSECTIONS ONLY),1,774591,2,0,0,1,1,2,1,1,Cross intersection,3,50,Local Road,45424,Other injury,Bicyclists
T20220013803,6/18/2022,12:45:00,1,Collision with vehicle,7,Saturday,131,LEFT REAR,1,57610,2,0,1,0,1,2,1,2,T intersection,2,60,Arterial Other,50-59,Serious injury,Bicyclists
T20220013842,6/18/2022,16:30:00,8,No collision and no object struck,7,Saturday,174,OUT OF CONTROL ON CARRIAGEWAY (ON STRAIGHT),1,718810,2,0,0,1,1,2,2,2,T intersection,3,50,Local Road,30-39,Other injury,Bicyclists
T20220013847,6/11/2022,16:30:00,1,Collision with vehicle,6,Saturday,133,LANE SIDE SWIPE (VEHICLES IN PARALLEL LANES),2,718196,2,0,0,1,1,2,2,5,Not at intersection,3,50,Local Road,50-59,Other injury,Bicyclists
T20220013883,6/16/2022,15:00:00,1,Collision with vehicle,5,Thursday,134,LANE CHANGE RIGHT (NOT OVERTAKING),1,727892,2,0,0,1,1,2,2,5,Not at intersection,3,60,Arterial Other,65-69,Other injury,Bicyclists
T20220013892,6/19/2022,13:55:00,1,Collision with vehicle,0,Sunday,135,LANE CHANGE LEFT (NOT OVERTAKING),1,782235,2,0,0,1,1,2,2,5,Not at intersection,3,60,Arterial Other,50-59,Other injury,Bicyclists
T20220013899,5/20/2022,9:00:00,1,Collision with vehicle,5,Friday,130,REAR END(VEHICLES IN SAME LANE),1,726091,2,0,0,1,1,2,2,1,Cross intersection,3,50,Arterial Other,40-49,Other injury,Bicyclists
T20220013929,6/14/2022,8:00:00,1,Collision with vehicle,2,Tuesday,142,LEAVING PARKING,1,279618,2,0,0,1,1,2,2,5,Not at intersection,3,999,Local Road,30-39,Other injury,Bicyclists
T20220013933,6/20/2022,15:30:00,1,Collision with vehicle,2,Monday,112,LEFT FAR (INTERSECTIONS ONLY),1,49676,2,0,0,1,1,2,2,2,T intersection,3,60,Local Road,45424,Other injury,Bicyclists
T20220013951,6/3/2022,12:00:00,1,Collision with vehicle,6,Friday,130,REAR END(VEHICLES IN SAME LANE),1,719124,2,0,0,1,1,2,2,5,Not at intersection,3,999,Uknown,70+,Other injury,Bicyclists
T20220013963,6/20/2022,10:00:00,1,Collision with vehicle,2,Monday,133,LANE SIDE SWIPE (VEHICLES IN PARALLEL LANES),1,718509,2,0,1,0,1,2,1,5,Not at intersection,2,50,Local Road,60-64,Serious injury,Bicyclists
T20220013994,6/21/2022,14:45:00,1,Collision with vehicle,3,Tuesday,148,VEHICLE OFF FOOTPATH STRIKES VEH ON CARRIAGEWAY,1,715764,2,0,1,0,1,2,1,5,Not at intersection,2,50,Uknown,40-49,Serious injury,Bicyclists
T20220014001,6/21/2022,14:15:00,1,Collision with vehicle,3,Tuesday,148,VEHICLE OFF FOOTPATH STRIKES VEH ON CARRIAGEWAY,1,716686,2,0,1,0,2,3,1,5,Not at intersection,2,60,Uknown,50-59,Serious injury,Bicyclists
T20220014147,6/23/2022,10:40:00,1,Collision with vehicle,5,Thursday,121,RIGHT THROUGH,1,718211,2,0,0,1,1,2,1,2,T intersection,3,40,Local Road,40-49,Other injury,Bicyclists
T20220014181,6/23/2022,20:09:00,1,Collision with vehicle,5,Thursday,148,VEHICLE OFF FOOTPATH STRIKES VEH ON CARRIAGEWAY,3,726713,2,0,1,0,1,2,1,1,Cross intersection,2,60,Arterial Highway,16-17,Serious injury,Bicyclists
T20220014197,5/11/2022,15:13:00,1,Collision with vehicle,3,Wednesday,137,LEFT TURN SIDESWIPE,1,781905,2,0,0,1,1,2,1,1,Cross intersection,3,50,Local Road,30-39,Other injury,Bicyclists
T20220014211,6/24/2022,8:30:00,7,Fall from or in moving vehicle,5,Friday,190,FELL IN/FROM VEHICLE,1,716191,2,0,1,0,2,3,1,5,Not at intersection,2,50,Local Road,Unknown,Not injured,Drivers
T20220014227,6/24/2022,11:30:00,1,Collision with vehicle,6,Friday,116,LEFT NEAR (INTERSECTIONS ONLY),1,302346,2,0,1,0,1,2,1,2,T intersection,2,50,Local Road,60-64,Serious injury,Bicyclists
T20220014268,6/24/2022,6:30:00,1,Collision with vehicle,5,Friday,140,U TURN,3,726129,2,0,1,0,1,2,2,5,Not at intersection,2,40,Arterial Other,30-39,Serious injury,Bicyclists
T20220014309,6/25/2022,13:19:00,1,Collision with vehicle,6,Saturday,148,VEHICLE OFF FOOTPATH STRIKES VEH ON CARRIAGEWAY,1,716702,2,0,1,0,1,2,1,2,T intersection,2,50,Local Road,65-69,Serious injury,Bicyclists
T20220014312,6/25/2022,14:19:00,1,Collision with vehicle,7,Saturday,137,LEFT TURN SIDESWIPE,1,718219,2,0,1,0,1,2,1,1,Cross intersection,2,50,Local Road,40-49,Serious injury,Bicyclists
T20220014430,6/27/2022,7:25:00,1,Collision with vehicle,1,Monday,114,TWO RIGHT TURNING (INTERSECTIONS ONLY),2,726469,2,0,0,1,1,2,1,2,T intersection,3,50,Local Road,50-59,Other injury,Bicyclists
T20220014434,6/27/2022,7:55:00,1,Collision with vehicle,1,Monday,137,LEFT TURN SIDESWIPE,1,38022,2,0,0,1,1,2,2,1,Cross intersection,3,50,Arterial Other,50-59,Other injury,Bicyclists
T20220014445,5/22/2022,11:15:00,1,Collision with vehicle,1,Sunday,132,RIGHT REAR.,9,57391,2,0,0,1,1,2,2,1,Cross intersection,3,60,Arterial Other,50-59,Other injury,Bicyclists