ACCIDENT_NO,ACCIDENT_DATE,ACCIDENT_TIME,ACCIDENT_TYPE,ACCIDENT_TYPE_DESC,DAY_OF_WEEK,DAY_WEEK_DESC,DCA_CODE,DCA_DESC,LIGHT_CONDITION,NODE_ID,NO_OF_VEHICLES,NO_PERSONS_KILLED,NO_PERSONS_INJ_2,NO_PERSONS_INJ_3,NO_PERSONS_NOT_INJ,NO_PERSONS,POLICE_ATTEND,ROAD_GEOMETRY,ROAD_GEOMETRY_DESC,SEVERITY,SPEED_ZONE,RMA,AGE_GROUP,INJ_LEVEL,ROAD_USER_TYPE_DESC
T20220014448,6/27/2022,12:35:00,1,Collision with vehicle,1,Monday,110,CROSS TRAFFIC(INTERSECTIONS ONLY),1,52852,2,0,0,1,1,2,1,1,Cross intersection,3,60,Uknown,40-49,Other injury,Bicyclists
T20220014512,6/9/2022,17:18:00,1,Collision with vehicle,5,Thursday,121,RIGHT THROUGH,2,44068,2,0,1,0,1,2,1,2,T intersection,2,40,Local Road,50-59,Serious injury,Bicyclists
T20220014531,6/28/2022,9:30:00,1,Collision with vehicle,3,Tuesday,121,RIGHT THROUGH,1,66794,2,0,2,0,0,2,1,2,T intersection,2,60,Arterial Other,40-49,Serious injury,Bicyclists
T20220014546,6/28/2022,13:30:00,1,Collision with vehicle,3,Tuesday,148,VEHICLE OFF FOOTPATH STRIKES VEH ON CARRIAGEWAY,1,726466,2,0,0,1,1,2,1,5,Not at intersection,3,50,Local Road,13-15,Other injury,Bicyclists
T20220014562,6/25/2022,12:50:00,1,Collision with vehicle,7,Saturday,148,VEHICLE OFF FOOTPATH STRIKES VEH ON CARRIAGEWAY,1,725715,2,0,0,1,1,2,2,4,Multiple intersection,3,60,Freeway,13-15,Other injury,Bicyclists
T20220014571,6/28/2022,15:25:00,1,Collision with vehicle,3,Tuesday,133,LANE SIDE SWIPE (VEHICLES IN PARALLEL LANES),1,718559,2,0,1,0,2,3,1,5,Not at intersection,2,50,Arterial Highway,60-64,Serious injury,Bicyclists
T20220014592,6/28/2022,17:30:00,1,Collision with vehicle,2,Tuesday,148,VEHICLE OFF FOOTPATH STRIKES VEH ON CARRIAGEWAY,2,782086,2,0,0,1,4,5,2,5,Not at intersection,3,60,Freeway,60-64,Other injury,Bicyclists
T20220014595,6/29/2022,7:10:00,1,Collision with vehicle,4,Wednesday,148,VEHICLE OFF FOOTPATH STRIKES VEH ON CARRIAGEWAY,2,36794,2,0,1,0,1,2,1,1,Cross intersection,2,40,Arterial Highway,40-49,Serious injury,Bicyclists
T20220014603,6/29/2022,7:15:00,1,Collision with vehicle,4,Wednesday,116,LEFT NEAR (INTERSECTIONS ONLY),9,277354,2,0,0,1,1,2,2,4,Multiple intersection,3,80,Freeway,30-39,Other injury,Bicyclists
T20220014633,6/17/2022,8:35:00,1,Collision with vehicle,6,Friday,163,VEHICLE STRIKES DOOR OF PARKED/STATIONARY VEHICLE,1,718264,2,0,0,1,1,2,2,5,Not at intersection,3,50,Local Road,30-39,Other injury,Bicyclists
T20220014660,6/28/2022,17:30:00,1,Collision with vehicle,2,Tuesday,111,RIGHT FAR (INTERSECTIONS ONLY),9,718535,2,0,0,1,1,2,2,2,T intersection,3,60,Uknown,26-29,Other injury,Bicyclists
T20220014662,6/30/2022,8:45:00,1,Collision with vehicle,5,Thursday,136,RIGHT TURN SIDESWIPE,1,718268,2,0,0,1,2,3,2,4,Multiple intersection,3,50,Local Road,30-39,Other injury,Bicyclists
T20220014691,6/17/2022,5:50:00,1,Collision with vehicle,6,Friday,133,LANE SIDE SWIPE (VEHICLES IN PARALLEL LANES),3,720183,2,0,0,1,1,2,2,1,Cross intersection,3,60,Arterial Other,50-59,Other injury,Bicyclists
T20220014692,6/17/2022,11:15:00,1,Collision with vehicle,6,Friday,147,VEHICLE STRIKES ANOTHER VEH WHILE EMERGING FROM DRIVEWAY,1,727286,2,0,0,1,1,2,2,5,Not at intersection,3,888,Local Road,13-15,Other injury,Bicyclists
T20220014703,10/3/2021,3:30:00,1,Collision with vehicle,1,Sunday,110,CROSS TRAFFIC(INTERSECTIONS ONLY),6,592028,2,0,0,1,1,2,9,1,Cross intersection,3,60,Local Road,40-49,Other injury,Bicyclists
T20220014724,6/30/2022,18:55:00,1,Collision with vehicle,5,Thursday,137,LEFT TURN SIDESWIPE,3,723311,2,0,1,0,1,2,1,5,Not at intersection,2,60,Arterial Highway,26-29,Serious injury,Bicyclists
T20220014750,6/30/2022,16:30:00,1,Collision with vehicle,4,Thursday,147,VEHICLE STRIKES ANOTHER VEH WHILE EMERGING FROM DRIVEWAY,1,779391,2,0,1,0,2,3,2,5,Not at intersection,2,70,Arterial Highway,50-59,Serious injury,Bicyclists
T20220014788,5/24/2022,9:30:00,1,Collision with vehicle,3,Tuesday,143,ENTERING PARKING,9,722378,2,0,0,1,1,2,2,5,Not at intersection,3,999,Arterial Other,26-29,Other injury,Bicyclists
T20220014808,7/2/2022,12:15:00,1,Collision with vehicle,6,Saturday,137,LEFT TURN SIDESWIPE,1,36278,2,0,0,1,1,2,1,1,Cross intersection,3,999,Local Road,18-21,Other injury,Bicyclists
T20220014937,7/4/2022,7:24:00,1,Collision with vehicle,1,Monday,114,TWO RIGHT TURNING (INTERSECTIONS ONLY),2,56730,2,0,0,1,1,2,1,2,T intersection,3,60,Local Road,50-59,Other injury,Bicyclists
T20220014957,7/4/2022,14:25:00,1,Collision with vehicle,1,Monday,163,VEHICLE STRIKES DOOR OF PARKED/STATIONARY VEHICLE,1,734259,2,0,0,1,1,2,2,5,Not at intersection,3,50,Local Road,30-39,Other injury,Bicyclists
T20220014975,7/4/2022,15:58:00,1,Collision with vehicle,2,Monday,114,TWO RIGHT TURNING (INTERSECTIONS ONLY),1,41058,2,0,0,1,1,2,1,1,Cross intersection,3,60,Arterial Other,40-49,Other injury,Bicyclists
T20220014986,6/28/2022,16:18:00,1,Collision with vehicle,3,Tuesday,116,LEFT NEAR (INTERSECTIONS ONLY),1,37667,2,0,0,1,1,2,2,2,T intersection,3,40,Arterial Other,40-49,Other injury,Bicyclists
T20220014988,7/4/2022,19:00:00,1,Collision with vehicle,2,Monday,148,VEHICLE OFF FOOTPATH STRIKES VEH ON CARRIAGEWAY,3,726038,2,0,1,0,1,2,1,1,Cross intersection,2,80,Uknown,60-64,Serious injury,Bicyclists
T20220014998,7/5/2022,5:00:00,1,Collision with vehicle,3,Tuesday,121,RIGHT THROUGH,3,782102,2,0,0,1,1,2,1,5,Not at intersection,3,40,Local Road,50-59,Other injury,Bicyclists
T20220015023,6/29/2022,17:55:00,1,Collision with vehicle,3,Wednesday,163,VEHICLE STRIKES DOOR OF PARKED/STATIONARY VEHICLE,2,718595,2,0,0,1,1,2,2,5,Not at intersection,3,50,Local Road,40-49,Other injury,Bicyclists
T20220015025,7/5/2022,11:54:00,1,Collision with vehicle,3,Tuesday,130,REAR END(VEHICLES IN SAME LANE),1,774682,2,0,0,1,2,3,1,5,Not at intersection,3,60,Arterial Highway,65-69,Other injury,Bicyclists
T20220015062,7/5/2022,15:54:00,1,Collision with vehicle,3,Tuesday,147,VEHICLE STRIKES ANOTHER VEH WHILE EMERGING FROM DRIVEWAY,1,718567,2,0,1,0,1,2,1,5,Not at intersection,2,60,Local Road,45424,Serious injury,Bicyclists
T20220015071,7/5/2022,12:15:00,1,Collision with vehicle,2,Tuesday,163,VEHICLE STRIKES DOOR OF PARKED/STATIONARY VEHICLE,1,782030,2,0,0,1,1,2,2,5,Not at intersection,3,40,Local Road,30-39,Other injury,Bicyclists
T20220015125,7/6/2022,11:00:00,6,Vehicle overturned (no collision),3,Wednesday,174,OUT OF CONTROL ON CARRIAGEWAY (ON STRAIGHT),1,785595,1,0,1,0,0,1,1,5,Not at intersection,2,60,Arterial Other,70+,Serious injury,Bicyclists
T20220015132,7/5/2022,6:15:00,1,Collision with vehicle,3,Tuesday,148,VEHICLE OFF FOOTPATH STRIKES VEH ON CARRIAGEWAY,3,719459,2,0,1,0,1,2,1,5,Not at intersection,2,50,Arterial Other,40-49,Serious injury,Bicyclists
T20220015147,5/24/2022,19:00:00,1,Collision with vehicle,2,Tuesday,110,CROSS TRAFFIC(INTERSECTIONS ONLY),9,40183,2,0,0,1,1,2,2,1,Cross intersection,3,60,Local Road,30-39,Other injury,Bicyclists
T20220015152,7/6/2022,15:58:00,2,Struck Pedestrian,3,Wednesday,104,PED WALKING WITH TRAFFIC,1,782226,1,0,0,1,0,1,1,5,Not at intersection,3,999,Local Road,0-4,Other injury,Pedestrians
T20220015173,7/6/2022,16:06:00,1,Collision with vehicle,3,Wednesday,115,RIGHT/LEFT FAR (INTERSECTIONS ONLY),1,50956,2,0,0,1,1,2,1,1,Cross intersection,3,999,Local Road,30-39,Other injury,Bicyclists
T20220015174,7/6/2022,20:00:00,1,Collision with vehicle,3,Wednesday,142,LEAVING PARKING,3,785593,3,0,1,0,2,3,1,5,Not at intersection,2,60,Arterial Other,40-49,Serious injury,Bicyclists
T20220015207,7/7/2022,11:20:00,7,Fall from or in moving vehicle,4,Thursday,190,FELL IN/FROM VEHICLE,1,782243,1,0,0,1,0,1,1,2,T intersection,3,50,Arterial Other,40-49,Other injury,Bicyclists
T20220015230,6/29/2021,8:50:00,1,Collision with vehicle,2,Tuesday,147,VEHICLE STRIKES ANOTHER VEH WHILE EMERGING FROM DRIVEWAY,1,781193,2,0,0,1,1,2,2,5,Not at intersection,3,50,Local Road,45424,Other injury,Bicyclists
T20220015315,7/8/2022,15:12:00,1,Collision with vehicle,5,Friday,149,OTHER MANOEUVRING NOT INCLUDED IN DCAs 140-148,1,718609,2,0,1,0,1,2,1,5,Not at intersection,2,60,Arterial Other,45424,Serious injury,Bicyclists
T20220015346,7/8/2022,23:00:00,1,Collision with vehicle,6,Friday,137,LEFT TURN SIDESWIPE,3,252229,2,0,1,0,1,2,1,2,T intersection,2,60,Uknown,26-29,Serious injury,Bicyclists
T20220015357,7/9/2022,9:13:00,1,Collision with vehicle,6,Saturday,110,CROSS TRAFFIC(INTERSECTIONS ONLY),1,69142,2,0,0,1,1,2,1,1,Cross intersection,3,50,Local Road,70+,Other injury,Bicyclists
T20220015362,7/1/2022,16:03:00,1,Collision with vehicle,5,Friday,160,VEHICLE COLLIDES WITH VEHICLE PARKED ON LEFT OF ROAD,1,718616,2,0,0,1,0,1,1,5,Not at intersection,3,50,Uknown,13-15,Other injury,Bicyclists
T20220015363,6/27/2022,8:10:00,1,Collision with vehicle,2,Monday,110,CROSS TRAFFIC(INTERSECTIONS ONLY),1,43024,2,0,0,1,1,2,2,1,Cross intersection,3,999,Local Road,18-21,Other injury,Bicyclists
T20220015379,7/7/2022,17:35:00,1,Collision with vehicle,4,Thursday,137,LEFT TURN SIDESWIPE,9,38051,2,0,0,1,1,2,2,1,Cross intersection,3,60,Arterial Other,40-49,Other injury,Bicyclists
T20220015436,7/10/2022,15:30:00,1,Collision with vehicle,0,Sunday,110,CROSS TRAFFIC(INTERSECTIONS ONLY),1,64547,2,0,0,1,2,3,1,1,Cross intersection,3,40,Local Road,60-64,Other injury,Bicyclists
T20220015481,7/11/2022,9:00:00,1,Collision with vehicle,1,Monday,134,LANE CHANGE RIGHT (NOT OVERTAKING),1,635948,2,0,1,0,1,2,1,2,T intersection,2,60,Arterial Other,26-29,Serious injury,Bicyclists
T20220015499,7/11/2022,8:40:00,1,Collision with vehicle,1,Monday,133,LANE SIDE SWIPE (VEHICLES IN PARALLEL LANES),1,718775,2,0,0,1,1,2,1,5,Not at intersection,3,50,Local Road,40-49,Other injury,Bicyclists
T20220015505,7/11/2022,15:22:00,1,Collision with vehicle,1,Monday,147,VEHICLE STRIKES ANOTHER VEH WHILE EMERGING FROM DRIVEWAY,1,782242,2,0,0,1,1,2,2,5,Not at intersection,3,50,Local Road,45424,Other injury,Bicyclists
T20220015517,6/23/2022,15:00:00,1,Collision with vehicle,5,Thursday,163,VEHICLE STRIKES DOOR OF PARKED/STATIONARY VEHICLE,1,719250,2,0,1,0,1,2,2,5,Not at intersection,2,50,Arterial Other,50-59,Serious injury,Bicyclists
T20220015521,11/21/2021,17:00:00,8,No collision and no object struck,1,Sunday,182,OFF CARRIAGEWAY ON LEFT BEND,1,720999,2,0,0,1,1,2,2,5,Not at intersection,3,50,Local Road,30-39,Other injury,Bicyclists
T20220015547,7/9/2022,23:49:00,1,Collision with vehicle,7,Saturday,116,LEFT NEAR (INTERSECTIONS ONLY),3,44224,2,0,0,1,1,2,1,1,Cross intersection,3,60,Arterial Other,50-59,Other injury,Bicyclists
T20220015661,7/13/2022,12:50:00,1,Collision with vehicle,3,Wednesday,163,VEHICLE STRIKES DOOR OF PARKED/STATIONARY VEHICLE,1,780155,2,0,0,1,2,3,1,5,Not at intersection,3,50,Arterial Other,40-49,Other injury,Bicyclists
T20220015663,7/13/2022,9:10:00,1,Collision with vehicle,3,Wednesday,137,LEFT TURN SIDESWIPE,1,36619,2,0,0,1,1,2,2,2,T intersection,3,50,Local Road,30-39,Other injury,Bicyclists
T20220015672,7/10/2022,16:50:00,1,Collision with vehicle,1,Sunday,121,RIGHT THROUGH,1,49918,2,0,0,1,1,2,2,1,Cross intersection,3,999,Arterial Highway,30-39,Other injury,Bicyclists
T20220015674,7/6/2022,15:30:00,1,Collision with vehicle,3,Wednesday,148,VEHICLE OFF FOOTPATH STRIKES VEH ON CARRIAGEWAY,1,718783,2,0,1,0,1,2,2,2,T intersection,2,40,Arterial Other,30-39,Serious injury,Bicyclists
T20220015698,7/13/2022,17:15:00,1,Collision with vehicle,4,Wednesday,152,PULLING OUT (OVERTAKING),2,803170,2,1,0,0,1,2,1,5,Not at intersection,1,50,Arterial Highway,50-59,Fatality,Bicyclists
T20220015699,7/13/2022,20:45:00,1,Collision with vehicle,3,Wednesday,148,VEHICLE OFF FOOTPATH STRIKES VEH ON CARRIAGEWAY,6,720249,2,0,1,0,1,2,1,2,T intersection,2,60,Local Road,40-49,Serious injury,Bicyclists
T20220015708,5/2/2022,9:10:00,1,Collision with vehicle,1,Monday,137,LEFT TURN SIDESWIPE,1,37014,2,0,0,1,1,2,2,2,T intersection,3,50,Local Road,30-39,Other injury,Bicyclists
T20220015751,7/14/2022,6:46:00,1,Collision with vehicle,4,Thursday,116,LEFT NEAR (INTERSECTIONS ONLY),3,718788,2,0,1,0,1,2,1,2,T intersection,2,60,Local Road,40-49,Serious injury,Bicyclists
T20220015841,7/14/2022,18:50:00,1,Collision with vehicle,5,Thursday,163,VEHICLE STRIKES DOOR OF PARKED/STATIONARY VEHICLE,6,748218,2,0,0,1,1,2,2,5,Not at intersection,3,60,Local Road,18-21,Other injury,Bicyclists
T20220015850,7/15/2022,15:30:00,1,Collision with vehicle,5,Friday,133,LANE SIDE SWIPE (VEHICLES IN PARALLEL LANES),1,718815,2,0,0,1,1,2,2,5,Not at intersection,3,999,Arterial Highway,50-59,Other injury,Bicyclists
T20220015862,7/15/2022,14:12:00,1,Collision with vehicle,5,Friday,137,LEFT TURN SIDESWIPE,1,44734,2,0,1,1,0,2,1,1,Cross intersection,2,40,Local Road,50-59,Serious injury,Bicyclists
T20220015864,7/15/2022,18:43:00,8,No collision and no object struck,5,Friday,174,OUT OF CONTROL ON CARRIAGEWAY (ON STRAIGHT),5,782325,1,0,0,1,0,1,1,5,Not at intersection,3,80,Uknown,22-25,Other injury,Bicyclists
T20220015969,7/11/2022,8:40:00,1,Collision with vehicle,1,Monday,121,RIGHT THROUGH,1,36847,2,0,0,1,1,2,2,2,T intersection,3,40,Local Road,30-39,Other injury,Bicyclists
T20220016017,7/18/2022,6:20:00,3,Struck animal,2,Monday,167,STRUCK ANIMAL,5,718836,1,0,0,1,0,1,1,5,Not at intersection,3,50,Local Road,50-59,Other injury,Bicyclists
T20220016019,7/18/2022,7:49:00,1,Collision with vehicle,1,Monday,163,VEHICLE STRIKES DOOR OF PARKED/STATIONARY VEHICLE,1,780177,2,0,0,1,1,2,1,5,Not at intersection,3,60,Arterial Other,40-49,Other injury,Bicyclists
T20220016064,7/16/2022,8:00:00,1,Collision with vehicle,6,Saturday,160,VEHICLE COLLIDES WITH VEHICLE PARKED ON LEFT OF ROAD,1,609604,2,0,1,0,0,1,2,5,Not at intersection,2,999,Arterial Other,30-39,Serious injury,Bicyclists
T20220016070,7/18/2022,18:00:00,1,Collision with vehicle,1,Monday,116,LEFT NEAR (INTERSECTIONS ONLY),3,580839,2,0,0,1,1,2,1,1,Cross intersection,3,80,Arterial Highway,40-49,Other injury,Bicyclists
T20220016086,7/19/2022,5:53:00,1,Collision with vehicle,3,Tuesday,110,CROSS TRAFFIC(INTERSECTIONS ONLY),3,51641,2,0,1,0,1,2,1,1,Cross intersection,2,40,Local Road,30-39,Serious injury,Bicyclists
T20220016089,7/14/2022,18:10:00,1,Collision with vehicle,4,Thursday,130,REAR END(VEHICLES IN SAME LANE),6,36909,2,0,0,1,1,2,2,1,Cross intersection,3,999,Local Road,40-49,Other injury,Bicyclists
T20220016150,7/19/2022,16:05:00,1,Collision with vehicle,2,Tuesday,116,LEFT NEAR (INTERSECTIONS ONLY),1,718211,2,0,0,1,1,2,1,2,T intersection,3,40,Local Road,40-49,Other injury,Bicyclists
T20220016154,11/17/2020,12:00:00,8,No collision and no object struck,3,Tuesday,170,OFF CARRIAGEWAY TO LEFT,1,719745,2,0,0,1,1,2,2,5,Not at intersection,3,60,Local Road,70+,Other injury,Bicyclists
T20220016158,7/19/2022,15:20:00,1,Collision with vehicle,2,Tuesday,148,VEHICLE OFF FOOTPATH STRIKES VEH ON CARRIAGEWAY,1,720077,2,0,1,0,1,2,2,2,T intersection,2,50,Local Road,45424,Serious injury,Bicyclists
T20220016160,7/19/2022,17:25:00,1,Collision with vehicle,3,Tuesday,147,VEHICLE STRIKES ANOTHER VEH WHILE EMERGING FROM DRIVEWAY,3,722477,2,0,1,0,1,2,1,5,Not at intersection,2,60,Arterial Other,50-59,Serious injury,Bicyclists
T20220016207,7/20/2022,10:10:00,1,Collision with vehicle,4,Wednesday,136,RIGHT TURN SIDESWIPE,1,740067,2,0,1,0,1,2,1,5,Not at intersection,2,50,Local Road,70+,Serious injury,Bicyclists
T20220016212,7/20/2022,8:50:00,1,Collision with vehicle,4,Wednesday,116,LEFT NEAR (INTERSECTIONS ONLY),1,754323,2,0,1,0,1,2,1,2,T intersection,2,50,Arterial Highway,40-49,Serious injury,Bicyclists
T20220016291,7/19/2022,7:30:00,6,Vehicle overturned (no collision),2,Tuesday,174,OUT OF CONTROL ON CARRIAGEWAY (ON STRAIGHT),1,719404,1,0,1,0,1,2,2,2,T intersection,2,40,Local Road,30-39,Serious injury,Bicyclists
T20220016296,7/15/2022,13:27:00,1,Collision with vehicle,5,Friday,163,VEHICLE STRIKES DOOR OF PARKED/STATIONARY VEHICLE,1,718802,2,0,0,1,1,2,1,5,Not at intersection,3,40,Local Road,22-25,Other injury,Bicyclists
T20220016303,7/21/2022,13:11:00,1,Collision with vehicle,4,Thursday,163,VEHICLE STRIKES DOOR OF PARKED/STATIONARY VEHICLE,1,718803,2,0,1,0,1,2,1,5,Not at intersection,2,40,Uknown,40-49,Serious injury,Bicyclists
T20220016334,7/21/2022,18:00:00,1,Collision with vehicle,4,Thursday,130,REAR END(VEHICLES IN SAME LANE),6,731084,2,0,0,1,1,2,2,5,Not at intersection,3,999,Local Road,22-25,Other injury,Bicyclists
T20220016340,7/21/2022,17:17:00,1,Collision with vehicle,4,Thursday,113,RIGHT NEAR (INTERSECTIONS ONLY),2,727581,2,0,0,2,0,2,1,2,T intersection,3,50,Local Road,Unknown,Other injury,Bicyclists
T20220016381,7/22/2022,10:46:00,1,Collision with vehicle,6,Friday,114,TWO RIGHT TURNING (INTERSECTIONS ONLY),1,719822,2,0,1,0,1,2,1,2,T intersection,2,60,Local Road,65-69,Serious injury,Bicyclists
T20220016393,7/22/2022,13:31:00,1,Collision with vehicle,6,Friday,137,LEFT TURN SIDESWIPE,1,36481,2,0,0,1,1,2,2,1,Cross intersection,3,60,Arterial Other,40-49,Other injury,Bicyclists
T20220016395,7/20/2022,18:30:00,1,Collision with vehicle,3,Wednesday,110,CROSS TRAFFIC(INTERSECTIONS ONLY),6,301553,2,0,0,1,1,2,2,1,Cross intersection,3,999,Local Road,40-49,Other injury,Bicyclists
T20220016404,7/22/2022,14:00:00,1,Collision with vehicle,5,Friday,133,LANE SIDE SWIPE (VEHICLES IN PARALLEL LANES),1,782264,2,0,0,1,1,2,1,2,T intersection,3,40,Arterial Other,60-64,Other injury,Bicyclists
T20220016420,7/22/2022,15:00:00,1,Collision with vehicle,6,Friday,116,LEFT NEAR (INTERSECTIONS ONLY),1,719338,2,0,1,0,1,2,1,1,Cross intersection,2,40,Local Road,70+,Serious injury,Bicyclists
T20220016478,7/20/2022,17:30:00,1,Collision with vehicle,3,Wednesday,121,RIGHT THROUGH,3,763200,2,0,1,0,1,2,2,2,T intersection,2,999,Arterial Other,26-29,Serious injury,Bicyclists
T20220016533,7/7/2022,19:30:00,1,Collision with vehicle,4,Thursday,163,VEHICLE STRIKES DOOR OF PARKED/STATIONARY VEHICLE,2,676975,2,0,0,1,1,2,2,5,Not at intersection,3,40,Arterial Other,50-59,Other injury,Bicyclists
T20220016574,7/24/2022,15:05:00,1,Collision with vehicle,0,Sunday,121,RIGHT THROUGH,1,47097,2,0,0,1,1,2,1,2,T intersection,3,40,Local Road,22-25,Other injury,Bicyclists
T20220016575,7/24/2022,12:35:00,4,Collision with a fixed object,1,Sunday,173,RIGHT OFF CARRIAGEWAY INTO OBJECT/PARKED VEHICLE,1,754318,2,0,1,0,1,2,1,5,Not at intersection,2,60,Arterial Other,70+,Serious injury,Bicyclists
T20220016660,7/23/2022,16:20:00,1,Collision with vehicle,7,Saturday,116,LEFT NEAR (INTERSECTIONS ONLY),1,41625,2,0,0,1,1,2,2,1,Cross intersection,3,50,Uknown,22-25,Other injury,Bicyclists
T20220016744,7/22/2022,16:10:00,1,Collision with vehicle,5,Friday,130,REAR END(VEHICLES IN SAME LANE),1,779125,3,0,0,2,1,3,1,1,Cross intersection,3,40,Local Road,50-59,Other injury,Drivers
T20220016781,7/15/2022,6:45:00,1,Collision with vehicle,5,Friday,130,REAR END(VEHICLES IN SAME LANE),9,724845,2,0,0,1,1,2,2,5,Not at intersection,3,40,Arterial Other,50-59,Other injury,Bicyclists
T20220016829,7/27/2022,18:04:00,1,Collision with vehicle,3,Wednesday,114,TWO RIGHT TURNING (INTERSECTIONS ONLY),3,43371,2,0,0,1,1,2,1,2,T intersection,3,60,Arterial Other,40-49,Other injury,Bicyclists
T20220016855,7/22/2022,18:00:00,1,Collision with vehicle,5,Friday,102,FAR SIDE. PED HIT BY VEHICLE FROM THE LEFT,3,287073,2,0,0,1,1,2,1,1,Cross intersection,3,60,Arterial Other,18-21,Other injury,Bicyclists
T20220016869,7/24/2022,18:20:00,1,Collision with vehicle,0,Sunday,163,VEHICLE STRIKES DOOR OF PARKED/STATIONARY VEHICLE,6,785028,2,0,0,1,1,2,2,5,Not at intersection,3,999,Arterial Other,26-29,Other injury,Bicyclists
T20220016870,7/24/2022,16:30:00,1,Collision with vehicle,1,Sunday,163,VEHICLE STRIKES DOOR OF PARKED/STATIONARY VEHICLE,1,720251,2,0,1,0,1,2,2,5,Not at intersection,2,40,Local Road,40-49,Serious injury,Bicyclists
T20220016875,7/24/2022,8:20:00,1,Collision with vehicle,1,Sunday,116,LEFT NEAR (INTERSECTIONS ONLY),1,15266,2,0,0,1,1,2,2,2,T intersection,3,60,Uknown,50-59,Other injury,Bicyclists
T20220016898,7/9/2022,9:00:00,1,Collision with vehicle,6,Saturday,110,CROSS TRAFFIC(INTERSECTIONS ONLY),9,41106,2,0,0,1,1,2,2,1,Cross intersection,3,60,Arterial Other,50-59,Other injury,Bicyclists
T20220016964,6/30/2021,17:45:00,1,Collision with vehicle,3,Wednesday,147,VEHICLE STRIKES ANOTHER VEH WHILE EMERGING FROM DRIVEWAY,3,781265,2,0,0,1,1,2,2,5,Not at intersection,3,60,Arterial Other,50-59,Other injury,Bicyclists
T20220016985,7/29/2022,17:05:00,1,Collision with vehicle,6,Friday,137,LEFT TURN SIDESWIPE,1,37229,2,0,0,1,1,2,1,2,T intersection,3,40,Arterial Other,40-49,Other injury,Bicyclists
T20220016995,7/29/2022,18:59:00,1,Collision with vehicle,6,Friday,147,VEHICLE STRIKES ANOTHER VEH WHILE EMERGING FROM DRIVEWAY,6,725006,2,0,0,1,1,2,1,5,Not at intersection,3,999,Arterial Highway,65-69,Other injury,Bicyclists
T20220017026,7/30/2022,12:30:00,1,Collision with vehicle,6,Saturday,163,VEHICLE STRIKES DOOR OF PARKED/STATIONARY VEHICLE,1,793139,2,0,0,1,1,2,1,5,Not at intersection,3,60,Arterial Other,18-21,Other injury,Bicyclists
T20220017096,7/31/2022,13:15:00,1,Collision with vehicle,0,Sunday,110,CROSS TRAFFIC(INTERSECTIONS ONLY),1,57052,2,0,0,1,3,4,1,1,Cross intersection,3,50,Local Road,60-64,Not injured,Bicyclists
T20220017117,7/31/2022,21:30:00,1,Collision with vehicle,1,Sunday,147,VEHICLE STRIKES ANOTHER VEH WHILE EMERGING FROM DRIVEWAY,3,720081,2,0,1,0,1,2,1,5,Not at intersection,2,60,Arterial Other,22-25,Serious injury,Bicyclists
T20220017135,8/1/2022,8:00:00,1,Collision with vehicle,1,Monday,116,LEFT NEAR (INTERSECTIONS ONLY),1,37556,2,0,1,0,1,2,1,1,Cross intersection,2,40,Local Road,26-29,Serious injury,Bicyclists
T20220017150,8/1/2022,8:40:00,1,Collision with vehicle,2,Monday,130,REAR END(VEHICLES IN SAME LANE),1,720934,2,0,0,1,1,2,2,5,Not at intersection,3,999,Local Road,40-49,Other injury,Bicyclists
T20220017207,8/1/2022,18:55:00,1,Collision with vehicle,1,Monday,121,RIGHT THROUGH,3,780211,2,0,0,1,1,2,1,2,T intersection,3,999,Local Road,22-25,Other injury,Bicyclists
T20220017276,8/2/2022,17:20:00,1,Collision with vehicle,3,Tuesday,121,RIGHT THROUGH,3,733802,2,0,0,2,2,4,1,5,Not at intersection,3,60,Arterial Other,22-25,Other injury,Bicyclists
T20220017366,8/3/2022,13:36:00,1,Collision with vehicle,3,Wednesday,147,VEHICLE STRIKES ANOTHER VEH WHILE EMERGING FROM DRIVEWAY,1,782465,2,0,0,1,1,2,1,5,Not at intersection,3,70,Arterial Other,60-64,Other injury,Bicyclists
T20220017431,7/27/2022,12:30:00,1,Collision with vehicle,4,Wednesday,199,UNKNOWN-NO DETAILS ON MANOEUVRES OF ROAD-USERS IN ACCIDENT,9,721283,2,0,0,1,1,2,2,2,T intersection,3,999,Local Road,40-49,Other injury,Bicyclists
T20220017437,8/4/2022,18:38:00,1,Collision with vehicle,4,Thursday,110,CROSS TRAFFIC(INTERSECTIONS ONLY),3,29396,2,0,0,1,1,2,1,1,Cross intersection,3,40,Local Road,26-29,Other injury,Bicyclists
T20220017444,8/4/2022,16:50:00,1,Collision with vehicle,4,Thursday,135,LANE CHANGE LEFT (NOT OVERTAKING),1,37126,2,0,0,1,2,3,1,1,Cross intersection,3,40,Local Road,30-39,Other injury,Bicyclists
T20220017469,8/5/2022,6:00:00,1,Collision with vehicle,6,Friday,121,RIGHT THROUGH,3,43829,2,0,1,0,1,2,1,2,T intersection,2,60,Local Road,50-59,Serious injury,Bicyclists
T20220017483,8/3/2022,7:50:00,1,Collision with vehicle,4,Wednesday,110,CROSS TRAFFIC(INTERSECTIONS ONLY),1,43481,2,0,1,0,1,2,2,1,Cross intersection,2,40,Local Road,50-59,Serious injury,Bicyclists
T20220017487,8/2/2022,6:30:00,1,Collision with vehicle,2,Tuesday,113,RIGHT NEAR (INTERSECTIONS ONLY),2,784057,2,0,0,1,1,2,2,2,T intersection,3,40,Arterial Other,60-64,Other injury,Bicyclists