ACCIDENT_NO,ACCIDENT_DATE,ACCIDENT_TIME,ACCIDENT_TYPE,ACCIDENT_TYPE_DESC,DAY_OF_WEEK,DAY_WEEK_DESC,DCA_CODE,DCA_DESC,LIGHT_CONDITION,NODE_ID,NO_OF_VEHICLES,NO_PERSONS_KILLED,NO_PERSONS_INJ_2,NO_PERSONS_INJ_3,NO_PERSONS_NOT_INJ,NO_PERSONS,POLICE_ATTEND,ROAD_GEOMETRY,ROAD_GEOMETRY_DESC,SEVERITY,SPEED_ZONE,RMA,AGE_GROUP,INJ_LEVEL,ROAD_USER_TYPE_DESC
T20220017518,8/5/2022,16:02:00,1,Collision with vehicle,6,Friday,148,VEHICLE OFF FOOTPATH STRIKES VEH ON CARRIAGEWAY,1,38779,2,0,1,0,1,2,1,2,T intersection,2,60,Arterial Highway,30-39,Serious injury,Bicyclists
T20220017536,8/5/2022,17:40:00,1,Collision with vehicle,6,Friday,121,RIGHT THROUGH,3,41755,2,0,0,1,1,2,1,1,Cross intersection,3,60,Arterial Other,50-59,Other injury,Bicyclists
T20220017581,8/6/2022,13:00:00,1,Collision with vehicle,7,Saturday,199,UNKNOWN-NO DETAILS ON MANOEUVRES OF ROAD-USERS IN ACCIDENT,1,773907,2,0,0,1,1,2,1,5,Not at intersection,3,50,Uknown,22-25,Other injury,Bicyclists
T20220017586,7/31/2022,10:30:00,1,Collision with vehicle,1,Sunday,137,LEFT TURN SIDESWIPE,1,40302,2,0,0,1,1,2,2,2,T intersection,3,40,Arterial Other,30-39,Other injury,Bicyclists
T20220017606,8/6/2022,17:50:00,1,Collision with vehicle,7,Saturday,150,HEAD ON(OVERTAKING),3,723320,2,0,1,0,1,2,1,5,Not at intersection,2,80,Arterial Other,65-69,Serious injury,Bicyclists
T20220017669,8/7/2022,15:20:00,1,Collision with vehicle,0,Sunday,160,VEHICLE COLLIDES WITH VEHICLE PARKED ON LEFT OF ROAD,1,720853,2,0,1,0,1,2,1,5,Not at intersection,2,50,Local Road,16-17,Serious injury,Bicyclists
T20220017702,8/8/2022,7:55:00,1,Collision with vehicle,1,Monday,147,VEHICLE STRIKES ANOTHER VEH WHILE EMERGING FROM DRIVEWAY,1,281239,2,0,0,1,1,2,1,5,Not at intersection,3,60,Uknown,50-59,Other injury,Bicyclists
T20220017728,8/8/2022,5:58:00,1,Collision with vehicle,2,Monday,113,RIGHT NEAR (INTERSECTIONS ONLY),6,70904,2,0,0,1,2,3,2,2,T intersection,3,999,Local Road,40-49,Other injury,Bicyclists
T20220017733,8/8/2022,8:38:00,1,Collision with vehicle,1,Monday,130,REAR END(VEHICLES IN SAME LANE),1,781816,2,0,0,1,1,2,1,2,T intersection,3,777,Local Road,13-15,Other injury,Bicyclists
T20220017747,8/8/2022,15:40:00,1,Collision with vehicle,1,Monday,150,HEAD ON(OVERTAKING),1,64197,2,0,0,1,1,2,1,2,T intersection,3,60,Arterial Other,50-59,Other injury,Bicyclists
T20220017773,8/9/2022,7:40:00,1,Collision with vehicle,2,Tuesday,116,LEFT NEAR (INTERSECTIONS ONLY),1,720994,2,0,1,0,1,2,1,2,T intersection,2,50,Local Road,30-39,Serious injury,Bicyclists
T20220017811,8/9/2022,14:50:00,1,Collision with vehicle,2,Tuesday,148,VEHICLE OFF FOOTPATH STRIKES VEH ON CARRIAGEWAY,1,727005,2,0,1,0,1,2,1,5,Not at intersection,2,60,Arterial Other,40-49,Serious injury,Bicyclists
T20220017816,8/9/2022,14:49:00,1,Collision with vehicle,2,Tuesday,147,VEHICLE STRIKES ANOTHER VEH WHILE EMERGING FROM DRIVEWAY,1,782641,2,0,0,1,0,1,1,5,Not at intersection,3,70,Arterial Highway,30-39,Other injury,Bicyclists
T20220017824,8/9/2022,8:45:00,1,Collision with vehicle,2,Tuesday,149,OTHER MANOEUVRING NOT INCLUDED IN DCAs 140-148,1,29397,2,0,0,1,1,2,2,1,Cross intersection,3,40,Arterial Other,Unknown,Not injured,Drivers
T20220017826,8/9/2022,17:42:00,1,Collision with vehicle,2,Tuesday,121,RIGHT THROUGH,2,36654,2,0,1,0,1,2,1,1,Cross intersection,2,50,Local Road,30-39,Serious injury,Bicyclists
T20220017870,7/26/2022,8:42:00,1,Collision with vehicle,3,Tuesday,116,LEFT NEAR (INTERSECTIONS ONLY),2,64845,2,0,0,1,1,2,2,2,T intersection,3,40,Local Road,40-49,Other injury,Bicyclists
T20220017891,7/27/2022,9:00:00,1,Collision with vehicle,3,Wednesday,121,RIGHT THROUGH,1,65003,2,0,0,1,1,2,2,1,Cross intersection,3,60,Arterial Highway,30-39,Other injury,Bicyclists
T20220017956,7/31/2022,11:45:00,1,Collision with vehicle,0,Sunday,143,ENTERING PARKING,1,726403,2,0,0,1,1,2,2,5,Not at intersection,3,999,Local Road,22-25,Other injury,Bicyclists
T20220018033,6/24/2022,18:30:00,1,Collision with vehicle,5,Friday,110,CROSS TRAFFIC(INTERSECTIONS ONLY),3,59862,2,0,0,1,1,2,2,1,Cross intersection,3,60,Local Road,18-21,Other injury,Bicyclists
T20220018040,8/8/2022,9:20:00,1,Collision with vehicle,1,Monday,163,VEHICLE STRIKES DOOR OF PARKED/STATIONARY VEHICLE,1,779729,2,0,0,1,1,2,2,5,Not at intersection,3,40,Arterial Other,30-39,Other injury,Bicyclists
T20220018069,7/25/2022,20:00:00,1,Collision with vehicle,2,Monday,130,REAR END(VEHICLES IN SAME LANE),5,721582,2,0,1,0,1,2,2,5,Not at intersection,2,80,Local Road,30-39,Serious injury,Bicyclists
T20220018075,8/12/2022,15:45:00,1,Collision with vehicle,5,Friday,148,VEHICLE OFF FOOTPATH STRIKES VEH ON CARRIAGEWAY,1,61818,2,0,1,0,1,2,1,1,Cross intersection,2,60,Freeway,16-17,Serious injury,Bicyclists
T20220018112,8/12/2022,20:55:00,8,No collision and no object struck,5,Friday,174,OUT OF CONTROL ON CARRIAGEWAY (ON STRAIGHT),3,782789,1,0,0,1,0,1,1,5,Not at intersection,3,40,Arterial Other,26-29,Other injury,Bicyclists
T20220018179,8/13/2022,17:50:00,1,Collision with vehicle,6,Saturday,163,VEHICLE STRIKES DOOR OF PARKED/STATIONARY VEHICLE,2,726504,2,0,0,1,2,3,1,1,Cross intersection,3,60,Local Road,50-59,Other injury,Bicyclists
T20220018205,8/9/2022,15:30:00,1,Collision with vehicle,2,Tuesday,140,U TURN,9,725059,2,0,1,0,1,2,2,5,Not at intersection,2,60,Local Road,40-49,Serious injury,Bicyclists
T20220018274,8/13/2022,20:30:00,1,Collision with vehicle,6,Saturday,148,VEHICLE OFF FOOTPATH STRIKES VEH ON CARRIAGEWAY,3,782521,2,0,0,1,1,2,2,5,Not at intersection,3,50,Arterial Other,18-21,Other injury,Bicyclists
T20220018292,8/15/2022,11:05:00,1,Collision with vehicle,1,Monday,110,CROSS TRAFFIC(INTERSECTIONS ONLY),1,73145,2,0,0,1,1,2,2,1,Cross intersection,3,50,Local Road,22-25,Other injury,Bicyclists
T20220018337,8/15/2022,18:40:00,1,Collision with vehicle,1,Monday,133,LANE SIDE SWIPE (VEHICLES IN PARALLEL LANES),3,722531,2,0,0,1,1,2,1,5,Not at intersection,3,40,Arterial Highway,30-39,Other injury,Bicyclists
T20220018399,8/16/2022,17:55:00,1,Collision with vehicle,3,Tuesday,148,VEHICLE OFF FOOTPATH STRIKES VEH ON CARRIAGEWAY,2,785849,2,0,1,0,1,2,1,5,Not at intersection,2,999,Local Road,40-49,Serious injury,Bicyclists
T20220018456,8/17/2022,14:01:00,1,Collision with vehicle,4,Wednesday,110,CROSS TRAFFIC(INTERSECTIONS ONLY),1,41776,2,0,1,0,1,2,1,1,Cross intersection,2,60,Arterial Other,30-39,Serious injury,Bicyclists
T20220018479,8/17/2022,17:47:00,1,Collision with vehicle,3,Wednesday,111,RIGHT FAR (INTERSECTIONS ONLY),3,50015,2,0,1,0,1,2,1,1,Cross intersection,2,60,Arterial Highway,30-39,Serious injury,Bicyclists
T20220018492,8/17/2022,20:36:00,1,Collision with vehicle,4,Wednesday,110,CROSS TRAFFIC(INTERSECTIONS ONLY),5,721812,2,0,0,1,1,2,1,1,Cross intersection,3,50,Local Road,40-49,Other injury,Bicyclists
T20220018506,8/18/2022,6:40:00,1,Collision with vehicle,4,Thursday,148,VEHICLE OFF FOOTPATH STRIKES VEH ON CARRIAGEWAY,2,721897,2,0,1,0,1,2,1,5,Not at intersection,2,70,Arterial Highway,30-39,Serious injury,Bicyclists
T20220018541,8/18/2022,8:32:00,1,Collision with vehicle,4,Thursday,121,RIGHT THROUGH,1,780260,2,0,0,1,1,2,1,5,Not at intersection,3,40,Local Road,22-25,Other injury,Bicyclists
T20220018571,8/18/2022,15:35:00,1,Collision with vehicle,4,Thursday,110,CROSS TRAFFIC(INTERSECTIONS ONLY),1,782771,2,0,0,2,0,2,1,1,Cross intersection,3,50,Local Road,13-15,Other injury,Bicyclists
T20220018592,8/5/2022,15:37:00,1,Collision with vehicle,5,Friday,113,RIGHT NEAR (INTERSECTIONS ONLY),1,722028,2,0,0,1,1,2,1,2,T intersection,3,50,Local Road,65-69,Other injury,Bicyclists
T20220018602,8/19/2022,6:00:00,1,Collision with vehicle,5,Friday,121,RIGHT THROUGH,2,36500,2,0,1,0,1,2,2,1,Cross intersection,2,40,Arterial Other,18-21,Serious injury,Bicyclists
T20220018620,8/19/2022,11:17:00,1,Collision with vehicle,5,Friday,143,ENTERING PARKING,1,722219,2,0,1,0,1,2,1,5,Not at intersection,2,40,Local Road,50-59,Serious injury,Bicyclists
T20220018622,8/18/2022,18:30:00,1,Collision with vehicle,5,Thursday,130,REAR END(VEHICLES IN SAME LANE),9,70479,2,0,0,1,1,2,2,1,Cross intersection,3,999,Uknown,22-25,Other injury,Bicyclists
T20220018660,8/19/2022,13:00:00,1,Collision with vehicle,6,Friday,147,VEHICLE STRIKES ANOTHER VEH WHILE EMERGING FROM DRIVEWAY,1,122147,2,0,0,1,1,2,2,5,Not at intersection,3,40,Arterial Other,30-39,Other injury,Bicyclists
T20220018680,8/19/2022,19:00:00,1,Collision with vehicle,6,Friday,148,VEHICLE OFF FOOTPATH STRIKES VEH ON CARRIAGEWAY,5,724660,2,0,1,0,2,3,1,5,Not at intersection,2,60,Local Road,45424,Serious injury,Bicyclists
T20220018720,8/14/2022,14:30:00,1,Collision with vehicle,0,Sunday,163,VEHICLE STRIKES DOOR OF PARKED/STATIONARY VEHICLE,1,724567,2,0,0,1,1,2,2,1,Cross intersection,3,40,Arterial Other,30-39,Other injury,Bicyclists
T20220018748,8/20/2022,18:45:00,1,Collision with vehicle,6,Saturday,121,RIGHT THROUGH,3,36685,2,0,0,1,1,2,1,1,Cross intersection,3,70,Arterial Highway,22-25,Not injured,Bicyclists
T20220018753,8/18/2022,20:30:00,1,Collision with vehicle,4,Thursday,121,RIGHT THROUGH,6,47981,2,0,1,0,1,2,2,2,T intersection,2,50,Local Road,18-21,Serious injury,Bicyclists
T20220018787,8/18/2022,12:40:00,1,Collision with vehicle,5,Thursday,121,RIGHT THROUGH,9,722226,2,0,1,0,1,2,2,2,T intersection,2,999,Uknown,60-64,Serious injury,Bicyclists
T20220018805,8/21/2022,15:00:00,1,Collision with vehicle,0,Sunday,160,VEHICLE COLLIDES WITH VEHICLE PARKED ON LEFT OF ROAD,1,722275,2,0,1,0,0,1,1,5,Not at intersection,2,40,Local Road,60-64,Serious injury,Bicyclists
T20220018850,8/18/2022,8:45:00,1,Collision with vehicle,4,Thursday,137,LEFT TURN SIDESWIPE,1,785881,2,0,1,0,1,2,2,5,Not at intersection,2,60,Arterial Other,60-64,Serious injury,Bicyclists
T20220018863,8/22/2022,6:59:00,1,Collision with vehicle,1,Monday,148,VEHICLE OFF FOOTPATH STRIKES VEH ON CARRIAGEWAY,1,774873,2,0,0,1,1,2,1,5,Not at intersection,3,80,Uknown,40-49,Other injury,Bicyclists
T20220018869,8/22/2022,10:59:00,1,Collision with vehicle,2,Monday,137,LEFT TURN SIDESWIPE,1,35778,6,0,4,0,2,6,1,1,Cross intersection,2,70,Arterial Highway,60-64,Serious injury,Bicyclists
T20220018894,8/22/2022,18:00:00,1,Collision with vehicle,1,Monday,113,RIGHT NEAR (INTERSECTIONS ONLY),3,40028,2,0,0,2,0,2,1,2,T intersection,3,60,Local Road,30-39,Other injury,Bicyclists
T20220018910,8/22/2022,17:23:00,6,Vehicle overturned (no collision),1,Monday,184,OUT OF CONTROL ON CARRIAGEWAY (ON BEND),3,782894,1,0,0,1,0,1,1,5,Not at intersection,3,50,Local Road,40-49,Other injury,Bicyclists
T20220018987,8/1/2022,16:00:00,1,Collision with vehicle,1,Monday,122,LEFT THROUGH,1,357259,2,0,0,1,1,2,2,1,Cross intersection,3,60,Arterial Highway,18-21,Other injury,Bicyclists
T20220018994,8/24/2022,6:25:00,1,Collision with vehicle,3,Wednesday,142,LEAVING PARKING,2,722657,2,0,1,0,1,2,1,5,Not at intersection,2,60,Arterial Other,22-25,Serious injury,Bicyclists
T20220019016,8/24/2022,10:37:00,1,Collision with vehicle,4,Wednesday,110,CROSS TRAFFIC(INTERSECTIONS ONLY),1,41671,2,0,1,0,1,2,1,1,Cross intersection,2,60,Arterial Highway,26-29,Serious injury,Bicyclists
T20220019019,8/24/2022,8:40:00,1,Collision with vehicle,3,Wednesday,134,LANE CHANGE RIGHT (NOT OVERTAKING),1,785544,3,0,1,0,2,3,1,5,Not at intersection,2,40,Arterial Other,22-25,Serious injury,Bicyclists
T20220019020,8/24/2022,9:20:00,1,Collision with vehicle,3,Wednesday,121,RIGHT THROUGH,1,40123,2,0,1,0,1,2,1,1,Cross intersection,2,60,Arterial Highway,22-25,Serious injury,Bicyclists
T20220019029,8/19/2022,18:46:00,1,Collision with vehicle,6,Friday,121,RIGHT THROUGH,2,35299,2,0,0,1,1,2,1,1,Cross intersection,3,60,Arterial Other,26-29,Other injury,Bicyclists
T20220019137,8/25/2022,16:16:00,1,Collision with vehicle,4,Thursday,163,VEHICLE STRIKES DOOR OF PARKED/STATIONARY VEHICLE,1,774013,2,0,0,1,1,2,1,5,Not at intersection,3,40,Local Road,65-69,Other injury,Bicyclists
T20220019169,8/25/2022,16:10:00,1,Collision with vehicle,4,Thursday,130,REAR END(VEHICLES IN SAME LANE),1,731599,2,0,1,0,2,3,1,5,Not at intersection,2,50,Uknown,13-15,Serious injury,Bicyclists
T20220019216,7/3/2022,9:45:00,1,Collision with vehicle,0,Sunday,142,LEAVING PARKING,9,722977,2,0,0,1,2,3,2,5,Not at intersection,3,999,Uknown,40-49,Other injury,Bicyclists
T20220019242,8/26/2022,15:32:00,1,Collision with vehicle,5,Friday,135,LANE CHANGE LEFT (NOT OVERTAKING),1,724336,2,0,0,1,1,2,1,5,Not at intersection,3,40,Arterial Other,40-49,Other injury,Bicyclists
T20220019288,8/25/2022,8:25:00,1,Collision with vehicle,4,Thursday,113,RIGHT NEAR (INTERSECTIONS ONLY),1,39122,2,0,0,1,1,2,2,1,Cross intersection,3,40,Local Road,16-17,Other injury,Bicyclists
T20220019297,8/23/2022,15:50:00,6,Vehicle overturned (no collision),2,Tuesday,174,OUT OF CONTROL ON CARRIAGEWAY (ON STRAIGHT),1,723493,2,0,0,1,1,2,2,5,Not at intersection,3,60,Arterial Highway,30-39,Other injury,Bicyclists
T20220019299,8/27/2022,11:00:00,1,Collision with vehicle,6,Saturday,110,CROSS TRAFFIC(INTERSECTIONS ONLY),1,41152,2,0,1,0,1,2,1,1,Cross intersection,2,60,Local Road,60-64,Serious injury,Bicyclists
T20220019365,8/27/2022,17:48:00,1,Collision with vehicle,6,Saturday,147,VEHICLE STRIKES ANOTHER VEH WHILE EMERGING FROM DRIVEWAY,2,782451,2,0,0,1,1,2,2,5,Not at intersection,3,50,Arterial Other,22-25,Other injury,Bicyclists
T20220019378,8/28/2022,13:01:00,1,Collision with vehicle,0,Sunday,131,LEFT REAR,1,779263,2,0,0,1,2,3,1,2,T intersection,3,60,Local Road,26-29,Other injury,Bicyclists
T20220019382,8/28/2022,13:05:00,1,Collision with vehicle,0,Sunday,137,LEFT TURN SIDESWIPE,1,782487,2,0,0,1,2,3,1,5,Not at intersection,3,60,Arterial Other,70+,Other injury,Bicyclists
T20220019401,8/28/2022,15:04:00,1,Collision with vehicle,0,Sunday,110,CROSS TRAFFIC(INTERSECTIONS ONLY),1,66776,2,0,0,1,1,2,1,1,Cross intersection,3,50,Local Road,50-59,Other injury,Bicyclists
T20220019462,11/1/2021,18:08:00,1,Collision with vehicle,2,Monday,116,LEFT NEAR (INTERSECTIONS ONLY),1,723090,2,0,0,1,1,2,2,1,Cross intersection,3,50,Local Road,65-69,Other injury,Bicyclists
T20220019495,8/29/2022,16:19:00,6,Vehicle overturned (no collision),1,Monday,174,OUT OF CONTROL ON CARRIAGEWAY (ON STRAIGHT),1,783931,2,0,0,1,3,4,2,1,Cross intersection,3,40,Local Road,65-69,Other injury,Bicyclists
T20220019497,8/29/2022,16:48:00,1,Collision with vehicle,1,Monday,137,LEFT TURN SIDESWIPE,2,1015,2,0,1,0,1,2,1,1,Cross intersection,2,40,Arterial Other,30-39,Not injured,Drivers
T20220019514,8/29/2022,14:40:00,1,Collision with vehicle,1,Monday,116,LEFT NEAR (INTERSECTIONS ONLY),1,703581,2,0,0,1,1,2,1,2,T intersection,3,80,Arterial Other,60-64,Other injury,Bicyclists
T20220019560,8/30/2022,8:30:00,1,Collision with vehicle,2,Tuesday,121,RIGHT THROUGH,1,243891,2,0,0,1,1,2,2,5,Not at intersection,3,40,Local Road,30-39,Other injury,Bicyclists
T20220019584,8/23/2022,18:15:00,1,Collision with vehicle,3,Tuesday,121,RIGHT THROUGH,9,35298,2,0,0,1,1,2,2,1,Cross intersection,3,999,Arterial Other,30-39,Other injury,Bicyclists
T20220019589,8/29/2022,8:15:00,1,Collision with vehicle,1,Monday,163,VEHICLE STRIKES DOOR OF PARKED/STATIONARY VEHICLE,1,724367,2,0,0,1,2,3,2,5,Not at intersection,3,40,Local Road,50-59,Other injury,Bicyclists
T20220019592,8/30/2022,7:15:00,1,Collision with vehicle,2,Tuesday,113,RIGHT NEAR (INTERSECTIONS ONLY),1,785883,2,0,0,1,1,2,2,2,T intersection,3,50,Uknown,30-39,Other injury,Bicyclists
T20220019616,8/31/2022,7:15:00,1,Collision with vehicle,3,Wednesday,113,RIGHT NEAR (INTERSECTIONS ONLY),1,57599,2,0,0,1,1,2,1,4,Multiple intersection,3,60,Arterial Other,30-39,Other injury,Bicyclists
T20220019617,8/31/2022,6:28:00,1,Collision with vehicle,4,Wednesday,121,RIGHT THROUGH,1,37626,2,0,1,0,1,2,1,2,T intersection,2,60,Arterial Highway,30-39,Serious injury,Bicyclists
T20220019635,8/31/2022,10:35:00,1,Collision with vehicle,3,Wednesday,110,CROSS TRAFFIC(INTERSECTIONS ONLY),1,41066,2,0,0,1,1,2,1,1,Cross intersection,3,60,Arterial Other,50-59,Other injury,Bicyclists
T20220019636,8/31/2022,7:50:00,1,Collision with vehicle,3,Wednesday,119,OTHER ADJACENT (INTERSECTIONS ONLY),1,59856,2,0,0,1,1,2,1,1,Cross intersection,3,60,Arterial Highway,30-39,Other injury,Bicyclists
T20220019662,8/31/2022,8:00:00,1,Collision with vehicle,3,Wednesday,132,RIGHT REAR.,9,236625,2,0,0,1,1,2,2,1,Cross intersection,3,50,Local Road,13-15,Other injury,Bicyclists
T20220019692,8/31/2022,15:30:00,1,Collision with vehicle,4,Wednesday,130,REAR END(VEHICLES IN SAME LANE),1,736655,2,0,1,0,1,2,1,5,Not at intersection,2,60,Arterial Other,Unknown,Not injured,Not Known
T20220019722,8/31/2022,7:47:00,1,Collision with vehicle,4,Wednesday,121,RIGHT THROUGH,1,36481,2,0,1,0,1,2,1,1,Cross intersection,2,60,Arterial Other,30-39,Serious injury,Bicyclists
T20220019799,9/2/2022,6:08:00,1,Collision with vehicle,5,Friday,163,VEHICLE STRIKES DOOR OF PARKED/STATIONARY VEHICLE,2,786076,2,0,1,0,1,2,1,5,Not at intersection,2,40,Arterial Other,30-39,Serious injury,Bicyclists
T20220019816,8/21/2022,18:30:00,1,Collision with vehicle,0,Sunday,148,VEHICLE OFF FOOTPATH STRIKES VEH ON CARRIAGEWAY,2,723636,2,0,0,1,1,2,2,5,Not at intersection,3,40,Uknown,45424,Other injury,Bicyclists
T20220019826,9/2/2022,10:30:00,1,Collision with vehicle,5,Friday,148,VEHICLE OFF FOOTPATH STRIKES VEH ON CARRIAGEWAY,1,289523,2,0,1,0,1,2,1,5,Not at intersection,2,50,Local Road,40-49,Serious injury,Bicyclists
T20220019837,9/2/2022,6:30:00,1,Collision with vehicle,5,Friday,133,LANE SIDE SWIPE (VEHICLES IN PARALLEL LANES),2,782604,2,0,0,1,1,2,2,5,Not at intersection,3,60,Uknown,50-59,Other injury,Bicyclists
T20220019879,8/31/2022,16:45:00,1,Collision with vehicle,3,Wednesday,148,VEHICLE OFF FOOTPATH STRIKES VEH ON CARRIAGEWAY,1,724360,2,0,0,1,1,2,1,5,Not at intersection,3,888,Local Road,50-59,Other injury,Bicyclists
T20220019884,9/3/2022,2:21:00,1,Collision with vehicle,6,Saturday,111,RIGHT FAR (INTERSECTIONS ONLY),3,725186,2,0,0,1,1,2,1,2,T intersection,3,50,Arterial Other,40-49,Other injury,Bicyclists
T20220019895,8/9/2022,8:45:00,1,Collision with vehicle,3,Tuesday,147,VEHICLE STRIKES ANOTHER VEH WHILE EMERGING FROM DRIVEWAY,1,782659,2,0,0,1,1,2,2,5,Not at intersection,3,50,Local Road,45424,Other injury,Bicyclists
T20220019899,9/2/2022,15:50:00,1,Collision with vehicle,5,Friday,147,VEHICLE STRIKES ANOTHER VEH WHILE EMERGING FROM DRIVEWAY,1,782583,2,0,0,1,1,2,2,5,Not at intersection,3,999,Arterial Other,30-39,Other injury,Bicyclists
T20220019906,9/3/2022,9:56:00,1,Collision with vehicle,6,Saturday,140,U TURN,1,723854,2,0,0,1,1,2,1,5,Not at intersection,3,60,Local Road,30-39,Other injury,Bicyclists
T20220019910,9/3/2022,12:00:00,1,Collision with vehicle,7,Saturday,137,LEFT TURN SIDESWIPE,1,727448,2,0,1,0,1,2,1,2,T intersection,2,60,Arterial Other,30-39,Serious injury,Bicyclists
T20220019912,9/2/2022,17:53:00,1,Collision with vehicle,6,Friday,148,VEHICLE OFF FOOTPATH STRIKES VEH ON CARRIAGEWAY,2,38778,2,0,1,0,1,2,1,1,Cross intersection,2,50,Local Road,45424,Serious injury,Bicyclists
T20220019972,9/4/2022,3:42:00,7,Fall from or in moving vehicle,0,Sunday,190,FELL IN/FROM VEHICLE,3,782645,1,0,0,2,0,2,1,5,Not at intersection,3,999,Local Road,40-49,Other injury,Bicyclists
T20220020034,6/23/2022,13:15:00,1,Collision with vehicle,4,Thursday,112,LEFT FAR (INTERSECTIONS ONLY),1,782249,2,0,0,1,3,4,1,2,T intersection,3,50,Local Road,30-39,Other injury,Bicyclists
T20220020037,8/30/2022,8:45:00,1,Collision with vehicle,3,Tuesday,160,VEHICLE COLLIDES WITH VEHICLE PARKED ON LEFT OF ROAD,1,754140,2,0,0,1,0,1,2,5,Not at intersection,3,50,Local Road,70+,Other injury,Bicyclists
T20220020055,9/5/2022,15:25:00,1,Collision with vehicle,1,Monday,119,OTHER ADJACENT (INTERSECTIONS ONLY),1,23933,2,0,0,1,1,2,1,1,Cross intersection,3,60,Local Road,45424,Other injury,Bicyclists
T20220020064,9/5/2022,17:20:00,1,Collision with vehicle,1,Monday,110,CROSS TRAFFIC(INTERSECTIONS ONLY),1,50612,2,0,1,0,1,2,1,1,Cross intersection,2,50,Local Road,40-49,Serious injury,Bicyclists
T20220020124,9/6/2022,17:06:00,1,Collision with vehicle,3,Tuesday,113,RIGHT NEAR (INTERSECTIONS ONLY),1,51920,2,0,1,0,1,2,1,2,T intersection,2,50,Local Road,30-39,Serious injury,Bicyclists
T20220020176,9/7/2022,12:50:00,1,Collision with vehicle,4,Wednesday,110,CROSS TRAFFIC(INTERSECTIONS ONLY),1,56387,2,0,0,1,1,2,1,1,Cross intersection,3,80,Uknown,70+,Other injury,Bicyclists
T20220020177,9/7/2022,6:30:00,1,Collision with vehicle,3,Wednesday,148,VEHICLE OFF FOOTPATH STRIKES VEH ON CARRIAGEWAY,2,724290,2,0,1,0,1,2,1,5,Not at intersection,2,50,Local Road,30-39,Serious injury,Bicyclists
T20220020215,9/6/2022,17:45:00,1,Collision with vehicle,3,Tuesday,163,VEHICLE STRIKES DOOR OF PARKED/STATIONARY VEHICLE,3,779728,2,0,0,1,1,2,2,5,Not at intersection,3,999,Arterial Other,Unknown,Other injury,Bicyclists
T20220020232,9/1/2022,22:00:00,1,Collision with vehicle,4,Thursday,129,OTHER OPPOSING MANOEUVRES NOT INCLUDED IN DCAs 120-125.,3,57552,2,0,0,1,1,2,2,1,Cross intersection,3,60,Arterial Highway,40-49,Other injury,Bicyclists
T20220020242,9/6/2022,15:40:00,1,Collision with vehicle,2,Tuesday,148,VEHICLE OFF FOOTPATH STRIKES VEH ON CARRIAGEWAY,1,59180,2,0,0,1,1,2,1,2,T intersection,3,40,Local Road,45424,Other injury,Bicyclists
T20220020245,8/29/2022,10:55:00,2,Struck Pedestrian,1,Monday,106,VEH STRIKES PED ON FOOTPATH/MEDIAN/TRAFFIC ISLAND.,1,782493,1,0,0,1,0,1,2,5,Not at intersection,3,30,Local Road,50-59,Other injury,Pedestrians
T20220020248,9/7/2022,19:30:00,1,Collision with vehicle,3,Wednesday,142,LEAVING PARKING,1,782547,2,0,0,1,2,3,2,5,Not at intersection,3,60,Arterial Other,40-49,Other injury,Bicyclists
T20220020279,9/3/2022,10:57:00,1,Collision with vehicle,6,Saturday,163,VEHICLE STRIKES DOOR OF PARKED/STATIONARY VEHICLE,9,781380,2,0,0,1,1,2,2,5,Not at intersection,3,999,Local Road,60-64,Other injury,Bicyclists
T20220020284,9/8/2022,11:32:00,1,Collision with vehicle,5,Thursday,134,LANE CHANGE RIGHT (NOT OVERTAKING),1,738364,2,0,1,0,1,2,1,5,Not at intersection,2,100,Freeway,60-64,Serious injury,Bicyclists
T20220020335,8/10/2022,13:30:00,1,Collision with vehicle,4,Wednesday,110,CROSS TRAFFIC(INTERSECTIONS ONLY),1,51301,2,0,0,1,1,2,2,1,Cross intersection,3,60,Local Road,22-25,Other injury,Bicyclists
T20220020338,8/28/2022,10:00:00,1,Collision with vehicle,0,Sunday,133,LANE SIDE SWIPE (VEHICLES IN PARALLEL LANES),1,43457,2,0,0,1,1,2,2,1,Cross intersection,3,60,Arterial Other,70+,Other injury,Bicyclists
T20220020346,9/9/2022,8:50:00,1,Collision with vehicle,6,Friday,116,LEFT NEAR (INTERSECTIONS ONLY),1,747907,2,0,1,0,1,2,1,2,T intersection,2,40,Local Road,70+,Serious injury,Bicyclists
T20220020372,9/7/2022,15:45:00,1,Collision with vehicle,3,Wednesday,121,RIGHT THROUGH,9,39202,2,0,0,1,1,2,2,2,T intersection,3,999,Arterial Other,65-69,Other injury,Bicyclists
T20220020402,8/31/2022,14:30:00,1,Collision with vehicle,3,Wednesday,130,REAR END(VEHICLES IN SAME LANE),1,121298,2,0,0,1,1,2,2,5,Not at intersection,3,60,Arterial Other,26-29,Other injury,Bicyclists
T20220020403,9/10/2022,10:37:00,2,Struck Pedestrian,6,Saturday,101,PED EMERGES FROM IN FRONT OF PARKED OR STATIONARY VEHICLE,1,724683,1,0,0,2,0,2,1,5,Not at intersection,3,40,Arterial Other,40-49,Other injury,Bicyclists
T20220020414,9/9/2022,20:00:00,1,Collision with vehicle,5,Friday,132,RIGHT REAR.,6,781813,2,0,0,1,1,2,2,1,Cross intersection,3,999,Arterial Other,26-29,Other injury,Bicyclists