ACCIDENT_NO,ACCIDENT_DATE,ACCIDENT_TIME,ACCIDENT_TYPE,ACCIDENT_TYPE_DESC,DAY_OF_WEEK,DAY_WEEK_DESC,DCA_CODE,DCA_DESC,LIGHT_CONDITION,NODE_ID,NO_OF_VEHICLES,NO_PERSONS_KILLED,NO_PERSONS_INJ_2,NO_PERSONS_INJ_3,NO_PERSONS_NOT_INJ,NO_PERSONS,POLICE_ATTEND,ROAD_GEOMETRY,ROAD_GEOMETRY_DESC,SEVERITY,SPEED_ZONE,RMA,AGE_GROUP,INJ_LEVEL,ROAD_USER_TYPE_DESC
T20220020491,8/25/2022,14:00:00,8,No collision and no object struck,4,Thursday,170,OFF CARRIAGEWAY TO LEFT,1,783049,1,0,0,1,0,1,2,5,Not at intersection,3,999,Uknown,50-59,Other injury,Bicyclists
T20220020521,5/25/2022,19:00:00,1,Collision with vehicle,4,Wednesday,148,VEHICLE OFF FOOTPATH STRIKES VEH ON CARRIAGEWAY,9,724795,2,0,0,1,1,2,2,5,Not at intersection,3,60,Local Road,22-25,Other injury,Bicyclists
T20220020523,9/11/2022,13:54:00,1,Collision with vehicle,0,Sunday,136,RIGHT TURN SIDESWIPE,1,774939,2,0,0,1,1,2,1,5,Not at intersection,3,50,Local Road,26-29,Other injury,Bicyclists
T20220020526,9/11/2022,11:45:00,1,Collision with vehicle,1,Sunday,135,LANE CHANGE LEFT (NOT OVERTAKING),1,726512,2,1,0,0,3,4,1,5,Not at intersection,1,80,Arterial Other,50-59,Fatality,Bicyclists
T20220020572,9/12/2022,10:16:00,1,Collision with vehicle,1,Monday,116,LEFT NEAR (INTERSECTIONS ONLY),1,787110,2,0,1,0,1,2,1,2,T intersection,2,60,Uknown,50-59,Serious injury,Bicyclists
T20220020607,8/22/2022,9:40:00,2,Struck Pedestrian,1,Monday,102,FAR SIDE. PED HIT BY VEHICLE FROM THE LEFT,1,782899,1,0,0,2,0,2,1,5,Not at intersection,3,60,Uknown,22-25,Other injury,Bicyclists
T20220020624,9/9/2022,21:30:00,1,Collision with vehicle,5,Friday,130,REAR END(VEHICLES IN SAME LANE),6,725318,2,0,0,1,1,2,2,5,Not at intersection,3,60,Arterial Highway,40-49,Other injury,Bicyclists
T20220020626,8/14/2022,12:00:00,8,No collision and no object struck,0,Sunday,174,OUT OF CONTROL ON CARRIAGEWAY (ON STRAIGHT),1,724799,2,0,0,1,1,2,2,5,Not at intersection,3,50,Local Road,18-21,Other injury,Bicyclists
T20220020651,9/12/2022,19:45:00,1,Collision with vehicle,2,Monday,121,RIGHT THROUGH,3,37356,2,0,0,1,1,2,1,2,T intersection,3,40,Arterial Other,26-29,Other injury,Bicyclists
T20220020702,9/9/2022,18:40:00,1,Collision with vehicle,5,Friday,148,VEHICLE OFF FOOTPATH STRIKES VEH ON CARRIAGEWAY,9,782658,2,0,0,1,1,2,1,2,T intersection,3,50,Local Road,45424,Other injury,Bicyclists
T20220020703,8/27/2022,14:00:00,1,Collision with vehicle,7,Saturday,163,VEHICLE STRIKES DOOR OF PARKED/STATIONARY VEHICLE,1,735072,2,0,1,0,1,2,2,5,Not at intersection,2,50,Arterial Other,70+,Serious injury,Bicyclists
T20220020709,9/13/2022,15:40:00,1,Collision with vehicle,3,Tuesday,148,VEHICLE OFF FOOTPATH STRIKES VEH ON CARRIAGEWAY,1,732634,2,0,1,0,1,2,1,5,Not at intersection,2,40,Local Road,45424,Serious injury,Bicyclists
T20220020722,9/13/2022,15:30:00,1,Collision with vehicle,2,Tuesday,116,LEFT NEAR (INTERSECTIONS ONLY),1,44924,2,0,0,1,2,3,1,1,Cross intersection,3,60,Local Road,18-21,Other injury,Bicyclists
T20220020735,9/13/2022,18:15:00,1,Collision with vehicle,2,Tuesday,148,VEHICLE OFF FOOTPATH STRIKES VEH ON CARRIAGEWAY,2,787103,2,0,0,1,4,5,1,5,Not at intersection,3,80,Uknown,Unknown,Other injury,Bicyclists
T20220020780,9/14/2022,14:26:00,1,Collision with vehicle,3,Wednesday,148,VEHICLE OFF FOOTPATH STRIKES VEH ON CARRIAGEWAY,1,782766,2,0,0,1,1,2,1,5,Not at intersection,3,80,Arterial Other,40-49,Not injured,Drivers
T20220020809,9/11/2022,16:15:00,1,Collision with vehicle,0,Sunday,163,VEHICLE STRIKES DOOR OF PARKED/STATIONARY VEHICLE,9,734663,2,0,0,1,1,2,2,5,Not at intersection,3,40,Local Road,50-59,Other injury,Bicyclists
T20220020838,7/29/2022,15:30:00,1,Collision with vehicle,5,Friday,130,REAR END(VEHICLES IN SAME LANE),1,725200,2,0,0,1,1,2,2,5,Not at intersection,3,60,Arterial Other,40-49,Other injury,Bicyclists
T20220020857,9/15/2022,12:10:00,4,Collision with a fixed object,4,Thursday,173,RIGHT OFF CARRIAGEWAY INTO OBJECT/PARKED VEHICLE,1,782679,1,0,0,1,0,1,1,5,Not at intersection,3,50,Uknown,70+,Other injury,Bicyclists
T20220020881,9/15/2022,16:00:00,1,Collision with vehicle,4,Thursday,147,VEHICLE STRIKES ANOTHER VEH WHILE EMERGING FROM DRIVEWAY,1,782724,2,0,0,1,1,2,1,5,Not at intersection,3,50,Local Road,45424,Other injury,Bicyclists
T20220020920,9/15/2022,8:35:00,1,Collision with vehicle,4,Thursday,121,RIGHT THROUGH,1,37208,2,0,1,0,1,2,1,2,T intersection,2,40,Arterial Other,30-39,Serious injury,Bicyclists
T20220020936,9/16/2022,9:18:00,1,Collision with vehicle,5,Friday,136,RIGHT TURN SIDESWIPE,1,235163,2,0,1,0,1,2,1,5,Not at intersection,2,100,Arterial Other,70+,Serious injury,Bicyclists
T20220020999,9/16/2022,18:22:00,1,Collision with vehicle,5,Friday,116,LEFT NEAR (INTERSECTIONS ONLY),2,38872,2,0,1,0,1,2,1,2,T intersection,2,60,Arterial Other,30-39,Serious injury,Bicyclists
T20220021015,9/17/2022,1:00:00,1,Collision with vehicle,6,Saturday,163,VEHICLE STRIKES DOOR OF PARKED/STATIONARY VEHICLE,3,782777,2,0,0,1,2,3,1,5,Not at intersection,3,40,Local Road,30-39,Other injury,Bicyclists
T20220021049,9/10/2022,12:20:00,1,Collision with vehicle,6,Saturday,110,CROSS TRAFFIC(INTERSECTIONS ONLY),1,49219,2,0,0,1,1,2,1,1,Cross intersection,3,60,Arterial Highway,13-15,Other injury,Bicyclists
T20220021056,9/13/2022,9:40:00,1,Collision with vehicle,2,Tuesday,113,RIGHT NEAR (INTERSECTIONS ONLY),1,46519,2,0,0,1,1,2,2,2,T intersection,3,999,Arterial Other,30-39,Other injury,Bicyclists
T20220021059,9/11/2022,12:00:00,1,Collision with vehicle,1,Sunday,137,LEFT TURN SIDESWIPE,1,782733,2,0,0,1,1,2,2,5,Not at intersection,3,50,Local Road,30-39,Other injury,Bicyclists
T20220021098,9/18/2022,7:17:00,1,Collision with vehicle,1,Sunday,110,CROSS TRAFFIC(INTERSECTIONS ONLY),1,50443,2,0,0,1,2,3,1,1,Cross intersection,3,50,Arterial Other,13-15,Other injury,Bicyclists
T20220021107,8/24/2022,16:00:00,1,Collision with vehicle,3,Wednesday,137,LEFT TURN SIDESWIPE,1,278453,2,0,0,1,1,2,2,1,Cross intersection,3,40,Local Road,30-39,Other injury,Bicyclists
T20220021121,9/17/2022,10:30:00,1,Collision with vehicle,6,Saturday,160,VEHICLE COLLIDES WITH VEHICLE PARKED ON LEFT OF ROAD,1,786097,2,0,1,0,0,1,2,5,Not at intersection,2,40,Local Road,30-39,Serious injury,Bicyclists
T20220021130,9/18/2022,16:20:00,1,Collision with vehicle,0,Sunday,136,RIGHT TURN SIDESWIPE,1,61818,2,0,0,1,2,3,1,1,Cross intersection,3,60,Freeway,30-39,Other injury,Bicyclists
T20220021166,9/13/2022,7:45:00,7,Fall from or in moving vehicle,2,Tuesday,149,OTHER MANOEUVRING NOT INCLUDED IN DCAs 140-148,2,782678,1,0,0,1,0,1,2,5,Not at intersection,3,40,Local Road,65-69,Other injury,Bicyclists
T20220021245,9/20/2022,7:15:00,1,Collision with vehicle,3,Tuesday,110,CROSS TRAFFIC(INTERSECTIONS ONLY),2,725622,2,0,1,0,1,2,1,1,Cross intersection,2,60,Freeway,40-49,Serious injury,Bicyclists
T20220021253,9/18/2022,18:30:00,1,Collision with vehicle,0,Sunday,163,VEHICLE STRIKES DOOR OF PARKED/STATIONARY VEHICLE,2,785890,2,0,1,0,1,2,2,5,Not at intersection,2,60,Arterial Highway,30-39,Serious injury,Bicyclists
T20220021299,9/15/2022,17:00:00,1,Collision with vehicle,5,Thursday,147,VEHICLE STRIKES ANOTHER VEH WHILE EMERGING FROM DRIVEWAY,9,751278,2,0,1,0,1,2,2,5,Not at intersection,2,888,Local Road,45424,Serious injury,Bicyclists
T20220021368,9/21/2022,8:50:00,1,Collision with vehicle,4,Wednesday,147,VEHICLE STRIKES ANOTHER VEH WHILE EMERGING FROM DRIVEWAY,1,786055,2,0,1,0,1,2,1,5,Not at intersection,2,50,Local Road,22-25,Serious injury,Bicyclists
T20220021379,5/31/2022,17:44:00,1,Collision with vehicle,2,Tuesday,110,CROSS TRAFFIC(INTERSECTIONS ONLY),2,734476,2,0,0,2,0,2,2,1,Cross intersection,3,50,Local Road,26-29,Other injury,Bicyclists
T20220021423,9/22/2022,10:16:00,1,Collision with vehicle,4,Thursday,139,OTHER SAME DIRECTION-MANOUEVRES NOT INCLUDED IN DCAs 130-137,1,725845,2,0,0,1,1,2,1,5,Not at intersection,3,50,Local Road,30-39,Other injury,Bicyclists
T20220021471,9/22/2022,19:10:00,6,Vehicle overturned (no collision),4,Thursday,174,OUT OF CONTROL ON CARRIAGEWAY (ON STRAIGHT),3,782750,1,0,0,1,0,1,1,5,Not at intersection,3,40,Local Road,40-49,Other injury,Bicyclists
T20220021504,8/12/2022,22:30:00,2,Struck Pedestrian,5,Friday,100,PED NEAR SIDE. PED HIT BY VEHICLE FROM THE RIGHT.,3,782776,1,0,0,1,1,2,2,5,Not at intersection,3,40,Freeway,Unknown,Not injured,Bicyclists
T20220021511,9/23/2022,11:36:00,1,Collision with vehicle,5,Friday,116,LEFT NEAR (INTERSECTIONS ONLY),1,709361,2,0,0,1,1,2,1,1,Cross intersection,3,50,Arterial Other,26-29,Other injury,Bicyclists
T20220021515,9/23/2022,13:20:00,4,Collision with a fixed object,5,Friday,171,LEFT OFF CARRIAGEWAY INTO OBJECT/PARKED VEHICLE,1,726948,1,0,0,1,0,1,1,2,T intersection,3,50,Local Road,40-49,Other injury,Bicyclists
T20220021530,9/15/2022,19:00:00,1,Collision with vehicle,4,Thursday,140,U TURN,3,37655,2,0,1,0,1,2,2,2,T intersection,2,40,Local Road,40-49,Serious injury,Bicyclists
T20220021532,9/9/2022,10:20:00,1,Collision with vehicle,6,Friday,130,REAR END(VEHICLES IN SAME LANE),1,779475,2,0,0,1,1,2,2,1,Cross intersection,3,999,Local Road,Unknown,Not injured,Bicyclists
T20220021575,9/24/2022,9:40:00,1,Collision with vehicle,6,Saturday,133,LANE SIDE SWIPE (VEHICLES IN PARALLEL LANES),1,726150,2,0,0,1,1,2,1,5,Not at intersection,3,50,Local Road,40-49,Other injury,Bicyclists
T20220021655,9/25/2022,12:10:00,1,Collision with vehicle,1,Sunday,148,VEHICLE OFF FOOTPATH STRIKES VEH ON CARRIAGEWAY,1,726412,2,0,0,1,1,2,2,5,Not at intersection,3,60,Local Road,26-29,Other injury,Bicyclists
T20220021664,9/25/2022,13:20:00,1,Collision with vehicle,1,Sunday,137,LEFT TURN SIDESWIPE,1,40083,2,0,0,1,1,2,1,2,T intersection,3,60,Arterial Other,30-39,Other injury,Bicyclists
T20220021669,9/24/2022,16:15:00,6,Vehicle overturned (no collision),6,Saturday,179,OTHER ACCIDENTS-OFF STRAIGHT NOT INCLUDED IN DCAs 170-175,1,782829,1,0,0,1,0,1,2,5,Not at intersection,3,40,Uknown,40-49,Other injury,Bicyclists
T20220021679,9/25/2022,14:25:00,1,Collision with vehicle,0,Sunday,163,VEHICLE STRIKES DOOR OF PARKED/STATIONARY VEHICLE,1,780178,2,0,0,1,1,2,2,5,Not at intersection,3,40,Local Road,30-39,Other injury,Bicyclists
T20220021689,9/25/2022,10:45:00,1,Collision with vehicle,0,Sunday,130,REAR END(VEHICLES IN SAME LANE),1,360284,2,0,1,0,3,4,1,1,Cross intersection,2,80,Uknown,40-49,Serious injury,Bicyclists
T20220021698,9/22/2022,14:30:00,1,Collision with vehicle,5,Thursday,121,RIGHT THROUGH,1,726279,2,0,0,1,1,2,2,5,Not at intersection,3,40,Local Road,26-29,Other injury,Bicyclists
T20220021706,9/26/2022,8:47:00,8,No collision and no object struck,2,Monday,199,UNKNOWN-NO DETAILS ON MANOEUVRES OF ROAD-USERS IN ACCIDENT,1,727222,1,0,1,0,0,1,1,5,Not at intersection,2,80,Arterial Other,70+,Serious injury,Bicyclists
T20220021782,9/1/2022,9:15:00,1,Collision with vehicle,5,Thursday,113,RIGHT NEAR (INTERSECTIONS ONLY),1,37905,2,0,0,1,1,2,2,2,T intersection,3,50,Local Road,30-39,Other injury,Bicyclists
T20220021811,9/27/2022,16:17:00,1,Collision with vehicle,3,Tuesday,120,HEAD ON (NOT OVERTAKING),1,726588,2,0,2,0,1,3,1,5,Not at intersection,2,80,Local Road,50-59,Serious injury,Bicyclists
T20220021916,9/29/2022,9:00:00,1,Collision with vehicle,5,Thursday,110,CROSS TRAFFIC(INTERSECTIONS ONLY),1,726666,2,1,0,0,2,3,1,1,Cross intersection,1,50,Local Road,70+,Fatality,Bicyclists
T20220021965,9/29/2022,17:40:00,1,Collision with vehicle,5,Thursday,121,RIGHT THROUGH,9,35381,2,0,0,1,1,2,2,2,T intersection,3,40,Arterial Other,22-25,Other injury,Bicyclists
T20220021978,9/30/2022,5:34:00,1,Collision with vehicle,5,Friday,110,CROSS TRAFFIC(INTERSECTIONS ONLY),2,35414,2,0,1,0,1,2,1,1,Cross intersection,2,60,Arterial Other,40-49,Serious injury,Bicyclists
T20220021988,9/30/2022,7:04:00,1,Collision with vehicle,6,Friday,148,VEHICLE OFF FOOTPATH STRIKES VEH ON CARRIAGEWAY,1,37017,2,0,1,0,1,2,1,2,T intersection,2,60,Arterial Other,30-39,Serious injury,Bicyclists
T20220022014,9/25/2022,10:20:00,1,Collision with vehicle,0,Sunday,148,VEHICLE OFF FOOTPATH STRIKES VEH ON CARRIAGEWAY,1,38050,2,0,0,1,1,2,2,1,Cross intersection,3,60,Arterial Other,40-49,Other injury,Bicyclists
T20220022020,9/30/2022,13:40:00,1,Collision with vehicle,6,Friday,148,VEHICLE OFF FOOTPATH STRIKES VEH ON CARRIAGEWAY,1,727755,2,0,1,0,1,2,1,5,Not at intersection,2,40,Uknown,70+,Serious injury,Bicyclists
T20220022022,9/29/2022,2:30:00,1,Collision with vehicle,4,Thursday,122,LEFT THROUGH,9,782959,2,0,0,1,1,2,2,5,Not at intersection,3,70,Arterial Other,18-21,Other injury,Bicyclists
T20220022023,9/30/2022,11:45:00,1,Collision with vehicle,6,Friday,163,VEHICLE STRIKES DOOR OF PARKED/STATIONARY VEHICLE,1,81019,2,0,0,1,2,3,2,5,Not at intersection,3,50,Local Road,30-39,Other injury,Bicyclists
T20220022162,10/2/2022,11:20:00,1,Collision with vehicle,1,Sunday,131,LEFT REAR,1,727397,2,0,0,1,1,2,1,2,T intersection,3,40,Local Road,50-59,Other injury,Bicyclists
T20220022182,10/2/2022,12:00:00,1,Collision with vehicle,0,Sunday,163,VEHICLE STRIKES DOOR OF PARKED/STATIONARY VEHICLE,1,727018,2,0,0,1,1,2,2,5,Not at intersection,3,999,Local Road,18-21,Other injury,Bicyclists
T20220022184,10/2/2022,17:59:00,1,Collision with vehicle,0,Sunday,134,LANE CHANGE RIGHT (NOT OVERTAKING),1,727279,2,0,0,1,1,2,1,5,Not at intersection,3,60,Uknown,30-39,Other injury,Bicyclists
T20220022209,10/2/2022,10:23:00,1,Collision with vehicle,0,Sunday,160,VEHICLE COLLIDES WITH VEHICLE PARKED ON LEFT OF ROAD,1,727281,2,0,0,1,0,1,1,5,Not at intersection,3,50,Local Road,40-49,Other injury,Bicyclists
T20220022216,10/3/2022,7:25:00,1,Collision with vehicle,2,Monday,121,RIGHT THROUGH,1,38131,2,0,1,1,0,2,1,2,T intersection,2,60,Arterial Other,50-59,Serious injury,Bicyclists
T20220022218,10/3/2022,9:12:00,1,Collision with vehicle,2,Monday,147,VEHICLE STRIKES ANOTHER VEH WHILE EMERGING FROM DRIVEWAY,1,727282,2,0,1,0,1,2,1,5,Not at intersection,2,50,Local Road,70+,Serious injury,Bicyclists
T20220022222,10/2/2022,14:15:00,8,No collision and no object struck,0,Sunday,179,OTHER ACCIDENTS-OFF STRAIGHT NOT INCLUDED IN DCAs 170-175,1,727210,1,0,0,1,0,1,2,1,Cross intersection,3,40,Local Road,50-59,Other injury,Bicyclists
T20220022254,9/30/2022,12:30:00,1,Collision with vehicle,6,Friday,163,VEHICLE STRIKES DOOR OF PARKED/STATIONARY VEHICLE,1,260301,2,0,0,1,1,2,2,5,Not at intersection,3,60,Local Road,30-39,Other injury,Bicyclists
T20220022365,10/4/2022,17:40:00,1,Collision with vehicle,2,Tuesday,110,CROSS TRAFFIC(INTERSECTIONS ONLY),2,782992,2,0,0,1,1,2,1,1,Cross intersection,3,50,Local Road,13-15,Other injury,Bicyclists
T20220022366,10/4/2022,16:39:00,1,Collision with vehicle,3,Tuesday,110,CROSS TRAFFIC(INTERSECTIONS ONLY),1,39349,2,0,1,0,1,2,1,1,Cross intersection,2,999,Local Road,50-59,Serious injury,Bicyclists
T20220022380,9/10/2022,16:30:00,1,Collision with vehicle,6,Saturday,160,VEHICLE COLLIDES WITH VEHICLE PARKED ON LEFT OF ROAD,1,785855,2,0,1,0,1,2,2,5,Not at intersection,2,40,Local Road,40-49,Serious injury,Bicyclists
T20220022446,10/5/2022,17:20:00,2,Struck Pedestrian,3,Wednesday,109,ANY MANOEUVRE INVOLVING PED NOT INCLUDED IN DCAs 100-108.,2,783052,1,0,0,1,1,2,1,5,Not at intersection,3,999,Local Road,30-39,Not injured,Bicyclists
T20220022452,10/5/2022,17:00:00,1,Collision with vehicle,3,Wednesday,140,U TURN,1,727452,2,0,1,1,0,2,1,5,Not at intersection,2,40,Local Road,50-59,Serious injury,Bicyclists
T20220022465,10/5/2022,19:45:00,1,Collision with vehicle,4,Wednesday,111,RIGHT FAR (INTERSECTIONS ONLY),3,46002,2,0,1,0,1,2,1,1,Cross intersection,2,50,Local Road,65-69,Serious injury,Bicyclists
T20220022493,9/28/2022,19:20:00,1,Collision with vehicle,3,Wednesday,132,RIGHT REAR.,3,37243,2,0,0,1,1,2,2,2,T intersection,3,40,Arterial Other,22-25,Other injury,Bicyclists
T20220022502,7/27/2022,19:30:00,1,Collision with vehicle,4,Wednesday,116,LEFT NEAR (INTERSECTIONS ONLY),3,11599,2,0,0,1,1,2,9,2,T intersection,3,999,Local Road,50-59,Other injury,Bicyclists
T20220022508,10/6/2022,12:59:00,1,Collision with vehicle,4,Thursday,122,LEFT THROUGH,1,786289,2,0,1,0,1,2,1,5,Not at intersection,2,60,Arterial Other,70+,Serious injury,Bicyclists
T20220022534,10/6/2022,17:11:00,7,Fall from or in moving vehicle,5,Thursday,179,OTHER ACCIDENTS-OFF STRAIGHT NOT INCLUDED IN DCAs 170-175,1,730377,1,1,0,0,0,1,2,5,Not at intersection,1,50,Local Road,70+,Fatality,Bicyclists
T20220022544,10/2/2022,18:08:00,2,Struck Pedestrian,0,Sunday,106,VEH STRIKES PED ON FOOTPATH/MEDIAN/TRAFFIC ISLAND.,2,782976,2,0,0,1,1,2,2,5,Not at intersection,3,50,Arterial Other,Unknown,Not injured,Not Known
T20220022549,10/6/2022,18:15:00,1,Collision with vehicle,4,Thursday,148,VEHICLE OFF FOOTPATH STRIKES VEH ON CARRIAGEWAY,1,783732,2,0,0,1,1,2,1,5,Not at intersection,3,50,Local Road,16-17,Other injury,Bicyclists
T20220022614,10/6/2022,21:50:00,1,Collision with vehicle,4,Thursday,121,RIGHT THROUGH,3,735874,2,0,0,1,1,2,1,2,T intersection,3,50,Local Road,30-39,Other injury,Bicyclists
T20220022654,10/8/2022,9:46:00,1,Collision with vehicle,6,Saturday,148,VEHICLE OFF FOOTPATH STRIKES VEH ON CARRIAGEWAY,1,727836,2,0,1,0,1,2,1,5,Not at intersection,2,999,Local Road,30-39,Serious injury,Bicyclists
T20220022684,10/8/2022,17:04:00,1,Collision with vehicle,6,Saturday,147,VEHICLE STRIKES ANOTHER VEH WHILE EMERGING FROM DRIVEWAY,1,783118,2,0,0,1,4,5,1,5,Not at intersection,3,888,Arterial Highway,50-59,Other injury,Bicyclists
T20220022725,10/9/2022,11:30:00,1,Collision with vehicle,1,Sunday,121,RIGHT THROUGH,1,39295,2,0,1,0,1,2,1,1,Cross intersection,2,50,Local Road,50-59,Serious injury,Bicyclists
T20220022737,10/9/2022,11:48:00,1,Collision with vehicle,1,Sunday,130,REAR END(VEHICLES IN SAME LANE),1,727651,2,1,0,0,1,2,1,5,Not at intersection,1,80,Arterial Other,70+,Fatality,Bicyclists
T20220022743,9/28/2022,9:15:00,1,Collision with vehicle,3,Wednesday,163,VEHICLE STRIKES DOOR OF PARKED/STATIONARY VEHICLE,1,756146,2,0,0,1,1,2,2,5,Not at intersection,3,50,Local Road,30-39,Other injury,Bicyclists
T20220022771,10/6/2022,10:00:00,1,Collision with vehicle,4,Thursday,116,LEFT NEAR (INTERSECTIONS ONLY),1,50699,2,0,0,1,1,2,2,2,T intersection,3,60,Arterial Highway,70+,Other injury,Bicyclists
T20220022781,10/10/2022,12:28:00,1,Collision with vehicle,1,Monday,163,VEHICLE STRIKES DOOR OF PARKED/STATIONARY VEHICLE,1,780199,2,0,0,1,1,2,1,5,Not at intersection,3,50,Local Road,26-29,Other injury,Bicyclists
T20220022838,10/11/2022,5:50:00,1,Collision with vehicle,3,Tuesday,148,VEHICLE OFF FOOTPATH STRIKES VEH ON CARRIAGEWAY,1,38293,2,0,1,0,1,2,1,1,Cross intersection,2,60,Arterial Other,70+,Serious injury,Bicyclists
T20220022840,10/11/2022,8:30:00,1,Collision with vehicle,2,Tuesday,163,VEHICLE STRIKES DOOR OF PARKED/STATIONARY VEHICLE,1,228167,3,0,1,0,2,3,1,5,Not at intersection,2,40,Local Road,30-39,Serious injury,Bicyclists
T20220022862,10/10/2022,12:30:00,8,No collision and no object struck,2,Monday,170,OFF CARRIAGEWAY TO LEFT,1,732920,1,0,1,0,0,1,2,5,Not at intersection,2,100,Uknown,50-59,Serious injury,Bicyclists
T20220022885,10/10/2022,16:50:00,1,Collision with vehicle,1,Monday,163,VEHICLE STRIKES DOOR OF PARKED/STATIONARY VEHICLE,1,774962,2,0,0,1,1,2,2,5,Not at intersection,3,40,Arterial Other,40-49,Other injury,Bicyclists
T20220022887,10/11/2022,15:02:00,1,Collision with vehicle,2,Tuesday,121,RIGHT THROUGH,1,728575,2,0,1,0,1,2,1,1,Cross intersection,2,60,Local Road,30-39,Serious injury,Bicyclists
T20220022896,9/30/2022,7:50:00,1,Collision with vehicle,5,Friday,116,LEFT NEAR (INTERSECTIONS ONLY),1,782967,2,0,0,1,1,2,2,2,T intersection,3,50,Local Road,30-39,Other injury,Bicyclists
T20220022899,10/11/2022,17:22:00,1,Collision with vehicle,3,Tuesday,120,HEAD ON (NOT OVERTAKING),1,734285,2,0,0,1,1,2,1,5,Not at intersection,3,50,Local Road,50-59,Other injury,Bicyclists
T20220022914,9/23/2022,9:30:00,1,Collision with vehicle,5,Friday,136,RIGHT TURN SIDESWIPE,1,768349,2,0,0,1,1,2,2,1,Cross intersection,3,60,Arterial Other,65-69,Other injury,Bicyclists
T20220022946,10/12/2022,7:30:00,1,Collision with vehicle,3,Wednesday,110,CROSS TRAFFIC(INTERSECTIONS ONLY),2,287450,2,0,1,0,2,3,1,1,Cross intersection,2,50,Local Road,26-29,Serious injury,Bicyclists
T20220022955,7/5/2022,12:40:00,1,Collision with vehicle,3,Tuesday,116,LEFT NEAR (INTERSECTIONS ONLY),1,728512,2,0,0,1,1,2,1,2,T intersection,3,50,Local Road,70+,Other injury,Bicyclists
T20220022967,10/12/2022,11:45:00,1,Collision with vehicle,3,Wednesday,110,CROSS TRAFFIC(INTERSECTIONS ONLY),1,293051,2,0,1,0,1,2,1,1,Cross intersection,2,80,Arterial Highway,65-69,Serious injury,Bicyclists
T20220022979,10/9/2022,8:40:00,1,Collision with vehicle,0,Sunday,113,RIGHT NEAR (INTERSECTIONS ONLY),1,737948,2,0,0,1,1,2,2,2,T intersection,3,40,Uknown,50-59,Other injury,Bicyclists
T20220022984,10/12/2022,15:35:00,1,Collision with vehicle,3,Wednesday,148,VEHICLE OFF FOOTPATH STRIKES VEH ON CARRIAGEWAY,1,243555,2,0,1,0,1,2,1,5,Not at intersection,2,40,Arterial Other,70+,Serious injury,Bicyclists
T20220022991,10/11/2022,19:23:00,1,Collision with vehicle,2,Tuesday,137,LEFT TURN SIDESWIPE,2,56427,2,0,1,0,1,2,1,2,T intersection,2,50,Local Road,30-39,Serious injury,Bicyclists
T20220023018,10/1/2022,17:10:00,1,Collision with vehicle,6,Saturday,163,VEHICLE STRIKES DOOR OF PARKED/STATIONARY VEHICLE,1,746907,2,0,1,0,0,1,2,5,Not at intersection,2,60,Arterial Other,30-39,Serious injury,Not Known
T20220023092,10/14/2022,6:42:00,1,Collision with vehicle,6,Friday,136,RIGHT TURN SIDESWIPE,1,728579,2,0,1,0,1,2,1,5,Not at intersection,2,50,Local Road,60-64,Serious injury,Bicyclists
T20220023095,10/14/2022,7:25:00,1,Collision with vehicle,5,Friday,111,RIGHT FAR (INTERSECTIONS ONLY),1,37908,2,0,0,1,1,2,1,1,Cross intersection,3,40,Local Road,40-49,Other injury,Bicyclists
T20220023115,10/14/2022,11:10:00,1,Collision with vehicle,6,Friday,121,RIGHT THROUGH,1,786114,2,0,1,0,1,2,1,1,Cross intersection,2,50,Local Road,50-59,Serious injury,Bicyclists
T20220023123,10/14/2022,8:40:00,1,Collision with vehicle,5,Friday,135,LANE CHANGE LEFT (NOT OVERTAKING),1,728321,2,0,1,0,1,2,1,3,Y intersection,2,50,Local Road,30-39,Serious injury,Bicyclists
T20220023166,10/14/2022,21:00:00,1,Collision with vehicle,5,Friday,122,LEFT THROUGH,3,786124,2,0,1,0,1,2,1,1,Cross intersection,2,60,Freeway,40-49,Serious injury,Bicyclists
T20220023276,10/8/2022,7:15:00,8,No collision and no object struck,6,Saturday,174,OUT OF CONTROL ON CARRIAGEWAY (ON STRAIGHT),1,68729,1,0,0,1,0,1,2,2,T intersection,3,60,Arterial Other,30-39,Other injury,Bicyclists
T20220023286,10/13/2022,6:20:00,1,Collision with vehicle,5,Thursday,119,OTHER ADJACENT (INTERSECTIONS ONLY),1,734093,2,0,0,1,1,2,2,1,Cross intersection,3,40,Local Road,30-39,Other injury,Bicyclists
T20220023306,10/16/2022,17:30:00,1,Collision with vehicle,0,Sunday,110,CROSS TRAFFIC(INTERSECTIONS ONLY),1,783489,2,0,0,1,1,2,1,1,Cross intersection,3,60,Local Road,45424,Other injury,Bicyclists
T20220023334,10/17/2022,8:30:00,1,Collision with vehicle,1,Monday,137,LEFT TURN SIDESWIPE,1,36546,2,0,0,1,1,2,1,5,Not at intersection,3,40,Local Road,26-29,Other injury,Bicyclists
T20220023397,10/1/2022,10:30:00,1,Collision with vehicle,6,Saturday,111,RIGHT FAR (INTERSECTIONS ONLY),1,343453,2,0,0,1,0,1,2,2,T intersection,3,888,Local Road,16-17,Other injury,Bicyclists
T20220023411,10/2/2022,13:30:00,8,No collision and no object struck,1,Sunday,180,OFF CARRIAGEWAY ON RIGHT BEND,1,731117,1,0,0,1,0,1,2,5,Not at intersection,3,60,Local Road,30-39,Other injury,Bicyclists