ACCIDENT_NO,ACCIDENT_DATE,ACCIDENT_TIME,ACCIDENT_TYPE,ACCIDENT_TYPE_DESC,DAY_OF_WEEK,DAY_WEEK_DESC,DCA_CODE,DCA_DESC,LIGHT_CONDITION,NODE_ID,NO_OF_VEHICLES,NO_PERSONS_KILLED,NO_PERSONS_INJ_2,NO_PERSONS_INJ_3,NO_PERSONS_NOT_INJ,NO_PERSONS,POLICE_ATTEND,ROAD_GEOMETRY,ROAD_GEOMETRY_DESC,SEVERITY,SPEED_ZONE,RMA,AGE_GROUP,INJ_LEVEL,ROAD_USER_TYPE_DESC
T20220023416,10/17/2022,12:42:00,1,Collision with vehicle,2,Monday,147,VEHICLE STRIKES ANOTHER VEH WHILE EMERGING FROM DRIVEWAY,1,225388,2,0,0,1,1,2,1,5,Not at intersection,3,70,Arterial Highway,40-49,Other injury,Bicyclists
T20220023444,9/6/2022,16:30:00,2,Struck Pedestrian,2,Tuesday,100,PED NEAR SIDE. PED HIT BY VEHICLE FROM THE RIGHT.,1,728756,1,0,1,0,1,2,2,5,Not at intersection,2,40,Arterial Highway,26-29,Not injured,Bicyclists
T20220023517,10/19/2022,8:45:00,1,Collision with vehicle,3,Wednesday,148,VEHICLE OFF FOOTPATH STRIKES VEH ON CARRIAGEWAY,1,783100,2,0,0,1,1,2,1,5,Not at intersection,3,40,Uknown,26-29,Other injury,Bicyclists
T20220023550,10/18/2022,8:40:00,1,Collision with vehicle,2,Tuesday,147,VEHICLE STRIKES ANOTHER VEH WHILE EMERGING FROM DRIVEWAY,1,783064,2,0,0,1,1,2,1,5,Not at intersection,3,60,Local Road,22-25,Other injury,Bicyclists
T20220023563,10/19/2022,19:30:00,1,Collision with vehicle,4,Wednesday,148,VEHICLE OFF FOOTPATH STRIKES VEH ON CARRIAGEWAY,1,730602,2,0,0,1,1,2,1,5,Not at intersection,3,80,Arterial Other,45424,Other injury,Bicyclists
T20220023571,10/19/2022,14:06:00,1,Collision with vehicle,4,Wednesday,113,RIGHT NEAR (INTERSECTIONS ONLY),1,731755,2,0,1,0,1,2,1,2,T intersection,2,60,Local Road,65-69,Serious injury,Bicyclists
T20220023573,10/19/2022,18:27:00,1,Collision with vehicle,3,Wednesday,129,OTHER OPPOSING MANOEUVRES NOT INCLUDED IN DCAs 120-125.,1,783139,2,0,0,1,1,2,1,5,Not at intersection,3,60,Local Road,40-49,Other injury,Bicyclists
T20220023577,10/14/2022,8:30:00,1,Collision with vehicle,6,Friday,110,CROSS TRAFFIC(INTERSECTIONS ONLY),1,64711,2,0,0,1,2,3,2,1,Cross intersection,3,999,Local Road,18-21,Other injury,Bicyclists
T20220023583,10/19/2022,18:00:00,1,Collision with vehicle,3,Wednesday,111,RIGHT FAR (INTERSECTIONS ONLY),1,695373,2,0,0,1,1,2,1,1,Cross intersection,3,50,Uknown,40-49,Other injury,Bicyclists
T20220023585,10/14/2022,17:00:00,1,Collision with vehicle,5,Friday,121,RIGHT THROUGH,2,29371,2,0,0,1,1,2,2,1,Cross intersection,3,60,Arterial Other,22-25,Other injury,Bicyclists
T20220023614,10/20/2022,8:11:00,1,Collision with vehicle,4,Thursday,110,CROSS TRAFFIC(INTERSECTIONS ONLY),1,50699,2,0,0,1,1,2,1,1,Cross intersection,3,60,Arterial Highway,30-39,Other injury,Bicyclists
T20220023777,10/22/2022,9:10:00,6,Vehicle overturned (no collision),6,Saturday,174,OUT OF CONTROL ON CARRIAGEWAY (ON STRAIGHT),1,773173,7,0,0,4,3,7,1,5,Not at intersection,3,60,Arterial Highway,50-59,Other injury,Bicyclists
T20220023786,10/22/2022,12:08:00,1,Collision with vehicle,7,Saturday,145,REVERSING IN STREAM OF TRAFFIC,1,7802,3,0,0,1,3,4,1,1,Cross intersection,3,40,Arterial Other,30-39,Other injury,Bicyclists
T20220023836,10/22/2022,17:05:00,1,Collision with vehicle,6,Saturday,121,RIGHT THROUGH,1,37691,2,0,1,0,1,2,1,2,T intersection,2,40,Local Road,26-29,Serious injury,Bicyclists
T20220023844,10/23/2022,12:30:00,1,Collision with vehicle,0,Sunday,148,VEHICLE OFF FOOTPATH STRIKES VEH ON CARRIAGEWAY,1,783025,2,0,0,1,1,2,1,2,T intersection,3,50,Local Road,13-15,Other injury,Bicyclists
T20220023860,10/23/2022,14:12:00,8,No collision and no object struck,1,Sunday,179,OTHER ACCIDENTS-OFF STRAIGHT NOT INCLUDED IN DCAs 170-175,1,735259,2,0,1,0,1,2,1,5,Not at intersection,2,40,Local Road,50-59,Serious injury,Bicyclists
T20220023862,10/23/2022,14:15:00,1,Collision with vehicle,0,Sunday,148,VEHICLE OFF FOOTPATH STRIKES VEH ON CARRIAGEWAY,1,775012,2,0,0,1,1,2,2,5,Not at intersection,3,40,Uknown,50-59,Other injury,Bicyclists
T20220023877,10/23/2022,16:52:00,1,Collision with vehicle,0,Sunday,110,CROSS TRAFFIC(INTERSECTIONS ONLY),1,41066,2,0,0,1,1,2,1,1,Cross intersection,3,60,Arterial Other,18-21,Other injury,Bicyclists
T20220023901,10/24/2022,7:15:00,1,Collision with vehicle,1,Monday,110,CROSS TRAFFIC(INTERSECTIONS ONLY),1,49235,2,0,1,0,1,2,1,1,Cross intersection,2,60,Arterial Highway,30-39,Serious injury,Bicyclists
T20220023922,10/24/2022,11:34:00,1,Collision with vehicle,2,Monday,133,LANE SIDE SWIPE (VEHICLES IN PARALLEL LANES),1,772867,2,0,1,0,1,2,1,5,Not at intersection,2,40,Uknown,60-64,Serious injury,Bicyclists
T20220023925,10/15/2022,19:30:00,1,Collision with vehicle,6,Saturday,137,LEFT TURN SIDESWIPE,2,35340,2,0,0,1,1,2,2,1,Cross intersection,3,60,Arterial Other,26-29,Other injury,Bicyclists
T20220023949,10/24/2022,15:30:00,1,Collision with vehicle,1,Monday,148,VEHICLE OFF FOOTPATH STRIKES VEH ON CARRIAGEWAY,1,731555,2,0,0,1,1,2,1,2,T intersection,3,60,Local Road,13-15,Other injury,Bicyclists
T20220024009,10/25/2022,11:30:00,6,Vehicle overturned (no collision),3,Tuesday,174,OUT OF CONTROL ON CARRIAGEWAY (ON STRAIGHT),1,735479,1,0,1,0,0,1,1,5,Not at intersection,2,40,Arterial Other,50-59,Serious injury,Bicyclists
T20220024019,10/25/2022,13:08:00,1,Collision with vehicle,2,Tuesday,110,CROSS TRAFFIC(INTERSECTIONS ONLY),1,29372,2,0,0,1,1,2,1,1,Cross intersection,3,60,Arterial Highway,30-39,Other injury,Bicyclists
T20220024034,10/25/2022,14:45:00,1,Collision with vehicle,3,Tuesday,133,LANE SIDE SWIPE (VEHICLES IN PARALLEL LANES),1,717399,2,0,0,1,1,2,1,5,Not at intersection,3,40,Local Road,22-25,Other injury,Bicyclists
T20220024045,10/25/2022,17:48:00,1,Collision with vehicle,3,Tuesday,110,CROSS TRAFFIC(INTERSECTIONS ONLY),1,64476,2,0,0,1,1,2,1,1,Cross intersection,3,50,Local Road,40-49,Other injury,Bicyclists
T20220024101,10/25/2022,17:40:00,1,Collision with vehicle,2,Tuesday,137,LEFT TURN SIDESWIPE,2,40373,2,0,1,0,1,2,2,2,T intersection,2,60,Arterial Other,50-59,Serious injury,Bicyclists
T20220024104,10/26/2022,12:00:00,1,Collision with vehicle,3,Wednesday,121,RIGHT THROUGH,1,43199,2,0,0,1,1,2,1,2,T intersection,3,60,Arterial Highway,40-49,Other injury,Bicyclists
T20220024193,10/27/2022,9:58:00,1,Collision with vehicle,5,Thursday,113,RIGHT NEAR (INTERSECTIONS ONLY),1,44560,2,0,0,1,1,2,1,2,T intersection,3,60,Local Road,30-39,Other injury,Bicyclists
T20220024218,10/27/2022,9:30:00,1,Collision with vehicle,4,Thursday,110,CROSS TRAFFIC(INTERSECTIONS ONLY),1,36495,2,0,0,1,1,2,1,1,Cross intersection,3,40,Local Road,30-39,Other injury,Bicyclists
T20220024264,10/27/2022,0:30:00,1,Collision with vehicle,5,Thursday,137,LEFT TURN SIDESWIPE,6,36835,2,0,0,1,1,2,2,1,Cross intersection,3,40,Arterial Other,22-25,Other injury,Bicyclists
T20220024298,10/27/2022,7:08:00,1,Collision with vehicle,5,Thursday,133,LANE SIDE SWIPE (VEHICLES IN PARALLEL LANES),1,742096,2,0,1,0,1,2,1,5,Not at intersection,2,50,Arterial Other,50-59,Serious injury,Bicyclists
T20220024308,10/26/2022,17:15:00,6,Vehicle overturned (no collision),4,Wednesday,170,OFF CARRIAGEWAY TO LEFT,1,736888,2,0,0,1,1,2,2,5,Not at intersection,3,80,Uknown,16-17,Other injury,Bicyclists
T20220024361,10/28/2022,15:55:00,1,Collision with vehicle,6,Friday,110,CROSS TRAFFIC(INTERSECTIONS ONLY),1,37887,2,0,1,0,1,2,2,1,Cross intersection,2,40,Local Road,50-59,Serious injury,Bicyclists
T20220024375,10/29/2022,10:07:00,1,Collision with vehicle,7,Saturday,110,CROSS TRAFFIC(INTERSECTIONS ONLY),1,52808,2,0,1,0,1,2,1,1,Cross intersection,2,60,Local Road,60-64,Serious injury,Bicyclists
T20220024404,10/29/2022,14:55:00,1,Collision with vehicle,6,Saturday,147,VEHICLE STRIKES ANOTHER VEH WHILE EMERGING FROM DRIVEWAY,1,772326,2,0,0,1,1,2,1,5,Not at intersection,3,999,Arterial Other,30-39,Other injury,Bicyclists
T20220024463,10/30/2022,11:09:00,1,Collision with vehicle,1,Sunday,154,PULLING OUT -REAR END,1,732647,2,0,1,1,0,2,1,5,Not at intersection,2,80,Arterial Other,13-15,Serious injury,Bicyclists
T20220024478,10/30/2022,11:30:00,1,Collision with vehicle,1,Sunday,132,RIGHT REAR.,1,39932,2,0,0,1,1,2,2,1,Cross intersection,3,60,Arterial Other,22-25,Other injury,Bicyclists
T20220024544,10/30/2022,12:25:00,1,Collision with vehicle,1,Sunday,120,HEAD ON (NOT OVERTAKING),1,734672,2,0,0,1,2,3,2,5,Not at intersection,3,80,Arterial Other,30-39,Other injury,Bicyclists
T20220024549,10/31/2022,16:40:00,1,Collision with vehicle,1,Monday,147,VEHICLE STRIKES ANOTHER VEH WHILE EMERGING FROM DRIVEWAY,1,775025,2,0,0,1,2,3,2,5,Not at intersection,3,999,Arterial Other,22-25,Other injury,Bicyclists
T20220024579,11/1/2022,0:14:00,1,Collision with vehicle,3,Tuesday,110,CROSS TRAFFIC(INTERSECTIONS ONLY),3,27584,2,0,1,0,2,3,1,1,Cross intersection,2,60,Uknown,13-15,Serious injury,Bicyclists
T20220024607,11/1/2022,14:30:00,1,Collision with vehicle,3,Tuesday,163,VEHICLE STRIKES DOOR OF PARKED/STATIONARY VEHICLE,1,733533,2,0,0,1,2,3,1,5,Not at intersection,3,40,Local Road,40-49,Other injury,Bicyclists
T20220024611,10/25/2022,5:30:00,1,Collision with vehicle,3,Tuesday,135,LANE CHANGE LEFT (NOT OVERTAKING),3,278616,2,0,0,1,1,2,2,4,Multiple intersection,3,999,Freeway,30-39,Other injury,Bicyclists
T20220024641,11/2/2022,7:50:00,1,Collision with vehicle,4,Wednesday,130,REAR END(VEHICLES IN SAME LANE),1,753250,2,0,1,1,0,2,1,5,Not at intersection,2,60,Arterial Highway,60-64,Other injury,Bicyclists
T20220024717,10/29/2022,9:10:00,1,Collision with vehicle,6,Saturday,137,LEFT TURN SIDESWIPE,1,289646,2,0,0,1,1,2,2,2,T intersection,3,60,Arterial Other,50-59,Other injury,Bicyclists
T20220024724,10/27/2022,17:15:00,1,Collision with vehicle,4,Thursday,148,VEHICLE OFF FOOTPATH STRIKES VEH ON CARRIAGEWAY,9,739876,2,0,0,1,1,2,2,5,Not at intersection,3,50,Uknown,30-39,Other injury,Bicyclists
T20220024733,10/17/2022,17:35:00,1,Collision with vehicle,1,Monday,119,OTHER ADJACENT (INTERSECTIONS ONLY),1,733185,2,0,1,0,1,2,2,2,T intersection,2,60,Local Road,60-64,Serious injury,Bicyclists
T20220024754,11/3/2022,14:20:00,1,Collision with vehicle,4,Thursday,110,CROSS TRAFFIC(INTERSECTIONS ONLY),1,29749,2,0,0,1,1,2,1,1,Cross intersection,3,60,Uknown,40-49,Other injury,Bicyclists
T20220024818,11/4/2022,8:39:00,1,Collision with vehicle,5,Friday,110,CROSS TRAFFIC(INTERSECTIONS ONLY),1,733710,2,0,0,1,1,2,1,1,Cross intersection,3,60,Uknown,13-15,Other injury,Bicyclists
T20220024819,11/3/2022,8:35:00,1,Collision with vehicle,5,Thursday,148,VEHICLE OFF FOOTPATH STRIKES VEH ON CARRIAGEWAY,1,308432,2,0,0,1,1,2,2,5,Not at intersection,3,40,Local Road,13-15,Other injury,Bicyclists
T20220024894,11/5/2022,6:49:00,1,Collision with vehicle,7,Saturday,147,VEHICLE STRIKES ANOTHER VEH WHILE EMERGING FROM DRIVEWAY,1,770591,2,0,1,0,1,2,1,5,Not at intersection,2,60,Arterial Other,40-49,Serious injury,Bicyclists
T20220024896,11/5/2022,9:30:00,6,Vehicle overturned (no collision),6,Saturday,174,OUT OF CONTROL ON CARRIAGEWAY (ON STRAIGHT),1,239536,1,0,0,1,0,1,1,2,T intersection,3,60,Arterial Other,30-39,Other injury,Bicyclists
T20220024979,11/6/2022,0:40:00,1,Collision with vehicle,1,Sunday,136,RIGHT TURN SIDESWIPE,3,44641,2,0,0,1,2,3,1,1,Cross intersection,3,50,Local Road,30-39,Other injury,Bicyclists
T20220025016,11/4/2022,18:02:00,1,Collision with vehicle,5,Friday,113,RIGHT NEAR (INTERSECTIONS ONLY),1,34410,2,0,0,1,1,2,1,2,T intersection,3,40,Local Road,13-15,Other injury,Bicyclists
T20220025020,11/6/2022,15:19:00,1,Collision with vehicle,1,Sunday,147,VEHICLE STRIKES ANOTHER VEH WHILE EMERGING FROM DRIVEWAY,1,733905,2,0,1,0,2,3,1,5,Not at intersection,2,50,Local Road,45424,Serious injury,Bicyclists
T20220025028,11/6/2022,18:30:00,1,Collision with vehicle,0,Sunday,148,VEHICLE OFF FOOTPATH STRIKES VEH ON CARRIAGEWAY,1,734099,2,0,0,1,1,2,1,5,Not at intersection,3,50,Local Road,45424,Other injury,Bicyclists
T20220025031,11/6/2022,15:13:00,1,Collision with vehicle,1,Sunday,110,CROSS TRAFFIC(INTERSECTIONS ONLY),1,734295,2,0,1,0,1,2,1,1,Cross intersection,2,50,Arterial Other,30-39,Serious injury,Bicyclists
T20220025075,11/6/2022,10:30:00,1,Collision with vehicle,0,Sunday,113,RIGHT NEAR (INTERSECTIONS ONLY),1,56324,2,0,0,1,1,2,2,2,T intersection,3,60,Local Road,60-64,Other injury,Bicyclists
T20220025083,11/7/2022,11:10:00,1,Collision with vehicle,1,Monday,148,VEHICLE OFF FOOTPATH STRIKES VEH ON CARRIAGEWAY,1,783269,2,0,0,1,1,2,1,5,Not at intersection,3,60,Uknown,30-39,Other injury,Bicyclists
T20220025085,10/31/2022,7:30:00,1,Collision with vehicle,2,Monday,130,REAR END(VEHICLES IN SAME LANE),1,742917,2,0,0,1,1,2,2,5,Not at intersection,3,60,Arterial Other,40-49,Other injury,Bicyclists
T20220025123,11/7/2022,18:15:00,1,Collision with vehicle,2,Monday,140,U TURN,1,735584,2,0,1,0,1,2,1,5,Not at intersection,2,50,Arterial Other,26-29,Serious injury,Bicyclists
T20220025175,11/8/2022,8:30:00,1,Collision with vehicle,3,Tuesday,147,VEHICLE STRIKES ANOTHER VEH WHILE EMERGING FROM DRIVEWAY,1,769186,2,0,0,1,1,2,2,5,Not at intersection,3,999,Uknown,13-15,Other injury,Bicyclists
T20220025218,11/8/2022,18:35:00,1,Collision with vehicle,2,Tuesday,121,RIGHT THROUGH,1,38969,2,0,0,1,1,2,1,2,T intersection,3,60,Arterial Other,30-39,Other injury,Bicyclists
T20220025257,11/9/2022,7:36:00,1,Collision with vehicle,4,Wednesday,129,OTHER OPPOSING MANOEUVRES NOT INCLUDED IN DCAs 120-125.,1,41484,2,0,0,1,1,2,1,2,T intersection,3,50,Local Road,40-49,Other injury,Bicyclists
T20220025269,11/9/2022,9:31:00,1,Collision with vehicle,3,Wednesday,145,REVERSING IN STREAM OF TRAFFIC,1,769180,2,0,0,1,1,2,1,5,Not at intersection,3,40,Local Road,30-39,Other injury,Bicyclists
T20220025291,11/9/2022,7:10:00,1,Collision with vehicle,3,Wednesday,110,CROSS TRAFFIC(INTERSECTIONS ONLY),1,56712,2,0,0,1,1,2,1,1,Cross intersection,3,60,Arterial Highway,26-29,Other injury,Bicyclists
T20220025295,10/21/2022,22:30:00,1,Collision with vehicle,5,Friday,110,CROSS TRAFFIC(INTERSECTIONS ONLY),6,64110,2,0,1,0,1,2,2,1,Cross intersection,2,60,Local Road,40-49,Serious injury,Bicyclists
T20220025321,11/9/2022,17:30:00,1,Collision with vehicle,3,Wednesday,163,VEHICLE STRIKES DOOR OF PARKED/STATIONARY VEHICLE,1,780250,2,0,0,1,1,2,1,5,Not at intersection,3,60,Arterial Other,30-39,Other injury,Bicyclists
T20220025326,11/9/2022,9:20:00,1,Collision with vehicle,4,Wednesday,137,LEFT TURN SIDESWIPE,1,41212,2,0,0,1,1,2,2,1,Cross intersection,3,999,Local Road,18-21,Other injury,Bicyclists
T20220025354,11/10/2022,7:20:00,1,Collision with vehicle,4,Thursday,148,VEHICLE OFF FOOTPATH STRIKES VEH ON CARRIAGEWAY,1,773175,2,0,0,1,1,2,1,2,T intersection,3,50,Local Road,40-49,Other injury,Bicyclists
T20220025369,11/10/2022,8:08:00,1,Collision with vehicle,5,Thursday,135,LANE CHANGE LEFT (NOT OVERTAKING),1,119032,2,0,1,0,1,2,1,5,Not at intersection,2,50,Arterial Other,60-64,Serious injury,Bicyclists
T20220025394,11/10/2022,14:41:00,1,Collision with vehicle,4,Thursday,113,RIGHT NEAR (INTERSECTIONS ONLY),1,734689,2,0,0,1,1,2,1,2,T intersection,3,50,Uknown,13-15,Other injury,Bicyclists
T20220025462,11/11/2022,7:50:00,1,Collision with vehicle,6,Friday,110,CROSS TRAFFIC(INTERSECTIONS ONLY),1,42352,2,0,1,0,1,2,1,1,Cross intersection,2,60,Arterial Other,50-59,Serious injury,Bicyclists
T20220025539,11/12/2022,7:45:00,1,Collision with vehicle,7,Saturday,147,VEHICLE STRIKES ANOTHER VEH WHILE EMERGING FROM DRIVEWAY,1,752701,2,0,1,0,1,2,1,5,Not at intersection,2,50,Local Road,70+,Serious injury,Bicyclists
T20220025561,11/10/2022,9:30:00,1,Collision with vehicle,4,Thursday,121,RIGHT THROUGH,1,780253,2,0,0,1,1,2,2,2,T intersection,3,60,Local Road,30-39,Other injury,Bicyclists
T20220025570,11/12/2022,13:13:00,1,Collision with vehicle,7,Saturday,137,LEFT TURN SIDESWIPE,1,735064,2,0,0,1,1,2,2,5,Not at intersection,3,60,Uknown,18-21,Other injury,Bicyclists
T20220025571,10/28/2022,21:30:00,1,Collision with vehicle,5,Friday,152,PULLING OUT (OVERTAKING),3,778996,2,0,0,1,1,2,2,5,Not at intersection,3,60,Local Road,26-29,Other injury,Bicyclists
T20220025572,11/12/2022,9:40:00,1,Collision with vehicle,6,Saturday,163,VEHICLE STRIKES DOOR OF PARKED/STATIONARY VEHICLE,1,66824,3,0,0,1,2,3,2,2,T intersection,3,60,Local Road,40-49,Other injury,Bicyclists
T20220025604,11/13/2022,3:48:00,6,Vehicle overturned (no collision),1,Sunday,174,OUT OF CONTROL ON CARRIAGEWAY (ON STRAIGHT),3,754407,1,0,1,0,1,2,1,5,Not at intersection,2,60,Local Road,22-25,Serious injury,Bicyclists
T20220025611,11/13/2022,9:00:00,1,Collision with vehicle,0,Sunday,137,LEFT TURN SIDESWIPE,1,36528,2,0,0,1,1,2,2,2,T intersection,3,60,Arterial Other,50-59,Other injury,Bicyclists
T20220025619,11/13/2022,11:23:00,1,Collision with vehicle,1,Sunday,147,VEHICLE STRIKES ANOTHER VEH WHILE EMERGING FROM DRIVEWAY,1,736745,3,0,2,0,1,3,1,5,Not at intersection,2,999,Uknown,45424,Serious injury,Bicyclists
T20220025620,10/13/2022,20:30:00,1,Collision with vehicle,4,Thursday,122,LEFT THROUGH,3,36230,2,0,0,1,1,2,1,1,Cross intersection,3,40,Arterial Other,22-25,Other injury,Bicyclists
T20220025642,11/13/2022,15:24:00,1,Collision with vehicle,0,Sunday,137,LEFT TURN SIDESWIPE,1,29862,2,0,1,0,1,2,1,2,T intersection,2,50,Local Road,40-49,Serious injury,Bicyclists
T20220025649,11/13/2022,10:15:00,1,Collision with vehicle,0,Sunday,110,CROSS TRAFFIC(INTERSECTIONS ONLY),1,755472,2,0,0,1,1,2,2,1,Cross intersection,3,50,Uknown,40-49,Other injury,Bicyclists
T20220025658,10/28/2022,12:00:00,6,Vehicle overturned (no collision),5,Friday,174,OUT OF CONTROL ON CARRIAGEWAY (ON STRAIGHT),9,740501,2,0,0,1,1,2,2,5,Not at intersection,3,999,Local Road,60-64,Other injury,Bicyclists
T20220025660,11/13/2022,15:42:00,1,Collision with vehicle,1,Sunday,148,VEHICLE OFF FOOTPATH STRIKES VEH ON CARRIAGEWAY,1,736893,2,0,0,1,1,2,1,5,Not at intersection,3,60,Arterial Highway,13-15,Other injury,Bicyclists
T20220025673,12/29/2021,12:00:00,8,No collision and no object struck,4,Wednesday,174,OUT OF CONTROL ON CARRIAGEWAY (ON STRAIGHT),9,747475,1,1,0,0,0,1,2,5,Not at intersection,1,999,Arterial Other,65-69,Fatality,Bicyclists
T20220025700,11/5/2022,17:00:00,1,Collision with vehicle,6,Saturday,130,REAR END(VEHICLES IN SAME LANE),1,17610,2,0,0,1,1,2,2,1,Cross intersection,3,60,Arterial Other,50-59,Other injury,Bicyclists
T20220025779,10/21/2022,8:20:00,1,Collision with vehicle,5,Friday,116,LEFT NEAR (INTERSECTIONS ONLY),1,735891,2,0,0,1,1,2,1,2,T intersection,3,60,Arterial Highway,70+,Other injury,Bicyclists
T20220025794,11/14/2022,8:30:00,1,Collision with vehicle,1,Monday,163,VEHICLE STRIKES DOOR OF PARKED/STATIONARY VEHICLE,1,735690,2,0,0,1,1,2,2,5,Not at intersection,3,40,Local Road,30-39,Other injury,Bicyclists
T20220025817,11/9/2022,19:28:00,1,Collision with vehicle,4,Wednesday,137,LEFT TURN SIDESWIPE,1,735495,2,0,0,1,1,2,2,2,T intersection,3,60,Arterial Other,30-39,Other injury,Bicyclists
T20220025833,10/6/2022,0:01:00,1,Collision with vehicle,4,Thursday,116,LEFT NEAR (INTERSECTIONS ONLY),9,66341,2,0,0,1,1,2,2,2,T intersection,3,999,Local Road,40-49,Other injury,Bicyclists
T20220025872,11/11/2022,21:10:00,1,Collision with vehicle,6,Friday,163,VEHICLE STRIKES DOOR OF PARKED/STATIONARY VEHICLE,3,336486,2,0,0,1,1,2,2,5,Not at intersection,3,60,Local Road,26-29,Other injury,Bicyclists
T20220025888,11/16/2022,13:38:00,6,Vehicle overturned (no collision),4,Wednesday,174,OUT OF CONTROL ON CARRIAGEWAY (ON STRAIGHT),1,736281,1,0,1,0,0,1,1,5,Not at intersection,2,80,Arterial Other,60-64,Serious injury,Bicyclists
T20220025898,11/16/2022,15:40:00,1,Collision with vehicle,4,Wednesday,147,VEHICLE STRIKES ANOTHER VEH WHILE EMERGING FROM DRIVEWAY,1,768409,2,0,0,1,1,2,1,5,Not at intersection,3,888,Local Road,45424,Other injury,Bicyclists
T20220025923,11/16/2022,18:47:00,1,Collision with vehicle,3,Wednesday,137,LEFT TURN SIDESWIPE,1,278588,2,0,0,1,1,2,1,2,T intersection,3,60,Local Road,40-49,Other injury,Bicyclists
T20220025951,11/16/2022,18:45:00,1,Collision with vehicle,3,Wednesday,143,ENTERING PARKING,2,783485,3,0,0,1,2,3,1,5,Not at intersection,3,40,Local Road,22-25,Other injury,Bicyclists
T20220025965,10/18/2022,18:09:00,1,Collision with vehicle,2,Tuesday,137,LEFT TURN SIDESWIPE,1,36966,2,0,0,1,1,2,1,1,Cross intersection,3,40,Local Road,30-39,Other injury,Bicyclists
T20220025991,11/17/2022,7:10:00,1,Collision with vehicle,4,Thursday,110,CROSS TRAFFIC(INTERSECTIONS ONLY),2,73214,2,0,0,1,1,2,1,1,Cross intersection,3,60,Arterial Other,40-49,Other injury,Bicyclists
T20220025992,10/26/2022,5:50:00,1,Collision with vehicle,3,Wednesday,110,CROSS TRAFFIC(INTERSECTIONS ONLY),1,783226,2,0,0,1,1,2,2,1,Cross intersection,3,60,Local Road,40-49,Other injury,Bicyclists
T20220026003,11/17/2022,16:50:00,1,Collision with vehicle,4,Thursday,148,VEHICLE OFF FOOTPATH STRIKES VEH ON CARRIAGEWAY,1,41346,2,0,0,1,1,2,1,2,T intersection,3,50,Local Road,45424,Other injury,Bicyclists
T20220026016,11/17/2022,18:43:00,8,No collision and no object struck,5,Thursday,174,OUT OF CONTROL ON CARRIAGEWAY (ON STRAIGHT),1,41212,2,0,1,0,2,3,2,1,Cross intersection,2,40,Local Road,30-39,Serious injury,Bicyclists
T20220026021,11/17/2022,17:30:00,1,Collision with vehicle,5,Thursday,120,HEAD ON (NOT OVERTAKING),1,735905,2,0,1,0,1,2,1,5,Not at intersection,2,60,Arterial Other,22-25,Serious injury,Bicyclists
T20220026026,10/2/2022,8:45:00,8,No collision and no object struck,0,Sunday,179,OTHER ACCIDENTS-OFF STRAIGHT NOT INCLUDED IN DCAs 170-175,1,735906,1,0,0,1,0,1,2,5,Not at intersection,3,50,Arterial Other,40-49,Other injury,Bicyclists
T20220026040,10/10/2022,17:30:00,1,Collision with vehicle,1,Monday,139,OTHER SAME DIRECTION-MANOUEVRES NOT INCLUDED IN DCAs 130-137,1,736199,2,0,1,0,1,2,2,5,Not at intersection,2,999,Local Road,26-29,Serious injury,Bicyclists
T20220026046,11/18/2022,6:48:00,1,Collision with vehicle,6,Friday,111,RIGHT FAR (INTERSECTIONS ONLY),1,59605,2,0,0,2,0,2,2,1,Cross intersection,3,50,Local Road,26-29,Other injury,Bicyclists
T20220026067,11/17/2022,18:30:00,1,Collision with vehicle,5,Thursday,148,VEHICLE OFF FOOTPATH STRIKES VEH ON CARRIAGEWAY,1,737128,2,0,1,0,1,2,2,5,Not at intersection,2,50,Local Road,45424,Serious injury,Bicyclists
T20220026081,11/18/2022,12:06:00,1,Collision with vehicle,6,Friday,110,CROSS TRAFFIC(INTERSECTIONS ONLY),1,56907,2,0,0,1,1,2,1,1,Cross intersection,3,50,Local Road,30-39,Other injury,Bicyclists
T20220026135,11/18/2022,19:00:00,1,Collision with vehicle,5,Friday,130,REAR END(VEHICLES IN SAME LANE),9,25152,2,0,0,1,1,2,2,2,T intersection,3,80,Arterial Other,60-64,Other injury,Bicyclists
T20220026149,11/18/2022,22:45:00,1,Collision with vehicle,6,Friday,148,VEHICLE OFF FOOTPATH STRIKES VEH ON CARRIAGEWAY,3,736004,2,1,0,1,0,2,1,1,Cross intersection,1,70,Uknown,26-29,Fatality,Bicyclists
T20220026164,11/13/2022,12:30:00,1,Collision with vehicle,0,Sunday,147,VEHICLE STRIKES ANOTHER VEH WHILE EMERGING FROM DRIVEWAY,1,768680,2,0,0,1,1,2,2,5,Not at intersection,3,888,Local Road,45424,Other injury,Bicyclists
T20220026165,11/18/2022,17:30:00,1,Collision with vehicle,6,Friday,140,U TURN,1,736291,2,0,1,0,1,2,2,5,Not at intersection,2,40,Local Road,30-39,Serious injury,Bicyclists
T20220026192,11/19/2022,18:40:00,1,Collision with vehicle,7,Saturday,137,LEFT TURN SIDESWIPE,2,29420,2,0,0,1,1,2,1,1,Cross intersection,3,40,Local Road,22-25,Other injury,Bicyclists
T20220026226,11/13/2022,13:00:00,6,Vehicle overturned (no collision),0,Sunday,199,UNKNOWN-NO DETAILS ON MANOEUVRES OF ROAD-USERS IN ACCIDENT,1,57644,2,0,1,0,1,2,2,2,T intersection,2,40,Local Road,50-59,Serious injury,Bicyclists