ACCIDENT_NO,ACCIDENT_DATE,ACCIDENT_TIME,ACCIDENT_TYPE,ACCIDENT_TYPE_DESC,DAY_OF_WEEK,DAY_WEEK_DESC,DCA_CODE,DCA_DESC,LIGHT_CONDITION,NODE_ID,NO_OF_VEHICLES,NO_PERSONS_KILLED,NO_PERSONS_INJ_2,NO_PERSONS_INJ_3,NO_PERSONS_NOT_INJ,NO_PERSONS,POLICE_ATTEND,ROAD_GEOMETRY,ROAD_GEOMETRY_DESC,SEVERITY,SPEED_ZONE,RMA,AGE_GROUP,INJ_LEVEL,ROAD_USER_TYPE_DESC
T20220026229,11/18/2022,15:30:00,1,Collision with vehicle,5,Friday,147,VEHICLE STRIKES ANOTHER VEH WHILE EMERGING FROM DRIVEWAY,1,765903,2,0,0,1,1,2,2,5,Not at intersection,3,50,Local Road,45424,Other injury,Bicyclists
T20220026235,10/26/2022,17:40:00,1,Collision with vehicle,4,Wednesday,137,LEFT TURN SIDESWIPE,9,29406,2,0,0,1,1,2,2,1,Cross intersection,3,50,Local Road,22-25,Other injury,Bicyclists
T20220026258,11/18/2022,21:30:00,1,Collision with vehicle,5,Friday,148,VEHICLE OFF FOOTPATH STRIKES VEH ON CARRIAGEWAY,2,748910,2,0,0,1,1,2,2,2,T intersection,3,50,Local Road,30-39,Other injury,Bicyclists
T20220026343,8/8/2022,14:00:00,1,Collision with vehicle,1,Monday,148,VEHICLE OFF FOOTPATH STRIKES VEH ON CARRIAGEWAY,1,19361,2,0,0,1,1,2,2,1,Cross intersection,3,60,Arterial Highway,40-49,Other injury,Bicyclists
T20220026361,11/19/2022,9:30:00,1,Collision with vehicle,7,Saturday,143,ENTERING PARKING,1,736905,2,0,0,1,1,2,2,5,Not at intersection,3,50,Local Road,30-39,Other injury,Bicyclists
T20220026380,11/18/2022,12:40:00,1,Collision with vehicle,5,Friday,116,LEFT NEAR (INTERSECTIONS ONLY),1,61203,2,0,0,2,1,3,2,1,Cross intersection,3,40,Arterial Other,30-39,Other injury,Bicyclists
T20220026402,11/21/2022,19:45:00,1,Collision with vehicle,2,Monday,163,VEHICLE STRIKES DOOR OF PARKED/STATIONARY VEHICLE,1,737358,2,0,0,1,3,4,1,5,Not at intersection,3,40,Local Road,30-39,Other injury,Bicyclists
T20220026418,11/22/2022,7:20:00,1,Collision with vehicle,2,Tuesday,140,U TURN,1,736908,2,0,0,1,1,2,1,5,Not at intersection,3,40,Local Road,50-59,Other injury,Bicyclists
T20220026472,11/22/2022,14:45:00,1,Collision with vehicle,3,Tuesday,148,VEHICLE OFF FOOTPATH STRIKES VEH ON CARRIAGEWAY,1,251441,2,0,0,1,1,2,2,1,Cross intersection,3,60,Local Road,30-39,Other injury,Bicyclists
T20220026508,11/23/2022,6:52:00,1,Collision with vehicle,3,Wednesday,179,OTHER ACCIDENTS-OFF STRAIGHT NOT INCLUDED IN DCAs 170-175,2,783280,2,0,0,1,1,2,1,5,Not at intersection,3,60,Uknown,16-17,Other injury,Bicyclists
T20220026521,11/23/2022,8:44:00,1,Collision with vehicle,4,Wednesday,137,LEFT TURN SIDESWIPE,1,39316,2,0,0,1,1,2,2,1,Cross intersection,3,60,Arterial Highway,22-25,Other injury,Bicyclists
T20220026536,11/23/2022,8:10:00,8,No collision and no object struck,4,Wednesday,184,OUT OF CONTROL ON CARRIAGEWAY (ON BEND),1,765576,1,0,0,1,0,1,2,5,Not at intersection,3,70,Local Road,50-59,Other injury,Bicyclists
T20220026539,11/21/2022,4:50:00,1,Collision with vehicle,1,Monday,116,LEFT NEAR (INTERSECTIONS ONLY),3,36468,2,0,0,1,1,2,2,2,T intersection,3,40,Local Road,26-29,Other injury,Bicyclists
T20220026541,11/23/2022,7:42:00,1,Collision with vehicle,4,Wednesday,140,U TURN,1,39956,2,0,0,1,1,2,1,2,T intersection,3,60,Arterial Other,30-39,Other injury,Bicyclists
T20220026545,11/23/2022,15:15:00,1,Collision with vehicle,4,Wednesday,119,OTHER ADJACENT (INTERSECTIONS ONLY),1,42384,2,0,0,1,1,2,1,2,T intersection,3,50,Arterial Other,13-15,Other injury,Bicyclists
T20220026583,11/24/2022,8:20:00,1,Collision with vehicle,5,Thursday,121,RIGHT THROUGH,1,55183,2,0,1,0,1,2,1,2,T intersection,2,60,Arterial Highway,22-25,Serious injury,Bicyclists
T20220026606,11/24/2022,11:40:00,1,Collision with vehicle,5,Thursday,163,VEHICLE STRIKES DOOR OF PARKED/STATIONARY VEHICLE,1,765422,3,0,1,1,1,3,1,5,Not at intersection,2,50,Local Road,22-25,Serious injury,Bicyclists
T20220026688,11/18/2022,9:00:00,8,No collision and no object struck,6,Friday,170,OFF CARRIAGEWAY TO LEFT,1,738382,2,0,1,0,1,2,2,5,Not at intersection,2,999,Arterial Other,30-39,Serious injury,Bicyclists
T20220026720,11/24/2022,21:58:00,1,Collision with vehicle,4,Thursday,113,RIGHT NEAR (INTERSECTIONS ONLY),3,63385,2,0,0,1,1,2,1,2,T intersection,3,50,Local Road,40-49,Other injury,Bicyclists
T20220026733,11/25/2022,7:15:00,1,Collision with vehicle,5,Friday,110,CROSS TRAFFIC(INTERSECTIONS ONLY),1,37268,2,0,1,0,1,2,2,1,Cross intersection,2,50,Local Road,26-29,Serious injury,Bicyclists
T20220026768,11/23/2022,7:45:00,1,Collision with vehicle,4,Wednesday,142,LEAVING PARKING,1,739674,2,0,1,0,1,2,2,5,Not at intersection,2,40,Local Road,30-39,Serious injury,Bicyclists
T20220026771,11/19/2022,9:00:00,1,Collision with vehicle,7,Saturday,163,VEHICLE STRIKES DOOR OF PARKED/STATIONARY VEHICLE,9,740098,2,0,0,1,1,2,2,5,Not at intersection,3,999,Local Road,30-39,Other injury,Bicyclists
T20220026805,11/26/2022,21:58:00,1,Collision with vehicle,6,Saturday,120,HEAD ON (NOT OVERTAKING),3,786543,2,0,0,1,1,2,1,5,Not at intersection,3,70,Uknown,60-64,Other injury,Bicyclists
T20220026806,11/26/2022,16:25:00,1,Collision with vehicle,6,Saturday,147,VEHICLE STRIKES ANOTHER VEH WHILE EMERGING FROM DRIVEWAY,1,256274,2,0,0,1,1,2,1,5,Not at intersection,3,999,Arterial Other,50-59,Other injury,Bicyclists
T20220026833,11/27/2022,8:00:00,1,Collision with vehicle,1,Sunday,121,RIGHT THROUGH,1,57434,2,0,1,0,1,2,1,2,T intersection,2,70,Arterial Other,30-39,Serious injury,Bicyclists
T20220026894,11/25/2022,12:15:00,8,No collision and no object struck,6,Friday,174,OUT OF CONTROL ON CARRIAGEWAY (ON STRAIGHT),1,49966,2,0,0,1,1,2,1,1,Cross intersection,3,40,Local Road,40-49,Other injury,Bicyclists
T20220026897,11/28/2022,8:10:00,1,Collision with vehicle,2,Monday,113,RIGHT NEAR (INTERSECTIONS ONLY),1,51383,2,0,1,0,2,3,1,2,T intersection,2,60,Arterial Other,50-59,Serious injury,Bicyclists
T20220026948,11/28/2022,18:07:00,1,Collision with vehicle,2,Monday,119,OTHER ADJACENT (INTERSECTIONS ONLY),9,65003,2,0,0,1,1,2,2,1,Cross intersection,3,999,Arterial Highway,26-29,Other injury,Bicyclists
T20220026955,11/28/2022,15:10:00,1,Collision with vehicle,2,Monday,116,LEFT NEAR (INTERSECTIONS ONLY),1,36781,2,0,0,1,1,2,1,2,T intersection,3,60,Local Road,60-64,Other injury,Bicyclists
T20220026958,11/28/2022,22:26:00,1,Collision with vehicle,2,Monday,110,CROSS TRAFFIC(INTERSECTIONS ONLY),3,48745,2,0,0,1,1,2,1,1,Cross intersection,3,50,Local Road,30-39,Other injury,Bicyclists
T20220027033,11/29/2022,17:40:00,1,Collision with vehicle,2,Tuesday,132,RIGHT REAR.,1,738634,2,0,0,1,1,2,2,3,Y intersection,3,999,Local Road,30-39,Other injury,Bicyclists
T20220027038,11/29/2022,15:05:00,1,Collision with vehicle,3,Tuesday,147,VEHICLE STRIKES ANOTHER VEH WHILE EMERGING FROM DRIVEWAY,1,765069,2,0,0,1,1,2,2,5,Not at intersection,3,50,Local Road,13-15,Other injury,Bicyclists
T20220027042,11/29/2022,9:40:00,1,Collision with vehicle,2,Tuesday,120,HEAD ON (NOT OVERTAKING),1,747930,2,0,0,1,1,2,2,2,T intersection,3,999,Local Road,26-29,Other injury,Bicyclists
T20220027113,11/30/2022,14:27:00,1,Collision with vehicle,4,Wednesday,130,REAR END(VEHICLES IN SAME LANE),1,764478,2,0,1,0,2,3,1,5,Not at intersection,2,60,Arterial Other,40-49,Serious injury,Bicyclists
T20220027139,11/30/2022,18:15:00,1,Collision with vehicle,4,Wednesday,130,REAR END(VEHICLES IN SAME LANE),1,764482,2,0,0,1,1,2,1,5,Not at intersection,3,80,Arterial Highway,40-49,Other injury,Bicyclists
T20220027154,11/30/2022,19:58:00,1,Collision with vehicle,3,Wednesday,113,RIGHT NEAR (INTERSECTIONS ONLY),1,738641,2,0,0,1,1,2,1,2,T intersection,3,60,Local Road,16-17,Other injury,Bicyclists
T20220027156,11/25/2020,10:45:00,5,collision with some other object,3,Wednesday,165,TEMPORARY ROADWORKS,1,751702,1,0,1,0,0,1,2,2,T intersection,2,999,Local Road,65-69,Serious injury,Bicyclists
T20220027197,12/1/2022,7:46:00,1,Collision with vehicle,5,Thursday,121,RIGHT THROUGH,1,356846,2,0,1,0,1,2,1,2,T intersection,2,50,Arterial Highway,30-39,Serious injury,Bicyclists
T20220027255,12/1/2022,20:10:00,8,No collision and no object struck,5,Thursday,174,OUT OF CONTROL ON CARRIAGEWAY (ON STRAIGHT),2,45064,1,0,1,0,0,1,1,1,Cross intersection,2,40,Local Road,40-49,Serious injury,Bicyclists
T20220027268,12/1/2022,19:58:00,1,Collision with vehicle,5,Thursday,121,RIGHT THROUGH,1,42035,2,0,1,0,1,2,1,2,T intersection,2,60,Uknown,30-39,Serious injury,Bicyclists
T20220027352,12/2/2022,16:25:00,1,Collision with vehicle,5,Friday,119,OTHER ADJACENT (INTERSECTIONS ONLY),1,36788,5,0,0,1,5,6,1,1,Cross intersection,3,60,Local Road,40-49,Other injury,Bicyclists
T20220027385,12/3/2022,7:55:00,8,No collision and no object struck,7,Saturday,174,OUT OF CONTROL ON CARRIAGEWAY (ON STRAIGHT),1,740979,1,0,0,1,0,1,1,5,Not at intersection,3,80,Arterial Highway,50-59,Other injury,Bicyclists
T20220027391,12/3/2022,10:27:00,1,Collision with vehicle,6,Saturday,130,REAR END(VEHICLES IN SAME LANE),1,777626,2,0,0,1,1,2,1,1,Cross intersection,3,80,Arterial Other,40-49,Other injury,Bicyclists
T20220027393,11/25/2022,17:30:00,1,Collision with vehicle,5,Friday,136,RIGHT TURN SIDESWIPE,1,39222,2,0,0,1,1,2,2,2,T intersection,3,50,Local Road,18-21,Other injury,Bicyclists
T20220027398,12/3/2022,10:40:00,1,Collision with vehicle,7,Saturday,137,LEFT TURN SIDESWIPE,1,29446,2,0,0,1,1,2,1,1,Cross intersection,3,40,Arterial Other,22-25,Other injury,Bicyclists
T20220027404,12/3/2022,10:30:00,1,Collision with vehicle,7,Saturday,120,HEAD ON (NOT OVERTAKING),1,743149,2,0,1,0,1,2,1,5,Not at intersection,2,60,Arterial Other,50-59,Serious injury,Bicyclists
T20220027420,12/3/2022,16:03:00,1,Collision with vehicle,7,Saturday,139,OTHER SAME DIRECTION-MANOUEVRES NOT INCLUDED IN DCAs 130-137,1,37666,2,0,0,1,1,2,1,5,Not at intersection,3,40,Arterial Other,30-39,Other injury,Bicyclists
T20220027443,11/29/2022,19:10:00,1,Collision with vehicle,3,Tuesday,163,VEHICLE STRIKES DOOR OF PARKED/STATIONARY VEHICLE,9,765065,2,0,0,2,0,2,2,5,Not at intersection,3,999,Local Road,30-39,Other injury,Bicyclists
T20220027480,12/4/2022,7:50:00,1,Collision with vehicle,1,Sunday,110,CROSS TRAFFIC(INTERSECTIONS ONLY),1,342142,2,0,1,0,1,2,1,1,Cross intersection,2,50,Local Road,40-49,Serious injury,Bicyclists
T20220027484,12/4/2022,8:30:00,1,Collision with vehicle,1,Sunday,137,LEFT TURN SIDESWIPE,1,270520,2,0,1,0,3,4,1,1,Cross intersection,2,60,Local Road,26-29,Serious injury,Bicyclists
T20220027523,12/4/2022,18:05:00,1,Collision with vehicle,1,Sunday,132,RIGHT REAR.,1,740691,2,0,0,1,2,3,1,5,Not at intersection,3,40,Local Road,60-64,Other injury,Bicyclists
T20220027553,11/22/2021,16:25:00,1,Collision with vehicle,1,Monday,147,VEHICLE STRIKES ANOTHER VEH WHILE EMERGING FROM DRIVEWAY,1,781310,2,0,0,1,1,2,1,5,Not at intersection,3,60,Arterial Other,70+,Other injury,Bicyclists
T20220027568,12/3/2022,12:45:00,1,Collision with vehicle,6,Saturday,121,RIGHT THROUGH,1,40053,2,0,1,0,1,2,2,2,T intersection,2,60,Arterial Other,22-25,Serious injury,Bicyclists
T20220027581,12/5/2022,7:25:00,1,Collision with vehicle,1,Monday,163,VEHICLE STRIKES DOOR OF PARKED/STATIONARY VEHICLE,2,778116,2,0,1,0,1,2,1,5,Not at intersection,2,60,Arterial Other,50-59,Serious injury,Bicyclists
T20220027586,12/3/2022,7:45:00,1,Collision with vehicle,7,Saturday,160,VEHICLE COLLIDES WITH VEHICLE PARKED ON LEFT OF ROAD,1,739895,2,0,1,0,0,1,2,5,Not at intersection,2,60,Arterial Other,65-69,Serious injury,Bicyclists
T20220027596,12/4/2022,8:30:00,1,Collision with vehicle,0,Sunday,153,CUTTING IN (OVERTAKING),1,778006,2,0,0,1,1,2,2,5,Not at intersection,3,50,Local Road,50-59,Other injury,Bicyclists
T20220027619,12/5/2022,15:58:00,1,Collision with vehicle,1,Monday,120,HEAD ON (NOT OVERTAKING),1,741275,2,0,0,1,1,2,1,5,Not at intersection,3,50,Local Road,40-49,Other injury,Bicyclists
T20220027651,12/5/2022,16:30:00,5,collision with some other object,1,Monday,166,STRUCK OBJECT ON CARRIAGEWAY,1,783446,1,0,0,1,0,1,2,5,Not at intersection,3,30,Arterial Other,40-49,Other injury,Bicyclists
T20220027655,12/5/2022,18:15:00,1,Collision with vehicle,1,Monday,110,CROSS TRAFFIC(INTERSECTIONS ONLY),2,41416,2,0,0,1,1,2,2,1,Cross intersection,3,50,Local Road,60-64,Other injury,Bicyclists
T20220027671,12/6/2022,7:30:00,6,Vehicle overturned (no collision),2,Tuesday,174,OUT OF CONTROL ON CARRIAGEWAY (ON STRAIGHT),1,779510,1,0,1,0,0,1,2,5,Not at intersection,2,80,Arterial Other,50-59,Serious injury,Bicyclists
T20220027682,12/6/2022,12:15:00,1,Collision with vehicle,2,Tuesday,160,VEHICLE COLLIDES WITH VEHICLE PARKED ON LEFT OF ROAD,1,748140,2,0,1,0,0,1,1,5,Not at intersection,2,60,Local Road,50-59,Serious injury,Bicyclists
T20220027686,12/6/2022,5:30:00,1,Collision with vehicle,3,Tuesday,137,LEFT TURN SIDESWIPE,2,763697,2,0,0,1,1,2,2,5,Not at intersection,3,40,Local Road,26-29,Other injury,Bicyclists
T20220027742,12/7/2022,8:55:00,1,Collision with vehicle,3,Wednesday,121,RIGHT THROUGH,1,763483,2,0,0,1,1,2,1,5,Not at intersection,3,60,Arterial Other,50-59,Other injury,Bicyclists
T20220027747,12/7/2022,11:01:00,1,Collision with vehicle,4,Wednesday,142,LEAVING PARKING,1,740883,2,0,1,0,1,2,1,5,Not at intersection,2,60,Local Road,40-49,Serious injury,Bicyclists
T20220027763,12/7/2022,7:54:00,1,Collision with vehicle,4,Wednesday,110,CROSS TRAFFIC(INTERSECTIONS ONLY),1,740315,2,0,1,0,1,2,1,1,Cross intersection,2,50,Local Road,40-49,Serious injury,Bicyclists
T20220027781,12/7/2022,16:28:00,8,No collision and no object struck,4,Wednesday,174,OUT OF CONTROL ON CARRIAGEWAY (ON STRAIGHT),1,744803,1,0,0,1,0,1,1,5,Not at intersection,3,100,Arterial Highway,50-59,Other injury,Bicyclists
T20220027786,12/7/2022,16:43:00,1,Collision with vehicle,4,Wednesday,121,RIGHT THROUGH,1,37480,2,0,1,0,1,2,1,2,T intersection,2,60,Arterial Other,65-69,Serious injury,Bicyclists
T20220027812,12/7/2022,15:21:00,1,Collision with vehicle,4,Wednesday,132,RIGHT REAR.,1,742823,2,0,1,0,1,2,1,2,T intersection,2,50,Local Road,45424,Not injured,Bicyclists
T20220027834,11/18/2022,17:30:00,4,Collision with a fixed object,5,Friday,171,LEFT OFF CARRIAGEWAY INTO OBJECT/PARKED VEHICLE,1,741278,2,0,0,1,1,2,2,2,T intersection,3,999,Local Road,60-64,Other injury,Bicyclists
T20220027864,12/8/2022,10:20:00,1,Collision with vehicle,5,Thursday,121,RIGHT THROUGH,1,335866,2,0,0,2,1,3,1,1,Cross intersection,3,70,Arterial Other,60-64,Other injury,Bicyclists
T20220027881,12/8/2022,15:50:00,1,Collision with vehicle,5,Thursday,147,VEHICLE STRIKES ANOTHER VEH WHILE EMERGING FROM DRIVEWAY,1,763482,2,0,0,1,1,2,1,5,Not at intersection,3,50,Local Road,45424,Other injury,Bicyclists
T20220027889,12/8/2022,17:15:00,1,Collision with vehicle,5,Thursday,120,HEAD ON (NOT OVERTAKING),1,763433,2,0,0,1,1,2,1,5,Not at intersection,3,60,Local Road,18-21,Other injury,Bicyclists
T20220027891,6/28/2022,16:00:00,1,Collision with vehicle,2,Tuesday,121,RIGHT THROUGH,9,782080,2,0,0,1,1,2,2,5,Not at intersection,3,999,Local Road,45424,Other injury,Bicyclists
T20220027907,12/8/2022,19:28:00,1,Collision with vehicle,4,Thursday,148,VEHICLE OFF FOOTPATH STRIKES VEH ON CARRIAGEWAY,1,745313,2,0,1,0,1,2,1,2,T intersection,2,60,Local Road,45424,Serious injury,Bicyclists
T20220027994,12/9/2022,18:34:00,1,Collision with vehicle,5,Friday,121,RIGHT THROUGH,1,37766,2,0,0,1,1,2,1,2,T intersection,3,40,Arterial Other,30-39,Other injury,Bicyclists
T20220028029,12/10/2022,8:30:00,1,Collision with vehicle,7,Saturday,113,RIGHT NEAR (INTERSECTIONS ONLY),1,73145,2,0,1,0,1,2,1,1,Cross intersection,2,60,Local Road,40-49,Serious injury,Bicyclists
T20220028055,12/10/2022,10:09:00,1,Collision with vehicle,7,Saturday,140,U TURN,1,29527,2,0,1,0,1,2,1,1,Cross intersection,2,60,Arterial Other,30-39,Serious injury,Bicyclists
T20220028087,12/8/2022,14:30:00,2,Struck Pedestrian,5,Thursday,100,PED NEAR SIDE. PED HIT BY VEHICLE FROM THE RIGHT.,1,741382,1,0,1,0,1,2,2,5,Not at intersection,2,999,Arterial Other,Unknown,Not injured,Bicyclists
T20220028110,12/11/2022,1:12:00,1,Collision with vehicle,1,Sunday,136,RIGHT TURN SIDESWIPE,3,754545,2,0,0,1,2,3,1,5,Not at intersection,3,50,Local Road,16-17,Other injury,Bicyclists
T20220028130,12/11/2022,9:38:00,1,Collision with vehicle,0,Sunday,121,RIGHT THROUGH,1,29356,2,0,0,1,2,3,1,2,T intersection,3,40,Arterial Other,30-39,Other injury,Bicyclists
T20220028138,12/11/2022,9:30:00,8,No collision and no object struck,0,Sunday,174,OUT OF CONTROL ON CARRIAGEWAY (ON STRAIGHT),1,773185,1,0,0,1,0,1,1,5,Not at intersection,3,100,Uknown,65-69,Other injury,Bicyclists
T20220028147,12/11/2022,12:41:00,1,Collision with vehicle,1,Sunday,119,OTHER ADJACENT (INTERSECTIONS ONLY),1,40105,2,0,1,0,1,2,1,1,Cross intersection,2,60,Arterial Other,30-39,Serious injury,Bicyclists
T20220028205,12/2/2022,12:15:00,1,Collision with vehicle,6,Friday,143,ENTERING PARKING,1,783371,2,0,0,1,1,2,2,5,Not at intersection,3,40,Arterial Other,16-17,Other injury,Bicyclists
T20220028216,10/1/2022,17:15:00,5,collision with some other object,6,Saturday,166,STRUCK OBJECT ON CARRIAGEWAY,9,782971,1,0,0,1,0,1,2,5,Not at intersection,3,999,Freeway,40-49,Other injury,Bicyclists
T20220028278,12/13/2022,9:55:00,1,Collision with vehicle,2,Tuesday,121,RIGHT THROUGH,1,38045,2,0,1,0,1,2,1,1,Cross intersection,2,50,Arterial Other,30-39,Serious injury,Bicyclists
T20220028297,12/12/2022,17:48:00,1,Collision with vehicle,2,Monday,121,RIGHT THROUGH,1,67678,2,0,1,0,1,2,1,2,T intersection,2,60,Arterial Other,18-21,Serious injury,Bicyclists
T20220028300,12/13/2022,8:02:00,1,Collision with vehicle,2,Tuesday,121,RIGHT THROUGH,1,38051,2,0,0,1,1,2,1,1,Cross intersection,3,60,Arterial Other,22-25,Other injury,Bicyclists
T20220028306,12/13/2022,12:42:00,1,Collision with vehicle,2,Tuesday,110,CROSS TRAFFIC(INTERSECTIONS ONLY),1,41433,2,0,0,1,1,2,1,1,Cross intersection,3,40,Arterial Other,65-69,Other injury,Bicyclists
T20220028337,12/13/2022,15:05:00,1,Collision with vehicle,2,Tuesday,137,LEFT TURN SIDESWIPE,1,36629,2,0,0,1,1,2,2,2,T intersection,3,40,Local Road,40-49,Other injury,Bicyclists
T20220028348,12/13/2022,17:20:00,1,Collision with vehicle,3,Tuesday,163,VEHICLE STRIKES DOOR OF PARKED/STATIONARY VEHICLE,1,778117,2,0,0,1,1,2,2,5,Not at intersection,3,60,Arterial Other,40-49,Other injury,Bicyclists
T20220028437,12/10/2022,21:30:00,1,Collision with vehicle,7,Saturday,148,VEHICLE OFF FOOTPATH STRIKES VEH ON CARRIAGEWAY,6,376,2,0,1,0,1,2,2,2,T intersection,2,999,Arterial Highway,30-39,Serious injury,Bicyclists
T20220028454,12/13/2022,6:30:00,1,Collision with vehicle,2,Tuesday,163,VEHICLE STRIKES DOOR OF PARKED/STATIONARY VEHICLE,2,742025,2,0,0,1,1,2,2,5,Not at intersection,3,60,Arterial Other,26-29,Other injury,Bicyclists
T20220028517,12/15/2022,12:20:00,1,Collision with vehicle,4,Thursday,110,CROSS TRAFFIC(INTERSECTIONS ONLY),1,36658,2,0,0,1,1,2,2,1,Cross intersection,3,999,Local Road,40-49,Other injury,Bicyclists
T20220028530,12/15/2022,11:00:00,1,Collision with vehicle,4,Thursday,133,LANE SIDE SWIPE (VEHICLES IN PARALLEL LANES),1,743761,2,0,0,1,2,3,1,5,Not at intersection,3,40,Local Road,30-39,Other injury,Bicyclists
T20220028563,4/28/2020,6:45:00,4,Collision with a fixed object,3,Tuesday,183,OFF LEFT BEND INTO OBJECT/PARKED VEHICLE,2,741709,1,0,1,0,0,1,2,5,Not at intersection,2,60,Arterial Highway,40-49,Serious injury,Bicyclists
T20220028610,12/16/2022,5:50:00,1,Collision with vehicle,6,Friday,110,CROSS TRAFFIC(INTERSECTIONS ONLY),1,743668,2,0,1,0,1,2,1,4,Multiple intersection,2,60,Local Road,40-49,Serious injury,Bicyclists
T20220028624,12/15/2022,16:40:00,1,Collision with vehicle,5,Thursday,133,LANE SIDE SWIPE (VEHICLES IN PARALLEL LANES),1,37115,2,0,0,1,1,2,2,1,Cross intersection,3,60,Local Road,30-39,Other injury,Bicyclists
T20220028634,11/30/2022,17:20:00,1,Collision with vehicle,3,Wednesday,148,VEHICLE OFF FOOTPATH STRIKES VEH ON CARRIAGEWAY,1,783318,2,0,0,1,1,2,1,5,Not at intersection,3,50,Local Road,40-49,Other injury,Bicyclists
T20220028640,12/7/2022,16:30:00,1,Collision with vehicle,4,Wednesday,143,ENTERING PARKING,1,743762,2,0,1,0,1,2,2,5,Not at intersection,2,40,Local Road,30-39,Serious injury,Bicyclists
T20220028686,12/16/2022,19:30:00,1,Collision with vehicle,6,Friday,130,REAR END(VEHICLES IN SAME LANE),1,37535,2,0,1,0,1,2,1,1,Cross intersection,2,60,Local Road,50-59,Serious injury,Bicyclists
T20220028716,11/14/2022,10:30:00,1,Collision with vehicle,2,Monday,113,RIGHT NEAR (INTERSECTIONS ONLY),9,70629,2,0,0,1,1,2,2,2,T intersection,3,60,Arterial Other,50-59,Other injury,Bicyclists
T20220028735,12/17/2022,13:16:00,1,Collision with vehicle,6,Saturday,121,RIGHT THROUGH,1,37914,2,0,1,0,1,2,1,1,Cross intersection,2,50,Uknown,65-69,Serious injury,Bicyclists
T20220028766,12/17/2022,9:49:00,1,Collision with vehicle,6,Saturday,116,LEFT NEAR (INTERSECTIONS ONLY),1,73667,2,0,0,1,1,2,1,9,Unknown,3,50,Arterial Other,70+,Other injury,Bicyclists
T20220028772,12/18/2022,8:10:00,1,Collision with vehicle,1,Sunday,113,RIGHT NEAR (INTERSECTIONS ONLY),1,700146,2,0,2,0,0,2,1,2,T intersection,2,60,Local Road,60-64,Serious injury,Bicyclists
T20220028777,12/18/2022,10:19:00,1,Collision with vehicle,1,Sunday,147,VEHICLE STRIKES ANOTHER VEH WHILE EMERGING FROM DRIVEWAY,1,742617,2,0,1,0,1,2,1,5,Not at intersection,2,999,Uknown,50-59,Serious injury,Bicyclists
T20220028782,2/12/2022,17:00:00,1,Collision with vehicle,6,Saturday,113,RIGHT NEAR (INTERSECTIONS ONLY),1,742316,2,0,0,1,1,2,2,2,T intersection,3,50,Local Road,40-49,Other injury,Bicyclists
T20220028786,12/18/2022,12:00:00,1,Collision with vehicle,1,Sunday,148,VEHICLE OFF FOOTPATH STRIKES VEH ON CARRIAGEWAY,1,742520,2,0,0,1,1,2,1,5,Not at intersection,3,70,Local Road,45424,Other injury,Bicyclists
T20220028788,12/17/2022,17:00:00,1,Collision with vehicle,6,Saturday,163,VEHICLE STRIKES DOOR OF PARKED/STATIONARY VEHICLE,9,753377,2,0,0,1,1,2,2,5,Not at intersection,3,40,Local Road,50-59,Other injury,Bicyclists
T20220028791,12/17/2022,11:00:00,1,Collision with vehicle,7,Saturday,163,VEHICLE STRIKES DOOR OF PARKED/STATIONARY VEHICLE,1,115390,2,0,0,1,1,2,2,5,Not at intersection,3,40,Arterial Other,26-29,Other injury,Bicyclists
T20220028792,12/18/2022,10:04:00,1,Collision with vehicle,1,Sunday,135,LANE CHANGE LEFT (NOT OVERTAKING),1,669964,2,0,1,0,1,2,1,1,Cross intersection,2,80,Arterial Highway,30-39,Serious injury,Bicyclists
T20220028794,11/6/2022,16:45:00,1,Collision with vehicle,1,Sunday,147,VEHICLE STRIKES ANOTHER VEH WHILE EMERGING FROM DRIVEWAY,1,742939,2,0,0,1,1,2,2,5,Not at intersection,3,50,Local Road,50-59,Other injury,Bicyclists
T20220028799,12/18/2022,10:30:00,1,Collision with vehicle,1,Sunday,130,REAR END(VEHICLES IN SAME LANE),1,742726,2,0,1,0,1,2,1,5,Not at intersection,2,50,Local Road,50-59,Serious injury,Bicyclists
T20220028801,12/18/2022,11:30:00,8,No collision and no object struck,1,Sunday,174,OUT OF CONTROL ON CARRIAGEWAY (ON STRAIGHT),1,29416,1,0,1,0,0,1,1,5,Not at intersection,2,40,Arterial Other,50-59,Serious injury,Bicyclists
T20220028816,12/18/2022,18:15:00,6,Vehicle overturned (no collision),1,Sunday,174,OUT OF CONTROL ON CARRIAGEWAY (ON STRAIGHT),1,743263,1,0,0,1,0,1,1,5,Not at intersection,3,40,Local Road,30-39,Other injury,Bicyclists
T20220028835,11/18/2022,16:00:00,1,Collision with vehicle,5,Friday,137,LEFT TURN SIDESWIPE,1,38006,2,0,0,1,1,2,1,1,Cross intersection,3,60,Arterial Other,60-64,Other injury,Bicyclists
T20220028842,12/19/2022,6:30:00,1,Collision with vehicle,1,Monday,110,CROSS TRAFFIC(INTERSECTIONS ONLY),1,35770,2,0,1,0,1,2,1,1,Cross intersection,2,50,Arterial Highway,30-39,Serious injury,Bicyclists