ACCIDENT_NO,ACCIDENT_DATE,ACCIDENT_TIME,ACCIDENT_TYPE,ACCIDENT_TYPE_DESC,DAY_OF_WEEK,DAY_WEEK_DESC,DCA_CODE,DCA_DESC,LIGHT_CONDITION,NODE_ID,NO_OF_VEHICLES,NO_PERSONS_KILLED,NO_PERSONS_INJ_2,NO_PERSONS_INJ_3,NO_PERSONS_NOT_INJ,NO_PERSONS,POLICE_ATTEND,ROAD_GEOMETRY,ROAD_GEOMETRY_DESC,SEVERITY,SPEED_ZONE,RMA,AGE_GROUP,INJ_LEVEL,ROAD_USER_TYPE_DESC
T20220028850,12/17/2022,17:00:00,1,Collision with vehicle,6,Saturday,137,LEFT TURN SIDESWIPE,1,36626,2,0,0,1,1,2,2,1,Cross intersection,3,40,Arterial Other,30-39,Other injury,Bicyclists
T20220028858,12/14/2022,20:00:00,6,Vehicle overturned (no collision),4,Wednesday,174,OUT OF CONTROL ON CARRIAGEWAY (ON STRAIGHT),2,655107,1,0,0,1,0,1,2,5,Not at intersection,3,40,Local Road,50-59,Other injury,Bicyclists
T20220028861,12/19/2022,8:00:00,8,No collision and no object struck,2,Monday,174,OUT OF CONTROL ON CARRIAGEWAY (ON STRAIGHT),1,16994,2,0,1,0,1,2,1,5,Not at intersection,2,60,Uknown,26-29,Serious injury,Bicyclists
T20220028900,12/17/2022,18:00:00,1,Collision with vehicle,7,Saturday,113,RIGHT NEAR (INTERSECTIONS ONLY),1,742526,2,0,0,1,1,2,2,2,T intersection,3,50,Local Road,45424,Other injury,Bicyclists
T20220028922,12/19/2022,19:45:00,1,Collision with vehicle,2,Monday,110,CROSS TRAFFIC(INTERSECTIONS ONLY),1,20790,2,0,0,1,1,2,1,1,Cross intersection,3,60,Local Road,45424,Other injury,Bicyclists
T20220028954,12/20/2022,6:00:00,1,Collision with vehicle,2,Tuesday,160,VEHICLE COLLIDES WITH VEHICLE PARKED ON LEFT OF ROAD,1,742727,2,0,0,1,0,1,2,5,Not at intersection,3,60,Arterial Other,65-69,Other injury,Bicyclists
T20220028973,12/10/2022,10:35:00,1,Collision with vehicle,6,Saturday,110,CROSS TRAFFIC(INTERSECTIONS ONLY),1,54742,2,0,0,1,1,2,2,1,Cross intersection,3,50,Local Road,65-69,Other injury,Bicyclists
T20220028986,12/20/2022,12:45:00,1,Collision with vehicle,2,Tuesday,139,OTHER SAME DIRECTION-MANOUEVRES NOT INCLUDED IN DCAs 130-137,1,742728,3,0,0,1,2,3,2,5,Not at intersection,3,60,Arterial Other,50-59,Other injury,Bicyclists
T20220028988,12/9/2022,7:20:00,1,Collision with vehicle,6,Friday,121,RIGHT THROUGH,2,65887,2,0,0,1,1,2,2,2,T intersection,3,999,Uknown,40-49,Other injury,Bicyclists
T20220028998,12/17/2022,7:45:00,1,Collision with vehicle,6,Saturday,116,LEFT NEAR (INTERSECTIONS ONLY),1,39218,2,0,0,1,1,2,2,2,T intersection,3,999,Local Road,26-29,Other injury,Bicyclists
T20220029017,12/20/2022,18:20:00,7,Fall from or in moving vehicle,3,Tuesday,179,OTHER ACCIDENTS-OFF STRAIGHT NOT INCLUDED IN DCAs 170-175,1,742946,1,0,0,1,0,1,1,5,Not at intersection,3,50,Local Road,30-39,Other injury,Bicyclists
T20220029038,12/8/2022,17:30:00,1,Collision with vehicle,4,Thursday,121,RIGHT THROUGH,1,265474,2,0,0,1,1,2,2,2,T intersection,3,40,Local Road,30-39,Other injury,Bicyclists
T20220029061,12/21/2022,7:20:00,1,Collision with vehicle,4,Wednesday,143,ENTERING PARKING,1,742949,2,0,0,1,1,2,1,5,Not at intersection,3,50,Local Road,50-59,Other injury,Bicyclists
T20220029076,12/21/2022,9:30:00,1,Collision with vehicle,3,Wednesday,147,VEHICLE STRIKES ANOTHER VEH WHILE EMERGING FROM DRIVEWAY,1,780367,2,0,0,1,1,2,1,5,Not at intersection,3,70,Uknown,65-69,Other injury,Bicyclists
T20220029079,12/20/2022,13:45:00,1,Collision with vehicle,2,Tuesday,137,LEFT TURN SIDESWIPE,1,36626,2,0,0,1,1,2,1,1,Cross intersection,3,40,Arterial Other,22-25,Other injury,Bicyclists
T20220029110,12/16/2022,20:20:00,1,Collision with vehicle,5,Friday,160,VEHICLE COLLIDES WITH VEHICLE PARKED ON LEFT OF ROAD,2,789912,2,0,1,0,1,2,2,5,Not at intersection,2,40,Local Road,40-49,Serious injury,Bicyclists
T20220029154,12/21/2022,22:20:00,1,Collision with vehicle,4,Wednesday,130,REAR END(VEHICLES IN SAME LANE),3,725428,2,0,1,0,1,2,1,5,Not at intersection,2,70,Arterial Highway,18-21,Serious injury,Bicyclists
T20220029179,12/21/2022,16:40:00,8,No collision and no object struck,4,Wednesday,174,OUT OF CONTROL ON CARRIAGEWAY (ON STRAIGHT),9,743972,1,0,1,0,0,1,2,5,Not at intersection,2,40,Local Road,40-49,Serious injury,Bicyclists
T20220029188,12/21/2022,21:30:00,1,Collision with vehicle,3,Wednesday,148,VEHICLE OFF FOOTPATH STRIKES VEH ON CARRIAGEWAY,3,36230,2,0,1,0,2,3,1,1,Cross intersection,2,60,Arterial Other,30-39,Serious injury,Bicyclists
T20220029197,12/22/2022,11:48:00,1,Collision with vehicle,5,Thursday,163,VEHICLE STRIKES DOOR OF PARKED/STATIONARY VEHICLE,1,743265,3,0,1,0,2,3,1,5,Not at intersection,2,40,Arterial Other,26-29,Serious injury,Bicyclists
T20220029224,12/18/2022,12:00:00,1,Collision with vehicle,0,Sunday,121,RIGHT THROUGH,1,65831,2,0,0,1,1,2,2,1,Cross intersection,3,40,Arterial Other,22-25,Other injury,Bicyclists
T20220029287,12/12/2022,16:58:00,1,Collision with vehicle,1,Monday,110,CROSS TRAFFIC(INTERSECTIONS ONLY),1,40195,4,0,0,2,3,5,1,1,Cross intersection,3,70,Arterial Highway,Unknown,Not injured,Bicyclists
T20220029300,12/23/2022,12:47:00,1,Collision with vehicle,5,Friday,148,VEHICLE OFF FOOTPATH STRIKES VEH ON CARRIAGEWAY,1,278216,2,0,0,1,1,2,1,2,T intersection,3,50,Freeway,65-69,Other injury,Bicyclists
T20220029309,12/23/2022,12:38:00,1,Collision with vehicle,5,Friday,133,LANE SIDE SWIPE (VEHICLES IN PARALLEL LANES),1,777367,2,0,0,1,1,2,1,5,Not at intersection,3,40,Local Road,22-25,Other injury,Bicyclists
T20220029393,12/24/2022,15:44:00,1,Collision with vehicle,7,Saturday,147,VEHICLE STRIKES ANOTHER VEH WHILE EMERGING FROM DRIVEWAY,1,743574,2,0,0,1,1,2,1,5,Not at intersection,3,60,Arterial Highway,60-64,Other injury,Bicyclists
T20220029415,12/24/2022,18:50:00,1,Collision with vehicle,7,Saturday,147,VEHICLE STRIKES ANOTHER VEH WHILE EMERGING FROM DRIVEWAY,1,744355,2,0,1,0,1,2,1,5,Not at intersection,2,50,Local Road,45424,Serious injury,Bicyclists
T20220029431,12/24/2022,23:30:00,1,Collision with vehicle,6,Saturday,131,LEFT REAR,3,761773,2,0,0,1,1,2,1,5,Not at intersection,3,50,Local Road,50-59,Other injury,Bicyclists
T20220029455,12/6/2022,18:36:00,1,Collision with vehicle,2,Tuesday,121,RIGHT THROUGH,1,45553,2,0,0,1,1,2,2,2,T intersection,3,60,Arterial Other,22-25,Other injury,Bicyclists
T20220029459,12/20/2022,16:40:00,1,Collision with vehicle,3,Tuesday,140,U TURN,1,745010,2,0,0,1,1,2,2,5,Not at intersection,3,50,Local Road,30-39,Other injury,Bicyclists
T20220029474,12/25/2022,21:55:00,1,Collision with vehicle,1,Sunday,122,LEFT THROUGH,6,48877,2,0,0,1,1,2,2,2,T intersection,3,50,Arterial Highway,16-17,Other injury,Bicyclists
T20220029477,12/25/2022,0:45:00,1,Collision with vehicle,1,Sunday,122,LEFT THROUGH,3,61041,2,0,1,0,1,2,1,1,Cross intersection,2,888,Uknown,40-49,Serious injury,Bicyclists
T20220029518,12/26/2022,18:55:00,1,Collision with vehicle,1,Monday,148,VEHICLE OFF FOOTPATH STRIKES VEH ON CARRIAGEWAY,1,746294,2,0,1,0,1,2,1,5,Not at intersection,2,60,Local Road,45424,Serious injury,Bicyclists
T20220029567,12/27/2022,10:50:00,1,Collision with vehicle,2,Tuesday,163,VEHICLE STRIKES DOOR OF PARKED/STATIONARY VEHICLE,1,776461,2,0,0,1,1,2,2,5,Not at intersection,3,50,Local Road,50-59,Other injury,Bicyclists
T20220029572,12/27/2022,8:43:00,1,Collision with vehicle,2,Tuesday,121,RIGHT THROUGH,1,720061,2,0,0,1,1,2,2,5,Not at intersection,3,80,Arterial Other,40-49,Other injury,Bicyclists
T20220029625,12/20/2022,7:15:00,1,Collision with vehicle,2,Tuesday,121,RIGHT THROUGH,1,745013,2,0,0,1,1,2,2,1,Cross intersection,3,40,Arterial Other,30-39,Other injury,Bicyclists
T20220029652,12/24/2022,10:47:00,6,Vehicle overturned (no collision),6,Saturday,174,OUT OF CONTROL ON CARRIAGEWAY (ON STRAIGHT),1,786725,1,0,1,0,0,1,1,5,Not at intersection,2,60,Uknown,30-39,Serious injury,Bicyclists
T20220029692,12/3/2022,9:30:00,8,No collision and no object struck,7,Saturday,174,OUT OF CONTROL ON CARRIAGEWAY (ON STRAIGHT),1,42809,2,0,0,1,1,2,2,2,T intersection,3,999,Arterial Other,30-39,Other injury,Bicyclists
T20220029703,12/12/2022,15:45:00,1,Collision with vehicle,2,Monday,175,OFF END OF ROAD/T-INTERSECTION.,1,744610,2,0,0,1,1,2,2,2,T intersection,3,50,Local Road,40-49,Other injury,Bicyclists
T20220029708,12/29/2022,8:20:00,6,Vehicle overturned (no collision),5,Thursday,184,OUT OF CONTROL ON CARRIAGEWAY (ON BEND),1,748257,1,0,1,0,0,1,1,5,Not at intersection,2,100,Local Road,30-39,Serious injury,Bicyclists
T20220029713,12/29/2022,11:40:00,1,Collision with vehicle,4,Thursday,133,LANE SIDE SWIPE (VEHICLES IN PARALLEL LANES),1,757402,2,0,0,1,2,3,2,5,Not at intersection,3,100,Arterial Highway,40-49,Other injury,Bicyclists
T20220029797,11/30/2022,15:30:00,8,No collision and no object struck,4,Wednesday,174,OUT OF CONTROL ON CARRIAGEWAY (ON STRAIGHT),1,744831,1,0,0,1,0,1,2,1,Cross intersection,3,999,Arterial Other,30-39,Other injury,Bicyclists
T20220029817,12/31/2022,1:45:00,1,Collision with vehicle,7,Saturday,163,VEHICLE STRIKES DOOR OF PARKED/STATIONARY VEHICLE,3,754885,2,0,0,1,2,3,1,5,Not at intersection,3,40,Arterial Other,26-29,Other injury,Bicyclists
T20220029821,12/31/2022,8:10:00,1,Collision with vehicle,7,Saturday,133,LANE SIDE SWIPE (VEHICLES IN PARALLEL LANES),1,755007,2,0,1,0,1,2,1,5,Not at intersection,2,100,Arterial Other,70+,Serious injury,Bicyclists
T20230000020,12/31/2022,11:07:00,1,Collision with vehicle,7,Saturday,116,LEFT NEAR (INTERSECTIONS ONLY),1,21007,2,0,1,0,1,2,1,2,T intersection,2,80,Arterial Other,65-69,Serious injury,Bicyclists
T20230000056,1/1/2023,23:00:00,4,Collision with a fixed object,1,Sunday,164,PERMANENT OBSTRUCTION ON CARRIAGEWAY,3,39962,1,0,1,0,0,1,1,2,T intersection,2,60,Uknown,16-17,Serious injury,Bicyclists
T20230000068,1/2/2023,9:30:00,1,Collision with vehicle,1,Monday,135,LANE CHANGE LEFT (NOT OVERTAKING),1,773544,2,0,0,1,2,3,2,5,Not at intersection,3,50,Arterial Highway,40-49,Other injury,Bicyclists
T20230000080,1/2/2023,13:40:00,1,Collision with vehicle,1,Monday,147,VEHICLE STRIKES ANOTHER VEH WHILE EMERGING FROM DRIVEWAY,1,780934,2,0,0,1,1,2,1,5,Not at intersection,3,50,Local Road,18-21,Other injury,Bicyclists
T20230000084,12/26/2022,21:10:00,1,Collision with vehicle,2,Monday,121,RIGHT THROUGH,3,1070,2,0,1,0,1,2,1,2,T intersection,2,60,Arterial Highway,26-29,Serious injury,Bicyclists
T20230000138,1/3/2023,12:27:00,1,Collision with vehicle,2,Tuesday,142,LEAVING PARKING,1,780935,2,0,0,1,1,2,2,5,Not at intersection,3,40,Local Road,40-49,Other injury,Bicyclists
T20230000144,1/3/2023,11:38:00,1,Collision with vehicle,3,Tuesday,121,RIGHT THROUGH,1,241855,2,0,1,0,2,3,1,2,T intersection,2,60,Arterial Other,50-59,Serious injury,Bicyclists
T20230000149,1/3/2023,11:02:00,1,Collision with vehicle,2,Tuesday,147,VEHICLE STRIKES ANOTHER VEH WHILE EMERGING FROM DRIVEWAY,1,783480,2,0,0,1,1,2,1,5,Not at intersection,3,888,Local Road,50-59,Other injury,Bicyclists
T20230000150,12/26/2022,10:15:00,8,No collision and no object struck,2,Monday,174,OUT OF CONTROL ON CARRIAGEWAY (ON STRAIGHT),1,745743,2,0,0,1,1,2,2,5,Not at intersection,3,50,Arterial Other,30-39,Other injury,Bicyclists
T20230000184,1/2/2023,9:00:00,1,Collision with vehicle,1,Monday,163,VEHICLE STRIKES DOOR OF PARKED/STATIONARY VEHICLE,1,777675,2,0,0,1,0,1,1,5,Not at intersection,3,60,Local Road,50-59,Other injury,Bicyclists
T20230000217,1/3/2023,17:38:00,1,Collision with vehicle,3,Tuesday,121,RIGHT THROUGH,1,35355,2,0,1,0,1,2,1,1,Cross intersection,2,40,Local Road,30-39,Serious injury,Bicyclists
T20230000253,6/25/2022,9:15:00,1,Collision with vehicle,6,Saturday,135,LANE CHANGE LEFT (NOT OVERTAKING),1,746397,2,0,0,1,1,2,2,5,Not at intersection,3,40,Local Road,30-39,Other injury,Bicyclists
T20230000321,1/6/2023,7:10:00,1,Collision with vehicle,5,Friday,121,RIGHT THROUGH,2,825,2,0,0,1,1,2,2,1,Cross intersection,3,50,Arterial Other,26-29,Other injury,Bicyclists
T20230000324,1/1/2023,2:30:00,1,Collision with vehicle,1,Sunday,116,LEFT NEAR (INTERSECTIONS ONLY),6,278624,2,0,0,1,1,2,2,1,Cross intersection,3,70,Local Road,50-59,Other injury,Bicyclists
T20230000333,1/6/2023,6:50:00,1,Collision with vehicle,6,Friday,130,REAR END(VEHICLES IN SAME LANE),2,777257,2,0,0,1,1,2,2,5,Not at intersection,3,60,Arterial Other,40-49,Other injury,Bicyclists
T20230000341,1/6/2023,7:14:00,1,Collision with vehicle,5,Friday,121,RIGHT THROUGH,1,29646,2,0,0,1,1,2,1,1,Cross intersection,3,60,Arterial Other,30-39,Other injury,Bicyclists
T20230000352,12/27/2022,21:30:00,1,Collision with vehicle,2,Tuesday,121,RIGHT THROUGH,3,40203,2,0,0,1,1,2,1,1,Cross intersection,3,60,Local Road,22-25,Other injury,Bicyclists
T20230000381,1/6/2023,10:08:00,1,Collision with vehicle,5,Friday,110,CROSS TRAFFIC(INTERSECTIONS ONLY),1,39109,2,0,1,0,1,2,1,1,Cross intersection,2,60,Arterial Other,60-64,Serious injury,Bicyclists
T20230000395,1/6/2023,18:45:00,1,Collision with vehicle,5,Friday,110,CROSS TRAFFIC(INTERSECTIONS ONLY),1,43662,2,0,0,1,2,3,1,1,Cross intersection,3,60,Arterial Other,40-49,Other injury,Bicyclists
T20230000406,1/7/2023,6:03:00,1,Collision with vehicle,7,Saturday,110,CROSS TRAFFIC(INTERSECTIONS ONLY),2,35298,3,0,1,0,2,3,1,1,Cross intersection,2,60,Arterial Other,16-17,Serious injury,Bicyclists
T20230000410,1/7/2023,7:10:00,1,Collision with vehicle,6,Saturday,130,REAR END(VEHICLES IN SAME LANE),1,777739,3,0,0,2,1,3,1,5,Not at intersection,3,80,Arterial Other,40-49,Other injury,Bicyclists
T20230000459,1/7/2023,9:23:00,1,Collision with vehicle,6,Saturday,130,REAR END(VEHICLES IN SAME LANE),1,777635,2,0,0,1,1,2,2,5,Not at intersection,3,60,Arterial Other,30-39,Other injury,Bicyclists
T20230000473,1/8/2023,7:09:00,1,Collision with vehicle,1,Sunday,148,VEHICLE OFF FOOTPATH STRIKES VEH ON CARRIAGEWAY,1,35262,2,0,1,0,1,2,1,1,Cross intersection,2,70,Arterial Highway,70+,Serious injury,Bicyclists
T20230000479,1/6/2023,18:30:00,1,Collision with vehicle,6,Friday,163,VEHICLE STRIKES DOOR OF PARKED/STATIONARY VEHICLE,1,783591,2,0,0,1,2,3,2,2,T intersection,3,40,Local Road,40-49,Other injury,Bicyclists
T20230000480,1/8/2023,8:45:00,1,Collision with vehicle,0,Sunday,147,VEHICLE STRIKES ANOTHER VEH WHILE EMERGING FROM DRIVEWAY,1,73988,2,0,0,1,1,2,2,2,T intersection,3,60,Local Road,40-49,Other injury,Bicyclists
T20230000483,1/8/2023,10:30:00,1,Collision with vehicle,0,Sunday,121,RIGHT THROUGH,1,57203,2,0,1,0,1,2,1,2,T intersection,2,80,Arterial Other,30-39,Serious injury,Bicyclists
T20230000492,1/8/2023,12:55:00,1,Collision with vehicle,0,Sunday,134,LANE CHANGE RIGHT (NOT OVERTAKING),1,746714,2,0,1,0,1,2,1,1,Cross intersection,2,60,Arterial Other,30-39,Serious injury,Bicyclists
T20230000532,1/1/2023,12:30:00,1,Collision with vehicle,0,Sunday,160,VEHICLE COLLIDES WITH VEHICLE PARKED ON LEFT OF ROAD,1,787170,2,0,0,1,0,1,2,5,Not at intersection,3,60,Uknown,60-64,Other injury,Bicyclists
T20230000542,1/9/2023,7:45:00,1,Collision with vehicle,1,Monday,116,LEFT NEAR (INTERSECTIONS ONLY),1,59079,2,0,1,0,1,2,1,2,T intersection,2,60,Uknown,40-49,Serious injury,Bicyclists
T20230000565,1/9/2023,8:12:00,1,Collision with vehicle,1,Monday,111,RIGHT FAR (INTERSECTIONS ONLY),1,65042,2,0,0,1,1,2,1,2,T intersection,3,60,Local Road,50-59,Other injury,Bicyclists
T20230000572,1/9/2023,10:30:00,1,Collision with vehicle,1,Monday,110,CROSS TRAFFIC(INTERSECTIONS ONLY),1,52221,2,0,0,1,1,2,1,1,Cross intersection,3,999,Local Road,50-59,Other injury,Bicyclists
T20230000581,1/9/2023,8:57:00,1,Collision with vehicle,1,Monday,153,CUTTING IN (OVERTAKING),1,756825,2,0,0,1,1,2,2,5,Not at intersection,3,80,Local Road,30-39,Other injury,Bicyclists
T20230000611,1/9/2023,23:00:00,8,No collision and no object struck,2,Monday,174,OUT OF CONTROL ON CARRIAGEWAY (ON STRAIGHT),3,747255,1,0,1,0,0,1,1,5,Not at intersection,2,50,Local Road,50-59,Serious injury,Bicyclists
T20230000619,1/10/2023,8:45:00,1,Collision with vehicle,3,Tuesday,110,CROSS TRAFFIC(INTERSECTIONS ONLY),1,54706,2,0,0,1,1,2,1,1,Cross intersection,3,50,Local Road,65-69,Other injury,Bicyclists
T20230000621,12/27/2022,19:00:00,1,Collision with vehicle,2,Tuesday,160,VEHICLE COLLIDES WITH VEHICLE PARKED ON LEFT OF ROAD,9,747153,2,0,0,1,0,1,2,5,Not at intersection,3,999,Local Road,50-59,Other injury,Bicyclists
T20230000627,1/4/2023,16:30:00,1,Collision with vehicle,3,Wednesday,110,CROSS TRAFFIC(INTERSECTIONS ONLY),1,44415,2,0,0,1,1,2,2,1,Cross intersection,3,50,Local Road,30-39,Other injury,Bicyclists
T20230000638,1/10/2023,12:05:00,1,Collision with vehicle,2,Tuesday,130,REAR END(VEHICLES IN SAME LANE),1,788405,2,0,1,0,1,2,1,5,Not at intersection,2,40,Local Road,40-49,Serious injury,Bicyclists
T20230000669,1/10/2023,19:10:00,1,Collision with vehicle,3,Tuesday,122,LEFT THROUGH,2,689631,2,0,0,1,1,2,1,1,Cross intersection,3,60,Arterial Other,60-64,Other injury,Bicyclists
T20230000683,1/5/2023,7:50:00,1,Collision with vehicle,4,Thursday,160,VEHICLE COLLIDES WITH VEHICLE PARKED ON LEFT OF ROAD,1,747157,2,0,1,0,1,2,2,5,Not at intersection,2,50,Uknown,30-39,Serious injury,Bicyclists
T20230000719,12/24/2022,15:00:00,8,No collision and no object struck,7,Saturday,174,OUT OF CONTROL ON CARRIAGEWAY (ON STRAIGHT),9,41180,2,0,0,1,1,2,2,1,Cross intersection,3,60,Local Road,60-64,Other injury,Bicyclists
T20230000749,1/11/2023,13:45:00,1,Collision with vehicle,3,Wednesday,133,LANE SIDE SWIPE (VEHICLES IN PARALLEL LANES),1,784368,2,0,0,1,1,2,1,5,Not at intersection,3,40,Arterial Highway,50-59,Other injury,Bicyclists
T20230000755,1/11/2023,9:30:00,1,Collision with vehicle,4,Wednesday,110,CROSS TRAFFIC(INTERSECTIONS ONLY),1,749557,2,0,1,0,1,2,2,1,Cross intersection,2,40,Local Road,22-25,Serious injury,Bicyclists
T20230000756,1/11/2023,21:18:00,1,Collision with vehicle,4,Wednesday,133,LANE SIDE SWIPE (VEHICLES IN PARALLEL LANES),3,747373,2,0,0,1,1,2,1,5,Not at intersection,3,60,Uknown,50-59,Other injury,Bicyclists
T20230000779,1/12/2023,9:05:00,1,Collision with vehicle,4,Thursday,116,LEFT NEAR (INTERSECTIONS ONLY),1,47362,2,0,1,0,1,2,1,3,Y intersection,2,40,Local Road,40-49,Serious injury,Bicyclists
T20230000786,1/12/2023,7:41:00,1,Collision with vehicle,5,Thursday,120,HEAD ON (NOT OVERTAKING),1,748043,3,0,1,0,2,3,1,5,Not at intersection,2,80,Local Road,50-59,Serious injury,Bicyclists
T20230000793,1/12/2023,10:56:00,1,Collision with vehicle,4,Thursday,110,CROSS TRAFFIC(INTERSECTIONS ONLY),1,784377,2,0,0,1,1,2,1,1,Cross intersection,3,999,Local Road,30-39,Other injury,Bicyclists
T20230000796,1/12/2023,8:26:00,2,Struck Pedestrian,5,Thursday,102,FAR SIDE. PED HIT BY VEHICLE FROM THE LEFT,1,28,4,0,1,2,2,5,1,2,T intersection,2,60,Arterial Other,30-39,Other injury,Bicyclists
T20230000840,1/12/2023,15:50:00,1,Collision with vehicle,4,Thursday,148,VEHICLE OFF FOOTPATH STRIKES VEH ON CARRIAGEWAY,1,784375,2,0,0,1,1,2,1,5,Not at intersection,3,60,Local Road,45424,Other injury,Bicyclists
T20230000862,1/5/2023,16:37:00,1,Collision with vehicle,4,Thursday,169,OTHER ON PATH,1,763582,2,0,0,1,1,2,2,5,Not at intersection,3,50,Arterial Other,50-59,Other injury,Bicyclists
T20230000863,1/11/2023,22:38:00,1,Collision with vehicle,4,Wednesday,148,VEHICLE OFF FOOTPATH STRIKES VEH ON CARRIAGEWAY,3,784362,2,0,0,1,1,2,2,5,Not at intersection,3,999,Arterial Other,22-25,Other injury,Bicyclists
T20230000873,1/13/2023,4:55:00,1,Collision with vehicle,6,Friday,130,REAR END(VEHICLES IN SAME LANE),5,748219,2,1,0,0,1,2,1,5,Not at intersection,1,100,Arterial Highway,65-69,Fatality,Bicyclists
T20230000906,1/12/2023,17:30:00,1,Collision with vehicle,5,Thursday,133,LANE SIDE SWIPE (VEHICLES IN PARALLEL LANES),1,751842,2,0,0,1,1,2,2,5,Not at intersection,3,60,Local Road,16-17,Other injury,Bicyclists
T20230000951,1/14/2023,0:15:00,1,Collision with vehicle,6,Saturday,160,VEHICLE COLLIDES WITH VEHICLE PARKED ON LEFT OF ROAD,3,748481,2,0,0,1,0,1,1,5,Not at intersection,3,50,Local Road,30-39,Other injury,Bicyclists
T20230000956,1/14/2023,6:45:00,1,Collision with vehicle,6,Saturday,110,CROSS TRAFFIC(INTERSECTIONS ONLY),2,52524,2,0,0,1,1,2,1,1,Cross intersection,3,60,Uknown,26-29,Not injured,Drivers
T20230000966,1/14/2023,8:15:00,8,No collision and no object struck,6,Saturday,130,REAR END(VEHICLES IN SAME LANE),1,783476,2,0,0,1,0,1,1,5,Not at intersection,3,30,Local Road,70+,Other injury,Bicyclists
T20230000971,1/14/2023,8:20:00,1,Collision with vehicle,6,Saturday,121,RIGHT THROUGH,1,747940,2,0,1,0,1,2,1,3,Y intersection,2,60,Local Road,30-39,Serious injury,Bicyclists
T20230000984,1/12/2023,10:40:00,1,Collision with vehicle,5,Thursday,133,LANE SIDE SWIPE (VEHICLES IN PARALLEL LANES),1,784376,2,0,0,1,1,2,2,5,Not at intersection,3,100,Arterial Other,30-39,Other injury,Bicyclists
T20230001003,1/9/2023,16:30:00,1,Collision with vehicle,1,Monday,137,LEFT TURN SIDESWIPE,1,36489,2,0,0,1,1,2,2,1,Cross intersection,3,40,Local Road,40-49,Other injury,Bicyclists
T20230001010,1/14/2023,20:43:00,1,Collision with vehicle,7,Saturday,110,CROSS TRAFFIC(INTERSECTIONS ONLY),2,326348,2,0,1,0,1,2,1,1,Cross intersection,2,40,Local Road,22-25,Serious injury,Bicyclists
T20230001090,1/13/2023,11:20:00,1,Collision with vehicle,5,Friday,110,CROSS TRAFFIC(INTERSECTIONS ONLY),1,50724,2,0,0,2,1,3,1,1,Cross intersection,3,50,Local Road,30-39,Other injury,Bicyclists
T20230001108,1/16/2023,11:16:00,1,Collision with vehicle,1,Monday,110,CROSS TRAFFIC(INTERSECTIONS ONLY),1,52413,2,0,0,1,1,2,1,1,Cross intersection,3,60,Local Road,40-49,Other injury,Bicyclists
T20230001132,1/16/2023,14:28:00,1,Collision with vehicle,2,Monday,134,LANE CHANGE RIGHT (NOT OVERTAKING),1,751713,2,0,1,0,1,2,1,5,Not at intersection,2,60,Arterial Highway,30-39,Serious injury,Bicyclists
T20230001144,1/16/2023,17:50:00,1,Collision with vehicle,2,Monday,148,VEHICLE OFF FOOTPATH STRIKES VEH ON CARRIAGEWAY,1,787351,2,0,0,1,1,2,1,5,Not at intersection,3,50,Uknown,60-64,Other injury,Bicyclists
T20230001162,1/16/2023,15:50:00,1,Collision with vehicle,1,Monday,148,VEHICLE OFF FOOTPATH STRIKES VEH ON CARRIAGEWAY,1,783596,2,0,0,1,4,5,1,5,Not at intersection,3,40,Local Road,22-25,Other injury,Bicyclists
T20230001168,12/21/2022,16:15:00,1,Collision with vehicle,4,Wednesday,116,LEFT NEAR (INTERSECTIONS ONLY),1,48781,2,0,0,1,2,3,2,1,Cross intersection,3,999,Local Road,70+,Other injury,Bicyclists
T20230001176,1/16/2023,14:30:00,1,Collision with vehicle,1,Monday,139,OTHER SAME DIRECTION-MANOUEVRES NOT INCLUDED IN DCAs 130-137,1,783592,2,0,0,1,1,2,1,5,Not at intersection,3,100,Uknown,30-39,Other injury,Bicyclists
T20230001183,1/9/2023,8:15:00,1,Collision with vehicle,1,Monday,160,VEHICLE COLLIDES WITH VEHICLE PARKED ON LEFT OF ROAD,1,748483,2,0,1,0,1,2,1,2,T intersection,2,60,Arterial Other,40-49,Serious injury,Bicyclists
T20230001193,1/17/2023,8:43:00,1,Collision with vehicle,2,Tuesday,116,LEFT NEAR (INTERSECTIONS ONLY),1,222752,2,0,0,1,1,2,2,2,T intersection,3,60,Local Road,26-29,Other injury,Bicyclists
T20230001196,1/16/2023,17:40:00,1,Collision with vehicle,1,Monday,110,CROSS TRAFFIC(INTERSECTIONS ONLY),1,8250,2,0,0,1,1,2,2,1,Cross intersection,3,40,Uknown,16-17,Other injury,Bicyclists
T20230001224,1/15/2023,3:20:00,1,Collision with vehicle,0,Sunday,130,REAR END(VEHICLES IN SAME LANE),3,748486,2,0,0,1,1,2,1,5,Not at intersection,3,40,Arterial Other,26-29,Other injury,Bicyclists
T20230001360,1/19/2023,7:40:00,1,Collision with vehicle,5,Thursday,139,OTHER SAME DIRECTION-MANOUEVRES NOT INCLUDED IN DCAs 130-137,1,749161,2,0,0,1,1,2,1,5,Not at intersection,3,60,Arterial Other,30-39,Other injury,Bicyclists