ACCIDENT_NO,ACCIDENT_DATE,ACCIDENT_TIME,ACCIDENT_TYPE,ACCIDENT_TYPE_DESC,DAY_OF_WEEK,DAY_WEEK_DESC,DCA_CODE,DCA_DESC,LIGHT_CONDITION,NODE_ID,NO_OF_VEHICLES,NO_PERSONS_KILLED,NO_PERSONS_INJ_2,NO_PERSONS_INJ_3,NO_PERSONS_NOT_INJ,NO_PERSONS,POLICE_ATTEND,ROAD_GEOMETRY,ROAD_GEOMETRY_DESC,SEVERITY,SPEED_ZONE,RMA,AGE_GROUP,INJ_LEVEL,ROAD_USER_TYPE_DESC
T20230001371,1/18/2023,6:45:00,7,Fall from or in moving vehicle,3,Wednesday,190,FELL IN/FROM VEHICLE,2,206,1,0,0,1,0,1,2,1,Cross intersection,3,40,Arterial Other,22-25,Other injury,Bicyclists
T20230001384,1/19/2023,9:35:00,1,Collision with vehicle,5,Thursday,130,REAR END(VEHICLES IN SAME LANE),1,752068,2,0,0,1,2,3,1,5,Not at intersection,3,50,Uknown,40-49,Other injury,Bicyclists
T20230001398,1/18/2023,17:00:00,1,Collision with vehicle,3,Wednesday,147,VEHICLE STRIKES ANOTHER VEH WHILE EMERGING FROM DRIVEWAY,1,757028,2,0,0,1,2,3,2,2,T intersection,3,888,Local Road,16-17,Other injury,Bicyclists
T20230001418,1/19/2023,17:51:00,1,Collision with vehicle,5,Thursday,147,VEHICLE STRIKES ANOTHER VEH WHILE EMERGING FROM DRIVEWAY,1,749525,2,0,1,0,1,2,1,5,Not at intersection,2,50,Local Road,60-64,Serious injury,Bicyclists
T20230001474,1/20/2023,10:02:00,1,Collision with vehicle,5,Friday,148,VEHICLE OFF FOOTPATH STRIKES VEH ON CARRIAGEWAY,1,783688,2,0,0,1,1,2,1,1,Cross intersection,3,60,Local Road,70+,Other injury,Bicyclists
T20230001491,1/20/2023,8:20:00,1,Collision with vehicle,6,Friday,163,VEHICLE STRIKES DOOR OF PARKED/STATIONARY VEHICLE,1,760588,2,0,1,0,1,2,1,5,Not at intersection,2,50,Local Road,50-59,Serious injury,Bicyclists
T20230001530,1/20/2023,16:13:00,1,Collision with vehicle,5,Friday,110,CROSS TRAFFIC(INTERSECTIONS ONLY),1,225697,2,0,0,1,1,2,2,1,Cross intersection,3,60,Local Road,16-17,Other injury,Bicyclists
T20230001539,1/20/2023,15:10:00,1,Collision with vehicle,6,Friday,110,CROSS TRAFFIC(INTERSECTIONS ONLY),1,45636,2,0,1,0,1,2,1,1,Cross intersection,2,40,Local Road,65-69,Serious injury,Bicyclists
T20230001568,1/21/2023,9:45:00,8,No collision and no object struck,7,Saturday,140,U TURN,1,756812,2,0,0,1,1,2,1,5,Not at intersection,3,40,Local Road,70+,Other injury,Bicyclists
T20230001582,1/21/2023,12:30:00,1,Collision with vehicle,6,Saturday,121,RIGHT THROUGH,1,49902,2,0,1,0,1,2,1,1,Cross intersection,2,60,Uknown,50-59,Serious injury,Bicyclists
T20230001590,1/21/2023,10:03:00,1,Collision with vehicle,7,Saturday,137,LEFT TURN SIDESWIPE,1,289646,2,0,1,0,1,2,1,2,T intersection,2,60,Arterial Other,50-59,Serious injury,Bicyclists
T20230001599,1/21/2023,11:00:00,1,Collision with vehicle,7,Saturday,121,RIGHT THROUGH,1,31040,3,0,1,0,3,4,1,2,T intersection,2,60,Arterial Other,40-49,Serious injury,Bicyclists
T20230001660,1/22/2023,10:55:00,1,Collision with vehicle,1,Sunday,136,RIGHT TURN SIDESWIPE,1,65743,2,0,0,1,1,2,2,1,Cross intersection,3,40,Local Road,26-29,Other injury,Bicyclists
T20230001714,1/23/2023,7:35:00,1,Collision with vehicle,2,Monday,110,CROSS TRAFFIC(INTERSECTIONS ONLY),1,57008,2,0,1,0,1,2,1,1,Cross intersection,2,60,Local Road,70+,Serious injury,Bicyclists
T20230001716,12/13/2022,15:42:00,1,Collision with vehicle,3,Tuesday,147,VEHICLE STRIKES ANOTHER VEH WHILE EMERGING FROM DRIVEWAY,1,762380,2,0,0,1,1,2,1,5,Not at intersection,3,50,Local Road,45424,Other injury,Bicyclists
T20230001787,1/23/2023,17:28:00,1,Collision with vehicle,2,Monday,147,VEHICLE STRIKES ANOTHER VEH WHILE EMERGING FROM DRIVEWAY,1,760413,2,0,1,0,3,4,1,5,Not at intersection,2,888,Local Road,30-39,Serious injury,Bicyclists
T20230001831,1/24/2023,10:22:00,6,Vehicle overturned (no collision),3,Tuesday,174,OUT OF CONTROL ON CARRIAGEWAY (ON STRAIGHT),1,750286,1,0,1,0,0,1,1,5,Not at intersection,2,60,Arterial Other,40-49,Serious injury,Bicyclists
T20230001862,1/24/2023,16:45:00,1,Collision with vehicle,3,Tuesday,148,VEHICLE OFF FOOTPATH STRIKES VEH ON CARRIAGEWAY,1,750095,2,0,1,0,1,2,1,1,Cross intersection,2,60,Local Road,30-39,Serious injury,Bicyclists
T20230001873,1/24/2023,18:21:00,1,Collision with vehicle,2,Tuesday,110,CROSS TRAFFIC(INTERSECTIONS ONLY),1,288498,2,0,0,1,1,2,1,1,Cross intersection,3,50,Arterial Highway,40-49,Other injury,Bicyclists
T20230001928,1/25/2023,9:00:00,1,Collision with vehicle,4,Wednesday,136,RIGHT TURN SIDESWIPE,1,49230,2,0,0,1,1,2,1,1,Cross intersection,3,80,Local Road,40-49,Other injury,Bicyclists
T20230001942,1/25/2023,6:50:00,1,Collision with vehicle,4,Wednesday,110,CROSS TRAFFIC(INTERSECTIONS ONLY),1,50125,2,0,1,0,1,2,1,1,Cross intersection,2,60,Local Road,65-69,Serious injury,Bicyclists
T20230001967,1/25/2023,16:53:00,8,No collision and no object struck,4,Wednesday,174,OUT OF CONTROL ON CARRIAGEWAY (ON STRAIGHT),1,270441,2,0,1,0,1,2,1,2,T intersection,2,60,Local Road,40-49,Serious injury,Bicyclists
T20230002008,1/26/2023,6:35:00,6,Vehicle overturned (no collision),5,Thursday,174,OUT OF CONTROL ON CARRIAGEWAY (ON STRAIGHT),1,751148,1,0,0,1,0,1,1,5,Not at intersection,3,100,Uknown,30-39,Other injury,Bicyclists
T20230002009,1/24/2023,16:30:00,1,Collision with vehicle,3,Tuesday,137,LEFT TURN SIDESWIPE,1,39097,2,0,0,1,1,2,2,2,T intersection,3,60,Arterial Other,30-39,Other injury,Bicyclists
T20230002015,1/24/2023,14:50:00,1,Collision with vehicle,3,Tuesday,163,VEHICLE STRIKES DOOR OF PARKED/STATIONARY VEHICLE,1,750282,2,0,1,0,1,2,1,5,Not at intersection,2,50,Local Road,65-69,Serious injury,Bicyclists
T20230002023,1/26/2023,10:00:00,1,Collision with vehicle,5,Thursday,116,LEFT NEAR (INTERSECTIONS ONLY),1,758986,2,0,0,1,2,3,2,2,T intersection,3,80,Arterial Other,60-64,Other injury,Bicyclists
T20230002029,1/26/2023,10:50:00,1,Collision with vehicle,4,Thursday,131,LEFT REAR,1,750733,5,0,1,0,7,8,1,1,Cross intersection,2,60,Arterial Other,22-25,Serious injury,Bicyclists
T20230002039,1/14/2023,12:30:00,1,Collision with vehicle,6,Saturday,163,VEHICLE STRIKES DOOR OF PARKED/STATIONARY VEHICLE,1,780282,2,0,0,1,1,2,2,5,Not at intersection,3,999,Local Road,22-25,Other injury,Bicyclists
T20230002046,1/25/2023,22:30:00,1,Collision with vehicle,4,Wednesday,163,VEHICLE STRIKES DOOR OF PARKED/STATIONARY VEHICLE,3,758910,2,0,0,1,2,3,2,5,Not at intersection,3,60,Arterial Other,30-39,Other injury,Bicyclists
T20230002056,1/26/2023,16:20:00,1,Collision with vehicle,5,Thursday,120,HEAD ON (NOT OVERTAKING),1,751844,2,0,1,0,3,4,1,5,Not at intersection,2,60,Arterial Other,26-29,Serious injury,Bicyclists
T20230002062,1/26/2023,15:25:00,1,Collision with vehicle,5,Thursday,134,LANE CHANGE RIGHT (NOT OVERTAKING),1,751845,2,0,0,1,1,2,2,5,Not at intersection,3,50,Local Road,50-59,Other injury,Bicyclists
T20230002096,1/25/2023,21:40:00,1,Collision with vehicle,4,Wednesday,110,CROSS TRAFFIC(INTERSECTIONS ONLY),3,774273,2,0,0,1,1,2,2,1,Cross intersection,3,999,Local Road,13-15,Other injury,Bicyclists
T20230002108,1/27/2023,10:30:00,1,Collision with vehicle,6,Friday,137,LEFT TURN SIDESWIPE,1,750942,2,0,1,0,1,2,1,5,Not at intersection,2,50,Local Road,70+,Serious injury,Bicyclists
T20230002110,1/11/2023,20:00:00,1,Collision with vehicle,3,Wednesday,137,LEFT TURN SIDESWIPE,2,29528,2,0,0,1,1,2,2,1,Cross intersection,3,60,Arterial Highway,26-29,Other injury,Bicyclists
T20230002115,1/27/2023,8:19:00,1,Collision with vehicle,6,Friday,130,REAR END(VEHICLES IN SAME LANE),1,750445,2,1,0,1,0,2,1,5,Not at intersection,1,100,Uknown,50-59,Fatality,Bicyclists
T20230002120,1/27/2023,7:46:00,1,Collision with vehicle,5,Friday,163,VEHICLE STRIKES DOOR OF PARKED/STATIONARY VEHICLE,1,729107,2,0,1,0,3,4,1,5,Not at intersection,2,40,Arterial Other,60-64,Serious injury,Bicyclists
T20230002126,1/24/2023,13:10:00,8,No collision and no object struck,2,Tuesday,140,U TURN,1,757267,2,0,0,1,1,2,2,5,Not at intersection,3,40,Local Road,22-25,Other injury,Bicyclists
T20230002148,1/27/2023,14:30:00,1,Collision with vehicle,6,Friday,148,VEHICLE OFF FOOTPATH STRIKES VEH ON CARRIAGEWAY,1,13376,2,0,0,1,1,2,1,2,T intersection,3,999,Freeway,30-39,Other injury,Bicyclists
T20230002157,1/27/2023,20:30:00,1,Collision with vehicle,5,Friday,116,LEFT NEAR (INTERSECTIONS ONLY),1,781612,2,0,1,0,1,2,1,1,Cross intersection,2,80,Arterial Highway,50-59,Serious injury,Bicyclists
T20230002229,1/29/2023,5:05:00,1,Collision with vehicle,1,Sunday,110,CROSS TRAFFIC(INTERSECTIONS ONLY),2,778136,5,0,0,1,13,14,1,1,Cross intersection,3,40,Local Road,30-39,Not injured,Bicyclists
T20230002262,1/17/2023,23:47:00,1,Collision with vehicle,2,Tuesday,148,VEHICLE OFF FOOTPATH STRIKES VEH ON CARRIAGEWAY,4,763130,2,0,0,1,1,2,2,2,T intersection,3,60,Arterial Highway,18-21,Other injury,Bicyclists
T20230002270,1/29/2023,16:05:00,1,Collision with vehicle,1,Sunday,116,LEFT NEAR (INTERSECTIONS ONLY),1,40287,2,0,1,0,1,2,1,2,T intersection,2,60,Arterial Other,40-49,Serious injury,Bicyclists
T20230002274,1/28/2023,13:00:00,1,Collision with vehicle,7,Saturday,110,CROSS TRAFFIC(INTERSECTIONS ONLY),1,37395,2,0,1,0,1,2,2,1,Cross intersection,2,999,Local Road,40-49,Serious injury,Bicyclists
T20230002295,1/17/2023,21:00:00,5,collision with some other object,2,Tuesday,199,UNKNOWN-NO DETAILS ON MANOEUVRES OF ROAD-USERS IN ACCIDENT,2,773627,1,0,0,1,0,1,2,5,Not at intersection,3,60,Uknown,30-39,Other injury,Bicyclists
T20230002297,1/27/2023,11:00:00,8,No collision and no object struck,5,Friday,174,OUT OF CONTROL ON CARRIAGEWAY (ON STRAIGHT),1,47426,2,0,1,0,1,2,2,2,T intersection,2,50,Arterial Highway,50-59,Serious injury,Bicyclists
T20230002302,1/27/2023,8:15:00,6,Vehicle overturned (no collision),5,Friday,170,OFF CARRIAGEWAY TO LEFT,1,783579,1,0,0,1,0,1,2,5,Not at intersection,3,100,Local Road,40-49,Other injury,Bicyclists
T20230002344,1/20/2023,16:00:00,4,Collision with a fixed object,5,Friday,173,RIGHT OFF CARRIAGEWAY INTO OBJECT/PARKED VEHICLE,1,783683,2,0,0,1,0,1,2,5,Not at intersection,3,40,Arterial Other,30-39,Other injury,Bicyclists
T20230002355,1/30/2023,18:15:00,1,Collision with vehicle,1,Monday,116,LEFT NEAR (INTERSECTIONS ONLY),1,29587,2,0,0,1,1,2,2,2,T intersection,3,60,Arterial Other,18-21,Other injury,Bicyclists
T20230002360,1/25/2023,6:00:00,1,Collision with vehicle,3,Wednesday,110,CROSS TRAFFIC(INTERSECTIONS ONLY),2,44386,2,0,0,1,1,2,2,1,Cross intersection,3,999,Uknown,50-59,Other injury,Bicyclists
T20230002425,1/31/2023,13:50:00,1,Collision with vehicle,3,Tuesday,129,OTHER OPPOSING MANOEUVRES NOT INCLUDED IN DCAs 120-125.,1,46274,2,0,0,1,1,2,1,2,T intersection,3,60,Arterial Highway,30-39,Other injury,Bicyclists
T20230002427,1/31/2023,16:25:00,1,Collision with vehicle,3,Tuesday,110,CROSS TRAFFIC(INTERSECTIONS ONLY),1,35449,2,0,1,0,1,2,1,1,Cross intersection,2,40,Uknown,60-64,Serious injury,Bicyclists
T20230002443,1/31/2023,18:51:00,1,Collision with vehicle,3,Tuesday,148,VEHICLE OFF FOOTPATH STRIKES VEH ON CARRIAGEWAY,1,52861,2,0,0,1,1,2,1,1,Cross intersection,3,50,Arterial Other,16-17,Other injury,Bicyclists
T20230002451,1/31/2023,17:00:00,1,Collision with vehicle,3,Tuesday,148,VEHICLE OFF FOOTPATH STRIKES VEH ON CARRIAGEWAY,1,752605,2,0,0,1,1,2,1,5,Not at intersection,3,80,Arterial Highway,65-69,Other injury,Bicyclists
T20230002452,1/31/2023,17:45:00,1,Collision with vehicle,3,Tuesday,113,RIGHT NEAR (INTERSECTIONS ONLY),1,228615,2,0,1,0,2,3,1,2,T intersection,2,50,Local Road,50-59,Serious injury,Bicyclists
T20230002479,1/27/2023,22:50:00,1,Collision with vehicle,6,Friday,150,HEAD ON(OVERTAKING),6,776034,2,0,1,0,2,3,2,1,Cross intersection,2,999,Uknown,30-39,Serious injury,Bicyclists
T20230002495,2/1/2023,8:04:00,2,Struck Pedestrian,4,Wednesday,101,PED EMERGES FROM IN FRONT OF PARKED OR STATIONARY VEHICLE,1,752380,1,1,0,0,1,2,1,5,Not at intersection,1,60,Arterial Other,30-39,Not injured,Bicyclists
T20230002543,1/15/2023,11:00:00,6,Vehicle overturned (no collision),0,Sunday,174,OUT OF CONTROL ON CARRIAGEWAY (ON STRAIGHT),1,751849,1,0,0,1,0,1,2,5,Not at intersection,3,60,Arterial Other,65-69,Other injury,Bicyclists
T20230002559,2/1/2023,14:45:00,1,Collision with vehicle,4,Wednesday,148,VEHICLE OFF FOOTPATH STRIKES VEH ON CARRIAGEWAY,1,752602,2,0,0,1,1,2,1,5,Not at intersection,3,60,Arterial Other,45424,Other injury,Bicyclists
T20230002583,2/1/2023,16:30:00,8,No collision and no object struck,4,Wednesday,174,OUT OF CONTROL ON CARRIAGEWAY (ON STRAIGHT),1,341778,2,0,0,1,1,2,2,1,Cross intersection,3,40,Local Road,30-39,Other injury,Bicyclists
T20230002605,2/1/2023,15:00:00,1,Collision with vehicle,3,Wednesday,147,VEHICLE STRIKES ANOTHER VEH WHILE EMERGING FROM DRIVEWAY,9,752487,2,0,0,1,2,3,2,5,Not at intersection,3,999,Local Road,26-29,Other injury,Bicyclists
T20230002634,2/2/2023,12:27:00,1,Collision with vehicle,5,Thursday,148,VEHICLE OFF FOOTPATH STRIKES VEH ON CARRIAGEWAY,1,756178,2,1,0,0,1,2,1,1,Cross intersection,1,60,Uknown,22-25,Fatality,Bicyclists
T20230002646,1/31/2023,18:10:00,1,Collision with vehicle,3,Tuesday,111,RIGHT FAR (INTERSECTIONS ONLY),1,37242,2,0,0,1,1,2,2,1,Cross intersection,3,40,Arterial Other,30-39,Other injury,Bicyclists
T20230002647,2/2/2023,17:27:00,1,Collision with vehicle,5,Thursday,110,CROSS TRAFFIC(INTERSECTIONS ONLY),2,64490,2,0,1,0,1,2,2,1,Cross intersection,2,40,Local Road,50-59,Serious injury,Bicyclists
T20230002660,2/2/2023,14:00:00,1,Collision with vehicle,4,Thursday,169,OTHER ON PATH,1,752081,2,0,0,1,0,1,2,2,T intersection,3,50,Local Road,16-17,Other injury,Bicyclists
T20230002721,1/31/2023,5:55:00,1,Collision with vehicle,3,Tuesday,111,RIGHT FAR (INTERSECTIONS ONLY),2,42111,2,0,0,1,1,2,2,2,T intersection,3,999,Arterial Other,50-59,Other injury,Bicyclists
T20230002730,2/2/2023,16:30:00,1,Collision with vehicle,4,Thursday,137,LEFT TURN SIDESWIPE,1,65879,2,0,0,1,1,2,2,2,T intersection,3,50,Local Road,60-64,Other injury,Bicyclists
T20230002750,2/1/2023,12:40:00,1,Collision with vehicle,3,Wednesday,112,LEFT FAR (INTERSECTIONS ONLY),1,44362,2,0,0,1,1,2,2,4,Multiple intersection,3,999,Uknown,50-59,Other injury,Bicyclists
T20230002751,2/3/2023,18:42:00,1,Collision with vehicle,5,Friday,111,RIGHT FAR (INTERSECTIONS ONLY),1,787479,2,0,1,0,1,2,1,2,T intersection,2,50,Uknown,16-17,Not injured,Bicyclists
T20230002791,2/4/2023,13:54:00,1,Collision with vehicle,7,Saturday,110,CROSS TRAFFIC(INTERSECTIONS ONLY),1,778527,2,0,0,1,1,2,1,1,Cross intersection,3,50,Local Road,50-59,Other injury,Bicyclists
T20230002792,2/4/2023,14:10:00,1,Collision with vehicle,6,Saturday,110,CROSS TRAFFIC(INTERSECTIONS ONLY),1,752490,2,0,0,1,1,2,1,1,Cross intersection,3,60,Uknown,40-49,Other injury,Bicyclists
T20230002798,2/4/2023,12:00:00,1,Collision with vehicle,6,Saturday,163,VEHICLE STRIKES DOOR OF PARKED/STATIONARY VEHICLE,1,780287,2,0,0,1,2,3,2,5,Not at intersection,3,40,Local Road,26-29,Other injury,Bicyclists
T20230002891,2/5/2023,15:45:00,1,Collision with vehicle,1,Sunday,163,VEHICLE STRIKES DOOR OF PARKED/STATIONARY VEHICLE,1,753388,2,0,0,1,1,2,1,5,Not at intersection,3,60,Local Road,65-69,Other injury,Bicyclists
T20230002900,2/6/2023,0:15:00,8,No collision and no object struck,2,Monday,174,OUT OF CONTROL ON CARRIAGEWAY (ON STRAIGHT),3,752941,1,0,0,1,0,1,1,9,Unknown,3,50,Arterial Other,26-29,Other injury,Bicyclists
T20230002910,2/6/2023,6:37:00,1,Collision with vehicle,1,Monday,110,CROSS TRAFFIC(INTERSECTIONS ONLY),2,17544,2,0,0,1,1,2,1,1,Cross intersection,3,60,Uknown,50-59,Other injury,Bicyclists
T20230002911,2/6/2023,6:29:00,1,Collision with vehicle,2,Monday,110,CROSS TRAFFIC(INTERSECTIONS ONLY),2,52933,2,0,1,0,1,2,1,1,Cross intersection,2,60,Uknown,70+,Serious injury,Bicyclists
T20230002913,2/6/2023,8:30:00,8,No collision and no object struck,2,Monday,184,OUT OF CONTROL ON CARRIAGEWAY (ON BEND),1,752933,2,0,0,1,1,2,1,5,Not at intersection,3,80,Uknown,22-25,Other injury,Bicyclists
T20230002923,1/21/2023,13:00:00,8,No collision and no object struck,7,Saturday,172,OFF CARRIAGEWAY TO RIGHT,1,760533,2,0,0,1,1,2,2,5,Not at intersection,3,50,Local Road,40-49,Other injury,Bicyclists
T20230002949,12/18/2022,19:00:00,8,No collision and no object struck,1,Sunday,174,OUT OF CONTROL ON CARRIAGEWAY (ON STRAIGHT),9,761899,1,0,0,1,0,1,2,5,Not at intersection,3,999,Arterial Other,22-25,Other injury,Bicyclists
T20230002986,2/2/2023,17:30:00,1,Collision with vehicle,5,Thursday,163,VEHICLE STRIKES DOOR OF PARKED/STATIONARY VEHICLE,1,752957,2,0,1,0,1,2,2,5,Not at intersection,2,40,Local Road,60-64,Serious injury,Bicyclists
T20230002994,2/7/2023,5:30:00,3,Struck animal,2,Tuesday,167,STRUCK ANIMAL,2,780292,1,0,0,1,0,1,2,5,Not at intersection,3,60,Local Road,40-49,Other injury,Bicyclists
T20230003015,2/1/2023,10:00:00,1,Collision with vehicle,4,Wednesday,123,RIGHT/LEFT. ONE VEH TURNING RIGHT THE OTHER LEFT.,9,65479,2,0,0,1,1,2,2,2,T intersection,3,999,Local Road,30-39,Other injury,Bicyclists
T20230003022,2/7/2023,8:30:00,1,Collision with vehicle,2,Tuesday,137,LEFT TURN SIDESWIPE,1,767804,2,0,0,1,1,2,2,1,Cross intersection,3,50,Local Road,30-39,Other injury,Bicyclists
T20230003028,1/28/2023,11:23:00,1,Collision with vehicle,6,Saturday,163,VEHICLE STRIKES DOOR OF PARKED/STATIONARY VEHICLE,1,758159,2,0,0,1,1,2,2,5,Not at intersection,3,60,Arterial Highway,65-69,Other injury,Bicyclists
T20230003051,2/4/2023,16:30:00,1,Collision with vehicle,6,Saturday,110,CROSS TRAFFIC(INTERSECTIONS ONLY),1,777154,2,0,0,1,1,2,2,1,Cross intersection,3,40,Local Road,16-17,Other injury,Bicyclists
T20230003101,2/8/2023,8:10:00,1,Collision with vehicle,4,Wednesday,121,RIGHT THROUGH,1,36386,2,0,0,1,2,3,1,1,Cross intersection,3,40,Local Road,30-39,Not injured,Bicyclists
T20230003151,2/9/2023,8:35:00,1,Collision with vehicle,5,Thursday,137,LEFT TURN SIDESWIPE,1,38050,2,0,1,0,1,2,1,1,Cross intersection,2,60,Arterial Other,40-49,Serious injury,Bicyclists
T20230003172,2/9/2023,8:15:00,1,Collision with vehicle,4,Thursday,119,OTHER ADJACENT (INTERSECTIONS ONLY),1,36798,2,0,0,1,1,2,1,1,Cross intersection,3,60,Arterial Other,26-29,Other injury,Bicyclists
T20230003198,2/9/2023,8:30:00,1,Collision with vehicle,5,Thursday,163,VEHICLE STRIKES DOOR OF PARKED/STATIONARY VEHICLE,1,66052,2,0,0,1,1,2,1,2,T intersection,3,40,Local Road,26-29,Other injury,Bicyclists
T20230003206,2/9/2023,15:25:00,1,Collision with vehicle,5,Thursday,148,VEHICLE OFF FOOTPATH STRIKES VEH ON CARRIAGEWAY,1,72671,2,0,0,1,1,2,2,1,Cross intersection,3,50,Local Road,45424,Other injury,Bicyclists
T20230003215,2/8/2023,18:00:00,1,Collision with vehicle,3,Wednesday,163,VEHICLE STRIKES DOOR OF PARKED/STATIONARY VEHICLE,1,772188,2,0,0,1,2,3,2,5,Not at intersection,3,40,Arterial Other,26-29,Other injury,Bicyclists
T20230003256,2/10/2023,7:15:00,1,Collision with vehicle,6,Friday,110,CROSS TRAFFIC(INTERSECTIONS ONLY),1,16889,2,1,0,1,0,2,1,1,Cross intersection,1,999,Arterial Other,50-59,Fatality,Bicyclists
T20230003263,2/10/2023,8:20:00,1,Collision with vehicle,6,Friday,137,LEFT TURN SIDESWIPE,1,753952,2,0,0,1,1,2,1,2,T intersection,3,60,Arterial Other,30-39,Other injury,Bicyclists
T20230003286,2/10/2023,17:10:00,1,Collision with vehicle,5,Friday,133,LANE SIDE SWIPE (VEHICLES IN PARALLEL LANES),1,753687,2,0,0,1,1,2,1,5,Not at intersection,3,40,Local Road,30-39,Other injury,Bicyclists
T20230003290,2/10/2023,16:40:00,1,Collision with vehicle,6,Friday,147,VEHICLE STRIKES ANOTHER VEH WHILE EMERGING FROM DRIVEWAY,9,754654,2,0,0,1,1,2,2,5,Not at intersection,3,999,Local Road,18-21,Other injury,Bicyclists
T20230003291,2/10/2023,15:00:00,1,Collision with vehicle,6,Friday,137,LEFT TURN SIDESWIPE,1,68673,2,0,0,1,1,2,2,2,T intersection,3,60,Local Road,65-69,Other injury,Bicyclists
T20230003292,2/10/2023,17:30:00,1,Collision with vehicle,6,Friday,163,VEHICLE STRIKES DOOR OF PARKED/STATIONARY VEHICLE,1,753596,3,0,0,1,2,3,1,5,Not at intersection,3,40,Local Road,22-25,Other injury,Bicyclists
T20230003310,2/10/2023,18:00:00,1,Collision with vehicle,6,Friday,137,LEFT TURN SIDESWIPE,1,38006,2,0,0,1,1,2,2,2,T intersection,3,60,Arterial Other,50-59,Other injury,Bicyclists
T20230003334,2/8/2023,8:00:00,1,Collision with vehicle,3,Wednesday,137,LEFT TURN SIDESWIPE,1,6899,2,0,0,1,1,2,2,1,Cross intersection,3,60,Arterial Other,30-39,Other injury,Bicyclists
T20230003342,2/10/2023,12:45:00,1,Collision with vehicle,5,Friday,163,VEHICLE STRIKES DOOR OF PARKED/STATIONARY VEHICLE,1,754305,2,0,0,1,1,2,2,5,Not at intersection,3,40,Local Road,30-39,Other injury,Bicyclists
T20230003344,2/11/2023,7:20:00,1,Collision with vehicle,6,Saturday,148,VEHICLE OFF FOOTPATH STRIKES VEH ON CARRIAGEWAY,1,768774,2,0,0,1,1,2,1,5,Not at intersection,3,50,Arterial Other,70+,Other injury,Bicyclists
T20230003387,2/11/2023,16:27:00,1,Collision with vehicle,7,Saturday,147,VEHICLE STRIKES ANOTHER VEH WHILE EMERGING FROM DRIVEWAY,1,753878,2,0,0,1,1,2,1,5,Not at intersection,3,50,Local Road,18-21,Other injury,Bicyclists
T20230003391,2/11/2023,19:32:00,1,Collision with vehicle,7,Saturday,163,VEHICLE STRIKES DOOR OF PARKED/STATIONARY VEHICLE,2,753879,3,0,0,1,2,3,1,5,Not at intersection,3,40,Local Road,30-39,Other injury,Bicyclists
T20230003406,1/31/2023,14:47:00,1,Collision with vehicle,2,Tuesday,137,LEFT TURN SIDESWIPE,1,43914,2,0,0,1,1,2,1,1,Cross intersection,3,50,Arterial Other,Unknown,Other injury,Bicyclists
T20230003412,2/12/2023,8:54:00,1,Collision with vehicle,1,Sunday,160,VEHICLE COLLIDES WITH VEHICLE PARKED ON LEFT OF ROAD,1,35300,2,0,1,0,0,1,1,2,T intersection,2,50,Arterial Highway,26-29,Serious injury,Bicyclists
T20230003450,2/1/2023,12:30:00,8,No collision and no object struck,4,Wednesday,174,OUT OF CONTROL ON CARRIAGEWAY (ON STRAIGHT),1,29550,1,0,0,1,0,1,2,1,Cross intersection,3,60,Arterial Other,18-21,Other injury,Bicyclists
T20230003470,11/6/2021,9:30:00,7,Fall from or in moving vehicle,6,Saturday,179,OTHER ACCIDENTS-OFF STRAIGHT NOT INCLUDED IN DCAs 170-175,9,754073,1,0,0,1,0,1,2,1,Cross intersection,3,40,Local Road,60-64,Other injury,Bicyclists
T20230003504,2/11/2023,23:00:00,1,Collision with vehicle,6,Saturday,120,HEAD ON (NOT OVERTAKING),6,758675,2,0,1,0,1,2,2,5,Not at intersection,2,60,Arterial Other,16-17,Serious injury,Bicyclists
T20230003517,2/13/2023,18:30:00,1,Collision with vehicle,1,Monday,116,LEFT NEAR (INTERSECTIONS ONLY),1,227538,2,0,0,1,1,2,1,2,T intersection,3,60,Arterial Highway,65-69,Other injury,Bicyclists
T20230003533,1/21/2023,12:49:00,1,Collision with vehicle,7,Saturday,137,LEFT TURN SIDESWIPE,1,38051,2,0,0,1,1,2,2,1,Cross intersection,3,60,Arterial Other,50-59,Other injury,Bicyclists
T20230003546,2/14/2023,7:30:00,1,Collision with vehicle,3,Tuesday,113,RIGHT NEAR (INTERSECTIONS ONLY),1,754309,2,0,0,1,1,2,1,1,Cross intersection,3,60,Local Road,70+,Other injury,Bicyclists
T20230003547,2/14/2023,8:33:00,1,Collision with vehicle,2,Tuesday,110,CROSS TRAFFIC(INTERSECTIONS ONLY),1,42084,2,0,0,1,1,2,1,1,Cross intersection,3,50,Local Road,16-17,Other injury,Bicyclists
T20230003571,2/7/2023,18:00:00,1,Collision with vehicle,2,Tuesday,121,RIGHT THROUGH,2,43292,2,0,0,1,1,2,1,2,T intersection,3,50,Uknown,26-29,Other injury,Bicyclists
T20230003581,2/11/2023,7:50:00,1,Collision with vehicle,7,Saturday,147,VEHICLE STRIKES ANOTHER VEH WHILE EMERGING FROM DRIVEWAY,1,754451,2,0,0,1,1,2,2,5,Not at intersection,3,50,Local Road,30-39,Other injury,Bicyclists
T20230003589,2/14/2023,14:50:00,1,Collision with vehicle,3,Tuesday,148,VEHICLE OFF FOOTPATH STRIKES VEH ON CARRIAGEWAY,1,754557,2,0,1,0,2,3,1,5,Not at intersection,2,60,Arterial Other,50-59,Serious injury,Bicyclists
T20230003605,2/14/2023,16:21:00,1,Collision with vehicle,3,Tuesday,147,VEHICLE STRIKES ANOTHER VEH WHILE EMERGING FROM DRIVEWAY,1,756415,2,0,1,0,1,2,1,5,Not at intersection,2,50,Local Road,22-25,Serious injury,Bicyclists