ACCIDENT_NO,ACCIDENT_DATE,ACCIDENT_TIME,ACCIDENT_TYPE,ACCIDENT_TYPE_DESC,DAY_OF_WEEK,DAY_WEEK_DESC,DCA_CODE,DCA_DESC,LIGHT_CONDITION,NODE_ID,NO_OF_VEHICLES,NO_PERSONS_KILLED,NO_PERSONS_INJ_2,NO_PERSONS_INJ_3,NO_PERSONS_NOT_INJ,NO_PERSONS,POLICE_ATTEND,ROAD_GEOMETRY,ROAD_GEOMETRY_DESC,SEVERITY,SPEED_ZONE,RMA,AGE_GROUP,INJ_LEVEL,ROAD_USER_TYPE_DESC
T20230003617,2/14/2023,18:00:00,1,Collision with vehicle,3,Tuesday,110,CROSS TRAFFIC(INTERSECTIONS ONLY),1,36399,2,0,1,0,4,5,1,1,Cross intersection,2,60,Local Road,22-25,Serious injury,Bicyclists
T20230003638,2/14/2023,17:33:00,1,Collision with vehicle,2,Tuesday,130,REAR END(VEHICLES IN SAME LANE),1,41646,2,0,0,1,1,2,1,1,Cross intersection,3,50,Local Road,30-39,Other injury,Bicyclists
T20230003643,2/14/2023,20:55:00,1,Collision with vehicle,3,Tuesday,130,REAR END(VEHICLES IN SAME LANE),3,29485,3,0,1,1,1,3,1,4,Multiple intersection,2,60,Arterial Highway,45424,Other injury,Bicyclists
T20230003652,2/15/2023,7:00:00,1,Collision with vehicle,4,Wednesday,116,LEFT NEAR (INTERSECTIONS ONLY),1,57546,2,0,1,0,1,2,1,2,T intersection,2,80,Arterial Highway,50-59,Serious injury,Bicyclists
T20230003653,2/15/2023,7:55:00,1,Collision with vehicle,4,Wednesday,121,RIGHT THROUGH,1,40202,2,0,1,0,1,2,1,1,Cross intersection,2,40,Arterial Other,22-25,Serious injury,Bicyclists
T20230003667,2/15/2023,8:35:00,1,Collision with vehicle,3,Wednesday,148,VEHICLE OFF FOOTPATH STRIKES VEH ON CARRIAGEWAY,1,783610,2,0,0,1,1,2,1,5,Not at intersection,3,40,Local Road,45424,Other injury,Bicyclists
T20230003668,2/14/2023,9:00:00,1,Collision with vehicle,3,Tuesday,121,RIGHT THROUGH,1,45490,2,0,0,1,1,2,2,2,T intersection,3,60,Arterial Other,30-39,Other injury,Bicyclists
T20230003670,2/15/2023,10:56:00,1,Collision with vehicle,4,Wednesday,133,LANE SIDE SWIPE (VEHICLES IN PARALLEL LANES),1,762717,2,0,1,0,1,2,1,5,Not at intersection,2,60,Local Road,70+,Serious injury,Bicyclists
T20230003685,2/15/2023,12:25:00,1,Collision with vehicle,3,Wednesday,129,OTHER OPPOSING MANOEUVRES NOT INCLUDED IN DCAs 120-125.,1,779412,2,0,0,1,1,2,1,5,Not at intersection,3,60,Uknown,40-49,Other injury,Bicyclists
T20230003707,2/13/2023,17:00:00,1,Collision with vehicle,2,Monday,121,RIGHT THROUGH,1,397,2,0,0,1,1,2,2,2,T intersection,3,50,Arterial Other,30-39,Other injury,Bicyclists
T20230003715,2/14/2023,5:54:00,1,Collision with vehicle,3,Tuesday,140,U TURN,2,755493,2,0,1,0,1,2,1,5,Not at intersection,2,50,Arterial Highway,50-59,Serious injury,Bicyclists
T20230003743,2/16/2023,8:16:00,1,Collision with vehicle,5,Thursday,147,VEHICLE STRIKES ANOTHER VEH WHILE EMERGING FROM DRIVEWAY,1,754999,2,0,1,0,1,2,1,5,Not at intersection,2,999,Arterial Other,50-59,Serious injury,Bicyclists
T20230003748,2/3/2023,18:00:00,8,No collision and no object struck,6,Friday,174,OUT OF CONTROL ON CARRIAGEWAY (ON STRAIGHT),1,754899,1,0,1,0,0,1,2,5,Not at intersection,2,60,Arterial Other,50-59,Serious injury,Bicyclists
T20230003783,2/15/2023,17:00:00,1,Collision with vehicle,3,Wednesday,133,LANE SIDE SWIPE (VEHICLES IN PARALLEL LANES),1,780731,2,0,0,1,1,2,1,5,Not at intersection,3,999,Local Road,26-29,Other injury,Bicyclists
T20230003791,2/15/2023,8:15:00,1,Collision with vehicle,3,Wednesday,110,CROSS TRAFFIC(INTERSECTIONS ONLY),1,47967,2,0,0,1,1,2,1,1,Cross intersection,3,50,Local Road,50-59,Other injury,Bicyclists
T20230003799,2/16/2023,18:14:00,1,Collision with vehicle,5,Thursday,163,VEHICLE STRIKES DOOR OF PARKED/STATIONARY VEHICLE,1,755823,2,0,0,1,1,2,2,5,Not at intersection,3,40,Arterial Other,50-59,Other injury,Bicyclists
T20230003815,2/16/2023,7:00:00,1,Collision with vehicle,4,Thursday,111,RIGHT FAR (INTERSECTIONS ONLY),2,42018,2,0,0,1,1,2,2,1,Cross intersection,3,50,Local Road,50-59,Other injury,Bicyclists
T20230003817,2/16/2023,8:30:00,1,Collision with vehicle,4,Thursday,137,LEFT TURN SIDESWIPE,1,783611,2,0,0,1,1,2,2,5,Not at intersection,3,40,Local Road,60-64,Other injury,Bicyclists
T20230003850,2/16/2023,18:00:00,1,Collision with vehicle,4,Thursday,137,LEFT TURN SIDESWIPE,1,757764,2,0,0,1,1,2,1,5,Not at intersection,3,60,Arterial Other,40-49,Other injury,Bicyclists
T20230003860,2/17/2023,8:10:00,1,Collision with vehicle,6,Friday,133,LANE SIDE SWIPE (VEHICLES IN PARALLEL LANES),1,478,2,0,1,0,1,2,1,4,Multiple intersection,2,60,Arterial Other,30-39,Serious injury,Bicyclists
T20230003869,2/17/2023,10:40:00,1,Collision with vehicle,6,Friday,163,VEHICLE STRIKES DOOR OF PARKED/STATIONARY VEHICLE,1,770122,2,0,1,0,1,2,1,5,Not at intersection,2,40,Arterial Other,60-64,Serious injury,Bicyclists
T20230003884,2/17/2023,15:30:00,1,Collision with vehicle,5,Friday,136,RIGHT TURN SIDESWIPE,1,38021,2,0,0,1,1,2,2,1,Cross intersection,3,60,Local Road,40-49,Other injury,Bicyclists
T20230003939,2/18/2023,10:00:00,1,Collision with vehicle,7,Saturday,121,RIGHT THROUGH,1,39263,2,0,1,0,1,2,1,2,T intersection,2,60,Arterial Other,30-39,Serious injury,Bicyclists
T20230003960,2/16/2023,18:10:00,1,Collision with vehicle,4,Thursday,163,VEHICLE STRIKES DOOR OF PARKED/STATIONARY VEHICLE,1,786857,2,0,0,1,2,3,2,5,Not at intersection,3,40,Uknown,30-39,Other injury,Bicyclists
T20230003967,2/18/2023,11:30:00,1,Collision with vehicle,6,Saturday,121,RIGHT THROUGH,1,762484,3,0,2,0,1,3,2,2,T intersection,2,40,Uknown,65-69,Serious injury,Bicyclists
T20230003969,2/16/2023,18:25:00,1,Collision with vehicle,5,Thursday,148,VEHICLE OFF FOOTPATH STRIKES VEH ON CARRIAGEWAY,9,773195,2,0,0,1,1,2,2,5,Not at intersection,3,999,Local Road,45424,Other injury,Bicyclists
T20230003972,2/18/2023,10:30:00,1,Collision with vehicle,6,Saturday,148,VEHICLE OFF FOOTPATH STRIKES VEH ON CARRIAGEWAY,1,755500,2,0,0,1,1,2,2,2,T intersection,3,50,Local Road,50-59,Other injury,Bicyclists
T20230004027,2/19/2023,9:40:00,1,Collision with vehicle,0,Sunday,130,REAR END(VEHICLES IN SAME LANE),1,755785,2,0,0,1,1,2,1,5,Not at intersection,3,50,Arterial Other,45424,Other injury,Bicyclists
T20230004094,2/20/2023,8:14:00,1,Collision with vehicle,2,Monday,120,HEAD ON (NOT OVERTAKING),1,756418,2,0,1,0,1,2,1,5,Not at intersection,2,50,Local Road,45424,Serious injury,Bicyclists
T20230004095,2/20/2023,7:09:00,1,Collision with vehicle,2,Monday,121,RIGHT THROUGH,1,47714,2,0,1,0,1,2,1,2,T intersection,2,60,Arterial Highway,26-29,Serious injury,Bicyclists
T20230004110,2/19/2023,13:30:00,1,Collision with vehicle,1,Sunday,163,VEHICLE STRIKES DOOR OF PARKED/STATIONARY VEHICLE,9,774337,2,0,2,0,0,2,2,5,Not at intersection,2,60,Arterial Other,50-59,Serious injury,Bicyclists
T20230004129,2/15/2023,19:40:00,1,Collision with vehicle,4,Wednesday,120,HEAD ON (NOT OVERTAKING),2,35986,2,0,0,1,1,2,2,1,Cross intersection,3,40,Local Road,26-29,Other injury,Bicyclists
T20230004154,2/16/2023,13:00:00,1,Collision with vehicle,5,Thursday,140,U TURN,1,769524,2,0,1,0,1,2,2,5,Not at intersection,2,60,Arterial Other,40-49,Serious injury,Bicyclists
T20230004176,11/26/2022,14:00:00,1,Collision with vehicle,7,Saturday,137,LEFT TURN SIDESWIPE,1,64741,2,0,0,1,1,2,2,2,T intersection,3,60,Arterial Highway,50-59,Other injury,Bicyclists
T20230004191,2/17/2023,12:04:00,8,No collision and no object struck,6,Friday,174,OUT OF CONTROL ON CARRIAGEWAY (ON STRAIGHT),1,271693,1,0,0,1,0,1,1,5,Not at intersection,3,50,Local Road,26-29,Other injury,Bicyclists
T20230004197,2/10/2023,6:30:00,1,Collision with vehicle,5,Friday,116,LEFT NEAR (INTERSECTIONS ONLY),1,38688,2,0,0,1,2,3,1,1,Cross intersection,3,50,Arterial Highway,30-39,Other injury,Bicyclists
T20230004207,2/21/2023,8:03:00,1,Collision with vehicle,2,Tuesday,115,RIGHT/LEFT FAR (INTERSECTIONS ONLY),1,43678,2,0,0,1,1,2,1,2,T intersection,3,50,Local Road,30-39,Other injury,Bicyclists
T20230004211,2/21/2023,9:00:00,1,Collision with vehicle,3,Tuesday,131,LEFT REAR,1,15376,2,0,1,0,1,2,1,1,Cross intersection,2,60,Local Road,30-39,Serious injury,Bicyclists
T20230004212,2/21/2023,9:10:00,1,Collision with vehicle,2,Tuesday,110,CROSS TRAFFIC(INTERSECTIONS ONLY),1,56911,2,0,0,1,1,2,2,1,Cross intersection,3,80,Arterial Other,70+,Other injury,Bicyclists
T20230004250,2/15/2023,7:15:00,1,Collision with vehicle,3,Wednesday,160,VEHICLE COLLIDES WITH VEHICLE PARKED ON LEFT OF ROAD,9,758466,2,0,1,0,0,1,2,5,Not at intersection,2,60,Arterial Other,40-49,Serious injury,Bicyclists
T20230004338,2/21/2023,12:00:00,1,Collision with vehicle,3,Tuesday,121,RIGHT THROUGH,1,29397,2,0,0,1,1,2,2,1,Cross intersection,3,40,Arterial Other,26-29,Other injury,Bicyclists
T20230004356,2/14/2023,18:00:00,1,Collision with vehicle,2,Tuesday,163,VEHICLE STRIKES DOOR OF PARKED/STATIONARY VEHICLE,1,758805,2,0,1,0,3,4,2,5,Not at intersection,2,40,Local Road,26-29,Serious injury,Bicyclists
T20230004357,2/22/2023,12:30:00,1,Collision with vehicle,3,Wednesday,137,LEFT TURN SIDESWIPE,1,787365,2,0,0,1,1,2,2,2,T intersection,3,50,Uknown,26-29,Other injury,Bicyclists
T20230004360,2/22/2023,17:10:00,1,Collision with vehicle,4,Wednesday,137,LEFT TURN SIDESWIPE,1,29380,2,0,1,0,1,2,1,1,Cross intersection,2,50,Local Road,50-59,Serious injury,Bicyclists
T20230004386,2/22/2023,20:55:00,1,Collision with vehicle,3,Wednesday,113,RIGHT NEAR (INTERSECTIONS ONLY),6,46834,2,0,0,1,1,2,2,2,T intersection,3,50,Local Road,22-25,Other injury,Bicyclists
T20230004399,2/23/2023,8:40:00,1,Collision with vehicle,4,Thursday,110,CROSS TRAFFIC(INTERSECTIONS ONLY),1,50633,2,0,1,0,1,2,1,1,Cross intersection,2,50,Arterial Other,60-64,Serious injury,Bicyclists
T20230004419,2/23/2023,7:45:00,1,Collision with vehicle,4,Thursday,140,U TURN,1,776110,2,0,0,1,1,2,2,5,Not at intersection,3,40,Local Road,50-59,Other injury,Bicyclists
T20230004435,2/23/2023,15:30:00,1,Collision with vehicle,4,Thursday,147,VEHICLE STRIKES ANOTHER VEH WHILE EMERGING FROM DRIVEWAY,1,758021,2,0,0,1,1,2,1,5,Not at intersection,3,60,Arterial Other,30-39,Other injury,Bicyclists
T20230004439,2/22/2023,10:00:00,1,Collision with vehicle,3,Wednesday,113,RIGHT NEAR (INTERSECTIONS ONLY),1,39541,2,0,0,1,1,2,2,2,T intersection,3,60,Arterial Other,40-49,Other injury,Bicyclists
T20230004449,2/9/2023,17:00:00,1,Collision with vehicle,5,Thursday,163,VEHICLE STRIKES DOOR OF PARKED/STATIONARY VEHICLE,1,778186,2,0,0,1,2,3,1,5,Not at intersection,3,40,Arterial Other,65-69,Other injury,Bicyclists
T20230004479,2/23/2023,18:05:00,1,Collision with vehicle,4,Thursday,137,LEFT TURN SIDESWIPE,1,241772,2,0,0,1,1,2,2,1,Cross intersection,3,40,Uknown,40-49,Other injury,Bicyclists
T20230004494,2/22/2023,15:17:00,1,Collision with vehicle,3,Wednesday,137,LEFT TURN SIDESWIPE,1,37623,2,0,0,1,1,2,2,2,T intersection,3,60,Arterial Other,26-29,Other injury,Bicyclists
T20230004495,2/24/2023,8:00:00,1,Collision with vehicle,5,Friday,110,CROSS TRAFFIC(INTERSECTIONS ONLY),1,765768,2,0,0,1,1,2,1,1,Cross intersection,3,40,Arterial Other,70+,Other injury,Bicyclists
T20230004570,2/24/2023,20:48:00,1,Collision with vehicle,6,Friday,148,VEHICLE OFF FOOTPATH STRIKES VEH ON CARRIAGEWAY,3,767213,2,0,1,0,1,2,1,1,Cross intersection,2,60,Arterial Other,50-59,Serious injury,Bicyclists
T20230004597,12/12/2022,8:15:00,1,Collision with vehicle,1,Monday,148,VEHICLE OFF FOOTPATH STRIKES VEH ON CARRIAGEWAY,1,757040,2,0,1,0,1,2,2,5,Not at intersection,2,40,Local Road,45424,Serious injury,Bicyclists
T20230004598,12/23/2022,18:00:00,1,Collision with vehicle,6,Friday,147,VEHICLE STRIKES ANOTHER VEH WHILE EMERGING FROM DRIVEWAY,1,757413,2,0,0,1,1,2,2,5,Not at intersection,3,999,Arterial Other,40-49,Other injury,Bicyclists
T20230004689,2/24/2023,10:00:00,1,Collision with vehicle,5,Friday,160,VEHICLE COLLIDES WITH VEHICLE PARKED ON LEFT OF ROAD,1,757538,2,0,0,1,1,2,2,5,Not at intersection,3,60,Arterial Other,30-39,Other injury,Bicyclists
T20230004690,2/21/2023,11:55:00,1,Collision with vehicle,2,Tuesday,163,VEHICLE STRIKES DOOR OF PARKED/STATIONARY VEHICLE,1,783810,2,0,0,1,2,3,2,5,Not at intersection,3,40,Local Road,30-39,Other injury,Bicyclists
T20230004701,2/26/2023,11:00:00,1,Collision with vehicle,0,Sunday,143,ENTERING PARKING,1,760440,2,0,0,1,1,2,2,5,Not at intersection,3,40,Local Road,26-29,Other injury,Bicyclists
T20230004703,2/23/2023,18:00:00,1,Collision with vehicle,5,Thursday,137,LEFT TURN SIDESWIPE,1,781784,2,0,0,1,1,2,2,5,Not at intersection,3,40,Arterial Other,30-39,Other injury,Bicyclists
T20230004708,2/26/2023,15:05:00,1,Collision with vehicle,0,Sunday,110,CROSS TRAFFIC(INTERSECTIONS ONLY),1,787379,2,0,1,0,1,2,1,1,Cross intersection,2,50,Uknown,70+,Serious injury,Bicyclists
T20230004713,2/26/2023,15:10:00,1,Collision with vehicle,0,Sunday,112,LEFT FAR (INTERSECTIONS ONLY),1,83546,2,0,0,1,1,2,2,1,Cross intersection,3,60,Arterial Other,40-49,Other injury,Bicyclists
T20230004728,2/27/2023,6:23:00,1,Collision with vehicle,2,Monday,148,VEHICLE OFF FOOTPATH STRIKES VEH ON CARRIAGEWAY,3,679770,2,0,1,0,1,2,1,1,Cross intersection,2,60,Arterial Other,40-49,Serious injury,Bicyclists
T20230004751,2/27/2023,8:45:00,1,Collision with vehicle,1,Monday,111,RIGHT FAR (INTERSECTIONS ONLY),1,36799,2,0,0,1,1,2,2,1,Cross intersection,3,50,Local Road,30-39,Other injury,Bicyclists
T20230004759,2/27/2023,11:38:00,1,Collision with vehicle,1,Monday,121,RIGHT THROUGH,1,39964,2,0,0,1,2,3,1,2,T intersection,3,60,Arterial Other,40-49,Other injury,Bicyclists
T20230004797,2/27/2023,18:45:00,1,Collision with vehicle,1,Monday,133,LANE SIDE SWIPE (VEHICLES IN PARALLEL LANES),1,784243,2,0,0,1,1,2,1,5,Not at intersection,3,40,Arterial Other,22-25,Other injury,Bicyclists
T20230004805,2/27/2023,16:05:00,1,Collision with vehicle,2,Monday,148,VEHICLE OFF FOOTPATH STRIKES VEH ON CARRIAGEWAY,1,757754,2,0,1,0,1,2,1,2,T intersection,2,50,Local Road,26-29,Serious injury,Bicyclists
T20230004828,2/13/2023,9:30:00,1,Collision with vehicle,2,Monday,148,VEHICLE OFF FOOTPATH STRIKES VEH ON CARRIAGEWAY,1,786801,2,0,0,1,2,3,2,5,Not at intersection,3,60,Uknown,30-39,Other injury,Bicyclists
T20230004832,2/28/2023,6:55:00,1,Collision with vehicle,2,Tuesday,147,VEHICLE STRIKES ANOTHER VEH WHILE EMERGING FROM DRIVEWAY,1,784300,2,0,0,1,1,2,1,5,Not at intersection,3,60,Arterial Other,50-59,Other injury,Bicyclists
T20230004840,2/28/2023,9:00:00,1,Collision with vehicle,2,Tuesday,110,CROSS TRAFFIC(INTERSECTIONS ONLY),1,710776,2,0,1,0,1,2,1,1,Cross intersection,2,888,Local Road,13-15,Serious injury,Bicyclists
T20230004906,2/28/2023,16:00:00,1,Collision with vehicle,3,Tuesday,147,VEHICLE STRIKES ANOTHER VEH WHILE EMERGING FROM DRIVEWAY,1,784305,2,0,0,1,1,2,2,5,Not at intersection,3,999,Local Road,45424,Other injury,Bicyclists
T20230004923,2/28/2023,16:30:00,1,Collision with vehicle,2,Tuesday,137,LEFT TURN SIDESWIPE,1,35714,2,0,0,1,1,2,2,4,Multiple intersection,3,50,Arterial Other,26-29,Other injury,Bicyclists
T20230004983,3/1/2023,18:45:00,1,Collision with vehicle,3,Wednesday,120,HEAD ON (NOT OVERTAKING),1,758280,2,0,1,0,1,2,1,2,T intersection,2,60,Local Road,40-49,Serious injury,Bicyclists
T20230005006,2/24/2023,11:45:00,1,Collision with vehicle,5,Friday,133,LANE SIDE SWIPE (VEHICLES IN PARALLEL LANES),9,129879,2,0,0,1,1,2,2,5,Not at intersection,3,999,Arterial Other,65-69,Other injury,Bicyclists
T20230005023,3/2/2023,11:22:00,1,Collision with vehicle,5,Thursday,110,CROSS TRAFFIC(INTERSECTIONS ONLY),1,62922,2,0,0,1,1,2,1,1,Cross intersection,3,40,Local Road,18-21,Other injury,Bicyclists
T20230005054,3/1/2023,8:30:00,1,Collision with vehicle,4,Wednesday,116,LEFT NEAR (INTERSECTIONS ONLY),1,59009,2,0,0,1,1,2,2,2,T intersection,3,50,Arterial Other,26-29,Other injury,Bicyclists
T20230005097,2/7/2023,7:40:00,1,Collision with vehicle,3,Tuesday,110,CROSS TRAFFIC(INTERSECTIONS ONLY),1,37729,2,0,0,1,1,2,2,1,Cross intersection,3,40,Arterial Other,22-25,Other injury,Bicyclists
T20230005106,2/28/2023,16:40:00,1,Collision with vehicle,2,Tuesday,163,VEHICLE STRIKES DOOR OF PARKED/STATIONARY VEHICLE,1,780271,3,0,0,1,3,4,1,5,Not at intersection,3,40,Local Road,30-39,Other injury,Bicyclists
T20230005108,2/8/2023,8:00:00,1,Collision with vehicle,4,Wednesday,130,REAR END(VEHICLES IN SAME LANE),1,758486,2,0,1,0,1,2,2,5,Not at intersection,2,100,Uknown,40-49,Serious injury,Bicyclists
T20230005121,2/28/2023,16:30:00,6,Vehicle overturned (no collision),2,Tuesday,174,OUT OF CONTROL ON CARRIAGEWAY (ON STRAIGHT),1,36571,1,0,0,1,0,1,2,2,T intersection,3,40,Local Road,30-39,Other injury,Bicyclists
T20230005125,3/3/2023,8:00:00,1,Collision with vehicle,6,Friday,137,LEFT TURN SIDESWIPE,1,36464,2,0,1,0,1,2,2,1,Cross intersection,2,40,Local Road,26-29,Serious injury,Bicyclists
T20230005138,3/3/2023,14:00:00,1,Collision with vehicle,5,Friday,163,VEHICLE STRIKES DOOR OF PARKED/STATIONARY VEHICLE,1,758798,3,0,0,1,2,3,1,5,Not at intersection,3,60,Arterial Other,18-21,Other injury,Bicyclists
T20230005151,3/3/2023,13:45:00,1,Collision with vehicle,6,Friday,160,VEHICLE COLLIDES WITH VEHICLE PARKED ON LEFT OF ROAD,1,758642,2,0,1,0,0,1,2,5,Not at intersection,2,60,Local Road,18-21,Serious injury,Bicyclists
T20230005217,3/4/2023,13:38:00,1,Collision with vehicle,7,Saturday,147,VEHICLE STRIKES ANOTHER VEH WHILE EMERGING FROM DRIVEWAY,1,759336,2,0,1,0,1,2,1,2,T intersection,2,60,Local Road,13-15,Serious injury,Bicyclists
T20230005223,3/4/2023,10:30:00,1,Collision with vehicle,6,Saturday,137,LEFT TURN SIDESWIPE,1,781780,2,0,0,1,1,2,1,5,Not at intersection,3,50,Local Road,30-39,Other injury,Bicyclists
T20230005224,3/3/2023,19:25:00,1,Collision with vehicle,5,Friday,153,CUTTING IN (OVERTAKING),2,234574,2,0,0,1,1,2,2,2,T intersection,3,40,Local Road,13-15,Other injury,Bicyclists
T20230005270,3/5/2023,7:25:00,1,Collision with vehicle,0,Sunday,122,LEFT THROUGH,1,278453,2,0,0,1,1,2,1,1,Cross intersection,3,40,Local Road,50-59,Other injury,Bicyclists
T20230005275,3/5/2023,9:53:00,1,Collision with vehicle,0,Sunday,135,LANE CHANGE LEFT (NOT OVERTAKING),1,267637,2,0,1,0,2,3,1,5,Not at intersection,2,60,Arterial Other,40-49,Serious injury,Bicyclists
T20230005293,3/1/2023,8:20:00,1,Collision with vehicle,4,Wednesday,112,LEFT FAR (INTERSECTIONS ONLY),9,45692,2,0,0,1,1,2,2,1,Cross intersection,3,999,Local Road,26-29,Other injury,Bicyclists
T20230005339,3/6/2023,11:45:00,1,Collision with vehicle,1,Monday,163,VEHICLE STRIKES DOOR OF PARKED/STATIONARY VEHICLE,1,759344,2,0,0,1,1,2,1,1,Cross intersection,3,40,Arterial Other,18-21,Other injury,Bicyclists
T20230005340,2/27/2023,6:30:00,1,Collision with vehicle,2,Monday,160,VEHICLE COLLIDES WITH VEHICLE PARKED ON LEFT OF ROAD,2,759345,3,0,0,1,1,2,2,5,Not at intersection,3,50,Local Road,30-39,Other injury,Bicyclists
T20230005344,3/6/2023,9:10:00,1,Collision with vehicle,2,Monday,137,LEFT TURN SIDESWIPE,1,781778,2,0,0,1,1,2,1,5,Not at intersection,3,60,Arterial Highway,40-49,Other injury,Bicyclists
T20230005360,3/6/2023,13:50:00,1,Collision with vehicle,1,Monday,121,RIGHT THROUGH,1,54820,2,0,0,1,1,2,1,2,T intersection,3,60,Arterial Other,50-59,Other injury,Bicyclists
T20230005383,3/6/2023,13:40:00,1,Collision with vehicle,1,Monday,110,CROSS TRAFFIC(INTERSECTIONS ONLY),1,29643,2,0,0,1,1,2,1,1,Cross intersection,3,60,Arterial Other,30-39,Other injury,Bicyclists
T20230005390,3/6/2023,16:06:00,1,Collision with vehicle,2,Monday,148,VEHICLE OFF FOOTPATH STRIKES VEH ON CARRIAGEWAY,1,764582,2,0,1,0,1,2,1,5,Not at intersection,2,40,Local Road,50-59,Serious injury,Bicyclists
T20230005441,3/7/2023,10:55:00,1,Collision with vehicle,3,Tuesday,142,LEAVING PARKING,1,759212,2,0,1,0,1,2,1,5,Not at intersection,2,50,Uknown,70+,Serious injury,Bicyclists
T20230005453,3/7/2023,9:00:00,1,Collision with vehicle,2,Tuesday,111,RIGHT FAR (INTERSECTIONS ONLY),1,29645,2,0,0,1,1,2,1,1,Cross intersection,3,40,Arterial Other,16-17,Other injury,Bicyclists
T20230005465,3/3/2023,13:40:00,1,Collision with vehicle,5,Friday,163,VEHICLE STRIKES DOOR OF PARKED/STATIONARY VEHICLE,1,780348,2,0,0,1,1,2,2,5,Not at intersection,3,50,Local Road,18-21,Other injury,Bicyclists
T20230005488,3/7/2023,13:25:00,1,Collision with vehicle,3,Tuesday,160,VEHICLE COLLIDES WITH VEHICLE PARKED ON LEFT OF ROAD,1,778204,2,0,1,0,0,1,1,5,Not at intersection,2,40,Local Road,65-69,Serious injury,Bicyclists
T20230005494,3/7/2023,16:44:00,1,Collision with vehicle,2,Tuesday,110,CROSS TRAFFIC(INTERSECTIONS ONLY),1,57663,2,0,1,0,3,4,1,1,Cross intersection,2,60,Arterial Other,30-39,Serious injury,Bicyclists
T20230005500,2/26/2023,17:50:00,1,Collision with vehicle,0,Sunday,131,LEFT REAR,9,37779,2,0,0,1,1,2,2,2,T intersection,3,50,Local Road,50-59,Other injury,Bicyclists
T20230005515,2/25/2023,10:00:00,1,Collision with vehicle,7,Saturday,114,TWO RIGHT TURNING (INTERSECTIONS ONLY),1,670,2,0,0,1,1,2,2,2,T intersection,3,50,Local Road,70+,Other injury,Bicyclists
T20230005544,3/8/2023,9:37:00,1,Collision with vehicle,4,Wednesday,110,CROSS TRAFFIC(INTERSECTIONS ONLY),1,37508,2,0,1,0,3,4,1,1,Cross intersection,2,60,Arterial Other,65-69,Serious injury,Bicyclists
T20230005562,3/7/2023,11:50:00,1,Collision with vehicle,2,Tuesday,121,RIGHT THROUGH,1,652647,2,0,0,1,1,2,2,1,Cross intersection,3,60,Local Road,30-39,Other injury,Bicyclists
T20230005564,3/8/2023,6:43:00,1,Collision with vehicle,4,Wednesday,148,VEHICLE OFF FOOTPATH STRIKES VEH ON CARRIAGEWAY,2,714,2,1,0,0,1,2,1,1,Cross intersection,1,60,Arterial Other,18-21,Fatality,Bicyclists
T20230005565,3/8/2023,8:46:00,1,Collision with vehicle,4,Wednesday,147,VEHICLE STRIKES ANOTHER VEH WHILE EMERGING FROM DRIVEWAY,1,783879,2,0,0,1,1,2,1,5,Not at intersection,3,999,Local Road,45424,Other injury,Bicyclists
T20230005566,3/8/2023,9:30:00,1,Collision with vehicle,3,Wednesday,160,VEHICLE COLLIDES WITH VEHICLE PARKED ON LEFT OF ROAD,1,759926,2,0,0,1,1,2,1,5,Not at intersection,3,50,Arterial Other,60-64,Other injury,Bicyclists
T20230005592,3/8/2023,17:40:00,1,Collision with vehicle,3,Wednesday,121,RIGHT THROUGH,1,40373,2,0,0,1,1,2,1,2,T intersection,3,60,Arterial Other,30-39,Other injury,Bicyclists
T20230005597,3/8/2023,15:20:00,1,Collision with vehicle,3,Wednesday,147,VEHICLE STRIKES ANOTHER VEH WHILE EMERGING FROM DRIVEWAY,1,759476,2,0,0,1,1,2,1,2,T intersection,3,888,Arterial Other,16-17,Other injury,Bicyclists
T20230005598,3/8/2023,14:05:00,1,Collision with vehicle,3,Wednesday,116,LEFT NEAR (INTERSECTIONS ONLY),1,35352,2,0,0,1,1,2,1,1,Cross intersection,3,50,Arterial Other,22-25,Other injury,Bicyclists
T20230005604,3/8/2023,10:58:00,1,Collision with vehicle,3,Wednesday,137,LEFT TURN SIDESWIPE,1,684308,2,0,0,1,1,2,2,5,Not at intersection,3,40,Arterial Other,30-39,Other injury,Bicyclists
T20230005611,3/8/2023,19:52:00,1,Collision with vehicle,3,Wednesday,110,CROSS TRAFFIC(INTERSECTIONS ONLY),2,65471,2,0,1,0,1,2,1,1,Cross intersection,2,50,Local Road,26-29,Serious injury,Bicyclists
T20230005618,3/7/2023,20:20:00,1,Collision with vehicle,2,Tuesday,163,VEHICLE STRIKES DOOR OF PARKED/STATIONARY VEHICLE,2,139680,2,0,0,1,2,3,2,5,Not at intersection,3,40,Uknown,18-21,Other injury,Bicyclists
T20230005626,3/9/2023,8:33:00,1,Collision with vehicle,5,Thursday,121,RIGHT THROUGH,1,36216,2,0,1,0,1,2,1,1,Cross intersection,2,50,Local Road,30-39,Serious injury,Bicyclists
T20230005671,3/9/2023,15:25:00,1,Collision with vehicle,4,Thursday,121,RIGHT THROUGH,1,760568,2,0,0,1,1,2,1,5,Not at intersection,3,50,Local Road,16-17,Other injury,Bicyclists
T20230005765,3/10/2023,12:30:00,1,Collision with vehicle,5,Friday,121,RIGHT THROUGH,1,760032,2,0,0,1,1,2,2,5,Not at intersection,3,30,Uknown,65-69,Other injury,Bicyclists