ACCIDENT_NO,ACCIDENT_DATE,ACCIDENT_TIME,ACCIDENT_TYPE,ACCIDENT_TYPE_DESC,DAY_OF_WEEK,DAY_WEEK_DESC,DCA_CODE,DCA_DESC,LIGHT_CONDITION,NODE_ID,NO_OF_VEHICLES,NO_PERSONS_KILLED,NO_PERSONS_INJ_2,NO_PERSONS_INJ_3,NO_PERSONS_NOT_INJ,NO_PERSONS,POLICE_ATTEND,ROAD_GEOMETRY,ROAD_GEOMETRY_DESC,SEVERITY,SPEED_ZONE,RMA,AGE_GROUP,INJ_LEVEL,ROAD_USER_TYPE_DESC
T20230005790,2/16/2023,18:15:00,1,Collision with vehicle,4,Thursday,137,LEFT TURN SIDESWIPE,1,770691,2,0,0,1,1,2,2,2,T intersection,3,60,Arterial Other,50-59,Other injury,Bicyclists
T20230005791,2/21/2023,13:25:00,1,Collision with vehicle,2,Tuesday,163,VEHICLE STRIKES DOOR OF PARKED/STATIONARY VEHICLE,1,780349,2,0,0,1,1,2,2,5,Not at intersection,3,40,Local Road,26-29,Other injury,Bicyclists
T20230005844,3/11/2023,10:20:00,1,Collision with vehicle,7,Saturday,134,LANE CHANGE RIGHT (NOT OVERTAKING),1,760235,2,0,0,1,1,2,1,5,Not at intersection,3,40,Arterial Other,70+,Other injury,Bicyclists
T20230005846,3/11/2023,12:10:00,1,Collision with vehicle,6,Saturday,122,LEFT THROUGH,1,781785,2,0,0,1,1,2,1,5,Not at intersection,3,30,Local Road,70+,Other injury,Bicyclists
T20230005857,3/11/2023,11:45:00,1,Collision with vehicle,6,Saturday,143,ENTERING PARKING,1,765298,2,0,1,0,1,2,1,1,Cross intersection,2,40,Arterial Other,30-39,Serious injury,Bicyclists
T20230005860,3/11/2023,12:45:00,1,Collision with vehicle,7,Saturday,148,VEHICLE OFF FOOTPATH STRIKES VEH ON CARRIAGEWAY,1,780741,2,0,1,0,1,2,1,5,Not at intersection,2,50,Arterial Other,45424,Serious injury,Bicyclists
T20230005916,3/12/2023,11:56:00,1,Collision with vehicle,0,Sunday,110,CROSS TRAFFIC(INTERSECTIONS ONLY),1,760949,2,0,1,0,1,2,1,1,Cross intersection,2,50,Arterial Other,50-59,Serious injury,Bicyclists
T20230005917,3/12/2023,12:00:00,6,Vehicle overturned (no collision),1,Sunday,174,OUT OF CONTROL ON CARRIAGEWAY (ON STRAIGHT),1,760239,1,0,0,1,0,1,1,5,Not at intersection,3,40,Local Road,13-15,Other injury,Bicyclists
T20230005919,3/11/2023,14:30:00,1,Collision with vehicle,6,Saturday,148,VEHICLE OFF FOOTPATH STRIKES VEH ON CARRIAGEWAY,1,1285,2,0,0,1,1,2,2,2,T intersection,3,60,Uknown,40-49,Other injury,Bicyclists
T20230005935,3/12/2023,9:40:00,1,Collision with vehicle,1,Sunday,132,RIGHT REAR.,1,760701,3,0,1,0,2,3,1,5,Not at intersection,2,60,Arterial Other,70+,Not injured,Bicyclists
T20230006007,3/13/2023,12:25:00,1,Collision with vehicle,1,Monday,112,LEFT FAR (INTERSECTIONS ONLY),1,678425,2,0,0,1,1,2,1,2,T intersection,3,60,Local Road,60-64,Other injury,Bicyclists
T20230006024,3/13/2023,15:33:00,1,Collision with vehicle,2,Monday,137,LEFT TURN SIDESWIPE,1,38830,2,0,1,0,2,3,1,1,Cross intersection,2,40,Local Road,40-49,Serious injury,Bicyclists
T20230006039,2/28/2023,14:35:00,1,Collision with vehicle,2,Tuesday,132,RIGHT REAR.,1,778216,2,0,0,1,1,2,2,5,Not at intersection,3,40,Local Road,30-39,Other injury,Bicyclists
T20230006069,3/14/2023,9:20:00,1,Collision with vehicle,2,Tuesday,130,REAR END(VEHICLES IN SAME LANE),1,780911,2,0,1,0,1,2,1,5,Not at intersection,2,60,Arterial Other,60-64,Serious injury,Bicyclists
T20230006074,3/14/2023,7:26:00,1,Collision with vehicle,3,Tuesday,137,LEFT TURN SIDESWIPE,2,36230,2,0,1,0,1,2,1,1,Cross intersection,2,40,Arterial Other,50-59,Serious injury,Bicyclists
T20230006096,3/13/2023,15:00:00,1,Collision with vehicle,2,Monday,163,VEHICLE STRIKES DOOR OF PARKED/STATIONARY VEHICLE,1,760584,2,0,0,1,1,2,2,5,Not at intersection,3,60,Arterial Other,26-29,Other injury,Bicyclists
T20230006111,3/14/2023,10:40:00,1,Collision with vehicle,2,Tuesday,112,LEFT FAR (INTERSECTIONS ONLY),1,54865,2,0,1,0,1,2,2,1,Cross intersection,2,50,Uknown,70+,Serious injury,Bicyclists
T20230006193,3/5/2023,19:10:00,8,No collision and no object struck,0,Sunday,174,OUT OF CONTROL ON CARRIAGEWAY (ON STRAIGHT),2,250680,1,0,1,0,0,1,2,1,Cross intersection,2,40,Local Road,30-39,Serious injury,Bicyclists
T20230006199,3/15/2023,6:30:00,1,Collision with vehicle,3,Wednesday,139,OTHER SAME DIRECTION-MANOUEVRES NOT INCLUDED IN DCAs 130-137,3,762496,2,0,0,1,1,2,2,5,Not at intersection,3,60,Arterial Highway,70+,Other injury,Bicyclists
T20230006209,2/1/2023,6:47:00,1,Collision with vehicle,3,Wednesday,116,LEFT NEAR (INTERSECTIONS ONLY),2,45616,2,0,0,1,1,2,2,1,Cross intersection,3,999,Arterial Other,30-39,Other injury,Bicyclists
T20230006235,3/15/2023,19:10:00,1,Collision with vehicle,4,Wednesday,163,VEHICLE STRIKES DOOR OF PARKED/STATIONARY VEHICLE,2,264240,2,0,0,1,2,3,1,1,Cross intersection,3,40,Local Road,40-49,Other injury,Bicyclists
T20230006240,2/28/2023,8:15:00,1,Collision with vehicle,2,Tuesday,121,RIGHT THROUGH,1,30938,2,0,0,1,1,2,1,2,T intersection,3,60,Arterial Other,30-39,Other injury,Bicyclists
T20230006252,3/16/2023,9:26:00,1,Collision with vehicle,4,Thursday,119,OTHER ADJACENT (INTERSECTIONS ONLY),1,40761,2,0,0,1,1,2,1,2,T intersection,3,70,Arterial Highway,30-39,Other injury,Bicyclists
T20230006300,3/13/2023,10:45:00,1,Collision with vehicle,1,Monday,163,VEHICLE STRIKES DOOR OF PARKED/STATIONARY VEHICLE,1,767598,2,0,0,1,1,2,2,5,Not at intersection,3,40,Local Road,26-29,Other injury,Bicyclists
T20230006338,3/17/2023,6:46:00,1,Collision with vehicle,6,Friday,121,RIGHT THROUGH,2,763605,2,0,0,1,1,2,2,1,Cross intersection,3,60,Local Road,26-29,Other injury,Bicyclists
T20230006363,3/17/2023,13:06:00,1,Collision with vehicle,5,Friday,148,VEHICLE OFF FOOTPATH STRIKES VEH ON CARRIAGEWAY,1,762372,2,0,0,1,1,2,2,5,Not at intersection,3,40,Local Road,40-49,Other injury,Bicyclists
T20230006370,2/8/2023,19:10:00,1,Collision with vehicle,4,Wednesday,163,VEHICLE STRIKES DOOR OF PARKED/STATIONARY VEHICLE,2,775627,2,0,0,1,1,2,2,5,Not at intersection,3,50,Arterial Other,30-39,Other injury,Bicyclists
T20230006384,3/11/2023,15:00:00,6,Vehicle overturned (no collision),7,Saturday,174,OUT OF CONTROL ON CARRIAGEWAY (ON STRAIGHT),1,38708,1,0,0,1,0,1,2,2,T intersection,3,999,Arterial Other,18-21,Other injury,Bicyclists
T20230006405,3/17/2023,7:15:00,1,Collision with vehicle,6,Friday,110,CROSS TRAFFIC(INTERSECTIONS ONLY),1,311681,2,0,0,1,1,2,2,1,Cross intersection,3,50,Local Road,30-39,Other injury,Bicyclists
T20230006410,3/17/2023,20:40:00,1,Collision with vehicle,5,Friday,148,VEHICLE OFF FOOTPATH STRIKES VEH ON CARRIAGEWAY,3,763848,2,0,0,1,1,2,1,5,Not at intersection,3,60,Local Road,26-29,Other injury,Bicyclists
T20230006412,3/17/2023,15:20:00,1,Collision with vehicle,5,Friday,110,CROSS TRAFFIC(INTERSECTIONS ONLY),1,762260,2,0,0,1,1,2,1,1,Cross intersection,3,50,Local Road,45424,Other injury,Bicyclists
T20230006474,3/14/2023,11:58:00,1,Collision with vehicle,2,Tuesday,110,CROSS TRAFFIC(INTERSECTIONS ONLY),1,306769,2,0,0,1,1,2,2,1,Cross intersection,3,50,Local Road,50-59,Other injury,Bicyclists
T20230006494,3/18/2023,23:40:00,1,Collision with vehicle,7,Saturday,148,VEHICLE OFF FOOTPATH STRIKES VEH ON CARRIAGEWAY,3,307301,2,0,1,0,2,3,1,2,T intersection,2,40,Local Road,40-49,Serious injury,Bicyclists
T20230006515,3/18/2023,22:20:00,1,Collision with vehicle,6,Saturday,163,VEHICLE STRIKES DOOR OF PARKED/STATIONARY VEHICLE,3,761797,2,0,0,2,0,2,1,5,Not at intersection,3,40,Local Road,22-25,Other injury,Bicyclists
T20230006539,3/17/2023,18:58:00,1,Collision with vehicle,6,Friday,145,REVERSING IN STREAM OF TRAFFIC,2,783840,2,0,0,1,1,2,2,5,Not at intersection,3,60,Uknown,40-49,Other injury,Bicyclists
T20230006540,3/18/2023,8:45:00,1,Collision with vehicle,6,Saturday,137,LEFT TURN SIDESWIPE,9,761798,2,0,1,0,1,2,2,1,Cross intersection,2,80,Freeway,70+,Serious injury,Bicyclists
T20230006551,3/19/2023,19:00:00,1,Collision with vehicle,1,Sunday,152,PULLING OUT (OVERTAKING),1,139023,2,0,1,0,1,2,1,5,Not at intersection,2,40,Arterial Other,26-29,Serious injury,Bicyclists
T20230006564,3/20/2023,7:15:00,1,Collision with vehicle,2,Monday,137,LEFT TURN SIDESWIPE,1,53272,2,0,1,0,1,2,1,2,T intersection,2,60,Local Road,50-59,Serious injury,Bicyclists
T20230006617,3/20/2023,15:19:00,1,Collision with vehicle,2,Monday,116,LEFT NEAR (INTERSECTIONS ONLY),1,41485,2,0,1,0,1,2,1,1,Cross intersection,2,60,Local Road,60-64,Serious injury,Bicyclists
T20230006635,3/20/2023,23:00:00,1,Collision with vehicle,2,Monday,148,VEHICLE OFF FOOTPATH STRIKES VEH ON CARRIAGEWAY,3,771102,2,0,1,0,1,2,1,2,T intersection,2,50,Arterial Other,40-49,Serious injury,Bicyclists
T20230006711,3/21/2023,19:27:00,1,Collision with vehicle,2,Tuesday,133,LANE SIDE SWIPE (VEHICLES IN PARALLEL LANES),2,227774,2,0,0,1,1,2,1,1,Cross intersection,3,60,Arterial Other,22-25,Other injury,Bicyclists
T20230006747,3/22/2023,6:55:00,1,Collision with vehicle,3,Wednesday,110,CROSS TRAFFIC(INTERSECTIONS ONLY),3,50038,2,0,0,1,1,2,1,1,Cross intersection,3,60,Local Road,50-59,Other injury,Bicyclists
T20230006751,3/22/2023,11:00:00,1,Collision with vehicle,4,Wednesday,148,VEHICLE OFF FOOTPATH STRIKES VEH ON CARRIAGEWAY,1,773880,2,0,0,1,1,2,1,2,T intersection,3,60,Arterial Highway,30-39,Other injury,Bicyclists
T20230006789,3/21/2023,19:05:00,1,Collision with vehicle,3,Tuesday,163,VEHICLE STRIKES DOOR OF PARKED/STATIONARY VEHICLE,2,781654,2,0,0,1,1,2,2,5,Not at intersection,3,40,Arterial Other,Unknown,Other injury,Bicyclists
T20230006802,3/21/2023,5:43:00,8,No collision and no object struck,3,Tuesday,170,OFF CARRIAGEWAY TO LEFT,3,773890,2,0,0,1,0,1,2,5,Not at intersection,3,999,Local Road,50-59,Other injury,Bicyclists
T20230006818,3/22/2023,15:00:00,1,Collision with vehicle,4,Wednesday,139,OTHER SAME DIRECTION-MANOUEVRES NOT INCLUDED IN DCAs 130-137,1,37156,2,0,0,1,2,3,2,1,Cross intersection,3,60,Local Road,60-64,Other injury,Bicyclists
T20230006826,3/22/2023,23:25:00,1,Collision with vehicle,4,Wednesday,142,LEAVING PARKING,6,246091,2,0,1,0,1,2,2,5,Not at intersection,2,40,Local Road,26-29,Serious injury,Bicyclists
T20230006848,3/10/2023,19:10:00,1,Collision with vehicle,6,Friday,121,RIGHT THROUGH,2,788420,2,0,1,0,1,2,1,1,Cross intersection,2,40,Local Road,18-21,Serious injury,Bicyclists
T20230006858,3/20/2023,18:00:00,1,Collision with vehicle,1,Monday,163,VEHICLE STRIKES DOOR OF PARKED/STATIONARY VEHICLE,1,776126,2,0,1,0,1,2,2,5,Not at intersection,2,40,Local Road,30-39,Serious injury,Bicyclists
T20230006859,3/8/2023,8:02:00,1,Collision with vehicle,4,Wednesday,110,CROSS TRAFFIC(INTERSECTIONS ONLY),1,63406,2,0,0,2,0,2,2,1,Cross intersection,3,999,Local Road,40-49,Other injury,Bicyclists
T20230006870,3/22/2023,18:20:00,1,Collision with vehicle,4,Wednesday,147,VEHICLE STRIKES ANOTHER VEH WHILE EMERGING FROM DRIVEWAY,1,774130,2,0,0,1,1,2,1,5,Not at intersection,3,40,Arterial Other,45424,Other injury,Bicyclists
T20230006894,3/23/2023,13:10:00,1,Collision with vehicle,5,Thursday,120,HEAD ON (NOT OVERTAKING),1,763361,2,0,0,1,1,2,1,5,Not at intersection,3,100,Uknown,40-49,Not injured,Drivers
T20230007013,3/25/2023,7:35:00,1,Collision with vehicle,7,Saturday,110,CROSS TRAFFIC(INTERSECTIONS ONLY),1,38863,2,0,1,0,1,2,1,1,Cross intersection,2,50,Arterial Other,65-69,Serious injury,Bicyclists
T20230007017,3/25/2023,7:35:00,1,Collision with vehicle,7,Saturday,116,LEFT NEAR (INTERSECTIONS ONLY),1,1195,2,0,1,0,1,2,1,1,Cross intersection,2,60,Arterial Highway,40-49,Serious injury,Bicyclists
T20230007036,3/20/2023,9:05:00,1,Collision with vehicle,1,Monday,124,RIGHT/RIGHT BOTH VEHs FROM OPPOSITE DIRECTIONS TURNING RIGHT,1,37910,2,0,0,1,1,2,2,1,Cross intersection,3,40,Arterial Other,40-49,Other injury,Bicyclists
T20230007058,3/14/2023,14:30:00,1,Collision with vehicle,2,Tuesday,148,VEHICLE OFF FOOTPATH STRIKES VEH ON CARRIAGEWAY,1,70029,2,0,0,1,1,2,2,1,Cross intersection,3,50,Local Road,60-64,Other injury,Bicyclists
T20230007077,3/25/2023,20:20:00,1,Collision with vehicle,7,Saturday,137,LEFT TURN SIDESWIPE,6,29460,2,0,1,0,1,2,1,1,Cross intersection,2,999,Arterial Highway,26-29,Serious injury,Bicyclists
T20230007108,3/25/2023,6:45:00,1,Collision with vehicle,7,Saturday,130,REAR END(VEHICLES IN SAME LANE),3,763366,2,0,0,1,1,2,2,5,Not at intersection,3,60,Local Road,40-49,Other injury,Bicyclists
T20230007121,3/26/2023,14:30:00,8,No collision and no object struck,1,Sunday,184,OUT OF CONTROL ON CARRIAGEWAY (ON BEND),1,763476,2,0,1,0,1,2,1,5,Not at intersection,2,60,Local Road,13-15,Serious injury,Bicyclists
T20230007122,3/24/2023,19:10:00,1,Collision with vehicle,5,Friday,129,OTHER OPPOSING MANOEUVRES NOT INCLUDED IN DCAs 120-125.,1,316196,2,0,0,1,1,2,2,9,Unknown,3,60,Arterial Other,40-49,Other injury,Bicyclists
T20230007160,3/18/2023,8:00:00,1,Collision with vehicle,7,Saturday,147,VEHICLE STRIKES ANOTHER VEH WHILE EMERGING FROM DRIVEWAY,1,770457,2,0,1,0,1,2,2,5,Not at intersection,2,60,Local Road,40-49,Serious injury,Bicyclists
T20230007217,3/22/2023,17:00:00,1,Collision with vehicle,4,Wednesday,133,LANE SIDE SWIPE (VEHICLES IN PARALLEL LANES),9,773826,2,0,0,1,1,2,2,5,Not at intersection,3,999,Local Road,40-49,Other injury,Bicyclists
T20230007220,3/22/2023,21:09:00,1,Collision with vehicle,3,Wednesday,121,RIGHT THROUGH,3,36572,2,0,0,1,1,2,1,1,Cross intersection,3,40,Local Road,26-29,Other injury,Bicyclists
T20230007230,3/24/2023,17:00:00,1,Collision with vehicle,5,Friday,142,LEAVING PARKING,1,772709,2,0,0,1,1,2,2,5,Not at intersection,3,40,Local Road,30-39,Other injury,Bicyclists
T20230007257,3/27/2023,20:30:00,1,Collision with vehicle,1,Monday,130,REAR END(VEHICLES IN SAME LANE),3,38679,2,0,0,1,1,2,2,2,T intersection,3,60,Arterial Other,22-25,Other injury,Bicyclists
T20230007296,3/27/2023,17:00:00,1,Collision with vehicle,1,Monday,133,LANE SIDE SWIPE (VEHICLES IN PARALLEL LANES),1,773682,2,0,0,1,1,2,2,5,Not at intersection,3,50,Arterial Highway,22-25,Other injury,Bicyclists
T20230007339,3/5/2023,15:00:00,1,Collision with vehicle,1,Sunday,116,LEFT NEAR (INTERSECTIONS ONLY),1,64035,2,0,0,1,1,2,2,2,T intersection,3,60,Arterial Other,30-39,Other injury,Bicyclists
T20230007367,3/29/2023,2:15:00,1,Collision with vehicle,3,Wednesday,140,U TURN,3,763860,2,0,0,2,0,2,1,5,Not at intersection,3,50,Local Road,65-69,Other injury,Bicyclists
T20230007437,3/29/2023,17:00:00,1,Collision with vehicle,3,Wednesday,110,CROSS TRAFFIC(INTERSECTIONS ONLY),1,42872,2,0,0,1,1,2,1,1,Cross intersection,3,50,Local Road,40-49,Other injury,Bicyclists
T20230007452,3/29/2023,18:26:00,1,Collision with vehicle,4,Wednesday,140,U TURN,1,772712,3,0,1,0,1,2,1,5,Not at intersection,2,50,Arterial Other,30-39,Serious injury,Bicyclists
T20230007469,3/29/2023,21:30:00,1,Collision with vehicle,3,Wednesday,163,VEHICLE STRIKES DOOR OF PARKED/STATIONARY VEHICLE,3,774470,2,0,0,1,1,2,2,5,Not at intersection,3,40,Local Road,22-25,Other injury,Bicyclists
T20230007474,3/30/2023,6:45:00,1,Collision with vehicle,4,Thursday,137,LEFT TURN SIDESWIPE,3,241808,2,0,0,1,1,2,2,2,T intersection,3,50,Local Road,40-49,Other injury,Bicyclists
T20230007476,3/30/2023,6:15:00,1,Collision with vehicle,4,Thursday,163,VEHICLE STRIKES DOOR OF PARKED/STATIONARY VEHICLE,3,764817,2,0,1,0,1,2,1,5,Not at intersection,2,40,Local Road,30-39,Serious injury,Bicyclists
T20230007529,3/30/2023,15:46:00,1,Collision with vehicle,4,Thursday,148,VEHICLE OFF FOOTPATH STRIKES VEH ON CARRIAGEWAY,1,787901,2,0,0,1,1,2,1,2,T intersection,3,50,Local Road,45424,Other injury,Bicyclists
T20230007547,3/30/2023,9:10:00,1,Collision with vehicle,4,Thursday,114,TWO RIGHT TURNING (INTERSECTIONS ONLY),1,53202,2,0,0,1,1,2,2,2,T intersection,3,50,Local Road,50-59,Other injury,Bicyclists
T20230007560,3/31/2023,6:45:00,1,Collision with vehicle,5,Friday,113,RIGHT NEAR (INTERSECTIONS ONLY),5,258466,2,0,1,0,1,2,1,2,T intersection,2,40,Local Road,30-39,Serious injury,Bicyclists
T20230007572,3/31/2023,11:00:00,1,Collision with vehicle,5,Friday,162,ACCIDENT OR BROKEN DOWN,1,782154,2,0,1,0,1,2,1,2,T intersection,2,50,Local Road,26-29,Serious injury,Bicyclists
T20230007627,3/31/2023,5:45:00,1,Collision with vehicle,5,Friday,133,LANE SIDE SWIPE (VEHICLES IN PARALLEL LANES),2,794614,2,0,0,2,0,2,2,5,Not at intersection,3,60,Arterial Other,50-59,Other injury,Bicyclists
T20230007629,3/28/2023,17:30:00,1,Collision with vehicle,3,Tuesday,135,LANE CHANGE LEFT (NOT OVERTAKING),1,764714,2,0,0,1,1,2,2,5,Not at intersection,3,60,Arterial Other,30-39,Other injury,Bicyclists
T20230007641,3/31/2023,19:53:00,1,Collision with vehicle,5,Friday,139,OTHER SAME DIRECTION-MANOUEVRES NOT INCLUDED IN DCAs 130-137,2,779856,2,0,0,1,1,2,2,2,T intersection,3,40,Local Road,30-39,Other injury,Bicyclists
T20230007662,4/1/2023,9:14:00,1,Collision with vehicle,6,Saturday,116,LEFT NEAR (INTERSECTIONS ONLY),1,37168,2,0,0,1,1,2,1,2,T intersection,3,60,Local Road,50-59,Other injury,Bicyclists
T20230007665,4/1/2023,9:00:00,1,Collision with vehicle,6,Saturday,112,LEFT FAR (INTERSECTIONS ONLY),1,774453,2,0,0,1,2,3,1,2,T intersection,3,100,Local Road,16-17,Other injury,Bicyclists
T20230007670,4/1/2023,10:54:00,1,Collision with vehicle,7,Saturday,163,VEHICLE STRIKES DOOR OF PARKED/STATIONARY VEHICLE,1,754899,2,0,0,1,1,2,2,5,Not at intersection,3,40,Arterial Other,30-39,Other injury,Bicyclists
T20230007672,3/30/2023,18:20:00,1,Collision with vehicle,4,Thursday,135,LANE CHANGE LEFT (NOT OVERTAKING),1,37279,2,0,0,1,1,2,1,2,T intersection,3,50,Arterial Other,30-39,Other injury,Bicyclists
T20230007695,3/28/2023,19:45:00,1,Collision with vehicle,3,Tuesday,121,RIGHT THROUGH,3,58077,2,0,0,1,1,2,2,2,T intersection,3,40,Arterial Other,13-15,Other injury,Bicyclists
T20230007773,3/24/2023,16:20:00,1,Collision with vehicle,6,Friday,137,LEFT TURN SIDESWIPE,1,765541,2,0,0,1,1,2,2,5,Not at intersection,3,40,Local Road,26-29,Other injury,Bicyclists
T20230007776,4/2/2023,16:00:00,1,Collision with vehicle,0,Sunday,110,CROSS TRAFFIC(INTERSECTIONS ONLY),1,52507,2,0,0,1,1,2,2,1,Cross intersection,3,50,Arterial Other,22-25,Other injury,Bicyclists
T20230007778,4/2/2023,0:30:00,1,Collision with vehicle,1,Sunday,133,LANE SIDE SWIPE (VEHICLES IN PARALLEL LANES),6,765045,2,0,0,1,1,2,2,5,Not at intersection,3,50,Uknown,50-59,Other injury,Bicyclists
T20230007789,4/2/2023,19:10:00,1,Collision with vehicle,0,Sunday,111,RIGHT FAR (INTERSECTIONS ONLY),3,54103,2,0,1,0,1,2,1,2,T intersection,2,60,Local Road,18-21,Serious injury,Bicyclists
T20230007790,4/2/2023,21:20:00,1,Collision with vehicle,0,Sunday,116,LEFT NEAR (INTERSECTIONS ONLY),3,787405,2,0,0,1,1,2,1,2,T intersection,3,40,Uknown,22-25,Other injury,Bicyclists
T20230007791,4/2/2023,17:45:00,1,Collision with vehicle,0,Sunday,130,REAR END(VEHICLES IN SAME LANE),2,776116,2,0,1,0,2,3,1,5,Not at intersection,2,60,Arterial Other,18-21,Serious injury,Bicyclists
T20230007801,4/3/2023,3:10:00,1,Collision with vehicle,2,Monday,130,REAR END(VEHICLES IN SAME LANE),3,775612,3,0,0,1,1,2,1,5,Not at intersection,3,60,Arterial Other,26-29,Other injury,Bicyclists
T20230007808,4/3/2023,8:20:00,1,Collision with vehicle,1,Monday,148,VEHICLE OFF FOOTPATH STRIKES VEH ON CARRIAGEWAY,1,50910,2,0,0,1,1,2,1,2,T intersection,3,60,Local Road,16-17,Other injury,Bicyclists
T20230007811,1/7/2023,9:45:00,1,Collision with vehicle,7,Saturday,160,VEHICLE COLLIDES WITH VEHICLE PARKED ON LEFT OF ROAD,1,765418,2,0,1,0,0,1,2,5,Not at intersection,2,50,Arterial Other,70+,Serious injury,Bicyclists
T20230007868,3/15/2023,15:30:00,1,Collision with vehicle,3,Wednesday,160,VEHICLE COLLIDES WITH VEHICLE PARKED ON LEFT OF ROAD,9,765288,2,0,0,1,0,1,2,5,Not at intersection,3,999,Local Road,18-21,Other injury,Bicyclists
T20230007877,3/29/2023,18:00:00,1,Collision with vehicle,3,Wednesday,147,VEHICLE STRIKES ANOTHER VEH WHILE EMERGING FROM DRIVEWAY,1,773621,2,0,0,1,1,2,2,5,Not at intersection,3,999,Arterial Other,22-25,Other injury,Bicyclists
T20230007896,4/3/2023,22:25:00,4,Collision with a fixed object,2,Monday,171,LEFT OFF CARRIAGEWAY INTO OBJECT/PARKED VEHICLE,3,766972,1,0,1,0,0,1,1,5,Not at intersection,2,70,Arterial Highway,26-29,Serious injury,Bicyclists
T20230007929,3/8/2023,17:20:00,1,Collision with vehicle,3,Wednesday,121,RIGHT THROUGH,2,7581,2,0,0,1,1,2,2,2,T intersection,3,40,Uknown,40-49,Other injury,Bicyclists
T20230007935,3/24/2023,19:45:00,1,Collision with vehicle,6,Friday,148,VEHICLE OFF FOOTPATH STRIKES VEH ON CARRIAGEWAY,3,42561,2,0,1,0,1,2,2,2,T intersection,2,50,Arterial Other,40-49,Serious injury,Bicyclists
T20230007939,4/4/2023,12:05:00,1,Collision with vehicle,3,Tuesday,121,RIGHT THROUGH,1,38266,3,0,1,0,2,3,1,2,T intersection,2,70,Arterial Other,50-59,Serious injury,Bicyclists
T20230007942,3/29/2023,12:30:00,1,Collision with vehicle,3,Wednesday,110,CROSS TRAFFIC(INTERSECTIONS ONLY),1,50612,2,0,0,1,1,2,2,1,Cross intersection,3,50,Local Road,40-49,Other injury,Bicyclists
T20230007945,4/4/2023,12:50:00,1,Collision with vehicle,2,Tuesday,137,LEFT TURN SIDESWIPE,1,765899,2,0,0,1,1,2,1,2,T intersection,3,999,Local Road,18-21,Other injury,Bicyclists
T20230007982,4/4/2023,18:00:00,1,Collision with vehicle,2,Tuesday,113,RIGHT NEAR (INTERSECTIONS ONLY),1,56746,2,0,0,1,2,3,1,2,T intersection,3,50,Local Road,50-59,Other injury,Bicyclists
T20230007989,4/4/2023,18:57:00,1,Collision with vehicle,3,Tuesday,137,LEFT TURN SIDESWIPE,3,232235,2,0,0,1,1,2,1,2,T intersection,3,60,Arterial Other,30-39,Other injury,Bicyclists
T20230008039,3/23/2023,16:30:00,1,Collision with vehicle,5,Thursday,148,VEHICLE OFF FOOTPATH STRIKES VEH ON CARRIAGEWAY,1,766674,2,0,0,1,1,2,2,5,Not at intersection,3,30,Arterial Other,50-59,Other injury,Bicyclists
T20230008053,4/5/2023,8:15:00,1,Collision with vehicle,4,Wednesday,133,LANE SIDE SWIPE (VEHICLES IN PARALLEL LANES),2,36579,2,0,1,0,1,2,1,3,Y intersection,2,60,Arterial Other,30-39,Serious injury,Bicyclists
T20230008065,4/5/2023,17:13:00,1,Collision with vehicle,4,Wednesday,121,RIGHT THROUGH,1,775349,2,0,1,0,1,2,1,2,T intersection,2,50,Uknown,70+,Serious injury,Bicyclists
T20230008067,4/5/2023,15:20:00,1,Collision with vehicle,3,Wednesday,163,VEHICLE STRIKES DOOR OF PARKED/STATIONARY VEHICLE,1,780424,2,0,0,1,1,2,1,5,Not at intersection,3,60,Local Road,30-39,Other injury,Bicyclists
T20230008097,4/6/2023,6:45:00,1,Collision with vehicle,4,Thursday,119,OTHER ADJACENT (INTERSECTIONS ONLY),1,495,2,0,0,1,1,2,1,2,T intersection,3,60,Arterial Other,40-49,Other injury,Bicyclists
T20230008102,4/6/2023,6:11:00,1,Collision with vehicle,4,Thursday,160,VEHICLE COLLIDES WITH VEHICLE PARKED ON LEFT OF ROAD,9,783159,2,0,0,1,1,2,2,5,Not at intersection,3,60,Local Road,30-39,Other injury,Bicyclists
T20230008105,4/6/2023,8:35:00,1,Collision with vehicle,4,Thursday,135,LANE CHANGE LEFT (NOT OVERTAKING),1,37951,2,0,0,1,1,2,2,2,T intersection,3,40,Local Road,30-39,Other injury,Bicyclists
T20230008107,4/6/2023,8:40:00,1,Collision with vehicle,5,Thursday,147,VEHICLE STRIKES ANOTHER VEH WHILE EMERGING FROM DRIVEWAY,1,790413,2,0,0,1,1,2,2,5,Not at intersection,3,777,Arterial Other,45424,Other injury,Bicyclists
T20230008115,4/5/2023,14:05:00,1,Collision with vehicle,4,Wednesday,163,VEHICLE STRIKES DOOR OF PARKED/STATIONARY VEHICLE,9,777314,2,0,0,1,1,2,2,5,Not at intersection,3,40,Uknown,30-39,Other injury,Bicyclists
T20230008123,4/6/2023,6:54:00,1,Collision with vehicle,5,Thursday,142,LEAVING PARKING,2,788040,2,0,1,0,1,2,1,5,Not at intersection,2,60,Arterial Highway,40-49,Serious injury,Bicyclists
T20230008200,4/7/2023,0:20:00,1,Collision with vehicle,6,Friday,120,HEAD ON (NOT OVERTAKING),3,54951,2,0,1,0,2,3,1,2,T intersection,2,50,Local Road,50-59,Serious injury,Bicyclists