ACCIDENT_NO,ACCIDENT_DATE,ACCIDENT_TIME,ACCIDENT_TYPE,ACCIDENT_TYPE_DESC,DAY_OF_WEEK,DAY_WEEK_DESC,DCA_CODE,DCA_DESC,LIGHT_CONDITION,NODE_ID,NO_OF_VEHICLES,NO_PERSONS_KILLED,NO_PERSONS_INJ_2,NO_PERSONS_INJ_3,NO_PERSONS_NOT_INJ,NO_PERSONS,POLICE_ATTEND,ROAD_GEOMETRY,ROAD_GEOMETRY_DESC,SEVERITY,SPEED_ZONE,RMA,AGE_GROUP,INJ_LEVEL,ROAD_USER_TYPE_DESC
T20230008201,4/5/2023,8:50:00,1,Collision with vehicle,3,Wednesday,130,REAR END(VEHICLES IN SAME LANE),1,766677,2,0,0,1,1,2,2,5,Not at intersection,3,60,Arterial Other,40-49,Other injury,Bicyclists
T20230008212,4/2/2023,18:30:00,1,Collision with vehicle,0,Sunday,123,RIGHT/LEFT. ONE VEH TURNING RIGHT THE OTHER LEFT.,2,36107,2,0,0,1,1,2,2,1,Cross intersection,3,60,Arterial Other,22-25,Other injury,Bicyclists
T20230008220,4/6/2023,17:00:00,1,Collision with vehicle,4,Thursday,121,RIGHT THROUGH,1,35712,2,0,0,1,1,2,2,1,Cross intersection,3,50,Arterial Other,30-39,Other injury,Bicyclists
T20230008230,4/4/2023,7:46:00,1,Collision with vehicle,2,Tuesday,135,LANE CHANGE LEFT (NOT OVERTAKING),2,40485,2,0,0,1,1,2,2,2,T intersection,3,60,Arterial Other,40-49,Other injury,Bicyclists
T20230008272,4/8/2023,4:57:00,1,Collision with vehicle,6,Saturday,163,VEHICLE STRIKES DOOR OF PARKED/STATIONARY VEHICLE,3,774454,2,0,0,1,1,2,1,5,Not at intersection,3,40,Arterial Other,22-25,Other injury,Bicyclists
T20230008277,3/26/2023,16:15:00,1,Collision with vehicle,0,Sunday,133,LANE SIDE SWIPE (VEHICLES IN PARALLEL LANES),9,766460,2,0,0,1,1,2,2,5,Not at intersection,3,60,Local Road,40-49,Other injury,Bicyclists
T20230008291,4/7/2023,16:00:00,1,Collision with vehicle,5,Friday,147,VEHICLE STRIKES ANOTHER VEH WHILE EMERGING FROM DRIVEWAY,2,1063,2,0,0,1,1,2,2,5,Not at intersection,3,60,Arterial Highway,50-59,Other injury,Bicyclists
T20230008352,4/8/2023,12:01:00,9,Other accident,7,Saturday,198,OTHER ACCIDENTS NOT CLASSIFIABLE ELSEWHERE,1,771821,1,0,1,0,1,2,2,5,Not at intersection,2,999,Local Road,70+,Serious injury,Bicyclists
T20230008453,4/11/2023,7:41:00,1,Collision with vehicle,2,Tuesday,159,OTHER OVERTAKING MANOEUVRES NOT INCLUDED IN DCAs 150-154,1,768792,2,0,1,0,1,2,1,5,Not at intersection,2,60,Local Road,30-39,Serious injury,Bicyclists
T20230008490,4/11/2023,13:45:00,2,Struck Pedestrian,3,Tuesday,100,PED NEAR SIDE. PED HIT BY VEHICLE FROM THE RIGHT.,1,767491,1,0,1,1,0,2,1,1,Cross intersection,2,60,Uknown,40-49,Other injury,Bicyclists
T20230008619,4/13/2023,7:42:00,1,Collision with vehicle,5,Thursday,116,LEFT NEAR (INTERSECTIONS ONLY),1,768535,2,0,1,0,1,2,1,2,T intersection,2,50,Local Road,30-39,Serious injury,Bicyclists
T20230008620,4/13/2023,8:56:00,1,Collision with vehicle,4,Thursday,147,VEHICLE STRIKES ANOTHER VEH WHILE EMERGING FROM DRIVEWAY,1,768536,2,0,0,1,1,2,1,5,Not at intersection,3,60,Local Road,70+,Other injury,Bicyclists
T20230008628,4/13/2023,6:44:00,1,Collision with vehicle,5,Thursday,130,REAR END(VEHICLES IN SAME LANE),2,778338,2,0,0,1,1,2,1,2,T intersection,3,60,Local Road,50-59,Other injury,Bicyclists
T20230008645,4/13/2023,9:10:00,1,Collision with vehicle,4,Thursday,148,VEHICLE OFF FOOTPATH STRIKES VEH ON CARRIAGEWAY,1,326348,2,0,0,1,1,2,2,5,Not at intersection,3,40,Local Road,30-39,Other injury,Bicyclists
T20230008647,4/13/2023,13:25:00,1,Collision with vehicle,4,Thursday,148,VEHICLE OFF FOOTPATH STRIKES VEH ON CARRIAGEWAY,1,767843,2,0,0,1,1,2,1,2,T intersection,3,999,Local Road,45424,Other injury,Bicyclists
T20230008650,4/13/2023,9:10:00,1,Collision with vehicle,4,Thursday,119,OTHER ADJACENT (INTERSECTIONS ONLY),1,776118,2,0,0,1,1,2,2,2,T intersection,3,40,Uknown,22-25,Other injury,Bicyclists
T20230008669,4/4/2023,12:50:00,1,Collision with vehicle,2,Tuesday,135,LANE CHANGE LEFT (NOT OVERTAKING),9,346677,2,0,0,1,1,2,2,1,Cross intersection,3,50,Arterial Other,50-59,Other injury,Bicyclists
T20230008692,4/13/2023,3:20:00,1,Collision with vehicle,5,Thursday,121,RIGHT THROUGH,3,57515,2,0,0,1,1,2,1,1,Cross intersection,3,60,Arterial Highway,26-29,Other injury,Bicyclists
T20230008699,4/14/2023,8:50:00,1,Collision with vehicle,5,Friday,121,RIGHT THROUGH,1,231736,2,0,0,1,1,2,1,2,T intersection,3,50,Arterial Highway,13-15,Other injury,Bicyclists
T20230008706,4/6/2023,7:30:00,1,Collision with vehicle,4,Thursday,163,VEHICLE STRIKES DOOR OF PARKED/STATIONARY VEHICLE,1,769303,2,0,0,1,1,2,2,5,Not at intersection,3,50,Local Road,50-59,Other injury,Bicyclists
T20230008714,3/10/2023,16:50:00,4,Collision with a fixed object,6,Friday,171,LEFT OFF CARRIAGEWAY INTO OBJECT/PARKED VEHICLE,1,783854,1,0,0,1,0,1,2,5,Not at intersection,3,888,Arterial Other,13-15,Other injury,Bicyclists
T20230008753,4/1/2023,21:00:00,1,Collision with vehicle,7,Saturday,163,VEHICLE STRIKES DOOR OF PARKED/STATIONARY VEHICLE,3,787176,2,0,0,1,1,2,2,5,Not at intersection,3,999,Uknown,30-39,Not injured,Drivers
T20230008759,4/14/2023,18:00:00,1,Collision with vehicle,5,Friday,139,OTHER SAME DIRECTION-MANOUEVRES NOT INCLUDED IN DCAs 130-137,2,39980,2,0,0,1,1,2,2,2,T intersection,3,50,Local Road,50-59,Other injury,Bicyclists
T20230008769,4/13/2023,3:20:00,1,Collision with vehicle,4,Thursday,121,RIGHT THROUGH,3,57515,2,0,0,1,1,2,2,1,Cross intersection,3,70,Arterial Highway,26-29,Other injury,Bicyclists
T20230008814,4/15/2023,13:10:00,1,Collision with vehicle,6,Saturday,116,LEFT NEAR (INTERSECTIONS ONLY),1,49800,2,0,0,1,1,2,1,1,Cross intersection,3,60,Arterial Other,70+,Other injury,Bicyclists
T20230008817,4/15/2023,14:10:00,1,Collision with vehicle,6,Saturday,148,VEHICLE OFF FOOTPATH STRIKES VEH ON CARRIAGEWAY,1,15435,2,0,0,1,1,2,1,1,Cross intersection,3,60,Arterial Highway,26-29,Not injured,Drivers
T20230008915,4/16/2023,18:36:00,1,Collision with vehicle,0,Sunday,122,LEFT THROUGH,3,89,2,0,0,1,1,2,1,1,Cross intersection,3,40,Local Road,30-39,Other injury,Bicyclists
T20230009011,4/18/2023,6:00:00,1,Collision with vehicle,2,Tuesday,160,VEHICLE COLLIDES WITH VEHICLE PARKED ON LEFT OF ROAD,1,773698,2,0,1,0,0,1,1,5,Not at intersection,2,50,Uknown,30-39,Serious injury,Bicyclists
T20230009027,4/18/2023,10:20:00,1,Collision with vehicle,2,Tuesday,137,LEFT TURN SIDESWIPE,1,788414,2,0,1,0,1,2,1,2,T intersection,2,60,Local Road,65-69,Serious injury,Bicyclists
T20230009038,4/18/2023,11:30:00,1,Collision with vehicle,3,Tuesday,160,VEHICLE COLLIDES WITH VEHICLE PARKED ON LEFT OF ROAD,1,770115,2,0,1,0,0,1,1,5,Not at intersection,2,60,Arterial Other,26-29,Serious injury,Bicyclists
T20230009052,1/14/2023,8:35:00,6,Vehicle overturned (no collision),6,Saturday,174,OUT OF CONTROL ON CARRIAGEWAY (ON STRAIGHT),1,787850,1,0,1,0,0,1,2,5,Not at intersection,2,999,Local Road,65-69,Serious injury,Bicyclists
T20230009057,4/4/2023,8:45:00,1,Collision with vehicle,3,Tuesday,163,VEHICLE STRIKES DOOR OF PARKED/STATIONARY VEHICLE,1,780445,2,0,0,1,1,2,2,5,Not at intersection,3,60,Local Road,22-25,Other injury,Bicyclists
T20230009079,4/18/2023,19:10:00,1,Collision with vehicle,3,Tuesday,121,RIGHT THROUGH,3,773839,2,0,1,0,1,2,1,1,Cross intersection,2,50,Local Road,30-39,Serious injury,Bicyclists
T20230009085,4/18/2023,17:02:00,1,Collision with vehicle,3,Tuesday,110,CROSS TRAFFIC(INTERSECTIONS ONLY),1,52490,2,0,0,1,1,2,1,1,Cross intersection,3,60,Local Road,65-69,Other injury,Bicyclists
T20230009128,4/19/2023,15:22:00,1,Collision with vehicle,4,Wednesday,121,RIGHT THROUGH,1,769312,2,0,0,1,1,2,1,1,Cross intersection,3,40,Arterial Other,40-49,Other injury,Bicyclists
T20230009138,4/19/2023,17:55:00,2,Struck Pedestrian,3,Wednesday,106,VEH STRIKES PED ON FOOTPATH/MEDIAN/TRAFFIC ISLAND.,1,788437,1,0,0,2,0,2,1,5,Not at intersection,3,888,Local Road,13-15,Other injury,Not Known
T20230009177,4/20/2023,8:54:00,1,Collision with vehicle,5,Thursday,110,CROSS TRAFFIC(INTERSECTIONS ONLY),1,48029,2,0,1,0,1,2,1,1,Cross intersection,2,50,Uknown,65-69,Serious injury,Bicyclists
T20230009186,4/20/2023,11:42:00,1,Collision with vehicle,4,Thursday,130,REAR END(VEHICLES IN SAME LANE),1,63503,2,0,0,1,1,2,1,5,Not at intersection,3,50,Arterial Other,50-59,Other injury,Bicyclists
T20230009208,4/20/2023,7:30:00,8,No collision and no object struck,5,Thursday,137,LEFT TURN SIDESWIPE,1,769322,2,0,0,1,1,2,2,1,Cross intersection,3,40,Local Road,26-29,Other injury,Bicyclists
T20230009237,4/20/2023,19:10:00,1,Collision with vehicle,4,Thursday,163,VEHICLE STRIKES DOOR OF PARKED/STATIONARY VEHICLE,3,783867,2,0,1,0,1,2,1,5,Not at intersection,2,40,Local Road,30-39,Serious injury,Bicyclists
T20230009262,4/21/2023,17:30:00,1,Collision with vehicle,5,Friday,113,RIGHT NEAR (INTERSECTIONS ONLY),6,44360,2,0,0,1,1,2,2,2,T intersection,3,999,Local Road,40-49,Other injury,Bicyclists
T20230009285,4/21/2023,11:00:00,1,Collision with vehicle,6,Friday,121,RIGHT THROUGH,1,51716,2,0,1,0,1,2,1,2,T intersection,2,60,Arterial Highway,65-69,Serious injury,Bicyclists
T20230009306,4/21/2023,14:55:00,1,Collision with vehicle,5,Friday,121,RIGHT THROUGH,1,8388,2,0,0,1,1,2,1,2,T intersection,3,60,Uknown,40-49,Other injury,Bicyclists
T20230009311,4/10/2023,18:45:00,1,Collision with vehicle,2,Monday,116,LEFT NEAR (INTERSECTIONS ONLY),2,38051,2,0,0,1,1,2,2,1,Cross intersection,3,60,Arterial Other,50-59,Other injury,Bicyclists
T20230009312,4/18/2023,21:00:00,1,Collision with vehicle,2,Tuesday,163,VEHICLE STRIKES DOOR OF PARKED/STATIONARY VEHICLE,3,791240,2,0,0,1,1,2,2,5,Not at intersection,3,999,Local Road,30-39,Other injury,Bicyclists
T20230009328,4/20/2023,19:48:00,1,Collision with vehicle,4,Thursday,130,REAR END(VEHICLES IN SAME LANE),3,776128,2,0,0,1,1,2,1,5,Not at intersection,3,60,Arterial Other,50-59,Other injury,Bicyclists
T20230009363,4/21/2023,18:00:00,1,Collision with vehicle,5,Friday,132,RIGHT REAR.,1,788441,2,0,1,0,1,2,2,9,Unknown,2,999,Uknown,40-49,Serious injury,Bicyclists
T20230009370,4/22/2023,9:13:00,1,Collision with vehicle,6,Saturday,121,RIGHT THROUGH,1,42027,2,0,0,1,1,2,1,2,T intersection,3,60,Arterial Other,30-39,Other injury,Bicyclists
T20230009485,8/18/2022,8:00:00,1,Collision with vehicle,4,Thursday,133,LANE SIDE SWIPE (VEHICLES IN PARALLEL LANES),9,37717,2,0,0,1,1,2,2,2,T intersection,3,40,Arterial Other,30-39,Other injury,Bicyclists
T20230009540,4/24/2023,12:00:00,1,Collision with vehicle,1,Monday,135,LANE CHANGE LEFT (NOT OVERTAKING),1,35571,2,0,0,1,1,2,2,2,T intersection,3,999,Arterial Other,40-49,Other injury,Bicyclists
T20230009553,8/5/2022,13:00:00,1,Collision with vehicle,5,Friday,163,VEHICLE STRIKES DOOR OF PARKED/STATIONARY VEHICLE,1,779676,2,0,0,1,1,2,2,5,Not at intersection,3,40,Local Road,30-39,Other injury,Bicyclists
T20230009570,4/24/2023,18:30:00,1,Collision with vehicle,2,Monday,163,VEHICLE STRIKES DOOR OF PARKED/STATIONARY VEHICLE,3,141845,2,0,1,0,1,2,1,5,Not at intersection,2,40,Local Road,18-21,Serious injury,Bicyclists
T20230009592,4/25/2023,5:50:00,1,Collision with vehicle,2,Tuesday,135,LANE CHANGE LEFT (NOT OVERTAKING),2,787994,2,0,0,1,4,5,2,5,Not at intersection,3,50,Local Road,60-64,Other injury,Bicyclists
T20230009598,4/25/2023,9:20:00,1,Collision with vehicle,2,Tuesday,110,CROSS TRAFFIC(INTERSECTIONS ONLY),1,43597,2,0,0,1,2,3,1,1,Cross intersection,3,80,Arterial Other,40-49,Other injury,Bicyclists
T20230009610,4/25/2023,11:00:00,1,Collision with vehicle,3,Tuesday,148,VEHICLE OFF FOOTPATH STRIKES VEH ON CARRIAGEWAY,1,40967,2,0,1,0,1,2,1,2,T intersection,2,60,Arterial Other,70+,Serious injury,Bicyclists
T20230009620,4/25/2023,5:50:00,1,Collision with vehicle,2,Tuesday,116,LEFT NEAR (INTERSECTIONS ONLY),3,244028,2,0,0,1,1,2,2,2,T intersection,3,60,Local Road,50-59,Other injury,Bicyclists
T20230009678,4/25/2023,14:15:00,1,Collision with vehicle,2,Tuesday,136,RIGHT TURN SIDESWIPE,1,1240,2,0,1,0,1,2,1,3,Y intersection,2,999,Local Road,50-59,Serious injury,Bicyclists
T20230009692,4/21/2023,5:30:00,5,collision with some other object,6,Friday,191,LOAD OR MISSILE STRUCK VEHICLE,2,770982,1,0,1,0,0,1,2,5,Not at intersection,2,70,Arterial Other,40-49,Serious injury,Bicyclists
T20230009725,4/26/2023,16:52:00,1,Collision with vehicle,4,Wednesday,121,RIGHT THROUGH,2,250878,2,0,1,0,1,2,1,2,T intersection,2,60,Arterial Other,26-29,Serious injury,Bicyclists
T20230009751,4/26/2023,19:10:00,1,Collision with vehicle,4,Wednesday,110,CROSS TRAFFIC(INTERSECTIONS ONLY),2,299955,2,0,0,1,1,2,1,1,Cross intersection,3,50,Local Road,40-49,Other injury,Bicyclists
T20230009766,4/13/2023,18:50:00,1,Collision with vehicle,5,Thursday,110,CROSS TRAFFIC(INTERSECTIONS ONLY),6,770985,2,0,1,0,1,2,2,1,Cross intersection,2,50,Local Road,40-49,Serious injury,Bicyclists
T20230009790,4/27/2023,12:37:00,8,No collision and no object struck,5,Thursday,174,OUT OF CONTROL ON CARRIAGEWAY (ON STRAIGHT),1,770986,1,0,1,0,0,1,1,2,T intersection,2,40,Local Road,#N/A,#N/A,#N/A
T20230009809,4/27/2023,15:05:00,1,Collision with vehicle,5,Thursday,110,CROSS TRAFFIC(INTERSECTIONS ONLY),1,45185,2,0,0,1,1,2,1,1,Cross intersection,3,50,Local Road,30-39,Other injury,Bicyclists
T20230009846,4/26/2023,19:15:00,1,Collision with vehicle,4,Wednesday,132,RIGHT REAR.,9,45632,2,0,1,0,1,2,2,2,T intersection,2,40,Arterial Other,30-39,Serious injury,Bicyclists
T20230009848,4/27/2023,15:15:00,1,Collision with vehicle,4,Thursday,147,VEHICLE STRIKES ANOTHER VEH WHILE EMERGING FROM DRIVEWAY,1,790529,2,0,0,1,1,2,2,5,Not at intersection,3,999,Local Road,45424,Other injury,Bicyclists
T20230009851,4/27/2023,18:30:00,1,Collision with vehicle,4,Thursday,110,CROSS TRAFFIC(INTERSECTIONS ONLY),3,36364,2,0,0,1,2,3,1,1,Cross intersection,3,60,Arterial Other,22-25,Other injury,Bicyclists
T20230009858,4/9/2023,13:30:00,1,Collision with vehicle,0,Sunday,110,CROSS TRAFFIC(INTERSECTIONS ONLY),1,9056,2,0,0,1,1,2,2,1,Cross intersection,3,60,Uknown,22-25,Other injury,Bicyclists
T20230009891,4/28/2023,13:00:00,1,Collision with vehicle,5,Friday,121,RIGHT THROUGH,1,29803,2,0,0,1,1,2,1,2,T intersection,3,60,Arterial Other,26-29,Other injury,Bicyclists
T20230009899,4/28/2023,10:20:00,1,Collision with vehicle,6,Friday,148,VEHICLE OFF FOOTPATH STRIKES VEH ON CARRIAGEWAY,1,772214,2,0,1,0,1,2,1,2,T intersection,2,50,Local Road,26-29,Serious injury,Bicyclists
T20230009900,4/28/2023,11:20:00,1,Collision with vehicle,5,Friday,137,LEFT TURN SIDESWIPE,1,36,2,0,0,1,2,3,1,1,Cross intersection,3,60,Arterial Other,22-25,Other injury,Bicyclists
T20230010008,4/29/2023,13:25:00,1,Collision with vehicle,6,Saturday,135,LANE CHANGE LEFT (NOT OVERTAKING),1,773755,2,0,0,1,1,2,2,5,Not at intersection,3,60,Arterial Other,40-49,Other injury,Bicyclists
T20230010083,4/27/2023,12:52:00,1,Collision with vehicle,5,Thursday,135,LANE CHANGE LEFT (NOT OVERTAKING),1,774007,2,0,1,1,0,2,2,5,Not at intersection,2,60,Arterial Highway,50-59,Serious injury,Bicyclists
T20230010087,4/30/2023,14:00:00,1,Collision with vehicle,1,Sunday,147,VEHICLE STRIKES ANOTHER VEH WHILE EMERGING FROM DRIVEWAY,1,776166,2,0,0,1,1,2,2,5,Not at intersection,3,888,Local Road,13-15,Other injury,Bicyclists
T20230010115,5/1/2023,8:50:00,1,Collision with vehicle,1,Monday,147,VEHICLE STRIKES ANOTHER VEH WHILE EMERGING FROM DRIVEWAY,1,772216,2,0,0,1,1,2,1,2,T intersection,3,50,Uknown,13-15,Other injury,Bicyclists
T20230010132,5/1/2023,10:03:00,1,Collision with vehicle,1,Monday,140,U TURN,1,771961,2,0,0,1,1,2,1,2,T intersection,3,40,Local Road,40-49,Other injury,Bicyclists
T20230010156,4/27/2023,13:30:00,1,Collision with vehicle,5,Thursday,147,VEHICLE STRIKES ANOTHER VEH WHILE EMERGING FROM DRIVEWAY,1,782880,2,0,1,0,1,2,2,5,Not at intersection,2,50,Uknown,30-39,Serious injury,Bicyclists
T20230010185,5/1/2023,23:00:00,1,Collision with vehicle,1,Monday,142,LEAVING PARKING,3,787347,2,0,1,0,1,2,1,5,Not at intersection,2,40,Uknown,22-25,Serious injury,Bicyclists
T20230010210,4/25/2023,17:55:00,9,Other accident,2,Tuesday,179,OTHER ACCIDENTS-OFF STRAIGHT NOT INCLUDED IN DCAs 170-175,9,777049,2,0,1,0,1,2,2,5,Not at intersection,2,40,Local Road,40-49,Serious injury,Bicyclists
T20230010217,3/14/2023,2:00:00,1,Collision with vehicle,3,Tuesday,130,REAR END(VEHICLES IN SAME LANE),3,778670,2,0,0,1,1,2,1,5,Not at intersection,3,50,Local Road,40-49,Other injury,Bicyclists
T20230010227,5/2/2023,11:00:00,1,Collision with vehicle,3,Tuesday,110,CROSS TRAFFIC(INTERSECTIONS ONLY),1,675825,2,0,1,0,1,2,1,1,Cross intersection,2,50,Local Road,50-59,Serious injury,Bicyclists
T20230010235,5/2/2023,9:05:00,1,Collision with vehicle,3,Tuesday,147,VEHICLE STRIKES ANOTHER VEH WHILE EMERGING FROM DRIVEWAY,1,787361,2,0,0,1,1,2,2,5,Not at intersection,3,888,Uknown,16-17,Other injury,Bicyclists
T20230010248,4/30/2023,7:30:00,1,Collision with vehicle,1,Sunday,116,LEFT NEAR (INTERSECTIONS ONLY),2,772222,2,0,0,1,1,2,1,2,T intersection,3,80,Local Road,50-59,Other injury,Bicyclists
T20230010258,3/22/2023,1:00:00,1,Collision with vehicle,4,Wednesday,160,VEHICLE COLLIDES WITH VEHICLE PARKED ON LEFT OF ROAD,6,772343,2,0,0,1,1,2,2,5,Not at intersection,3,50,Local Road,50-59,Other injury,Bicyclists
T20230010259,4/18/2023,6:00:00,1,Collision with vehicle,2,Tuesday,113,RIGHT NEAR (INTERSECTIONS ONLY),2,788493,2,0,0,1,1,2,1,2,T intersection,3,50,Local Road,50-59,Other injury,Bicyclists
T20230010274,5/2/2023,17:00:00,1,Collision with vehicle,2,Tuesday,137,LEFT TURN SIDESWIPE,1,777496,2,0,0,1,1,2,2,5,Not at intersection,3,50,Local Road,50-59,Other injury,Bicyclists
T20230010311,5/3/2023,8:33:00,1,Collision with vehicle,3,Wednesday,140,U TURN,1,772735,2,0,0,1,1,2,1,5,Not at intersection,3,60,Arterial Other,30-39,Other injury,Bicyclists
T20230010319,4/28/2023,14:00:00,1,Collision with vehicle,6,Friday,110,CROSS TRAFFIC(INTERSECTIONS ONLY),1,51724,2,0,0,1,1,2,2,1,Cross intersection,3,60,Local Road,30-39,Other injury,Bicyclists
T20230010338,4/28/2023,17:00:00,1,Collision with vehicle,5,Friday,130,REAR END(VEHICLES IN SAME LANE),2,779888,2,0,1,1,0,2,2,5,Not at intersection,2,50,Local Road,30-39,Other injury,Bicyclists
T20230010368,5/3/2023,18:20:00,1,Collision with vehicle,4,Wednesday,121,RIGHT THROUGH,3,772602,2,0,0,1,1,2,1,5,Not at intersection,3,60,Local Road,30-39,Other injury,Bicyclists
T20230010373,5/3/2023,18:10:00,1,Collision with vehicle,4,Wednesday,137,LEFT TURN SIDESWIPE,3,42746,2,0,1,0,1,2,1,4,Multiple intersection,2,60,Arterial Highway,50-59,Serious injury,Bicyclists
T20230010374,5/3/2023,19:20:00,2,Struck Pedestrian,3,Wednesday,102,FAR SIDE. PED HIT BY VEHICLE FROM THE LEFT,3,773572,1,0,0,1,1,2,1,5,Not at intersection,3,40,Local Road,22-25,Not injured,Bicyclists
T20230010398,4/19/2023,15:45:00,1,Collision with vehicle,3,Wednesday,147,VEHICLE STRIKES ANOTHER VEH WHILE EMERGING FROM DRIVEWAY,1,779898,2,0,0,1,1,2,2,5,Not at intersection,3,30,Arterial Highway,60-64,Other injury,Bicyclists
T20230010411,4/13/2023,9:20:00,1,Collision with vehicle,4,Thursday,137,LEFT TURN SIDESWIPE,1,787881,2,0,0,1,1,2,2,5,Not at intersection,3,999,Arterial Other,30-39,Other injury,Bicyclists
T20230010422,5/4/2023,6:40:00,1,Collision with vehicle,4,Thursday,119,OTHER ADJACENT (INTERSECTIONS ONLY),3,787148,2,0,0,1,1,2,1,2,T intersection,3,60,Uknown,40-49,Other injury,Bicyclists
T20230010434,5/4/2023,6:15:00,1,Collision with vehicle,4,Thursday,116,LEFT NEAR (INTERSECTIONS ONLY),6,69035,2,0,0,2,0,2,2,2,T intersection,3,70,Arterial Highway,65-69,Other injury,Bicyclists
T20230010445,4/19/2023,15:01:00,1,Collision with vehicle,3,Wednesday,145,REVERSING IN STREAM OF TRAFFIC,1,788427,2,0,0,1,1,2,2,5,Not at intersection,3,40,Arterial Other,40-49,Other injury,Bicyclists
T20230010454,5/3/2023,16:50:00,1,Collision with vehicle,3,Wednesday,112,LEFT FAR (INTERSECTIONS ONLY),2,782436,2,0,0,1,1,2,2,9,Unknown,3,999,Arterial Highway,60-64,Other injury,Bicyclists
T20230010481,5/4/2023,18:15:00,1,Collision with vehicle,4,Thursday,163,VEHICLE STRIKES DOOR OF PARKED/STATIONARY VEHICLE,2,790573,2,0,0,1,1,2,2,5,Not at intersection,3,40,Local Road,30-39,Other injury,Bicyclists
T20230010511,5/5/2023,8:30:00,8,No collision and no object struck,6,Friday,174,OUT OF CONTROL ON CARRIAGEWAY (ON STRAIGHT),1,773613,1,0,1,0,0,1,1,5,Not at intersection,2,60,Local Road,60-64,Serious injury,Bicyclists
T20230010543,5/3/2023,15:20:00,1,Collision with vehicle,3,Wednesday,121,RIGHT THROUGH,1,773580,2,0,0,1,1,2,2,2,T intersection,3,40,Arterial Other,30-39,Other injury,Bicyclists
T20230010578,5/5/2023,18:38:00,8,No collision and no object struck,6,Friday,122,LEFT THROUGH,2,776797,2,0,0,1,1,2,2,5,Not at intersection,3,999,Local Road,22-25,Other injury,Bicyclists
T20230010610,5/6/2023,6:20:00,1,Collision with vehicle,6,Saturday,116,LEFT NEAR (INTERSECTIONS ONLY),3,346758,2,0,0,1,1,2,2,2,T intersection,3,70,Arterial Other,30-39,Other injury,Bicyclists
T20230010626,5/5/2023,15:30:00,1,Collision with vehicle,6,Friday,137,LEFT TURN SIDESWIPE,1,29431,2,0,0,1,1,2,2,2,T intersection,3,60,Arterial Other,18-21,Other injury,Bicyclists
T20230010689,4/12/2023,13:30:00,1,Collision with vehicle,3,Wednesday,199,UNKNOWN-NO DETAILS ON MANOEUVRES OF ROAD-USERS IN ACCIDENT,1,777275,2,0,0,1,2,3,2,2,T intersection,3,40,Local Road,18-21,Other injury,Bicyclists
T20230010697,5/7/2023,15:30:00,1,Collision with vehicle,0,Sunday,110,CROSS TRAFFIC(INTERSECTIONS ONLY),1,37972,2,0,1,0,1,2,1,1,Cross intersection,2,50,Local Road,30-39,Serious injury,Bicyclists
T20230010732,11/24/2022,5:00:00,1,Collision with vehicle,4,Thursday,110,CROSS TRAFFIC(INTERSECTIONS ONLY),2,50186,2,0,0,1,1,2,2,1,Cross intersection,3,70,Arterial Highway,60-64,Other injury,Bicyclists
T20230010800,5/8/2023,18:45:00,1,Collision with vehicle,2,Monday,163,VEHICLE STRIKES DOOR OF PARKED/STATIONARY VEHICLE,3,776145,2,0,1,0,1,2,2,5,Not at intersection,2,999,Local Road,40-49,Serious injury,Bicyclists
T20230010862,5/7/2023,19:00:00,1,Collision with vehicle,0,Sunday,147,VEHICLE STRIKES ANOTHER VEH WHILE EMERGING FROM DRIVEWAY,3,306171,2,0,1,0,1,2,2,5,Not at intersection,2,999,Local Road,22-25,Serious injury,Bicyclists
T20230010879,5/9/2023,18:20:00,1,Collision with vehicle,2,Tuesday,163,VEHICLE STRIKES DOOR OF PARKED/STATIONARY VEHICLE,3,775891,2,0,0,1,1,2,1,5,Not at intersection,3,50,Local Road,22-25,Other injury,Bicyclists
T20230010892,5/9/2023,18:11:00,1,Collision with vehicle,3,Tuesday,121,RIGHT THROUGH,3,36499,2,0,0,1,1,2,1,1,Cross intersection,3,40,Local Road,26-29,Other injury,Bicyclists
T20230010920,5/7/2023,14:15:00,1,Collision with vehicle,1,Sunday,163,VEHICLE STRIKES DOOR OF PARKED/STATIONARY VEHICLE,1,775837,3,0,0,1,1,2,2,5,Not at intersection,3,40,Local Road,22-25,Other injury,Bicyclists
T20230011002,5/11/2023,10:03:00,1,Collision with vehicle,4,Thursday,121,RIGHT THROUGH,1,36317,2,0,0,1,1,2,1,1,Cross intersection,3,40,Local Road,50-59,Other injury,Bicyclists
T20230011010,5/11/2023,8:45:00,1,Collision with vehicle,5,Thursday,163,VEHICLE STRIKES DOOR OF PARKED/STATIONARY VEHICLE,1,776181,2,0,0,1,1,2,2,5,Not at intersection,3,999,Arterial Other,40-49,Other injury,Bicyclists
T20230011030,5/10/2023,20:30:00,1,Collision with vehicle,3,Wednesday,163,VEHICLE STRIKES DOOR OF PARKED/STATIONARY VEHICLE,3,782428,2,0,0,1,1,2,2,5,Not at intersection,3,50,Local Road,26-29,Other injury,Bicyclists
T20230011036,5/11/2023,17:00:00,1,Collision with vehicle,4,Thursday,133,LANE SIDE SWIPE (VEHICLES IN PARALLEL LANES),1,270441,2,0,0,1,1,2,2,2,T intersection,3,40,Local Road,30-39,Other injury,Bicyclists
T20230011110,5/11/2023,18:15:00,1,Collision with vehicle,4,Thursday,137,LEFT TURN SIDESWIPE,3,8211,3,0,0,2,1,3,2,2,T intersection,3,60,Uknown,40-49,Other injury,Bicyclists