ACCIDENT_NO,ACCIDENT_DATE,ACCIDENT_TIME,ACCIDENT_TYPE,ACCIDENT_TYPE_DESC,DAY_OF_WEEK,DAY_WEEK_DESC,DCA_CODE,DCA_DESC,LIGHT_CONDITION,NODE_ID,NO_OF_VEHICLES,NO_PERSONS_KILLED,NO_PERSONS_INJ_2,NO_PERSONS_INJ_3,NO_PERSONS_NOT_INJ,NO_PERSONS,POLICE_ATTEND,ROAD_GEOMETRY,ROAD_GEOMETRY_DESC,SEVERITY,SPEED_ZONE,RMA,AGE_GROUP,INJ_LEVEL,ROAD_USER_TYPE_DESC
T20230011114,5/12/2023,9:52:00,1,Collision with vehicle,5,Friday,137,LEFT TURN SIDESWIPE,1,38684,2,0,0,1,1,2,1,2,T intersection,3,60,Local Road,30-39,Other injury,Bicyclists
T20230011125,5/12/2023,14:18:00,1,Collision with vehicle,6,Friday,140,U TURN,1,774386,2,0,1,0,1,2,1,5,Not at intersection,2,40,Local Road,30-39,Serious injury,Bicyclists
T20230011181,5/13/2023,6:20:00,1,Collision with vehicle,7,Saturday,133,LANE SIDE SWIPE (VEHICLES IN PARALLEL LANES),3,774039,3,0,1,0,1,2,1,5,Not at intersection,2,60,Arterial Highway,70+,Serious injury,Bicyclists
T20230011197,5/12/2023,8:50:00,1,Collision with vehicle,6,Friday,137,LEFT TURN SIDESWIPE,1,57492,2,0,1,0,1,2,2,1,Cross intersection,2,60,Arterial Other,26-29,Serious injury,Bicyclists
T20230011201,5/13/2023,15:50:00,1,Collision with vehicle,6,Saturday,147,VEHICLE STRIKES ANOTHER VEH WHILE EMERGING FROM DRIVEWAY,1,773988,2,0,0,1,1,2,2,5,Not at intersection,3,40,Local Road,40-49,Other injury,Bicyclists
T20230011220,5/13/2023,18:15:00,1,Collision with vehicle,7,Saturday,121,RIGHT THROUGH,3,56550,2,0,0,1,1,2,1,2,T intersection,3,60,Arterial Other,22-25,Other injury,Bicyclists
T20230011251,5/13/2023,11:46:00,1,Collision with vehicle,6,Saturday,137,LEFT TURN SIDESWIPE,1,67543,2,0,0,1,1,2,2,2,T intersection,3,60,Arterial Other,40-49,Other injury,Bicyclists
T20230011259,3/6/2023,18:05:00,1,Collision with vehicle,2,Monday,121,RIGHT THROUGH,2,37542,2,0,0,1,1,2,2,2,T intersection,3,999,Arterial Other,50-59,Other injury,Bicyclists
T20230011265,5/14/2023,10:53:00,1,Collision with vehicle,1,Sunday,130,REAR END(VEHICLES IN SAME LANE),1,275184,2,0,1,0,0,1,1,5,Not at intersection,2,60,Arterial Other,40-49,Serious injury,Bicyclists
T20230011276,5/14/2023,13:49:00,1,Collision with vehicle,1,Sunday,160,VEHICLE COLLIDES WITH VEHICLE PARKED ON LEFT OF ROAD,1,774182,2,0,1,0,0,1,1,5,Not at intersection,2,60,Arterial Other,50-59,Serious injury,Bicyclists
T20230011283,5/14/2023,16:20:00,1,Collision with vehicle,1,Sunday,110,CROSS TRAFFIC(INTERSECTIONS ONLY),1,225511,2,0,1,0,1,2,1,1,Cross intersection,2,60,Arterial Highway,30-39,Serious injury,Bicyclists
T20230011301,5/12/2023,8:20:00,1,Collision with vehicle,6,Friday,148,VEHICLE OFF FOOTPATH STRIKES VEH ON CARRIAGEWAY,9,354743,2,0,0,1,1,2,2,1,Cross intersection,3,80,Uknown,50-59,Other injury,Bicyclists
T20230011308,5/11/2023,17:30:00,1,Collision with vehicle,4,Thursday,163,VEHICLE STRIKES DOOR OF PARKED/STATIONARY VEHICLE,2,774013,2,0,0,1,2,3,2,5,Not at intersection,3,40,Local Road,18-21,Other injury,Bicyclists
T20230011327,5/15/2023,9:10:00,8,No collision and no object struck,2,Monday,174,OUT OF CONTROL ON CARRIAGEWAY (ON STRAIGHT),1,774078,5,0,0,3,2,5,1,5,Not at intersection,3,100,Local Road,65-69,Other injury,Bicyclists
T20230011328,5/12/2023,16:15:00,1,Collision with vehicle,5,Friday,163,VEHICLE STRIKES DOOR OF PARKED/STATIONARY VEHICLE,1,775611,2,0,1,0,1,2,2,5,Not at intersection,2,60,Local Road,22-25,Serious injury,Bicyclists
T20230011342,5/15/2023,8:30:00,1,Collision with vehicle,1,Monday,110,CROSS TRAFFIC(INTERSECTIONS ONLY),1,37914,2,0,0,1,1,2,1,1,Cross intersection,3,50,Uknown,50-59,Other injury,Bicyclists
T20230011352,5/15/2023,15:33:00,1,Collision with vehicle,2,Monday,137,LEFT TURN SIDESWIPE,1,37759,2,0,0,1,1,2,1,2,T intersection,3,40,Arterial Other,70+,Other injury,Bicyclists
T20230011367,5/15/2023,17:18:00,1,Collision with vehicle,2,Monday,147,VEHICLE STRIKES ANOTHER VEH WHILE EMERGING FROM DRIVEWAY,1,774091,2,0,0,1,1,2,1,5,Not at intersection,3,50,Local Road,45424,Other injury,Bicyclists
T20230011451,5/16/2023,18:45:00,1,Collision with vehicle,2,Tuesday,137,LEFT TURN SIDESWIPE,2,249179,2,0,0,1,1,2,2,1,Cross intersection,3,60,Arterial Other,60-64,Other injury,Bicyclists
T20230011463,5/16/2023,13:50:00,1,Collision with vehicle,2,Tuesday,135,LANE CHANGE LEFT (NOT OVERTAKING),1,36278,2,0,0,1,1,2,2,1,Cross intersection,3,60,Local Road,Unknown,Other injury,Bicyclists
T20230011469,5/16/2023,21:17:00,1,Collision with vehicle,3,Tuesday,111,RIGHT FAR (INTERSECTIONS ONLY),3,719529,2,0,1,0,1,2,1,1,Cross intersection,2,80,Arterial Highway,22-25,Serious injury,Bicyclists
T20230011480,5/17/2023,6:55:00,1,Collision with vehicle,4,Wednesday,121,RIGHT THROUGH,1,774287,2,0,1,0,1,2,1,3,Y intersection,2,60,Arterial Highway,60-64,Serious injury,Bicyclists
T20230011508,5/17/2023,15:00:00,6,Vehicle overturned (no collision),4,Wednesday,174,OUT OF CONTROL ON CARRIAGEWAY (ON STRAIGHT),1,484,2,0,0,1,1,2,2,1,Cross intersection,3,60,Arterial Other,30-39,Other injury,Bicyclists
T20230011520,5/12/2023,7:30:00,1,Collision with vehicle,5,Friday,116,LEFT NEAR (INTERSECTIONS ONLY),1,41246,2,0,0,1,1,2,1,2,T intersection,3,40,Local Road,40-49,Other injury,Bicyclists
T20230011566,5/18/2023,8:05:00,1,Collision with vehicle,5,Thursday,111,RIGHT FAR (INTERSECTIONS ONLY),2,774294,2,0,1,0,1,2,1,2,T intersection,2,40,Arterial Other,30-39,Serious injury,Bicyclists
T20230011582,4/17/2023,16:00:00,1,Collision with vehicle,1,Monday,147,VEHICLE STRIKES ANOTHER VEH WHILE EMERGING FROM DRIVEWAY,1,139642,2,0,0,1,1,2,2,5,Not at intersection,3,80,Arterial Other,70+,Other injury,Bicyclists
T20230011586,2/14/2023,16:00:00,1,Collision with vehicle,3,Tuesday,147,VEHICLE STRIKES ANOTHER VEH WHILE EMERGING FROM DRIVEWAY,1,774469,2,0,0,1,1,2,2,5,Not at intersection,3,888,Arterial Other,70+,Other injury,Bicyclists
T20230011595,5/13/2023,7:15:00,8,No collision and no object struck,6,Saturday,149,OTHER MANOEUVRING NOT INCLUDED IN DCAs 140-148,2,782228,1,0,0,1,0,1,2,5,Not at intersection,3,60,Arterial Other,50-59,Other injury,Bicyclists
T20230011619,5/18/2023,14:30:00,1,Collision with vehicle,4,Thursday,148,VEHICLE OFF FOOTPATH STRIKES VEH ON CARRIAGEWAY,1,778072,2,0,0,1,1,2,2,5,Not at intersection,3,50,Arterial Other,13-15,Other injury,Bicyclists
T20230011627,5/18/2023,17:45:00,1,Collision with vehicle,4,Thursday,111,RIGHT FAR (INTERSECTIONS ONLY),2,783119,2,0,0,1,2,3,1,2,T intersection,3,50,Local Road,18-21,Other injury,Bicyclists
T20230011662,5/18/2023,15:45:00,1,Collision with vehicle,5,Thursday,111,RIGHT FAR (INTERSECTIONS ONLY),1,62706,2,0,0,1,1,2,2,2,T intersection,3,40,Local Road,30-39,Other injury,Bicyclists
T20230011703,5/17/2023,20:00:00,1,Collision with vehicle,4,Wednesday,163,VEHICLE STRIKES DOOR OF PARKED/STATIONARY VEHICLE,3,776404,2,0,1,0,1,2,2,5,Not at intersection,2,40,Local Road,26-29,Serious injury,Bicyclists
T20230011710,5/19/2023,15:30:00,1,Collision with vehicle,6,Friday,113,RIGHT NEAR (INTERSECTIONS ONLY),1,73132,2,0,1,0,1,2,1,1,Cross intersection,2,50,Local Road,60-64,Serious injury,Bicyclists
T20230011714,5/17/2023,8:00:00,1,Collision with vehicle,3,Wednesday,110,CROSS TRAFFIC(INTERSECTIONS ONLY),1,45592,2,0,0,1,1,2,1,1,Cross intersection,3,50,Local Road,22-25,Other injury,Bicyclists
T20230011773,5/20/2023,10:45:00,8,No collision and no object struck,6,Saturday,174,OUT OF CONTROL ON CARRIAGEWAY (ON STRAIGHT),9,45512,2,0,0,1,1,2,2,2,T intersection,3,60,Arterial Other,22-25,Other injury,Bicyclists
T20230011802,5/20/2023,14:15:00,1,Collision with vehicle,6,Saturday,161,DOUBLE PARKED,1,778265,2,0,0,1,1,2,2,5,Not at intersection,3,50,Local Road,70+,Other injury,Bicyclists
T20230011837,5/20/2023,15:45:00,1,Collision with vehicle,7,Saturday,163,VEHICLE STRIKES DOOR OF PARKED/STATIONARY VEHICLE,1,287456,2,0,1,0,1,2,2,5,Not at intersection,2,40,Local Road,30-39,Serious injury,Bicyclists
T20230011855,5/20/2023,21:40:00,1,Collision with vehicle,6,Saturday,121,RIGHT THROUGH,3,57496,2,0,0,1,1,2,2,2,T intersection,3,40,Local Road,26-29,Other injury,Bicyclists
T20230011911,5/22/2023,8:55:00,1,Collision with vehicle,2,Monday,110,CROSS TRAFFIC(INTERSECTIONS ONLY),1,40528,2,0,1,0,1,2,1,1,Cross intersection,2,50,Local Road,40-49,Serious injury,Bicyclists
T20230011927,5/20/2023,20:15:00,1,Collision with vehicle,6,Saturday,163,VEHICLE STRIKES DOOR OF PARKED/STATIONARY VEHICLE,9,782890,2,0,0,1,1,2,2,5,Not at intersection,3,999,Local Road,22-25,Not injured,Drivers
T20230011931,5/15/2023,16:15:00,1,Collision with vehicle,1,Monday,120,HEAD ON (NOT OVERTAKING),1,775100,2,0,1,0,1,2,2,1,Cross intersection,2,40,Local Road,50-59,Serious injury,Bicyclists
T20230011973,5/8/2023,9:10:00,1,Collision with vehicle,1,Monday,137,LEFT TURN SIDESWIPE,1,775887,2,0,0,1,1,2,1,5,Not at intersection,3,60,Arterial Highway,70+,Other injury,Bicyclists
T20230012001,5/17/2023,19:45:00,1,Collision with vehicle,3,Wednesday,121,RIGHT THROUGH,3,40181,2,0,0,1,1,2,2,1,Cross intersection,3,999,Local Road,26-29,Other injury,Bicyclists
T20230012065,5/11/2023,11:15:00,1,Collision with vehicle,4,Thursday,121,RIGHT THROUGH,1,150,2,0,0,1,1,2,2,2,T intersection,3,40,Local Road,26-29,Other injury,Bicyclists
T20230012078,5/16/2023,8:30:00,1,Collision with vehicle,2,Tuesday,137,LEFT TURN SIDESWIPE,1,37078,2,0,0,1,1,2,2,1,Cross intersection,3,40,Arterial Other,26-29,Other injury,Bicyclists
T20230012102,2/11/2023,16:30:00,1,Collision with vehicle,6,Saturday,139,OTHER SAME DIRECTION-MANOUEVRES NOT INCLUDED IN DCAs 130-137,9,49839,2,0,0,1,1,2,2,1,Cross intersection,3,40,Arterial Other,40-49,Other injury,Bicyclists
T20230012112,5/23/2023,20:50:00,1,Collision with vehicle,3,Tuesday,136,RIGHT TURN SIDESWIPE,3,65743,2,0,1,0,1,2,1,1,Cross intersection,2,40,Local Road,22-25,Serious injury,Bicyclists
T20230012181,3/14/2023,13:00:00,8,No collision and no object struck,3,Tuesday,174,OUT OF CONTROL ON CARRIAGEWAY (ON STRAIGHT),1,775261,1,0,0,1,0,1,2,5,Not at intersection,3,40,Arterial Other,18-21,Other injury,Bicyclists
T20230012195,5/24/2023,8:24:00,1,Collision with vehicle,3,Wednesday,114,TWO RIGHT TURNING (INTERSECTIONS ONLY),1,775539,2,0,0,1,1,2,2,2,T intersection,3,60,Arterial Other,30-39,Other injury,Bicyclists
T20230012225,5/5/2023,8:15:00,1,Collision with vehicle,5,Friday,110,CROSS TRAFFIC(INTERSECTIONS ONLY),2,861,2,0,0,1,1,2,2,1,Cross intersection,3,50,Local Road,40-49,Other injury,Bicyclists
T20230012240,5/23/2023,7:35:00,6,Vehicle overturned (no collision),2,Tuesday,174,OUT OF CONTROL ON CARRIAGEWAY (ON STRAIGHT),9,38656,2,0,0,1,1,2,2,2,T intersection,3,50,Local Road,30-39,Other injury,Bicyclists
T20230012243,5/26/2023,8:15:00,1,Collision with vehicle,5,Friday,110,CROSS TRAFFIC(INTERSECTIONS ONLY),9,60813,2,0,0,1,1,2,2,1,Cross intersection,3,50,Local Road,50-59,Other injury,Bicyclists
T20230012246,5/26/2023,8:50:00,2,Struck Pedestrian,6,Friday,106,VEH STRIKES PED ON FOOTPATH/MEDIAN/TRAFFIC ISLAND.,1,775137,1,0,2,0,0,2,1,5,Not at intersection,2,50,Local Road,22-25,Serious injury,Bicyclists
T20230012247,5/25/2023,11:20:00,8,No collision and no object struck,4,Thursday,179,OTHER ACCIDENTS-OFF STRAIGHT NOT INCLUDED IN DCAs 170-175,1,777969,2,0,1,0,2,3,1,5,Not at intersection,2,50,Local Road,26-29,Serious injury,Bicyclists
T20230012253,5/12/2023,6:00:00,1,Collision with vehicle,6,Friday,163,VEHICLE STRIKES DOOR OF PARKED/STATIONARY VEHICLE,9,775114,2,0,0,1,1,2,2,5,Not at intersection,3,999,Arterial Other,30-39,Other injury,Bicyclists
T20230012289,5/25/2023,15:00:00,1,Collision with vehicle,4,Thursday,148,VEHICLE OFF FOOTPATH STRIKES VEH ON CARRIAGEWAY,1,782675,2,0,0,1,1,2,2,5,Not at intersection,3,60,Arterial Other,22-25,Other injury,Bicyclists
T20230012313,5/26/2023,17:00:00,1,Collision with vehicle,6,Friday,148,VEHICLE OFF FOOTPATH STRIKES VEH ON CARRIAGEWAY,2,782668,2,0,0,1,1,2,2,2,T intersection,3,60,Local Road,16-17,Other injury,Bicyclists
T20230012314,5/26/2023,15:10:00,1,Collision with vehicle,5,Friday,163,VEHICLE STRIKES DOOR OF PARKED/STATIONARY VEHICLE,1,776402,2,0,0,1,1,2,2,5,Not at intersection,3,50,Local Road,40-49,Other injury,Bicyclists
T20230012356,5/27/2023,8:45:00,1,Collision with vehicle,7,Saturday,110,CROSS TRAFFIC(INTERSECTIONS ONLY),1,73145,2,0,1,0,1,2,1,1,Cross intersection,2,60,Local Road,30-39,Serious injury,Bicyclists
T20230012369,5/27/2023,10:35:00,1,Collision with vehicle,7,Saturday,110,CROSS TRAFFIC(INTERSECTIONS ONLY),1,35704,2,0,0,1,1,2,1,1,Cross intersection,3,60,Arterial Other,50-59,Other injury,Bicyclists
T20230012379,5/27/2023,10:56:00,1,Collision with vehicle,7,Saturday,137,LEFT TURN SIDESWIPE,1,775576,2,0,1,0,1,2,1,5,Not at intersection,2,70,Local Road,40-49,Serious injury,Bicyclists
T20230012397,5/24/2023,15:30:00,1,Collision with vehicle,3,Wednesday,137,LEFT TURN SIDESWIPE,1,776251,2,0,0,1,1,2,2,5,Not at intersection,3,60,Local Road,40-49,Other injury,Bicyclists
T20230012458,5/28/2023,10:50:00,1,Collision with vehicle,0,Sunday,130,REAR END(VEHICLES IN SAME LANE),1,787090,2,0,0,1,1,2,2,5,Not at intersection,3,999,Uknown,30-39,Other injury,Bicyclists
T20230012486,5/29/2023,5:20:00,1,Collision with vehicle,2,Monday,121,RIGHT THROUGH,3,41272,2,0,1,0,1,2,1,2,T intersection,2,60,Arterial Other,50-59,Serious injury,Bicyclists
T20230012501,5/4/2023,17:15:00,1,Collision with vehicle,5,Thursday,110,CROSS TRAFFIC(INTERSECTIONS ONLY),2,29359,2,0,0,1,1,2,2,1,Cross intersection,3,40,Local Road,30-39,Other injury,Bicyclists
T20230012503,5/28/2023,12:00:00,1,Collision with vehicle,1,Sunday,110,CROSS TRAFFIC(INTERSECTIONS ONLY),1,39189,2,0,0,1,1,2,2,1,Cross intersection,3,50,Local Road,26-29,Other injury,Bicyclists
T20230012513,5/29/2023,8:13:00,1,Collision with vehicle,1,Monday,147,VEHICLE STRIKES ANOTHER VEH WHILE EMERGING FROM DRIVEWAY,1,782558,2,0,0,1,2,3,1,5,Not at intersection,3,50,Local Road,30-39,Other injury,Bicyclists
T20230012538,5/29/2023,14:00:00,1,Collision with vehicle,2,Monday,142,LEAVING PARKING,1,782637,2,0,0,2,0,2,2,5,Not at intersection,3,999,Local Road,60-64,Other injury,Bicyclists
T20230012569,5/30/2023,6:20:00,1,Collision with vehicle,2,Tuesday,113,RIGHT NEAR (INTERSECTIONS ONLY),3,42373,2,0,0,1,1,2,1,2,T intersection,3,50,Local Road,22-25,Other injury,Bicyclists
T20230012606,5/22/2023,15:00:00,1,Collision with vehicle,1,Monday,163,VEHICLE STRIKES DOOR OF PARKED/STATIONARY VEHICLE,1,296934,2,0,0,1,1,2,2,5,Not at intersection,3,50,Arterial Other,30-39,Other injury,Bicyclists
T20230012642,5/15/2023,21:00:00,1,Collision with vehicle,1,Monday,121,RIGHT THROUGH,6,35417,2,0,0,1,1,2,2,2,T intersection,3,60,Arterial Other,26-29,Other injury,Bicyclists
T20230012657,5/30/2023,15:27:00,1,Collision with vehicle,2,Tuesday,110,CROSS TRAFFIC(INTERSECTIONS ONLY),1,43299,2,0,0,1,1,2,1,1,Cross intersection,3,50,Local Road,13-15,Other injury,Bicyclists
T20230012659,5/24/2023,18:00:00,1,Collision with vehicle,3,Wednesday,116,LEFT NEAR (INTERSECTIONS ONLY),2,48099,2,0,0,1,1,2,2,1,Cross intersection,3,60,Arterial Other,18-21,Other injury,Bicyclists
T20230012775,5/30/2023,17:30:00,1,Collision with vehicle,2,Tuesday,135,LANE CHANGE LEFT (NOT OVERTAKING),2,776292,2,0,0,1,1,2,2,5,Not at intersection,3,60,Local Road,50-59,Other injury,Bicyclists
T20230012789,5/26/2023,18:00:00,1,Collision with vehicle,5,Friday,148,VEHICLE OFF FOOTPATH STRIKES VEH ON CARRIAGEWAY,3,775442,2,0,0,1,1,2,1,5,Not at intersection,3,50,Local Road,26-29,Other injury,Bicyclists
T20230012808,6/1/2023,13:54:00,1,Collision with vehicle,5,Thursday,130,REAR END(VEHICLES IN SAME LANE),1,775461,2,0,1,0,1,2,1,5,Not at intersection,2,80,Local Road,40-49,Serious injury,Bicyclists
T20230012822,5/18/2023,6:30:00,1,Collision with vehicle,5,Thursday,113,RIGHT NEAR (INTERSECTIONS ONLY),6,35368,2,0,0,1,1,2,2,2,T intersection,3,999,Uknown,40-49,Other injury,Bicyclists
T20230012828,6/1/2023,17:00:00,2,Struck Pedestrian,5,Thursday,100,PED NEAR SIDE. PED HIT BY VEHICLE FROM THE RIGHT.,2,777262,1,0,0,1,0,1,2,5,Not at intersection,3,888,Arterial Highway,30-39,Other injury,Pedestrians
T20230012859,6/2/2023,8:00:00,1,Collision with vehicle,6,Friday,110,CROSS TRAFFIC(INTERSECTIONS ONLY),2,29807,2,0,1,0,1,2,2,1,Cross intersection,2,50,Local Road,22-25,Serious injury,Bicyclists
T20230012871,6/2/2023,8:54:00,1,Collision with vehicle,6,Friday,134,LANE CHANGE RIGHT (NOT OVERTAKING),1,250019,2,0,1,0,1,2,1,1,Cross intersection,2,60,Arterial Other,22-25,Serious injury,Bicyclists
T20230012891,5/30/2023,6:30:00,8,No collision and no object struck,2,Tuesday,174,OUT OF CONTROL ON CARRIAGEWAY (ON STRAIGHT),2,43655,1,0,0,1,0,1,2,2,T intersection,3,999,Arterial Other,40-49,Other injury,Bicyclists
T20230012901,6/2/2023,16:30:00,1,Collision with vehicle,5,Friday,163,VEHICLE STRIKES DOOR OF PARKED/STATIONARY VEHICLE,1,775491,2,0,0,1,1,2,1,5,Not at intersection,3,40,Arterial Other,30-39,Other injury,Bicyclists
T20230012902,6/2/2023,17:05:00,1,Collision with vehicle,6,Friday,163,VEHICLE STRIKES DOOR OF PARKED/STATIONARY VEHICLE,3,239002,2,0,0,1,1,2,1,5,Not at intersection,3,40,Local Road,26-29,Other injury,Bicyclists
T20230012904,6/2/2023,18:20:00,1,Collision with vehicle,6,Friday,135,LANE CHANGE LEFT (NOT OVERTAKING),2,783427,2,0,1,0,1,2,1,5,Not at intersection,2,60,Arterial Other,30-39,Serious injury,Bicyclists
T20230012976,6/2/2023,12:15:00,1,Collision with vehicle,6,Friday,147,VEHICLE STRIKES ANOTHER VEH WHILE EMERGING FROM DRIVEWAY,9,779520,2,0,0,1,1,2,2,5,Not at intersection,3,999,Arterial Highway,22-25,Other injury,Bicyclists
T20230013033,6/2/2023,17:57:00,1,Collision with vehicle,5,Friday,163,VEHICLE STRIKES DOOR OF PARKED/STATIONARY VEHICLE,3,776076,2,0,0,1,2,3,2,5,Not at intersection,3,40,Local Road,30-39,Other injury,Bicyclists
T20230013133,6/4/2023,23:00:00,6,Vehicle overturned (no collision),0,Sunday,151,OUT OF CONTROL (OVERTAKING),3,777472,1,0,0,1,0,1,1,5,Not at intersection,3,40,Local Road,40-49,Other injury,Bicyclists
T20230013159,5/29/2023,7:30:00,8,No collision and no object struck,1,Monday,174,OUT OF CONTROL ON CARRIAGEWAY (ON STRAIGHT),9,783038,2,0,0,1,1,2,2,5,Not at intersection,3,50,Arterial Other,50-59,Other injury,Bicyclists
T20230013175,4/28/2023,18:00:00,1,Collision with vehicle,6,Friday,163,VEHICLE STRIKES DOOR OF PARKED/STATIONARY VEHICLE,3,776134,2,0,0,1,1,2,2,5,Not at intersection,3,999,Arterial Other,40-49,Other injury,Bicyclists
T20230013191,6/6/2023,16:34:00,1,Collision with vehicle,3,Tuesday,135,LANE CHANGE LEFT (NOT OVERTAKING),2,37026,2,0,0,1,1,2,1,1,Cross intersection,3,40,Local Road,40-49,Other injury,Bicyclists
T20230013233,5/20/2023,16:30:00,1,Collision with vehicle,6,Saturday,199,UNKNOWN-NO DETAILS ON MANOEUVRES OF ROAD-USERS IN ACCIDENT,2,782602,2,0,0,1,1,2,2,5,Not at intersection,3,999,Arterial Other,30-39,Other injury,Bicyclists
T20230013277,6/5/2023,8:00:00,1,Collision with vehicle,1,Monday,160,VEHICLE COLLIDES WITH VEHICLE PARKED ON LEFT OF ROAD,2,38790,2,0,0,1,1,2,2,2,T intersection,3,999,Local Road,40-49,Not injured,Drivers
T20230013309,6/2/2023,6:08:00,8,No collision and no object struck,6,Friday,174,OUT OF CONTROL ON CARRIAGEWAY (ON STRAIGHT),2,777208,2,0,0,1,1,2,2,5,Not at intersection,3,999,Local Road,30-39,Other injury,Bicyclists
T20230013312,5/12/2023,8:30:00,1,Collision with vehicle,5,Friday,147,VEHICLE STRIKES ANOTHER VEH WHILE EMERGING FROM DRIVEWAY,1,804244,2,0,0,1,1,2,2,5,Not at intersection,3,999,Local Road,45424,Other injury,Bicyclists
T20230013338,6/7/2023,21:15:00,1,Collision with vehicle,3,Wednesday,137,LEFT TURN SIDESWIPE,3,783443,2,0,0,1,1,2,2,5,Not at intersection,3,40,Arterial Highway,40-49,Other injury,Bicyclists
T20230013422,6/7/2023,22:00:00,1,Collision with vehicle,3,Wednesday,110,CROSS TRAFFIC(INTERSECTIONS ONLY),3,721206,2,0,0,1,1,2,2,1,Cross intersection,3,60,Uknown,26-29,Other injury,Bicyclists
T20230013443,6/5/2023,7:10:00,1,Collision with vehicle,1,Monday,110,CROSS TRAFFIC(INTERSECTIONS ONLY),2,684350,2,0,0,1,1,2,2,1,Cross intersection,3,40,Local Road,50-59,Other injury,Bicyclists
T20230013444,6/2/2023,5:15:00,1,Collision with vehicle,6,Friday,160,VEHICLE COLLIDES WITH VEHICLE PARKED ON LEFT OF ROAD,3,775773,2,0,0,1,1,2,2,5,Not at intersection,3,50,Local Road,30-39,Other injury,Bicyclists
T20230013445,6/9/2023,16:40:00,1,Collision with vehicle,6,Friday,110,CROSS TRAFFIC(INTERSECTIONS ONLY),1,775789,2,0,1,0,1,2,1,1,Cross intersection,2,60,Uknown,40-49,Serious injury,Bicyclists
T20230013462,6/9/2023,20:15:00,1,Collision with vehicle,6,Friday,148,VEHICLE OFF FOOTPATH STRIKES VEH ON CARRIAGEWAY,3,783261,3,0,1,0,1,2,1,5,Not at intersection,2,50,Local Road,16-17,Serious injury,Bicyclists
T20230013477,6/10/2023,6:30:00,1,Collision with vehicle,7,Saturday,121,RIGHT THROUGH,3,29556,2,0,1,0,1,2,1,2,T intersection,2,60,Local Road,40-49,Serious injury,Bicyclists
T20230013488,6/10/2023,9:55:00,1,Collision with vehicle,7,Saturday,152,PULLING OUT (OVERTAKING),1,775803,2,0,1,0,1,2,1,5,Not at intersection,2,60,Arterial Other,60-64,Serious injury,Bicyclists
T20230013521,5/28/2023,14:40:00,6,Vehicle overturned (no collision),0,Sunday,174,OUT OF CONTROL ON CARRIAGEWAY (ON STRAIGHT),1,776914,1,0,0,1,0,1,2,5,Not at intersection,3,50,Local Road,40-49,Other injury,Bicyclists
T20230013563,6/11/2023,13:28:00,5,collision with some other object,0,Sunday,179,OTHER ACCIDENTS-OFF STRAIGHT NOT INCLUDED IN DCAs 170-175,1,37139,2,0,0,1,1,2,1,2,T intersection,3,50,Local Road,45424,Other injury,Bicyclists
T20230013613,6/7/2023,15:45:00,1,Collision with vehicle,4,Wednesday,121,RIGHT THROUGH,1,37243,2,0,0,1,1,2,2,2,T intersection,3,60,Arterial Other,26-29,Other injury,Bicyclists
T20230013673,6/12/2023,19:40:00,9,Other accident,1,Monday,151,OUT OF CONTROL (OVERTAKING),3,775869,1,0,0,1,0,1,1,5,Not at intersection,3,60,Arterial Other,22-25,Other injury,Bicyclists
T20230013684,5/24/2023,9:30:00,1,Collision with vehicle,3,Wednesday,163,VEHICLE STRIKES DOOR OF PARKED/STATIONARY VEHICLE,9,782785,2,0,0,1,1,2,2,5,Not at intersection,3,60,Arterial Other,26-29,Other injury,Bicyclists
T20230013729,6/13/2023,16:20:00,1,Collision with vehicle,2,Tuesday,113,RIGHT NEAR (INTERSECTIONS ONLY),2,38944,2,0,0,2,0,2,1,1,Cross intersection,3,60,Arterial Other,30-39,Other injury,Bicyclists
T20230013746,9/10/2022,11:30:00,1,Collision with vehicle,6,Saturday,148,VEHICLE OFF FOOTPATH STRIKES VEH ON CARRIAGEWAY,1,776050,2,0,0,1,1,2,1,5,Not at intersection,3,50,Local Road,50-59,Other injury,Bicyclists
T20230013752,6/11/2023,18:40:00,1,Collision with vehicle,0,Sunday,133,LANE SIDE SWIPE (VEHICLES IN PARALLEL LANES),2,804713,2,0,0,1,1,2,2,1,Cross intersection,3,999,Local Road,50-59,Other injury,Bicyclists
T20230013806,6/14/2023,13:08:00,1,Collision with vehicle,4,Wednesday,114,TWO RIGHT TURNING (INTERSECTIONS ONLY),1,326111,2,0,1,0,1,2,1,2,T intersection,2,70,Local Road,50-59,Serious injury,Bicyclists
T20230013815,6/14/2023,9:29:00,1,Collision with vehicle,4,Wednesday,113,RIGHT NEAR (INTERSECTIONS ONLY),1,752604,2,0,1,0,1,2,1,2,T intersection,2,60,Arterial Other,40-49,Serious injury,Bicyclists
T20230013817,6/14/2023,13:24:00,4,Collision with a fixed object,3,Wednesday,164,PERMANENT OBSTRUCTION ON CARRIAGEWAY,1,45627,1,0,0,1,0,1,1,2,T intersection,3,40,Arterial Other,40-49,Other injury,Bicyclists
T20230013818,6/5/2023,13:00:00,2,Struck Pedestrian,2,Monday,100,PED NEAR SIDE. PED HIT BY VEHICLE FROM THE RIGHT.,1,783245,2,0,0,1,1,2,2,5,Not at intersection,3,40,Arterial Other,70+,Other injury,Bicyclists