ACCIDENT_NO,ACCIDENT_DATE,ACCIDENT_TIME,ACCIDENT_TYPE,ACCIDENT_TYPE_DESC,DAY_OF_WEEK,DAY_WEEK_DESC,DCA_CODE,DCA_DESC,LIGHT_CONDITION,NODE_ID,NO_OF_VEHICLES,NO_PERSONS_KILLED,NO_PERSONS_INJ_2,NO_PERSONS_INJ_3,NO_PERSONS_NOT_INJ,NO_PERSONS,POLICE_ATTEND,ROAD_GEOMETRY,ROAD_GEOMETRY_DESC,SEVERITY,SPEED_ZONE,RMA,AGE_GROUP,INJ_LEVEL,ROAD_USER_TYPE_DESC
T20230013826,6/14/2023,9:00:00,1,Collision with vehicle,4,Wednesday,112,LEFT FAR (INTERSECTIONS ONLY),1,775957,2,0,0,1,1,2,2,1,Cross intersection,3,50,Uknown,40-49,Other injury,Bicyclists
T20230013841,6/14/2023,16:27:00,1,Collision with vehicle,3,Wednesday,121,RIGHT THROUGH,1,793919,2,0,0,1,1,2,1,2,T intersection,3,40,Local Road,50-59,Other injury,Bicyclists
T20230013888,6/14/2023,18:00:00,1,Collision with vehicle,4,Wednesday,163,VEHICLE STRIKES DOOR OF PARKED/STATIONARY VEHICLE,3,776570,2,0,0,1,1,2,1,5,Not at intersection,3,60,Arterial Other,16-17,Other injury,Bicyclists
T20230013905,6/15/2023,15:07:00,1,Collision with vehicle,5,Thursday,163,VEHICLE STRIKES DOOR OF PARKED/STATIONARY VEHICLE,1,776397,3,0,0,1,2,3,1,5,Not at intersection,3,40,Local Road,30-39,Other injury,Bicyclists
T20230013907,6/15/2023,14:00:00,1,Collision with vehicle,4,Thursday,143,ENTERING PARKING,1,784717,2,0,0,1,1,2,2,5,Not at intersection,3,40,Arterial Other,30-39,Other injury,Bicyclists
T20230013911,6/15/2023,17:16:00,1,Collision with vehicle,5,Thursday,112,LEFT FAR (INTERSECTIONS ONLY),2,13376,2,0,1,0,1,2,1,2,T intersection,2,999,Freeway,30-39,Serious injury,Bicyclists
T20230013918,6/15/2023,17:56:00,1,Collision with vehicle,5,Thursday,110,CROSS TRAFFIC(INTERSECTIONS ONLY),3,777034,2,0,0,1,1,2,1,1,Cross intersection,3,50,Local Road,50-59,Other injury,Bicyclists
T20230014000,6/10/2023,11:30:00,1,Collision with vehicle,6,Saturday,137,LEFT TURN SIDESWIPE,9,776055,2,0,0,1,1,2,2,5,Not at intersection,3,50,Local Road,70+,Other injury,Bicyclists
T20230014025,6/16/2023,15:35:00,1,Collision with vehicle,5,Friday,121,RIGHT THROUGH,1,672034,2,0,0,1,1,2,1,5,Not at intersection,3,50,Arterial Other,13-15,Other injury,Bicyclists
T20230014050,6/17/2023,7:20:00,5,collision with some other object,6,Saturday,166,STRUCK OBJECT ON CARRIAGEWAY,1,776400,1,0,1,0,0,1,1,5,Not at intersection,2,60,Uknown,40-49,Serious injury,Bicyclists
T20230014060,6/15/2023,20:25:00,5,collision with some other object,5,Thursday,149,OTHER MANOEUVRING NOT INCLUDED IN DCAs 140-148,9,784316,1,0,0,1,0,1,2,5,Not at intersection,3,999,Local Road,50-59,Other injury,Bicyclists
T20230014089,6/17/2023,15:03:00,1,Collision with vehicle,7,Saturday,136,RIGHT TURN SIDESWIPE,1,55134,2,0,1,0,2,3,1,2,T intersection,2,80,Local Road,13-15,Serious injury,Bicyclists
T20230014120,6/17/2023,21:00:00,1,Collision with vehicle,7,Saturday,136,RIGHT TURN SIDESWIPE,3,43319,2,0,1,0,1,2,1,2,T intersection,2,60,Arterial Other,30-39,Serious injury,Bicyclists
T20230014131,6/17/2023,22:13:00,1,Collision with vehicle,6,Saturday,111,RIGHT FAR (INTERSECTIONS ONLY),3,314765,2,0,0,1,1,2,2,2,T intersection,3,999,Arterial Other,30-39,Other injury,Bicyclists
T20230014158,5/24/2023,7:40:00,1,Collision with vehicle,3,Wednesday,121,RIGHT THROUGH,1,63829,2,0,0,1,1,2,2,1,Cross intersection,3,999,Uknown,50-59,Other injury,Bicyclists
T20230014159,6/18/2023,10:00:00,1,Collision with vehicle,1,Sunday,137,LEFT TURN SIDESWIPE,1,36799,2,0,0,1,2,3,2,1,Cross intersection,3,999,Local Road,30-39,Other injury,Bicyclists
T20230014186,6/18/2023,17:20:00,1,Collision with vehicle,1,Sunday,148,VEHICLE OFF FOOTPATH STRIKES VEH ON CARRIAGEWAY,3,787199,2,0,1,0,1,2,2,5,Not at intersection,2,60,Uknown,26-29,Serious injury,Bicyclists
T20230014198,6/14/2023,9:00:00,1,Collision with vehicle,3,Wednesday,163,VEHICLE STRIKES DOOR OF PARKED/STATIONARY VEHICLE,2,779318,2,0,0,1,0,1,2,5,Not at intersection,3,60,Local Road,30-39,Other injury,Bicyclists
T20230014221,6/14/2023,8:40:00,1,Collision with vehicle,3,Wednesday,116,LEFT NEAR (INTERSECTIONS ONLY),2,48250,2,0,0,1,1,2,1,2,T intersection,3,999,Local Road,40-49,Other injury,Bicyclists
T20230014257,6/19/2023,16:40:00,8,No collision and no object struck,1,Monday,174,OUT OF CONTROL ON CARRIAGEWAY (ON STRAIGHT),1,776353,1,0,0,1,0,1,1,5,Not at intersection,3,50,Local Road,50-59,Other injury,Bicyclists
T20230014263,6/19/2023,14:50:00,1,Collision with vehicle,1,Monday,135,LANE CHANGE LEFT (NOT OVERTAKING),1,776147,2,0,0,1,1,2,1,1,Cross intersection,3,50,Local Road,22-25,Other injury,Bicyclists
T20230014267,6/19/2023,14:30:00,1,Collision with vehicle,2,Monday,116,LEFT NEAR (INTERSECTIONS ONLY),1,64283,2,0,0,1,1,2,2,1,Cross intersection,3,50,Arterial Highway,16-17,Other injury,Bicyclists
T20230014309,6/17/2023,10:25:00,1,Collision with vehicle,6,Saturday,121,RIGHT THROUGH,9,780922,2,0,0,1,1,2,2,2,T intersection,3,50,Local Road,30-39,Other injury,Bicyclists
T20230014331,6/20/2023,7:15:00,1,Collision with vehicle,2,Tuesday,133,LANE SIDE SWIPE (VEHICLES IN PARALLEL LANES),2,778339,2,0,0,1,1,2,1,5,Not at intersection,3,60,Local Road,60-64,Other injury,Bicyclists
T20230014354,6/20/2023,16:35:00,1,Collision with vehicle,3,Tuesday,130,REAR END(VEHICLES IN SAME LANE),1,776153,2,0,1,0,1,2,1,5,Not at intersection,2,50,Uknown,16-17,Serious injury,Bicyclists
T20230014363,6/20/2023,17:10:00,1,Collision with vehicle,2,Tuesday,121,RIGHT THROUGH,2,778752,2,0,0,1,1,2,1,5,Not at intersection,3,60,Arterial Other,30-39,Other injury,Bicyclists
T20230014369,6/20/2023,17:00:00,1,Collision with vehicle,2,Tuesday,148,VEHICLE OFF FOOTPATH STRIKES VEH ON CARRIAGEWAY,2,776221,2,0,0,1,1,2,1,2,T intersection,3,50,Arterial Highway,40-49,Other injury,Bicyclists
T20230014387,6/5/2023,6:00:00,3,Struck animal,1,Monday,167,STRUCK ANIMAL,1,776322,1,0,1,0,0,1,2,5,Not at intersection,2,60,Local Road,50-59,Serious injury,Bicyclists
T20230014421,6/16/2023,19:35:00,1,Collision with vehicle,5,Friday,116,LEFT NEAR (INTERSECTIONS ONLY),3,38891,2,0,0,1,1,2,2,2,T intersection,3,60,Arterial Other,30-39,Other injury,Bicyclists
T20230014440,6/21/2023,16:00:00,1,Collision with vehicle,4,Wednesday,113,RIGHT NEAR (INTERSECTIONS ONLY),2,780429,2,0,1,0,1,2,1,2,T intersection,2,50,Local Road,70+,Serious injury,Bicyclists
T20230014528,6/18/2023,15:30:00,1,Collision with vehicle,1,Sunday,111,RIGHT FAR (INTERSECTIONS ONLY),1,63731,2,0,1,0,2,3,2,2,T intersection,2,999,Local Road,16-17,Serious injury,Bicyclists
T20230014544,6/22/2023,17:45:00,1,Collision with vehicle,5,Thursday,121,RIGHT THROUGH,6,7349,2,0,1,0,1,2,2,1,Cross intersection,2,40,Uknown,60-64,Serious injury,Bicyclists
T20230014561,6/22/2023,22:22:00,1,Collision with vehicle,5,Thursday,130,REAR END(VEHICLES IN SAME LANE),5,776300,2,0,1,1,1,3,1,5,Not at intersection,2,100,Uknown,30-39,Serious injury,Bicyclists
T20230014603,4/21/2023,14:33:00,1,Collision with vehicle,5,Friday,110,CROSS TRAFFIC(INTERSECTIONS ONLY),9,35500,2,0,0,1,1,2,2,1,Cross intersection,3,80,Arterial Highway,26-29,Other injury,Bicyclists
T20230014668,6/24/2023,7:40:00,1,Collision with vehicle,7,Saturday,116,LEFT NEAR (INTERSECTIONS ONLY),1,783609,2,0,1,0,1,2,1,2,T intersection,2,60,Arterial Other,70+,Serious injury,Bicyclists
T20230014684,6/23/2023,13:00:00,1,Collision with vehicle,6,Friday,133,LANE SIDE SWIPE (VEHICLES IN PARALLEL LANES),1,782285,2,0,0,1,1,2,2,5,Not at intersection,3,100,Uknown,30-39,Other injury,Bicyclists
T20230014834,6/22/2023,9:00:00,1,Collision with vehicle,4,Thursday,137,LEFT TURN SIDESWIPE,9,400,2,0,0,2,0,2,2,1,Cross intersection,3,60,Arterial Other,26-29,Other injury,Bicyclists
T20230014863,6/26/2023,14:15:00,1,Collision with vehicle,2,Monday,147,VEHICLE STRIKES ANOTHER VEH WHILE EMERGING FROM DRIVEWAY,1,783399,2,0,1,0,1,2,1,5,Not at intersection,2,888,Arterial Other,50-59,Serious injury,Bicyclists
T20230014885,6/26/2023,8:00:00,1,Collision with vehicle,2,Monday,179,OTHER ACCIDENTS-OFF STRAIGHT NOT INCLUDED IN DCAs 170-175,2,36574,2,0,0,1,1,2,2,2,T intersection,3,60,Arterial Other,40-49,Other injury,Bicyclists
T20230014921,6/16/2023,12:45:00,1,Collision with vehicle,5,Friday,163,VEHICLE STRIKES DOOR OF PARKED/STATIONARY VEHICLE,9,783935,2,0,0,1,2,3,2,2,T intersection,3,999,Local Road,40-49,Other injury,Bicyclists
T20230014952,6/27/2023,18:23:00,1,Collision with vehicle,2,Tuesday,121,RIGHT THROUGH,2,982,2,0,0,1,1,2,1,2,T intersection,3,50,Local Road,26-29,Other injury,Bicyclists
T20230014985,6/17/2023,22:00:00,1,Collision with vehicle,7,Saturday,163,VEHICLE STRIKES DOOR OF PARKED/STATIONARY VEHICLE,9,776655,3,0,0,2,1,3,2,5,Not at intersection,3,40,Local Road,30-39,Not injured,Drivers
T20230015027,6/28/2023,19:00:00,1,Collision with vehicle,4,Wednesday,130,REAR END(VEHICLES IN SAME LANE),3,776668,2,0,0,1,1,2,1,5,Not at intersection,3,60,Arterial Highway,30-39,Other injury,Bicyclists
T20230015036,6/28/2023,15:30:00,1,Collision with vehicle,4,Wednesday,163,VEHICLE STRIKES DOOR OF PARKED/STATIONARY VEHICLE,9,187611,2,0,0,1,1,2,2,5,Not at intersection,3,999,Local Road,30-39,Other injury,Bicyclists
T20230015085,6/29/2023,12:35:00,1,Collision with vehicle,5,Thursday,163,VEHICLE STRIKES DOOR OF PARKED/STATIONARY VEHICLE,1,776531,2,0,0,1,1,2,1,5,Not at intersection,3,40,Local Road,22-25,Other injury,Bicyclists
T20230015089,6/29/2023,9:20:00,1,Collision with vehicle,5,Thursday,120,HEAD ON (NOT OVERTAKING),1,47635,2,0,0,1,1,2,1,1,Cross intersection,3,60,Local Road,40-49,Other injury,Bicyclists
T20230015090,6/27/2023,15:51:00,2,Struck Pedestrian,2,Tuesday,106,VEH STRIKES PED ON FOOTPATH/MEDIAN/TRAFFIC ISLAND.,1,781823,1,0,1,1,0,2,1,5,Not at intersection,2,888,Local Road,40-49,Serious injury,Bicyclists
T20230015091,6/29/2023,6:48:00,1,Collision with vehicle,5,Thursday,148,VEHICLE OFF FOOTPATH STRIKES VEH ON CARRIAGEWAY,3,776631,2,0,1,0,2,3,1,5,Not at intersection,2,60,Arterial Other,22-25,Serious injury,Bicyclists
T20230015163,6/30/2023,12:31:00,1,Collision with vehicle,6,Friday,111,RIGHT FAR (INTERSECTIONS ONLY),1,50761,2,0,1,0,1,2,1,1,Cross intersection,2,30,Uknown,70+,Serious injury,Bicyclists
T20230015230,6/17/2023,19:00:00,6,Vehicle overturned (no collision),6,Saturday,174,OUT OF CONTROL ON CARRIAGEWAY (ON STRAIGHT),3,783926,2,0,0,1,1,2,2,5,Not at intersection,3,40,Local Road,30-39,Other injury,Bicyclists
T20230015324,6/28/2023,18:45:00,1,Collision with vehicle,3,Wednesday,148,VEHICLE OFF FOOTPATH STRIKES VEH ON CARRIAGEWAY,9,35987,2,0,0,1,1,2,2,1,Cross intersection,3,40,Local Road,26-29,Other injury,Bicyclists
T20230015326,7/2/2023,17:53:00,1,Collision with vehicle,1,Sunday,163,VEHICLE STRIKES DOOR OF PARKED/STATIONARY VEHICLE,3,776610,2,0,1,0,1,2,1,2,T intersection,2,40,Local Road,26-29,Serious injury,Bicyclists
T20230015354,7/3/2023,8:45:00,1,Collision with vehicle,2,Monday,140,U TURN,2,776657,2,0,0,1,1,2,1,5,Not at intersection,3,40,Local Road,50-59,Other injury,Bicyclists
T20230015375,6/18/2023,10:40:00,1,Collision with vehicle,1,Sunday,130,REAR END(VEHICLES IN SAME LANE),1,776771,2,0,1,0,1,2,1,5,Not at intersection,2,80,Arterial Highway,50-59,Serious injury,Bicyclists
T20230015407,7/3/2023,18:00:00,1,Collision with vehicle,1,Monday,137,LEFT TURN SIDESWIPE,2,47091,2,0,0,1,1,2,1,2,T intersection,3,60,Arterial Other,Unknown,Not injured,Not Known
T20230015409,5/9/2023,9:20:00,1,Collision with vehicle,3,Tuesday,133,LANE SIDE SWIPE (VEHICLES IN PARALLEL LANES),1,777789,2,0,0,1,1,2,2,1,Cross intersection,3,60,Arterial Other,40-49,Other injury,Bicyclists
T20230015413,7/3/2023,17:34:00,1,Collision with vehicle,2,Monday,139,OTHER SAME DIRECTION-MANOUEVRES NOT INCLUDED IN DCAs 130-137,3,776644,2,1,0,0,1,2,1,2,T intersection,1,60,Local Road,50-59,Fatality,Bicyclists
T20230015451,7/4/2023,8:15:00,1,Collision with vehicle,3,Tuesday,163,VEHICLE STRIKES DOOR OF PARKED/STATIONARY VEHICLE,2,780136,2,0,1,0,2,3,1,5,Not at intersection,2,40,Uknown,22-25,Serious injury,Bicyclists
T20230015520,7/5/2023,0:05:00,1,Collision with vehicle,4,Wednesday,130,REAR END(VEHICLES IN SAME LANE),3,777071,2,0,0,1,1,2,1,5,Not at intersection,3,60,Local Road,30-39,Other injury,Bicyclists
T20230015569,6/27/2023,13:10:00,1,Collision with vehicle,3,Tuesday,148,VEHICLE OFF FOOTPATH STRIKES VEH ON CARRIAGEWAY,1,233,4,0,0,1,3,4,2,2,T intersection,3,999,Local Road,40-49,Not injured,Bicyclists
T20230015594,7/5/2023,16:08:00,1,Collision with vehicle,4,Wednesday,147,VEHICLE STRIKES ANOTHER VEH WHILE EMERGING FROM DRIVEWAY,1,776783,2,0,1,0,1,2,1,5,Not at intersection,2,50,Local Road,50-59,Serious injury,Bicyclists
T20230015626,7/6/2023,6:28:00,1,Collision with vehicle,5,Thursday,121,RIGHT THROUGH,2,44697,2,0,1,0,1,2,1,1,Cross intersection,2,60,Arterial Other,60-64,Serious injury,Bicyclists
T20230015627,6/21/2023,12:00:00,6,Vehicle overturned (no collision),3,Wednesday,174,OUT OF CONTROL ON CARRIAGEWAY (ON STRAIGHT),1,50365,1,0,1,0,0,1,2,2,T intersection,2,50,Local Road,60-64,Serious injury,Bicyclists
T20230015641,7/6/2023,8:55:00,1,Collision with vehicle,4,Thursday,137,LEFT TURN SIDESWIPE,1,65470,2,0,0,2,0,2,2,2,T intersection,3,60,Arterial Highway,26-29,Other injury,Bicyclists
T20230015665,7/5/2023,16:45:00,8,No collision and no object struck,4,Wednesday,174,OUT OF CONTROL ON CARRIAGEWAY (ON STRAIGHT),1,235928,1,0,0,1,0,1,2,5,Not at intersection,3,30,Local Road,40-49,Other injury,Bicyclists
T20230015671,7/6/2023,16:20:00,2,Struck Pedestrian,5,Thursday,106,VEH STRIKES PED ON FOOTPATH/MEDIAN/TRAFFIC ISLAND.,1,777132,1,0,1,0,1,2,1,5,Not at intersection,2,60,Local Road,Unknown,Not injured,Bicyclists
T20230015673,7/6/2023,16:48:00,1,Collision with vehicle,5,Thursday,110,CROSS TRAFFIC(INTERSECTIONS ONLY),1,278513,2,0,0,1,5,6,1,1,Cross intersection,3,50,Local Road,65-69,Other injury,Bicyclists
T20230015682,7/6/2023,6:50:00,1,Collision with vehicle,5,Thursday,116,LEFT NEAR (INTERSECTIONS ONLY),2,7220,2,0,0,1,1,2,2,2,T intersection,3,50,Uknown,26-29,Other injury,Bicyclists
T20230015734,7/7/2023,11:20:00,1,Collision with vehicle,5,Friday,110,CROSS TRAFFIC(INTERSECTIONS ONLY),1,52787,2,0,0,1,1,2,1,1,Cross intersection,3,60,Local Road,30-39,Other injury,Bicyclists
T20230015768,7/7/2023,17:30:00,1,Collision with vehicle,5,Friday,163,VEHICLE STRIKES DOOR OF PARKED/STATIONARY VEHICLE,3,776986,2,0,0,1,1,2,1,5,Not at intersection,3,50,Local Road,26-29,Other injury,Bicyclists
T20230015811,7/8/2023,7:14:00,5,collision with some other object,7,Saturday,166,STRUCK OBJECT ON CARRIAGEWAY,2,776979,1,0,1,0,0,1,1,5,Not at intersection,2,60,Arterial Other,40-49,Serious injury,Bicyclists
T20230015813,7/8/2023,10:20:00,1,Collision with vehicle,7,Saturday,134,LANE CHANGE RIGHT (NOT OVERTAKING),1,776985,3,0,1,0,3,4,1,5,Not at intersection,2,40,Local Road,22-25,Serious injury,Bicyclists
T20230015818,7/7/2023,15:45:00,1,Collision with vehicle,6,Friday,110,CROSS TRAFFIC(INTERSECTIONS ONLY),1,63428,2,0,1,0,1,2,2,1,Cross intersection,2,50,Local Road,30-39,Serious injury,Bicyclists
T20230015825,7/8/2023,11:30:00,1,Collision with vehicle,6,Saturday,163,VEHICLE STRIKES DOOR OF PARKED/STATIONARY VEHICLE,1,777003,2,0,0,1,1,2,2,5,Not at intersection,3,999,Arterial Other,40-49,Other injury,Bicyclists
T20230015832,6/25/2023,18:20:00,8,No collision and no object struck,0,Sunday,174,OUT OF CONTROL ON CARRIAGEWAY (ON STRAIGHT),6,777102,1,0,0,1,0,1,2,5,Not at intersection,3,888,Local Road,18-21,Other injury,Bicyclists
T20230015864,5/15/2023,13:06:00,1,Collision with vehicle,1,Monday,148,VEHICLE OFF FOOTPATH STRIKES VEH ON CARRIAGEWAY,1,782104,2,0,0,1,1,2,1,1,Cross intersection,3,80,Arterial Highway,50-59,Other injury,Bicyclists
T20230015866,7/8/2023,16:30:00,1,Collision with vehicle,7,Saturday,163,VEHICLE STRIKES DOOR OF PARKED/STATIONARY VEHICLE,1,777061,2,0,1,0,1,2,1,5,Not at intersection,2,40,Local Road,30-39,Serious injury,Bicyclists
T20230015900,7/7/2023,21:15:00,1,Collision with vehicle,5,Friday,133,LANE SIDE SWIPE (VEHICLES IN PARALLEL LANES),3,244237,2,0,0,1,1,2,2,5,Not at intersection,3,40,Arterial Other,22-25,Other injury,Bicyclists
T20230015903,7/9/2023,8:45:00,1,Collision with vehicle,0,Sunday,118,TWO LEFT TURNING (INTERSECTIONS ONLY),2,776984,2,0,0,1,1,2,2,3,Y intersection,3,999,Local Road,50-59,Other injury,Bicyclists
T20230015954,7/10/2023,8:45:00,1,Collision with vehicle,1,Monday,147,VEHICLE STRIKES ANOTHER VEH WHILE EMERGING FROM DRIVEWAY,2,777158,2,0,0,2,0,2,1,5,Not at intersection,3,60,Arterial Other,13-15,Other injury,Bicyclists
T20230015961,6/5/2023,15:20:00,1,Collision with vehicle,2,Monday,110,CROSS TRAFFIC(INTERSECTIONS ONLY),1,70484,2,0,1,0,1,2,2,1,Cross intersection,2,999,Arterial Other,13-15,Serious injury,Bicyclists
T20230015974,7/9/2023,18:00:00,1,Collision with vehicle,1,Sunday,121,RIGHT THROUGH,2,48879,2,0,0,1,1,2,2,1,Cross intersection,3,50,Local Road,26-29,Other injury,Bicyclists
T20230015987,7/1/2023,11:40:00,1,Collision with vehicle,6,Saturday,121,RIGHT THROUGH,1,63803,2,0,0,1,1,2,2,2,T intersection,3,999,Local Road,30-39,Other injury,Bicyclists
T20230016002,7/10/2023,14:40:00,1,Collision with vehicle,2,Monday,147,VEHICLE STRIKES ANOTHER VEH WHILE EMERGING FROM DRIVEWAY,1,788486,2,0,0,1,1,2,2,5,Not at intersection,3,888,Arterial Other,22-25,Other injury,Bicyclists
T20230016010,7/10/2023,11:30:00,1,Collision with vehicle,1,Monday,147,VEHICLE STRIKES ANOTHER VEH WHILE EMERGING FROM DRIVEWAY,1,794418,2,0,0,1,1,2,2,5,Not at intersection,3,60,Arterial Other,26-29,Other injury,Bicyclists
T20230016033,7/11/2023,7:30:00,6,Vehicle overturned (no collision),2,Tuesday,174,OUT OF CONTROL ON CARRIAGEWAY (ON STRAIGHT),2,777479,1,0,0,1,0,1,2,5,Not at intersection,3,100,Uknown,13-15,Other injury,Bicyclists
T20230016036,7/11/2023,6:52:00,1,Collision with vehicle,3,Tuesday,160,VEHICLE COLLIDES WITH VEHICLE PARKED ON LEFT OF ROAD,2,778033,2,0,0,1,0,1,1,5,Not at intersection,3,60,Arterial Other,50-59,Other injury,Bicyclists
T20230016041,7/11/2023,6:59:00,1,Collision with vehicle,2,Tuesday,121,RIGHT THROUGH,2,64153,2,0,1,0,1,2,1,2,T intersection,2,50,Local Road,30-39,Serious injury,Bicyclists
T20230016128,7/12/2023,7:50:00,1,Collision with vehicle,3,Wednesday,130,REAR END(VEHICLES IN SAME LANE),2,777212,2,0,0,1,1,2,2,5,Not at intersection,3,60,Local Road,40-49,Other injury,Bicyclists
T20230016155,7/5/2023,8:33:00,1,Collision with vehicle,3,Wednesday,137,LEFT TURN SIDESWIPE,2,790637,2,0,0,1,1,2,2,5,Not at intersection,3,40,Local Road,70+,Other injury,Bicyclists
T20230016157,6/22/2023,15:34:00,1,Collision with vehicle,5,Thursday,147,VEHICLE STRIKES ANOTHER VEH WHILE EMERGING FROM DRIVEWAY,1,778201,2,0,0,1,1,2,2,5,Not at intersection,3,999,Local Road,45424,Other injury,Bicyclists
T20230016159,6/13/2023,10:06:00,1,Collision with vehicle,3,Tuesday,147,VEHICLE STRIKES ANOTHER VEH WHILE EMERGING FROM DRIVEWAY,1,777163,2,0,1,0,1,2,2,5,Not at intersection,2,50,Arterial Other,22-25,Serious injury,Bicyclists
T20230016171,7/12/2023,16:22:00,1,Collision with vehicle,4,Wednesday,110,CROSS TRAFFIC(INTERSECTIONS ONLY),1,777164,2,0,1,0,1,2,1,1,Cross intersection,2,40,Local Road,50-59,Serious injury,Bicyclists
T20230016181,7/11/2023,17:45:00,1,Collision with vehicle,3,Tuesday,148,VEHICLE OFF FOOTPATH STRIKES VEH ON CARRIAGEWAY,3,777125,2,0,0,1,1,2,1,5,Not at intersection,3,60,Local Road,13-15,Other injury,Bicyclists
T20230016213,7/12/2023,7:00:00,1,Collision with vehicle,3,Wednesday,110,CROSS TRAFFIC(INTERSECTIONS ONLY),3,43460,2,0,0,1,1,2,2,1,Cross intersection,3,60,Local Road,40-49,Other injury,Bicyclists
T20230016226,7/12/2023,10:11:00,1,Collision with vehicle,3,Wednesday,135,LANE CHANGE LEFT (NOT OVERTAKING),1,777166,2,0,0,2,0,2,1,3,Y intersection,3,40,Local Road,30-39,Other injury,Bicyclists
T20230016302,7/14/2023,2:45:00,4,Collision with a fixed object,5,Friday,179,OTHER ACCIDENTS-OFF STRAIGHT NOT INCLUDED IN DCAs 170-175,3,65743,1,0,0,1,0,1,1,1,Cross intersection,3,40,Local Road,30-39,Other injury,Bicyclists
T20230016341,7/14/2023,12:06:00,1,Collision with vehicle,5,Friday,134,LANE CHANGE RIGHT (NOT OVERTAKING),1,777245,2,0,0,1,1,2,1,1,Cross intersection,3,50,Local Road,40-49,Other injury,Bicyclists
T20230016358,7/14/2023,8:30:00,1,Collision with vehicle,5,Friday,133,LANE SIDE SWIPE (VEHICLES IN PARALLEL LANES),2,777219,2,0,0,1,1,2,2,5,Not at intersection,3,60,Local Road,22-25,Other injury,Bicyclists
T20230016359,7/14/2023,6:55:00,1,Collision with vehicle,5,Friday,116,LEFT NEAR (INTERSECTIONS ONLY),2,287772,2,0,0,1,1,2,2,1,Cross intersection,3,60,Arterial Other,50-59,Other injury,Bicyclists
T20230016396,7/15/2023,1:41:00,1,Collision with vehicle,6,Saturday,110,CROSS TRAFFIC(INTERSECTIONS ONLY),3,35355,2,0,0,1,1,2,1,1,Cross intersection,3,40,Local Road,26-29,Other injury,Bicyclists
T20230016420,7/7/2023,17:00:00,1,Collision with vehicle,5,Friday,179,OTHER ACCIDENTS-OFF STRAIGHT NOT INCLUDED IN DCAs 170-175,2,781037,2,0,0,1,1,2,2,5,Not at intersection,3,999,Uknown,40-49,Other injury,Bicyclists
T20230016440,6/30/2023,8:30:00,1,Collision with vehicle,5,Friday,113,RIGHT NEAR (INTERSECTIONS ONLY),2,780436,2,0,0,1,1,2,2,2,T intersection,3,30,Arterial Other,40-49,Other injury,Bicyclists
T20230016491,7/12/2023,10:52:00,1,Collision with vehicle,3,Wednesday,113,RIGHT NEAR (INTERSECTIONS ONLY),1,48852,2,0,0,1,1,2,1,2,T intersection,3,60,Local Road,30-39,Other injury,Bicyclists
T20230016517,7/16/2023,14:45:00,1,Collision with vehicle,1,Sunday,130,REAR END(VEHICLES IN SAME LANE),1,777250,2,0,1,0,1,2,1,5,Not at intersection,2,70,Arterial Highway,60-64,Serious injury,Bicyclists
T20230016519,7/11/2023,18:00:00,1,Collision with vehicle,3,Tuesday,130,REAR END(VEHICLES IN SAME LANE),2,36481,2,0,0,1,1,2,2,1,Cross intersection,3,50,Arterial Other,30-39,Other injury,Bicyclists
T20230016529,7/16/2023,16:02:00,1,Collision with vehicle,0,Sunday,163,VEHICLE STRIKES DOOR OF PARKED/STATIONARY VEHICLE,2,796378,2,0,0,1,1,2,1,5,Not at intersection,3,60,Arterial Other,40-49,Other injury,Bicyclists
T20230016567,6/24/2023,12:58:00,1,Collision with vehicle,7,Saturday,152,PULLING OUT (OVERTAKING),1,783402,2,0,1,0,2,3,1,5,Not at intersection,2,40,Local Road,50-59,Serious injury,Bicyclists
T20230016571,7/17/2023,7:45:00,1,Collision with vehicle,1,Monday,110,CROSS TRAFFIC(INTERSECTIONS ONLY),1,54963,2,0,0,1,1,2,1,1,Cross intersection,3,50,Local Road,30-39,Other injury,Bicyclists
T20230016584,7/17/2023,7:25:00,1,Collision with vehicle,2,Monday,110,CROSS TRAFFIC(INTERSECTIONS ONLY),1,55513,2,0,1,0,1,2,1,1,Cross intersection,2,40,Local Road,30-39,Serious injury,Bicyclists
T20230016607,7/17/2023,13:39:00,1,Collision with vehicle,1,Monday,163,VEHICLE STRIKES DOOR OF PARKED/STATIONARY VEHICLE,1,46242,2,0,0,1,1,2,2,2,T intersection,3,60,Local Road,30-39,Other injury,Bicyclists
T20230016671,7/18/2023,9:13:00,1,Collision with vehicle,2,Tuesday,148,VEHICLE OFF FOOTPATH STRIKES VEH ON CARRIAGEWAY,1,775442,2,0,1,0,1,2,1,5,Not at intersection,2,50,Local Road,60-64,Serious injury,Bicyclists
T20230016706,7/13/2023,18:50:00,8,No collision and no object struck,4,Thursday,174,OUT OF CONTROL ON CARRIAGEWAY (ON STRAIGHT),9,779517,2,0,0,1,1,2,2,2,T intersection,3,999,Local Road,60-64,Other injury,Bicyclists
T20230016709,7/17/2023,8:10:00,1,Collision with vehicle,1,Monday,147,VEHICLE STRIKES ANOTHER VEH WHILE EMERGING FROM DRIVEWAY,2,777409,2,0,0,1,1,2,2,5,Not at intersection,3,50,Arterial Other,13-15,Other injury,Bicyclists
T20230016723,7/18/2023,17:45:00,2,Struck Pedestrian,2,Tuesday,102,FAR SIDE. PED HIT BY VEHICLE FROM THE LEFT,2,788685,1,0,0,1,1,2,1,5,Not at intersection,3,50,Uknown,26-29,Not injured,Bicyclists