ACCIDENT_NO,ACCIDENT_DATE,ACCIDENT_TIME,ACCIDENT_TYPE,ACCIDENT_TYPE_DESC,DAY_OF_WEEK,DAY_WEEK_DESC,DCA_CODE,DCA_DESC,LIGHT_CONDITION,NODE_ID,NO_OF_VEHICLES,NO_PERSONS_KILLED,NO_PERSONS_INJ_2,NO_PERSONS_INJ_3,NO_PERSONS_NOT_INJ,NO_PERSONS,POLICE_ATTEND,ROAD_GEOMETRY,ROAD_GEOMETRY_DESC,SEVERITY,SPEED_ZONE,RMA,AGE_GROUP,INJ_LEVEL,ROAD_USER_TYPE_DESC
T20230016735,7/18/2023,16:16:00,1,Collision with vehicle,2,Tuesday,163,VEHICLE STRIKES DOOR OF PARKED/STATIONARY VEHICLE,1,125627,2,0,0,1,2,3,1,5,Not at intersection,3,40,Local Road,30-39,Other injury,Bicyclists
T20230016772,7/18/2023,17:30:00,1,Collision with vehicle,2,Tuesday,121,RIGHT THROUGH,3,35354,2,0,0,1,1,2,2,1,Cross intersection,3,40,Local Road,40-49,Other injury,Bicyclists
T20230016795,7/18/2023,18:15:00,1,Collision with vehicle,2,Tuesday,121,RIGHT THROUGH,2,779523,2,0,0,1,1,2,2,5,Not at intersection,3,999,Local Road,22-25,Other injury,Bicyclists
T20230016796,7/19/2023,14:00:00,1,Collision with vehicle,3,Wednesday,149,OTHER MANOEUVRING NOT INCLUDED IN DCAs 140-148,1,788651,2,0,0,1,1,2,1,5,Not at intersection,3,70,Arterial Other,30-39,Other injury,Bicyclists
T20230016803,7/18/2023,17:30:00,1,Collision with vehicle,3,Tuesday,130,REAR END(VEHICLES IN SAME LANE),2,778700,2,0,0,1,1,2,2,5,Not at intersection,3,60,Local Road,30-39,Other injury,Bicyclists
T20230016807,7/19/2023,8:15:00,1,Collision with vehicle,4,Wednesday,137,LEFT TURN SIDESWIPE,1,343981,2,0,0,1,1,2,2,5,Not at intersection,3,50,Local Road,30-39,Other injury,Bicyclists
T20230016811,7/19/2023,15:00:00,1,Collision with vehicle,3,Wednesday,147,VEHICLE STRIKES ANOTHER VEH WHILE EMERGING FROM DRIVEWAY,1,777534,2,0,0,1,1,2,2,5,Not at intersection,3,50,Uknown,Unknown,Other injury,Bicyclists
T20230016812,7/19/2023,20:32:00,1,Collision with vehicle,3,Wednesday,163,VEHICLE STRIKES DOOR OF PARKED/STATIONARY VEHICLE,3,777535,2,0,0,1,1,2,1,5,Not at intersection,3,40,Arterial Other,18-21,Other injury,Bicyclists
T20230016814,7/19/2023,20:05:00,1,Collision with vehicle,3,Wednesday,121,RIGHT THROUGH,3,35500,2,0,1,0,1,2,1,1,Cross intersection,2,40,Arterial Highway,60-64,Serious injury,Bicyclists
T20230016824,7/19/2023,19:10:00,1,Collision with vehicle,3,Wednesday,121,RIGHT THROUGH,3,806270,2,0,1,0,1,2,1,2,T intersection,2,60,Arterial Other,60-64,Serious injury,Bicyclists
T20230016865,7/20/2023,7:00:00,1,Collision with vehicle,4,Thursday,121,RIGHT THROUGH,5,42027,2,0,0,1,1,2,1,2,T intersection,3,60,Arterial Other,40-49,Other injury,Bicyclists
T20230016867,7/18/2023,17:50:00,1,Collision with vehicle,3,Tuesday,148,VEHICLE OFF FOOTPATH STRIKES VEH ON CARRIAGEWAY,3,250019,2,0,0,1,1,2,2,1,Cross intersection,3,60,Arterial Other,26-29,Other injury,Bicyclists
T20230016877,7/19/2023,17:36:00,1,Collision with vehicle,3,Wednesday,111,RIGHT FAR (INTERSECTIONS ONLY),2,41124,2,0,0,1,1,2,2,1,Cross intersection,3,60,Arterial Other,16-17,Other injury,Bicyclists
T20230016888,7/20/2023,16:00:00,1,Collision with vehicle,4,Thursday,137,LEFT TURN SIDESWIPE,9,36928,2,0,0,1,1,2,2,2,T intersection,3,999,Local Road,18-21,Other injury,Bicyclists
T20230016892,7/18/2023,18:00:00,1,Collision with vehicle,3,Tuesday,163,VEHICLE STRIKES DOOR OF PARKED/STATIONARY VEHICLE,2,778459,2,0,1,0,1,2,2,5,Not at intersection,2,60,Arterial Other,30-39,Serious injury,Bicyclists
T20230016893,7/1/2023,19:32:00,1,Collision with vehicle,6,Saturday,163,VEHICLE STRIKES DOOR OF PARKED/STATIONARY VEHICLE,3,779424,2,0,0,1,1,2,2,5,Not at intersection,3,60,Arterial Other,26-29,Other injury,Bicyclists
T20230016894,7/20/2023,17:18:00,1,Collision with vehicle,5,Thursday,110,CROSS TRAFFIC(INTERSECTIONS ONLY),3,37074,2,0,1,0,1,2,1,1,Cross intersection,2,50,Local Road,26-29,Not injured,Drivers
T20230016920,7/20/2023,14:49:00,1,Collision with vehicle,5,Thursday,110,CROSS TRAFFIC(INTERSECTIONS ONLY),1,222037,3,0,1,0,2,3,2,1,Cross intersection,2,60,Arterial Other,30-39,Serious injury,Bicyclists
T20230016933,7/19/2022,15:45:00,1,Collision with vehicle,2,Tuesday,147,VEHICLE STRIKES ANOTHER VEH WHILE EMERGING FROM DRIVEWAY,1,777541,2,0,0,1,1,2,2,5,Not at intersection,3,40,Local Road,18-21,Other injury,Bicyclists
T20230016949,7/21/2023,8:36:00,1,Collision with vehicle,5,Friday,110,CROSS TRAFFIC(INTERSECTIONS ONLY),1,349,2,0,0,1,1,2,1,1,Cross intersection,3,40,Local Road,30-39,Other injury,Bicyclists
T20230016951,7/21/2023,8:39:00,1,Collision with vehicle,5,Friday,133,LANE SIDE SWIPE (VEHICLES IN PARALLEL LANES),1,75748,2,0,0,1,1,2,1,5,Not at intersection,3,40,Local Road,30-39,Other injury,Bicyclists
T20230016972,7/21/2023,9:20:00,1,Collision with vehicle,6,Friday,137,LEFT TURN SIDESWIPE,1,778096,2,0,1,0,1,2,1,2,T intersection,2,50,Local Road,50-59,Serious injury,Bicyclists
T20230016984,7/16/2023,18:40:00,1,Collision with vehicle,1,Sunday,163,VEHICLE STRIKES DOOR OF PARKED/STATIONARY VEHICLE,2,777565,2,0,0,1,1,2,1,1,Cross intersection,3,60,Arterial Other,30-39,Other injury,Bicyclists
T20230016987,7/14/2023,19:10:00,1,Collision with vehicle,5,Friday,110,CROSS TRAFFIC(INTERSECTIONS ONLY),3,29588,2,0,0,1,1,2,2,1,Cross intersection,3,60,Arterial Other,40-49,Other injury,Bicyclists
T20230017004,7/20/2023,10:30:00,1,Collision with vehicle,5,Thursday,163,VEHICLE STRIKES DOOR OF PARKED/STATIONARY VEHICLE,9,277641,2,0,0,1,1,2,2,5,Not at intersection,3,999,Local Road,22-25,Other injury,Bicyclists
T20230017034,7/22/2023,7:40:00,1,Collision with vehicle,7,Saturday,130,REAR END(VEHICLES IN SAME LANE),2,777570,7,0,1,1,5,7,1,5,Not at intersection,2,60,Arterial Other,30-39,Not injured,Bicyclists
T20230017079,7/22/2023,14:50:00,1,Collision with vehicle,7,Saturday,130,REAR END(VEHICLES IN SAME LANE),1,779703,2,0,0,2,1,3,2,5,Not at intersection,3,50,Uknown,40-49,Other injury,Bicyclists
T20230017116,7/22/2023,8:00:00,1,Collision with vehicle,6,Saturday,110,CROSS TRAFFIC(INTERSECTIONS ONLY),1,788691,2,0,0,1,1,2,2,1,Cross intersection,3,40,Local Road,30-39,Other injury,Bicyclists
T20230017128,7/20/2023,8:25:00,1,Collision with vehicle,5,Thursday,109,ANY MANOEUVRE INVOLVING PED NOT INCLUDED IN DCAs 100-108.,1,777595,2,0,0,1,1,2,2,5,Not at intersection,3,999,Local Road,30-39,Other injury,Bicyclists
T20230017170,7/23/2023,15:06:00,1,Collision with vehicle,1,Sunday,148,VEHICLE OFF FOOTPATH STRIKES VEH ON CARRIAGEWAY,1,777980,2,0,1,0,1,2,1,5,Not at intersection,2,50,Local Road,45424,Serious injury,Bicyclists
T20230017186,7/24/2023,9:40:00,1,Collision with vehicle,1,Monday,121,RIGHT THROUGH,1,678425,2,0,0,1,2,3,1,2,T intersection,3,888,Local Road,70+,Other injury,Bicyclists
T20230017227,7/24/2023,15:30:00,1,Collision with vehicle,1,Monday,130,REAR END(VEHICLES IN SAME LANE),1,478,2,0,0,1,1,2,2,4,Multiple intersection,3,50,Arterial Other,16-17,Other injury,Bicyclists
T20230017262,7/25/2023,8:30:00,1,Collision with vehicle,3,Tuesday,121,RIGHT THROUGH,1,40181,2,0,1,0,1,2,1,1,Cross intersection,2,50,Local Road,50-59,Serious injury,Bicyclists
T20230017316,7/20/2023,12:45:00,1,Collision with vehicle,4,Thursday,163,VEHICLE STRIKES DOOR OF PARKED/STATIONARY VEHICLE,1,779895,2,0,0,1,1,2,2,5,Not at intersection,3,999,Arterial Other,30-39,Other injury,Bicyclists
T20230017318,7/25/2023,17:07:00,7,Fall from or in moving vehicle,3,Tuesday,190,FELL IN/FROM VEHICLE,2,325897,2,0,1,0,1,2,1,2,T intersection,2,40,Arterial Highway,26-29,Serious injury,Bicyclists
T20230017327,7/25/2023,15:20:00,1,Collision with vehicle,3,Tuesday,147,VEHICLE STRIKES ANOTHER VEH WHILE EMERGING FROM DRIVEWAY,1,777886,2,0,1,0,1,2,1,5,Not at intersection,2,50,Local Road,13-15,Serious injury,Bicyclists
T20230017372,7/26/2023,8:42:00,1,Collision with vehicle,3,Wednesday,135,LANE CHANGE LEFT (NOT OVERTAKING),1,751,2,0,0,1,2,3,2,1,Cross intersection,3,50,Arterial Other,70+,Other injury,Bicyclists
T20230017388,7/26/2023,14:30:00,7,Fall from or in moving vehicle,3,Wednesday,190,FELL IN/FROM VEHICLE,1,777956,1,0,0,1,0,1,1,2,T intersection,3,40,Local Road,26-29,Other injury,Bicyclists
T20230017393,7/18/2023,18:00:00,1,Collision with vehicle,3,Tuesday,137,LEFT TURN SIDESWIPE,3,777932,2,0,1,0,1,2,2,5,Not at intersection,2,60,Arterial Highway,30-39,Serious injury,Bicyclists
T20230017403,7/26/2023,8:20:00,1,Collision with vehicle,3,Wednesday,137,LEFT TURN SIDESWIPE,1,806264,2,0,0,1,1,2,2,5,Not at intersection,3,999,Arterial Highway,40-49,Other injury,Bicyclists
T20230017419,7/26/2023,16:40:00,1,Collision with vehicle,4,Wednesday,113,RIGHT NEAR (INTERSECTIONS ONLY),1,40053,2,0,1,0,2,3,1,2,T intersection,2,50,Arterial Other,30-39,Serious injury,Bicyclists
T20230017528,7/8/2023,18:40:00,1,Collision with vehicle,6,Saturday,135,LANE CHANGE LEFT (NOT OVERTAKING),2,257301,2,0,0,1,1,2,2,1,Cross intersection,3,50,Arterial Other,30-39,Other injury,Bicyclists
T20230017533,7/27/2023,15:54:00,1,Collision with vehicle,5,Thursday,120,HEAD ON (NOT OVERTAKING),1,778099,2,0,0,2,0,2,1,5,Not at intersection,3,40,Local Road,13-15,Other injury,Bicyclists
T20230017567,7/27/2023,7:30:00,1,Collision with vehicle,4,Thursday,110,CROSS TRAFFIC(INTERSECTIONS ONLY),9,35995,2,0,0,1,1,2,2,1,Cross intersection,3,50,Local Road,30-39,Other injury,Bicyclists
T20230017573,7/28/2023,11:56:00,6,Vehicle overturned (no collision),6,Friday,170,OFF CARRIAGEWAY TO LEFT,1,778118,1,0,1,0,0,1,1,5,Not at intersection,2,40,Uknown,50-59,Serious injury,Bicyclists
T20230017574,7/27/2023,9:35:00,1,Collision with vehicle,4,Thursday,137,LEFT TURN SIDESWIPE,1,802255,2,0,1,0,1,2,2,1,Cross intersection,2,40,Arterial Other,26-29,Serious injury,Bicyclists
T20230017582,7/28/2023,9:10:00,1,Collision with vehicle,5,Friday,110,CROSS TRAFFIC(INTERSECTIONS ONLY),1,42194,2,0,1,0,1,2,1,1,Cross intersection,2,50,Local Road,50-59,Serious injury,Bicyclists
T20230017594,7/28/2023,15:08:00,1,Collision with vehicle,6,Friday,120,HEAD ON (NOT OVERTAKING),1,779260,2,0,1,0,1,2,1,5,Not at intersection,2,999,Uknown,13-15,Serious injury,Bicyclists
T20230017605,7/19/2023,15:00:00,1,Collision with vehicle,3,Wednesday,148,VEHICLE OFF FOOTPATH STRIKES VEH ON CARRIAGEWAY,1,230257,2,0,0,1,1,2,2,2,T intersection,3,60,Local Road,26-29,Other injury,Bicyclists
T20230017674,7/29/2023,11:39:00,8,No collision and no object struck,6,Saturday,179,OTHER ACCIDENTS-OFF STRAIGHT NOT INCLUDED IN DCAs 170-175,1,49547,1,0,0,1,0,1,2,1,Cross intersection,3,60,Uknown,40-49,Other injury,Bicyclists
T20230017681,7/29/2023,12:01:00,1,Collision with vehicle,6,Saturday,121,RIGHT THROUGH,1,8031,2,0,0,1,1,2,1,2,T intersection,3,60,Uknown,26-29,Other injury,Bicyclists
T20230017716,7/28/2023,22:20:00,1,Collision with vehicle,5,Friday,148,VEHICLE OFF FOOTPATH STRIKES VEH ON CARRIAGEWAY,6,779603,2,0,0,1,1,2,1,5,Not at intersection,3,40,Local Road,40-49,Other injury,Bicyclists
T20230017759,7/30/2023,14:30:00,1,Collision with vehicle,1,Sunday,110,CROSS TRAFFIC(INTERSECTIONS ONLY),1,65895,2,0,0,1,1,2,2,1,Cross intersection,3,50,Local Road,18-21,Other injury,Bicyclists
T20230017801,7/31/2023,7:40:00,1,Collision with vehicle,1,Monday,121,RIGHT THROUGH,2,40038,2,0,1,0,1,2,1,1,Cross intersection,2,60,Arterial Other,60-64,Serious injury,Bicyclists
T20230017814,7/31/2023,12:20:00,1,Collision with vehicle,2,Monday,111,RIGHT FAR (INTERSECTIONS ONLY),1,779781,2,0,1,0,1,2,1,1,Cross intersection,2,50,Local Road,18-21,Serious injury,Bicyclists
T20230017822,7/31/2023,7:30:00,1,Collision with vehicle,1,Monday,121,RIGHT THROUGH,2,289646,2,0,1,0,1,2,1,2,T intersection,2,60,Arterial Other,65-69,Serious injury,Bicyclists
T20230017826,7/22/2023,20:30:00,1,Collision with vehicle,7,Saturday,119,OTHER ADJACENT (INTERSECTIONS ONLY),6,44550,2,0,0,1,2,3,2,1,Cross intersection,3,60,Arterial Other,40-49,Other injury,Bicyclists
T20230017834,7/31/2023,15:30:00,8,No collision and no object struck,2,Monday,174,OUT OF CONTROL ON CARRIAGEWAY (ON STRAIGHT),1,789076,1,0,0,1,0,1,2,5,Not at intersection,3,40,Local Road,0-4,Other injury,Bicyclists
T20230017837,7/31/2023,15:35:00,1,Collision with vehicle,2,Monday,147,VEHICLE STRIKES ANOTHER VEH WHILE EMERGING FROM DRIVEWAY,1,778189,2,0,1,0,5,6,1,5,Not at intersection,2,40,Local Road,45424,Serious injury,Bicyclists
T20230017843,7/9/2023,8:40:00,8,No collision and no object struck,0,Sunday,174,OUT OF CONTROL ON CARRIAGEWAY (ON STRAIGHT),1,53272,1,0,1,0,0,1,2,2,T intersection,2,40,Local Road,40-49,Serious injury,Bicyclists
T20230017877,7/10/2023,18:15:00,1,Collision with vehicle,2,Monday,131,LEFT REAR,2,778368,2,0,0,1,1,2,2,5,Not at intersection,3,50,Local Road,30-39,Other injury,Bicyclists
T20230017888,7/26/2023,6:30:00,4,Collision with a fixed object,3,Wednesday,179,OTHER ACCIDENTS-OFF STRAIGHT NOT INCLUDED IN DCAs 170-175,1,779035,1,0,1,0,0,1,1,5,Not at intersection,2,999,Local Road,40-49,Serious injury,Bicyclists
T20230017926,8/1/2023,17:05:00,1,Collision with vehicle,3,Tuesday,110,CROSS TRAFFIC(INTERSECTIONS ONLY),1,35946,2,0,1,0,1,2,1,1,Cross intersection,2,40,Local Road,40-49,Serious injury,Bicyclists
T20230017932,7/29/2023,10:00:00,1,Collision with vehicle,6,Saturday,163,VEHICLE STRIKES DOOR OF PARKED/STATIONARY VEHICLE,1,780269,2,0,1,0,1,2,2,5,Not at intersection,2,60,Local Road,40-49,Serious injury,Bicyclists
T20230017963,8/2/2023,8:03:00,1,Collision with vehicle,3,Wednesday,113,RIGHT NEAR (INTERSECTIONS ONLY),1,8031,2,0,1,0,1,2,1,2,T intersection,2,60,Uknown,22-25,Serious injury,Bicyclists
T20230017974,8/2/2023,10:47:00,1,Collision with vehicle,4,Wednesday,113,RIGHT NEAR (INTERSECTIONS ONLY),1,725733,3,0,2,0,1,3,1,2,T intersection,2,60,Arterial Other,50-59,Serious injury,Bicyclists
T20230017987,8/2/2023,7:00:00,1,Collision with vehicle,4,Wednesday,113,RIGHT NEAR (INTERSECTIONS ONLY),2,254695,2,0,0,1,1,2,2,1,Cross intersection,3,50,Local Road,40-49,Other injury,Bicyclists
T20230017994,7/30/2023,11:30:00,1,Collision with vehicle,0,Sunday,163,VEHICLE STRIKES DOOR OF PARKED/STATIONARY VEHICLE,1,779524,2,0,0,1,1,2,2,5,Not at intersection,3,50,Local Road,22-25,Other injury,Bicyclists
T20230017999,8/2/2023,14:29:00,1,Collision with vehicle,3,Wednesday,113,RIGHT NEAR (INTERSECTIONS ONLY),1,66437,2,0,1,0,1,2,1,2,T intersection,2,60,Local Road,40-49,Serious injury,Bicyclists
T20230018010,8/1/2023,19:45:00,1,Collision with vehicle,2,Tuesday,137,LEFT TURN SIDESWIPE,2,29380,2,0,0,1,1,2,2,1,Cross intersection,3,40,Local Road,50-59,Other injury,Bicyclists
T20230018031,8/2/2023,18:30:00,1,Collision with vehicle,3,Wednesday,121,RIGHT THROUGH,3,778804,2,0,1,0,1,2,1,2,T intersection,2,999,Local Road,18-21,Serious injury,Bicyclists
T20230018043,8/2/2023,19:17:00,1,Collision with vehicle,4,Wednesday,121,RIGHT THROUGH,3,36719,2,0,2,0,1,3,1,2,T intersection,2,70,Arterial Other,50-59,Serious injury,Bicyclists
T20230018047,7/31/2023,7:00:00,1,Collision with vehicle,1,Monday,113,RIGHT NEAR (INTERSECTIONS ONLY),2,42107,2,0,0,1,1,2,2,2,T intersection,3,60,Arterial Other,50-59,Other injury,Bicyclists
T20230018051,7/22/2023,14:00:00,1,Collision with vehicle,7,Saturday,137,LEFT TURN SIDESWIPE,1,36338,2,0,1,0,1,2,2,1,Cross intersection,2,40,Local Road,50-59,Serious injury,Bicyclists
T20230018063,8/2/2023,17:20:00,1,Collision with vehicle,3,Wednesday,135,LANE CHANGE LEFT (NOT OVERTAKING),1,778298,2,0,0,1,1,2,2,5,Not at intersection,3,40,Local Road,30-39,Other injury,Bicyclists
T20230018098,8/3/2023,15:45:00,8,No collision and no object struck,4,Thursday,179,OTHER ACCIDENTS-OFF STRAIGHT NOT INCLUDED IN DCAs 170-175,1,789231,1,0,0,1,0,1,1,5,Not at intersection,3,888,Local Road,22-25,Other injury,Bicyclists
T20230018102,7/31/2023,6:30:00,1,Collision with vehicle,2,Monday,163,VEHICLE STRIKES DOOR OF PARKED/STATIONARY VEHICLE,2,778366,2,0,0,1,1,2,2,5,Not at intersection,3,60,Arterial Other,30-39,Other injury,Bicyclists
T20230018103,8/3/2023,16:45:00,1,Collision with vehicle,5,Thursday,110,CROSS TRAFFIC(INTERSECTIONS ONLY),1,39973,2,0,0,1,1,2,1,1,Cross intersection,3,50,Local Road,40-49,Other injury,Bicyclists
T20230018108,8/3/2023,16:40:00,1,Collision with vehicle,4,Thursday,116,LEFT NEAR (INTERSECTIONS ONLY),1,49746,2,0,0,1,1,2,1,2,T intersection,3,50,Uknown,40-49,Other injury,Bicyclists
T20230018114,8/3/2023,16:30:00,1,Collision with vehicle,4,Thursday,110,CROSS TRAFFIC(INTERSECTIONS ONLY),1,44000,2,0,1,0,1,2,1,1,Cross intersection,2,60,Local Road,50-59,Serious injury,Bicyclists
T20230018139,7/10/2023,7:30:00,8,No collision and no object struck,2,Monday,174,OUT OF CONTROL ON CARRIAGEWAY (ON STRAIGHT),1,36902,2,0,0,1,1,2,2,2,T intersection,3,50,Local Road,40-49,Other injury,Bicyclists
T20230018149,7/24/2023,5:55:00,1,Collision with vehicle,2,Monday,160,VEHICLE COLLIDES WITH VEHICLE PARKED ON LEFT OF ROAD,2,778301,2,0,0,1,0,1,2,2,T intersection,3,60,Arterial Other,50-59,Other injury,Bicyclists
T20230018158,7/14/2023,17:15:00,1,Collision with vehicle,6,Friday,148,VEHICLE OFF FOOTPATH STRIKES VEH ON CARRIAGEWAY,1,810,2,0,0,1,1,2,2,2,T intersection,3,999,Local Road,30-39,Other injury,Bicyclists
T20230018161,7/31/2023,9:00:00,1,Collision with vehicle,1,Monday,113,RIGHT NEAR (INTERSECTIONS ONLY),1,44549,2,0,0,1,1,2,2,1,Cross intersection,3,60,Arterial Other,22-25,Other injury,Bicyclists
T20230018167,8/1/2023,7:00:00,1,Collision with vehicle,2,Tuesday,116,LEFT NEAR (INTERSECTIONS ONLY),2,778676,2,0,0,1,1,2,2,2,T intersection,3,80,Arterial Other,50-59,Other injury,Bicyclists
T20230018202,8/4/2023,21:35:00,1,Collision with vehicle,6,Friday,135,LANE CHANGE LEFT (NOT OVERTAKING),3,37602,2,0,1,0,1,2,1,2,T intersection,2,40,Local Road,26-29,Serious injury,Bicyclists
T20230018245,7/25/2023,22:43:00,8,No collision and no object struck,2,Tuesday,174,OUT OF CONTROL ON CARRIAGEWAY (ON STRAIGHT),3,778321,1,0,1,0,0,1,1,5,Not at intersection,2,50,Arterial Other,50-59,Serious injury,Bicyclists
T20230018348,8/1/2023,18:15:00,1,Collision with vehicle,2,Tuesday,121,RIGHT THROUGH,2,275196,2,0,0,1,1,2,2,2,T intersection,3,999,Local Road,30-39,Other injury,Bicyclists
T20230018382,7/27/2023,15:10:00,9,Other accident,4,Thursday,179,OTHER ACCIDENTS-OFF STRAIGHT NOT INCLUDED IN DCAs 170-175,1,778470,1,0,1,0,0,1,2,5,Not at intersection,2,50,Local Road,13-15,Serious injury,Bicyclists
T20230018409,8/6/2023,10:30:00,1,Collision with vehicle,0,Sunday,130,REAR END(VEHICLES IN SAME LANE),1,778404,2,0,0,1,1,2,2,5,Not at intersection,3,40,Arterial Other,22-25,Other injury,Bicyclists
T20230018518,7/29/2023,10:30:00,1,Collision with vehicle,6,Saturday,110,CROSS TRAFFIC(INTERSECTIONS ONLY),1,63801,2,0,0,1,1,2,2,1,Cross intersection,3,40,Local Road,50-59,Other injury,Bicyclists
T20230018532,8/8/2023,13:10:00,1,Collision with vehicle,2,Tuesday,148,VEHICLE OFF FOOTPATH STRIKES VEH ON CARRIAGEWAY,1,36416,2,0,0,1,1,2,1,2,T intersection,3,888,Arterial Other,50-59,Other injury,Bicyclists
T20230018547,8/9/2023,11:15:00,1,Collision with vehicle,3,Wednesday,119,OTHER ADJACENT (INTERSECTIONS ONLY),1,798093,2,0,0,1,1,2,1,2,T intersection,3,60,Local Road,22-25,Other injury,Bicyclists
T20230018573,8/9/2023,17:00:00,1,Collision with vehicle,3,Wednesday,148,VEHICLE OFF FOOTPATH STRIKES VEH ON CARRIAGEWAY,2,778909,3,0,1,0,2,3,1,5,Not at intersection,2,60,Arterial Other,30-39,Serious injury,Bicyclists
T20230018617,8/9/2023,16:00:00,1,Collision with vehicle,3,Wednesday,163,VEHICLE STRIKES DOOR OF PARKED/STATIONARY VEHICLE,1,789444,2,0,0,1,1,2,2,5,Not at intersection,3,50,Uknown,13-15,Other injury,Bicyclists
T20230018642,8/7/2023,16:10:00,1,Collision with vehicle,2,Monday,121,RIGHT THROUGH,1,37036,2,0,0,1,1,2,2,1,Cross intersection,3,40,Local Road,60-64,Other injury,Bicyclists
T20230018666,8/10/2023,19:11:00,1,Collision with vehicle,4,Thursday,110,CROSS TRAFFIC(INTERSECTIONS ONLY),3,42230,2,0,0,1,1,2,1,1,Cross intersection,3,50,Local Road,22-25,Other injury,Bicyclists
T20230018693,8/11/2023,8:50:00,6,Vehicle overturned (no collision),5,Friday,174,OUT OF CONTROL ON CARRIAGEWAY (ON STRAIGHT),1,789523,1,0,0,1,0,1,1,5,Not at intersection,3,60,Arterial Other,70+,Other injury,Bicyclists
T20230018696,8/10/2023,7:45:00,1,Collision with vehicle,4,Thursday,137,LEFT TURN SIDESWIPE,2,797228,2,0,0,1,1,2,2,2,T intersection,3,60,Local Road,50-59,Other injury,Bicyclists
T20230018703,8/11/2023,8:50:00,1,Collision with vehicle,6,Friday,121,RIGHT THROUGH,1,29397,2,0,0,1,1,2,1,1,Cross intersection,3,40,Arterial Other,30-39,Other injury,Bicyclists
T20230018712,8/11/2023,13:00:00,1,Collision with vehicle,6,Friday,113,RIGHT NEAR (INTERSECTIONS ONLY),1,57599,2,0,0,1,2,3,1,2,T intersection,3,60,Arterial Other,70+,Not injured,Drivers
T20230018727,8/11/2023,7:35:00,1,Collision with vehicle,5,Friday,121,RIGHT THROUGH,2,64943,2,0,0,1,1,2,2,2,T intersection,3,70,Arterial Other,18-21,Other injury,Bicyclists
T20230018760,8/11/2023,8:35:00,1,Collision with vehicle,6,Friday,121,RIGHT THROUGH,2,48913,2,0,0,1,1,2,1,2,T intersection,3,40,Local Road,26-29,Other injury,Bicyclists
T20230018789,8/11/2023,11:26:00,1,Collision with vehicle,6,Friday,113,RIGHT NEAR (INTERSECTIONS ONLY),1,37014,2,0,0,1,1,2,1,2,T intersection,3,40,Local Road,50-59,Other injury,Bicyclists
T20230018792,8/10/2023,8:00:00,1,Collision with vehicle,5,Thursday,121,RIGHT THROUGH,1,49057,2,0,0,1,1,2,2,2,T intersection,3,50,Local Road,50-59,Other injury,Bicyclists
T20230018822,8/10/2023,16:05:00,1,Collision with vehicle,4,Thursday,111,RIGHT FAR (INTERSECTIONS ONLY),1,40182,2,0,0,1,1,2,2,2,T intersection,3,50,Local Road,30-39,Other injury,Bicyclists
T20230018876,8/13/2023,9:10:00,1,Collision with vehicle,1,Sunday,131,LEFT REAR,1,64311,2,0,0,1,1,2,2,2,T intersection,3,50,Local Road,65-69,Other injury,Bicyclists
T20230018946,8/14/2023,13:00:00,1,Collision with vehicle,2,Monday,147,VEHICLE STRIKES ANOTHER VEH WHILE EMERGING FROM DRIVEWAY,1,789694,2,0,1,0,1,2,1,5,Not at intersection,2,70,Arterial Highway,60-64,Serious injury,Bicyclists
T20230018995,8/8/2023,6:30:00,6,Vehicle overturned (no collision),2,Tuesday,174,OUT OF CONTROL ON CARRIAGEWAY (ON STRAIGHT),9,685,1,0,1,0,0,1,2,5,Not at intersection,2,999,Local Road,50-59,Serious injury,Bicyclists
T20230018997,8/15/2023,8:10:00,1,Collision with vehicle,3,Tuesday,148,VEHICLE OFF FOOTPATH STRIKES VEH ON CARRIAGEWAY,1,252367,2,0,1,0,1,2,1,5,Not at intersection,2,999,Arterial Highway,40-49,Serious injury,Bicyclists
T20230018999,8/15/2023,8:20:00,1,Collision with vehicle,2,Tuesday,160,VEHICLE COLLIDES WITH VEHICLE PARKED ON LEFT OF ROAD,1,796569,2,0,1,0,0,1,2,5,Not at intersection,2,40,Local Road,40-49,Serious injury,Bicyclists
T20230019008,8/15/2023,7:15:00,1,Collision with vehicle,2,Tuesday,136,RIGHT TURN SIDESWIPE,1,780139,2,0,1,0,1,2,1,1,Cross intersection,2,50,Arterial Other,16-17,Serious injury,Bicyclists
T20230019019,8/15/2023,9:08:00,1,Collision with vehicle,2,Tuesday,133,LANE SIDE SWIPE (VEHICLES IN PARALLEL LANES),1,780966,2,0,0,2,0,2,2,5,Not at intersection,3,60,Arterial Other,30-39,Other injury,Bicyclists
T20230019035,8/9/2023,18:00:00,1,Collision with vehicle,3,Wednesday,130,REAR END(VEHICLES IN SAME LANE),9,778928,2,0,0,1,1,2,2,5,Not at intersection,3,60,Local Road,40-49,Other injury,Bicyclists
T20230019058,8/15/2023,17:04:00,1,Collision with vehicle,2,Tuesday,121,RIGHT THROUGH,2,45553,2,0,0,1,1,2,1,2,T intersection,3,60,Arterial Other,26-29,Other injury,Bicyclists
T20230019120,8/16/2023,10:09:00,1,Collision with vehicle,4,Wednesday,114,TWO RIGHT TURNING (INTERSECTIONS ONLY),1,780227,2,0,1,0,1,2,2,2,T intersection,2,80,Local Road,70+,Serious injury,Bicyclists