ACCIDENT_NO,ACCIDENT_DATE,ACCIDENT_TIME,ACCIDENT_TYPE,ACCIDENT_TYPE_DESC,DAY_OF_WEEK,DAY_WEEK_DESC,DCA_CODE,DCA_DESC,LIGHT_CONDITION,NODE_ID,NO_OF_VEHICLES,NO_PERSONS_KILLED,NO_PERSONS_INJ_2,NO_PERSONS_INJ_3,NO_PERSONS_NOT_INJ,NO_PERSONS,POLICE_ATTEND,ROAD_GEOMETRY,ROAD_GEOMETRY_DESC,SEVERITY,SPEED_ZONE,RMA,AGE_GROUP,INJ_LEVEL,ROAD_USER_TYPE_DESC
T20230019146,8/9/2023,14:24:00,1,Collision with vehicle,3,Wednesday,110,CROSS TRAFFIC(INTERSECTIONS ONLY),1,51004,2,0,0,1,1,2,1,1,Cross intersection,3,50,Local Road,50-59,Other injury,Bicyclists
T20230019203,8/15/2023,20:50:00,1,Collision with vehicle,2,Tuesday,133,LANE SIDE SWIPE (VEHICLES IN PARALLEL LANES),3,789057,2,0,0,1,1,2,2,5,Not at intersection,3,40,Local Road,16-17,Other injury,Bicyclists
T20230019204,8/16/2023,15:40:00,1,Collision with vehicle,3,Wednesday,133,LANE SIDE SWIPE (VEHICLES IN PARALLEL LANES),1,789497,2,0,0,1,1,2,2,5,Not at intersection,3,50,Local Road,16-17,Other injury,Bicyclists
T20230019230,8/5/2023,10:50:00,1,Collision with vehicle,7,Saturday,110,CROSS TRAFFIC(INTERSECTIONS ONLY),1,64228,2,0,0,1,1,2,2,1,Cross intersection,3,50,Local Road,40-49,Other injury,Bicyclists
T20230019247,5/17/2023,10:30:00,8,No collision and no object struck,3,Wednesday,179,OTHER ACCIDENTS-OFF STRAIGHT NOT INCLUDED IN DCAs 170-175,1,786911,1,0,0,1,0,1,2,5,Not at intersection,3,999,Uknown,70+,Other injury,Bicyclists
T20230019271,8/18/2023,6:45:00,1,Collision with vehicle,6,Friday,110,CROSS TRAFFIC(INTERSECTIONS ONLY),1,779181,2,0,0,1,1,2,1,1,Cross intersection,3,60,Local Road,40-49,Other injury,Bicyclists
T20230019286,8/18/2023,8:38:00,1,Collision with vehicle,5,Friday,148,VEHICLE OFF FOOTPATH STRIKES VEH ON CARRIAGEWAY,1,779182,2,0,0,1,1,2,1,5,Not at intersection,3,40,Local Road,13-15,Other injury,Bicyclists
T20230019325,8/15/2023,8:40:00,1,Collision with vehicle,3,Tuesday,137,LEFT TURN SIDESWIPE,1,36696,2,0,1,0,1,2,2,2,T intersection,2,40,Arterial Other,50-59,Serious injury,Bicyclists
T20230019373,8/19/2023,11:14:00,1,Collision with vehicle,7,Saturday,145,REVERSING IN STREAM OF TRAFFIC,1,43437,2,0,0,1,1,2,1,2,T intersection,3,40,Uknown,30-39,Other injury,Bicyclists
T20230019391,8/19/2023,10:05:00,1,Collision with vehicle,6,Saturday,111,RIGHT FAR (INTERSECTIONS ONLY),1,45372,2,0,0,1,1,2,1,1,Cross intersection,3,50,Local Road,40-49,Other injury,Bicyclists
T20230019423,8/19/2023,19:09:00,1,Collision with vehicle,7,Saturday,137,LEFT TURN SIDESWIPE,2,36794,2,0,0,1,5,6,1,1,Cross intersection,3,60,Arterial Highway,22-25,Other injury,Bicyclists
T20230019487,7/21/2023,18:45:00,1,Collision with vehicle,6,Friday,148,VEHICLE OFF FOOTPATH STRIKES VEH ON CARRIAGEWAY,3,54453,2,0,0,1,1,2,2,1,Cross intersection,3,40,Arterial Other,40-49,Other injury,Bicyclists
T20230019516,8/11/2023,12:30:00,1,Collision with vehicle,6,Friday,163,VEHICLE STRIKES DOOR OF PARKED/STATIONARY VEHICLE,1,779997,2,0,0,1,1,2,2,5,Not at intersection,3,40,Local Road,26-29,Other injury,Bicyclists
T20230019533,8/21/2023,14:07:00,1,Collision with vehicle,1,Monday,110,CROSS TRAFFIC(INTERSECTIONS ONLY),1,29397,2,0,0,1,1,2,1,1,Cross intersection,3,60,Arterial Other,26-29,Other injury,Bicyclists
T20230019589,8/22/2023,9:00:00,2,Struck Pedestrian,2,Tuesday,100,PED NEAR SIDE. PED HIT BY VEHICLE FROM THE RIGHT.,1,36379,1,0,0,2,0,2,1,2,T intersection,3,999,Local Road,40-49,Other injury,Bicyclists
T20230019604,8/22/2023,6:00:00,1,Collision with vehicle,2,Tuesday,111,RIGHT FAR (INTERSECTIONS ONLY),1,50109,2,0,0,1,1,2,2,1,Cross intersection,3,999,Arterial Other,22-25,Other injury,Bicyclists
T20230019620,7/27/2023,16:45:00,6,Vehicle overturned (no collision),4,Thursday,174,OUT OF CONTROL ON CARRIAGEWAY (ON STRAIGHT),9,780968,1,0,1,0,0,1,2,5,Not at intersection,2,50,Local Road,50-59,Serious injury,Bicyclists
T20230019627,8/17/2023,5:50:00,1,Collision with vehicle,4,Thursday,114,TWO RIGHT TURNING (INTERSECTIONS ONLY),2,65658,2,0,0,1,1,2,2,2,T intersection,3,40,Local Road,26-29,Other injury,Bicyclists
T20230019629,8/3/2023,16:10:00,1,Collision with vehicle,4,Thursday,121,RIGHT THROUGH,9,789220,2,0,0,1,1,2,2,1,Cross intersection,3,40,Local Road,40-49,Other injury,Bicyclists
T20230019631,8/22/2023,8:30:00,1,Collision with vehicle,2,Tuesday,163,VEHICLE STRIKES DOOR OF PARKED/STATIONARY VEHICLE,1,789007,2,0,0,1,2,3,2,5,Not at intersection,3,40,Local Road,13-15,Other injury,Bicyclists
T20230019672,8/21/2023,6:05:00,6,Vehicle overturned (no collision),1,Monday,174,OUT OF CONTROL ON CARRIAGEWAY (ON STRAIGHT),9,789032,1,0,0,1,0,1,2,5,Not at intersection,3,888,Local Road,50-59,Other injury,Bicyclists
T20230019705,8/16/2023,13:10:00,1,Collision with vehicle,3,Wednesday,116,LEFT NEAR (INTERSECTIONS ONLY),1,41452,2,0,0,1,1,2,2,2,T intersection,3,60,Uknown,50-59,Other injury,Bicyclists
T20230019727,8/23/2023,17:50:00,1,Collision with vehicle,4,Wednesday,113,RIGHT NEAR (INTERSECTIONS ONLY),1,526,2,0,1,0,1,2,1,2,T intersection,2,60,Arterial Other,50-59,Serious injury,Bicyclists
T20230019738,8/23/2023,6:40:00,1,Collision with vehicle,3,Wednesday,114,TWO RIGHT TURNING (INTERSECTIONS ONLY),3,779714,2,0,1,0,1,2,2,2,T intersection,2,60,Arterial Other,60-64,Serious injury,Bicyclists
T20230019747,8/20/2023,15:35:00,1,Collision with vehicle,0,Sunday,130,REAR END(VEHICLES IN SAME LANE),1,780030,2,0,0,1,1,2,2,5,Not at intersection,3,40,Local Road,13-15,Other injury,Bicyclists
T20230019753,8/24/2023,8:32:00,1,Collision with vehicle,4,Thursday,112,LEFT FAR (INTERSECTIONS ONLY),1,710776,2,0,0,1,1,2,1,1,Cross intersection,3,50,Local Road,45424,Other injury,Bicyclists
T20230019761,8/23/2023,6:50:00,2,Struck Pedestrian,3,Wednesday,100,PED NEAR SIDE. PED HIT BY VEHICLE FROM THE RIGHT.,1,789423,1,0,0,1,0,1,2,5,Not at intersection,3,888,Arterial Other,50-59,Other injury,Pedestrians
T20230019762,8/23/2023,19:00:00,1,Collision with vehicle,4,Wednesday,113,RIGHT NEAR (INTERSECTIONS ONLY),3,36206,2,0,0,1,1,2,2,2,T intersection,3,999,Arterial Other,30-39,Other injury,Bicyclists
T20230019764,6/26/2022,14:45:00,1,Collision with vehicle,0,Sunday,133,LANE SIDE SWIPE (VEHICLES IN PARALLEL LANES),1,781070,3,0,1,1,1,3,2,5,Not at intersection,2,60,Arterial Other,50-59,Serious injury,Bicyclists
T20230019777,8/24/2023,15:40:00,1,Collision with vehicle,4,Thursday,110,CROSS TRAFFIC(INTERSECTIONS ONLY),1,779715,2,0,0,1,1,2,1,1,Cross intersection,3,40,Local Road,45424,Other injury,Bicyclists
T20230019815,8/16/2023,8:15:00,1,Collision with vehicle,3,Wednesday,110,CROSS TRAFFIC(INTERSECTIONS ONLY),1,802034,2,0,0,1,1,2,2,1,Cross intersection,3,50,Uknown,16-17,Other injury,Bicyclists
T20230019817,8/25/2023,8:00:00,1,Collision with vehicle,6,Friday,147,VEHICLE STRIKES ANOTHER VEH WHILE EMERGING FROM DRIVEWAY,1,802132,2,0,0,1,1,2,2,5,Not at intersection,3,30,Uknown,40-49,Other injury,Bicyclists
T20230019842,8/24/2023,17:04:00,1,Collision with vehicle,4,Thursday,110,CROSS TRAFFIC(INTERSECTIONS ONLY),1,50096,2,0,0,1,1,2,2,1,Cross intersection,3,50,Arterial Other,60-64,Other injury,Bicyclists
T20230019844,8/23/2023,9:00:00,1,Collision with vehicle,3,Wednesday,137,LEFT TURN SIDESWIPE,1,205,2,0,0,1,0,1,2,1,Cross intersection,3,40,Local Road,40-49,Other injury,Bicyclists
T20230019850,7/27/2023,8:15:00,1,Collision with vehicle,4,Thursday,110,CROSS TRAFFIC(INTERSECTIONS ONLY),1,779863,2,0,0,1,1,2,2,1,Cross intersection,3,50,Local Road,26-29,Other injury,Bicyclists
T20230019883,8/20/2023,18:30:00,1,Collision with vehicle,0,Sunday,111,RIGHT FAR (INTERSECTIONS ONLY),2,40020,2,0,0,1,1,2,2,2,T intersection,3,50,Local Road,22-25,Other injury,Bicyclists
T20230019907,8/26/2023,8:30:00,4,Collision with a fixed object,6,Saturday,171,LEFT OFF CARRIAGEWAY INTO OBJECT/PARKED VEHICLE,1,789689,1,0,0,1,0,1,1,5,Not at intersection,3,60,Local Road,40-49,Other injury,Bicyclists
T20230019931,8/26/2023,11:25:00,1,Collision with vehicle,6,Saturday,135,LANE CHANGE LEFT (NOT OVERTAKING),1,789686,2,0,0,2,0,2,2,2,T intersection,3,40,Local Road,18-21,Other injury,Bicyclists
T20230019953,8/18/2023,22:00:00,1,Collision with vehicle,5,Friday,163,VEHICLE STRIKES DOOR OF PARKED/STATIONARY VEHICLE,3,789272,2,0,0,1,1,2,2,5,Not at intersection,3,40,Local Road,22-25,Other injury,Bicyclists
T20230019962,8/26/2023,21:00:00,1,Collision with vehicle,7,Saturday,137,LEFT TURN SIDESWIPE,3,238,2,0,1,0,1,2,1,1,Cross intersection,2,40,Local Road,30-39,Serious injury,Bicyclists
T20230019996,8/27/2023,11:40:00,1,Collision with vehicle,0,Sunday,136,RIGHT TURN SIDESWIPE,1,792936,2,0,1,0,1,2,1,5,Not at intersection,2,60,Local Road,70+,Serious injury,Bicyclists
T20230020007,8/27/2023,12:00:00,8,No collision and no object struck,0,Sunday,179,OTHER ACCIDENTS-OFF STRAIGHT NOT INCLUDED IN DCAs 170-175,1,780756,1,0,0,1,0,1,1,5,Not at intersection,3,60,Local Road,16-17,Other injury,Bicyclists
T20230020019,8/27/2023,15:14:00,1,Collision with vehicle,0,Sunday,160,VEHICLE COLLIDES WITH VEHICLE PARKED ON LEFT OF ROAD,1,779897,2,0,0,1,0,1,1,5,Not at intersection,3,60,Arterial Highway,40-49,Other injury,Bicyclists
T20230020020,8/27/2023,16:00:00,1,Collision with vehicle,1,Sunday,148,VEHICLE OFF FOOTPATH STRIKES VEH ON CARRIAGEWAY,1,780071,2,0,1,0,3,4,1,5,Not at intersection,2,50,Local Road,18-21,Serious injury,Bicyclists
T20230020056,8/28/2023,5:30:00,1,Collision with vehicle,2,Monday,135,LANE CHANGE LEFT (NOT OVERTAKING),3,780141,2,0,1,0,1,2,1,5,Not at intersection,2,80,Arterial Other,50-59,Serious injury,Bicyclists
T20230020132,8/28/2023,19:00:00,1,Collision with vehicle,1,Monday,137,LEFT TURN SIDESWIPE,3,780831,2,0,0,1,1,2,2,1,Cross intersection,3,40,Local Road,30-39,Other injury,Bicyclists
T20230020154,8/29/2023,8:15:00,1,Collision with vehicle,3,Tuesday,137,LEFT TURN SIDESWIPE,1,40082,2,0,1,0,1,2,1,2,T intersection,2,60,Arterial Other,50-59,Serious injury,Bicyclists
T20230020263,8/30/2023,8:10:00,1,Collision with vehicle,3,Wednesday,148,VEHICLE OFF FOOTPATH STRIKES VEH ON CARRIAGEWAY,1,789484,2,0,0,1,1,2,2,5,Not at intersection,3,60,Arterial Other,40-49,Not injured,Drivers
T20230020313,8/30/2023,16:30:00,7,Fall from or in moving vehicle,3,Wednesday,190,FELL IN/FROM VEHICLE,1,37036,2,0,0,1,1,2,2,1,Cross intersection,3,40,Local Road,Unknown,Other injury,Bicyclists
T20230020330,8/31/2023,8:40:00,1,Collision with vehicle,4,Thursday,121,RIGHT THROUGH,1,38024,2,0,0,1,1,2,1,1,Cross intersection,3,60,Local Road,26-29,Other injury,Bicyclists
T20230020341,8/22/2023,6:50:00,1,Collision with vehicle,3,Tuesday,137,LEFT TURN SIDESWIPE,3,1335,2,0,1,0,1,2,2,1,Cross intersection,2,60,Arterial Other,40-49,Serious injury,Bicyclists
T20230020367,8/31/2023,15:10:00,1,Collision with vehicle,4,Thursday,148,VEHICLE OFF FOOTPATH STRIKES VEH ON CARRIAGEWAY,1,580296,2,0,0,1,2,3,1,2,T intersection,3,50,Local Road,45424,Other injury,Bicyclists
T20230020375,8/31/2023,17:15:00,1,Collision with vehicle,5,Thursday,133,LANE SIDE SWIPE (VEHICLES IN PARALLEL LANES),1,788511,3,0,0,2,0,2,2,5,Not at intersection,3,60,Arterial Other,50-59,Other injury,Bicyclists
T20230020384,8/31/2023,17:16:00,1,Collision with vehicle,5,Thursday,130,REAR END(VEHICLES IN SAME LANE),2,780241,2,0,0,1,1,2,1,5,Not at intersection,3,60,Arterial Other,30-39,Other injury,Bicyclists
T20230020386,8/29/2023,20:45:00,1,Collision with vehicle,2,Tuesday,121,RIGHT THROUGH,6,70077,2,0,0,1,1,2,2,2,T intersection,3,60,Arterial Other,26-29,Other injury,Bicyclists
T20230020401,8/31/2023,22:25:00,1,Collision with vehicle,4,Thursday,113,RIGHT NEAR (INTERSECTIONS ONLY),3,36573,2,0,0,1,3,4,1,2,T intersection,3,50,Local Road,30-39,Other injury,Bicyclists
T20230020412,8/24/2023,17:25:00,1,Collision with vehicle,5,Thursday,129,OTHER OPPOSING MANOEUVRES NOT INCLUDED IN DCAs 120-125.,2,36969,2,0,1,0,1,2,1,2,T intersection,2,80,Arterial Highway,40-49,Serious injury,Bicyclists
T20230020425,9/1/2023,11:38:00,1,Collision with vehicle,6,Friday,131,LEFT REAR,1,782174,2,0,1,0,1,2,1,2,T intersection,2,50,Local Road,70+,Serious injury,Bicyclists
T20230020438,8/30/2023,17:00:00,1,Collision with vehicle,3,Wednesday,121,RIGHT THROUGH,1,38821,2,0,0,1,1,2,2,2,T intersection,3,60,Arterial Highway,Unknown,Other injury,Bicyclists
T20230020452,8/21/2023,15:00:00,1,Collision with vehicle,1,Monday,148,VEHICLE OFF FOOTPATH STRIKES VEH ON CARRIAGEWAY,1,352603,2,0,0,1,1,2,2,5,Not at intersection,3,80,Arterial Highway,18-21,Other injury,Bicyclists
T20230020464,9/1/2023,17:24:00,1,Collision with vehicle,6,Friday,130,REAR END(VEHICLES IN SAME LANE),2,780679,2,0,1,0,1,2,1,5,Not at intersection,2,60,Arterial Other,22-25,Serious injury,Bicyclists
T20230020514,9/2/2023,13:34:00,1,Collision with vehicle,7,Saturday,121,RIGHT THROUGH,1,41121,2,0,1,0,1,2,2,1,Cross intersection,2,60,Arterial Other,26-29,Serious injury,Bicyclists
T20230020519,8/16/2023,17:00:00,1,Collision with vehicle,3,Wednesday,163,VEHICLE STRIKES DOOR OF PARKED/STATIONARY VEHICLE,2,780037,2,0,0,1,1,2,2,5,Not at intersection,3,40,Local Road,30-39,Other injury,Bicyclists
T20230020582,9/3/2023,6:09:00,1,Collision with vehicle,0,Sunday,113,RIGHT NEAR (INTERSECTIONS ONLY),2,38829,2,0,0,1,1,2,2,2,T intersection,3,999,Arterial Highway,30-39,Other injury,Bicyclists
T20230020589,7/11/2023,13:30:00,1,Collision with vehicle,3,Tuesday,147,VEHICLE STRIKES ANOTHER VEH WHILE EMERGING FROM DRIVEWAY,1,788485,2,0,0,1,1,2,2,5,Not at intersection,3,888,Arterial Highway,40-49,Other injury,Bicyclists
T20230020650,9/4/2023,7:10:00,1,Collision with vehicle,2,Monday,116,LEFT NEAR (INTERSECTIONS ONLY),1,791267,3,0,1,1,1,3,2,2,T intersection,2,60,Arterial Other,40-49,Serious injury,Bicyclists
T20230020671,8/31/2023,17:50:00,1,Collision with vehicle,4,Thursday,160,VEHICLE COLLIDES WITH VEHICLE PARKED ON LEFT OF ROAD,2,780229,2,0,0,1,1,2,2,5,Not at intersection,3,999,Local Road,30-39,Other injury,Bicyclists
T20230020700,9/2/2023,20:30:00,1,Collision with vehicle,6,Saturday,130,REAR END(VEHICLES IN SAME LANE),3,781142,2,0,0,1,1,2,2,5,Not at intersection,3,60,Arterial Other,26-29,Other injury,Bicyclists
T20230020712,9/3/2023,14:30:00,1,Collision with vehicle,1,Sunday,130,REAR END(VEHICLES IN SAME LANE),1,239553,2,0,0,1,1,2,1,1,Cross intersection,3,50,Local Road,40-49,Other injury,Bicyclists
T20230020748,8/29/2023,18:15:00,8,No collision and no object struck,2,Tuesday,174,OUT OF CONTROL ON CARRIAGEWAY (ON STRAIGHT),2,70912,1,0,1,0,0,1,2,2,T intersection,2,60,Arterial Other,40-49,Serious injury,Bicyclists
T20230020753,8/27/2023,19:23:00,4,Collision with a fixed object,1,Sunday,171,LEFT OFF CARRIAGEWAY INTO OBJECT/PARKED VEHICLE,3,780398,1,0,1,0,0,1,2,5,Not at intersection,2,50,Local Road,60-64,Serious injury,Bicyclists
T20230020807,7/18/2023,8:20:00,1,Collision with vehicle,2,Tuesday,148,VEHICLE OFF FOOTPATH STRIKES VEH ON CARRIAGEWAY,1,780399,2,0,0,1,1,2,2,2,T intersection,3,50,Arterial Other,30-39,Other injury,Bicyclists
T20230020843,9/5/2023,16:00:00,1,Collision with vehicle,2,Tuesday,121,RIGHT THROUGH,1,38982,2,0,0,1,1,2,2,2,T intersection,3,60,Arterial Other,26-29,Other injury,Bicyclists
T20230020856,9/6/2023,11:47:00,1,Collision with vehicle,3,Wednesday,163,VEHICLE STRIKES DOOR OF PARKED/STATIONARY VEHICLE,1,80905,2,0,0,1,1,2,1,5,Not at intersection,3,40,Arterial Other,22-25,Other injury,Bicyclists
T20230020870,9/6/2023,13:30:00,1,Collision with vehicle,4,Wednesday,110,CROSS TRAFFIC(INTERSECTIONS ONLY),1,270353,2,0,1,0,1,2,1,1,Cross intersection,2,50,Local Road,50-59,Serious injury,Bicyclists
T20230020875,9/6/2023,17:40:00,1,Collision with vehicle,4,Wednesday,121,RIGHT THROUGH,2,780682,2,0,0,1,1,2,1,5,Not at intersection,3,40,Arterial Other,22-25,Other injury,Bicyclists
T20230020876,9/3/2023,10:20:00,1,Collision with vehicle,0,Sunday,110,CROSS TRAFFIC(INTERSECTIONS ONLY),1,41066,2,0,1,0,1,2,2,1,Cross intersection,2,60,Arterial Other,40-49,Serious injury,Bicyclists
T20230020878,9/2/2023,11:00:00,1,Collision with vehicle,6,Saturday,135,LANE CHANGE LEFT (NOT OVERTAKING),1,783752,2,0,0,1,1,2,2,5,Not at intersection,3,999,Arterial Other,30-39,Other injury,Bicyclists
T20230020920,8/25/2023,23:38:00,1,Collision with vehicle,6,Friday,110,CROSS TRAFFIC(INTERSECTIONS ONLY),3,65831,2,0,1,0,1,2,1,1,Cross intersection,2,60,Arterial Other,22-25,Serious injury,Bicyclists
T20230020922,9/5/2023,20:00:00,6,Vehicle overturned (no collision),2,Tuesday,174,OUT OF CONTROL ON CARRIAGEWAY (ON STRAIGHT),2,780407,1,0,0,1,0,1,2,5,Not at intersection,3,40,Local Road,26-29,Other injury,Not Known
T20230020925,9/6/2023,10:47:00,1,Collision with vehicle,3,Wednesday,130,REAR END(VEHICLES IN SAME LANE),1,36615,2,0,0,1,1,2,2,1,Cross intersection,3,999,Local Road,40-49,Other injury,Bicyclists
T20230020957,9/7/2023,16:23:00,1,Collision with vehicle,4,Thursday,110,CROSS TRAFFIC(INTERSECTIONS ONLY),1,805288,2,0,1,0,1,2,1,1,Cross intersection,2,50,Local Road,45424,Serious injury,Bicyclists
T20230020968,9/7/2023,15:32:00,1,Collision with vehicle,4,Thursday,148,VEHICLE OFF FOOTPATH STRIKES VEH ON CARRIAGEWAY,1,805289,2,0,0,1,1,2,1,5,Not at intersection,3,50,Local Road,45424,Other injury,Bicyclists
T20230021011,9/8/2023,9:10:00,1,Collision with vehicle,6,Friday,110,CROSS TRAFFIC(INTERSECTIONS ONLY),1,50121,2,0,0,1,1,2,1,1,Cross intersection,3,70,Arterial Highway,16-17,Other injury,Bicyclists
T20230021043,9/8/2023,12:40:00,1,Collision with vehicle,6,Friday,110,CROSS TRAFFIC(INTERSECTIONS ONLY),1,35702,3,0,1,0,4,5,1,1,Cross intersection,2,60,Arterial Other,40-49,Serious injury,Bicyclists
T20230021103,9/9/2023,10:00:00,1,Collision with vehicle,7,Saturday,130,REAR END(VEHICLES IN SAME LANE),1,782615,3,0,0,1,2,3,1,5,Not at intersection,3,50,Local Road,13-15,Not injured,Bicyclists
T20230021172,8/21/2023,17:30:00,1,Collision with vehicle,1,Monday,110,CROSS TRAFFIC(INTERSECTIONS ONLY),1,789588,2,0,0,1,1,2,2,1,Cross intersection,3,80,Uknown,18-21,Other injury,Bicyclists
T20230021180,9/10/2023,11:05:00,1,Collision with vehicle,0,Sunday,148,VEHICLE OFF FOOTPATH STRIKES VEH ON CARRIAGEWAY,1,782086,2,0,0,1,2,3,2,5,Not at intersection,3,40,Freeway,22-25,Other injury,Bicyclists
T20230021209,9/10/2023,17:15:00,1,Collision with vehicle,1,Sunday,130,REAR END(VEHICLES IN SAME LANE),2,780779,2,0,0,2,0,2,1,5,Not at intersection,3,50,Arterial Other,30-39,Other injury,Bicyclists
T20230021221,9/10/2023,20:00:00,1,Collision with vehicle,0,Sunday,121,RIGHT THROUGH,2,66110,2,0,0,1,1,2,1,1,Cross intersection,3,40,Arterial Other,30-39,Other injury,Bicyclists
T20230021223,9/10/2023,8:52:00,1,Collision with vehicle,0,Sunday,137,LEFT TURN SIDESWIPE,1,792062,2,0,1,0,2,3,2,2,T intersection,2,60,Arterial Highway,Unknown,Serious injury,Bicyclists
T20230021230,9/10/2023,20:57:00,1,Collision with vehicle,1,Sunday,110,CROSS TRAFFIC(INTERSECTIONS ONLY),3,780587,2,0,1,0,1,2,1,1,Cross intersection,2,60,Arterial Other,18-21,Serious injury,Bicyclists
T20230021254,9/8/2023,20:30:00,6,Vehicle overturned (no collision),5,Friday,179,OTHER ACCIDENTS-OFF STRAIGHT NOT INCLUDED IN DCAs 170-175,3,780670,1,0,0,1,0,1,2,5,Not at intersection,3,40,Arterial Other,26-29,Other injury,Bicyclists
T20230021269,9/11/2023,11:30:00,1,Collision with vehicle,2,Monday,110,CROSS TRAFFIC(INTERSECTIONS ONLY),1,41124,2,0,1,0,1,2,1,1,Cross intersection,2,50,Arterial Other,50-59,Serious injury,Bicyclists
T20230021278,9/11/2023,12:05:00,1,Collision with vehicle,2,Monday,160,VEHICLE COLLIDES WITH VEHICLE PARKED ON LEFT OF ROAD,1,780872,2,0,1,0,1,2,2,5,Not at intersection,2,60,Arterial Other,22-25,Serious injury,Bicyclists
T20230021281,9/6/2023,8:00:00,1,Collision with vehicle,3,Wednesday,121,RIGHT THROUGH,1,706190,2,0,0,1,1,2,2,2,T intersection,3,60,Local Road,45424,Other injury,Bicyclists
T20230021287,9/11/2023,14:06:00,6,Vehicle overturned (no collision),1,Monday,174,OUT OF CONTROL ON CARRIAGEWAY (ON STRAIGHT),1,784666,1,0,0,1,0,1,1,2,T intersection,3,50,Arterial Other,40-49,Other injury,Bicyclists
T20230021293,9/11/2023,15:25:00,1,Collision with vehicle,2,Monday,110,CROSS TRAFFIC(INTERSECTIONS ONLY),1,52003,2,0,1,1,0,2,1,1,Cross intersection,2,50,Local Road,13-15,Serious injury,Bicyclists
T20230021332,9/3/2023,13:30:00,1,Collision with vehicle,1,Sunday,160,VEHICLE COLLIDES WITH VEHICLE PARKED ON LEFT OF ROAD,1,780857,2,0,0,1,0,1,2,5,Not at intersection,3,60,Arterial Other,30-39,Other injury,Bicyclists
T20230021368,9/4/2023,17:00:00,1,Collision with vehicle,1,Monday,133,LANE SIDE SWIPE (VEHICLES IN PARALLEL LANES),2,790148,2,0,0,1,1,2,2,5,Not at intersection,3,60,Local Road,40-49,Other injury,Bicyclists
T20230021375,9/12/2023,12:30:00,1,Collision with vehicle,2,Tuesday,147,VEHICLE STRIKES ANOTHER VEH WHILE EMERGING FROM DRIVEWAY,1,799638,2,0,1,0,1,2,1,5,Not at intersection,2,40,Local Road,50-59,Serious injury,Bicyclists
T20230021383,9/12/2023,9:27:00,6,Vehicle overturned (no collision),2,Tuesday,174,OUT OF CONTROL ON CARRIAGEWAY (ON STRAIGHT),1,790533,1,0,0,1,0,1,1,5,Not at intersection,3,40,Arterial Other,30-39,Other injury,Bicyclists
T20230021408,9/12/2023,19:38:00,6,Vehicle overturned (no collision),3,Tuesday,174,OUT OF CONTROL ON CARRIAGEWAY (ON STRAIGHT),3,359878,2,0,0,1,1,2,1,2,T intersection,3,50,Local Road,30-39,Other injury,Bicyclists
T20230021436,9/1/2023,14:00:00,1,Collision with vehicle,5,Friday,137,LEFT TURN SIDESWIPE,1,65471,2,0,0,1,1,2,2,1,Cross intersection,3,50,Local Road,Unknown,Not injured,Bicyclists
T20230021447,9/13/2023,12:47:00,1,Collision with vehicle,4,Wednesday,147,VEHICLE STRIKES ANOTHER VEH WHILE EMERGING FROM DRIVEWAY,1,790391,2,0,0,1,1,2,1,5,Not at intersection,3,50,Local Road,26-29,Other injury,Bicyclists
T20230021450,9/13/2023,7:50:00,1,Collision with vehicle,4,Wednesday,130,REAR END(VEHICLES IN SAME LANE),2,780842,2,0,1,0,1,2,1,5,Not at intersection,2,60,Arterial Other,40-49,Serious injury,Bicyclists
T20230021461,9/13/2023,12:15:00,1,Collision with vehicle,3,Wednesday,133,LANE SIDE SWIPE (VEHICLES IN PARALLEL LANES),1,10042,2,0,0,1,1,2,1,2,T intersection,3,60,Arterial Other,40-49,Other injury,Bicyclists
T20230021506,9/14/2023,8:35:00,1,Collision with vehicle,4,Thursday,112,LEFT FAR (INTERSECTIONS ONLY),1,791666,2,0,0,1,2,3,1,2,T intersection,3,60,Local Road,13-15,Other injury,Bicyclists
T20230021522,9/14/2023,10:19:00,1,Collision with vehicle,4,Thursday,121,RIGHT THROUGH,1,792034,2,0,1,0,1,2,1,2,T intersection,2,60,Arterial Other,50-59,Serious injury,Bicyclists
T20230021525,9/13/2023,9:45:00,1,Collision with vehicle,3,Wednesday,148,VEHICLE OFF FOOTPATH STRIKES VEH ON CARRIAGEWAY,1,144,2,0,0,1,1,2,1,2,T intersection,3,999,Arterial Highway,40-49,Other injury,Bicyclists
T20230021535,9/14/2023,5:30:00,1,Collision with vehicle,4,Thursday,163,VEHICLE STRIKES DOOR OF PARKED/STATIONARY VEHICLE,2,784449,2,0,0,1,1,2,2,5,Not at intersection,3,40,Local Road,30-39,Other injury,Bicyclists
T20230021540,9/12/2023,9:30:00,1,Collision with vehicle,2,Tuesday,116,LEFT NEAR (INTERSECTIONS ONLY),1,40123,2,0,0,2,0,2,2,2,T intersection,3,60,Arterial Highway,40-49,Other injury,Bicyclists
T20230021545,9/14/2023,14:15:00,1,Collision with vehicle,4,Thursday,130,REAR END(VEHICLES IN SAME LANE),1,35304,2,0,0,1,2,3,1,1,Cross intersection,3,50,Arterial Other,40-49,Other injury,Bicyclists
T20230021553,9/14/2023,8:00:00,1,Collision with vehicle,4,Thursday,147,VEHICLE STRIKES ANOTHER VEH WHILE EMERGING FROM DRIVEWAY,1,805281,2,0,1,0,1,2,2,5,Not at intersection,2,999,Local Road,30-39,Serious injury,Bicyclists