ACCIDENT_NO,ACCIDENT_DATE,ACCIDENT_TIME,ACCIDENT_TYPE,ACCIDENT_TYPE_DESC,DAY_OF_WEEK,DAY_WEEK_DESC,DCA_CODE,DCA_DESC,LIGHT_CONDITION,NODE_ID,NO_OF_VEHICLES,NO_PERSONS_KILLED,NO_PERSONS_INJ_2,NO_PERSONS_INJ_3,NO_PERSONS_NOT_INJ,NO_PERSONS,POLICE_ATTEND,ROAD_GEOMETRY,ROAD_GEOMETRY_DESC,SEVERITY,SPEED_ZONE,RMA,AGE_GROUP,INJ_LEVEL,ROAD_USER_TYPE_DESC
T20230021558,8/23/2023,21:40:00,1,Collision with vehicle,3,Wednesday,163,VEHICLE STRIKES DOOR OF PARKED/STATIONARY VEHICLE,6,782055,2,0,0,1,1,2,2,5,Not at intersection,3,60,Uknown,30-39,Other injury,Bicyclists
T20230021560,8/31/2023,17:45:00,1,Collision with vehicle,4,Thursday,142,LEAVING PARKING,2,800037,2,0,0,1,1,2,2,2,T intersection,3,999,Local Road,30-39,Other injury,Bicyclists
T20230021583,9/11/2023,15:55:00,1,Collision with vehicle,1,Monday,133,LANE SIDE SWIPE (VEHICLES IN PARALLEL LANES),1,390,2,0,0,1,1,2,2,1,Cross intersection,3,60,Arterial Other,26-29,Other injury,Bicyclists
T20230021584,9/1/2023,23:00:00,1,Collision with vehicle,5,Friday,148,VEHICLE OFF FOOTPATH STRIKES VEH ON CARRIAGEWAY,6,291551,2,0,0,1,1,2,2,1,Cross intersection,3,40,Local Road,26-29,Other injury,Bicyclists
T20230021588,9/12/2023,8:00:00,1,Collision with vehicle,2,Tuesday,120,HEAD ON (NOT OVERTAKING),1,790526,2,0,0,1,1,2,2,5,Not at intersection,3,40,Arterial Highway,45424,Other injury,Bicyclists
T20230021603,9/13/2023,19:30:00,1,Collision with vehicle,4,Wednesday,147,VEHICLE STRIKES ANOTHER VEH WHILE EMERGING FROM DRIVEWAY,3,203486,2,0,0,1,1,2,2,5,Not at intersection,3,60,Arterial Other,30-39,Other injury,Bicyclists
T20230021618,9/2/2023,18:00:00,1,Collision with vehicle,6,Saturday,133,LANE SIDE SWIPE (VEHICLES IN PARALLEL LANES),1,29474,2,0,0,1,1,2,1,2,T intersection,3,40,Arterial Other,26-29,Other injury,Bicyclists
T20230021645,9/12/2023,18:30:00,1,Collision with vehicle,2,Tuesday,121,RIGHT THROUGH,9,45640,2,0,0,1,1,2,2,1,Cross intersection,3,40,Arterial Other,60-64,Other injury,Bicyclists
T20230021694,9/16/2023,12:30:00,1,Collision with vehicle,7,Saturday,110,CROSS TRAFFIC(INTERSECTIONS ONLY),1,36382,2,0,0,1,1,2,2,1,Cross intersection,3,50,Local Road,30-39,Other injury,Bicyclists
T20230021699,9/16/2023,14:15:00,1,Collision with vehicle,6,Saturday,130,REAR END(VEHICLES IN SAME LANE),1,784450,2,0,0,1,1,2,2,5,Not at intersection,3,40,Local Road,50-59,Other injury,Bicyclists
T20230021718,9/16/2023,16:45:00,1,Collision with vehicle,6,Saturday,133,LANE SIDE SWIPE (VEHICLES IN PARALLEL LANES),1,782183,2,0,0,1,1,2,2,5,Not at intersection,3,60,Uknown,Unknown,Not injured,Drivers
T20230021734,9/16/2023,11:30:00,1,Collision with vehicle,6,Saturday,147,VEHICLE STRIKES ANOTHER VEH WHILE EMERGING FROM DRIVEWAY,1,785822,2,0,0,1,1,2,2,5,Not at intersection,3,40,Arterial Other,30-39,Other injury,Bicyclists
T20230021765,9/17/2023,0:06:00,8,No collision and no object struck,0,Sunday,180,OFF CARRIAGEWAY ON RIGHT BEND,5,797943,1,0,1,1,0,2,1,5,Not at intersection,2,50,Local Road,16-17,Serious injury,Bicyclists
T20230021793,9/17/2023,13:56:00,1,Collision with vehicle,0,Sunday,110,CROSS TRAFFIC(INTERSECTIONS ONLY),9,790561,2,0,0,1,1,2,2,1,Cross intersection,3,999,Local Road,26-29,Other injury,Bicyclists
T20230021794,9/9/2023,22:40:00,1,Collision with vehicle,7,Saturday,121,RIGHT THROUGH,9,799682,2,0,1,0,1,2,2,1,Cross intersection,2,999,Local Road,22-25,Serious injury,Bicyclists
T20230021839,9/17/2023,10:00:00,6,Vehicle overturned (no collision),0,Sunday,174,OUT OF CONTROL ON CARRIAGEWAY (ON STRAIGHT),1,790580,1,0,0,1,0,1,2,5,Not at intersection,3,40,Local Road,50-59,Other injury,Bicyclists
T20230021865,9/16/2023,6:44:00,1,Collision with vehicle,6,Saturday,133,LANE SIDE SWIPE (VEHICLES IN PARALLEL LANES),1,790595,3,0,0,2,1,3,1,5,Not at intersection,3,60,Arterial Highway,30-39,Other injury,Bicyclists
T20230021866,9/17/2023,18:30:00,6,Vehicle overturned (no collision),0,Sunday,174,OUT OF CONTROL ON CARRIAGEWAY (ON STRAIGHT),1,781060,2,0,0,1,1,2,2,5,Not at intersection,3,50,Local Road,30-39,Other injury,Bicyclists
T20230021901,9/18/2023,19:00:00,1,Collision with vehicle,2,Monday,137,LEFT TURN SIDESWIPE,2,38051,2,0,0,1,2,3,2,1,Cross intersection,3,60,Arterial Other,30-39,Other injury,Bicyclists
T20230021912,9/18/2023,15:34:00,1,Collision with vehicle,2,Monday,121,RIGHT THROUGH,1,38868,2,0,1,0,1,2,1,1,Cross intersection,2,60,Arterial Other,22-25,Serious injury,Bicyclists
T20230021916,9/11/2023,15:20:00,6,Vehicle overturned (no collision),1,Monday,174,OUT OF CONTROL ON CARRIAGEWAY (ON STRAIGHT),1,790399,1,0,0,1,0,1,2,5,Not at intersection,3,888,Local Road,13-15,Other injury,Bicyclists
T20230021923,9/18/2023,8:46:00,1,Collision with vehicle,1,Monday,110,CROSS TRAFFIC(INTERSECTIONS ONLY),1,44081,2,0,0,1,1,2,1,1,Cross intersection,3,50,Arterial Highway,22-25,Other injury,Bicyclists
T20230021940,9/19/2023,10:48:00,6,Vehicle overturned (no collision),2,Tuesday,184,OUT OF CONTROL ON CARRIAGEWAY (ON BEND),1,40282,1,0,0,1,0,1,1,1,Cross intersection,3,60,Arterial Other,40-49,Other injury,Bicyclists
T20230021956,9/19/2023,10:41:00,1,Collision with vehicle,3,Tuesday,113,RIGHT NEAR (INTERSECTIONS ONLY),1,72560,2,0,0,1,1,2,1,2,T intersection,3,60,Arterial Other,Unknown,Other injury,Bicyclists
T20230022002,9/20/2023,0:15:00,1,Collision with vehicle,4,Wednesday,163,VEHICLE STRIKES DOOR OF PARKED/STATIONARY VEHICLE,3,790320,2,0,0,1,1,2,1,5,Not at intersection,3,40,Local Road,50-59,Other injury,Bicyclists
T20230022009,9/13/2023,7:30:00,1,Collision with vehicle,4,Wednesday,119,OTHER ADJACENT (INTERSECTIONS ONLY),9,785455,2,0,0,1,1,2,2,2,T intersection,3,50,Local Road,30-39,Other injury,Bicyclists
T20230022019,9/19/2023,8:00:00,1,Collision with vehicle,2,Tuesday,116,LEFT NEAR (INTERSECTIONS ONLY),1,790389,2,0,0,1,1,2,2,2,T intersection,3,999,Local Road,30-39,Other injury,Bicyclists
T20230022020,9/20/2023,4:30:00,9,Other accident,3,Wednesday,179,OTHER ACCIDENTS-OFF STRAIGHT NOT INCLUDED IN DCAs 170-175,6,791249,1,0,1,0,0,1,2,5,Not at intersection,2,999,Local Road,22-25,Serious injury,Bicyclists
T20230022034,9/20/2023,6:41:00,1,Collision with vehicle,4,Wednesday,135,LANE CHANGE LEFT (NOT OVERTAKING),1,791246,2,0,1,0,1,2,1,5,Not at intersection,2,50,Local Road,18-21,Serious injury,Bicyclists
T20230022044,9/16/2023,18:30:00,8,No collision and no object struck,6,Saturday,174,OUT OF CONTROL ON CARRIAGEWAY (ON STRAIGHT),2,781264,2,0,1,0,1,2,2,1,Cross intersection,2,40,Arterial Other,30-39,Serious injury,Bicyclists
T20230022056,9/20/2023,15:22:00,1,Collision with vehicle,4,Wednesday,147,VEHICLE STRIKES ANOTHER VEH WHILE EMERGING FROM DRIVEWAY,1,69376,2,0,0,1,1,2,1,2,T intersection,3,50,Local Road,45424,Other injury,Bicyclists
T20230022115,9/21/2023,8:08:00,1,Collision with vehicle,5,Thursday,137,LEFT TURN SIDESWIPE,1,116,2,0,1,1,1,3,1,1,Cross intersection,2,40,Local Road,40-49,Serious injury,Bicyclists
T20230022153,9/21/2023,17:52:00,1,Collision with vehicle,4,Thursday,121,RIGHT THROUGH,2,40189,2,0,0,1,1,2,1,2,T intersection,3,40,Arterial Other,30-39,Other injury,Bicyclists
T20230022186,9/21/2023,12:00:00,1,Collision with vehicle,5,Thursday,120,HEAD ON (NOT OVERTAKING),1,782184,2,0,1,0,1,2,1,5,Not at intersection,2,80,Uknown,30-39,Serious injury,Bicyclists
T20230022196,9/22/2023,8:20:00,1,Collision with vehicle,6,Friday,110,CROSS TRAFFIC(INTERSECTIONS ONLY),1,301594,2,0,1,0,1,2,1,1,Cross intersection,2,50,Local Road,40-49,Serious injury,Bicyclists
T20230022232,9/22/2023,11:59:00,1,Collision with vehicle,5,Friday,133,LANE SIDE SWIPE (VEHICLES IN PARALLEL LANES),1,800481,2,0,1,0,1,2,1,1,Cross intersection,2,60,Arterial Other,70+,Serious injury,Bicyclists
T20230022299,9/23/2023,13:45:00,1,Collision with vehicle,7,Saturday,137,LEFT TURN SIDESWIPE,1,36601,2,0,1,0,1,2,2,2,T intersection,2,999,Local Road,26-29,Serious injury,Bicyclists
T20230022330,9/23/2023,19:50:00,1,Collision with vehicle,7,Saturday,163,VEHICLE STRIKES DOOR OF PARKED/STATIONARY VEHICLE,3,783885,2,0,1,0,1,2,1,5,Not at intersection,2,40,Local Road,30-39,Serious injury,Bicyclists
T20230022361,9/24/2023,11:10:00,8,No collision and no object struck,1,Sunday,174,OUT OF CONTROL ON CARRIAGEWAY (ON STRAIGHT),1,53203,2,0,1,0,1,2,1,2,T intersection,2,60,Arterial Other,Unknown,Serious injury,Bicyclists
T20230022400,9/24/2023,15:50:00,1,Collision with vehicle,0,Sunday,130,REAR END(VEHICLES IN SAME LANE),1,805765,2,0,0,1,1,2,2,2,T intersection,3,50,Local Road,0-4,Other injury,Bicyclists
T20230022417,9/25/2023,10:00:00,1,Collision with vehicle,1,Monday,112,LEFT FAR (INTERSECTIONS ONLY),1,57468,2,0,1,0,1,2,1,2,T intersection,2,40,Local Road,65-69,Serious injury,Bicyclists
T20230022424,9/25/2023,9:14:00,1,Collision with vehicle,2,Monday,147,VEHICLE STRIKES ANOTHER VEH WHILE EMERGING FROM DRIVEWAY,1,790616,2,0,1,0,1,2,1,5,Not at intersection,2,777,Arterial Other,13-15,Serious injury,Bicyclists
T20230022436,9/25/2023,10:05:00,1,Collision with vehicle,2,Monday,136,RIGHT TURN SIDESWIPE,1,781766,2,0,1,0,1,2,1,2,T intersection,2,60,Arterial Other,60-64,Serious injury,Bicyclists
T20230022456,9/21/2023,18:30:00,1,Collision with vehicle,5,Thursday,163,VEHICLE STRIKES DOOR OF PARKED/STATIONARY VEHICLE,9,790280,2,0,1,0,1,2,2,5,Not at intersection,2,999,Arterial Other,30-39,Serious injury,Bicyclists
T20230022468,9/25/2023,17:15:00,1,Collision with vehicle,1,Monday,137,LEFT TURN SIDESWIPE,1,781874,2,0,0,1,1,2,2,5,Not at intersection,3,40,Local Road,22-25,Other injury,Bicyclists
T20230022489,9/17/2023,12:10:00,1,Collision with vehicle,0,Sunday,112,LEFT FAR (INTERSECTIONS ONLY),1,29404,2,0,0,1,1,2,1,1,Cross intersection,3,80,Arterial Other,30-39,Other injury,Bicyclists
T20230022490,9/14/2023,19:18:00,1,Collision with vehicle,5,Thursday,121,RIGHT THROUGH,3,41249,2,0,1,0,1,2,1,1,Cross intersection,2,60,Arterial Other,18-21,Serious injury,Bicyclists
T20230022504,8/23/2023,8:00:00,1,Collision with vehicle,4,Wednesday,160,VEHICLE COLLIDES WITH VEHICLE PARKED ON LEFT OF ROAD,1,789277,2,0,0,1,0,1,2,5,Not at intersection,3,50,Local Road,50-59,Other injury,Bicyclists
T20230022509,9/26/2023,7:32:00,1,Collision with vehicle,2,Tuesday,130,REAR END(VEHICLES IN SAME LANE),1,35991,2,0,0,1,1,2,1,1,Cross intersection,3,40,Local Road,40-49,Other injury,Bicyclists
T20230022538,7/15/2023,23:15:00,1,Collision with vehicle,6,Saturday,163,VEHICLE STRIKES DOOR OF PARKED/STATIONARY VEHICLE,6,787513,2,0,0,1,1,2,2,5,Not at intersection,3,999,Uknown,30-39,Other injury,Bicyclists
T20230022551,9/26/2023,17:44:00,1,Collision with vehicle,3,Tuesday,133,LANE SIDE SWIPE (VEHICLES IN PARALLEL LANES),2,791837,3,0,2,0,2,4,1,5,Not at intersection,2,100,Local Road,40-49,Serious injury,Bicyclists
T20230022576,9/21/2023,7:40:00,1,Collision with vehicle,4,Thursday,116,LEFT NEAR (INTERSECTIONS ONLY),1,44079,2,0,0,1,1,2,2,2,T intersection,3,50,Uknown,40-49,Other injury,Bicyclists
T20230022599,9/25/2023,16:05:00,4,Collision with a fixed object,1,Monday,181,OFF RIGHT BEND INTO OBJECT/PARKED VEHICLE,1,114300,2,0,0,1,1,2,2,5,Not at intersection,3,50,Local Road,22-25,Other injury,Bicyclists
T20230022624,8/20/2023,16:43:00,1,Collision with vehicle,0,Sunday,137,LEFT TURN SIDESWIPE,1,781771,2,0,0,1,1,2,2,2,T intersection,3,60,Arterial Other,30-39,Other injury,Bicyclists
T20230022628,9/27/2023,17:15:00,2,Struck Pedestrian,3,Wednesday,108,PED STRUCK WALKING TO/FROM OR BOARDING/ALIGHTING VEHICLE.,1,29427,2,0,0,1,2,3,2,1,Cross intersection,3,40,Local Road,60-64,Other injury,Bicyclists
T20230022638,9/27/2023,8:00:00,1,Collision with vehicle,3,Wednesday,137,LEFT TURN SIDESWIPE,1,29887,2,0,0,1,1,2,2,1,Cross intersection,3,60,Arterial Highway,40-49,Other injury,Bicyclists
T20230022647,9/27/2023,16:10:00,1,Collision with vehicle,4,Wednesday,148,VEHICLE OFF FOOTPATH STRIKES VEH ON CARRIAGEWAY,1,250019,2,0,1,0,1,2,1,1,Cross intersection,2,40,Arterial Other,30-39,Serious injury,Bicyclists
T20230022666,9/13/2023,16:45:00,1,Collision with vehicle,3,Wednesday,110,CROSS TRAFFIC(INTERSECTIONS ONLY),1,42223,2,0,0,1,1,2,2,1,Cross intersection,3,50,Local Road,30-39,Other injury,Bicyclists
T20230022674,9/23/2023,19:50:00,1,Collision with vehicle,7,Saturday,133,LANE SIDE SWIPE (VEHICLES IN PARALLEL LANES),3,36430,2,0,0,1,1,2,2,1,Cross intersection,3,40,Arterial Other,22-25,Other injury,Bicyclists
T20230022678,9/28/2023,11:55:00,1,Collision with vehicle,5,Thursday,163,VEHICLE STRIKES DOOR OF PARKED/STATIONARY VEHICLE,1,306171,2,0,1,0,1,2,2,5,Not at intersection,2,50,Local Road,18-21,Serious injury,Bicyclists
T20230022688,9/27/2023,9:45:00,2,Struck Pedestrian,4,Wednesday,106,VEH STRIKES PED ON FOOTPATH/MEDIAN/TRAFFIC ISLAND.,1,790981,1,0,0,1,1,2,2,5,Not at intersection,3,50,Local Road,Unknown,Not injured,Bicyclists
T20230022701,9/28/2023,12:35:00,8,No collision and no object struck,4,Thursday,179,OTHER ACCIDENTS-OFF STRAIGHT NOT INCLUDED IN DCAs 170-175,1,781897,1,0,0,1,0,1,1,5,Not at intersection,3,50,Local Road,Unknown,Other injury,Not Known
T20230022741,9/28/2023,21:55:00,1,Collision with vehicle,4,Thursday,163,VEHICLE STRIKES DOOR OF PARKED/STATIONARY VEHICLE,3,782497,2,0,0,1,1,2,1,5,Not at intersection,3,40,Arterial Highway,30-39,Other injury,Bicyclists
T20230022769,8/27/2023,17:26:00,1,Collision with vehicle,1,Sunday,137,LEFT TURN SIDESWIPE,2,39195,2,0,1,0,1,2,1,1,Cross intersection,2,60,Arterial Other,50-59,Serious injury,Bicyclists
T20230022770,9/24/2023,10:00:00,1,Collision with vehicle,1,Sunday,110,CROSS TRAFFIC(INTERSECTIONS ONLY),1,35884,2,0,0,1,1,2,2,1,Cross intersection,3,999,Local Road,30-39,Other injury,Bicyclists
T20230022849,9/30/2023,9:47:00,1,Collision with vehicle,6,Saturday,121,RIGHT THROUGH,1,782005,2,0,0,1,1,2,1,5,Not at intersection,3,50,Local Road,50-59,Other injury,Bicyclists
T20230022872,9/30/2023,10:20:00,1,Collision with vehicle,6,Saturday,111,RIGHT FAR (INTERSECTIONS ONLY),1,39897,2,0,0,1,1,2,2,1,Cross intersection,3,60,Arterial Other,30-39,Other injury,Bicyclists
T20230022875,9/30/2023,7:40:00,1,Collision with vehicle,7,Saturday,137,LEFT TURN SIDESWIPE,1,40082,2,0,1,0,1,2,2,2,T intersection,2,60,Arterial Other,18-21,Serious injury,Bicyclists
T20230022922,10/1/2023,16:45:00,1,Collision with vehicle,0,Sunday,133,LANE SIDE SWIPE (VEHICLES IN PARALLEL LANES),1,15488,2,0,0,1,1,2,2,1,Cross intersection,3,60,Local Road,40-49,Other injury,Bicyclists
T20230022930,9/29/2023,9:00:00,1,Collision with vehicle,6,Friday,137,LEFT TURN SIDESWIPE,1,784089,2,0,0,1,1,2,2,5,Not at intersection,3,60,Arterial Other,40-49,Other injury,Bicyclists
T20230022955,10/2/2023,9:30:00,1,Collision with vehicle,1,Monday,147,VEHICLE STRIKES ANOTHER VEH WHILE EMERGING FROM DRIVEWAY,1,790619,2,0,0,1,1,2,1,5,Not at intersection,3,50,Arterial Highway,65-69,Other injury,Bicyclists
T20230022979,9/15/2023,14:15:00,2,Struck Pedestrian,5,Friday,102,FAR SIDE. PED HIT BY VEHICLE FROM THE LEFT,1,35363,1,0,0,1,1,2,2,1,Cross intersection,3,777,Local Road,Unknown,Not injured,Bicyclists
T20230023006,10/2/2023,16:30:00,1,Collision with vehicle,1,Monday,116,LEFT NEAR (INTERSECTIONS ONLY),1,29979,2,0,0,1,1,2,1,1,Cross intersection,3,60,Arterial Highway,30-39,Other injury,Bicyclists
T20230023010,8/22/2023,11:30:00,1,Collision with vehicle,2,Tuesday,120,HEAD ON (NOT OVERTAKING),9,782067,2,0,0,1,1,2,2,2,T intersection,3,50,Local Road,30-39,Not injured,Drivers
T20230023033,10/2/2023,18:20:00,1,Collision with vehicle,2,Monday,148,VEHICLE OFF FOOTPATH STRIKES VEH ON CARRIAGEWAY,2,650875,2,0,0,1,1,2,1,2,T intersection,3,999,Arterial Other,13-15,Other injury,Bicyclists
T20230023095,9/30/2023,10:30:00,1,Collision with vehicle,6,Saturday,116,LEFT NEAR (INTERSECTIONS ONLY),1,800561,2,0,0,1,2,3,2,2,T intersection,3,50,Local Road,40-49,Other injury,Bicyclists
T20230023104,9/30/2023,16:40:00,1,Collision with vehicle,6,Saturday,147,VEHICLE STRIKES ANOTHER VEH WHILE EMERGING FROM DRIVEWAY,1,791228,2,0,0,1,1,2,2,5,Not at intersection,3,999,Arterial Other,Unknown,Not injured,Drivers
T20230023141,10/4/2023,8:44:00,1,Collision with vehicle,3,Wednesday,142,LEAVING PARKING,1,805549,2,0,1,0,1,2,1,2,T intersection,2,40,Local Road,40-49,Serious injury,Bicyclists
T20230023166,10/4/2023,14:19:00,1,Collision with vehicle,4,Wednesday,113,RIGHT NEAR (INTERSECTIONS ONLY),1,784673,2,0,1,0,1,2,1,2,T intersection,2,60,Local Road,22-25,Serious injury,Bicyclists
T20230023172,10/4/2023,8:20:00,1,Collision with vehicle,4,Wednesday,110,CROSS TRAFFIC(INTERSECTIONS ONLY),1,300857,2,0,1,0,1,2,1,1,Cross intersection,2,50,Local Road,40-49,Serious injury,Bicyclists
T20230023229,7/7/2023,10:31:00,1,Collision with vehicle,5,Friday,110,CROSS TRAFFIC(INTERSECTIONS ONLY),1,39805,2,0,0,1,1,2,2,1,Cross intersection,3,60,Local Road,70+,Other injury,Bicyclists
T20230023232,9/4/2023,9:00:00,7,Fall from or in moving vehicle,1,Monday,190,FELL IN/FROM VEHICLE,1,789682,1,0,0,1,0,1,2,5,Not at intersection,3,40,Arterial Other,40-49,Other injury,Bicyclists
T20230023255,10/5/2023,15:30:00,5,collision with some other object,4,Thursday,191,LOAD OR MISSILE STRUCK VEHICLE,1,793973,2,0,1,0,0,1,1,5,Not at intersection,2,60,Arterial Other,30-39,Serious injury,Bicyclists
T20230023262,9/18/2023,18:30:00,6,Vehicle overturned (no collision),1,Monday,174,OUT OF CONTROL ON CARRIAGEWAY (ON STRAIGHT),9,782369,2,0,0,1,0,1,2,5,Not at intersection,3,999,Local Road,50-59,Other injury,Bicyclists
T20230023350,10/6/2023,17:10:00,1,Collision with vehicle,5,Friday,137,LEFT TURN SIDESWIPE,1,789430,2,0,1,0,1,2,1,2,T intersection,2,40,Local Road,30-39,Serious injury,Bicyclists
T20230023356,10/1/2023,11:05:00,8,No collision and no object struck,1,Sunday,174,OUT OF CONTROL ON CARRIAGEWAY (ON STRAIGHT),1,796256,1,1,0,0,0,1,1,5,Not at intersection,1,70,Arterial Highway,70+,Fatality,Bicyclists
T20230023366,9/25/2023,11:40:00,1,Collision with vehicle,2,Monday,112,LEFT FAR (INTERSECTIONS ONLY),1,291434,2,0,1,0,1,2,2,1,Cross intersection,2,60,Arterial Other,Unknown,Serious injury,Bicyclists
T20230023395,9/4/2023,14:40:00,1,Collision with vehicle,2,Monday,112,LEFT FAR (INTERSECTIONS ONLY),1,51124,2,0,0,1,1,2,2,2,T intersection,3,60,Local Road,65-69,Other injury,Bicyclists
T20230023436,10/7/2023,21:30:00,1,Collision with vehicle,6,Saturday,121,RIGHT THROUGH,3,36459,2,0,0,1,1,2,1,1,Cross intersection,3,60,Arterial Other,26-29,Other injury,Bicyclists
T20230023456,10/8/2023,8:15:00,1,Collision with vehicle,1,Sunday,120,HEAD ON (NOT OVERTAKING),1,40213,2,0,1,0,1,2,1,2,T intersection,2,70,Arterial Highway,26-29,Serious injury,Bicyclists
T20230023507,10/9/2023,7:00:00,1,Collision with vehicle,2,Monday,137,LEFT TURN SIDESWIPE,1,336308,2,0,0,1,1,2,1,1,Cross intersection,3,60,Arterial Highway,50-59,Other injury,Bicyclists
T20230023516,10/9/2023,8:24:00,1,Collision with vehicle,1,Monday,137,LEFT TURN SIDESWIPE,1,782626,2,0,0,1,1,2,1,1,Cross intersection,3,60,Arterial Other,30-39,Other injury,Bicyclists
T20230023574,10/9/2023,17:39:00,1,Collision with vehicle,2,Monday,149,OTHER MANOEUVRING NOT INCLUDED IN DCAs 140-148,1,782734,2,0,0,1,1,2,1,5,Not at intersection,3,50,Uknown,45424,Other injury,Bicyclists
T20230023579,10/9/2023,16:50:00,1,Collision with vehicle,1,Monday,148,VEHICLE OFF FOOTPATH STRIKES VEH ON CARRIAGEWAY,1,105319,2,0,0,1,1,2,1,5,Not at intersection,3,40,Local Road,30-39,Other injury,Bicyclists
T20230023590,10/8/2023,11:40:00,1,Collision with vehicle,0,Sunday,130,REAR END(VEHICLES IN SAME LANE),1,38073,2,0,0,1,1,2,2,1,Cross intersection,3,60,Arterial Other,30-39,Other injury,Bicyclists
T20230023596,10/10/2023,9:38:00,1,Collision with vehicle,3,Tuesday,136,RIGHT TURN SIDESWIPE,1,782631,2,0,1,0,1,2,1,2,T intersection,2,60,Arterial Other,40-49,Serious injury,Bicyclists
T20230023602,9/27/2023,6:22:00,1,Collision with vehicle,3,Wednesday,113,RIGHT NEAR (INTERSECTIONS ONLY),1,43103,2,0,0,1,1,2,1,2,T intersection,3,60,Local Road,30-39,Other injury,Bicyclists
T20230023606,10/9/2023,15:30:00,1,Collision with vehicle,2,Monday,134,LANE CHANGE RIGHT (NOT OVERTAKING),1,801653,2,0,1,0,1,2,2,5,Not at intersection,2,40,Arterial Other,22-25,Serious injury,Bicyclists
T20230023632,10/10/2023,9:00:00,1,Collision with vehicle,2,Tuesday,163,VEHICLE STRIKES DOOR OF PARKED/STATIONARY VEHICLE,1,785257,2,0,0,1,1,2,2,5,Not at intersection,3,999,Local Road,40-49,Other injury,Bicyclists
T20230023638,10/10/2023,15:16:00,1,Collision with vehicle,3,Tuesday,152,PULLING OUT (OVERTAKING),1,795060,2,0,0,1,1,2,1,5,Not at intersection,3,50,Local Road,50-59,Other injury,Bicyclists
T20230023641,9/11/2023,6:30:00,6,Vehicle overturned (no collision),1,Monday,174,OUT OF CONTROL ON CARRIAGEWAY (ON STRAIGHT),1,397,1,0,0,1,0,1,2,2,T intersection,3,40,Arterial Other,50-59,Other injury,Bicyclists
T20230023699,10/11/2023,8:30:00,1,Collision with vehicle,3,Wednesday,110,CROSS TRAFFIC(INTERSECTIONS ONLY),1,45638,2,0,0,1,1,2,1,1,Cross intersection,3,40,Arterial Other,65-69,Other injury,Bicyclists
T20230023710,10/11/2023,13:30:00,1,Collision with vehicle,4,Wednesday,121,RIGHT THROUGH,1,29694,2,0,1,0,2,3,1,2,T intersection,2,60,Arterial Other,22-25,Serious injury,Bicyclists
T20230023712,10/10/2023,17:00:00,1,Collision with vehicle,2,Tuesday,163,VEHICLE STRIKES DOOR OF PARKED/STATIONARY VEHICLE,1,782742,2,0,0,1,1,2,2,5,Not at intersection,3,60,Arterial Other,40-49,Other injury,Bicyclists
T20230023722,10/11/2023,17:00:00,8,No collision and no object struck,3,Wednesday,151,OUT OF CONTROL (OVERTAKING),2,786178,2,0,0,1,1,2,2,5,Not at intersection,3,50,Local Road,26-29,Other injury,Bicyclists
T20230023724,10/10/2023,8:30:00,1,Collision with vehicle,2,Tuesday,163,VEHICLE STRIKES DOOR OF PARKED/STATIONARY VEHICLE,1,789399,2,0,1,0,2,3,2,5,Not at intersection,2,40,Arterial Other,30-39,Serious injury,Bicyclists
T20230023744,10/11/2023,15:43:00,1,Collision with vehicle,3,Wednesday,135,LANE CHANGE LEFT (NOT OVERTAKING),1,783506,2,0,0,1,1,2,1,5,Not at intersection,3,40,Arterial Other,30-39,Other injury,Bicyclists
T20230023752,10/10/2023,18:54:00,1,Collision with vehicle,3,Tuesday,130,REAR END(VEHICLES IN SAME LANE),3,791686,2,0,0,1,1,2,2,5,Not at intersection,3,50,Arterial Highway,18-21,Other injury,Bicyclists
T20230023769,10/14/2022,9:45:00,1,Collision with vehicle,6,Friday,140,U TURN,1,792762,2,0,0,1,1,2,1,2,T intersection,3,50,Local Road,30-39,Other injury,Bicyclists
T20230023773,9/27/2023,7:20:00,1,Collision with vehicle,3,Wednesday,147,VEHICLE STRIKES ANOTHER VEH WHILE EMERGING FROM DRIVEWAY,1,795918,2,0,0,2,0,2,2,2,T intersection,3,999,Arterial Other,60-64,Other injury,Bicyclists
T20230023783,10/12/2023,13:32:00,1,Collision with vehicle,4,Thursday,148,VEHICLE OFF FOOTPATH STRIKES VEH ON CARRIAGEWAY,1,35577,2,0,1,0,1,2,1,2,T intersection,2,60,Arterial Other,Unknown,Serious injury,Bicyclists
T20230023838,10/12/2023,16:59:00,1,Collision with vehicle,4,Thursday,137,LEFT TURN SIDESWIPE,1,224040,2,0,0,1,1,2,1,2,T intersection,3,50,Arterial Other,26-29,Other injury,Bicyclists
T20230023855,9/26/2023,8:45:00,1,Collision with vehicle,2,Tuesday,122,LEFT THROUGH,1,42919,2,0,0,1,1,2,2,2,T intersection,3,60,Arterial Other,70+,Other injury,Bicyclists
T20230023871,10/5/2023,6:55:00,6,Vehicle overturned (no collision),4,Thursday,174,OUT OF CONTROL ON CARRIAGEWAY (ON STRAIGHT),1,782940,1,0,0,1,0,1,2,5,Not at intersection,3,50,Uknown,40-49,Other injury,Bicyclists
T20230023892,10/10/2023,6:25:00,1,Collision with vehicle,2,Tuesday,123,RIGHT/LEFT. ONE VEH TURNING RIGHT THE OTHER LEFT.,2,36709,2,0,0,1,1,2,2,1,Cross intersection,3,999,Arterial Other,26-29,Other injury,Bicyclists