ACCIDENT_NO,ACCIDENT_DATE,ACCIDENT_TIME,ACCIDENT_TYPE,ACCIDENT_TYPE_DESC,DAY_OF_WEEK,DAY_WEEK_DESC,DCA_CODE,DCA_DESC,LIGHT_CONDITION,NODE_ID,NO_OF_VEHICLES,NO_PERSONS_KILLED,NO_PERSONS_INJ_2,NO_PERSONS_INJ_3,NO_PERSONS_NOT_INJ,NO_PERSONS,POLICE_ATTEND,ROAD_GEOMETRY,ROAD_GEOMETRY_DESC,SEVERITY,SPEED_ZONE,RMA,AGE_GROUP,INJ_LEVEL,ROAD_USER_TYPE_DESC
T20230023893,10/3/2023,20:30:00,2,Struck Pedestrian,2,Tuesday,100,PED NEAR SIDE. PED HIT BY VEHICLE FROM THE RIGHT.,6,782955,1,0,0,1,1,2,2,5,Not at intersection,3,999,Local Road,Unknown,Not injured,Bicyclists
T20230023899,9/6/2023,18:30:00,1,Collision with vehicle,3,Wednesday,130,REAR END(VEHICLES IN SAME LANE),3,798649,2,0,0,2,0,2,2,5,Not at intersection,3,60,Uknown,30-39,Other injury,Bicyclists
T20230023906,10/12/2023,21:00:00,1,Collision with vehicle,4,Thursday,121,RIGHT THROUGH,3,791243,2,0,0,1,1,2,2,2,T intersection,3,50,Uknown,18-21,Other injury,Bicyclists
T20230023936,10/10/2023,19:07:00,1,Collision with vehicle,2,Tuesday,110,CROSS TRAFFIC(INTERSECTIONS ONLY),2,68714,2,0,0,1,1,2,1,1,Cross intersection,3,50,Local Road,40-49,Other injury,Bicyclists
T20230023946,10/14/2023,9:19:00,6,Vehicle overturned (no collision),6,Saturday,174,OUT OF CONTROL ON CARRIAGEWAY (ON STRAIGHT),1,783316,1,0,0,1,0,1,1,5,Not at intersection,3,40,Local Road,30-39,Other injury,Bicyclists
T20230023948,10/13/2023,17:30:00,1,Collision with vehicle,6,Friday,137,LEFT TURN SIDESWIPE,9,267839,2,0,0,1,1,2,2,5,Not at intersection,3,999,Arterial Other,26-29,Other injury,Bicyclists
T20230023949,10/14/2023,10:35:00,1,Collision with vehicle,6,Saturday,148,VEHICLE OFF FOOTPATH STRIKES VEH ON CARRIAGEWAY,1,803785,2,0,1,0,1,2,1,2,T intersection,2,60,Local Road,60-64,Serious injury,Bicyclists
T20230023951,9/12/2023,17:49:00,1,Collision with vehicle,2,Tuesday,121,RIGHT THROUGH,9,783207,2,0,1,0,1,2,2,5,Not at intersection,2,999,Arterial Other,30-39,Serious injury,Bicyclists
T20230023959,10/14/2023,13:40:00,1,Collision with vehicle,7,Saturday,163,VEHICLE STRIKES DOOR OF PARKED/STATIONARY VEHICLE,1,791222,2,0,0,1,1,2,2,5,Not at intersection,3,40,Local Road,18-21,Other injury,Bicyclists
T20230024000,10/15/2023,1:13:00,1,Collision with vehicle,0,Sunday,135,LANE CHANGE LEFT (NOT OVERTAKING),3,799083,2,0,0,1,1,2,2,5,Not at intersection,3,40,Local Road,22-25,Other injury,Bicyclists
T20230024033,10/13/2023,10:05:00,1,Collision with vehicle,6,Friday,137,LEFT TURN SIDESWIPE,1,67604,2,0,1,0,1,2,2,2,T intersection,2,60,Arterial Other,50-59,Serious injury,Bicyclists
T20230024056,9/2/2023,12:50:00,1,Collision with vehicle,6,Saturday,133,LANE SIDE SWIPE (VEHICLES IN PARALLEL LANES),1,691622,2,0,0,1,1,2,1,5,Not at intersection,3,60,Local Road,65-69,Other injury,Bicyclists
T20230024082,10/16/2023,8:00:00,1,Collision with vehicle,1,Monday,163,VEHICLE STRIKES DOOR OF PARKED/STATIONARY VEHICLE,1,783320,2,0,0,1,1,2,1,5,Not at intersection,3,50,Local Road,40-49,Other injury,Bicyclists
T20230024107,10/12/2023,7:50:00,1,Collision with vehicle,5,Thursday,137,LEFT TURN SIDESWIPE,1,74274,2,0,1,0,1,2,2,1,Cross intersection,2,60,Arterial Other,50-59,Serious injury,Bicyclists
T20230024133,10/16/2023,17:45:00,8,No collision and no object struck,2,Monday,174,OUT OF CONTROL ON CARRIAGEWAY (ON STRAIGHT),1,791665,1,0,0,1,0,1,1,5,Not at intersection,3,888,Local Road,30-39,Other injury,Bicyclists
T20230024160,9/22/2023,16:10:00,1,Collision with vehicle,5,Friday,135,LANE CHANGE LEFT (NOT OVERTAKING),1,41831,2,0,0,1,1,2,2,1,Cross intersection,3,80,Arterial Other,30-39,Other injury,Bicyclists
T20230024185,10/15/2023,6:50:00,1,Collision with vehicle,0,Sunday,113,RIGHT NEAR (INTERSECTIONS ONLY),1,791497,2,0,0,1,1,2,2,2,T intersection,3,80,Arterial Highway,50-59,Other injury,Bicyclists
T20230024196,10/16/2023,8:00:00,1,Collision with vehicle,1,Monday,133,LANE SIDE SWIPE (VEHICLES IN PARALLEL LANES),1,791668,2,0,0,1,1,2,2,5,Not at intersection,3,40,Arterial Other,50-59,Other injury,Bicyclists
T20230024210,10/17/2023,15:28:00,1,Collision with vehicle,3,Tuesday,148,VEHICLE OFF FOOTPATH STRIKES VEH ON CARRIAGEWAY,1,784098,2,0,0,1,2,3,1,2,T intersection,3,50,Local Road,22-25,Other injury,Bicyclists
T20230024256,10/5/2023,21:45:00,1,Collision with vehicle,4,Thursday,148,VEHICLE OFF FOOTPATH STRIKES VEH ON CARRIAGEWAY,6,783322,2,0,0,1,1,2,1,5,Not at intersection,3,999,Local Road,50-59,Other injury,Bicyclists
T20230024259,9/21/2023,9:30:00,1,Collision with vehicle,4,Thursday,131,LEFT REAR,1,29387,2,0,0,1,2,3,1,1,Cross intersection,3,60,Arterial Other,50-59,Other injury,Bicyclists
T20230024268,10/18/2023,8:45:00,1,Collision with vehicle,4,Wednesday,148,VEHICLE OFF FOOTPATH STRIKES VEH ON CARRIAGEWAY,1,70330,2,0,0,1,1,2,1,2,T intersection,3,50,Arterial Other,70+,Other injury,Bicyclists
T20230024288,10/17/2023,17:40:00,1,Collision with vehicle,3,Tuesday,163,VEHICLE STRIKES DOOR OF PARKED/STATIONARY VEHICLE,1,311223,2,0,1,0,1,2,2,5,Not at intersection,2,40,Arterial Other,40-49,Serious injury,Bicyclists
T20230024300,10/17/2023,7:20:00,1,Collision with vehicle,2,Tuesday,147,VEHICLE STRIKES ANOTHER VEH WHILE EMERGING FROM DRIVEWAY,9,790023,2,0,0,1,1,2,2,5,Not at intersection,3,999,Local Road,50-59,Other injury,Bicyclists
T20230024313,10/18/2023,18:20:00,1,Collision with vehicle,4,Wednesday,137,LEFT TURN SIDESWIPE,1,42619,2,0,1,0,2,3,1,1,Cross intersection,2,60,Arterial Other,50-59,Serious injury,Bicyclists
T20230024364,10/16/2023,8:50:00,1,Collision with vehicle,1,Monday,163,VEHICLE STRIKES DOOR OF PARKED/STATIONARY VEHICLE,1,783438,2,0,0,1,1,2,2,5,Not at intersection,3,40,Local Road,30-39,Other injury,Bicyclists
T20230024419,10/19/2023,18:52:00,1,Collision with vehicle,4,Thursday,135,LANE CHANGE LEFT (NOT OVERTAKING),1,776251,2,0,0,1,1,2,1,5,Not at intersection,3,40,Local Road,30-39,Other injury,Bicyclists
T20230024423,10/19/2023,23:30:00,1,Collision with vehicle,4,Thursday,110,CROSS TRAFFIC(INTERSECTIONS ONLY),6,301954,2,0,0,1,2,3,1,1,Cross intersection,3,50,Local Road,30-39,Other injury,Bicyclists
T20230024425,9/14/2023,11:55:00,1,Collision with vehicle,5,Thursday,148,VEHICLE OFF FOOTPATH STRIKES VEH ON CARRIAGEWAY,1,783441,2,0,1,0,1,2,1,2,T intersection,2,50,Local Road,40-49,Serious injury,Bicyclists
T20230024436,10/20/2023,5:10:00,1,Collision with vehicle,5,Friday,133,LANE SIDE SWIPE (VEHICLES IN PARALLEL LANES),2,805573,2,0,1,0,1,2,2,1,Cross intersection,2,60,Arterial Other,50-59,Serious injury,Bicyclists
T20230024452,10/20/2023,11:20:00,1,Collision with vehicle,6,Friday,160,VEHICLE COLLIDES WITH VEHICLE PARKED ON LEFT OF ROAD,1,789623,2,0,1,0,0,1,1,5,Not at intersection,2,60,Arterial Other,65-69,Serious injury,Bicyclists
T20230024463,10/20/2023,8:49:00,1,Collision with vehicle,5,Friday,148,VEHICLE OFF FOOTPATH STRIKES VEH ON CARRIAGEWAY,1,43001,2,0,0,1,1,2,1,2,T intersection,3,50,Arterial Other,18-21,Other injury,Bicyclists
T20230024471,10/18/2023,6:55:00,1,Collision with vehicle,3,Wednesday,130,REAR END(VEHICLES IN SAME LANE),2,38562,2,0,1,0,1,2,2,2,T intersection,2,60,Arterial Other,40-49,Serious injury,Bicyclists
T20230024553,10/20/2023,11:25:00,1,Collision with vehicle,6,Friday,110,CROSS TRAFFIC(INTERSECTIONS ONLY),1,29458,2,0,0,1,0,1,2,1,Cross intersection,3,999,Local Road,70+,Other injury,Bicyclists
T20230024557,10/21/2023,11:33:00,1,Collision with vehicle,7,Saturday,110,CROSS TRAFFIC(INTERSECTIONS ONLY),1,784475,2,0,1,0,1,2,1,1,Cross intersection,2,50,Local Road,50-59,Serious injury,Bicyclists
T20230024576,10/18/2023,6:50:00,1,Collision with vehicle,4,Wednesday,142,LEAVING PARKING,2,792070,2,0,0,1,1,2,2,5,Not at intersection,3,60,Arterial Other,22-25,Other injury,Bicyclists
T20230024595,10/2/2023,11:30:00,1,Collision with vehicle,1,Monday,133,LANE SIDE SWIPE (VEHICLES IN PARALLEL LANES),9,783660,2,0,0,1,1,2,2,5,Not at intersection,3,40,Local Road,60-64,Other injury,Bicyclists
T20230024615,10/22/2023,1:27:00,1,Collision with vehicle,0,Sunday,160,VEHICLE COLLIDES WITH VEHICLE PARKED ON LEFT OF ROAD,3,792574,2,0,0,1,1,2,2,5,Not at intersection,3,40,Arterial Other,30-39,Other injury,Bicyclists
T20230024631,10/18/2023,5:45:00,1,Collision with vehicle,3,Wednesday,133,LANE SIDE SWIPE (VEHICLES IN PARALLEL LANES),2,805587,2,0,1,0,1,2,2,1,Cross intersection,2,50,Arterial Highway,50-59,Serious injury,Bicyclists
T20230024648,10/21/2023,12:10:00,1,Collision with vehicle,7,Saturday,147,VEHICLE STRIKES ANOTHER VEH WHILE EMERGING FROM DRIVEWAY,1,783568,2,0,0,1,1,2,2,5,Not at intersection,3,50,Uknown,13-15,Other injury,Bicyclists
T20230024675,10/22/2023,20:40:00,1,Collision with vehicle,1,Sunday,137,LEFT TURN SIDESWIPE,3,37600,2,0,1,0,1,2,1,1,Cross intersection,2,60,Arterial Other,22-25,Serious injury,Bicyclists
T20230024690,10/18/2023,16:30:00,1,Collision with vehicle,4,Wednesday,139,OTHER SAME DIRECTION-MANOUEVRES NOT INCLUDED IN DCAs 130-137,1,36629,2,0,0,1,1,2,2,1,Cross intersection,3,40,Local Road,30-39,Other injury,Bicyclists
T20230024717,10/23/2023,8:00:00,6,Vehicle overturned (no collision),1,Monday,174,OUT OF CONTROL ON CARRIAGEWAY (ON STRAIGHT),1,208317,1,0,0,1,0,1,1,5,Not at intersection,3,40,Arterial Other,50-59,Other injury,Bicyclists
T20230024747,10/13/2023,8:30:00,8,No collision and no object struck,5,Friday,184,OUT OF CONTROL ON CARRIAGEWAY (ON BEND),1,61113,1,0,1,0,0,1,2,2,T intersection,2,50,Local Road,30-39,Serious injury,Bicyclists
T20230024749,10/23/2023,16:29:00,1,Collision with vehicle,1,Monday,148,VEHICLE OFF FOOTPATH STRIKES VEH ON CARRIAGEWAY,1,785272,2,0,0,1,3,4,1,2,T intersection,3,50,Local Road,13-15,Other injury,Bicyclists
T20230024820,10/20/2023,17:30:00,1,Collision with vehicle,6,Friday,147,VEHICLE STRIKES ANOTHER VEH WHILE EMERGING FROM DRIVEWAY,1,783896,2,0,0,1,1,2,2,5,Not at intersection,3,50,Arterial Other,40-49,Other injury,Bicyclists
T20230024836,10/24/2023,16:01:00,4,Collision with a fixed object,3,Tuesday,179,OTHER ACCIDENTS-OFF STRAIGHT NOT INCLUDED IN DCAs 170-175,1,784733,1,0,1,0,0,1,1,5,Not at intersection,2,60,Local Road,26-29,Serious injury,Bicyclists
T20230024843,10/24/2023,17:05:00,1,Collision with vehicle,2,Tuesday,137,LEFT TURN SIDESWIPE,1,783787,2,0,0,1,1,2,1,5,Not at intersection,3,60,Arterial Other,50-59,Other injury,Bicyclists
T20230024844,10/24/2023,14:58:00,1,Collision with vehicle,2,Tuesday,130,REAR END(VEHICLES IN SAME LANE),1,792264,2,0,0,1,1,2,1,5,Not at intersection,3,60,Local Road,60-64,Other injury,Bicyclists
T20230024859,10/24/2023,7:50:00,1,Collision with vehicle,2,Tuesday,130,REAR END(VEHICLES IN SAME LANE),1,29358,2,0,0,1,1,2,2,1,Cross intersection,3,999,Local Road,30-39,Other injury,Bicyclists
T20230024876,10/24/2023,19:45:00,1,Collision with vehicle,2,Tuesday,137,LEFT TURN SIDESWIPE,3,238,2,0,0,1,1,2,1,1,Cross intersection,3,40,Local Road,26-29,Other injury,Bicyclists
T20230024887,10/25/2023,1:00:00,1,Collision with vehicle,3,Wednesday,148,VEHICLE OFF FOOTPATH STRIKES VEH ON CARRIAGEWAY,3,35355,2,0,0,1,1,2,1,1,Cross intersection,3,40,Local Road,22-25,Other injury,Bicyclists
T20230024903,10/25/2023,9:15:00,5,collision with some other object,3,Wednesday,198,OTHER ACCIDENTS NOT CLASSIFIABLE ELSEWHERE,1,783893,1,0,1,0,0,1,1,5,Not at intersection,2,999,Uknown,60-64,Serious injury,Bicyclists
T20230024953,10/25/2023,17:55:00,1,Collision with vehicle,3,Wednesday,143,ENTERING PARKING,1,783904,2,0,0,1,1,2,1,5,Not at intersection,3,40,Local Road,26-29,Other injury,Bicyclists
T20230024959,10/25/2023,15:30:00,1,Collision with vehicle,3,Wednesday,147,VEHICLE STRIKES ANOTHER VEH WHILE EMERGING FROM DRIVEWAY,1,787764,2,0,0,1,1,2,1,5,Not at intersection,3,60,Local Road,70+,Other injury,Bicyclists
T20230024988,10/26/2023,7:36:00,1,Collision with vehicle,5,Thursday,110,CROSS TRAFFIC(INTERSECTIONS ONLY),1,50007,2,0,1,0,1,2,1,1,Cross intersection,2,40,Local Road,65-69,Serious injury,Bicyclists
T20230025008,10/26/2023,9:30:00,8,No collision and no object struck,4,Thursday,184,OUT OF CONTROL ON CARRIAGEWAY (ON BEND),1,789334,1,0,1,0,0,1,1,5,Not at intersection,2,60,Local Road,60-64,Serious injury,Bicyclists
T20230025018,10/9/2023,17:00:00,6,Vehicle overturned (no collision),1,Monday,174,OUT OF CONTROL ON CARRIAGEWAY (ON STRAIGHT),1,784041,1,0,0,1,0,1,2,5,Not at intersection,3,999,Arterial Other,70+,Other injury,Bicyclists
T20230025023,10/26/2023,13:25:00,1,Collision with vehicle,5,Thursday,163,VEHICLE STRIKES DOOR OF PARKED/STATIONARY VEHICLE,1,792214,2,0,1,0,1,2,1,5,Not at intersection,2,40,Arterial Other,26-29,Serious injury,Bicyclists
T20230025053,10/26/2023,20:40:00,8,No collision and no object struck,4,Thursday,174,OUT OF CONTROL ON CARRIAGEWAY (ON STRAIGHT),3,36129,1,0,1,0,0,1,1,1,Cross intersection,2,60,Arterial Other,50-59,Serious injury,Bicyclists
T20230025066,10/27/2023,5:45:00,4,Collision with a fixed object,5,Friday,164,PERMANENT OBSTRUCTION ON CARRIAGEWAY,2,260062,1,0,0,1,0,1,1,1,Cross intersection,3,50,Arterial Other,40-49,Other injury,Bicyclists
T20230025076,10/15/2023,16:00:00,1,Collision with vehicle,0,Sunday,130,REAR END(VEHICLES IN SAME LANE),1,54854,2,0,0,1,1,2,1,1,Cross intersection,3,60,Local Road,40-49,Other injury,Bicyclists
T20230025106,10/27/2023,8:35:00,1,Collision with vehicle,6,Friday,121,RIGHT THROUGH,1,40785,2,0,1,0,1,2,2,2,T intersection,2,40,Arterial Other,30-39,Serious injury,Bicyclists
T20230025134,10/27/2023,16:23:00,1,Collision with vehicle,5,Friday,148,VEHICLE OFF FOOTPATH STRIKES VEH ON CARRIAGEWAY,1,784697,2,0,0,1,2,3,1,5,Not at intersection,3,50,Arterial Other,13-15,Other injury,Bicyclists
T20230025138,10/27/2023,17:48:00,1,Collision with vehicle,6,Friday,163,VEHICLE STRIKES DOOR OF PARKED/STATIONARY VEHICLE,1,788343,3,0,1,0,2,3,1,5,Not at intersection,2,40,Local Road,30-39,Serious injury,Bicyclists
T20230025154,10/27/2023,17:55:00,1,Collision with vehicle,5,Friday,148,VEHICLE OFF FOOTPATH STRIKES VEH ON CARRIAGEWAY,1,243335,2,0,0,1,1,2,2,5,Not at intersection,3,60,Arterial Other,22-25,Other injury,Bicyclists
T20230025197,10/28/2023,10:04:00,1,Collision with vehicle,7,Saturday,148,VEHICLE OFF FOOTPATH STRIKES VEH ON CARRIAGEWAY,1,784184,2,0,1,0,1,2,1,5,Not at intersection,2,40,Local Road,30-39,Serious injury,Bicyclists
T20230025205,10/22/2023,17:45:00,1,Collision with vehicle,0,Sunday,160,VEHICLE COLLIDES WITH VEHICLE PARKED ON LEFT OF ROAD,2,784185,2,0,0,1,0,1,2,5,Not at intersection,3,50,Local Road,45424,Other injury,Bicyclists
T20230025219,10/27/2023,17:50:00,1,Collision with vehicle,6,Friday,163,VEHICLE STRIKES DOOR OF PARKED/STATIONARY VEHICLE,1,805452,3,0,0,1,2,3,2,1,Cross intersection,3,40,Local Road,30-39,Other injury,Bicyclists
T20230025220,10/28/2023,11:00:00,1,Collision with vehicle,6,Saturday,137,LEFT TURN SIDESWIPE,1,35947,2,0,0,1,1,2,1,2,T intersection,3,40,Arterial Other,30-39,Other injury,Bicyclists
T20230025238,10/28/2023,15:50:00,1,Collision with vehicle,7,Saturday,113,RIGHT NEAR (INTERSECTIONS ONLY),1,48589,2,0,0,1,1,2,1,2,T intersection,3,60,Local Road,26-29,Other injury,Bicyclists
T20230025285,10/29/2023,10:00:00,1,Collision with vehicle,1,Sunday,137,LEFT TURN SIDESWIPE,1,784931,2,0,1,0,1,2,1,5,Not at intersection,2,50,Local Road,50-59,Serious injury,Bicyclists
T20230025296,10/29/2023,15:25:00,1,Collision with vehicle,0,Sunday,148,VEHICLE OFF FOOTPATH STRIKES VEH ON CARRIAGEWAY,1,792726,2,0,0,1,2,3,1,5,Not at intersection,3,999,Local Road,45424,Other injury,Bicyclists
T20230025338,10/12/2023,15:15:00,1,Collision with vehicle,5,Thursday,137,LEFT TURN SIDESWIPE,1,785004,2,0,0,1,1,2,2,2,T intersection,3,40,Local Road,50-59,Other injury,Bicyclists
T20230025354,10/28/2023,7:40:00,1,Collision with vehicle,6,Saturday,113,RIGHT NEAR (INTERSECTIONS ONLY),2,239301,2,0,0,1,1,2,1,2,T intersection,3,60,Local Road,40-49,Other injury,Bicyclists
T20230025379,10/30/2023,17:39:00,1,Collision with vehicle,2,Monday,130,REAR END(VEHICLES IN SAME LANE),1,784490,2,0,0,1,1,2,1,5,Not at intersection,3,40,Local Road,30-39,Other injury,Bicyclists
T20230025384,10/6/2023,23:00:00,1,Collision with vehicle,6,Friday,160,VEHICLE COLLIDES WITH VEHICLE PARKED ON LEFT OF ROAD,6,795566,2,0,0,1,2,3,2,5,Not at intersection,3,60,Local Road,30-39,Other injury,Bicyclists
T20230025393,10/25/2023,17:15:00,1,Collision with vehicle,3,Wednesday,113,RIGHT NEAR (INTERSECTIONS ONLY),2,794022,2,0,0,1,2,3,2,2,T intersection,3,50,Local Road,45424,Other injury,Bicyclists
T20230025451,9/26/2023,8:55:00,1,Collision with vehicle,2,Tuesday,111,RIGHT FAR (INTERSECTIONS ONLY),1,44481,3,0,0,1,3,4,1,1,Cross intersection,3,60,Local Road,65-69,Other injury,Bicyclists
T20230025467,9/16/2023,17:45:00,8,No collision and no object struck,7,Saturday,170,OFF CARRIAGEWAY TO LEFT,9,784942,2,0,0,1,1,2,2,2,T intersection,3,60,Local Road,70+,Other injury,Bicyclists
T20230025481,10/31/2023,16:52:00,1,Collision with vehicle,3,Tuesday,113,RIGHT NEAR (INTERSECTIONS ONLY),1,785484,2,0,1,0,1,2,1,2,T intersection,2,60,Local Road,16-17,Serious injury,Bicyclists
T20230025514,10/26/2023,8:40:00,1,Collision with vehicle,4,Thursday,121,RIGHT THROUGH,1,784946,2,0,0,1,1,2,1,5,Not at intersection,3,60,Arterial Other,22-25,Other injury,Bicyclists
T20230025516,11/1/2023,9:15:00,1,Collision with vehicle,4,Wednesday,137,LEFT TURN SIDESWIPE,1,169,2,0,0,1,1,2,2,1,Cross intersection,3,70,Arterial Highway,30-39,Other injury,Not Known
T20230025522,10/28/2023,12:45:00,1,Collision with vehicle,7,Saturday,163,VEHICLE STRIKES DOOR OF PARKED/STATIONARY VEHICLE,1,796918,2,0,0,1,1,2,2,5,Not at intersection,3,50,Arterial Other,22-25,Other injury,Bicyclists
T20230025532,11/1/2023,10:37:00,1,Collision with vehicle,4,Wednesday,147,VEHICLE STRIKES ANOTHER VEH WHILE EMERGING FROM DRIVEWAY,1,785283,2,0,0,1,1,2,1,5,Not at intersection,3,50,Local Road,50-59,Other injury,Bicyclists
T20230025540,11/1/2023,7:44:00,1,Collision with vehicle,3,Wednesday,121,RIGHT THROUGH,1,792118,2,0,0,1,1,2,1,2,T intersection,3,40,Local Road,16-17,Other injury,Bicyclists
T20230025555,10/24/2023,18:40:00,1,Collision with vehicle,2,Tuesday,110,CROSS TRAFFIC(INTERSECTIONS ONLY),2,36395,2,0,0,1,1,2,2,1,Cross intersection,3,999,Local Road,26-29,Other injury,Bicyclists
T20230025585,11/1/2023,17:46:00,1,Collision with vehicle,3,Wednesday,121,RIGHT THROUGH,1,36628,2,0,0,1,1,2,1,2,T intersection,3,40,Local Road,22-25,Other injury,Bicyclists
T20230025612,10/19/2023,16:15:00,1,Collision with vehicle,4,Thursday,137,LEFT TURN SIDESWIPE,9,792235,2,0,0,1,1,2,2,2,T intersection,3,40,Arterial Other,40-49,Other injury,Bicyclists
T20230025640,10/29/2023,12:30:00,1,Collision with vehicle,0,Sunday,133,LANE SIDE SWIPE (VEHICLES IN PARALLEL LANES),1,796227,2,0,1,0,1,2,2,5,Not at intersection,2,80,Arterial Highway,60-64,Serious injury,Bicyclists
T20230025642,4/23/2023,17:33:00,1,Collision with vehicle,1,Sunday,148,VEHICLE OFF FOOTPATH STRIKES VEH ON CARRIAGEWAY,1,798590,2,0,0,1,1,2,1,5,Not at intersection,3,30,Local Road,40-49,Other injury,Bicyclists
T20230025670,11/2/2023,15:45:00,1,Collision with vehicle,4,Thursday,147,VEHICLE STRIKES ANOTHER VEH WHILE EMERGING FROM DRIVEWAY,1,785489,2,0,0,1,1,2,1,5,Not at intersection,3,50,Local Road,13-15,Other injury,Bicyclists
T20230025701,10/31/2023,19:00:00,1,Collision with vehicle,2,Tuesday,163,VEHICLE STRIKES DOOR OF PARKED/STATIONARY VEHICLE,1,796096,2,0,0,1,1,2,2,5,Not at intersection,3,999,Local Road,50-59,Other injury,Bicyclists
T20230025746,11/3/2023,12:54:00,1,Collision with vehicle,6,Friday,163,VEHICLE STRIKES DOOR OF PARKED/STATIONARY VEHICLE,1,785290,2,0,1,0,1,2,1,5,Not at intersection,2,40,Local Road,30-39,Serious injury,Bicyclists
T20230025763,11/4/2023,0:00:00,1,Collision with vehicle,6,Saturday,148,VEHICLE OFF FOOTPATH STRIKES VEH ON CARRIAGEWAY,3,243335,2,0,0,1,1,2,1,1,Cross intersection,3,60,Arterial Other,16-17,Other injury,Bicyclists
T20230025809,11/2/2023,8:19:00,1,Collision with vehicle,5,Thursday,163,VEHICLE STRIKES DOOR OF PARKED/STATIONARY VEHICLE,1,788946,2,0,1,0,2,3,2,1,Cross intersection,2,40,Local Road,50-59,Serious injury,Bicyclists
T20230025821,11/4/2023,16:57:00,1,Collision with vehicle,7,Saturday,137,LEFT TURN SIDESWIPE,1,290258,2,0,1,0,1,2,1,1,Cross intersection,2,60,Arterial Other,30-39,Serious injury,Bicyclists
T20230025895,11/5/2023,13:10:00,7,Fall from or in moving vehicle,0,Sunday,184,OUT OF CONTROL ON CARRIAGEWAY (ON BEND),1,797509,1,0,0,1,0,1,1,2,T intersection,3,50,Arterial Other,50-59,Other injury,Bicyclists
T20230025902,5/14/2023,14:45:00,1,Collision with vehicle,0,Sunday,137,LEFT TURN SIDESWIPE,1,35492,2,0,0,1,1,2,2,2,T intersection,3,50,Local Road,30-39,Other injury,Bicyclists
T20230025939,11/5/2023,19:20:00,1,Collision with vehicle,0,Sunday,142,LEAVING PARKING,3,793124,2,0,0,1,1,2,2,5,Not at intersection,3,999,Arterial Other,22-25,Not injured,Drivers
T20230025950,11/6/2023,8:32:00,1,Collision with vehicle,1,Monday,133,LANE SIDE SWIPE (VEHICLES IN PARALLEL LANES),1,29418,2,0,1,0,1,2,1,1,Cross intersection,2,40,Local Road,26-29,Serious injury,Bicyclists
T20230025955,10/24/2023,15:30:00,1,Collision with vehicle,3,Tuesday,110,CROSS TRAFFIC(INTERSECTIONS ONLY),1,43858,2,0,1,0,1,2,2,1,Cross intersection,2,999,Arterial Highway,30-39,Serious injury,Bicyclists
T20230025982,10/27/2023,19:40:00,1,Collision with vehicle,5,Friday,163,VEHICLE STRIKES DOOR OF PARKED/STATIONARY VEHICLE,2,706652,2,0,0,1,2,3,1,5,Not at intersection,3,40,Local Road,40-49,Other injury,Bicyclists
T20230026031,10/25/2023,18:00:00,6,Vehicle overturned (no collision),3,Wednesday,142,LEAVING PARKING,3,679,2,0,0,1,1,2,2,5,Not at intersection,3,999,Local Road,30-39,Other injury,Bicyclists
T20230026098,11/7/2023,19:17:00,1,Collision with vehicle,2,Tuesday,135,LANE CHANGE LEFT (NOT OVERTAKING),2,803821,2,0,1,0,1,2,1,5,Not at intersection,2,80,Arterial Highway,50-59,Serious injury,Bicyclists
T20230026118,11/8/2023,7:25:00,1,Collision with vehicle,3,Wednesday,110,CROSS TRAFFIC(INTERSECTIONS ONLY),1,803818,2,0,1,0,1,2,1,1,Cross intersection,2,60,Arterial Other,26-29,Serious injury,Bicyclists
T20230026136,11/8/2023,8:05:00,1,Collision with vehicle,3,Wednesday,121,RIGHT THROUGH,1,47097,2,0,0,1,1,2,1,2,T intersection,3,50,Local Road,30-39,Other injury,Bicyclists
T20230026186,11/2/2023,17:00:00,1,Collision with vehicle,4,Thursday,110,CROSS TRAFFIC(INTERSECTIONS ONLY),2,43071,2,0,0,1,1,2,2,1,Cross intersection,3,60,Local Road,50-59,Other injury,Bicyclists
T20230026205,11/8/2023,23:36:00,1,Collision with vehicle,4,Wednesday,121,RIGHT THROUGH,3,29840,2,0,1,0,1,2,1,1,Cross intersection,2,40,Arterial Other,30-39,Serious injury,Bicyclists
T20230026223,10/1/2023,9:29:00,8,No collision and no object struck,0,Sunday,174,OUT OF CONTROL ON CARRIAGEWAY (ON STRAIGHT),1,786226,1,0,1,0,0,1,1,5,Not at intersection,2,60,Local Road,60-64,Serious injury,Bicyclists
T20230026227,11/9/2023,8:53:00,1,Collision with vehicle,4,Thursday,147,VEHICLE STRIKES ANOTHER VEH WHILE EMERGING FROM DRIVEWAY,1,787054,2,0,0,1,1,2,1,5,Not at intersection,3,999,Uknown,0-4,Other injury,Bicyclists
T20230026246,10/19/2023,14:00:00,1,Collision with vehicle,4,Thursday,160,VEHICLE COLLIDES WITH VEHICLE PARKED ON LEFT OF ROAD,1,805535,2,0,1,0,0,1,2,2,T intersection,2,60,Arterial Other,60-64,Serious injury,Bicyclists
T20230026253,11/9/2023,9:00:00,1,Collision with vehicle,4,Thursday,116,LEFT NEAR (INTERSECTIONS ONLY),1,66797,2,0,0,1,1,2,2,2,T intersection,3,40,Arterial Other,26-29,Other injury,Bicyclists