ACCIDENT_NO,ACCIDENT_DATE,ACCIDENT_TIME,ACCIDENT_TYPE,ACCIDENT_TYPE_DESC,DAY_OF_WEEK,DAY_WEEK_DESC,DCA_CODE,DCA_DESC,LIGHT_CONDITION,NODE_ID,NO_OF_VEHICLES,NO_PERSONS_KILLED,NO_PERSONS_INJ_2,NO_PERSONS_INJ_3,NO_PERSONS_NOT_INJ,NO_PERSONS,POLICE_ATTEND,ROAD_GEOMETRY,ROAD_GEOMETRY_DESC,SEVERITY,SPEED_ZONE,RMA,AGE_GROUP,INJ_LEVEL,ROAD_USER_TYPE_DESC
T20230026276,11/9/2023,15:40:00,1,Collision with vehicle,4,Thursday,147,VEHICLE STRIKES ANOTHER VEH WHILE EMERGING FROM DRIVEWAY,1,793249,2,0,0,1,1,2,1,5,Not at intersection,3,888,Arterial Other,45424,Other injury,Bicyclists
T20230026354,11/8/2023,15:40:00,1,Collision with vehicle,3,Wednesday,148,VEHICLE OFF FOOTPATH STRIKES VEH ON CARRIAGEWAY,1,786506,2,0,0,1,1,2,2,5,Not at intersection,3,777,Uknown,22-25,Other injury,Bicyclists
T20230026368,11/10/2023,16:00:00,1,Collision with vehicle,5,Friday,110,CROSS TRAFFIC(INTERSECTIONS ONLY),1,64994,2,0,0,1,1,2,2,1,Cross intersection,3,50,Local Road,40-49,Other injury,Bicyclists
T20230026372,10/29/2023,8:30:00,1,Collision with vehicle,1,Sunday,113,RIGHT NEAR (INTERSECTIONS ONLY),1,332697,2,0,1,0,1,2,2,1,Cross intersection,2,80,Arterial Highway,26-29,Serious injury,Bicyclists
T20230026397,11/5/2023,9:30:00,1,Collision with vehicle,0,Sunday,140,U TURN,1,795601,2,0,0,1,1,2,2,5,Not at intersection,3,50,Local Road,50-59,Other injury,Bicyclists
T20230026423,11/6/2023,9:30:00,1,Collision with vehicle,2,Monday,110,CROSS TRAFFIC(INTERSECTIONS ONLY),1,352711,2,0,0,1,1,2,2,1,Cross intersection,3,50,Local Road,50-59,Other injury,Bicyclists
T20230026427,11/11/2023,6:05:00,1,Collision with vehicle,6,Saturday,110,CROSS TRAFFIC(INTERSECTIONS ONLY),1,22517,3,0,1,1,1,3,1,1,Cross intersection,2,60,Uknown,40-49,Serious injury,Bicyclists
T20230026434,11/3/2023,9:00:00,1,Collision with vehicle,6,Friday,133,LANE SIDE SWIPE (VEHICLES IN PARALLEL LANES),1,803831,2,0,1,0,1,2,2,5,Not at intersection,2,60,Arterial Highway,60-64,Serious injury,Bicyclists
T20230026471,11/10/2023,9:00:00,1,Collision with vehicle,5,Friday,137,LEFT TURN SIDESWIPE,1,786514,2,0,0,1,1,2,2,1,Cross intersection,3,60,Uknown,50-59,Other injury,Bicyclists
T20230026476,11/11/2023,16:26:00,1,Collision with vehicle,6,Saturday,137,LEFT TURN SIDESWIPE,1,7567,2,0,0,1,1,2,1,1,Cross intersection,3,60,Arterial Highway,18-21,Other injury,Bicyclists
T20230026482,11/11/2023,18:40:00,1,Collision with vehicle,6,Saturday,148,VEHICLE OFF FOOTPATH STRIKES VEH ON CARRIAGEWAY,1,786653,2,0,0,1,1,2,1,2,T intersection,3,50,Uknown,45424,Other injury,Bicyclists
T20230026484,11/11/2023,12:30:00,9,Other accident,6,Saturday,179,OTHER ACCIDENTS-OFF STRAIGHT NOT INCLUDED IN DCAs 170-175,1,44805,1,0,1,0,0,1,1,2,T intersection,2,50,Arterial Other,30-39,Serious injury,Bicyclists
T20230026542,11/11/2023,9:00:00,1,Collision with vehicle,6,Saturday,121,RIGHT THROUGH,1,65270,2,0,0,1,1,2,2,2,T intersection,3,60,Arterial Other,50-59,Other injury,Bicyclists
T20230026549,11/12/2023,15:30:00,1,Collision with vehicle,1,Sunday,136,RIGHT TURN SIDESWIPE,1,64728,2,0,0,1,1,2,1,2,T intersection,3,60,Local Road,40-49,Other injury,Bicyclists
T20230026590,11/13/2023,6:10:00,1,Collision with vehicle,1,Monday,110,CROSS TRAFFIC(INTERSECTIONS ONLY),2,1195,2,0,0,1,1,2,1,1,Cross intersection,3,60,Arterial Highway,50-59,Other injury,Bicyclists
T20230026645,11/12/2023,12:30:00,1,Collision with vehicle,0,Sunday,110,CROSS TRAFFIC(INTERSECTIONS ONLY),1,39241,2,0,0,1,1,2,2,1,Cross intersection,3,50,Local Road,70+,Other injury,Bicyclists
T20230026666,11/12/2023,12:05:00,1,Collision with vehicle,1,Sunday,147,VEHICLE STRIKES ANOTHER VEH WHILE EMERGING FROM DRIVEWAY,1,793301,2,0,1,0,1,2,2,5,Not at intersection,2,60,Local Road,45424,Serious injury,Bicyclists
T20230026675,11/13/2023,20:00:00,1,Collision with vehicle,2,Monday,163,VEHICLE STRIKES DOOR OF PARKED/STATIONARY VEHICLE,2,787298,2,0,0,1,1,2,1,5,Not at intersection,3,40,Uknown,22-25,Other injury,Bicyclists
T20230026705,11/14/2023,9:30:00,5,collision with some other object,3,Tuesday,166,STRUCK OBJECT ON CARRIAGEWAY,1,68224,1,0,1,0,0,1,2,2,T intersection,2,60,Arterial Other,65-69,Serious injury,Bicyclists
T20230026778,11/13/2023,17:00:00,1,Collision with vehicle,1,Monday,148,VEHICLE OFF FOOTPATH STRIKES VEH ON CARRIAGEWAY,1,36246,2,0,0,1,1,2,2,1,Cross intersection,3,40,Local Road,30-39,Other injury,Bicyclists
T20230026788,11/14/2023,19:02:00,1,Collision with vehicle,3,Tuesday,112,LEFT FAR (INTERSECTIONS ONLY),3,787301,2,0,0,1,1,2,1,2,T intersection,3,60,Uknown,40-49,Other injury,Bicyclists
T20230026838,11/7/2023,16:55:00,1,Collision with vehicle,2,Tuesday,110,CROSS TRAFFIC(INTERSECTIONS ONLY),1,40113,2,0,0,1,1,2,2,1,Cross intersection,3,50,Local Road,30-39,Other injury,Bicyclists
T20230026848,11/2/2023,12:20:00,1,Collision with vehicle,5,Thursday,163,VEHICLE STRIKES DOOR OF PARKED/STATIONARY VEHICLE,1,793009,2,0,0,1,1,2,2,5,Not at intersection,3,40,Local Road,50-59,Other injury,Bicyclists
T20230026871,11/15/2023,15:50:00,1,Collision with vehicle,3,Wednesday,148,VEHICLE OFF FOOTPATH STRIKES VEH ON CARRIAGEWAY,1,803948,2,0,1,0,1,2,1,5,Not at intersection,2,60,Arterial Other,30-39,Serious injury,Bicyclists
T20230026933,11/16/2023,13:13:00,1,Collision with vehicle,5,Thursday,148,VEHICLE OFF FOOTPATH STRIKES VEH ON CARRIAGEWAY,1,787811,2,0,1,0,2,3,1,2,T intersection,2,50,Local Road,16-17,Serious injury,Bicyclists
T20230026940,11/10/2023,23:30:00,1,Collision with vehicle,5,Friday,163,VEHICLE STRIKES DOOR OF PARKED/STATIONARY VEHICLE,3,789182,2,0,0,1,1,2,2,5,Not at intersection,3,40,Local Road,18-21,Other injury,Bicyclists
T20230026952,11/16/2023,15:10:00,6,Vehicle overturned (no collision),5,Thursday,174,OUT OF CONTROL ON CARRIAGEWAY (ON STRAIGHT),1,796547,1,0,1,0,1,2,1,5,Not at intersection,2,60,Local Road,40-49,Serious injury,Bicyclists
T20230026957,11/16/2023,16:01:00,1,Collision with vehicle,4,Thursday,163,VEHICLE STRIKES DOOR OF PARKED/STATIONARY VEHICLE,1,787845,2,0,1,0,1,2,1,5,Not at intersection,2,60,Arterial Other,50-59,Serious injury,Bicyclists
T20230026999,11/14/2023,7:30:00,7,Fall from or in moving vehicle,2,Tuesday,190,FELL IN/FROM VEHICLE,1,478,2,0,0,1,1,2,2,1,Cross intersection,3,60,Arterial Other,60-64,Other injury,Bicyclists
T20230027006,11/17/2023,8:50:00,1,Collision with vehicle,6,Friday,116,LEFT NEAR (INTERSECTIONS ONLY),1,787817,2,0,1,0,1,2,1,2,T intersection,2,60,Arterial Other,70+,Serious injury,Bicyclists
T20230027016,11/17/2023,10:23:00,6,Vehicle overturned (no collision),5,Friday,174,OUT OF CONTROL ON CARRIAGEWAY (ON STRAIGHT),1,787838,1,0,1,0,0,1,1,5,Not at intersection,2,40,Arterial Other,30-39,Serious injury,Bicyclists
T20230027020,10/27/2023,15:40:00,1,Collision with vehicle,5,Friday,110,CROSS TRAFFIC(INTERSECTIONS ONLY),1,39457,2,0,0,1,1,2,2,1,Cross intersection,3,60,Local Road,26-29,Other injury,Bicyclists
T20230027026,11/17/2023,12:11:00,1,Collision with vehicle,5,Friday,147,VEHICLE STRIKES ANOTHER VEH WHILE EMERGING FROM DRIVEWAY,1,795641,2,0,0,1,1,2,1,5,Not at intersection,3,70,Arterial Other,70+,Other injury,Bicyclists
T20230027034,11/17/2023,6:40:00,1,Collision with vehicle,5,Friday,130,REAR END(VEHICLES IN SAME LANE),2,787820,4,0,0,1,3,4,1,5,Not at intersection,3,60,Arterial Other,40-49,Other injury,Bicyclists
T20230027143,11/18/2023,15:00:00,1,Collision with vehicle,7,Saturday,160,VEHICLE COLLIDES WITH VEHICLE PARKED ON LEFT OF ROAD,1,787827,2,0,0,1,1,2,1,5,Not at intersection,3,60,Arterial Other,30-39,Other injury,Bicyclists
T20230027154,11/18/2023,18:45:00,1,Collision with vehicle,7,Saturday,137,LEFT TURN SIDESWIPE,1,36902,2,0,0,1,1,2,1,1,Cross intersection,3,40,Local Road,22-25,Other injury,Bicyclists
T20230027157,11/18/2023,19:50:00,1,Collision with vehicle,7,Saturday,110,CROSS TRAFFIC(INTERSECTIONS ONLY),2,41152,2,0,1,0,1,2,1,1,Cross intersection,2,50,Local Road,30-39,Serious injury,Bicyclists
T20230027188,11/19/2023,10:10:00,1,Collision with vehicle,1,Sunday,113,RIGHT NEAR (INTERSECTIONS ONLY),1,60685,2,0,0,1,1,2,1,1,Cross intersection,3,999,Arterial Highway,40-49,Other injury,Bicyclists
T20230027231,11/16/2023,13:00:00,1,Collision with vehicle,4,Thursday,163,VEHICLE STRIKES DOOR OF PARKED/STATIONARY VEHICLE,1,789822,2,0,0,1,1,2,2,2,T intersection,3,40,Local Road,18-21,Other injury,Bicyclists
T20230027233,11/19/2023,14:00:00,1,Collision with vehicle,0,Sunday,163,VEHICLE STRIKES DOOR OF PARKED/STATIONARY VEHICLE,1,797293,2,0,0,1,1,2,1,5,Not at intersection,3,40,Local Road,50-59,Not injured,Drivers
T20230027264,11/18/2023,10:30:00,1,Collision with vehicle,6,Saturday,147,VEHICLE STRIKES ANOTHER VEH WHILE EMERGING FROM DRIVEWAY,1,788168,2,0,0,1,1,2,2,5,Not at intersection,3,50,Local Road,50-59,Other injury,Bicyclists
T20230027308,11/20/2023,6:50:00,5,collision with some other object,1,Monday,166,STRUCK OBJECT ON CARRIAGEWAY,2,788173,1,0,0,1,0,1,2,1,Cross intersection,3,999,Local Road,30-39,Other injury,Bicyclists
T20230027315,11/20/2023,15:49:00,1,Collision with vehicle,2,Monday,121,RIGHT THROUGH,1,230261,2,0,0,1,1,2,1,1,Cross intersection,3,60,Arterial Other,45424,Other injury,Bicyclists
T20230027342,11/20/2023,13:15:00,1,Collision with vehicle,1,Monday,130,REAR END(VEHICLES IN SAME LANE),1,790087,2,0,0,1,1,2,1,1,Cross intersection,3,40,Local Road,50-59,Other injury,Bicyclists
T20230027369,11/21/2023,12:37:00,1,Collision with vehicle,3,Tuesday,119,OTHER ADJACENT (INTERSECTIONS ONLY),1,42123,2,0,1,0,1,2,1,2,T intersection,2,80,Arterial Highway,50-59,Serious injury,Bicyclists
T20230027428,11/10/2023,14:55:00,1,Collision with vehicle,5,Friday,116,LEFT NEAR (INTERSECTIONS ONLY),1,42143,2,0,0,1,1,2,2,1,Cross intersection,3,50,Local Road,50-59,Other injury,Bicyclists
T20230027469,11/22/2023,7:10:00,1,Collision with vehicle,3,Wednesday,163,VEHICLE STRIKES DOOR OF PARKED/STATIONARY VEHICLE,1,789827,2,0,0,1,1,2,2,5,Not at intersection,3,50,Local Road,50-59,Other injury,Bicyclists
T20230027497,11/22/2023,16:45:00,1,Collision with vehicle,3,Wednesday,148,VEHICLE OFF FOOTPATH STRIKES VEH ON CARRIAGEWAY,1,10728,2,0,0,1,1,2,1,2,T intersection,3,70,Freeway,13-15,Other injury,Bicyclists
T20230027510,11/5/2023,22:30:00,9,Other accident,1,Sunday,179,OTHER ACCIDENTS-OFF STRAIGHT NOT INCLUDED IN DCAs 170-175,3,803797,1,1,0,0,0,1,2,5,Not at intersection,1,999,Local Road,40-49,Fatality,Bicyclists
T20230027551,11/20/2023,10:00:00,1,Collision with vehicle,2,Monday,134,LANE CHANGE RIGHT (NOT OVERTAKING),1,788987,2,0,1,0,2,3,1,5,Not at intersection,2,60,Local Road,40-49,Serious injury,Bicyclists
T20230027572,11/23/2023,17:19:00,1,Collision with vehicle,5,Thursday,137,LEFT TURN SIDESWIPE,1,42266,2,0,1,0,1,2,1,2,T intersection,2,60,Arterial Other,50-59,Serious injury,Bicyclists
T20230027573,11/23/2023,15:34:00,1,Collision with vehicle,5,Thursday,133,LANE SIDE SWIPE (VEHICLES IN PARALLEL LANES),1,788818,2,0,0,1,2,3,1,1,Cross intersection,3,60,Arterial Other,18-21,Other injury,Bicyclists
T20230027583,11/23/2023,15:10:00,2,Struck Pedestrian,5,Thursday,102,FAR SIDE. PED HIT BY VEHICLE FROM THE LEFT,1,44442,1,0,0,1,1,2,1,1,Cross intersection,3,40,Local Road,22-25,Not injured,Bicyclists
T20230027656,11/14/2023,21:00:00,4,Collision with a fixed object,2,Tuesday,179,OTHER ACCIDENTS-OFF STRAIGHT NOT INCLUDED IN DCAs 170-175,3,36230,1,0,0,1,0,1,1,1,Cross intersection,3,60,Arterial Other,30-39,Other injury,Bicyclists
T20230027665,11/24/2023,16:00:00,1,Collision with vehicle,5,Friday,148,VEHICLE OFF FOOTPATH STRIKES VEH ON CARRIAGEWAY,1,788988,2,0,0,1,1,2,1,2,T intersection,3,50,Local Road,13-15,Other injury,Bicyclists
T20230027748,11/22/2023,18:00:00,4,Collision with a fixed object,4,Wednesday,171,LEFT OFF CARRIAGEWAY INTO OBJECT/PARKED VEHICLE,1,796179,1,0,0,1,0,1,2,5,Not at intersection,3,40,Arterial Other,26-29,Other injury,Bicyclists
T20230027759,11/25/2023,9:00:00,8,No collision and no object struck,7,Saturday,184,OUT OF CONTROL ON CARRIAGEWAY (ON BEND),1,788995,1,0,1,0,0,1,1,5,Not at intersection,2,50,Arterial Other,40-49,Serious injury,Bicyclists
T20230027772,11/25/2023,9:10:00,1,Collision with vehicle,7,Saturday,121,RIGHT THROUGH,1,789607,2,0,0,1,1,2,1,1,Cross intersection,3,50,Local Road,40-49,Other injury,Bicyclists
T20230027780,11/25/2023,8:16:00,1,Collision with vehicle,7,Saturday,142,LEAVING PARKING,1,788999,2,0,1,0,1,2,1,5,Not at intersection,2,40,Local Road,30-39,Serious injury,Bicyclists
T20230027787,11/25/2023,10:00:00,2,Struck Pedestrian,6,Saturday,101,PED EMERGES FROM IN FRONT OF PARKED OR STATIONARY VEHICLE,1,789000,1,0,0,1,1,2,1,5,Not at intersection,3,50,Arterial Other,13-15,Not injured,Bicyclists
T20230027793,11/25/2023,14:34:00,1,Collision with vehicle,7,Saturday,137,LEFT TURN SIDESWIPE,1,274517,2,0,1,0,5,6,1,1,Cross intersection,2,60,Arterial Other,18-21,Serious injury,Bicyclists
T20230027797,11/23/2023,13:20:00,1,Collision with vehicle,4,Thursday,121,RIGHT THROUGH,1,207,2,0,0,1,1,2,2,1,Cross intersection,3,50,Arterial Other,50-59,Other injury,Bicyclists
T20230027862,11/26/2023,11:00:00,1,Collision with vehicle,0,Sunday,148,VEHICLE OFF FOOTPATH STRIKES VEH ON CARRIAGEWAY,9,47714,2,0,0,1,1,2,1,2,T intersection,3,80,Arterial Highway,22-25,Other injury,Bicyclists
T20230027908,11/26/2023,19:27:00,1,Collision with vehicle,0,Sunday,147,VEHICLE STRIKES ANOTHER VEH WHILE EMERGING FROM DRIVEWAY,2,794853,2,0,0,1,3,4,1,5,Not at intersection,3,888,Arterial Other,45424,Other injury,Bicyclists
T20230027968,11/22/2023,9:45:00,1,Collision with vehicle,3,Wednesday,148,VEHICLE OFF FOOTPATH STRIKES VEH ON CARRIAGEWAY,1,29485,2,0,0,2,0,2,2,4,Multiple intersection,3,70,Arterial Highway,65-69,Other injury,Bicyclists
T20230028001,11/27/2023,17:00:00,1,Collision with vehicle,2,Monday,163,VEHICLE STRIKES DOOR OF PARKED/STATIONARY VEHICLE,2,795572,2,0,0,1,1,2,2,5,Not at intersection,3,60,Arterial Other,26-29,Other injury,Bicyclists
T20230028026,11/16/2023,19:00:00,1,Collision with vehicle,4,Thursday,149,OTHER MANOEUVRING NOT INCLUDED IN DCAs 140-148,2,803964,2,0,1,0,1,2,1,5,Not at intersection,2,60,Local Road,30-39,Not injured,Drivers
T20230028056,11/28/2023,8:10:00,1,Collision with vehicle,2,Tuesday,148,VEHICLE OFF FOOTPATH STRIKES VEH ON CARRIAGEWAY,1,64910,2,0,0,1,2,3,2,2,T intersection,3,60,Local Road,45424,Other injury,Bicyclists
T20230028072,11/28/2023,13:00:00,1,Collision with vehicle,3,Tuesday,163,VEHICLE STRIKES DOOR OF PARKED/STATIONARY VEHICLE,1,344681,2,0,1,0,1,2,1,5,Not at intersection,2,40,Uknown,50-59,Serious injury,Bicyclists
T20230028076,11/28/2023,13:15:00,1,Collision with vehicle,3,Tuesday,137,LEFT TURN SIDESWIPE,1,37597,2,0,1,0,1,2,1,2,T intersection,2,60,Arterial Other,30-39,Serious injury,Bicyclists
T20230028079,11/8/2023,10:30:00,4,Collision with a fixed object,4,Wednesday,173,RIGHT OFF CARRIAGEWAY INTO OBJECT/PARKED VEHICLE,9,37280,2,0,0,1,1,2,2,2,T intersection,3,50,Local Road,22-25,Other injury,Bicyclists
T20230028089,10/16/2023,17:00:00,1,Collision with vehicle,2,Monday,147,VEHICLE STRIKES ANOTHER VEH WHILE EMERGING FROM DRIVEWAY,1,799258,2,0,0,1,1,2,2,2,T intersection,3,60,Arterial Other,30-39,Other injury,Bicyclists
T20230028091,11/28/2023,18:18:00,1,Collision with vehicle,3,Tuesday,160,VEHICLE COLLIDES WITH VEHICLE PARKED ON LEFT OF ROAD,1,791151,2,0,1,0,1,2,1,2,T intersection,2,60,Arterial Other,40-49,Serious injury,Bicyclists
T20230028118,10/20/2023,10:45:00,1,Collision with vehicle,5,Friday,121,RIGHT THROUGH,1,57499,2,0,0,1,1,2,1,1,Cross intersection,3,60,Local Road,22-25,Other injury,Bicyclists
T20230028121,6/2/2023,16:00:00,1,Collision with vehicle,5,Friday,129,OTHER OPPOSING MANOEUVRES NOT INCLUDED IN DCAs 120-125.,2,47032,2,0,0,1,1,2,2,3,Y intersection,3,50,Local Road,40-49,Other injury,Bicyclists
T20230028146,11/29/2023,10:55:00,1,Collision with vehicle,3,Wednesday,137,LEFT TURN SIDESWIPE,1,796177,2,0,1,0,1,2,1,5,Not at intersection,2,40,Arterial Other,26-29,Serious injury,Bicyclists
T20230028166,11/23/2023,7:15:00,1,Collision with vehicle,5,Thursday,137,LEFT TURN SIDESWIPE,1,35527,2,0,0,1,1,2,2,2,T intersection,3,60,Arterial Other,40-49,Other injury,Bicyclists
T20230028180,11/29/2023,15:33:00,1,Collision with vehicle,4,Wednesday,134,LANE CHANGE RIGHT (NOT OVERTAKING),1,789849,2,0,1,0,1,2,1,2,T intersection,2,60,Local Road,18-21,Serious injury,Bicyclists
T20230028237,11/30/2023,9:40:00,1,Collision with vehicle,5,Thursday,110,CROSS TRAFFIC(INTERSECTIONS ONLY),1,50032,2,0,0,1,4,5,1,1,Cross intersection,3,60,Local Road,40-49,Other injury,Bicyclists
T20230028246,11/30/2023,8:30:00,1,Collision with vehicle,4,Thursday,110,CROSS TRAFFIC(INTERSECTIONS ONLY),1,35946,2,0,0,1,3,4,1,1,Cross intersection,3,50,Local Road,40-49,Other injury,Bicyclists
T20230028260,11/30/2023,11:20:00,1,Collision with vehicle,5,Thursday,148,VEHICLE OFF FOOTPATH STRIKES VEH ON CARRIAGEWAY,1,790116,2,0,1,0,1,2,1,5,Not at intersection,2,50,Local Road,70+,Serious injury,Bicyclists
T20230028262,11/30/2023,10:40:00,1,Collision with vehicle,5,Thursday,121,RIGHT THROUGH,1,29704,2,0,1,0,1,2,1,2,T intersection,2,60,Local Road,65-69,Serious injury,Bicyclists
T20230028287,11/30/2023,17:15:00,1,Collision with vehicle,5,Thursday,111,RIGHT FAR (INTERSECTIONS ONLY),1,790117,2,0,1,0,1,2,1,2,T intersection,2,60,Arterial Other,30-39,Serious injury,Bicyclists
T20230028302,11/30/2023,19:38:00,1,Collision with vehicle,4,Thursday,142,LEAVING PARKING,2,790119,2,0,0,1,1,2,1,5,Not at intersection,3,50,Local Road,18-21,Other injury,Bicyclists
T20230028327,11/27/2023,12:00:00,1,Collision with vehicle,1,Monday,147,VEHICLE STRIKES ANOTHER VEH WHILE EMERGING FROM DRIVEWAY,9,790740,2,0,0,1,1,2,2,5,Not at intersection,3,60,Arterial Other,18-21,Other injury,Bicyclists
T20230028336,11/30/2023,18:34:00,6,Vehicle overturned (no collision),5,Thursday,174,OUT OF CONTROL ON CARRIAGEWAY (ON STRAIGHT),2,795137,1,0,0,1,0,1,1,5,Not at intersection,3,70,Local Road,50-59,Other injury,Bicyclists
T20230028349,11/24/2023,1:00:00,1,Collision with vehicle,5,Friday,130,REAR END(VEHICLES IN SAME LANE),3,794458,2,0,0,1,1,2,2,5,Not at intersection,3,50,Local Road,30-39,Other injury,Bicyclists
T20230028350,11/30/2023,7:30:00,1,Collision with vehicle,5,Thursday,140,U TURN,1,805447,2,0,0,1,1,2,2,5,Not at intersection,3,50,Local Road,70+,Other injury,Bicyclists
T20230028438,11/25/2023,7:15:00,5,collision with some other object,6,Saturday,166,STRUCK OBJECT ON CARRIAGEWAY,1,803806,1,0,1,0,0,1,2,1,Cross intersection,2,60,Arterial Other,40-49,Serious injury,Bicyclists
T20230028904,11/20/2023,17:00:00,1,Collision with vehicle,1,Monday,147,VEHICLE STRIKES ANOTHER VEH WHILE EMERGING FROM DRIVEWAY,1,799611,2,0,0,1,0,1,2,2,T intersection,3,40,Local Road,26-29,Other injury,Bicyclists
T20230028945,11/25/2023,10:50:00,1,Collision with vehicle,7,Saturday,163,VEHICLE STRIKES DOOR OF PARKED/STATIONARY VEHICLE,1,65772,2,0,0,1,1,2,1,1,Cross intersection,3,60,Local Road,30-39,Other injury,Bicyclists
T20230029150,11/21/2023,17:00:00,1,Collision with vehicle,3,Tuesday,130,REAR END(VEHICLES IN SAME LANE),1,43103,2,0,0,1,1,2,2,2,T intersection,3,60,Local Road,40-49,Other injury,Bicyclists
T20230029185,11/30/2023,13:37:00,1,Collision with vehicle,4,Thursday,163,VEHICLE STRIKES DOOR OF PARKED/STATIONARY VEHICLE,1,791630,2,0,0,1,1,2,1,5,Not at intersection,3,40,Local Road,18-21,Other injury,Bicyclists
T20230029200,11/16/2023,18:40:00,6,Vehicle overturned (no collision),4,Thursday,174,OUT OF CONTROL ON CARRIAGEWAY (ON STRAIGHT),2,791632,1,0,0,1,0,1,2,5,Not at intersection,3,50,Local Road,30-39,Other injury,Bicyclists
T20230029360,10/18/2023,21:00:00,1,Collision with vehicle,4,Wednesday,116,LEFT NEAR (INTERSECTIONS ONLY),6,41413,2,0,1,0,1,2,2,1,Cross intersection,2,60,Local Road,40-49,Serious injury,Bicyclists
T20230029580,11/8/2023,12:30:00,1,Collision with vehicle,3,Wednesday,163,VEHICLE STRIKES DOOR OF PARKED/STATIONARY VEHICLE,1,797288,2,0,0,1,1,2,2,5,Not at intersection,3,999,Arterial Other,40-49,Other injury,Bicyclists
T20230029608,6/30/2023,15:15:00,1,Collision with vehicle,5,Friday,113,RIGHT NEAR (INTERSECTIONS ONLY),1,72036,2,0,1,0,1,2,1,1,Cross intersection,2,999,Local Road,65-69,Serious injury,Bicyclists
T20230029618,11/27/2023,6:33:00,1,Collision with vehicle,2,Monday,116,LEFT NEAR (INTERSECTIONS ONLY),2,37742,2,0,0,1,1,2,2,2,T intersection,3,40,Arterial Other,0-4,Other injury,Bicyclists
T20230030230,10/30/2023,9:47:00,1,Collision with vehicle,1,Monday,111,RIGHT FAR (INTERSECTIONS ONLY),1,72362,2,0,0,1,1,2,1,2,T intersection,3,60,Local Road,70+,Other injury,Bicyclists
T20230030325,11/26/2023,13:30:00,1,Collision with vehicle,0,Sunday,147,VEHICLE STRIKES ANOTHER VEH WHILE EMERGING FROM DRIVEWAY,1,805111,2,0,0,1,1,2,2,5,Not at intersection,3,70,Arterial Highway,13-15,Other injury,Bicyclists
T20230030617,11/9/2023,20:00:00,4,Collision with a fixed object,5,Thursday,173,RIGHT OFF CARRIAGEWAY INTO OBJECT/PARKED VEHICLE,1,794836,1,0,1,0,0,1,2,2,T intersection,2,50,Local Road,50-59,Serious injury,Bicyclists
T20240000535,5/4/2023,12:15:00,1,Collision with vehicle,4,Thursday,160,VEHICLE COLLIDES WITH VEHICLE PARKED ON LEFT OF ROAD,1,795679,2,0,0,1,0,1,2,5,Not at intersection,3,50,Local Road,26-29,Other injury,Bicyclists
T20240001125,6/10/2022,16:15:00,1,Collision with vehicle,6,Friday,113,RIGHT NEAR (INTERSECTIONS ONLY),2,797673,2,0,1,0,1,2,1,2,T intersection,2,60,Local Road,40-49,Serious injury,Bicyclists
T20240001940,1/26/2023,11:00:00,1,Collision with vehicle,5,Thursday,130,REAR END(VEHICLES IN SAME LANE),1,795918,2,0,1,0,1,2,2,2,T intersection,2,40,Arterial Other,Unknown,Not injured,Bicyclists
T20240002967,11/8/2023,11:00:00,1,Collision with vehicle,3,Wednesday,160,VEHICLE COLLIDES WITH VEHICLE PARKED ON LEFT OF ROAD,1,797581,2,0,0,1,1,2,2,5,Not at intersection,3,40,Local Road,26-29,Other injury,Bicyclists
T20240003470,7/13/2022,9:00:00,1,Collision with vehicle,3,Wednesday,116,LEFT NEAR (INTERSECTIONS ONLY),1,798344,2,0,0,1,2,3,2,2,T intersection,3,60,Local Road,26-29,Other injury,Bicyclists
T20240004968,11/21/2023,15:45:00,1,Collision with vehicle,2,Tuesday,133,LANE SIDE SWIPE (VEHICLES IN PARALLEL LANES),1,798813,2,0,1,0,1,2,2,5,Not at intersection,2,999,Local Road,30-39,Serious injury,Bicyclists
T20240006692,1/3/2023,11:00:00,1,Collision with vehicle,3,Tuesday,110,CROSS TRAFFIC(INTERSECTIONS ONLY),1,131,2,0,0,1,1,2,2,1,Cross intersection,3,999,Arterial Highway,22-25,Other injury,Bicyclists
T20240006955,2/25/2023,19:30:00,1,Collision with vehicle,6,Saturday,129,OTHER OPPOSING MANOEUVRES NOT INCLUDED IN DCAs 120-125.,2,800038,2,0,0,1,1,2,1,5,Not at intersection,3,50,Local Road,22-25,Other injury,Bicyclists
T20240007836,11/2/2023,7:15:00,1,Collision with vehicle,5,Thursday,110,CROSS TRAFFIC(INTERSECTIONS ONLY),2,252686,2,0,1,0,1,2,1,1,Cross intersection,2,50,Local Road,60-64,Serious injury,Bicyclists
T20240008656,10/31/2023,17:25:00,1,Collision with vehicle,3,Tuesday,163,VEHICLE STRIKES DOOR OF PARKED/STATIONARY VEHICLE,2,801382,2,0,0,1,1,2,2,5,Not at intersection,3,999,Local Road,26-29,Other injury,Bicyclists
T20240008892,11/2/2023,18:00:00,1,Collision with vehicle,4,Thursday,116,LEFT NEAR (INTERSECTIONS ONLY),1,5965,2,0,0,1,1,2,2,2,T intersection,3,50,Uknown,30-39,Other injury,Bicyclists
T20240011688,10/2/2023,8:40:00,1,Collision with vehicle,1,Monday,122,LEFT THROUGH,1,41140,2,0,0,1,1,2,2,1,Cross intersection,3,999,Local Road,13-15,Other injury,Bicyclists